,Steer_Angle,Acc_Body_X,Acc_Body_Y,Acc_Body_Z,Tire_Rate_FL,Tire_Rate_FR,Tire_Rate_RL,Tire_Rate_RR,Rate_Body_X,Rate_Body_Y,Rate_Body_Z,Engine_Torque,Gear_Transmission,Break_Pressure,RCS1,RCS2,Rain,Temp,INS_Vel_Hor_X_POI1,INS_Vel_Hor_Y_POI1,INS_Vel_Hor_Z_POI1,GNSS_Lat_Abs,GNSS_Long_Abs,GNSS_Height,INS_Height_POI1,INS_Lat_Abs_POI1,INS_Long_Abs_POI1,INS_Roll,INS_Pitch,INS_Yaw,GNSS_Vel_Frame_X,GNSS_Vel_Frame_Y,GNSS_Vel_Frame_Z,INS_Vel_Body_X,INS_Vel_Body_Y,INS_Vel_Body_Z
0 days 00:00:00,0.0007075659129706742,-0.8083440000000001,-0.125568,8.519004,77.02850877192982,77.02850877192982,77.02850877192982,77.02850877192982,-0.0013962634015954637,-0.0027925268031909274,0.00034906585039886593,66.0,2.39,0.0,1,1,0.0,4,0.05,23.545,0.09,52.6493392,9.7465231,31.85,32.04,52.6493275,9.746511199999999,-0.00890117918517108,-0.021642082724729686,4.24132461527142,-10.67,-21.045,-0.01,23.541433,0.04626363,0.4199726
0 days 00:00:00.010000,0.0007075659129706742,0.580752,0.0981,9.068364,77.17894201968333,77.17894201968333,77.17894201968333,77.17894201968333,-0.0019198621771937623,0.016929693744344998,0.0,66.0,2.39,0.0,1,1,0.0,4,0.05,23.54,0.105,52.6493392,9.7465231,31.85,32.04,52.6493256,9.7465096,-0.00890117918517108,-0.021467549799530253,4.24132461527142,-10.67,-21.045,-0.01,23.53683,0.046434645,0.4007607
0 days 00:00:00.020000,0.000825493565132453,-0.506196,-0.07063200000000001,9.65304,77.32937526743689,77.32937526743689,77.32937526743689,77.32937526743689,-0.0017453292519943296,0.011693705988362009,0.0005235987755982988,66.0,2.39,0.0,1,1,0.0,4,0.05,23.56,0.11,52.649329599999994,9.7465151,31.87,32.03,52.6493237,9.7465081,-0.00890117918517108,-0.02181661564992912,4.24132461527142,-10.69,-21.075,-0.04,23.556791,0.046402123,0.4044139
0 days 00:00:00.030000,0.0009434212172942321,-0.8240400000000001,-0.08632800000000002,8.793684,77.40960633290543,77.40960633290543,77.40960633290543,77.40960633290543,-0.0022689280275926286,-0.024609142453120045,0.0012217304763960308,66.0,2.39,0.0,1,1,0.0,4,0.05,23.555,0.11,52.649329599999994,9.7465151,31.87,32.03,52.649321799999996,9.746506499999999,-0.00890117918517108,-0.02199114857512855,4.24132461527142,-10.69,-21.075,-0.04,23.551723,0.046366505,0.40841523
0 days 00:00:00.040000,0.0010613488694560112,0.5415120000000001,0.129492,9.244944,77.54332477535301,77.54332477535301,77.54332477535301,77.54332477535301,-0.0010471975511965976,0.0013962634015954637,0.0012217304763960308,66.0,2.39,0.0,1,1,0.0,4,0.05,23.55,0.12,52.649329599999994,9.7465151,31.87,32.03,52.649319899999995,9.7465049,-0.009075712110370514,-0.021642082724729686,4.24132461527142,-10.69,-21.075,-0.04,23.547081,0.046461556,0.39009705
0 days 00:00:00.050000,0.0010613488694560112,-0.47480400000000006,-0.21582000000000004,9.65304,77.32937526743689,77.32937526743689,77.32937526743689,77.32937526743689,0.0024434609527920616,-0.0006981317007977319,0.0005235987755982988,66.0,2.39,0.0,1,1,0.0,4,0.05,23.56,0.13,52.649329599999994,9.7465151,31.87,32.02,52.649318,9.7465034,-0.009075712110370514,-0.02181661564992912,4.24132461527142,-10.69,-21.075,-0.04,23.557228,0.04651301,0.3844276
0 days 00:00:00.060000,0.0011792765216177901,-0.6003720000000001,0.015696,9.080136000000001,77.21571459135643,77.21571459135643,77.21571459135643,77.21571459135643,0.005759586531581288,-0.023038346126325153,0.0012217304763960308,66.0,2.39,0.0,1,1,0.0,4,0.05,23.555,0.13,52.649329599999994,9.7465151,31.87,32.02,52.6493161,9.746501799999999,-0.00890117918517108,-0.02181661564992912,4.24132461527142,-10.69,-21.075,-0.04,23.55223,0.046581075,0.3843104
0 days 00:00:00.070000,0.0012972041737795694,0.533664,0.07063200000000001,9.778608,77.1622272143774,77.1622272143774,77.1622272143774,77.1622272143774,0.007155849933176751,0.006283185307179587,0.0006981317007977319,66.0,2.39,0.0,1,1,0.0,4,0.055,23.555,0.14,52.6493202,9.7465073,31.87,32.01,52.6493142,9.7465003,-0.00890117918517108,-0.021467549799530253,4.24132461527142,-10.635,-21.03,-0.18,23.552578,0.05174304,0.3661366
0 days 00:00:00.080000,0.0014151318259413483,-0.812268,-0.15696000000000002,9.723672,77.14216944801026,77.14216944801026,77.14216944801026,77.14216944801026,0.01117010721276371,-0.011519173063162576,0.0015707963267948967,66.0,2.39,0.0,1,1,0.0,4,0.055,23.56,0.14,52.6493202,9.7465073,31.87,32.01,52.6493123,9.7464987,-0.00890117918517108,-0.021642082724729686,4.24149914819662,-10.635,-21.03,-0.18,23.55751,0.05170549,0.3703553
0 days 00:00:00.090000,0.0015330594781031272,-0.40809600000000007,0.04316400000000001,9.421524000000002,77.26251604621308,77.26251604621308,77.26251604621308,77.26251604621308,0.016057029118347832,-0.028274333882308142,0.0024434609527920616,66.0,2.39,0.0,1,1,0.0,4,0.055,23.555,0.14,52.6493202,9.7465073,31.87,32.01,52.6493104,9.7464971,-0.008726646259971648,-0.021467549799530253,4.24149914819662,-10.635,-21.03,-0.18,23.552578,0.051806945,0.36612758
0 days 00:00:00.100000,0.001650987130264906,0.3924,0.011772000000000001,10.108224,77.38286264441591,77.38286264441591,77.38286264441591,77.38286264441591,0.018675022996339326,-0.008203047484373348,0.0036651914291880917,66.0,2.39,0.0,1,1,0.0,4,0.055,23.55,0.145,52.6493202,9.7465073,31.87,32.01,52.6493085,9.7464956,-0.008552113334772215,-0.02111848394913139,4.24149914819662,-10.635,-21.03,-0.18,23.54781,0.05198481,0.3527931
0 days 00:00:00.110000,0.0017689147824266852,-0.6513840000000001,-0.17658000000000004,10.076832000000001,77.42297817715018,77.42297817715018,77.42297817715018,77.42297817715018,0.01815142422074103,-0.024434609527920613,0.004537856055185257,66.0,2.39,0.0,1,1,0.0,4,0.055,23.56,0.14,52.6493202,9.7465073,31.87,32.01,52.6493067,9.746494,-0.008377580409572781,-0.02111848394913139,4.24149914819662,-10.635,-21.03,-0.18,23.557703,0.05200274,0.35799393
0 days 00:00:00.120000,0.0017689147824266852,-0.349236,0.031392,9.656964,77.46309370988446,77.46309370988446,77.46309370988446,77.46309370988446,0.016406094968746697,-0.03577924966588375,0.005759586531581288,66.0,2.39,0.0,1,1,0.0,4,0.06,23.55,0.14,52.6493107,9.7464991,31.92,32.0,52.649304699999995,9.746492499999999,-0.008377580409572781,-0.02076941809873252,4.24149914819662,-10.59,-20.995,-0.29,23.547827,0.05707319,0.34960517
0 days 00:00:00.130000,0.0017689147824266852,0.145188,-0.019620000000000002,10.167084000000001,77.39623448866067,77.39623448866067,77.39623448866067,77.39623448866067,0.013962634015954637,-0.016231562043547268,0.005759586531581288,66.0,2.39,0.0,1,1,0.0,4,0.06,23.55,0.145,52.6493107,9.7464991,31.92,32.0,52.649302899999995,9.7464909,-0.00820304748437335,-0.020420352248333655,4.24149914819662,-10.59,-20.995,-0.29,23.54805,0.05724264,0.33637694
0 days 00:00:00.140000,0.0018868424345884643,-0.6827760000000002,0.023544000000000002,10.037592000000002,77.32937526743689,77.32937526743689,77.32937526743689,77.32937526743689,0.01658062789394613,-0.032114058236695664,0.006981317007977318,66.0,2.39,0.0,1,1,0.0,4,0.06,23.55,0.14,52.6493107,9.7464991,31.92,32.0,52.649300999999994,9.7464893,-0.008028514559173916,-0.020245819323134222,4.241673681121819,-10.59,-20.995,-0.29,23.548008,0.05729421,0.33725598
0 days 00:00:00.150000,0.0018868424345884643,-0.031392,-0.09417600000000001,9.73152,77.21571459135643,77.21571459135643,77.21571459135643,77.21571459135643,0.02181661564992912,-0.029321531433504733,0.008377580409572781,66.0,2.39,0.0,1,1,0.0,4,0.06,23.545,0.14,52.6493107,9.7464991,31.92,32.0,52.6492991,9.746487799999999,-0.007853981633974483,-0.019896753472735357,4.241673681121819,-10.59,-20.995,-0.29,23.543123,0.057418413,0.32892695
0 days 00:00:00.160000,0.0018868424345884643,0.13734000000000002,-0.145188,10.433916000000002,77.14885537013264,77.14885537013264,77.14885537013264,77.14885537013264,0.028623399732707003,-0.01117010721276371,0.008203047484373348,66.0,2.39,0.0,1,1,0.0,4,0.055,23.55,0.14,52.6493107,9.7464991,31.92,31.990000000000002,52.6492972,9.7464862,-0.00767944870877505,-0.019722220547535925,4.241848214047018,-10.59,-20.995,-0.29,23.548182,0.052506763,0.32486823
0 days 00:00:00.170000,0.0018868424345884643,-0.5846760000000001,-0.13734000000000002,10.755684,77.23242939666238,77.23242939666238,77.23242939666238,77.23242939666238,0.031241393610698498,-0.023736477827122886,0.00942477796076938,66.0,2.39,0.0,1,1,0.0,4,0.055,23.55,0.135,52.6493012,9.746490999999999,31.92,31.990000000000002,52.6492953,9.7464847,-0.007330382858376184,-0.019547687622336492,4.241848214047018,-10.625,-20.985,-0.23,23.548138,0.052613642,0.32573897
0 days 00:00:00.180000,0.0018868424345884643,-0.380628,-0.17265600000000003,10.520244,77.31600342319211,77.31600342319211,77.31600342319211,77.31600342319211,0.02809980095710871,-0.030717794835100197,0.01064650843716541,66.0,2.39,0.0,1,1,0.0,4,0.055,23.55,0.125,52.6493012,9.746490999999999,31.92,31.990000000000002,52.6492934,9.746483099999999,-0.006981317007977318,-0.01937315469713706,4.242022746972218,-10.625,-20.985,-0.23,23.548002,0.052686237,0.33160853
0 days 00:00:00.190000,0.0018868424345884643,0.047088000000000005,-0.10202400000000002,10.963656000000002,77.40960633290543,77.40960633290543,77.40960633290543,77.40960633290543,0.023387411976724018,-0.021118483949131385,0.010471975511965976,66.0,2.39,0.0,1,1,0.0,4,0.05,23.545,0.12,52.6493012,9.746490999999999,31.92,31.98,52.6492915,9.7464816,-0.006806784082777886,-0.019024088846738195,4.242022746972218,-10.625,-20.985,-0.23,23.543022,0.047766797,0.3282496
0 days 00:00:00.200000,0.0018868424345884643,-0.557208,0.1962,10.826316000000002,77.46309370988446,77.46309370988446,77.46309370988446,77.46309370988446,0.01884955592153876,-0.030717794835100197,0.012391837689159739,66.0,2.39,0.0,1,1,0.0,4,0.045,23.55,0.105,52.6493012,9.746490999999999,31.92,31.98,52.649289599999996,9.74648,-0.006457718232379019,-0.01884955592153876,4.242197279897417,-10.625,-20.985,-0.23,23.547796,0.042810563,0.33918294
0 days 00:00:00.210000,0.0018868424345884643,0.019620000000000002,-0.133416,10.441764000000001,77.33940415062045,77.33940415062045,77.33940415062045,77.33940415062045,0.015533430342749534,-0.030019663134302467,0.012391837689159739,66.0,2.39,0.0,1,1,0.0,4,0.045,23.545,0.095,52.6493012,9.746490999999999,31.92,31.98,52.649287699999995,9.746478399999999,-0.006283185307179586,-0.018500490071139894,4.242371812822617,-10.625,-20.985,-0.23,23.542728,0.042859167,0.34086144
0 days 00:00:00.220000,0.0018868424345884643,0.10987200000000001,0.13734000000000002,10.618344,77.21571459135643,77.21571459135643,77.21571459135643,77.21571459135643,0.010297442586766544,-0.011693705988362009,0.012217304763960306,66.0,2.39,0.0,1,1,0.0,4,0.04,23.54,0.095,52.6492918,9.746483099999999,31.91,31.970000000000002,52.649285799999994,9.7464769,-0.006108652381980154,-0.01815142422074103,4.242371812822617,-10.64,-20.945,-0.17,23.537848,0.0379695,0.3325149
0 days 00:00:00.230000,0.0018868424345884643,-0.7102440000000001,0.192276,10.626192000000001,77.16222721437741,77.16222721437741,77.16222721437741,77.16222721437741,0.006108652381980153,-0.02076941809873252,0.012391837689159739,66.0,2.39,0.0,1,1,0.0,4,0.04,23.545,0.085,52.6492918,9.746483099999999,31.91,31.970000000000002,52.6492839,9.7464753,-0.006108652381980154,-0.017976891295541596,4.242546345747817,-10.64,-20.945,-0.17,23.542723,0.037932973,0.33849487
0 days 00:00:00.240000,0.0017689147824266852,-0.3296160000000001,0.05886,10.492776000000001,77.10873983739837,77.10873983739837,77.10873983739837,77.10873983739837,0.005934119456780722,-0.027052603405912107,0.01308996938995747,66.0,2.39,0.0,1,1,0.0,4,0.04,23.54,0.075,52.6492918,9.746483099999999,31.91,31.970000000000002,52.649282,9.7464738,-0.005934119456780721,-0.01780235837034216,4.2427208786730155,-10.64,-20.945,-0.17,23.537607,0.03795763,0.34428856
0 days 00:00:00.250000,0.0017689147824266852,0.34531200000000006,0.16480800000000004,10.610496000000001,77.19231386392812,77.19231386392812,77.19231386392812,77.19231386392812,0.0024434609527920616,-0.009948376736367679,0.013264502315156903,66.0,2.39,0.0,1,1,0.0,4,0.035,23.54,0.07,52.6492918,9.746483099999999,31.91,31.970000000000002,52.6492801,9.7464722,-0.005934119456780721,-0.017627825445142728,4.2427208786730155,-10.64,-20.945,-0.17,23.537577,0.03295243,0.34515008
0 days 00:00:00.260000,0.0017689147824266852,-0.41594400000000004,0.12164400000000002,10.559484000000001,77.27588789045785,77.27588789045785,77.27588789045785,77.27588789045785,0.004363323129985824,-0.015533430342749534,0.015009831567151233,66.0,2.39,0.0,1,1,0.0,4,0.035,23.545,0.06,52.6492918,9.746483099999999,31.91,31.970000000000002,52.6492783,9.7464706,-0.005934119456780721,-0.017453292519943295,4.242895411598215,-10.64,-20.945,-0.17,23.542461,0.032916963,0.35112754
0 days 00:00:00.270000,0.0017689147824266852,-0.20404800000000003,0.08240400000000002,10.292652000000002,77.32937526743689,77.32937526743689,77.32937526743689,77.32937526743689,0.008552113334772213,-0.021118483949131385,0.015358897417550098,66.0,2.39,0.0,1,1,0.0,4,0.03,23.535,0.06,52.6492824,9.7464751,31.94,31.96,52.6492763,9.746469099999999,-0.005759586531581287,-0.017278759594743863,4.243069944523414,-10.620000000000001,-20.94,-0.165,23.532524,0.028002987,0.34681132
0 days 00:00:00.280000,0.0017689147824266852,0.10987200000000001,0.21582000000000004,10.520244,77.50320924261874,77.50320924261874,77.50320924261874,77.50320924261874,0.013264502315156903,0.00017453292519943296,0.015358897417550098,66.0,2.39,0.0,1,1,0.0,4,0.03,23.53,0.055,52.6492824,9.7464751,31.94,31.96,52.6492745,9.746467599999999,-0.005759586531581287,-0.01710422666954443,4.243244477448615,-10.620000000000001,-20.94,-0.165,23.5275,0.02799834,0.34761792
0 days 00:00:00.290000,0.0017689147824266852,-0.56898,-0.10202400000000002,10.504548,77.3260323063757,77.3260323063757,77.3260323063757,77.3260323063757,0.014137166941154071,-0.005585053606381855,0.013788101090755204,66.0,2.39,0.0,1,1,0.0,4,0.03,23.535,0.045,52.6492824,9.7464751,31.94,31.96,52.649272599999996,9.746466,-0.005585053606381855,-0.01710422666954443,4.243419010373813,-10.620000000000001,-20.94,-0.165,23.532328,0.028002689,0.35769692
0 days 00:00:00.300000,0.0017689147824266852,-0.180504,0.17658000000000004,10.225944,77.14885537013264,77.14885537013264,77.14885537013264,77.14885537013264,0.013788101090755204,-0.00890117918517108,0.012391837689159739,66.0,2.39,0.0,1,1,0.0,4,0.025,23.53,0.04,52.6492824,9.7464751,31.94,31.96,52.649270699999995,9.746464399999999,-0.0054105206811824215,-0.016929693744344994,4.243419010373813,-10.620000000000001,-20.94,-0.165,23.527306,0.023060825,0.35847244
0 days 00:00:00.310000,0.0017689147824266852,0.21974400000000002,0.302148,10.532016000000002,77.10539687633718,77.10539687633718,77.10539687633718,77.10539687633718,0.012391837689159739,0.010122909661567111,0.012042771838760874,66.0,2.39,0.0,1,1,0.0,4,0.025,23.53,0.035,52.6492824,9.7464751,31.94,31.96,52.649268799999994,9.7464629,-0.005235987755982988,-0.016929693744344994,4.2435935432990135,-10.620000000000001,-20.94,-0.165,23.527222,0.023097213,0.36346757
0 days 00:00:00.320000,0.0017689147824266852,-0.5846760000000001,0.16873200000000002,10.677204000000001,77.06193838254171,77.06193838254171,77.06193838254171,77.06193838254171,0.01884955592153876,0.0,0.012042771838760874,66.0,2.39,0.0,1,1,0.0,4,0.03,23.54,0.03,52.6492728,9.7464672,31.93,31.96,52.6492669,9.7464613,-0.005235987755982988,-0.01710422666954443,4.243768076224212,-10.620000000000001,-21.015,-0.065,23.537071,0.028048573,0.37277025
0 days 00:00:00.330000,0.0017689147824266852,-0.145188,0.15696000000000002,10.681128000000001,77.11208279845957,77.11208279845957,77.11208279845957,77.11208279845957,0.020943951023931952,-0.0006981317007977319,0.011693705988362009,66.0,2.39,0.0,1,1,0.0,4,0.025,23.535,0.02,52.6492728,9.7464672,31.93,31.95,52.649265,9.7464598,-0.005061454830783556,-0.01710422666954443,4.243768076224212,-10.620000000000001,-21.015,-0.065,23.531898,0.023063524,0.38265288
0 days 00:00:00.340000,0.0017689147824266852,-0.09417600000000001,0.09417600000000001,10.951884000000002,77.1622272143774,77.1622272143774,77.1622272143774,77.1622272143774,0.018500490071139894,0.011519173063162576,0.010995574287564275,66.0,2.39,0.0,1,1,0.0,4,0.025,23.535,0.01,52.6492728,9.7464672,31.93,31.95,52.6492631,9.7464582,-0.00471238898038469,-0.01710422666954443,4.2439426091494115,-10.620000000000001,-21.015,-0.065,23.531729,0.023149978,0.39264324
0 days 00:00:00.350000,0.0017689147824266852,-0.678852,0.16088400000000003,10.453536000000001,77.27588789045785,77.27588789045785,77.27588789045785,77.27588789045785,0.015358897417550098,-0.010471975511965976,0.010821041362364843,66.0,2.39,0.0,1,1,0.0,4,0.025,23.535,-0.0,52.6492728,9.7464672,31.93,31.95,52.6492612,9.7464566,-0.004537856055185257,-0.01710422666954443,4.244117142074611,-10.620000000000001,-21.015,-0.065,23.531557,0.023173133,0.40263763
0 days 00:00:00.360000,0.0017689147824266852,0.23936400000000002,0.28252800000000006,10.33974,77.46309370988446,77.46309370988446,77.46309370988446,77.46309370988446,0.01361356816555577,-0.00471238898038469,0.010471975511965976,66.0,2.39,0.0,1,1,0.0,4,0.025,23.53,-0.005,52.6492728,9.7464672,31.93,31.95,52.6492593,9.7464551,-0.004363323129985824,-0.01710422666954443,4.244117142074611,-10.620000000000001,-21.015,-0.065,23.526474,0.023221966,0.4075473
0 days 00:00:00.370000,0.0017689147824266852,-0.062784,0.047088000000000005,10.182780000000001,77.3895485665383,77.3895485665383,77.3895485665383,77.3895485665383,0.016755160819145562,0.0022689280275926286,0.01064650843716541,66.0,2.39,0.0,1,1,0.0,4,0.03,23.54,-0.01,52.649263299999994,9.7464596,31.88,31.95,52.649257399999996,9.746453599999999,-0.004363323129985824,-0.01710422666954443,4.244291674999811,-10.620000000000001,-21.045,-0.02,23.536386,0.028199358,0.41273937
0 days 00:00:00.380000,0.0017689147824266852,-0.47872800000000004,0.258984,9.861012,77.31600342319211,77.31600342319211,77.31600342319211,77.31600342319211,0.022514747350726852,-0.007504915783575617,0.01064650843716541,66.0,2.39,0.0,1,1,0.0,4,0.025,23.545,-0.015,52.649263299999994,9.7464596,31.88,31.95,52.649255499999995,9.746452,-0.0041887902047863905,-0.01710422666954443,4.244291674999811,-10.620000000000001,-21.045,-0.02,23.541298,0.02325014,0.41779825
0 days 00:00:00.390000,0.0017689147824266852,0.16088400000000003,0.231516,9.963036,77.08199614890886,77.08199614890886,77.08199614890886,77.08199614890886,0.024783675378319478,0.0041887902047863905,0.010821041362364843,66.0,2.39,0.0,1,1,0.0,4,0.025,23.54,-0.015,52.649263299999994,9.7464596,31.88,31.95,52.649253599999994,9.746450399999999,-0.003839724354387525,-0.01710422666954443,4.24446620792501,-10.620000000000001,-21.045,-0.02,23.5363,0.023396306,0.41770458
0 days 00:00:00.400000,0.0017689147824266852,-0.231516,0.302148,10.685052,77.02850877192982,77.02850877192982,77.02850877192982,77.02850877192982,0.02565634000431664,0.006632251157578452,0.01064650843716541,66.0,2.39,0.0,1,1,0.0,4,0.025,23.545,-0.015,52.649263299999994,9.7464596,31.88,31.95,52.6492517,9.746448899999999,-0.003665191429188092,-0.01710422666954443,4.24464074085021,-10.620000000000001,-21.045,-0.02,23.541298,0.023468895,0.417786
0 days 00:00:00.410000,0.0017689147824266852,-0.694548,0.090252,10.406448000000001,77.15888425331622,77.15888425331622,77.15888425331622,77.15888425331622,0.028274333882308142,-0.022689280275926284,0.010995574287564275,66.0,2.39,0.0,1,1,0.0,4,0.03,23.54,-0.025,52.649263299999994,9.7464596,31.88,31.95,52.6492499,9.7464473,-0.003490658503988659,-0.01710422666954443,4.24464074085021,-10.620000000000001,-21.045,-0.02,23.53613,0.028507179,0.42771235
0 days 00:00:00.420000,0.001650987130264906,0.08632800000000002,0.14126400000000003,10.551636000000002,77.28925973470261,77.28925973470261,77.28925973470261,77.28925973470261,0.027401669256310976,-0.015009831567151233,0.011519173063162576,66.0,2.39,0.0,1,1,0.0,4,0.025,23.54,-0.035,52.6492539,9.7464519,31.85,31.94,52.6492479,9.7464458,-0.003141592653589793,-0.016929693744344994,4.244815273775409,-10.64,-21.025000000000002,0.045,23.536036,0.023637997,0.43357733
0 days 00:00:00.430000,0.001650987130264906,-0.47480400000000006,0.0981,10.794924000000002,77.49652332049635,77.49652332049635,77.49652332049635,77.49652332049635,0.02775073510670984,-0.023038346126325153,0.011344640137963142,66.0,2.39,0.0,1,1,0.0,4,0.025,23.54,-0.04,52.6492539,9.7464519,31.85,31.94,52.6492461,9.7464442,-0.0027925268031909274,-0.016755160819145562,4.244815273775409,-10.64,-21.025000000000002,0.045,23.536028,0.023786852,0.43446055
0 days 00:00:00.440000,0.001650987130264906,-0.5493600000000001,0.15696000000000002,10.37898,77.48315147625159,77.48315147625159,77.48315147625159,77.48315147625159,0.02583087292951608,-0.04276056667386108,0.011519173063162576,66.0,2.39,0.0,1,1,0.0,4,0.025,23.54,-0.05,52.6492539,9.7464519,31.85,31.94,52.6492442,9.7464427,-0.002617993877991494,-0.016580627893946133,4.244989806700609,-10.64,-21.025000000000002,0.045,23.535936,0.023847258,0.4403472
0 days 00:00:00.450000,0.001650987130264906,0.37278,0.145188,10.688976000000002,77.36280487804878,77.36280487804878,77.36280487804878,77.36280487804878,0.02076941809873252,-0.027401669256310976,0.00942477796076938,66.0,2.39,0.0,1,1,0.0,4,0.02,23.535,-0.055,52.6492539,9.7464519,31.85,31.94,52.6492423,9.7464411,-0.0022689280275926286,-0.016057029118347832,4.245164339625807,-10.64,-21.025000000000002,0.045,23.531082,0.019017778,0.43292317
0 days 00:00:00.460000,0.001650987130264906,-0.545436,0.30999600000000005,10.594800000000001,77.24245827984595,77.24245827984595,77.24245827984595,77.24245827984595,0.016929693744344998,-0.035255650890285456,0.00942477796076938,66.0,2.39,0.0,1,1,0.0,4,0.02,23.54,-0.065,52.6492539,9.7464519,31.85,31.94,52.6492404,9.7464396,-0.0020943951023931952,-0.0158824961931484,4.245164339625807,-10.64,-21.025000000000002,0.045,23.536,0.01908083,0.438891
0 days 00:00:00.470000,0.001650987130264906,-0.51012,0.13734000000000002,9.904176000000001,77.19231386392812,77.19231386392812,77.19231386392812,77.19231386392812,0.020594885173533087,-0.048869219055841226,0.009773843811168246,66.0,2.39,0.0,1,1,0.0,4,0.02,23.545,-0.07,52.6492444,9.746444,31.86,31.94,52.649238499999996,9.746438099999999,-0.0019198621771937625,-0.015707963267948967,4.245338872551008,-10.64,-21.035,0.065,23.540997,0.01915557,0.43985772
0 days 00:00:00.480000,0.001650987130264906,0.38847600000000004,0.25506,10.167084000000001,77.14216944801026,77.14216944801026,77.14216944801026,77.14216944801026,0.027052603405912107,-0.028797932657906436,0.009599310885968814,66.0,2.39,0.0,1,1,0.0,4,0.02,23.54,-0.075,52.6492444,9.746444,31.86,31.94,52.649236599999995,9.7464365,-0.0015707963267948964,-0.015184364492350668,4.245338872551008,-10.64,-21.035,0.065,23.536148,0.019320736,0.43244845
0 days 00:00:00.490000,0.001650987130264906,-0.27075600000000005,0.125568,10.645812,77.19231386392812,77.19231386392812,77.19231386392812,77.19231386392812,0.034033920413889425,-0.030019663134302467,0.009773843811168246,66.0,2.39,0.0,1,1,0.0,4,0.02,23.545,-0.075,52.6492444,9.746444,31.86,31.94,52.6492347,9.746434899999999,-0.0013962634015954637,-0.014835298641951801,4.245513405476206,-10.64,-21.035,0.065,23.541298,0.01940758,0.4243036
0 days 00:00:00.500000,0.0015330594781031272,-0.56898,-0.007848,10.198476000000001,77.24245827984595,77.24245827984595,77.24245827984595,77.24245827984595,0.033510321638291124,-0.04834562028024293,0.00890117918517108,66.0,2.39,0.0,1,1,0.0,4,0.02,23.545,-0.085,52.6492444,9.746444,31.86,31.94,52.6492328,9.746433399999999,-0.0010471975511965976,-0.014486232791552936,4.245513405476206,-10.64,-21.035,0.065,23.541298,0.019553822,0.42607823
0 days 00:00:00.510000,0.0015330594781031272,0.019620000000000002,0.15696000000000002,10.182780000000001,77.40960633290543,77.40960633290543,77.40960633290543,77.40960633290543,0.0317649923862968,-0.044331363000655974,0.008028514559173916,66.0,2.39,0.0,1,1,0.0,4,0.02,23.54,-0.09,52.6492444,9.746444,31.86,31.94,52.6492309,9.7464318,-0.0006981317007977319,-0.014137166941154071,4.245687938401406,-10.64,-21.035,0.065,23.536375,0.019704847,0.4227827
0 days 00:00:00.520000,0.0015330594781031272,-0.20012400000000002,0.380628,10.528092000000003,77.38286264441591,77.38286264441591,77.38286264441591,77.38286264441591,0.03106686068549907,-0.04031710572106901,0.00890117918517108,66.0,2.39,0.0,1,1,0.0,4,0.015,23.55,-0.095,52.649234899999996,9.7464356,31.96,31.93,52.649229,9.7464303,-0.00034906585039886593,-0.013788101090755204,4.245687938401406,-10.61,-21.01,0.12,23.54645,0.0148535,0.41969568
0 days 00:00:00.530000,0.0015330594781031272,-0.49834800000000007,0.20797200000000002,10.190628,77.28257381258022,77.28257381258022,77.28257381258022,77.28257381258022,0.027401669256310976,-0.05061454830783556,0.010297442586766544,66.0,2.39,0.0,1,1,0.0,4,0.02,23.545,-0.1,52.649234899999996,9.7464356,31.96,31.94,52.6492271,9.7464287,0.0,-0.013264502315156905,4.245862471326605,-10.61,-21.01,0.12,23.541603,0.02,0.41229475
0 days 00:00:00.540000,0.0014151318259413483,0.12164400000000002,0.21974400000000002,10.163160000000001,77.18228498074454,77.18228498074454,77.18228498074454,77.18228498074454,0.023387411976724018,-0.04014257279586959,0.009075712110370514,66.0,2.39,0.0,1,1,0.0,4,0.02,23.545,-0.105,52.649234899999996,9.7464356,31.96,31.94,52.6492252,9.7464272,0.00017453292519943296,-0.012740903539558606,4.245862471326605,-10.61,-21.01,0.12,23.541752,0.02007068,0.40496445
0 days 00:00:00.550000,0.0012972041737795694,-0.10987200000000001,0.32176800000000005,10.218096000000001,77.15219833119383,77.15219833119383,77.15219833119383,77.15219833119383,0.020943951023931952,-0.030368728984701335,0.008552113334772213,66.0,2.39,0.0,1,1,0.0,4,0.02,23.545,-0.11,52.649234899999996,9.7464356,31.96,31.94,52.649223299999996,9.7464256,0.0005235987755982988,-0.012391837689159739,4.246037004251805,-10.61,-21.01,0.12,23.541828,0.020210352,0.4017394
0 days 00:00:00.560000,0.0012972041737795694,-0.49050000000000005,0.20012400000000002,10.473156000000001,77.12211168164313,77.12211168164313,77.12211168164313,77.12211168164313,0.022689280275926284,-0.032812189937493394,0.00890117918517108,66.0,2.39,0.0,1,1,0.0,4,0.02,23.545,-0.11,52.649234899999996,9.7464356,31.96,31.94,52.649221399999995,9.746424,0.0006981317007977319,-0.012042771838760876,4.246037004251805,-10.61,-21.01,0.12,23.541967,0.020274732,0.39351815
0 days 00:00:00.570000,0.0010613488694560112,-0.149112,0.054936000000000006,10.257336000000002,77.15888425331622,77.15888425331622,77.15888425331622,77.15888425331622,0.026703537555513242,-0.03769911184307752,0.009075712110370514,66.0,2.39,0.0,1,1,0.0,4,0.02,23.535,-0.115,52.649225599999994,9.746427599999999,32.0,31.93,52.6492195,9.7464225,0.0010471975511965976,-0.011693705988362009,4.246211537177004,-10.565,-20.95,-0.025,23.532045,0.020408602,0.3901761
0 days 00:00:00.580000,0.0010613488694560112,0.17265600000000003,0.066708,10.119996,77.19565682498931,77.19565682498931,77.19565682498931,77.19565682498931,0.031415926535897934,-0.02495820830351891,0.008028514559173916,66.0,2.39,0.0,1,1,0.0,4,0.015,23.535,-0.12,52.649225599999994,9.746427599999999,32.0,31.94,52.6492176,9.746421,0.0012217304763960308,-0.011344640137963142,4.246211537177004,-10.565,-20.95,-0.025,23.532124,0.015472777,0.38696402
0 days 00:00:00.590000,0.000825493565132453,-0.349236,0.231516,9.582408000000001,77.18228498074454,77.18228498074454,77.18228498074454,77.18228498074454,0.033510321638291124,-0.027401669256310976,0.009075712110370514,66.0,2.39,0.0,1,1,0.0,4,0.015,23.535,-0.12,52.649225599999994,9.746427599999999,32.0,31.94,52.6492157,9.746419399999999,0.0015707963267948964,-0.010995574287564275,4.246386070102204,-10.565,-20.95,-0.025,23.532257,0.015594948,0.3787443
0 days 00:00:00.600000,0.000825493565132453,0.011772000000000001,0.04316400000000001,10.076832000000001,77.32937526743689,77.32937526743689,77.32937526743689,77.32937526743689,0.03647738136668148,-0.015184364492350668,0.008552113334772213,66.0,2.39,0.0,1,1,0.0,4,0.015,23.535,-0.12,52.649225599999994,9.746427599999999,32.0,31.94,52.6492138,9.746417899999999,0.0019198621771937625,-0.010821041362364843,4.246386070102204,-10.565,-20.95,-0.025,23.532324,0.015719268,0.37463176
0 days 00:00:00.610000,0.0005896382608088951,-0.20012400000000002,0.023544000000000002,9.833544,77.32268934531449,77.32268934531449,77.32268934531449,77.32268934531449,0.04136430327226561,-0.016057029118347832,0.008552113334772213,66.0,2.39,0.0,1,1,0.0,4,0.015,23.535,-0.12,52.649225599999994,9.746427599999999,32.0,31.94,52.649212,9.7464163,0.0022689280275926286,-0.01064650843716541,4.246560603027403,-10.565,-20.95,-0.025,23.532389,0.01584072,0.37051904
0 days 00:00:00.620000,0.0005896382608088951,0.047088000000000005,0.07063200000000001,9.299880000000002,77.31600342319211,77.31600342319211,77.31600342319211,77.31600342319211,0.04642575810304917,-0.010821041362364843,0.008377580409572781,66.0,2.39,0.0,1,1,0.0,4,0.01,23.53,-0.12,52.649215899999994,9.746420299999999,31.810000000000002,31.93,52.64921,9.7464148,0.002617993877991494,-0.010471975511965976,4.246560603027403,-10.57,-20.97,0.1,23.527454,0.010959183,0.36636707
0 days 00:00:00.630000,0.0003537829564853371,0.290376,0.14126400000000003,9.433296,77.08199614890886,77.08199614890886,77.08199614890886,77.08199614890886,0.045029494701453704,0.010995574287564275,0.008028514559173916,66.0,2.39,0.0,1,1,0.0,4,0.01,23.53,-0.115,52.649215899999994,9.746420299999999,31.810000000000002,31.93,52.649208099999996,9.7464132,0.003141592653589793,-0.010297442586766544,4.246560603027403,-10.57,-20.97,0.1,23.527569,0.011122404,0.35725528
0 days 00:00:00.640000,0.00023585530432355804,-0.48657600000000006,-0.039240000000000004,9.876708000000002,76.97502139495079,76.97502139495079,76.97502139495079,76.97502139495079,0.04485496177625426,0.01117010721276371,0.006283185307179587,66.0,2.39,0.0,1,1,0.0,4,0.01,23.535,-0.11,52.649215899999994,9.746420299999999,31.810000000000002,31.94,52.649206299999996,9.7464117,0.003665191429188092,-0.010471975511965976,4.246735135952603,-10.57,-20.97,0.1,23.532557,0.011306377,0.35640833
0 days 00:00:00.650000,0.00011792765216177902,-0.447336,0.054936000000000006,9.460764000000001,76.92153401797175,76.92153401797175,76.92153401797175,76.92153401797175,0.04276056667386108,-0.0015707963267948967,0.005934119456780722,66.0,2.39,0.0,1,1,0.0,4,0.005,23.53,-0.115,52.649215899999994,9.746420299999999,31.810000000000002,31.94,52.649204399999995,9.7464101,0.004014257279586958,-0.010471975511965976,4.246735135952603,-10.57,-20.97,0.1,23.527508,0.006450687,0.36137182
0 days 00:00:00.660000,0.0,0.317844,0.266832,9.821772000000001,77.08199614890886,77.08199614890886,77.08199614890886,77.08199614890886,0.040491638646268445,0.017453292519943295,0.006108652381980153,66.0,2.39,0.0,1,1,0.0,4,0.005,23.525000000000002,-0.11,52.649215899999994,9.746420299999999,31.810000000000002,31.94,52.649202499999994,9.746408599999999,0.004537856055185257,-0.010471975511965976,4.246909668877802,-10.57,-20.97,0.1,23.522558,0.0066169747,0.3563163
0 days 00:00:00.670000,0.0,-0.40417200000000003,0.145188,9.990504,77.21905755241764,77.21905755241764,77.21905755241764,77.21905755241764,0.03752457891787808,0.014660765716752367,0.006806784082777885,66.0,2.39,0.0,1,1,0.0,4,0.005,23.525000000000002,-0.115,52.6492065,9.7464125,31.830000000000002,31.93,52.6492006,9.746407099999999,0.004886921905584123,-0.01064650843716541,4.246909668877802,-10.59,-20.98,0.23500000000000001,23.522442,0.006785848,0.36541906
0 days 00:00:00.680000,-0.00011792765216177902,-0.43948800000000005,-0.03531600000000001,9.233172000000001,77.35611895592639,77.35611895592639,77.35611895592639,77.35611895592639,0.03944444109507185,-0.0012217304763960308,0.006632251157578452,66.0,2.39,0.0,1,1,0.0,4,0.005,23.525000000000002,-0.115,52.6492065,9.7464125,31.830000000000002,31.93,52.6491987,9.7464055,0.005235987755982988,-0.010821041362364843,4.246909668877802,-10.59,-20.98,0.23500000000000001,23.522379,0.006934899,0.36952206
0 days 00:00:00.690000,-0.00023585530432355804,0.5886000000000001,0.21974400000000002,8.883936,77.23911531878477,77.23911531878477,77.23911531878477,77.23911531878477,0.03822271061867582,0.027401669256310976,0.006108652381980153,66.0,2.39,0.0,1,1,0.0,4,0.005,23.52,-0.11,52.6492065,9.7464125,31.830000000000002,31.93,52.6491968,9.746403899999999,0.005585053606381855,-0.010821041362364843,4.246909668877802,-10.59,-20.98,0.23500000000000001,23.517433,0.0070356606,0.3644659
0 days 00:00:00.700000,-0.00023585530432355804,-0.074556,0.07848000000000001,9.417600000000002,77.12211168164313,77.12211168164313,77.12211168164313,77.12211168164313,0.03717551306747922,0.04031710572106901,0.004886921905584123,66.0,2.39,0.0,1,1,0.0,4,0.005,23.525000000000002,-0.1,52.6492065,9.7464125,31.830000000000002,31.93,52.6491949,9.7464024,0.005934119456780721,-0.010995574287564275,4.247084201803002,-10.59,-20.98,0.23500000000000001,23.52248,0.0071282284,0.35862362
0 days 00:00:00.710000,-0.0003537829564853371,-0.6867000000000001,0.023544000000000002,8.511156000000001,77.02182284980745,77.02182284980745,77.02182284980745,77.02182284980745,0.04084070449666731,0.015184364492350668,0.0054105206811824215,66.0,2.39,0.0,1,1,0.0,4,0.005,23.525000000000002,-0.095,52.6492065,9.7464125,31.830000000000002,31.94,52.649193,9.7464008,0.006457718232379019,-0.011519173063162575,4.247084201803002,-10.59,-20.98,0.23500000000000001,23.522345,0.007363251,0.36593634
0 days 00:00:00.720000,-0.0003537829564853371,0.737712,0.08632800000000002,8.844696,76.92153401797175,76.92153401797175,76.92153401797175,76.92153401797175,0.04293509959906051,0.047647488579445195,0.004363323129985824,66.0,2.39,0.0,1,1,0.0,4,-0.005,23.515,-0.085,52.649197,9.746405099999999,31.75,31.93,52.649191099999996,9.7463993,0.006806784082777886,-0.011519173063162575,4.247084201803002,-10.615,-21.0,0.18,23.51246,-0.0025776287,0.35588747
0 days 00:00:00.730000,-0.0003537829564853371,-0.39632400000000007,0.07063200000000001,9.390132000000001,76.96833547282841,76.96833547282841,76.96833547282841,76.96833547282841,0.0466002910282486,0.05358160803622592,0.004014257279586958,66.0,2.39,0.0,1,1,0.0,4,-0.005,23.525000000000002,-0.075,52.649197,9.746405099999999,31.75,31.93,52.649189199999995,9.7463978,0.007330382858376184,-0.012042771838760876,4.247084201803002,-10.615,-21.0,0.18,23.522388,-0.0023734577,0.35832092
0 days 00:00:00.740000,-0.0003537829564853371,-0.7573320000000001,-0.08632800000000002,8.742672,77.01513692768506,77.01513692768506,77.01513692768506,77.01513692768506,0.05026548245743669,0.024085543677521748,0.0036651914291880917,66.0,2.39,0.0,1,1,0.0,4,-0.005,23.52,-0.075,52.649197,9.746405099999999,31.75,31.93,52.649187299999994,9.7463962,0.00767944870877505,-0.012566370614359171,4.2472587347282005,-10.615,-21.0,0.18,23.5172,-0.002154281,0.3705748
0 days 00:00:00.750000,-0.0003537829564853371,0.6867000000000001,0.07063200000000001,8.934948,77.11542575952075,77.11542575952075,77.11542575952075,77.11542575952075,0.04782202150464464,0.04782202150464464,0.0024434609527920616,66.0,2.39,0.0,1,1,0.0,4,-0.005,23.515,-0.065,52.649197,9.746405099999999,31.75,31.93,52.6491854,9.7463946,0.00820304748437335,-0.012740903539558606,4.2472587347282005,-10.615,-21.0,0.18,23.512262,-0.002009125,0.3646177
0 days 00:00:00.760000,-0.0003537829564853371,-0.33354000000000006,0.031392,8.872164000000001,77.21571459135643,77.21571459135643,77.21571459135643,77.21571459135643,0.0439822971502571,0.0466002910282486,0.0024434609527920616,66.0,2.39,0.0,1,1,0.0,4,-0.005,23.52,-0.055,52.649197,9.746405099999999,31.75,31.93,52.6491835,9.746393099999999,0.008726646259971648,-0.013264502315156905,4.2472587347282005,-10.615,-21.0,0.18,23.517202,-0.0017974579,0.36699677
0 days 00:00:00.770000,-0.0003537829564853371,-0.533664,0.129492,8.346348,77.20568570817288,77.20568570817288,77.20568570817288,77.20568570817288,0.04206243497306335,0.030194196059501903,0.0027925268031909274,66.0,2.39,0.0,1,1,0.0,4,-0.01,23.53,-0.05,52.649188099999996,9.7463968,31.900000000000002,31.92,52.6491816,9.746391599999999,0.009250245035569947,-0.013788101090755204,4.2472587347282005,-10.645,-21.09,0.15,23.527075,-0.0065361536,0.37449548
0 days 00:00:00.780000,-0.0003537829564853371,0.533664,0.145188,8.61318,77.19565682498931,77.19565682498931,77.19565682498931,77.19565682498931,0.04206243497306335,0.05951572749300663,0.00034906585039886593,66.0,2.39,0.0,1,1,0.0,4,-0.01,23.525000000000002,-0.035,52.649188099999996,9.7463968,31.900000000000002,31.93,52.6491797,9.74639,0.009599310885968814,-0.014137166941154071,4.2472587347282005,-10.645,-21.09,0.15,23.522154,-0.006471249,0.36764133
0 days 00:00:00.790000,-0.0003537829564853371,-0.30999600000000005,0.0,8.71128,77.10873983739837,77.10873983739837,77.10873983739837,77.10873983739837,0.04415683007545654,0.062482787221396996,-0.0008726646259971648,66.0,2.39,0.0,1,1,0.0,4,-0.01,23.53,-0.02,52.649188099999996,9.7463968,31.900000000000002,31.93,52.6491778,9.7463885,0.009948376736367679,-0.014660765716752368,4.2472587347282005,-10.645,-21.09,0.15,23.527178,-0.006368872,0.36503473
0 days 00:00:00.800000,-0.00023585530432355804,-0.36493200000000003,0.133416,7.930404,76.92153401797175,76.92153401797175,76.92153401797175,76.92153401797175,0.04415683007545654,0.045029494701453704,-0.00034906585039886593,66.0,2.39,0.0,1,1,0.0,4,-0.01,23.53,-0.01,52.649188099999996,9.7463968,31.900000000000002,31.93,52.649176,9.7463869,0.010471975511965976,-0.0153588974175501,4.2472587347282005,-10.645,-21.09,0.15,23.527071,-0.006110446,0.37146387
0 days 00:00:00.810000,-0.00023585530432355804,0.6435360000000001,0.145188,8.640648,76.90816217372699,76.90816217372699,76.90816217372699,76.90816217372699,0.04537856055185257,0.07801621756414652,-0.0015707963267948967,66.0,2.39,0.0,1,1,0.0,4,-0.01,23.525000000000002,0.01,52.649188099999996,9.7463968,31.900000000000002,31.93,52.649174099999996,9.7463853,0.010821041362364843,-0.0158824961931484,4.2472587347282005,-10.645,-21.09,0.15,23.52219,-0.00606473,0.36370823
0 days 00:00:00.820000,-0.00023585530432355804,-0.580752,0.074556,8.797608,76.89479032948223,76.89479032948223,76.89479032948223,76.89479032948223,0.04223696789826277,0.07086036763096978,-0.0017453292519943296,66.0,2.39,0.0,1,1,0.0,4,-0.005,23.54,0.015,52.6491786,9.7463889,31.92,31.92,52.649172199999995,9.7463838,0.011344640137963142,-0.016755160819145562,4.2472587347282005,-10.635,-21.085,0.065,23.53695,-0.0006956123,0.37943244
0 days 00:00:00.830000,-0.00023585530432355804,-0.5611320000000001,0.023544000000000002,8.16192,77.12211168164313,77.12211168164313,77.12211168164313,77.12211168164313,0.03822271061867582,0.05078908123303499,-0.0006981317007977319,66.0,2.39,0.0,1,1,0.0,4,-0.005,23.535,0.025,52.6491786,9.7463889,31.92,31.92,52.649170299999994,9.746382299999999,0.011693705988362009,-0.017453292519943295,4.2472587347282005,-10.635,-21.085,0.065,23.531853,-0.0004889584,0.38577825
0 days 00:00:00.840000,-0.00023585530432355804,0.623916,0.18835200000000002,8.295336,77.19565682498931,77.19565682498931,77.19565682498931,77.19565682498931,0.033335788713091695,0.07330382858376185,-0.0013962634015954637,66.0,2.39,0.0,1,1,0.0,4,-0.005,23.535,0.045,52.6491786,9.7463889,31.92,31.92,52.6491684,9.7463807,0.012042771838760876,-0.017976891295541596,4.2472587347282005,-10.635,-21.085,0.065,23.532005,-0.00044672913,0.37810338
0 days 00:00:00.850000,-0.00023585530432355804,-0.12164400000000002,0.298224,8.118756000000001,77.08199614890886,77.08199614890886,77.08199614890886,77.08199614890886,0.024609142453120045,0.07819075048934597,-0.0020943951023931952,66.0,2.39,0.0,1,1,0.0,4,-0.005,23.54,0.06,52.6491786,9.7463889,31.92,31.92,52.6491665,9.7463792,0.012391837689159739,-0.018675022996339326,4.2472587347282005,-10.635,-21.085,0.065,23.537016,-0.00029585717,0.3796278
0 days 00:00:00.860000,-0.00011792765216177902,-0.48657600000000006,0.23544,8.071668,77.08199614890886,77.08199614890886,77.08199614890886,77.08199614890886,0.015009831567151233,0.06998770300497262,-0.0019198621771937623,66.0,2.39,0.0,1,1,0.0,4,-0.005,23.54,0.075,52.6491786,9.7463889,31.92,31.92,52.6491646,9.746377599999999,0.012740903539558606,-0.01937315469713706,4.2472587347282005,-10.635,-21.085,0.065,23.537037,-0.00014506423,0.3810624
0 days 00:00:00.870000,-0.00011792765216177902,0.133416,0.30999600000000005,8.67204,76.92153401797175,76.92153401797175,76.92153401797175,76.92153401797175,0.004537856055185257,0.0804596785169386,-0.0027925268031909274,66.0,2.39,0.0,1,1,0.0,4,-0.005,23.535,0.09,52.649169099999995,9.746381099999999,31.92,31.91,52.6491627,9.746376099999999,0.012915436464758038,-0.020071286397934793,4.2472587347282005,-10.615,-21.085,-0.07,23.532066,-6.1320396e-05,0.38239688
0 days 00:00:00.880000,-0.00011792765216177902,-0.42379200000000006,0.20012400000000002,9.323424000000001,76.99507916131792,76.99507916131792,76.99507916131792,76.99507916131792,0.0012217304763960308,0.07731808586334879,-0.003490658503988659,66.0,2.39,0.0,1,1,0.0,4,0.0,23.54,0.105,52.649169099999995,9.746381099999999,31.92,31.91,52.6491608,9.7463745,0.012915436464758038,-0.020943951023931952,4.2472587347282005,-10.615,-21.085,-0.07,23.537037,0.0050111483,0.38797525
0 days 00:00:00.890000,0.0,-0.7102440000000001,0.023544000000000002,8.526852000000002,77.03853765511339,77.03853765511339,77.03853765511339,77.03853765511339,-0.00017453292519943296,0.0439822971502571,-0.003316125578789226,66.0,2.39,0.0,0,1,0.0,4,0.0,23.535,0.105,52.649169099999995,9.746381099999999,31.92,31.91,52.649158899999996,9.746373,0.012915436464758038,-0.021642082724729686,4.2472587347282005,-10.615,-21.085,-0.07,23.53176,0.005221969,0.40429753
0 days 00:00:00.900000,0.0,0.604296,0.20404800000000003,8.829,77.08199614890886,77.08199614890886,77.08199614890886,77.08199614890886,-0.004886921905584123,0.060388392119003806,-0.004886921905584123,66.0,2.39,0.0,0,1,0.0,4,0.0,23.53,0.12,52.649169099999995,9.746381099999999,31.92,31.91,52.649156999999995,9.7463714,0.012915436464758038,-0.022165681500327987,4.247084201803002,-10.615,-21.085,-0.07,23.52688,0.0051859883,0.40151182
0 days 00:00:00.910000,0.0,-0.349236,0.28645200000000004,9.154692,77.1622272143774,77.1622272143774,77.1622272143774,77.1622272143774,-0.01308996938995747,0.05724679946541401,-0.0054105206811824215,66.0,2.39,0.0,0,1,0.0,4,0.005,23.54,0.13,52.649169099999995,9.746381099999999,31.92,31.900000000000002,52.649155099999994,9.7463698,0.012915436464758038,-0.022689280275926284,4.247084201803002,-10.615,-21.085,-0.07,23.536892,0.010218479,0.4039951
0 days 00:00:00.920000,0.00011792765216177902,-0.7965720000000002,0.133416,8.507232000000002,77.21571459135643,77.21571459135643,77.21571459135643,77.21571459135643,-0.023561944901923447,0.022514747350726852,-0.005235987755982988,66.0,2.39,0.0,0,1,0.0,4,0.0,23.54,0.14,52.649159999999995,9.746372899999999,31.96,31.900000000000002,52.6491532,9.7463683,0.012740903539558606,-0.023387411976724018,4.247084201803002,-10.620000000000001,-21.09,-0.185,23.536837,0.0052303537,0.41049445
0 days 00:00:00.930000,0.00011792765216177902,0.31392000000000003,0.4198680000000001,8.934948,77.22908643560119,77.22908643560119,77.22908643560119,77.22908643560119,-0.03228859116189509,0.034732052114687155,-0.00645771823237902,66.0,2.39,0.0,0,1,0.0,4,0.005,23.535,0.15,52.649159999999995,9.746372899999999,31.96,31.900000000000002,52.6491513,9.746366799999999,0.012566370614359171,-0.02356194490192345,4.246909668877802,-10.620000000000001,-21.09,-0.185,23.532001,0.010082828,0.40442598
0 days 00:00:00.940000,0.00011792765216177902,-0.5493600000000001,0.23544,8.856468000000001,77.24245827984595,77.24245827984595,77.24245827984595,77.24245827984595,-0.033335788713091695,0.021642082724729686,-0.006981317007977318,66.0,2.39,0.0,0,1,0.0,4,0.005,23.54,0.16,52.649159999999995,9.746372899999999,31.96,31.89,52.6491494,9.7463652,0.012217304763960308,-0.023911010752322315,4.246909668877802,-10.620000000000001,-21.09,-0.185,23.537098,0.009921335,0.40276617
0 days 00:00:00.950000,0.00023585530432355804,-0.38847600000000004,0.47088,8.558244,77.20234274711169,77.20234274711169,77.20234274711169,77.20234274711169,-0.029845130209103034,-0.0013962634015954637,-0.006283185307179587,66.0,2.39,0.0,0,1,0.0,4,0.01,23.54,0.17,52.649159999999995,9.746372899999999,31.96,31.89,52.6491475,9.7463637,0.011868238913561441,-0.02408554367752175,4.246909668877802,-10.620000000000001,-21.09,-0.185,23.537268,0.014710498,0.3968216
0 days 00:00:00.960000,0.00023585530432355804,0.6199920000000001,0.17658000000000004,9.696204000000002,77.1622272143774,77.1622272143774,77.1622272143774,77.1622272143774,-0.030368728984701335,0.02129301687433082,-0.008028514559173916,66.0,2.39,0.0,0,1,0.0,4,0.015,23.535,0.18,52.649159999999995,9.746372899999999,31.96,31.89,52.6491457,9.746362099999999,0.011519173063162575,-0.02408554367752175,4.246735135952603,-10.620000000000001,-21.09,-0.185,23.532509,0.019455107,0.38665217
0 days 00:00:00.970000,0.0003537829564853371,-1.204668,0.15696000000000002,9.492156000000001,77.21571459135643,77.21571459135643,77.21571459135643,77.21571459135643,-0.03298672286269283,-0.016231562043547268,-0.007330382858376183,66.0,2.39,0.0,0,1,0.0,4,0.015,23.555,0.18,52.64915,9.746362999999999,32.3,31.88,52.649143699999996,9.7463606,0.011344640137963142,-0.024434609527920616,4.246735135952603,-10.565,-21.11,-0.065,23.552368,0.019486353,0.3953581
0 days 00:00:00.980000,0.0003537829564853371,-0.46695600000000004,-0.04316400000000001,9.425448000000001,77.28257381258022,77.28257381258022,77.28257381258022,77.28257381258022,-0.031241393610698498,-0.04153883619746504,-0.008726646259971648,66.0,2.39,0.0,0,1,0.0,4,0.02,23.545,0.18,52.64915,9.746362999999999,32.3,31.88,52.6491419,9.746359,0.010995574287564275,-0.024260076602721184,4.246735135952603,-10.565,-21.11,-0.065,23.542437,0.024300177,0.39095688
0 days 00:00:00.990000,0.0003537829564853371,0.30999600000000005,0.40809600000000007,10.088604,77.34943303380402,77.34943303380402,77.34943303380402,77.34943303380402,-0.029845130209103034,-0.020245819323134222,-0.008203047484373348,66.0,2.39,0.0,0,1,0.0,4,0.02,23.545,0.185,52.64915,9.746362999999999,32.3,31.88,52.649139999999996,9.746357399999999,0.01064650843716541,-0.023911010752322315,4.246560603027403,-10.565,-21.11,-0.065,23.542692,0.024023,0.37774962
0 days 00:00:01,0.0003537829564853371,-0.835812,0.12164400000000002,9.861012,77.46309370988446,77.46309370988446,77.46309370988446,77.46309370988446,-0.02809980095710871,-0.0466002910282486,-0.007330382858376183,66.0,2.39,0.0,0,2,0.0,4,0.025,23.55,0.185,52.64915,9.746362999999999,32.3,31.88,52.649138099999995,9.7463559,0.010297442586766544,-0.023736477827122883,4.246560603027403,-10.565,-21.11,-0.065,23.547756,0.028849786,0.3737164
0 days 00:00:01.010000,0.0003537829564853371,0.019620000000000002,0.10202400000000002,10.327968,77.47312259306803,77.47312259306803,77.47312259306803,77.47312259306803,-0.02530727415391778,-0.04782202150464464,-0.008028514559173916,66.0,2.39,0.0,0,2,0.0,4,0.025,23.545,0.185,52.64915,9.746362999999999,32.3,31.88,52.6491362,9.7463543,0.010122909661567111,-0.023212879051524585,4.246386070102204,-10.565,-21.11,-0.065,23.54295,0.028658573,0.36127642
0 days 00:00:01.020000,0.0003537829564853371,-0.184428,0.23936400000000002,10.630116000000001,77.48315147625159,77.48315147625159,77.48315147625159,77.48315147625159,-0.02600540585471551,-0.04066617157146788,-0.008203047484373348,66.0,2.39,0.0,0,2,0.0,4,0.035,23.555,0.18,52.649139299999995,9.7463514,32.980000000000004,31.88,52.6491342,9.7463527,0.009773843811168246,-0.022863813201125717,4.246386070102204,-10.49,-21.085,-0.23,23.55296,0.038502757,0.35819808
0 days 00:00:01.030000,0.0003537829564853371,-0.761256,0.023544000000000002,10.743912,77.38286264441591,77.38286264441591,77.38286264441591,77.38286264441591,-0.02199114857512855,-0.06073745796940267,-0.008377580409572781,66.0,2.39,0.0,0,2,0.0,4,0.04,23.555,0.17500000000000002,52.649139299999995,9.7463514,32.980000000000004,31.88,52.6491324,9.7463512,0.00942477796076938,-0.02234021442552742,4.246211537177004,-10.49,-21.085,-0.23,23.553034,0.04330838,0.35083097
0 days 00:00:01.040000,0.0003537829564853371,-0.07063200000000001,0.04316400000000001,10.802772000000001,77.34943303380402,77.34943303380402,77.34943303380402,77.34943303380402,-0.01937315469713706,-0.05986479334340551,-0.008726646259971648,66.0,2.39,0.0,0,2,0.0,4,0.04,23.55,0.165,52.649139299999995,9.7463514,32.980000000000004,31.87,52.6491305,9.7463496,0.009250245035569947,-0.02181661564992912,4.246211537177004,-10.49,-21.085,-0.23,23.547993,0.04322454,0.34839484
0 days 00:00:01.050000,0.0003537829564853371,-0.3296160000000001,-0.003924,11.438460000000003,77.38286264441591,77.38286264441591,77.38286264441591,77.38286264441591,-0.01308996938995747,-0.056025068989017976,-0.008028514559173916,66.0,2.39,0.0,0,2,0.0,4,0.045,23.55,0.155,52.649139299999995,9.7463514,32.980000000000004,31.87,52.6491286,9.746348099999999,0.009075712110370514,-0.02129301687433082,4.246037004251805,-10.49,-21.085,-0.23,23.54796,0.048142366,0.34602505
0 days 00:00:01.060000,0.0003537829564853371,-0.761256,-0.062784,10.692900000000002,77.24245827984595,77.24245827984595,77.24245827984595,77.24245827984595,-0.006632251157578452,-0.08482300164692441,-0.007853981633974483,66.0,2.39,0.0,0,2,0.0,4,0.045,23.55,0.135,52.649139299999995,9.7463514,32.980000000000004,31.87,52.6491267,9.7463465,0.00890117918517108,-0.020594885173533087,4.246037004251805,-10.49,-21.085,-0.23,23.547787,0.048113625,0.34958947
0 days 00:00:01.070000,0.0003537829564853371,0.40024800000000005,0.10594800000000001,10.885176000000001,77.38286264441591,77.38286264441591,77.38286264441591,77.38286264441591,-0.006283185307179587,-0.06667157742618339,-0.006108652381980153,66.0,2.39,0.0,0,2,0.0,4,0.05,23.54,0.13,52.6491299,9.7463436,32.97,31.87,52.649124699999994,9.7463449,0.008726646259971648,-0.019722220547535925,4.245862471326605,-10.485,-21.01,-0.195,23.537987,0.052914996,0.3338073
0 days 00:00:01.080000,0.0003537829564853371,-0.317844,0.054936000000000006,11.544408,77.38286264441591,77.38286264441591,77.38286264441591,77.38286264441591,-0.006283185307179587,-0.060388392119003806,-0.0054105206811824215,66.0,2.39,0.0,0,2,0.0,4,0.05,23.55,0.12,52.6491299,9.7463436,32.97,31.87,52.649122899999995,9.7463433,0.008726646259971648,-0.019198621771937627,4.245862471326605,-10.485,-21.01,-0.195,23.547962,0.05289637,0.3316729
0 days 00:00:01.090000,0.0003537829564853371,-0.9378360000000001,-0.133416,11.073528000000001,77.44972186563972,77.44972186563972,77.44972186563972,77.44972186563972,-0.00645771823237902,-0.08691739674931762,-0.0036651914291880917,66.0,2.39,0.0,0,2,0.0,4,0.05,23.545,0.105,52.6491299,9.7463436,32.97,31.87,52.649121,9.7463418,0.008726646259971648,-0.018500490071139894,4.245687938401406,-10.485,-21.01,-0.195,23.542913,0.052882977,0.33013824
0 days 00:00:01.100000,0.0003537829564853371,0.306072,0.04316400000000001,11.281500000000001,77.5165810868635,77.5165810868635,77.5165810868635,77.5165810868635,-0.007679448708775049,-0.07208209810736581,-0.0022689280275926286,66.0,2.39,0.0,0,2,0.0,4,0.05,23.54,0.09,52.6491299,9.7463436,32.97,31.87,52.6491191,9.746340199999999,0.008552113334772215,-0.017627825445142728,4.245687938401406,-10.485,-21.01,-0.195,23.53793,0.052777156,0.32451206
0 days 00:00:01.110000,0.0003537829564853371,-0.21189600000000003,-0.133416,11.485548000000001,77.43635002139494,77.43635002139494,77.43635002139494,77.43635002139494,0.0,-0.06736970912698112,-0.0015707963267948967,66.0,2.39,0.0,0,2,0.0,4,0.05,23.545,0.075,52.6491299,9.7463436,32.97,31.87,52.6491172,9.746338699999999,0.008552113334772215,-0.016929693744344994,4.245687938401406,-10.485,-21.01,-0.195,23.542896,0.05276561,0.32316187
0 days 00:00:01.120000,0.0003537829564853371,-0.5532840000000001,-0.10202400000000002,11.148084,77.35611895592639,77.35611895592639,77.35611895592639,77.35611895592639,0.007679448708775049,-0.07906341511534314,-0.0010471975511965976,66.0,2.39,0.0,0,2,0.0,4,0.055,23.535,0.065,52.649120499999995,9.746336,32.95,31.87,52.6491152,9.7463371,0.008552113334772215,-0.016057029118347832,4.245687938401406,-10.450000000000001,-20.945,-0.185,23.533009,0.05767386,0.31241256
0 days 00:00:01.130000,0.0003537829564853371,0.10594800000000001,-0.26290800000000003,12.105540000000001,77.26920196833547,77.26920196833547,77.26920196833547,77.26920196833547,0.013439035240356337,-0.058468529941810045,-0.0012217304763960308,66.0,2.39,0.0,0,2,0.0,4,0.055,23.53,0.055,52.649120499999995,9.746336,32.95,31.87,52.6491134,9.746335499999999,0.008552113334772215,-0.0153588974175501,4.245687938401406,-10.450000000000001,-20.945,-0.185,23.52807,0.057618212,0.30590555
0 days 00:00:01.140000,0.0003537829564853371,-0.8632800000000002,-0.1962,11.846556000000001,77.18228498074454,77.18228498074454,77.18228498074454,77.18228498074454,0.01658062789394613,-0.07609635538695277,0.00034906585039886593,66.0,2.39,0.0,0,2,0.0,4,0.05,23.53,0.03,52.649120499999995,9.746336,32.95,31.87,52.6491115,9.746334,0.008726646259971648,-0.014660765716752368,4.245687938401406,-10.450000000000001,-20.945,-0.185,23.527912,0.052746594,0.31451035
0 days 00:00:01.150000,0.0003537829564853371,-0.16088400000000003,0.05886,11.038212,77.26585900727429,77.26585900727429,77.26585900727429,77.26585900727429,0.01832595714594046,-0.079412480965742,0.002617993877991494,66.0,2.39,0.0,0,2,0.0,4,0.05,23.525000000000002,0.01,52.649120499999995,9.746336,32.95,31.87,52.649109599999996,9.7463324,0.00890117918517108,-0.013962634015954637,4.245513405476206,-10.450000000000001,-20.945,-0.185,23.522846,0.052832663,0.3180036
0 days 00:00:01.160000,0.0003537829564853371,0.623916,0.023544000000000002,11.779848000000001,77.34943303380402,77.34943303380402,77.34943303380402,77.34943303380402,0.018500490071139894,-0.03822271061867582,0.004014257279586958,66.0,2.39,0.0,0,2,0.0,4,0.05,23.525000000000002,-0.005,52.649120499999995,9.746336,32.95,31.87,52.649107699999995,9.7463309,0.009075712110370514,-0.013264502315156905,4.245687938401406,-10.450000000000001,-20.945,-0.185,23.522863,0.052875247,0.31657097
0 days 00:00:01.170000,0.0003537829564853371,-0.7926480000000001,-0.37670400000000004,11.79162,77.3895485665383,77.3895485665383,77.3895485665383,77.3895485665383,0.018675022996339326,-0.053407075111026485,0.005061454830783556,66.0,2.39,0.0,0,2,0.0,4,0.05,23.53,-0.015,52.6491109,9.746327299999999,33.160000000000004,31.87,52.6491058,9.7463292,0.009250245035569947,-0.012740903539558606,4.245687938401406,-10.495000000000001,-20.945,-0.065,23.5279,0.05290965,0.31430817
0 days 00:00:01.180000,0.0003537829564853371,-0.37670400000000004,-0.03531600000000001,10.896948,77.42966409927257,77.42966409927257,77.42966409927257,77.42966409927257,0.019722220547535925,-0.06178465552059926,0.005934119456780722,66.0,2.39,0.0,0,2,0.0,4,0.045,23.52,-0.035,52.6491109,9.746327299999999,33.160000000000004,31.87,52.6491039,9.7463277,0.00942477796076938,-0.012217304763960308,4.245687938401406,-10.495000000000001,-20.945,-0.065,23.517818,0.048035953,0.3219028
0 days 00:00:01.190000,0.0003537829564853371,0.678852,-0.090252,11.540484000000001,77.40960633290543,77.40960633290543,77.40960633290543,77.40960633290543,0.01884955592153876,-0.021467549799530253,0.005061454830783556,66.0,2.39,0.0,0,2,0.0,4,0.045,23.52,-0.05,52.6491109,9.746327299999999,33.160000000000004,31.87,52.649102,9.7463261,0.009599310885968814,-0.011693705988362009,4.245687938401406,-10.495000000000001,-20.945,-0.065,23.517807,0.04811791,0.3245794
0 days 00:00:01.200000,0.0003537829564853371,-0.7180920000000001,-0.007848,11.328588000000002,77.06193838254171,77.06193838254171,77.06193838254171,77.06193838254171,0.021642082724729686,-0.03089232776029963,0.005934119456780722,66.0,2.39,0.0,0,2,0.0,4,0.04,23.53,-0.065,52.6491109,9.746327299999999,33.160000000000004,31.87,52.6491001,9.7463246,0.009773843811168246,-0.011344640137963142,4.245862471326605,-10.495000000000001,-20.945,-0.065,23.527748,0.043242265,0.33152267
0 days 00:00:01.210000,0.0003537829564853371,-0.184428,-0.05101200000000001,10.739988,77.0017650834403,77.0017650834403,77.0017650834403,77.0017650834403,0.026878070480712675,-0.03560471674068432,0.007679448708775049,66.0,2.39,0.0,0,2,0.0,4,0.035,23.52,-0.08,52.6491109,9.746327299999999,33.160000000000004,31.87,52.6490982,9.746323,0.009948376736367679,-0.01117010721276371,4.245862471326605,-10.495000000000001,-20.945,-0.065,23.51764,0.038407627,0.34234533
0 days 00:00:01.220000,0.0004717106086471161,0.502272,-0.066708,10.834164000000001,76.9415917843389,76.9415917843389,76.9415917843389,76.9415917843389,0.034208453339088854,-0.005235987755982988,0.007679448708775049,66.0,2.39,0.0,0,2,0.0,4,0.035,23.51,-0.085,52.649101099999996,9.7463175,33.51,31.88,52.6490963,9.7463213,0.010297442586766544,-0.01064650843716541,4.245862471326605,-10.53,-20.945,-0.04,23.507763,0.03845071,0.3349117
0 days 00:00:01.230000,0.0004717106086471161,-0.5650560000000001,0.0981,10.767456000000001,77.08199614890886,77.08199614890886,77.08199614890886,77.08199614890886,0.035953782591083186,-0.004014257279586958,0.009075712110370514,66.0,2.39,0.0,0,2,0.0,4,0.035,23.515,-0.095,52.649101099999996,9.7463175,33.51,31.88,52.649094399999996,9.7463198,0.01064650843716541,-0.01064650843716541,4.246037004251805,-10.53,-20.945,-0.04,23.512655,0.038674638,0.34495032
0 days 00:00:01.240000,0.0004717106086471161,-0.39632400000000007,-0.10594800000000001,10.669356000000002,77.1622272143774,77.1622272143774,77.1622272143774,77.1622272143774,0.038571776469074684,-0.009250245035569947,0.00942477796076938,66.0,2.39,0.0,0,2,0.0,4,0.03,23.51,-0.105,52.649101099999996,9.7463175,33.51,31.88,52.649092499999995,9.7463182,0.010995574287564275,-0.010471975511965976,4.246037004251805,-10.53,-20.945,-0.04,23.507612,0.0338596,0.3508348
0 days 00:00:01.250000,0.0004717106086471161,0.32176800000000005,0.153036,10.583028,77.24245827984595,77.24245827984595,77.24245827984595,77.24245827984595,0.035953782591083186,0.011344640137963142,0.00890117918517108,66.0,2.39,0.0,0,2,0.0,4,0.025,23.51,-0.11,52.649101099999996,9.7463175,33.51,31.88,52.6490906,9.7463167,0.011344640137963142,-0.010471975511965976,4.246211537177004,-10.53,-20.945,-0.04,23.507559,0.029039102,0.35587907
0 days 00:00:01.260000,0.0005896382608088951,-0.33746400000000004,-0.039240000000000004,10.100376,77.14216944801026,77.14216944801026,77.14216944801026,77.14216944801026,0.03560471674068432,0.006632251157578452,0.00942477796076938,66.0,2.39,0.0,0,2,0.0,4,0.025,23.515,-0.12,52.649101099999996,9.7463175,33.51,31.88,52.6490887,9.7463151,0.011693705988362009,-0.010471975511965976,4.246211537177004,-10.53,-20.945,-0.04,23.512453,0.029280867,0.36592004
0 days 00:00:01.270000,0.0005896382608088951,0.074556,0.13734000000000002,10.076832000000001,77.14885537013264,77.14885537013264,77.14885537013264,77.14885537013264,0.03700098014227979,0.0158824961931484,0.00942477796076938,66.0,2.39,0.0,0,2,0.0,4,0.01,23.505,-0.12,52.6490917,9.7463097,33.52,31.89,52.6490868,9.7463134,0.012217304763960308,-0.01064650843716541,4.246386070102204,-10.615,-20.96,0.09,23.502388,0.01452241,0.37008485
0 days 00:00:01.280000,0.0007075659129706742,0.07848000000000001,0.019620000000000002,10.280880000000002,76.97502139495079,76.97502139495079,76.97502139495079,76.97502139495079,0.03944444109507185,0.03874630939427412,0.008552113334772213,66.0,2.39,0.0,0,2,0.0,4,0.01,23.51,-0.125,52.6490917,9.7463097,33.52,31.900000000000002,52.6490849,9.7463119,0.012566370614359171,-0.01064650843716541,4.246386070102204,-10.615,-20.96,0.09,23.507336,0.014715089,0.3751323
0 days 00:00:01.290000,0.000825493565132453,-0.6749280000000001,0.16088400000000003,9.751140000000001,76.91484809584938,76.91484809584938,76.91484809584938,76.91484809584938,0.03961897402027128,0.02600540585471551,0.007853981633974483,66.0,2.39,0.0,0,2,0.0,4,0.005,23.51,-0.13,52.6490917,9.7463097,33.52,31.900000000000002,52.649083,9.7463103,0.012915436464758038,-0.01117010721276371,4.246386070102204,-10.615,-20.96,0.09,23.507082,0.010069986,0.3924983
0 days 00:00:01.300000,0.0009434212172942321,0.13734000000000002,0.17265600000000003,9.531396,76.85467479674796,76.85467479674796,76.85467479674796,76.85467479674796,0.03717551306747922,0.033335788713091695,0.007155849933176751,66.0,2.39,0.0,0,2,0.0,4,0.005,23.505,-0.13,52.6490917,9.7463097,33.52,31.900000000000002,52.6490811,9.7463088,0.013264502315156905,-0.011344640137963142,4.246560603027403,-10.615,-20.96,0.09,23.502012,0.01026066,0.39654046
0 days 00:00:01.310000,0.0010613488694560112,0.278604,0.40809600000000007,9.982656,76.92487697903293,76.92487697903293,76.92487697903293,76.92487697903293,0.03316125578789226,0.05445427266222308,0.007330382858376183,66.0,2.39,0.0,0,2,0.0,4,0.005,23.51,-0.125,52.6490917,9.7463097,33.52,31.900000000000002,52.649079199999996,9.7463072,0.013613568165555772,-0.011693705988362009,4.246560603027403,-10.615,-20.96,0.09,23.506931,0.010443492,0.39979905
0 days 00:00:01.320000,0.0012972041737795694,-0.678852,0.278604,9.503928,76.99507916131792,76.99507916131792,76.99507916131792,76.99507916131792,0.027401669256310976,0.03961897402027128,0.008377580409572781,66.0,2.39,0.0,0,2,0.0,4,0.0,23.515,-0.13,52.649082199999995,9.7463018,33.54,31.91,52.649077299999995,9.7463055,0.014137166941154071,-0.012217304763960308,4.246735135952603,-10.625,-21.01,0.14,23.511656,0.005898862,0.41723135
0 days 00:00:01.330000,0.0014151318259413483,-0.011772000000000001,0.31392000000000003,10.143540000000002,77.09536799315362,77.09536799315362,77.09536799315362,77.09536799315362,0.020071286397934793,0.04729842272904633,0.008726646259971648,66.0,2.39,0.0,0,2,0.0,4,0.0,23.505,-0.125,52.649082199999995,9.7463018,33.54,31.91,52.6490754,9.746304,0.014311699866353503,-0.012740903539558606,4.246735135952603,-10.625,-21.01,0.14,23.5015,0.0060744896,0.4244132
0 days 00:00:01.340000,0.0015330594781031272,-0.45518400000000003,0.21582000000000004,10.151388,77.19565682498931,77.19565682498931,77.19565682498931,77.19565682498931,0.020071286397934793,0.039269908169872414,0.008377580409572781,66.0,2.39,0.0,0,2,0.0,4,0.0,23.51,-0.13,52.649082199999995,9.7463018,33.54,31.91,52.6490735,9.7463024,0.014486232791552936,-0.013089969389957472,4.246909668877802,-10.625,-21.01,0.14,23.506285,0.0063407687,0.43767938
0 days 00:00:01.350000,0.0017689147824266852,-0.43556400000000006,0.24328800000000003,9.39798,77.28925973470261,77.28925973470261,77.28925973470261,77.28925973470261,0.023561944901923447,0.021118483949131385,0.008377580409572781,66.0,2.39,0.0,0,2,0.0,4,-0.005,23.505,-0.135,52.649082199999995,9.7463018,33.54,31.91,52.6490716,9.7463009,0.014835298641951801,-0.013613568165555772,4.246909668877802,-10.625,-21.01,0.14,23.500982,0.0017498374,0.45498863
0 days 00:00:01.360000,0.0018868424345884643,0.46695600000000004,0.533664,9.366588000000002,77.12211168164313,77.12211168164313,77.12211168164313,77.12211168164313,0.026354471705114374,0.03752457891787808,0.006981317007977318,66.0,2.39,0.0,0,2,0.0,4,-0.005,23.5,-0.13,52.649082199999995,9.7463018,33.54,31.91,52.6490697,9.7462993,0.015009831567151233,-0.013788101090755204,4.247084201803002,-10.625,-21.01,0.14,23.495974,0.0018147373,0.45402163
0 days 00:00:01.370000,0.0020047700867502436,-0.4434120000000001,0.019620000000000002,9.264564,77.09202503209242,77.09202503209242,77.09202503209242,77.09202503209242,0.03665191429188092,0.031939525311496235,0.005759586531581288,66.0,2.39,0.0,0,2,0.0,4,-0.015,23.52,-0.135,52.6490727,9.7462938,33.54,31.92,52.6490678,9.7462977,0.0153588974175501,-0.014311699866353503,4.247084201803002,-10.65,-21.045,0.3,23.51566,-0.007755476,0.4717606
0 days 00:00:01.380000,0.0022406253910738014,-0.533664,0.306072,8.138376000000001,77.06193838254171,77.06193838254171,77.06193838254171,77.06193838254171,0.04153883619746504,0.014660765716752367,0.005585053606381855,66.0,2.39,0.0,0,2,0.0,4,-0.015,23.515,-0.13,52.6490727,9.7462938,33.54,31.93,52.6490659,9.7462961,0.015707963267948967,-0.014486232791552936,4.247084201803002,-10.65,-21.045,0.3,23.51065,-0.0076059992,0.47079575
0 days 00:00:01.390000,0.0024764806953973596,0.64746,0.506196,8.621028,76.78781557552418,76.78781557552418,76.78781557552418,76.78781557552418,0.04066617157146788,0.041015237421866746,0.007155849933176751,66.0,2.39,0.0,0,2,0.0,4,-0.015,23.51,-0.115,52.6490727,9.7462938,33.54,31.93,52.649063999999996,9.7462945,0.016057029118347832,-0.014660765716752368,4.2472587347282005,-10.65,-21.045,0.3,23.505787,-0.0076177707,0.45983148
0 days 00:00:01.400000,0.002594408347559139,-0.278604,0.521892,9.315576,76.78112965340179,76.78112965340179,76.78112965340179,76.78112965340179,0.034033920413889425,0.041189770347066175,0.006981317007977318,66.0,2.39,0.0,0,2,0.0,4,-0.015,23.52,-0.1,52.6490727,9.7462938,33.54,31.93,52.649062099999995,9.746293,0.016580627893946133,-0.015184364492350668,4.2472587347282005,-10.65,-21.045,0.3,23.515772,-0.0074190977,0.45729685
0 days 00:00:01.410000,0.0027123359997209178,-0.737712,0.380628,8.542548,77.01513692768506,77.01513692768506,77.01513692768506,77.01513692768506,0.02391101075232232,0.011344640137963142,0.008726646259971648,66.0,2.39,0.0,0,2,0.0,4,-0.01,23.52,-0.095,52.6490727,9.7462938,33.54,31.93,52.6490602,9.746291399999999,0.016929693744344994,-0.015533430342749533,4.247433267653401,-10.65,-21.045,0.3,23.515686,-0.00220586,0.46042344
0 days 00:00:01.420000,0.0027123359997209178,0.40809600000000007,0.612144,9.201780000000001,77.14216944801026,77.14216944801026,77.14216944801026,77.14216944801026,0.017278759594743863,0.032637657012293965,0.008726646259971648,66.0,2.39,0.0,0,2,0.0,4,-0.02,23.525000000000002,-0.09,52.6490638,9.746286699999999,33.4,31.94,52.6490583,9.7462898,0.017278759594743863,-0.0158824961931484,4.247433267653401,-10.66,-21.085,0.23,23.520603,-0.01198683,0.463885
0 days 00:00:01.430000,0.0028302636518826967,-0.678852,0.46695600000000004,9.641268,77.28925973470261,77.28925973470261,77.28925973470261,77.28925973470261,0.010122909661567111,0.02548180707911721,0.00890117918517108,66.0,2.39,0.0,0,2,0.0,4,-0.015,23.53,-0.085,52.6490638,9.746286699999999,33.4,31.94,52.6490564,9.7462882,0.017278759594743863,-0.016057029118347832,4.247607800578599,-10.66,-21.085,0.23,23.525602,-0.0070016403,0.4629848
0 days 00:00:01.440000,0.0028302636518826967,-0.851508,0.24721200000000002,9.578484000000001,77.19565682498931,77.19565682498931,77.19565682498931,77.19565682498931,0.005759586531581288,-0.002617993877991494,0.007679448708775049,66.0,2.39,0.0,0,2,0.0,4,-0.015,23.525000000000002,-0.085,52.6490638,9.746286699999999,33.4,31.94,52.6490545,9.7462866,0.017453292519943295,-0.0164060949687467,4.247607800578599,-10.66,-21.085,0.23,23.52044,-0.006778948,0.47111472
0 days 00:00:01.450000,0.0028302636518826967,0.11379600000000001,0.24328800000000003,9.24102,77.05859542148052,77.05859542148052,77.05859542148052,77.05859542148052,0.007679448708775049,-0.0013962634015954637,0.007679448708775049,66.0,2.39,0.0,0,2,0.0,4,-0.015,23.52,-0.08,52.6490638,9.746286699999999,33.4,31.94,52.6490527,9.7462851,0.017453292519943295,-0.0164060949687467,4.2477823335038,-10.66,-21.085,0.23,23.515522,-0.006867629,0.4660341
0 days 00:00:01.460000,0.0028302636518826967,0.074556,0.7259400000000001,8.597484000000001,76.92153401797175,76.92153401797175,76.92153401797175,76.92153401797175,0.014311699866353502,0.007679448708775049,0.009250245035569947,66.0,2.39,0.0,0,2,0.0,4,-0.015,23.52,-0.075,52.6490638,9.746286699999999,33.4,31.94,52.6490508,9.746283499999999,0.017627825445142728,-0.0164060949687467,4.2477823335038,-10.66,-21.085,0.23,23.515604,-0.0068744128,0.46103674
0 days 00:00:01.470000,0.0028302636518826967,-0.011772000000000001,0.41202000000000005,8.726976,76.88810440735986,76.88810440735986,76.88810440735986,76.88810440735986,0.022165681500327987,0.016406094968746697,0.010821041362364843,66.0,2.39,0.0,0,2,0.0,4,-0.015,23.535,-0.065,52.649054299999996,9.7462789,33.4,31.95,52.649048799999996,9.7462819,0.01780235837034216,-0.016580627893946133,4.247956866428999,-10.585,-21.065,0.105,23.530687,-0.0068944492,0.4553932
0 days 00:00:01.480000,0.0028302636518826967,-0.13734000000000002,0.29430000000000006,9.284184,76.85467479674796,76.85467479674796,76.85467479674796,76.85467479674796,0.033510321638291124,0.023212879051524585,0.012042771838760874,66.0,2.39,0.0,0,2,0.0,4,-0.015,23.535,-0.055,52.649054299999996,9.7462789,33.4,31.95,52.649046899999995,9.746280299999999,0.017976891295541596,-0.016755160819145562,4.247956866428999,-10.585,-21.065,0.105,23.530775,-0.0069208764,0.44950357
0 days 00:00:01.490000,0.0027123359997209178,-0.20404800000000003,0.37670400000000004,8.69166,76.97502139495079,76.97502139495079,76.97502139495079,76.97502139495079,0.033510321638291124,0.023038346126325153,0.01308996938995747,66.0,2.39,0.0,0,2,0.0,4,-0.015,23.535,-0.05,52.649054299999996,9.7462789,33.4,31.95,52.649045099999995,9.746278799999999,0.01832595714594046,-0.016929693744344994,4.2481313993541985,-10.585,-21.065,0.105,23.53078,-0.006780323,0.44861373
0 days 00:00:01.500000,0.0027123359997209178,-0.066708,0.368856,9.084060000000001,77.21571459135643,77.21571459135643,77.21571459135643,77.21571459135643,0.030019663134302467,0.02583087292951608,0.01117010721276371,66.0,2.39,0.0,0,2,0.0,4,-0.015,23.535,-0.04,52.649054299999996,9.7462789,33.4,31.95,52.649043199999994,9.7462772,0.018675022996339326,-0.01710422666954443,4.248305932279397,-10.585,-21.065,0.105,23.530872,-0.0067337477,0.44272545
0 days 00:00:01.510000,0.002594408347559139,-0.506196,0.368856,8.852544000000002,77.13882648694909,77.13882648694909,77.13882648694909,77.13882648694909,0.02775073510670984,0.005061454830783556,0.011344640137963142,66.0,2.39,0.0,0,2,0.0,4,-0.015,23.535,-0.03,52.649054299999996,9.7462789,33.4,31.95,52.6490413,9.7462757,0.019024088846738195,-0.017453292519943295,4.248305932279397,-10.585,-21.065,0.105,23.530891,-0.006613156,0.44094336
0 days 00:00:01.520000,0.0024764806953973596,-0.011772000000000001,0.678852,8.644572000000002,77.06193838254171,77.06193838254171,77.06193838254171,77.06193838254171,0.02199114857512855,0.009250245035569947,0.011519173063162576,66.0,2.39,0.0,0,2,0.0,4,-0.015,23.525000000000002,-0.025,52.649045,9.746271,33.410000000000004,31.96,52.6490394,9.746274,0.019198621771937627,-0.017278759594743863,4.248480465204597,-10.56,-21.025000000000002,0.03,23.521057,-0.006714329,0.43166724
0 days 00:00:01.530000,0.0023585530432355803,-0.20404800000000003,0.24721200000000002,9.036972,77.00845100556268,77.00845100556268,77.00845100556268,77.00845100556268,0.020071286397934793,0.010995574287564275,0.01064650843716541,66.0,2.39,0.0,0,2,0.0,4,-0.01,23.525000000000002,-0.01,52.649045,9.746271,33.410000000000004,31.96,52.6490375,9.7462725,0.01937315469713706,-0.017453292519943295,4.248480465204597,-10.56,-21.025000000000002,0.03,23.521242,-0.0018509377,0.42068112
0 days 00:00:01.540000,0.0022406253910738014,-0.6827760000000002,0.533664,8.997732000000001,76.95496362858366,76.95496362858366,76.95496362858366,76.95496362858366,0.018675022996339326,-0.003316125578789226,0.011344640137963142,66.0,2.39,0.0,0,2,0.0,4,-0.01,23.525000000000002,-0.005,52.649045,9.746271,33.410000000000004,31.96,52.6490356,9.746270899999999,0.019547687622336492,-0.017627825445142728,4.248654998129796,-10.56,-21.025000000000002,0.03,23.521255,-0.0017949872,0.41978765
0 days 00:00:01.550000,0.0021226977389120225,0.184428,0.40417200000000003,8.801532,76.97502139495079,76.97502139495079,76.97502139495079,76.97502139495079,0.017278759594743863,-0.00034906585039886593,0.010471975511965976,66.0,2.39,0.0,0,2,0.0,4,-0.01,23.52,0.005,52.649045,9.746271,33.410000000000004,31.96,52.6490337,9.7462693,0.019722220547535925,-0.017453292519943295,4.248829531054996,-10.56,-21.025000000000002,0.03,23.516506,-0.0020015803,0.4055997
0 days 00:00:01.560000,0.0020047700867502436,0.11772,0.517968,8.923176000000002,76.99507916131792,76.99507916131792,76.99507916131792,76.99507916131792,0.013962634015954637,0.016231562043547268,0.01064650843716541,66.0,2.39,0.0,0,2,0.0,4,-0.01,23.525000000000002,0.015,52.649045,9.746271,33.410000000000004,31.96,52.649031799999996,9.7462678,0.019896753472735357,-0.017453292519943295,4.248829531054996,-10.56,-21.025000000000002,0.03,23.521679,-0.0021279792,0.39569077
0 days 00:00:01.570000,0.0018868424345884643,-0.52974,0.3924,9.225324,77.21571459135643,77.21571459135643,77.21571459135643,77.21571459135643,0.012566370614359173,0.002617993877991494,0.012217304763960306,66.0,2.39,0.0,0,2,0.0,4,-0.01,23.525000000000002,0.02,52.649035999999995,9.746263299999999,33.46,31.96,52.649029899999995,9.746266199999999,0.020071286397934793,-0.017627825445142728,4.249004063980196,-10.545,-21.02,0.015,23.521696,-0.002076858,0.39479744
0 days 00:00:01.580000,0.0017689147824266852,-0.16088400000000003,0.251136,9.468612,77.21571459135643,77.21571459135643,77.21571459135643,77.21571459135643,0.019198621771937627,-0.0006981317007977319,0.012217304763960306,66.0,2.39,0.0,0,2,0.0,4,-0.01,23.52,0.03,52.649035999999995,9.746263299999999,33.46,31.96,52.649027999999994,9.7462646,0.020245819323134222,-0.017627825445142728,4.249004063980196,-10.545,-21.02,0.015,23.516874,-0.0022121503,0.38471332
0 days 00:00:01.590000,0.001650987130264906,0.027468000000000003,0.3413880000000001,9.178236000000002,77.21571459135643,77.21571459135643,77.21571459135643,77.21571459135643,0.023387411976724018,0.00471238898038469,0.011344640137963142,66.0,2.39,0.0,0,2,0.0,4,-0.01,23.52,0.03,52.649035999999995,9.746263299999999,33.46,31.96,52.6490261,9.7462631,0.020420352248333655,-0.017627825445142728,4.249178596905395,-10.545,-21.02,0.015,23.516874,-0.0021450045,0.38471365
0 days 00:00:01.600000,0.0015330594781031272,-0.13734000000000002,0.459108,9.637344,77.27588789045785,77.27588789045785,77.27588789045785,77.27588789045785,0.022165681500327987,0.01064650843716541,0.010471975511965976,66.0,2.39,0.0,0,2,0.0,4,-0.015,23.525000000000002,0.04,52.649035999999995,9.746263299999999,33.46,31.96,52.6490242,9.7462615,0.020594885173533087,-0.01780235837034216,4.2493531298305935,-10.545,-21.02,0.015,23.521984,-0.007196343,0.37901324
0 days 00:00:01.610000,0.0014151318259413483,-0.623916,0.12164400000000002,9.295956,77.06193838254171,77.06193838254171,77.06193838254171,77.06193838254171,0.021642082724729686,-0.005061454830783556,0.009250245035569947,66.0,2.39,0.0,0,2,0.5,4,-0.015,23.525000000000002,0.04,52.649035999999995,9.746263299999999,33.46,31.96,52.6490223,9.7462599,0.020943951023931952,-0.01780235837034216,4.2493531298305935,-10.545,-21.02,0.015,23.521984,-0.007064041,0.37901574
0 days 00:00:01.620000,0.0012972041737795694,-0.05101200000000001,0.5140440000000001,8.860392000000001,76.95496362858366,76.95496362858366,76.95496362858366,76.95496362858366,0.01361356816555577,-0.0015707963267948967,0.008552113334772213,66.0,2.39,0.0,0,2,1.0,4,-0.01,23.515,0.045,52.649026899999996,9.746257499999999,33.160000000000004,31.96,52.6490204,9.7462584,0.02111848394913139,-0.01780235837034216,4.249527662755794,-10.515,-21.035,-0.015,23.512075,-0.0021083339,0.3737353
0 days 00:00:01.630000,0.0012972041737795694,0.015696,0.3296160000000001,9.386208000000002,76.9415917843389,76.9415917843389,76.9415917843389,76.9415917843389,0.007853981633974483,0.009250245035569947,0.007853981633974483,66.0,2.39,0.0,0,2,1.5,4,-0.01,23.515,0.05,52.649026899999996,9.746257499999999,33.160000000000004,31.96,52.6490185,9.7462568,0.02111848394913139,-0.01780235837034216,4.249527662755794,-10.515,-21.035,-0.015,23.512165,-0.0022139016,0.36873722
0 days 00:00:01.640000,0.0011792765216177901,-0.580752,0.46695600000000004,9.476460000000001,76.85467479674796,76.85467479674796,76.85467479674796,76.85467479674796,0.009075712110370514,-0.006283185307179587,0.008552113334772213,66.0,2.39,0.0,0,2,2.0,4,-0.01,23.515,0.055,52.649026899999996,9.746257499999999,33.160000000000004,31.96,52.649016599999996,9.7462553,0.02129301687433082,-0.01780235837034216,4.249702195680993,-10.515,-21.035,-0.015,23.512253,-0.0022559855,0.36373952
0 days 00:00:01.650000,0.0010613488694560112,0.149112,0.317844,9.562788000000001,77.06193838254171,77.06193838254171,77.06193838254171,77.06193838254171,0.007504915783575617,-0.0008726646259971648,0.007853981633974483,66.0,2.39,0.0,0,2,2.5,4,-0.005,23.515,0.06,52.649026899999996,9.746257499999999,33.160000000000004,31.96,52.649014699999995,9.746253699999999,0.02129301687433082,-0.01780235837034216,4.249702195680993,-10.515,-21.035,-0.015,23.512342,0.002636441,0.35863498
0 days 00:00:01.660000,0.0009434212172942321,-0.125568,0.251136,10.061136000000001,77.24245827984595,77.24245827984595,77.24245827984595,77.24245827984595,0.00471238898038469,0.0054105206811824215,0.006806784082777885,66.0,2.39,0.0,0,2,3.0,4,-0.01,23.515,0.06,52.649026899999996,9.746257499999999,33.160000000000004,31.96,52.649012799999994,9.746252199999999,0.021467549799530253,-0.01780235837034216,4.249702195680993,-10.515,-21.035,-0.015,23.512342,-0.0022998124,0.35874185
0 days 00:00:01.670000,0.000825493565132453,-0.612144,0.302148,9.488232000000002,77.27923085151903,77.27923085151903,77.27923085151903,77.27923085151903,-0.0019198621771937623,-0.016231562043547268,0.006806784082777885,66.0,2.39,0.0,0,2,3.5,4,-0.01,23.515,0.06,52.6490174,9.7462497,33.15,31.96,52.6490109,9.7462506,0.021467549799530253,-0.01780235837034216,4.249876728606193,-10.515,-21.01,-0.09,23.512342,-0.0022998124,0.35874185
0 days 00:00:01.680000,0.0007075659129706742,0.090252,0.42379200000000006,9.935568000000002,77.31600342319211,77.31600342319211,77.31600342319211,77.31600342319211,-0.005061454830783556,-0.00034906585039886593,0.005235987755982988,66.0,2.39,0.0,0,2,4.0,4,-0.01,23.51,0.065,52.6490174,9.7462497,33.15,31.96,52.649009,9.746248999999999,0.021467549799530253,-0.017627825445142728,4.249876728606193,-10.515,-21.01,-0.09,23.507494,-0.0024971052,0.34955296
0 days 00:00:01.690000,0.0007075659129706742,-0.51012,0.23936400000000002,9.672660000000002,77.08199614890886,77.08199614890886,77.08199614890886,77.08199614890886,-0.0041887902047863905,-0.010297442586766544,0.004537856055185257,66.0,2.39,0.0,0,2,4.5,4,-0.01,23.51,0.065,52.6490174,9.7462497,33.15,31.96,52.6490071,9.746247499999999,0.021467549799530253,-0.017627825445142728,4.249876728606193,-10.515,-21.01,-0.09,23.507494,-0.0024971052,0.34955296
0 days 00:00:01.700000,0.0005896382608088951,-0.08240400000000002,0.33354000000000006,9.531396,76.99507916131792,76.99507916131792,76.99507916131792,76.99507916131792,-0.005235987755982988,-0.009599310885968814,0.0038397243543875246,66.0,2.39,0.0,0,2,5.0,4,-0.01,23.505,0.065,52.6490174,9.7462497,33.15,31.96,52.6490053,9.7462459,0.021467549799530253,-0.017453292519943295,4.250051261531391,-10.515,-21.01,-0.09,23.502554,-0.0025870511,0.34536383
0 days 00:00:01.710000,0.0005896382608088951,-0.090252,0.384552,9.884556000000002,76.99507916131792,76.99507916131792,76.99507916131792,76.99507916131792,-0.005934119456780722,0.0010471975511965976,0.0027925268031909274,66.0,2.39,0.0,0,2,5.5,4,-0.01,23.51,0.065,52.6490174,9.7462497,33.15,31.96,52.6490034,9.7462444,0.02129301687433082,-0.017453292519943295,4.250051261531391,-10.515,-21.01,-0.09,23.507555,-0.0026454707,0.34545058
0 days 00:00:01.720000,0.0005896382608088951,-0.45518400000000003,0.33354000000000006,9.915948000000002,76.9415917843389,76.9415917843389,76.9415917843389,76.9415917843389,-0.011344640137963142,-0.009075712110370514,0.0022689280275926286,66.0,2.39,0.0,0,2,6.0,4,-0.01,23.515,0.065,52.6490079,9.746241999999999,33.14,31.96,52.6490015,9.7462428,0.02129301687433082,-0.017453292519943295,4.250051261531391,-10.5,-21.045,-0.045,23.512552,-0.0026436127,0.3455378
0 days 00:00:01.730000,0.0005896382608088951,-0.0981,0.41202000000000005,9.758988,76.99507916131792,76.99507916131792,76.99507916131792,76.99507916131792,-0.023561944901923447,-0.007330382858376183,0.0019198621771937623,66.0,2.39,0.0,0,2,6.5,4,-0.01,23.51,0.065,52.6490079,9.746241999999999,33.14,31.96,52.648999599999996,9.7462412,0.02111848394913139,-0.017278759594743863,4.250051261531391,-10.5,-21.045,-0.045,23.507614,-0.0027924024,0.3413482
0 days 00:00:01.740000,0.0005896382608088951,-0.23936400000000002,0.361008,10.355436000000001,77.10873983739837,77.10873983739837,77.10873983739837,77.10873983739837,-0.029321531433504733,-0.006108652381980153,0.0012217304763960308,66.0,2.39,0.0,0,2,7.0,4,-0.01,23.51,0.065,52.6490079,9.746241999999999,33.14,31.96,52.648997699999995,9.7462397,0.020943951023931952,-0.017278759594743863,4.250051261531391,-10.5,-21.045,-0.045,23.507614,-0.0028519784,0.34134766
0 days 00:00:01.750000,0.0005896382608088951,-0.6278400000000001,0.447336,10.151388,77.34943303380402,77.34943303380402,77.34943303380402,77.34943303380402,-0.026703537555513242,-0.02530727415391778,0.0022689280275926286,66.0,2.39,0.0,0,2,7.5,4,-0.005,23.51,0.06,52.6490079,9.746241999999999,33.14,31.96,52.648995799999994,9.7462381,0.020594885173533087,-0.017278759594743863,4.250051261531391,-10.5,-21.045,-0.045,23.507528,0.0021307599,0.3462419
0 days 00:00:01.760000,0.0005896382608088951,0.37670400000000004,0.26290800000000003,10.500624,77.32937526743689,77.32937526743689,77.32937526743689,77.32937526743689,-0.02722713633111154,-0.006283185307179587,-0.00017453292519943296,66.0,2.39,0.0,0,2,8.0,4,-0.005,23.505,0.055,52.6490079,9.746241999999999,33.14,31.96,52.6489939,9.7462366,0.020420352248333655,-0.016929693744344994,4.250051261531391,-10.5,-21.045,-0.045,23.502562,0.0020031303,0.3429519
0 days 00:00:01.770000,0.0005896382608088951,-0.52974,0.145188,10.504548,77.28925973470261,77.28925973470261,77.28925973470261,77.28925973470261,-0.027401669256310976,-0.010471975511965976,-0.0019198621771937623,66.0,2.39,0.0,0,2,8.5,4,-0.01,23.515,0.05,52.6489986,9.746234099999999,33.17,31.96,52.648992,9.746235,0.020245819323134222,-0.016929693744344994,4.250051261531391,-10.495000000000001,-21.04,-0.035,23.512476,-0.0029510676,0.34822103
0 days 00:00:01.780000,0.0005896382608088951,-0.604296,0.42771600000000004,9.755064,77.10873983739837,77.10873983739837,77.10873983739837,77.10873983739837,-0.02775073510670984,-0.030194196059501903,-0.0027925268031909274,66.0,2.39,0.0,0,2,9.0,4,-0.01,23.515,0.04,52.6489986,9.746234099999999,33.17,31.96,52.6489901,9.746233499999999,0.019896753472735357,-0.016929693744344994,4.250051261531391,-10.495000000000001,-21.04,-0.035,23.512306,-0.0028736924,0.35821655
0 days 00:00:01.790000,0.0005896382608088951,0.42379200000000006,0.32569200000000004,9.998352000000002,77.02850877192982,77.02850877192982,77.02850877192982,77.02850877192982,-0.02617993877991494,-0.005934119456780722,-0.002967059728390361,66.0,2.39,0.0,0,2,9.5,4,-0.01,23.51,0.045,52.6489986,9.746234099999999,33.17,31.96,52.6489882,9.7462319,0.019722220547535925,-0.016580627893946133,4.250051261531391,-10.495000000000001,-21.04,-0.035,23.507515,-0.0031982954,0.34492904
0 days 00:00:01.800000,0.0005896382608088951,-0.380628,0.384552,10.198476000000001,76.89479032948223,76.89479032948223,76.89479032948223,76.89479032948223,-0.024434609527920613,-0.005934119456780722,-0.002967059728390361,66.0,2.39,0.0,0,2,10.0,4,-0.005,23.515,0.04,52.6489986,9.746234099999999,33.17,31.96,52.6489863,9.7462304,0.01937315469713706,-0.0164060949687467,4.250051261531391,-10.495000000000001,-21.04,-0.035,23.512491,0.0016993175,0.34580934
0 days 00:00:01.810000,0.0005896382608088951,-0.5532840000000001,0.21974400000000002,10.363284,76.99507916131792,76.99507916131792,76.99507916131792,76.99507916131792,-0.015184364492350668,-0.018500490071139894,-0.0031415926535897933,66.0,2.39,0.0,0,2,10.0,4,-0.005,23.515,0.035,52.6489986,9.746234099999999,33.17,31.96,52.648984399999996,9.746228799999999,0.019198621771937627,-0.0164060949687467,4.249876728606193,-10.495000000000001,-21.04,-0.035,23.51241,0.0017349381,0.35080805
0 days 00:00:01.820000,0.0005896382608088951,0.32569200000000004,-0.023544000000000002,10.826316000000002,77.21571459135643,77.21571459135643,77.21571459135643,77.21571459135643,-0.00890117918517108,-0.006806784082777885,-0.0038397243543875246,66.0,2.39,0.0,1,2,10.0,4,-0.005,23.505,0.03,52.648989,9.7462257,33.27,31.970000000000002,52.648982499999995,9.7462272,0.019024088846738195,-0.016231562043547264,4.249876728606193,-10.475,-21.015,-0.02,23.50239,0.0016876598,0.35154158
0 days 00:00:01.830000,0.0005896382608088951,-0.36493200000000003,0.39632400000000007,11.030364,77.35611895592639,77.35611895592639,77.35611895592639,77.35611895592639,-0.010995574287564275,-0.00645771823237902,-0.00471238898038469,66.0,2.39,0.0,1,2,10.0,4,-0.005,23.51,0.02,52.648989,9.7462257,33.27,31.970000000000002,52.648980599999994,9.7462257,0.01884955592153876,-0.016057029118347832,4.249876728606193,-10.475,-21.015,-0.02,23.50729,0.0017389632,0.35751787
0 days 00:00:01.840000,0.0005896382608088951,-0.8868240000000002,-0.062784,10.688976000000002,77.34943303380402,77.34943303380402,77.34943303380402,77.34943303380402,-0.010297442586766544,-0.03316125578789226,-0.005934119456780722,66.0,2.39,0.0,1,2,10.0,4,-0.005,23.51,0.01,52.648989,9.7462257,33.27,31.970000000000002,52.6489787,9.7462241,0.01884955592153876,-0.016057029118347832,4.249876728606193,-10.475,-21.015,-0.02,23.50713,0.0019274233,0.36751482
0 days 00:00:01.850000,0.0005896382608088951,0.090252,0.16480800000000004,10.645812,77.14885537013264,77.14885537013264,77.14885537013264,77.14885537013264,-0.007504915783575617,-0.024434609527920613,-0.006283185307179587,66.0,2.39,0.0,1,2,10.0,4,-0.005,23.5,-0.0,52.648989,9.7462257,33.27,31.970000000000002,52.6489768,9.7462226,0.018675022996339326,-0.015707963267948967,4.249702195680993,-10.475,-21.015,-0.02,23.4971,0.0018938328,0.369151
0 days 00:00:01.860000,0.0005896382608088951,-0.18835200000000002,0.3531600000000001,10.461384,77.02850877192982,77.02850877192982,77.02850877192982,77.02850877192982,0.0006981317007977319,-0.018675022996339326,-0.006283185307179587,66.0,2.39,0.0,1,2,10.0,4,-0.005,23.505,-0.01,52.648989,9.7462257,33.27,31.970000000000002,52.6489749,9.746221,0.018675022996339326,-0.015533430342749533,4.249702195680993,-10.475,-21.015,-0.02,23.502008,0.0020054167,0.37512535
0 days 00:00:01.870000,0.0005896382608088951,-0.4198680000000001,0.231516,10.229868,77.01179396662387,77.01179396662387,77.01179396662387,77.01179396662387,0.007155849933176751,-0.02391101075232232,-0.0054105206811824215,66.0,2.39,0.0,1,2,10.0,4,0.015,23.5,-0.01,52.648979499999996,9.7462191,32.87,31.96,52.648973,9.7462194,0.018500490071139894,-0.0153588974175501,4.249527662755794,-10.405,-21.05,-0.08,23.497074,0.02185922,0.37057775
0 days 00:00:01.880000,0.0004717106086471161,0.4434120000000001,-0.18835200000000002,10.292652000000002,76.99507916131792,76.99507916131792,76.99507916131792,76.99507916131792,0.008203047484373348,-0.009250245035569947,-0.006108652381980153,66.0,2.39,0.0,1,2,10.0,4,0.02,23.5,-0.015,52.648979499999996,9.7462191,32.87,31.96,52.6489711,9.7462179,0.018500490071139894,-0.015009831567151233,4.249527662755794,-10.405,-21.05,-0.08,23.497128,0.026799116,0.3672832
0 days 00:00:01.890000,0.0003537829564853371,-0.231516,0.24721200000000002,10.500624,76.99507916131792,76.99507916131792,76.99507916131792,76.99507916131792,0.002967059728390361,-0.0008726646259971648,-0.00471238898038469,66.0,2.39,0.0,1,2,10.0,4,0.015,23.505,-0.02,52.648979499999996,9.7462191,32.87,31.970000000000002,52.6489693,9.7462163,0.018675022996339326,-0.015009831567151233,4.249527662755794,-10.405,-21.05,-0.08,23.502052,0.021958852,0.37244546
0 days 00:00:01.900000,0.00023585530432355804,-0.9966960000000001,0.20404800000000003,10.12392,77.28925973470261,77.28925973470261,77.28925973470261,77.28925973470261,0.0031415926535897933,-0.026354471705114374,-0.003490658503988659,66.0,2.39,0.0,1,2,10.0,4,0.02,23.505,-0.025,52.648979499999996,9.7462191,32.87,31.970000000000002,52.6489674,9.746214799999999,0.018675022996339326,-0.015009831567151233,4.2493531298305935,-10.405,-21.05,-0.08,23.501976,0.02705134,0.37735066
0 days 00:00:01.910000,0.00011792765216177902,0.37278,-0.12164400000000002,10.520244,77.30931750106974,77.30931750106974,77.30931750106974,77.30931750106974,0.009250245035569947,-0.013788101090755204,-0.004014257279586958,66.0,2.39,0.0,1,2,10.0,4,0.02,23.495,-0.03,52.648979499999996,9.7462191,32.87,31.970000000000002,52.648965499999996,9.746213299999999,0.018675022996339326,-0.014660765716752368,4.2493531298305935,-10.405,-21.05,-0.08,23.492035,0.026988767,0.37400037
0 days 00:00:01.920000,0.0,0.07848000000000001,-0.11772,10.520244,77.32937526743689,77.32937526743689,77.32937526743689,77.32937526743689,0.01308996938995747,-0.0015707963267948967,-0.0036651914291880917,66.0,2.39,0.0,1,2,10.0,4,0.035,23.5,-0.035,52.64897,9.746211299999999,32.89,31.970000000000002,52.648963599999995,9.7462117,0.018675022996339326,-0.014660765716752368,4.2493531298305935,-10.41,-21.045,-0.04,23.496962,0.04208088,0.37879214
0 days 00:00:01.930000,-0.00011792765216177902,-0.6827760000000002,0.184428,10.092528000000001,77.14885537013264,77.14885537013264,77.14885537013264,77.14885537013264,0.013264502315156903,-0.020071286397934793,-0.0024434609527920616,66.0,2.39,0.0,1,2,10.0,4,0.03,23.505,-0.04,52.64897,9.746211299999999,32.89,31.970000000000002,52.6489617,9.746210099999999,0.01884955592153876,-0.014660765716752368,4.2493531298305935,-10.41,-21.045,-0.04,23.501888,0.037243493,0.3839509
0 days 00:00:01.940000,-0.00023585530432355804,0.145188,-0.019620000000000002,10.237716,76.92153401797175,76.92153401797175,76.92153401797175,76.92153401797175,0.014137166941154071,-0.0024434609527920616,-0.003490658503988659,66.0,2.39,0.0,1,2,10.0,4,0.03,23.5,-0.045,52.64897,9.746211299999999,32.89,31.970000000000002,52.6489598,9.7462086,0.01884955592153876,-0.014311699866353503,4.2493531298305935,-10.41,-21.045,-0.04,23.496948,0.037181746,0.3806757
0 days 00:00:01.950000,-0.00023585530432355804,-0.49442400000000003,-0.05886,10.159236000000002,76.90816217372699,76.90816217372699,76.90816217372699,76.90816217372699,0.015358897417550098,0.0010471975511965976,-0.002967059728390361,66.0,2.39,0.0,1,2,10.0,4,0.03,23.5,-0.045,52.64897,9.746211299999999,32.89,31.970000000000002,52.6489579,9.746207,0.019024088846738195,-0.014311699866353503,4.249178596905395,-10.41,-21.045,-0.04,23.496948,0.037248187,0.38066918
0 days 00:00:01.960000,-0.0003537829564853371,-0.37278,-0.011772000000000001,9.743292000000002,76.89479032948223,76.89479032948223,76.89479032948223,76.89479032948223,0.016231562043547268,-0.007504915783575617,-0.0022689280275926286,66.0,2.39,0.0,1,2,10.0,4,0.03,23.5,-0.05,52.64897,9.746211299999999,32.89,31.970000000000002,52.648956,9.7462055,0.019198621771937627,-0.014311699866353503,4.249178596905395,-10.41,-21.045,-0.04,23.496878,0.037410602,0.3856612
0 days 00:00:01.970000,-0.0003537829564853371,0.694548,0.10594800000000001,10.304424000000001,76.98839323919555,76.98839323919555,76.98839323919555,76.98839323919555,0.012566370614359173,0.02129301687433082,-0.0024434609527920616,66.0,2.39,0.0,1,2,10.0,4,0.02,23.5,-0.05,52.648960599999995,9.7462033,32.92,31.970000000000002,52.6489541,9.7462039,0.01937315469713706,-0.014311699866353503,4.249178596905395,-10.505,-21.04,0.08,23.496878,0.02747979,0.38584843
0 days 00:00:01.980000,-0.0004717106086471161,-0.557208,-0.074556,10.441764000000001,77.08199614890886,77.08199614890886,77.08199614890886,77.08199614890886,0.00471238898038469,0.01937315469713706,-0.0019198621771937623,66.0,2.39,0.0,1,2,10.0,4,0.02,23.505,-0.055,52.648960599999995,9.7462033,32.92,31.970000000000002,52.6489522,9.7462024,0.019547687622336492,-0.014486232791552936,4.249178596905395,-10.505,-21.04,0.08,23.501736,0.02772643,0.39501476
0 days 00:00:01.990000,-0.0004717106086471161,-0.722016,-0.019620000000000002,9.813924,77.06193838254171,77.06193838254171,77.06193838254171,77.06193838254171,-0.0005235987755982988,-0.005934119456780722,-0.0015707963267948967,66.0,2.39,0.0,1,2,10.0,4,0.02,23.505,-0.06,52.648960599999995,9.7462033,32.92,31.970000000000002,52.648950299999996,9.7462008,0.019547687622336492,-0.014660765716752368,4.249178596905395,-10.505,-21.04,0.08,23.501595,0.027904328,0.40411428
0 days 00:00:02,-0.0005896382608088951,0.56898,0.15696000000000002,9.959112000000001,77.14885537013264,77.14885537013264,77.14885537013264,77.14885537013264,-0.008726646259971648,0.020594885173533087,-0.0013962634015954637,66.0,2.39,0.0,1,2,10.0,4,0.02,23.495,-0.06,52.648960599999995,9.7462033,32.92,31.970000000000002,52.648948399999995,9.746199299999999,0.019547687622336492,-0.014660765716752368,4.249178596905395,-10.505,-21.04,0.08,23.491596,0.027901461,0.40396774
0 days 00:00:02.010000,-0.0005896382608088951,-0.5493600000000001,-0.019620000000000002,9.94734,77.14216944801026,77.14216944801026,77.14216944801026,77.14216944801026,-0.005585053606381855,0.01815142422074103,-0.0022689280275926286,66.0,2.39,0.0,1,2,10.0,4,0.02,23.505,-0.065,52.648960599999995,9.7462033,32.92,31.970000000000002,52.6489465,9.7461977,0.019547687622336492,-0.014835298641951801,4.249178596905395,-10.505,-21.04,0.08,23.501448,0.028082225,0.4132138
0 days 00:00:02.020000,-0.0005896382608088951,-0.694548,-0.007848,9.327348,77.02850877192982,77.02850877192982,77.02850877192982,77.02850877192982,0.00034906585039886593,-0.003490658503988659,-0.0020943951023931952,66.0,2.39,0.0,1,2,10.0,4,0.0,23.5,-0.07,52.6489511,9.7461953,32.95,31.970000000000002,52.6489446,9.7461962,0.019547687622336492,-0.015009831567151233,4.249004063980196,-10.545,-20.995,0.17,23.496302,0.008262475,0.42262915
0 days 00:00:02.030000,-0.0005896382608088951,0.7063200000000002,-0.05101200000000001,9.484308,76.92821994009412,76.92821994009412,76.92821994009412,76.92821994009412,0.0015707963267948967,0.023212879051524585,-0.0041887902047863905,66.0,2.39,0.0,1,2,10.0,4,0.0,23.495,-0.065,52.6489511,9.7461953,32.95,31.970000000000002,52.6489427,9.746194599999999,0.019547687622336492,-0.015009831567151233,4.249004063980196,-10.545,-20.995,0.17,23.491379,0.008163287,0.41755566
0 days 00:00:02.040000,-0.0005896382608088951,-0.31392000000000003,0.223668,9.315576,76.82793110825845,76.82793110825845,76.82793110825845,76.82793110825845,-0.002617993877991494,0.02565634000431664,-0.004014257279586958,66.0,2.39,0.0,1,2,10.0,4,-0.005,23.5,-0.06,52.6489511,9.7461953,32.95,31.970000000000002,52.6489408,9.7461931,0.019547687622336492,-0.015184364492350668,4.249004063980196,-10.545,-20.995,0.17,23.49638,0.0031481457,0.41683003
0 days 00:00:02.050000,-0.0005896382608088951,-0.48657600000000006,0.21582000000000004,9.358740000000001,76.92153401797175,76.92153401797175,76.92153401797175,76.92153401797175,-0.00645771823237902,0.014835298641951801,-0.0031415926535897933,66.0,2.39,0.0,1,2,10.0,4,0.0,23.5,-0.055,52.6489511,9.7461953,32.95,31.970000000000002,52.6489389,9.7461915,0.019547687622336492,-0.015533430342749533,4.249004063980196,-10.545,-20.995,0.17,23.496311,0.008209785,0.41993406
0 days 00:00:02.060000,-0.0005896382608088951,0.062784,-0.031392,9.692280000000002,77.01513692768506,77.01513692768506,77.01513692768506,77.01513692768506,-0.0054105206811824215,0.020245819323134222,-0.0027925268031909274,66.0,2.39,0.0,1,2,10.0,4,0.0,23.495,-0.055,52.6489511,9.7461953,32.95,31.970000000000002,52.6489371,9.7461899,0.019547687622336492,-0.015707963267948967,4.249004063980196,-10.545,-20.995,0.17,23.491238,0.008288408,0.42395565
0 days 00:00:02.070000,-0.0005896382608088951,-0.054936000000000006,0.11772,9.723672,77.10873983739837,77.10873983739837,77.10873983739837,77.10873983739837,-0.013788101090755204,0.023736477827122886,-0.004014257279586958,66.0,2.39,0.0,1,2,10.0,4,-0.01,23.5,-0.055,52.6489416,9.746187599999999,32.95,31.970000000000002,52.6489352,9.7461884,0.019547687622336492,-0.0158824961931484,4.248829531054996,-10.545,-21.025000000000002,0.105,23.496162,-0.0016279886,0.4283297
0 days 00:00:02.080000,-0.0005896382608088951,-0.6435360000000001,0.003924,9.578484000000001,77.21571459135643,77.21571459135643,77.21571459135643,77.21571459135643,-0.016929693744344998,0.006283185307179587,-0.00471238898038469,66.0,2.39,0.0,1,2,10.0,4,-0.01,23.5,-0.055,52.6489416,9.746187599999999,32.95,31.970000000000002,52.648933299999996,9.7461868,0.01937315469713706,-0.016057029118347832,4.248829531054996,-10.545,-21.025000000000002,0.105,23.496088,-0.0016233057,0.43242952
0 days 00:00:02.090000,-0.0005896382608088951,-0.08240400000000002,0.20797200000000002,9.374436000000001,77.14885537013264,77.14885537013264,77.14885537013264,77.14885537013264,-0.01937315469713706,0.005934119456780722,-0.006806784082777885,66.0,2.39,0.0,1,2,10.0,4,-0.01,23.495,-0.05,52.6489416,9.746187599999999,32.95,31.98,52.648931399999995,9.746185299999999,0.019198621771937627,-0.016231562043547264,4.248829531054996,-10.545,-21.025000000000002,0.105,23.491095,-0.0017175846,0.4314497
0 days 00:00:02.100000,-0.0005896382608088951,-0.15696000000000002,0.20404800000000003,9.543168,77.06193838254171,77.06193838254171,77.06193838254171,77.06193838254171,-0.019722220547535925,0.015358897417550098,-0.008377580409572781,66.0,2.39,0.0,1,2,10.0,4,-0.01,23.5,-0.045,52.6489416,9.746187599999999,32.95,31.98,52.648929499999994,9.7461837,0.019024088846738195,-0.016231562043547264,4.248654998129796,-10.545,-21.025000000000002,0.105,23.496174,-0.0018864458,0.4265321
0 days 00:00:02.110000,-0.0005896382608088951,-0.631764,0.090252,9.072288,76.89479032948223,76.89479032948223,76.89479032948223,76.89479032948223,-0.014137166941154071,-0.0008726646259971648,-0.008028514559173916,66.0,2.39,0.0,1,2,10.0,4,-0.01,23.5,-0.045,52.6489416,9.746187599999999,32.95,31.98,52.6489276,9.7461822,0.01884955592153876,-0.0164060949687467,4.248654998129796,-10.545,-21.025000000000002,0.105,23.4961,-0.0018835954,0.4306319
0 days 00:00:02.120000,-0.0004717106086471161,0.32569200000000004,-0.031392,8.899632,76.8413029525032,76.8413029525032,76.8413029525032,76.8413029525032,-0.00942477796076938,0.006806784082777885,-0.008203047484373348,66.0,2.39,0.0,1,2,10.0,4,-0.005,23.495,-0.035,52.6489322,9.7461798,32.95,31.98,52.6489257,9.746180599999999,0.018675022996339326,-0.0164060949687467,4.248654998129796,-10.51,-21.035,0.035,23.491264,0.0028521277,0.42045924
0 days 00:00:02.130000,-0.0004717106086471161,0.21582000000000004,0.21189600000000003,9.876708000000002,76.92153401797175,76.92153401797175,76.92153401797175,76.92153401797175,-0.006981317007977318,0.03630284844148206,-0.008726646259971648,66.0,2.39,0.0,1,2,10.0,4,-0.005,23.5,-0.025,52.6489322,9.7461798,32.95,31.98,52.6489238,9.746179,0.018675022996339326,-0.0164060949687467,4.248480465204597,-10.51,-21.035,0.035,23.496428,0.0026669449,0.41054437
0 days 00:00:02.140000,-0.0004717106086471161,-1.15758,-0.10987200000000001,9.382284,77.12211168164313,77.12211168164313,77.12211168164313,77.12211168164313,-0.006108652381980153,0.00034906585039886593,-0.007679448708775049,66.0,2.39,0.0,1,2,10.0,4,-0.005,23.5,-0.03,52.6489322,9.7461798,32.95,31.98,52.6489219,9.7461775,0.018500490071139894,-0.016755160819145562,4.248480465204597,-10.51,-21.035,0.035,23.496199,0.0028395033,0.4237436
0 days 00:00:02.150000,-0.0004717106086471161,0.34531200000000006,0.223668,9.244944,77.16891313649978,77.16891313649978,77.16891313649978,77.16891313649978,-0.010821041362364843,0.003316125578789226,-0.008726646259971648,66.0,2.39,0.0,1,2,10.0,4,-0.005,23.490000000000002,-0.025,52.6489322,9.7461798,32.95,31.98,52.64892,9.746175899999999,0.018500490071139894,-0.016755160819145562,4.248305932279397,-10.51,-21.035,0.035,23.486282,0.0027439194,0.41857767
0 days 00:00:02.160000,-0.0004717106086471161,0.17265600000000003,0.04316400000000001,9.908100000000001,77.21571459135643,77.21571459135643,77.21571459135643,77.21571459135643,-0.014835298641951801,0.024609142453120045,-0.00942477796076938,66.0,2.39,0.0,1,2,10.0,4,-0.005,23.495,-0.02,52.6489322,9.7461798,32.95,31.98,52.648918099999996,9.7461744,0.01832595714594046,-0.016929693744344994,4.248305932279397,-10.51,-21.035,0.035,23.491295,0.00265592,0.4177628
0 days 00:00:02.170000,-0.0004717106086471161,-1.185048,0.192276,8.648496000000002,77.06193838254171,77.06193838254171,77.06193838254171,77.06193838254171,-0.014311699866353502,-0.014137166941154071,-0.008203047484373348,66.0,2.39,0.0,1,2,10.0,4,0.005,23.495,-0.015,52.6489226,9.746172399999999,32.92,31.98,52.648916199999995,9.7461728,0.01815142422074103,-0.01710422666954443,4.2481313993541985,-10.47,-21.015,-0.025,23.491306,0.012565037,0.4166826
0 days 00:00:02.180000,-0.0004717106086471161,0.6513840000000001,0.05886,9.543168,77.02850877192982,77.02850877192982,77.02850877192982,77.02850877192982,-0.007330382858376183,0.017278759594743863,-0.00942477796076938,66.0,2.39,0.0,1,2,10.0,4,0.01,23.485,-0.005,52.6489226,9.746172399999999,32.92,31.98,52.648914299999994,9.7461712,0.017976891295541596,-0.016929693744344994,4.2481313993541985,-10.47,-21.015,-0.025,23.481552,0.017235026,0.40232933
0 days 00:00:02.190000,-0.0004717106086471161,-0.463032,-0.039240000000000004,10.021896000000002,76.89479032948223,76.89479032948223,76.89479032948223,76.89479032948223,-0.0013962634015954637,0.019547687622336492,-0.01064650843716541,66.0,2.39,0.0,1,2,10.0,4,0.01,23.495,-0.0,52.6489226,9.746172399999999,32.92,31.98,52.648912499999994,9.7461697,0.017976891295541596,-0.01710422666954443,4.247956866428999,-10.47,-21.015,-0.025,23.491564,0.017221903,0.40159953
0 days 00:00:02.200000,-0.0003537829564853371,-1.004544,-0.07063200000000001,8.699508000000002,76.89479032948223,76.89479032948223,76.89479032948223,76.89479032948223,-0.0010471975511965976,-0.02076941809873252,-0.009948376736367679,66.0,2.39,0.0,2,2,10.0,4,0.01,23.490000000000002,-0.005,52.6489226,9.746172399999999,32.92,31.98,52.6489106,9.7461681,0.017976891295541596,-0.017278759594743863,4.2477823335038,-10.47,-21.015,-0.025,23.486408,0.01738392,0.4106109
0 days 00:00:02.210000,-0.0003537829564853371,0.918216,0.16088400000000003,9.625572000000002,76.99507916131792,76.99507916131792,76.99507916131792,76.99507916131792,0.0012217304763960308,0.01780235837034216,-0.01064650843716541,66.0,2.39,0.0,2,2,10.5,4,0.01,23.485,0.005,52.6489226,9.746172399999999,32.92,31.98,52.6489087,9.746166599999999,0.017976891295541596,-0.01710422666954443,4.2477823335038,-10.47,-21.015,-0.025,23.481651,0.017128963,0.39643002
0 days 00:00:02.220000,-0.00023585530432355804,-0.7298640000000001,0.15696000000000002,9.994428000000003,77.10873983739837,77.10873983739837,77.10873983739837,77.10873983739837,0.0027925268031909274,0.012566370614359173,-0.009250245035569947,66.0,2.39,0.0,2,2,11.0,4,0.025,23.495,0.01,52.6489127,9.746164199999999,33.0,31.98,52.6489068,9.746165,0.01780235837034216,-0.017278759594743863,4.247607800578599,-10.465,-21.015,-0.01,23.491669,0.032044437,0.39543796
0 days 00:00:02.230000,-0.00023585530432355804,-0.655308,-0.223668,9.276336,77.17559905862215,77.17559905862215,77.17559905862215,77.17559905862215,0.0005235987755982988,-0.017976891295541593,-0.008028514559173916,66.0,2.39,0.0,2,2,11.5,4,0.025,23.490000000000002,0.01,52.6489127,9.746164199999999,33.0,31.98,52.6489049,9.7461634,0.01780235837034216,-0.017453292519943295,4.247607800578599,-10.465,-21.015,-0.01,23.486597,0.03211587,0.39945015
0 days 00:00:02.240000,-0.00011792765216177902,0.6906240000000001,0.031392,9.861012,77.24245827984595,77.24245827984595,77.24245827984595,77.24245827984595,-0.0005235987755982988,0.010297442586766544,-0.008377580409572781,66.0,2.39,0.0,2,2,12.0,4,0.02,23.485,0.015,52.6489127,9.746164199999999,33.0,31.98,52.648903,9.746161899999999,0.01780235837034216,-0.017278759594743863,4.247433267653401,-10.465,-21.015,-0.01,23.481754,0.026953155,0.39035574
0 days 00:00:02.250000,-0.00011792765216177902,-0.761256,-0.039240000000000004,9.955188000000001,77.12211168164313,77.12211168164313,77.12211168164313,77.12211168164313,0.0006981317007977319,0.003316125578789226,-0.009599310885968814,66.0,2.39,0.0,2,2,12.5,4,0.025,23.495,0.015,52.6489127,9.746164199999999,33.0,31.98,52.648901099999996,9.7461603,0.01780235837034216,-0.017278759594743863,4.247433267653401,-10.465,-21.015,-0.01,23.491755,0.031955443,0.39043948
0 days 00:00:02.260000,-0.00011792765216177902,-0.769104,0.023544000000000002,9.135072000000001,76.97502139495079,76.97502139495079,76.97502139495079,76.97502139495079,0.00034906585039886593,-0.02234021442552742,-0.008377580409572781,66.0,2.39,0.0,2,2,13.0,4,0.025,23.490000000000002,0.01,52.6489127,9.746164199999999,33.0,31.98,52.648899199999995,9.7461588,0.01780235837034216,-0.017453292519943295,4.2472587347282005,-10.465,-21.015,-0.01,23.486597,0.03211587,0.39945015
0 days 00:00:02.270000,0.0,0.7651800000000001,-0.08632800000000002,10.072908000000002,76.94827770646128,76.94827770646128,76.94827770646128,76.94827770646128,-0.00034906585039886593,0.010821041362364843,-0.010122909661567111,66.0,2.39,0.0,2,2,13.5,4,0.025,23.485,0.015,52.6489033,9.7461564,33.0,31.98,52.648897299999994,9.746157199999999,0.01780235837034216,-0.017278759594743863,4.2472587347282005,-10.525,-21.03,0.035,23.481754,0.031952366,0.39026672
0 days 00:00:02.280000,0.0,-1.004544,-0.023544000000000002,9.743292000000002,76.92153401797175,76.92153401797175,76.92153401797175,76.92153401797175,0.002967059728390361,-0.011693705988362009,-0.009250245035569947,66.0,2.39,0.0,2,2,14.0,4,0.025,23.495,0.015,52.6489033,9.7461564,33.0,31.98,52.6488954,9.7461556,0.01780235837034216,-0.017278759594743863,4.247084201803002,-10.525,-21.03,0.035,23.491755,0.031955443,0.39043948
0 days 00:00:02.290000,0.0,-0.28252800000000006,0.07848000000000001,9.174312,76.86136071887034,76.86136071887034,76.86136071887034,76.86136071887034,0.00471238898038469,-0.027052603405912107,-0.008028514559173916,66.0,2.39,0.0,2,2,14.5,4,0.025,23.485,0.015,52.6489033,9.7461564,33.0,31.98,52.6488935,9.7461541,0.01780235837034216,-0.017278759594743863,4.246909668877802,-10.525,-21.03,0.035,23.481754,0.031952366,0.39026672
0 days 00:00:02.300000,0.00011792765216177902,0.64746,0.09417600000000001,10.382904,77.1622272143774,77.1622272143774,77.1622272143774,77.1622272143774,0.005759586531581288,0.010471975511965976,-0.006981317007977318,66.0,2.39,0.0,2,2,15.0,4,0.025,23.485,0.02,52.6489033,9.7461564,33.0,31.98,52.6488916,9.746152499999999,0.017976891295541596,-0.016929693744344994,4.246909668877802,-10.525,-21.03,0.035,23.481976,0.031783268,0.37706733
0 days 00:00:02.310000,0.00011792765216177902,-1.094796,-0.21582000000000004,10.225944,77.1622272143774,77.1622272143774,77.1622272143774,77.1622272143774,0.004886921905584123,-0.016755160819145562,-0.006806784082777885,66.0,2.39,0.0,2,2,15.5,4,0.025,23.495,0.015,52.6489033,9.7461564,33.0,31.98,52.6488897,9.746151,0.017976891295541596,-0.01710422666954443,4.246909668877802,-10.525,-21.03,0.035,23.491821,0.03194988,0.3863345
0 days 00:00:02.320000,0.00011792765216177902,-0.231516,-0.019620000000000002,9.319500000000001,77.1622272143774,77.1622272143774,77.1622272143774,77.1622272143774,-0.0013962634015954637,-0.03735004599267865,-0.005759586531581288,66.0,2.39,0.0,2,2,16.0,4,0.02,23.485,0.01,52.648894,9.7461485,33.02,31.98,52.6488878,9.7461494,0.017976891295541596,-0.016929693744344994,4.246735135952603,-10.53,-20.995,-0.04,23.481806,0.02696381,0.38715416
0 days 00:00:02.330000,0.00023585530432355804,0.6435360000000001,-0.003924,10.174932000000002,77.28925973470261,77.28925973470261,77.28925973470261,77.28925973470261,-0.0013962634015954637,0.002967059728390361,-0.006981317007977318,66.0,2.39,0.0,2,2,16.5,4,0.02,23.48,0.015,52.648894,9.7461485,33.02,31.98,52.648885899999996,9.7461478,0.017976891295541596,-0.0164060949687467,4.246735135952603,-10.53,-20.995,-0.04,23.477085,0.026651451,0.36978054
0 days 00:00:02.340000,0.00023585530432355804,-1.31454,-0.015696,9.641268,77.08199614890886,77.08199614890886,77.08199614890886,77.08199614890886,0.0054105206811824215,-0.027052603405912107,-0.005585053606381855,66.0,2.39,0.0,2,2,17.0,4,0.02,23.490000000000002,0.01,52.648894,9.7461485,33.02,31.98,52.6488841,9.7461463,0.017976891295541596,-0.016580627893946133,4.246560603027403,-10.53,-20.995,-0.04,23.486937,0.026817955,0.37904167
0 days 00:00:02.350000,0.00023585530432355804,0.03531600000000001,-0.129492,9.762912000000002,77.01513692768506,77.01513692768506,77.01513692768506,77.01513692768506,0.015009831567151233,-0.023212879051524585,-0.00645771823237902,66.0,2.39,0.0,2,2,17.5,4,0.02,23.48,0.015,52.648894,9.7461485,33.02,31.98,52.648882199999996,9.7461447,0.01815142422074103,-0.016231562043547264,4.246560603027403,-10.53,-20.995,-0.04,23.47715,0.026641618,0.36567897
0 days 00:00:02.360000,0.00023585530432355804,0.20012400000000002,-0.24721200000000002,10.394676000000002,76.99507916131792,76.99507916131792,76.99507916131792,76.99507916131792,0.028274333882308142,-0.005934119456780722,-0.006108652381980153,66.0,2.39,0.0,2,2,18.0,4,0.02,23.48,0.015,52.648894,9.7461485,33.02,31.98,52.648880299999995,9.746143199999999,0.01815142422074103,-0.016057029118347832,4.246560603027403,-10.53,-20.995,-0.04,23.477213,0.026567247,0.36158213
0 days 00:00:02.370000,0.0003537829564853371,-0.5650560000000001,-0.011772000000000001,9.923796000000001,76.92821994009412,76.92821994009412,76.92821994009412,76.92821994009412,0.033510321638291124,-0.02495820830351891,-0.006283185307179587,66.0,2.39,0.0,2,2,18.5,4,0.02,23.48,0.01,52.648884499999994,9.7461409,33.0,31.98,52.6488784,9.7461416,0.018500490071139894,-0.0158824961931484,4.246386070102204,-10.5,-20.95,-0.0,23.477196,0.026710143,0.3624745
0 days 00:00:02.380000,0.0003537829564853371,0.062784,0.129492,9.994428000000003,76.86136071887034,76.86136071887034,76.86136071887034,76.86136071887034,0.028972465583105875,-0.011693705988362009,-0.00471238898038469,66.0,2.39,0.0,2,2,19.0,4,0.02,23.475,0.01,52.648884499999994,9.7461409,33.0,31.98,52.6488765,9.746139999999999,0.01884955592153876,-0.015707963267948967,4.246386070102204,-10.5,-20.95,-0.0,23.47226,0.026757957,0.35828984
0 days 00:00:02.390000,0.0003537829564853371,-0.20404800000000003,-0.17658000000000004,10.551636000000002,77.08199614890886,77.08199614890886,77.08199614890886,77.08199614890886,0.02426007660272118,-0.005585053606381855,-0.005061454830783556,66.0,2.39,0.0,2,2,19.5,4,0.02,23.475,0.005,52.648884499999994,9.7461409,33.0,31.98,52.6488746,9.746138499999999,0.019024088846738195,-0.015533430342749533,4.246211537177004,-10.5,-20.95,-0.0,23.472246,0.026837662,0.35918766
0 days 00:00:02.400000,0.0003537829564853371,-0.788724,0.09417600000000001,9.621648,76.99507916131792,76.99507916131792,76.99507916131792,76.99507916131792,0.014660765716752367,-0.032114058236695664,-0.0022689280275926286,66.0,2.39,0.0,2,2,20.0,4,0.02,23.475,-0.0,52.648884499999994,9.7461409,33.0,31.98,52.6488727,9.7461369,0.01937315469713706,-0.015533430342749533,4.246211537177004,-10.5,-20.95,-0.0,23.472168,0.027059888,0.36417678
0 days 00:00:02.410000,0.0003537829564853371,0.521892,0.07848000000000001,10.210248,77.19565682498931,77.19565682498931,77.19565682498931,77.19565682498931,0.013439035240356337,-0.008028514559173916,-0.002967059728390361,66.0,2.39,0.0,2,2,20.0,4,0.02,23.47,-0.0,52.648884499999994,9.7461409,33.0,31.98,52.6488708,9.7461354,0.019547687622336492,-0.015184364492350668,4.246211537177004,-10.5,-20.95,-0.0,23.467295,0.026961815,0.35590434
0 days 00:00:02.420000,0.0004717106086471161,-0.5532840000000001,0.20797200000000002,10.249488,77.08199614890886,77.08199614890886,77.08199614890886,77.08199614890886,0.014137166941154071,-0.010122909661567111,-0.0027925268031909274,66.0,2.39,0.0,2,2,20.0,4,0.02,23.485,-0.0,52.6488751,9.7461332,32.99,31.98,52.6488689,9.746133799999999,0.019547687622336492,-0.015184364492350668,4.246211537177004,-10.535,-20.98,-0.09,23.482294,0.026966266,0.35613206
0 days 00:00:02.430000,0.0004717106086471161,-0.49834800000000007,-0.17265600000000003,9.970884,77.08199614890886,77.08199614890886,77.08199614890886,77.08199614890886,0.016755160819145562,-0.020594885173533087,-0.002967059728390361,66.0,2.39,0.0,2,2,20.0,4,0.02,23.48,-0.005,52.6488751,9.7461332,32.99,31.98,52.648866999999996,9.7461322,0.019722220547535925,-0.015009831567151233,4.246211537177004,-10.535,-20.98,-0.09,23.47728,0.027044712,0.3569531
0 days 00:00:02.440000,0.0004717106086471161,0.298224,-0.027468000000000003,10.167084000000001,76.86136071887034,76.86136071887034,76.86136071887034,76.86136071887034,0.015533430342749534,-0.0027925268031909274,-0.003490658503988659,66.0,2.39,0.0,2,2,20.0,4,0.02,23.475,-0.005,52.6488751,9.7461332,32.99,31.98,52.648865199999996,9.7461307,0.019896753472735357,-0.014835298641951801,4.246037004251805,-10.535,-20.98,-0.09,23.472343,0.027024012,0.35277748
0 days 00:00:02.450000,0.0005896382608088951,-0.47872800000000004,0.090252,9.762912000000002,76.8145592640137,76.8145592640137,76.8145592640137,76.8145592640137,0.014486232791552938,-0.011693705988362009,-0.0013962634015954637,66.0,2.39,0.0,2,2,20.0,4,0.015,23.48,-0.01,52.6488751,9.7461332,32.99,31.98,52.648863299999995,9.7461291,0.020071286397934793,-0.014835298641951801,4.246037004251805,-10.535,-20.98,-0.09,23.477266,0.02218842,0.3579457
0 days 00:00:02.460000,0.0005896382608088951,-0.066708,0.24721200000000002,10.010124000000001,76.76775780915703,76.76775780915703,76.76775780915703,76.76775780915703,0.014486232791552938,-0.008726646259971648,0.0008726646259971648,66.0,2.39,0.0,2,2,20.0,4,0.015,23.48,-0.01,52.6488751,9.7461332,32.99,31.98,52.648861399999994,9.7461276,0.020245819323134222,-0.014660765716752368,4.246037004251805,-10.535,-20.98,-0.09,23.47733,0.022167938,0.3538451
0 days 00:00:02.470000,0.0007075659129706742,0.09417600000000001,-0.17265600000000003,10.398600000000002,76.99507916131792,76.99507916131792,76.99507916131792,76.99507916131792,0.017104226669544427,0.004886921905584123,0.0013962634015954637,66.0,2.39,0.0,2,2,20.0,4,0.005,23.485,-0.01,52.648865699999995,9.7461253,32.99,31.98,52.6488595,9.746126,0.020420352248333655,-0.014660765716752368,4.246037004251805,-10.605,-20.96,0.03,23.48233,0.012233277,0.3541187
0 days 00:00:02.480000,0.0007075659129706742,-0.517968,0.24328800000000003,9.939492000000001,77.12211168164313,77.12211168164313,77.12211168164313,77.12211168164313,0.012740903539558606,-0.00645771823237902,0.0024434609527920616,66.0,2.39,0.0,2,2,20.0,4,0.0,23.485,-0.015,52.648865699999995,9.7461253,32.99,31.98,52.6488576,9.7461244,0.020594885173533087,-0.014835298641951801,4.246037004251805,-10.605,-20.96,0.03,23.482193,0.0074834996,0.3633155
0 days 00:00:02.490000,0.0007075659129706742,0.003924,-0.05101200000000001,10.017972000000002,77.19565682498931,77.19565682498931,77.19565682498931,77.19565682498931,0.008203047484373348,0.00017453292519943296,0.0012217304763960308,66.0,2.39,0.0,2,2,20.0,4,0.0,23.485,-0.02,52.648865699999995,9.7461253,32.99,31.98,52.6488557,9.7461229,0.02076941809873252,-0.014660765716752368,4.246037004251805,-10.605,-20.96,0.03,23.482183,0.0075656218,0.36421505
0 days 00:00:02.500000,0.0007075659129706742,-0.33354000000000006,0.24721200000000002,10.229868,76.92153401797175,76.92153401797175,76.92153401797175,76.92153401797175,0.009948376736367679,0.00017453292519943296,-0.00034906585039886593,66.0,2.39,0.0,2,2,20.0,4,-0.005,23.485,-0.02,52.648865699999995,9.7461253,32.99,31.98,52.6488538,9.7461213,0.020943951023931952,-0.014660765716752368,4.246037004251805,-10.605,-20.96,0.03,23.482183,0.0026302862,0.3643184
0 days 00:00:02.510000,0.0007075659129706742,-0.45126,0.07848000000000001,9.700128000000001,76.90816217372699,76.90816217372699,76.90816217372699,76.90816217372699,0.011868238913561443,-0.011519173063162576,0.00017453292519943296,66.0,2.39,0.0,2,2,20.0,4,0.0,23.485,-0.025,52.648865699999995,9.7461253,32.99,31.98,52.6488519,9.7461197,0.020943951023931952,-0.014660765716752368,4.246037004251805,-10.605,-20.96,0.03,23.482111,0.0077338903,0.36921206
0 days 00:00:02.520000,0.000825493565132453,0.192276,0.11379600000000001,9.82962,76.89479032948223,76.89479032948223,76.89479032948223,76.89479032948223,0.01780235837034216,0.0012217304763960308,0.0006981317007977319,66.0,2.39,0.0,2,2,20.0,4,-0.005,23.475,-0.02,52.648855999999995,9.746118599999999,32.730000000000004,31.98,52.648849999999996,9.7461182,0.02111848394913139,-0.014486232791552936,4.246037004251805,-10.57,-20.94,-0.015,23.472248,0.0026042669,0.36007565
0 days 00:00:02.530000,0.000825493565132453,-0.019620000000000002,0.22759200000000002,9.751140000000001,76.76775780915703,76.76775780915703,76.76775780915703,76.76775780915703,0.019722220547535925,0.010821041362364843,0.0006981317007977319,66.0,2.39,0.0,2,2,20.0,4,-0.005,23.48,-0.02,52.648855999999995,9.746118599999999,32.730000000000004,31.98,52.648848099999995,9.746116599999999,0.02129301687433082,-0.014486232791552936,4.246037004251805,-10.57,-20.94,-0.015,23.477247,0.0026686536,0.36014757
0 days 00:00:02.540000,0.000825493565132453,-0.43948800000000005,0.12164400000000002,10.061136000000001,76.86136071887034,76.86136071887034,76.86136071887034,76.86136071887034,0.020071286397934793,0.008377580409572781,0.0010471975511965976,66.0,2.39,0.0,2,2,20.0,4,-0.005,23.48,-0.02,52.648855999999995,9.746118599999999,32.730000000000004,31.98,52.648846199999994,9.746115099999999,0.021467549799530253,-0.014660765716752368,4.246037004251805,-10.57,-20.94,-0.015,23.477182,0.002819469,0.3642437
0 days 00:00:02.550000,0.000825493565132453,-0.29430000000000006,0.1962,10.131768,76.99507916131792,76.99507916131792,76.99507916131792,76.99507916131792,0.016929693744344998,0.0019198621771937623,0.0010471975511965976,66.0,2.39,0.0,2,2,20.0,4,-0.01,23.475,-0.025,52.648855999999995,9.746118599999999,32.730000000000004,31.98,52.648844399999994,9.7461135,0.021642082724729686,-0.014660765716752368,4.246037004251805,-10.57,-20.94,-0.015,23.47211,-0.0020091832,0.3692764
0 days 00:00:02.560000,0.0009434212172942321,0.090252,0.258984,10.135692000000002,77.14885537013264,77.14885537013264,77.14885537013264,77.14885537013264,0.010297442586766544,0.006981317007977318,0.00034906585039886593,66.0,2.39,0.14999999999999855,2,2,20.0,4,-0.01,23.475,-0.025,52.648855999999995,9.746118599999999,32.730000000000004,31.98,52.6488425,9.746111899999999,0.02181661564992912,-0.014835298641951801,4.246037004251805,-10.57,-20.94,-0.015,23.472048,-0.0018553642,0.37337247
0 days 00:00:02.570000,0.0009434212172942321,-0.133416,0.27468000000000004,9.900252000000002,77.02850877192982,77.02850877192982,77.02850877192982,77.02850877192982,0.00034906585039886593,0.008028514559173916,0.0006981317007977319,66.0,2.39,0.29999999999999716,2,2,20.0,4,-0.01,23.475,-0.035,52.6488467,9.7461108,32.76,31.98,52.6488406,9.7461104,0.02199114857512855,-0.014835298641951801,4.246037004251805,-10.57,-20.935,0.095,23.471899,-0.0015703286,0.38336924
0 days 00:00:02.580000,0.0009434212172942321,-0.31392000000000003,0.231516,9.857088000000003,76.9415917843389,76.9415917843389,76.9415917843389,76.9415917843389,-0.006981317007977318,0.0054105206811824215,-0.0006981317007977319,66.0,2.39,0.4499999999999975,2,2,20.0,4,-0.01,23.475,-0.035,52.6488467,9.7461108,32.76,31.98,52.6488387,9.7461088,0.02199114857512855,-0.014835298641951801,4.246037004251805,-10.57,-20.935,0.095,23.471899,-0.0015703286,0.38336924
0 days 00:00:02.590000,0.0009434212172942321,-0.32176800000000005,0.361008,9.507852000000002,76.85467479674796,76.85467479674796,76.85467479674796,76.85467479674796,-0.01291543646475804,0.00034906585039886593,-0.00017453292519943296,66.0,2.39,0.5999999999999979,2,2,20.0,4,-0.005,23.47,-0.035,52.6488467,9.7461108,32.76,31.98,52.6488368,9.7461073,0.02181661564992912,-0.015009831567151233,4.246037004251805,-10.57,-20.935,0.095,23.466831,0.0034493,0.38728046
0 days 00:00:02.600000,0.0009434212172942321,-0.10987200000000001,0.521892,9.625572000000002,76.76775780915703,76.76775780915703,76.76775780915703,76.76775780915703,-0.014486232791552938,0.01117010721276371,0.0,66.0,2.39,0.7499999999999982,2,2,20.0,4,-0.005,23.47,-0.03,52.6488467,9.7461108,32.76,31.98,52.6488349,9.7461057,0.02181661564992912,-0.015009831567151233,4.246037004251805,-10.57,-20.935,0.095,23.466906,0.003340238,0.38228223
0 days 00:00:02.610000,0.0009434212172942321,-0.184428,0.266832,9.861012,76.86136071887034,76.86136071887034,76.86136071887034,76.86136071887034,-0.009773843811168246,0.008726646259971648,0.0012217304763960308,66.0,2.39,0.8999999999999986,2,2,20.0,4,0.0,23.47,-0.03,52.6488467,9.7461108,32.76,31.98,52.648832999999996,9.7461041,0.021642082724729686,-0.015009831567151233,4.246037004251805,-10.57,-20.935,0.095,23.466906,0.008272347,0.3821746
0 days 00:00:02.620000,0.000825493565132453,0.023544000000000002,-0.007848,9.629496000000001,76.95496362858366,76.95496362858366,76.95496362858366,76.95496362858366,-0.00890117918517108,0.01308996938995747,0.0013962634015954637,66.0,2.39,1.049999999999999,2,2,20.0,4,-0.005,23.465,-0.035,52.6488373,9.7461029,32.76,31.98,52.648831099999995,9.7461026,0.021642082724729686,-0.015009831567151233,4.246037004251805,-10.56,-20.945,0.065,23.461832,0.003380084,0.38720608
0 days 00:00:02.630000,0.000825493565132453,-0.251136,0.251136,9.307728000000001,77.00845100556268,77.00845100556268,77.00845100556268,77.00845100556268,-0.010297442586766544,0.012217304763960306,0.0015707963267948967,66.0,2.39,1.1999999999999993,2,2,20.0,4,-0.01,23.465,-0.03,52.6488373,9.7461029,32.76,31.98,52.648829199999994,9.746101,0.021467549799530253,-0.015184364492350668,4.246037004251805,-10.56,-20.945,0.065,23.46184,-0.0017057623,0.3864096
0 days 00:00:02.640000,0.000825493565132453,-0.24328800000000003,0.349236,9.700128000000001,77.06193838254171,77.06193838254171,77.06193838254171,77.06193838254171,-0.007504915783575617,0.01308996938995747,0.0013962634015954637,66.0,2.39,1.1999999999999993,2,2,20.0,4,-0.01,23.465,-0.025,52.6488373,9.7461029,32.76,31.98,52.648827399999995,9.7460995,0.021467549799530253,-0.0153588974175501,4.246037004251805,-10.56,-20.945,0.065,23.46185,-0.0017251784,0.38550532
0 days 00:00:02.650000,0.000825493565132453,-0.074556,0.08240400000000002,9.758988,77.08199614890886,77.08199614890886,77.08199614890886,77.08199614890886,-0.006108652381980153,0.014137166941154071,0.0008726646259971648,66.0,2.39,1.1999999999999993,1,2,20.0,4,-0.01,23.465,-0.025,52.6488373,9.7461029,32.76,31.98,52.6488255,9.746097899999999,0.02129301687433082,-0.015533430342749533,4.246037004251805,-10.56,-20.945,0.065,23.46178,-0.0017052774,0.38959888
0 days 00:00:02.660000,0.000825493565132453,-0.27075600000000005,0.30999600000000005,9.664812000000001,77.02850877192982,77.02850877192982,77.02850877192982,77.02850877192982,-0.005585053606381855,0.017627825445142728,0.0005235987755982988,63.0,2.39,1.3499999999999996,1,2,20.0,4,-0.01,23.465,-0.025,52.6488373,9.7461029,32.76,31.98,52.6488236,9.7460963,0.02129301687433082,-0.015533430342749533,4.246037004251805,-10.56,-20.945,0.065,23.46178,-0.0017052774,0.38959888
0 days 00:00:02.670000,0.000825493565132453,-0.31392000000000003,0.133416,9.472536,76.89479032948223,76.89479032948223,76.89479032948223,76.89479032948223,-0.005585053606381855,0.012042771838760874,-0.0008726646259971648,60.0,2.39,1.5,1,2,20.0,4,-0.01,23.465,-0.025,52.6488278,9.7460951,32.76,31.98,52.6488217,9.7460948,0.02129301687433082,-0.015707963267948967,4.246037004251805,-10.565,-20.97,0.03,23.461712,-0.0016180925,0.3936928
0 days 00:00:02.680000,0.000825493565132453,-0.11772,0.40417200000000003,9.551016,76.82793110825845,76.82793110825845,76.82793110825845,76.82793110825845,-0.0024434609527920616,0.017976891295541593,-0.0010471975511965976,57.0,2.39,1.3499999999999996,1,2,20.0,4,-0.01,23.465,-0.02,52.6488278,9.7460951,32.76,31.98,52.6488198,9.746093199999999,0.02111848394913139,-0.0158824961931484,4.246037004251805,-10.565,-20.97,0.03,23.461721,-0.0017059051,0.39278823
0 days 00:00:02.690000,0.000825493565132453,-0.1962,0.28252800000000006,9.798228,76.76107188703466,76.76107188703466,76.76107188703466,76.76107188703466,0.0019198621771937623,0.020943951023931952,-0.0019198621771937623,54.0,2.39,1.1999999999999993,1,2,20.0,4,-0.01,23.465,-0.015,52.6488278,9.7460951,32.76,31.98,52.6488179,9.7460917,0.02111848394913139,-0.016057029118347832,4.246037004251805,-10.565,-20.97,0.03,23.461735,-0.0017250058,0.3918839
0 days 00:00:02.700000,0.000825493565132453,-0.43948800000000005,0.09417600000000001,9.437220000000002,76.78781557552418,76.78781557552418,76.78781557552418,76.78781557552418,0.0022689280275926286,0.010821041362364843,-0.0013962634015954637,51.0,2.39,0.8999999999999986,1,2,20.0,4,-0.005,23.465,-0.015,52.6488278,9.7460951,32.76,31.98,52.648816,9.7460901,0.02111848394913139,-0.016231562043547264,4.246037004251805,-10.565,-20.97,0.03,23.461664,0.0033603488,0.39587224
0 days 00:00:02.710000,0.000825493565132453,0.03531600000000001,0.28252800000000006,9.649116000000001,76.92153401797175,76.92153401797175,76.92153401797175,76.92153401797175,0.0017453292519943296,0.017627825445142728,-0.0015707963267948967,48.0,2.39,0.5999999999999979,1,2,20.0,4,-0.01,23.46,-0.015,52.6488278,9.7460951,32.76,31.98,52.648814099999996,9.746088499999999,0.02111848394913139,-0.0164060949687467,4.246037004251805,-10.565,-20.97,0.03,23.456596,-0.0015537989,0.39998972
0 days 00:00:02.720000,0.000825493565132453,-0.43948800000000005,0.349236,9.633420000000001,76.95496362858366,76.95496362858366,76.95496362858366,76.95496362858366,0.0005235987755982988,0.015707963267948967,-0.00034906585039886593,46.0,2.39,0.5999999999999979,1,2,20.0,4,-0.005,23.47,-0.015,52.6488186,9.746087099999999,32.78,31.98,52.648812199999995,9.746087,0.02111848394913139,-0.016580627893946133,4.246037004251805,-10.56,-20.990000000000002,0.055,23.466526,0.0035350388,0.4041429
0 days 00:00:02.730000,0.000825493565132453,-0.302148,0.149112,9.664812000000001,77.06193838254171,77.06193838254171,77.06193838254171,77.06193838254171,0.00034906585039886593,0.010995574287564275,-0.0013962634015954637,44.0,2.39,0.5999999999999979,1,2,20.0,4,0.0,23.465,-0.01,52.6488186,9.746087099999999,32.78,31.98,52.648810399999995,9.7460854,0.02111848394913139,-0.016755160819145562,4.246037004251805,-10.56,-20.990000000000002,0.055,23.461538,0.008513073,0.4030501
0 days 00:00:02.740000,0.000825493565132453,-0.24328800000000003,0.180504,9.684432000000001,76.99507916131792,76.99507916131792,76.99507916131792,76.99507916131792,0.0020943951023931952,0.010297442586766544,-0.0012217304763960308,43.0,2.39,0.5999999999999979,1,2,20.0,4,-0.005,23.465,-0.01,52.6488186,9.746087099999999,32.78,31.98,52.648808499999994,9.7460839,0.02111848394913139,-0.016929693744344994,4.246037004251805,-10.56,-20.990000000000002,0.055,23.461468,0.0036006586,0.4072496
0 days 00:00:02.750000,0.000825493565132453,-0.266832,0.16088400000000003,9.672660000000002,76.92153401797175,76.92153401797175,76.92153401797175,76.92153401797175,0.006981317007977318,0.011868238913561443,-0.0022689280275926286,43.0,2.39,0.5999999999999979,1,2,20.0,4,0.0,23.465,-0.01,52.6488186,9.746087099999999,32.78,31.98,52.6488066,9.7460823,0.02111848394913139,-0.016929693744344994,4.246037004251805,-10.56,-20.990000000000002,0.055,23.461468,0.008599544,0.407144
0 days 00:00:02.760000,0.000825493565132453,-0.49442400000000003,0.039240000000000004,9.598104000000001,76.76107188703466,76.76107188703466,76.76107188703466,76.76107188703466,0.011693705988362009,0.007504915783575617,-0.0019198621771937623,43.0,2.39,0.4499999999999975,1,2,20.0,4,0.0,23.46,-0.01,52.6488186,9.746087099999999,32.78,31.98,52.6488047,9.7460807,0.02129301687433082,-0.01710422666954443,4.246037004251805,-10.56,-20.990000000000002,0.055,23.456396,0.008755966,0.4111509
0 days 00:00:02.770000,0.000825493565132453,-0.24328800000000003,0.10202400000000002,9.609876,76.78781557552418,76.78781557552418,76.78781557552418,76.78781557552418,0.011868238913561443,0.005585053606381855,-0.002617993877991494,43.0,2.39,0.29999999999999716,1,2,20.0,4,0.0,23.46,-0.005,52.648809199999995,9.7460793,32.81,31.970000000000002,52.6488028,9.746079199999999,0.02129301687433082,-0.017278759594743863,4.246037004251805,-10.555,-20.97,0.02,23.456411,0.008736689,0.4102457
0 days 00:00:02.780000,0.000825493565132453,-0.33746400000000004,0.21189600000000003,9.817848000000001,76.75772892597347,76.75772892597347,76.75772892597347,76.75772892597347,0.012740903539558606,0.004537856055185257,-0.0022689280275926286,44.0,2.39,0.29999999999999716,1,2,20.0,4,0.0,23.46,-0.005,52.648809199999995,9.7460793,32.81,31.970000000000002,52.6488009,9.7460776,0.021467549799530253,-0.017278759594743863,4.245862471326605,-10.555,-20.97,0.02,23.456411,0.008808291,0.4102442
0 days 00:00:02.790000,0.000825493565132453,-0.43948800000000005,0.231516,9.649116000000001,76.72764227642276,76.72764227642276,76.72764227642276,76.72764227642276,0.009948376736367679,0.0017453292519943296,-0.0010471975511965976,42.0,2.39,0.29999999999999716,1,2,20.0,4,0.0,23.455000000000002,-0.005,52.648809199999995,9.7460793,32.81,31.970000000000002,52.648799,9.7460761,0.021642082724729686,-0.017278759594743863,4.245862471326605,-10.555,-20.97,0.02,23.451414,0.008878022,0.4101563
0 days 00:00:02.800000,0.000825493565132453,-0.38847600000000004,0.129492,9.935568000000002,77.01513692768506,77.01513692768506,77.01513692768506,77.01513692768506,0.005934119456780722,-0.0006981317007977319,-0.00017453292519943296,40.0,2.39,0.29999999999999716,1,2,20.0,4,0.0,23.455000000000002,-0.005,52.648809199999995,9.7460793,32.81,31.970000000000002,52.6487972,9.746074499999999,0.021642082724729686,-0.017278759594743863,4.245862471326605,-10.555,-20.97,0.02,23.451414,0.008878022,0.4101563
0 days 00:00:02.810000,0.000825493565132453,-0.502272,0.258984,9.923796000000001,76.99507916131792,76.99507916131792,76.99507916131792,76.99507916131792,0.007155849933176751,-0.012740903539558606,0.0,36.0,2.39,0.29999999999999716,1,2,20.5,4,0.0,23.45,-0.005,52.648809199999995,9.7460793,32.81,31.970000000000002,52.648795299999996,9.7460729,0.02181661564992912,-0.017278759594743863,4.245862471326605,-10.555,-20.97,0.02,23.446415,0.008947724,0.41006833
0 days 00:00:02.820000,0.000825493565132453,0.066708,0.019620000000000002,10.182780000000001,77.12211168164313,77.12211168164313,77.12211168164313,77.12211168164313,0.0038397243543875246,-0.006283185307179587,-0.0010471975511965976,34.0,2.39,0.29999999999999716,1,2,21.0,4,0.005,23.45,-0.0,52.648799399999994,9.7460724,32.7,31.970000000000002,52.648793399999995,9.7460714,0.02181661564992912,-0.017278759594743863,4.245862471326605,-10.540000000000001,-20.96,-0.085,23.4465,0.013837475,0.4049612
0 days 00:00:02.830000,0.000825493565132453,-0.604296,0.129492,9.551016,76.99507916131792,76.99507916131792,76.99507916131792,76.99507916131792,0.0013962634015954637,-0.016406094968746697,-0.0008726646259971648,30.5,2.39,0.29999999999999716,1,2,21.5,4,0.005,23.45,-0.005,52.648799399999994,9.7460724,32.7,31.970000000000002,52.648791499999994,9.746069799999999,0.02181661564992912,-0.01710422666954443,4.245862471326605,-10.540000000000001,-20.96,-0.085,23.446486,0.013857264,0.40586814
0 days 00:00:02.840000,0.000825493565132453,-0.09417600000000001,0.33746400000000004,9.503928,76.72764227642276,76.72764227642276,76.72764227642276,76.72764227642276,0.0022689280275926286,-0.012042771838760874,-0.0013962634015954637,27.0,2.39,0.29999999999999716,1,2,22.0,4,0.0,23.445,-0.005,52.648799399999994,9.7460724,32.7,31.970000000000002,52.6487896,9.7460683,0.02181661564992912,-0.016929693744344994,4.245862471326605,-10.540000000000001,-20.96,-0.085,23.441557,0.008767337,0.40180135
0 days 00:00:02.850000,0.000825493565132453,-0.21974400000000002,0.153036,9.963036,76.69755562687206,76.69755562687206,76.69755562687206,76.69755562687206,0.005235987755982988,0.0019198621771937623,-0.0005235987755982988,24.0,2.39,0.29999999999999716,1,1,22.5,4,0.005,23.445,-0.0,52.648799399999994,9.7460724,32.7,31.970000000000002,52.6487877,9.7460667,0.02181661564992912,-0.016929693744344994,4.245862471326605,-10.540000000000001,-20.96,-0.085,23.44164,0.013657087,0.39669418
0 days 00:00:02.860000,0.000825493565132453,-0.859356,0.15696000000000002,9.817848000000001,76.66746897732135,76.66746897732135,76.66746897732135,76.66746897732135,0.007330382858376183,-0.013439035240356337,0.0,21.0,2.39,0.4499999999999975,1,1,23.0,4,0.005,23.445,-0.0,52.648799399999994,9.7460724,32.7,31.970000000000002,52.6487858,9.7460652,0.02181661564992912,-0.016929693744344994,4.245862471326605,-10.540000000000001,-20.96,-0.085,23.44164,0.013657087,0.39669418
0 days 00:00:02.870000,0.000825493565132453,-0.349236,0.28645200000000004,10.159236000000002,76.76107188703466,76.76107188703466,76.76107188703466,76.76107188703466,0.010821041362364843,-0.015707963267948967,0.00034906585039886593,18.0,2.39,0.5999999999999979,1,1,23.5,4,0.005,23.44,-0.005,52.64879,9.7460646,32.7,31.970000000000002,52.6487839,9.7460636,0.02199114857512855,-0.016755160819145562,4.245862471326605,-10.55,-20.935,0.02,23.436626,0.013744446,0.39751577
0 days 00:00:02.880000,0.000825493565132453,-0.090252,-0.011772000000000001,10.645812,76.89479032948223,76.89479032948223,76.89479032948223,76.89479032948223,0.01117010721276371,-0.0017453292519943296,0.00017453292519943296,16.0,2.39,0.4499999999999975,1,1,24.0,4,0.005,23.435,-0.005,52.64879,9.7460646,32.7,31.970000000000002,52.648782,9.7460621,0.022165681500327987,-0.016580627893946133,4.245862471326605,-10.55,-20.935,0.02,23.431696,0.013721329,0.39334106
0 days 00:00:02.890000,0.000825493565132453,-0.926064,0.08632800000000002,9.684432000000001,77.06193838254171,77.06193838254171,77.06193838254171,77.06193838254171,0.00645771823237902,-0.024085543677521748,0.0006981317007977319,12.0,2.39,0.29999999999999716,1,1,24.5,4,0.0,23.44,-0.015,52.64879,9.7460646,32.7,31.970000000000002,52.6487802,9.746060499999999,0.022165681500327987,-0.016580627893946133,4.245862471326605,-10.55,-20.935,0.02,23.436531,0.008946003,0.40353096
0 days 00:00:02.900000,0.000825493565132453,-0.074556,0.24721200000000002,9.299880000000002,76.89479032948223,76.89479032948223,76.89479032948223,76.89479032948223,0.0022689280275926286,-0.0158824961931484,0.0005235987755982988,10.0,2.39,0.29999999999999716,1,1,25.0,4,0.0,23.43,-0.015,52.64879,9.7460646,32.7,31.970000000000002,52.6487783,9.7460589,0.02234021442552742,-0.0164060949687467,4.245862471326605,-10.55,-20.935,0.02,23.426601,0.008921393,0.39927587
0 days 00:00:02.910000,0.000825493565132453,-0.32569200000000004,0.361008,9.998352000000002,76.76775780915703,76.76775780915703,76.76775780915703,76.76775780915703,0.002967059728390361,0.0013962634015954637,-0.00017453292519943296,8.5,2.39,0.29999999999999716,1,1,25.5,4,0.0,23.43,-0.01,52.64879,9.7460646,32.7,31.970000000000002,52.648776399999996,9.7460574,0.02234021442552742,-0.016231562043547264,4.245862471326605,-10.55,-20.935,0.02,23.426752,0.008718381,0.3901901
0 days 00:00:02.920000,0.000825493565132453,-1.024164,0.10594800000000001,9.598104000000001,76.64072528883183,76.64072528883183,76.64072528883183,76.64072528883183,0.009250245035569947,-0.016929693744344998,-0.00017453292519943296,7.0,2.39,0.29999999999999716,1,1,26.0,4,0.0,23.435,-0.01,52.6487805,9.746057,32.67,31.970000000000002,52.648774499999995,9.746055799999999,0.02234021442552742,-0.016231562043547264,4.245862471326605,-10.540000000000001,-20.935,-0.0,23.431751,0.008720194,0.39027122
0 days 00:00:02.930000,0.000825493565132453,0.145188,0.03531600000000001,9.554940000000002,76.70758451005563,76.70758451005563,76.70758451005563,76.70758451005563,0.009250245035569947,0.0013962634015954637,-0.0012217304763960308,6.0,2.39,0.29999999999999716,1,1,26.5,4,0.0,23.425,-0.005,52.6487805,9.746057,32.67,31.970000000000002,52.6487726,9.746054299999999,0.02234021442552742,-0.016057029118347832,4.245862471326605,-10.540000000000001,-20.935,-0.0,23.4219,0.0085135745,0.38102403
0 days 00:00:02.940000,0.000825493565132453,-0.41202000000000005,0.463032,9.98658,76.54043645699615,76.54043645699615,76.54043645699615,76.54043645699615,0.008552113334772213,0.011693705988362009,-0.0008726646259971648,5.0,2.39,0.29999999999999716,1,2,27.0,4,0.0,23.425,-0.005,52.6487805,9.746057,32.67,31.970000000000002,52.6487707,9.7460527,0.022514747350726852,-0.016057029118347832,4.245687938401406,-10.540000000000001,-20.935,-0.0,23.4219,0.008580076,0.3810225
0 days 00:00:02.950000,0.000825493565132453,-1.094796,0.33354000000000006,9.943416000000001,76.64072528883183,76.64072528883183,76.64072528883183,76.64072528883183,0.006632251157578452,-0.007504915783575617,0.0005235987755982988,4.0,2.39,0.29999999999999716,1,2,27.5,4,0.005,23.425,-0.005,52.6487805,9.746057,32.67,31.970000000000002,52.6487689,9.7460512,0.022514747350726852,-0.016231562043547264,4.245687938401406,-10.540000000000001,-20.935,-0.0,23.421831,0.0136708375,0.38499683
0 days 00:00:02.960000,0.000825493565132453,-0.09417600000000001,0.20797200000000002,10.135692000000002,76.76775780915703,76.76775780915703,76.76775780915703,76.76775780915703,0.00034906585039886593,0.0019198621771937623,0.0010471975511965976,3.0,2.39,0.29999999999999716,1,2,28.0,4,0.005,23.415,-0.01,52.6487805,9.746057,32.67,31.970000000000002,52.648767,9.7460496,0.022689280275926284,-0.016057029118347832,4.245687938401406,-10.540000000000001,-20.935,-0.0,23.411821,0.013755069,0.38574517
0 days 00:00:02.970000,0.000825493565132453,-0.32569200000000004,0.13734000000000002,10.457460000000001,76.89479032948223,76.89479032948223,76.89479032948223,76.89479032948223,-0.004886921905584123,0.009599310885968814,0.0008726646259971648,1.0,2.39,0.29999999999999716,1,2,28.5,4,0.0,23.42,-0.01,52.6487712,9.746049099999999,32.67,31.96,52.6487651,9.7460481,0.022689280275926284,-0.016231562043547264,4.245687938401406,-10.55,-20.92,-0.005,23.416754,0.0088508995,0.39002478
0 days 00:00:02.980000,0.000825493565132453,-1.1693520000000002,0.17265600000000003,9.248868000000002,76.86136071887034,76.86136071887034,76.86136071887034,76.86136071887034,-0.00471238898038469,-0.017976891295541593,0.0022689280275926286,0.0,2.39,0.29999999999999716,1,2,29.0,4,0.0,23.415,-0.015,52.6487712,9.746049099999999,32.67,31.96,52.6487632,9.7460465,0.022689280275926284,-0.016231562043547264,4.245687938401406,-10.55,-20.92,-0.005,23.411673,0.008962481,0.39494172
0 days 00:00:02.990000,0.000825493565132453,0.23936400000000002,0.43556400000000006,9.135072000000001,76.82793110825845,76.82793110825845,76.82793110825845,76.82793110825845,-0.004363323129985824,0.005934119456780722,0.0017453292519943296,-1.0,2.39,0.29999999999999716,1,2,29.5,4,0.0,23.405,-0.01,52.6487712,9.746049099999999,32.67,31.96,52.6487613,9.746044999999999,0.022514747350726852,-0.016057029118347832,4.245862471326605,-10.55,-20.92,-0.005,23.401823,0.008685397,0.38569957
0 days 00:00:03,0.000825493565132453,-0.16088400000000003,0.05886,10.131768,76.50032092426187,76.50032092426187,76.50032092426187,76.50032092426187,-0.004363323129985824,0.028972465583105875,0.00034906585039886593,-2.0,2.39,0.4499999999999975,1,2,30.0,4,0.0,23.41,-0.005,52.6487712,9.746049099999999,32.67,31.96,52.648759399999996,9.7460434,0.022514747350726852,-0.016057029118347832,4.245862471326605,-10.55,-20.92,-0.005,23.406902,0.008574653,0.38078174
0 days 00:00:03.010000,0.000825493565132453,-1.4479560000000002,0.27468000000000004,9.331272,76.48694908001711,76.48694908001711,76.48694908001711,76.48694908001711,-0.004363323129985824,0.0006981317007977319,0.0008726646259971648,-3.0,2.39,0.5999999999999979,1,2,30.0,4,0.0,23.41,-0.01,52.6487712,9.746049099999999,32.67,31.96,52.648757599999996,9.7460418,0.022514747350726852,-0.0164060949687467,4.245862471326605,-10.55,-20.92,-0.005,23.406685,0.008871144,0.39394823
0 days 00:00:03.020000,0.000825493565132453,-0.023544000000000002,0.298224,9.692280000000002,76.58055198973042,76.58055198973042,76.58055198973042,76.58055198973042,-0.0010471975511965976,0.012566370614359173,0.0008726646259971648,-4.0,2.39,0.5999999999999979,1,2,30.0,4,0.0,23.39,-0.005,52.648761799999996,9.746040599999999,32.79,31.96,52.648755699999995,9.746040299999999,0.022514747350726852,-0.0164060949687467,4.245862471326605,-10.525,-20.900000000000002,-0.0,23.38677,0.008751208,0.38862216
0 days 00:00:03.030000,0.000825493565132453,-0.25506,0.32569200000000004,10.210248,76.67415489944372,76.67415489944372,76.67415489944372,76.67415489944372,0.0027925268031909274,0.02565634000431664,0.0015707963267948967,-5.5,2.39,0.5999999999999979,1,2,30.0,4,0.0,23.39,-0.005,52.648761799999996,9.746040599999999,32.79,31.96,52.648753799999994,9.7460387,0.022514747350726852,-0.0164060949687467,4.245862471326605,-10.525,-20.900000000000002,-0.0,23.38677,0.008751208,0.38862216
0 days 00:00:03.040000,0.000825493565132453,-1.1536560000000002,-0.090252,9.574560000000002,76.72095635430038,76.72095635430038,76.72095635430038,76.72095635430038,0.006108652381980153,-0.003316125578789226,0.002967059728390361,-7.0,2.39,0.5999999999999979,1,2,30.0,4,0.0,23.39,-0.005,52.648761799999996,9.746040599999999,32.79,31.96,52.6487519,9.7460372,0.022514747350726852,-0.016755160819145562,4.245862471326605,-10.525,-20.900000000000002,-0.0,23.386633,0.008934991,0.39678353
0 days 00:00:03.050000,0.000825493565132453,0.07063200000000001,0.290376,9.73152,76.76775780915703,76.76775780915703,76.76775780915703,76.76775780915703,0.007504915783575617,0.01291543646475804,0.002617993877991494,-12.0,2.39,0.5999999999999979,1,2,30.0,4,0.0,23.38,-0.005,52.648761799999996,9.746040599999999,32.79,31.96,52.64875,9.746035599999999,0.022514747350726852,-0.016755160819145562,4.245862471326605,-10.525,-20.900000000000002,-0.0,23.376633,0.00893122,0.39661604
0 days 00:00:03.060000,0.000825493565132453,-0.47872800000000004,0.10987200000000001,9.92772,76.8413029525032,76.8413029525032,76.8413029525032,76.8413029525032,0.010471975511965976,0.019722220547535925,0.0010471975511965976,-17.0,2.39,0.5999999999999979,1,2,30.0,4,0.0,23.385,-0.005,52.648761799999996,9.746040599999999,32.79,31.96,52.6487481,9.7460341,0.022514747350726852,-0.016755160819145562,4.245862471326605,-10.525,-20.900000000000002,-0.0,23.381634,0.0089331055,0.3966998
0 days 00:00:03.070000,0.000825493565132453,-1.114416,0.34531200000000006,9.394056,76.70758451005563,76.70758451005563,76.70758451005563,76.70758451005563,0.013264502315156903,-0.0010471975511965976,0.0013962634015954637,-22.0,2.39,0.5999999999999979,2,2,30.0,4,-0.005,23.38,-0.005,52.6487524,9.7460328,32.79,31.96,52.6487462,9.7460325,0.022689280275926284,-0.01710422666954443,4.245862471326605,-10.535,-20.895,0.04,23.376493,0.0041868575,0.4048858
0 days 00:00:03.080000,0.000825493565132453,-0.047088000000000005,0.019620000000000002,9.762912000000002,76.59392383397518,76.59392383397518,76.59392383397518,76.59392383397518,0.021467549799530253,0.013962634015954637,0.0005235987755982988,-27.0,2.39,0.5999999999999979,1,2,30.0,4,0.0,23.37,-0.005,52.6487524,9.7460328,32.79,31.96,52.6487444,9.746031,0.022863813201125717,-0.01710422666954443,4.245862471326605,-10.535,-20.895,0.04,23.366497,0.009252307,0.4045998
0 days 00:00:03.090000,0.000825493565132453,-0.290376,0.357084,10.061136000000001,76.43346170303809,76.43346170303809,76.43346170303809,76.43346170303809,0.027925268031909273,0.02617993877991494,-0.0008726646259971648,-32.0,2.39,0.5999999999999979,2,2,30.0,4,-0.005,23.375,-0.005,52.6487524,9.7460328,32.79,31.96,52.6487425,9.7460294,0.02303834612632515,-0.01710422666954443,4.245862471326605,-10.535,-20.895,0.04,23.371494,0.004326219,0.40479884
0 days 00:00:03.100000,0.000825493565132453,-1.1536560000000002,0.24328800000000003,9.86886,76.25294180573384,76.25294180573384,76.25294180573384,76.25294180573384,0.031415926535897934,0.008552113334772213,-0.00017453292519943296,-37.0,2.39,0.8999999999999986,2,2,30.0,4,-0.005,23.37,-0.005,52.6487524,9.7460328,32.79,31.96,52.6487406,9.7460278,0.023387411976724018,-0.017453292519943295,4.245862471326605,-10.535,-20.895,0.04,23.366354,0.0046562594,0.412866
0 days 00:00:03.110000,0.000825493565132453,-0.517968,-0.015696,9.98658,76.36660248181428,76.36660248181428,76.36660248181428,76.36660248181428,0.032812189937493394,0.011693705988362009,0.00034906585039886593,-38.0,2.39,1.1999999999999993,2,2,30.0,4,0.0,23.36,-0.005,52.6487524,9.7460328,32.79,31.96,52.648738699999996,9.746026299999999,0.02356194490192345,-0.017453292519943295,4.245862471326605,-10.535,-20.895,0.04,23.356356,0.009722819,0.4125729
0 days 00:00:03.120000,0.000825493565132453,-0.60822,0.16480800000000004,9.817848000000001,76.48026315789473,76.48026315789473,76.48026315789473,76.48026315789473,0.026703537555513242,0.012391837689159739,0.00034906585039886593,-38.0,2.39,1.4999999999999982,2,2,30.0,4,0.005,23.36,-0.01,52.6487428,9.7460252,32.76,31.96,52.648736799999995,9.7460247,0.023911010752322315,-0.017627825445142728,4.245862471326605,-10.52,-20.895,0.01,23.356195,0.015082392,0.42152303
0 days 00:00:03.130000,0.000825493565132453,-0.9574560000000001,0.27075600000000005,9.806076000000001,76.50700684638424,76.50700684638424,76.50700684638424,76.50700684638424,0.021467549799530253,0.002617993877991494,0.0019198621771937623,-38.0,2.39,1.7999999999999972,2,2,30.0,4,0.005,23.355,-0.01,52.6487428,9.7460252,32.76,31.96,52.648734999999995,9.7460232,0.02408554367752175,-0.01780235837034216,4.245862471326605,-10.52,-20.895,0.01,23.351122,0.015251991,0.42550662
0 days 00:00:03.140000,0.000825493565132453,-0.447336,0.49834800000000007,9.65304,76.60060975609755,76.60060975609755,76.60060975609755,76.60060975609755,0.015533430342749534,0.0038397243543875246,0.0022689280275926286,-37.0,2.39,2.3999999999999986,2,2,30.0,4,0.005,23.35,-0.01,52.6487428,9.7460252,32.76,31.96,52.648733099999994,9.746021599999999,0.024434609527920616,-0.01780235837034216,4.245862471326605,-10.52,-20.895,0.01,23.346123,0.015398345,0.42541227
0 days 00:00:03.150000,0.000825493565132453,-0.49050000000000005,0.23544,10.363284,76.6206675224647,76.6206675224647,76.6206675224647,76.6206675224647,0.013264502315156903,0.019722220547535925,0.0017453292519943296,-37.0,2.39,3.0,2,2,30.0,4,0.005,23.345,-0.01,52.6487428,9.7460252,32.76,31.96,52.6487312,9.746020099999999,0.024609142453120045,-0.01780235837034216,4.245862471326605,-10.52,-20.895,0.01,23.341124,0.015470401,0.4253206
0 days 00:00:03.160000,0.000825493565132453,-1.4008680000000002,0.039240000000000004,9.65304,76.37328840393667,76.37328840393667,76.37328840393667,76.37328840393667,0.014486232791552938,-0.008726646259971648,0.0020943951023931952,-37.0,2.39,3.3000000000000007,2,2,30.0,4,0.005,23.34,-0.015,52.6487428,9.7460252,32.76,31.96,52.6487293,9.7460185,0.024609142453120045,-0.017976891295541596,4.245862471326605,-10.52,-20.895,0.01,23.33596,0.015691446,0.43430102
0 days 00:00:03.170000,0.000825493565132453,-0.278604,0.26290800000000003,9.531396,76.1994544287548,76.1994544287548,76.1994544287548,76.1994544287548,0.014311699866353502,0.004537856055185257,0.0024434609527920616,-37.0,2.39,3.6000000000000014,2,2,30.0,4,-0.005,23.330000000000002,-0.015,52.6487334,9.7460173,32.75,31.96,52.6487274,9.746017,0.024783675378319478,-0.017976891295541596,4.245862471326605,-10.540000000000001,-20.835,0.04,23.325962,0.0057658628,0.43436638
0 days 00:00:03.180000,0.000825493565132453,-0.90252,0.30999600000000005,10.045440000000001,76.15933889602053,76.15933889602053,76.15933889602053,76.15933889602053,0.019198621771937627,0.014835298641951801,0.0017453292519943296,-36.0,2.39,4.350000000000001,2,2,30.0,4,-0.005,23.325,-0.01,52.6487334,9.7460173,32.75,31.96,52.6487256,9.7460154,0.02495820830351891,-0.017976891295541596,4.246037004251805,-10.540000000000001,-20.835,0.04,23.321053,0.005714674,0.42927787
0 days 00:00:03.190000,0.000825493565132453,-1.5342840000000002,0.03531600000000001,9.680508000000001,76.04567821994009,76.04567821994009,76.04567821994009,76.04567821994009,0.025132741228718346,-0.009948376736367679,0.0027925268031909274,-36.0,2.39,5.100000000000001,2,2,30.0,4,-0.005,23.32,-0.015,52.6487334,9.7460173,32.75,31.96,52.6487237,9.7460139,0.025132741228718343,-0.01815142422074103,4.246037004251805,-10.540000000000001,-20.835,0.04,23.315886,0.006015234,0.43825278
0 days 00:00:03.200000,0.000825493565132453,-0.557208,0.180504,9.880632000000002,76.25294180573384,76.25294180573384,76.25294180573384,76.25294180573384,0.028797932657906436,0.006981317007977318,0.0027925268031909274,-35.0,2.39,6.149999999999999,2,2,30.0,4,-0.005,23.305,-0.015,52.6487334,9.7460173,32.75,31.96,52.6487218,9.7460123,0.02548180707911721,-0.017976891295541596,4.246037004251805,-10.540000000000001,-20.835,0.04,23.300966,0.006057657,0.433913
0 days 00:00:03.210000,0.000825493565132453,-1.035936,0.129492,10.225944,76.27634253316216,76.27634253316216,76.27634253316216,76.27634253316216,0.028972465583105875,0.011344640137963142,0.0019198621771937623,-35.0,2.39,7.199999999999996,2,2,30.0,4,-0.01,23.305,-0.015,52.6487334,9.7460173,32.75,31.96,52.64872,9.746010799999999,0.025656340004316644,-0.01815142422074103,4.246037004251805,-10.540000000000001,-20.835,0.04,23.300888,0.0012393625,0.43810567
0 days 00:00:03.220000,0.0007075659129706742,-1.3694760000000001,0.29430000000000006,9.664812000000001,76.29974326059052,76.29974326059052,76.29974326059052,76.29974326059052,0.022863813201125717,-0.008377580409572781,0.0024434609527920616,-35.0,2.39,9.299999999999997,2,2,30.0,4,-0.015,23.3,-0.015,52.648723999999994,9.746009599999999,32.730000000000004,31.96,52.648718099999996,9.7460092,0.02600540585471551,-0.01832595714594046,4.246037004251805,-10.545,-20.825,-0.01,23.295813,-0.003502657,0.44220892
0 days 00:00:03.230000,0.0007075659129706742,-0.5493600000000001,-0.047088000000000005,10.26126,75.95876123234916,75.95876123234916,75.95876123234916,75.95876123234916,0.01884955592153876,0.011868238913561443,0.0006981317007977319,-35.0,2.39,11.399999999999999,2,2,30.0,4,-0.015,23.285,-0.015,52.648723999999994,9.746009599999999,32.730000000000004,31.96,52.648716199999996,9.7460077,0.026354471705114377,-0.01815142422074103,4.246037004251805,-10.545,-20.825,-0.01,23.280891,-0.0034626122,0.43787354
0 days 00:00:03.240000,0.0007075659129706742,-1.8128880000000003,0.463032,10.053288000000002,75.6010643988019,75.6010643988019,75.6010643988019,75.6010643988019,0.015533430342749534,0.003490658503988659,0.00034906585039886593,-35.0,2.39,12.899999999999999,2,2,30.0,4,-0.02,23.285,-0.02,52.648723999999994,9.746009599999999,32.730000000000004,31.96,52.648714299999995,9.746006099999999,0.02652900463031381,-0.01832595714594046,4.246037004251805,-10.545,-20.825,-0.01,23.280724,-0.008144041,0.44706598
0 days 00:00:03.250000,0.0007075659129706742,-2.0679480000000003,0.17265600000000003,9.53532,75.2433675652546,75.2433675652546,75.2433675652546,75.2433675652546,0.01884955592153876,-0.007853981633974483,-0.0005235987755982988,-35.0,2.39,14.399999999999999,2,2,30.0,4,-0.015,23.265,-0.025,52.648723999999994,9.746009599999999,32.730000000000004,31.96,52.6487124,9.7460046,0.026703537555513242,-0.01832595714594046,4.246037004251805,-10.545,-20.825,-0.01,23.260635,-0.0029441027,0.4515649
0 days 00:00:03.260000,0.0007075659129706742,-1.5970680000000002,0.4198680000000001,9.339120000000001,75.1831942661532,75.1831942661532,75.1831942661532,75.1831942661532,0.015009831567151233,0.013439035240356337,-0.0022689280275926286,-35.0,2.39,16.049999999999997,2,2,30.0,4,-0.015,23.25,-0.02,52.648723999999994,9.746009599999999,32.730000000000004,31.96,52.6487106,9.746003,0.026878070480712675,-0.01832595714594046,4.246037004251805,-10.545,-20.825,-0.01,23.24573,-0.003007027,0.4462933
0 days 00:00:03.270000,0.0007075659129706742,-2.53098,0.6435360000000001,9.5157,75.19990907145913,75.19990907145913,75.19990907145913,75.19990907145913,0.011344640137963142,0.014137166941154071,-0.0013962634015954637,-38.0,2.39,17.699999999999996,2,2,30.0,4,-0.025,23.245,-0.02,52.6487146,9.7460018,32.74,31.96,52.6487087,9.7460015,0.027052603405912107,-0.018500490071139894,4.246037004251805,-10.55,-20.79,0.045,23.240652,-0.012818235,0.45052752
0 days 00:00:03.280000,0.0007075659129706742,-2.5780680000000005,0.43556400000000006,9.751140000000001,75.21662387676508,75.21662387676508,75.21662387676508,75.21662387676508,0.01308996938995747,0.008028514559173916,0.0010471975511965976,-38.0,2.39,19.65,2,2,30.0,4,-0.02,23.22,-0.015,52.6487146,9.7460018,32.74,31.96,52.6487068,9.746,0.027227136331111543,-0.018675022996339326,4.246037004251805,-10.55,-20.79,0.045,23.215672,-0.007779833,0.4489844
0 days 00:00:03.290000,0.0007075659129706742,-2.091492,0.4198680000000001,10.021896000000002,75.38711489088574,75.38711489088574,75.38711489088574,75.38711489088574,0.012042771838760874,0.020071286397934793,0.0027925268031909274,-38.0,2.39,21.6,2,2,30.0,4,-0.02,23.195,-0.015,52.6487146,9.7460018,32.74,31.96,52.648705,9.7459984,0.027401669256310976,-0.018675022996339326,4.246037004251805,-10.55,-20.79,0.045,23.190676,-0.0077142627,0.44851914
0 days 00:00:03.300000,0.0005896382608088951,-2.8762920000000003,0.37670400000000004,9.782532000000002,75.55760590500643,75.55760590500643,75.55760590500643,75.55760590500643,0.01308996938995747,0.01361356816555577,0.005235987755982988,-38.0,2.39,23.1,2,2,30.0,4,-0.02,23.175,-0.02,52.6487146,9.7460018,32.74,31.96,52.6487031,9.7459969,0.027401669256310976,-0.01884955592153876,4.246037004251805,-10.55,-20.79,0.045,23.170506,-0.0074767293,0.4571855
0 days 00:00:03.310000,0.0005896382608088951,-2.5976880000000007,0.38847600000000004,9.511776000000001,75.4339163457424,75.4339163457424,75.4339163457424,75.4339163457424,0.013788101090755204,0.014486232791552938,0.004537856055185257,-37.0,2.39,24.6,2,2,30.0,4,-0.02,23.150000000000002,-0.02,52.6487146,9.7460018,32.74,31.96,52.6487012,9.745995299999999,0.02757620218151041,-0.019024088846738195,4.246037004251805,-10.55,-20.79,0.045,23.145432,-0.007298542,0.4607539
0 days 00:00:03.320000,0.0005896382608088951,-2.4995880000000006,0.42771600000000004,9.503928,75.3102267864784,75.3102267864784,75.3102267864784,75.3102267864784,0.008377580409572781,0.034033920413889425,0.003490658503988659,-36.0,2.39,26.849999999999998,2,2,30.0,4,-0.02,23.125,-0.015,52.648705199999995,9.7459942,32.730000000000004,31.95,52.6486994,9.745993799999999,0.02775073510670984,-0.019198621771937627,4.246211537177004,-10.475,-20.76,0.005,23.120451,-0.007258063,0.45931637
0 days 00:00:03.330000,0.0004717106086471161,-3.6022320000000003,0.07063200000000001,9.503928,74.96255883611468,74.96255883611468,74.96255883611468,74.96255883611468,0.015184364492350668,0.0291469985083053,0.0013962634015954637,-36.0,2.39,29.099999999999994,2,2,30.0,4,-0.015,23.105,-0.015,52.648705199999995,9.7459942,32.730000000000004,31.95,52.6486975,9.7459922,0.02775073510670984,-0.019547687622336492,4.246211537177004,-10.475,-20.76,0.005,23.100292,-0.0020469022,0.46685424
0 days 00:00:03.340000,0.0004717106086471161,-3.5551440000000003,0.463032,9.158616000000002,74.59483311938382,74.59483311938382,74.59483311938382,74.59483311938382,0.013439035240356337,0.03612831551628262,0.0005235987755982988,-36.0,2.39,31.199999999999996,2,2,30.0,4,-0.02,23.07,-0.01,52.648705199999995,9.7459942,32.730000000000004,31.95,52.648695599999996,9.7459907,0.027925268031909273,-0.019896753472735357,4.246211537177004,-10.475,-20.76,0.005,23.065235,-0.0068973494,0.46936142
0 days 00:00:03.350000,0.0004717106086471161,-3.66894,0.047088000000000005,9.963036,74.35413992297818,74.35413992297818,74.35413992297818,74.35413992297818,0.012740903539558606,0.051487212933832724,-0.00017453292519943296,-36.0,2.39,33.3,2,2,30.0,4,-0.015,23.035,-0.005,52.648705199999995,9.7459942,32.730000000000004,31.95,52.6486938,9.7459892,0.028099800957108706,-0.020245819323134222,4.246211537177004,-10.475,-20.76,0.005,23.030178,-0.0017515551,0.4715649
0 days 00:00:03.360000,0.0004717106086471161,-4.312476000000001,0.482652,9.335196,74.38756953359007,74.38756953359007,74.38756953359007,74.38756953359007,0.009075712110370514,0.035255650890285456,0.0017453292519943296,-36.0,2.39,35.55,2,2,30.0,4,-0.02,23.0,-0.005,52.648705199999995,9.7459942,32.730000000000004,31.95,52.648692,9.7459876,0.028274333882308142,-0.02076941809873252,4.246211537177004,-10.475,-20.76,0.005,22.994938,-0.006346902,0.48303363
0 days 00:00:03.370000,0.0004717106086471161,-3.57084,0.25506,9.138996,74.29396662387677,74.29396662387677,74.29396662387677,74.29396662387677,0.0054105206811824215,0.040491638646268445,0.0008726646259971648,-37.0,2.39,37.8,2,2,30.0,4,-0.02,22.96,-0.005,52.6486957,9.745986499999999,32.7,31.95,52.648690099999996,9.7459861,0.028274333882308142,-0.02111848394913139,4.246211537177004,-10.365,-20.665,-0.055,22.954775,-0.0061438605,0.49021283
0 days 00:00:03.380000,0.0004717106086471161,-3.5826120000000006,0.36493200000000003,9.727596,74.03321566110398,74.03321566110398,74.03321566110398,74.03321566110398,-0.0006981317007977319,0.060562925044203235,-0.0013962634015954637,-37.0,2.39,41.25,2,2,30.0,4,-0.02,22.925,0.005,52.6486957,9.745986499999999,32.7,31.95,52.648688199999995,9.7459846,0.028274333882308142,-0.021467549799530253,4.246211537177004,-10.365,-20.665,-0.055,22.919823,-0.006221216,0.48747766
0 days 00:00:03.390000,0.0004717106086471161,-4.8422160000000005,0.604296,9.452916,73.71563436029098,73.71563436029098,73.71563436029098,73.71563436029098,-0.003316125578789226,0.04520402762665313,0.0,-37.0,2.39,44.7,2,2,30.0,4,-0.015,22.89,0.005,52.6486957,9.745986499999999,32.7,31.95,52.648686399999995,9.7459831,0.028274333882308142,-0.022165681500327987,4.246211537177004,-10.365,-20.665,-0.055,22.884487,-0.0007927897,0.50255543
0 days 00:00:03.400000,0.0004717106086471161,-4.642092,0.604296,9.099756000000001,73.39805305947796,73.39805305947796,73.39805305947796,73.39805305947796,-0.002617993877991494,0.04537856055185257,0.0017453292519943296,-37.0,2.39,48.45,2,2,30.0,4,-0.015,22.845,0.005,52.6486957,9.745986499999999,32.7,31.95,52.648684599999996,9.7459816,0.028274333882308142,-0.022514747350726852,4.246211537177004,-10.365,-20.665,-0.055,22.839321,-0.0005956006,0.50952774
0 days 00:00:03.410000,0.0003537829564853371,-4.559688,0.357084,9.080136000000001,73.20750427899016,73.20750427899016,73.20750427899016,73.20750427899016,-0.002967059728390361,0.061086523819801536,0.0006981317007977319,-37.0,2.39,52.2,2,2,30.5,4,-0.01,22.8,0.01,52.6486957,9.745986499999999,32.7,31.95,52.648682699999995,9.74598,0.028274333882308142,-0.02303834612632515,4.246211537177004,-10.365,-20.665,-0.055,22.79418,0.004569854,0.51530725
0 days 00:00:03.420000,0.0003537829564853371,-5.187528,0.5729040000000001,8.978112000000001,73.01695549850236,73.01695549850236,73.01695549850236,73.01695549850236,-0.0015707963267948967,0.07225663103256524,0.0008726646259971648,-33.0,2.39,56.1,2,2,31.0,4,-0.01,22.76,0.015,52.6486868,9.745979199999999,32.64,31.95,52.648680899999995,9.7459785,0.028274333882308142,-0.02356194490192345,4.246386070102204,-10.315,-20.490000000000002,0.01,22.754036,0.004739307,0.52129877
0 days 00:00:03.430000,0.0003537829564853371,-5.886,0.45518400000000003,8.88786,72.58237056054772,72.58237056054772,72.58237056054772,72.58237056054772,-0.005235987755982988,0.07243116395776468,0.0013962634015954637,-28.0,2.39,60.0,2,2,31.5,4,-0.01,22.71,0.025,52.6486868,9.745979199999999,32.64,31.95,52.648678999999994,9.745977,0.028274333882308142,-0.024260076602721184,4.246386070102204,-10.315,-20.490000000000002,0.01,22.703922,0.0048714774,0.52597207
0 days 00:00:03.440000,0.0003537829564853371,-6.109668,0.5140440000000001,9.084060000000001,71.7533162173727,71.7533162173727,71.7533162173727,71.7533162173727,-0.005235987755982988,0.07086036763096978,0.0031415926535897933,-23.0,2.39,63.6,2,2,32.0,4,-0.005,22.650000000000002,0.03,52.6486868,9.745979199999999,32.64,31.95,52.648677199999995,9.7459755,0.028099800957108706,-0.02495820830351891,4.246386070102204,-10.315,-20.490000000000002,0.01,22.643696,0.010040528,0.53518325
0 days 00:00:03.450000,0.0003537829564853371,-5.807520000000001,0.6631560000000001,8.758368,71.5594244758237,71.5594244758237,71.5594244758237,71.5594244758237,-0.014660765716752367,0.07976154681614087,0.003490658503988659,-18.0,2.39,67.2,2,2,32.5,4,-0.005,22.595,0.04,52.6486868,9.745979199999999,32.64,31.95,52.648675399999995,9.745974,0.028099800957108706,-0.025830872929516076,4.246386070102204,-10.315,-20.490000000000002,0.01,22.588495,0.010274932,0.5435229
0 days 00:00:03.460000,0.00023585530432355804,-5.803596000000001,0.361008,9.496080000000001,71.36553273427471,71.36553273427471,71.36553273427471,71.36553273427471,-0.030717794835100197,0.09529497715889039,0.0012217304763960308,-12.0,2.39,71.1,2,2,33.0,4,0.0,22.535,0.045,52.6486868,9.745979199999999,32.64,31.95,52.648673599999995,9.745972499999999,0.027925268031909273,-0.02652900463031381,4.246386070102204,-10.315,-20.490000000000002,0.01,22.528265,0.015434435,0.5525613
0 days 00:00:03.470000,0.00011792765216177902,-6.890544,0.6592320000000002,9.091908000000002,70.3091570389388,70.3091570389388,70.3091570389388,70.3091570389388,-0.04363323129985824,0.08028514559173917,0.0024434609527920616,-8.0,2.39,75.0,2,2,33.5,4,0.0,22.48,0.05,52.6486776,9.745971599999999,32.64,31.94,52.648671799999995,9.745970999999999,0.02757620218151041,-0.027401669256310976,4.246560603027403,-10.25,-20.330000000000002,0.105,22.47293,0.015604255,0.565716
0 days 00:00:03.480000,0.00011792765216177902,-6.737508000000001,0.7259400000000001,9.166464000000001,69.61382113821138,69.61382113821138,69.61382113821138,69.61382113821138,-0.05270894341022875,0.08517206749732328,0.0038397243543875246,-7.0,2.39,79.05,2,2,34.0,4,0.0,22.415,0.055,52.6486776,9.745971599999999,32.64,31.94,52.648669999999996,9.7459695,0.027227136331111543,-0.028274333882308142,4.246560603027403,-10.25,-20.330000000000002,0.105,22.407597,0.015754582,0.5784923
0 days 00:00:03.490000,0.00011792765216177902,-6.882696,0.5375880000000001,9.531396,69.7642543859649,69.7642543859649,69.7642543859649,69.7642543859649,-0.05515240436302082,0.09354964790689607,0.003490658503988659,-7.0,2.39,83.1,2,2,34.5,4,0.005,22.35,0.06,52.6486776,9.745971599999999,32.64,31.94,52.648668199999996,9.745968099999999,0.026703537555513242,-0.0291469985083053,4.246560603027403,-10.25,-20.330000000000002,0.105,22.342257,0.020787977,0.5910243
0 days 00:00:03.500000,0.0,-7.804836000000002,0.56898,8.950644,69.91468763371844,69.91468763371844,69.91468763371844,69.91468763371844,-0.048869219055841226,0.08168140899333462,0.005235987755982988,-7.0,2.39,86.85,2,2,35.0,4,0.005,22.285,0.06,52.6486776,9.745971599999999,32.64,31.94,52.648666399999996,9.7459666,0.026179938779914945,-0.030019663134302467,4.246560603027403,-10.25,-20.330000000000002,0.105,22.27676,0.020937817,0.60857517
0 days 00:00:03.510000,0.0,-7.228008000000001,0.37278,9.26064,69.55699080017116,69.55699080017116,69.55699080017116,69.55699080017116,-0.048171087355043496,0.07819075048934597,0.006806784082777885,-7.0,2.39,90.6,2,2,35.5,4,0.01,22.21,0.065,52.6486776,9.745971599999999,32.64,31.94,52.6486646,9.7459651,0.025656340004316644,-0.030892327760299633,4.246735135952603,-10.25,-20.330000000000002,0.105,22.20141,0.025928585,0.62057954
0 days 00:00:03.520000,-0.00023585530432355804,-7.2750960000000005,0.16480800000000004,9.452916,69.19929396662388,69.19929396662388,69.19929396662388,69.19929396662388,-0.041015237421866746,0.07679448708775051,0.006981317007977318,-6.0,2.39,94.35,2,2,36.0,4,0.01,22.14,0.07,52.6486683,9.745964899999999,32.410000000000004,31.93,52.6486628,9.7459636,0.025132741228718343,-0.03159045946109736,4.246735135952603,-10.075000000000001,-20.09,0.015,22.131163,0.025812,0.62888134
0 days 00:00:03.530000,-0.0003537829564853371,-7.353576000000001,0.42379200000000006,8.970264,67.95571245186136,67.95571245186136,67.95571245186136,67.95571245186136,-0.040491638646268445,0.07923794804054256,0.00645771823237902,-6.0,2.39,98.1,2,2,36.5,4,0.005,22.07,0.07,52.6486683,9.745964899999999,32.410000000000004,31.93,52.648661,9.7459622,0.024783675378319478,-0.03246312408709453,4.246909668877802,-10.075000000000001,-20.09,0.015,22.060642,0.021016303,0.64604974
0 days 00:00:03.540000,-0.0003537829564853371,-7.565472000000001,0.4316400000000001,9.178236000000002,66.1839430894309,66.1839430894309,66.1839430894309,66.1839430894309,-0.03769911184307752,0.07801621756414652,0.006108652381980153,-6.0,2.39,103.5,2,2,37.0,4,0.005,22.0,0.075,52.6486683,9.745964899999999,32.410000000000004,31.93,52.6486592,9.7459607,0.024260076602721184,-0.033161255787892266,4.246909668877802,-10.075000000000001,-20.09,0.015,21.99039,0.020874105,0.65414137
0 days 00:00:03.550000,-0.0005896382608088951,-7.573320000000001,0.11379600000000001,9.81,64.12467907573811,64.12467907573811,64.12467907573811,64.12467907573811,-0.028274333882308142,0.07452555906015788,0.0036651914291880917,-5.0,2.39,108.9,2,2,37.5,4,0.005,21.93,0.08,52.6486683,9.745964899999999,32.410000000000004,31.93,52.6486575,9.745959299999999,0.023911010752322315,-0.034033920413889425,4.247084201803002,-10.075000000000001,-20.09,0.015,21.920023,0.02092815,0.6659561
0 days 00:00:03.560000,-0.0007075659129706742,-7.6007880000000005,0.7063200000000002,9.417600000000002,61.94506846384253,61.94506846384253,61.94506846384253,61.94506846384253,-0.02775073510670984,0.05811946409141117,0.0006981317007977319,-5.0,2.39,128.25,2,2,38.0,4,0.005,21.855,0.075,52.6486683,9.745964899999999,32.410000000000004,31.93,52.6486557,9.7459578,0.023736477827122883,-0.034732052114687155,4.247084201803002,-10.075000000000001,-20.09,0.015,21.844423,0.021231905,0.68365026
0 days 00:00:03.570000,-0.0007075659129706742,-7.432056000000001,0.17658000000000004,9.743292000000002,59.69859863072315,59.69859863072315,59.69859863072315,59.69859863072315,-0.032114058236695664,0.06667157742618339,-0.005235987755982988,-5.0,2.39,147.6,2,2,38.5,4,0.01,21.785,0.08,52.6486593,9.7459575,32.39,31.92,52.6486539,9.745956399999999,0.023387411976724018,-0.035255650890285456,4.247084201803002,-9.905,-19.795,0.05,21.77428,0.026084818,0.68751305
0 days 00:00:03.580000,-0.0007075659129706742,-8.303184000000002,0.349236,10.092528000000001,59.96603551561831,59.96603551561831,59.96603551561831,59.96603551561831,-0.03822271061867582,0.034557519189487726,-0.004014257279586958,-4.0,2.39,152.39999999999998,2,2,39.0,4,0.01,21.71,0.075,52.6486593,9.7459575,32.39,31.92,52.6486522,9.7459549,0.02303834612632515,-0.03595378259108319,4.247084201803002,-9.905,-19.795,0.05,21.698664,0.026248006,0.70501935
0 days 00:00:03.590000,-0.0004717106086471161,-8.503308,0.9692280000000001,10.112148,62.37296747967479,62.37296747967479,62.37296747967479,62.37296747967479,-0.030368728984701335,0.021642082724729686,-0.0012217304763960308,-4.0,2.39,157.2,2,2,39.5,4,0.01,21.635,0.07,52.6486593,9.7459575,32.39,31.92,52.6486504,9.745953499999999,0.022689280275926284,-0.03630284844148206,4.247084201803002,-9.905,-19.795,0.05,21.623285,0.026225355,0.7148748
0 days 00:00:03.600000,-0.00023585530432355804,-7.667496000000001,0.3924,9.998352000000002,66.8191056910569,66.8191056910569,66.8191056910569,66.8191056910569,-0.03298672286269283,-0.00017453292519943296,-0.0005235987755982988,-5.0,2.39,143.55,2,2,40.0,4,0.02,21.55,0.065,52.6486593,9.7459575,32.39,31.92,52.648648699999995,9.7459521,0.02234021442552742,-0.03647738136668149,4.247084201803002,-9.905,-19.795,0.05,21.538034,0.036099993,0.7203298
0 days 00:00:03.610000,-0.00011792765216177902,-6.6904200000000005,0.04316400000000001,10.12392,70.50973470261017,70.50973470261017,70.50973470261017,70.50973470261017,-0.013788101090755204,-0.03543018381548489,0.004537856055185257,-5.0,2.39,129.9,2,2,40.0,4,0.02,21.48,0.06,52.6486593,9.7459575,32.39,31.92,52.648647,9.7459507,0.02199114857512855,-0.03647738136668149,4.247084201803002,-9.905,-19.795,0.05,21.467897,0.035902284,0.7227857
0 days 00:00:03.620000,-0.00023585530432355804,-4.857912000000001,0.698472,9.186084000000001,70.15538083012407,70.15538083012407,70.15538083012407,70.15538083012407,-0.019896753472735357,-0.012566370614359173,0.004014257279586958,-5.0,2.39,100.5,2,2,40.0,4,0.02,21.415,0.055,52.6486507,9.7459511,32.25,31.91,52.6486452,9.7459493,0.02199114857512855,-0.03612831551628262,4.247084201803002,-9.67,-19.385,-0.04,21.403013,0.03579575,0.71794194
0 days 00:00:03.630000,-0.0004717106086471161,-4.461588000000001,-0.153036,11.972124000000003,69.43998716302953,69.43998716302953,69.43998716302953,69.43998716302953,-0.002967059728390361,0.02181661564992912,-0.0031415926535897933,-2.5,2.39,71.1,2,2,40.0,4,0.02,21.37,0.06,52.6486507,9.7459511,32.25,31.91,52.6486435,9.745947899999999,0.021642082724729686,-0.03595378259108319,4.247084201803002,-9.67,-19.385,-0.04,21.358347,0.035321165,0.707607
0 days 00:00:03.640000,-0.0003537829564853371,-7.345728,-0.184428,11.410992,68.75802310654684,68.75802310654684,68.75802310654684,68.75802310654684,0.020594885173533087,-0.0022689280275926286,-0.004886921905584123,0.0,2.39,89.69999999999999,2,2,40.0,4,0.02,21.330000000000002,0.035,52.6486507,9.7459511,32.25,31.91,52.6486418,9.7459464,0.021642082724729686,-0.03630284844148206,4.247084201803002,-9.67,-19.385,-0.04,21.317217,0.03599174,0.7385869
0 days 00:00:03.650000,-0.0003537829564853371,-7.844076000000001,-0.1962,10.316196000000001,69.01877406931963,69.01877406931963,69.01877406931963,69.01877406931963,0.01884955592153876,-0.03612831551628262,-0.011868238913561443,0.0,2.39,108.29999999999998,2,2,40.0,4,0.015,21.26,0.015,52.6486507,9.7459511,32.25,31.91,52.648640099999994,9.745944999999999,0.02181661564992912,-0.03630284844148206,4.247084201803002,-9.67,-19.385,-0.04,21.246536,0.031502422,0.75613165
0 days 00:00:03.660000,-0.0007075659129706742,-7.078896,0.07063200000000001,10.363284,69.27283910997004,69.27283910997004,69.27283910997004,69.27283910997004,0.012042771838760874,-0.05305800926062761,-0.01815142422074103,5.0,2.39,119.54999999999998,2,2,40.0,4,0.015,21.185,0.01,52.6486507,9.7459511,32.25,31.91,52.648638399999996,9.7459436,0.02199114857512855,-0.03595378259108319,4.246909668877802,-9.67,-19.385,-0.04,21.171667,0.0315219,0.7510117
0 days 00:00:03.670000,-0.0011792765216177901,-6.894468,0.7298640000000001,11.195172000000001,68.26995079161317,68.26995079161317,68.26995079161317,68.26995079161317,0.011519173063162576,-0.05026548245743669,-0.008203047484373348,5.0,2.39,130.79999999999998,2,2,40.0,4,0.015,21.12,-0.0,52.648642099999996,9.745944099999999,32.230000000000004,31.900000000000002,52.648636599999996,9.7459423,0.022165681500327987,-0.03543018381548489,4.246735135952603,-9.405,-18.985,-0.145,21.106747,0.031577747,0.7476127
0 days 00:00:03.680000,-0.0010613488694560112,-7.31826,0.12164400000000002,11.195172000000001,67.06648480958494,67.06648480958494,67.06648480958494,67.06648480958494,0.035255650890285456,-0.06073745796940267,0.005934119456780722,-5.0,2.39,127.64999999999999,2,2,40.0,4,0.025,21.055,-0.015,52.648642099999996,9.745944099999999,32.230000000000004,31.900000000000002,52.648635,9.745940899999999,0.02234021442552742,-0.03490658503988659,4.246560603027403,-9.405,-18.985,-0.145,21.041653,0.041743055,0.74905425
0 days 00:00:03.690000,-0.00023585530432355804,-6.863076,0.15696000000000002,9.692280000000002,66.8525353016688,66.8525353016688,66.8525353016688,66.8525353016688,0.038571776469074684,-0.03700098014227979,0.005585053606381855,-5.0,2.39,124.5,2,2,40.0,4,0.02,20.985,-0.03,52.648642099999996,9.745944099999999,32.230000000000004,31.91,52.6486333,9.7459395,0.022689280275926284,-0.03420845333908886,4.246735135952603,-9.405,-18.985,-0.145,20.971697,0.03695833,0.74706066
0 days 00:00:03.700000,-0.0004717106086471161,-6.992568,-0.349236,9.594180000000001,67.72839109970046,67.72839109970046,67.72839109970046,67.72839109970046,0.023387411976724018,-0.03961897402027128,-0.00645771823237902,-5.0,2.39,124.2,2,2,40.0,4,0.02,20.92,-0.035,52.648642099999996,9.745944099999999,32.230000000000004,31.91,52.648631599999995,9.7459381,0.02303834612632515,-0.03385938748868999,4.246735135952603,-9.405,-18.985,-0.145,20.906826,0.037114885,0.742525
0 days 00:00:03.710000,-0.0014151318259413483,-7.353576000000001,0.0981,10.51632,67.63478818998715,67.63478818998715,67.63478818998715,67.63478818998715,0.01937315469713706,-0.0736528944341607,-0.007155849933176751,-5.0,2.39,123.9,2,2,40.0,4,0.015,20.855,-0.035,52.648642099999996,9.745944099999999,32.230000000000004,31.91,52.648629899999996,9.7459367,0.023212879051524585,-0.033510321638291124,4.246560603027403,-9.405,-18.985,-0.145,20.842117,0.03202589,0.7331615
0 days 00:00:03.720000,-0.0014151318259413483,-6.686496,0.926064,10.971504000000001,66.77899015832264,66.77899015832264,66.77899015832264,66.77899015832264,0.02129301687433082,-0.046949356878647465,0.003316125578789226,-5.0,2.39,127.5,2,2,40.0,4,0.015,20.785,-0.04,52.648633499999995,9.7459372,32.24,31.900000000000002,52.6486282,9.745935399999999,0.023387411976724018,-0.0328121899374934,4.246560603027403,-9.290000000000001,-18.57,-0.155,20.7725,0.031876735,0.7213093
0 days 00:00:03.730000,-0.000825493565132453,-7.765596000000001,-0.258984,10.371132000000001,65.97667950363713,65.97667950363713,65.97667950363713,65.97667950363713,0.02775073510670984,-0.03490658503988659,0.005934119456780722,-5.0,2.39,131.1,2,2,40.0,4,0.02,20.72,-0.055,52.648633499999995,9.7459372,32.24,31.900000000000002,52.6486265,9.745934,0.023736477827122883,-0.0322885911618951,4.246560603027403,-9.290000000000001,-18.57,-0.155,20.707424,0.03717499,0.7231961
0 days 00:00:03.740000,-0.0011792765216177901,-8.1423,0.153036,8.978112000000001,65.16768292682927,65.16768292682927,65.16768292682927,65.16768292682927,0.016057029118347832,-0.07400196028455958,0.0006981317007977319,-5.0,2.39,142.35,2,2,40.0,4,0.015,20.645,-0.065,52.648633499999995,9.7459372,32.24,31.900000000000002,52.648624899999994,9.7459326,0.023911010752322315,-0.031939525311496235,4.246560603027403,-9.290000000000001,-18.57,-0.155,20.632395,0.03231152,0.72368056
0 days 00:00:03.750000,-0.0017689147824266852,-6.431436000000001,0.062784,9.335196,63.71683782627299,63.71683782627299,63.71683782627299,63.71683782627299,0.016231562043547268,-0.05986479334340551,-0.0006981317007977319,-6.0,2.39,153.6,2,2,40.0,4,0.015,20.565,-0.06,52.648633499999995,9.7459372,32.24,31.900000000000002,52.648623199999996,9.745931299999999,0.02408554367752175,-0.031241393610698498,4.246560603027403,-9.290000000000001,-18.57,-0.155,20.553091,0.031910386,0.7017805
0 days 00:00:03.760000,-0.0017689147824266852,-6.509916000000001,0.5258160000000001,10.284804000000001,61.56397090286693,61.56397090286693,61.56397090286693,61.56397090286693,0.012566370614359173,-0.005934119456780722,0.0008726646259971648,-7.0,2.39,148.5,2,2,40.0,4,0.015,20.505,-0.055,52.648633499999995,9.7459372,32.24,31.900000000000002,52.6486216,9.7459299,0.024260076602721184,-0.030543261909900768,4.246560603027403,-9.290000000000001,-18.57,-0.155,20.493755,0.031519115,0.6806022
0 days 00:00:03.770000,-0.0017689147824266852,-8.84862,0.20012400000000002,9.82962,59.09686563970903,59.09686563970903,59.09686563970903,59.09686563970903,0.024434609527920613,-0.034557519189487726,-0.0005235987755982988,-11.0,2.39,143.4,2,2,40.0,4,0.015,20.445,-0.06,52.648624999999996,9.7459302,32.21,31.89,52.6486199,9.7459286,0.024434609527920616,-0.030543261909900768,4.246560603027403,-9.225,-18.27,0.045,20.433632,0.031715244,0.6837611
0 days 00:00:03.780000,-0.0018868424345884643,-7.694964000000001,0.40024800000000005,7.918632000000001,56.2553487376979,56.2553487376979,56.2553487376979,56.2553487376979,0.022863813201125717,-0.0762708883121522,-0.0010471975511965976,-6.0,2.39,138.9,2,2,40.0,4,0.015,20.36,-0.065,52.648624999999996,9.7459302,32.21,31.89,52.648618299999995,9.745927199999999,0.024609142453120045,-0.0301941960595019,4.246560603027403,-9.225,-18.27,0.045,20.348759,0.031718902,0.679056
0 days 00:00:03.790000,-0.0018868424345884643,-4.285008,-0.298224,10.492776000000001,53.8216730851519,53.8216730851519,53.8216730851519,53.8216730851519,0.026529004630313806,0.005235987755982988,-0.0015707963267948967,-6.0,2.39,134.4,2,2,40.0,4,0.02,20.285,-0.05,52.648624999999996,9.7459302,32.21,31.900000000000002,52.6486166,9.7459259,0.02495820830351891,-0.02949606435870417,4.246560603027403,-9.225,-18.27,0.045,20.274702,0.03617048,0.64751816
0 days 00:00:03.800000,-0.001650987130264906,-7.063200000000001,0.30999600000000005,10.116072,52.818784766795034,52.818784766795034,52.818784766795034,52.818784766795034,0.030543261909900768,-0.0010471975511965976,0.00034906585039886593,3.0,2.39,137.7,2,2,40.0,4,0.015,20.245,-0.055,52.648624999999996,9.7459302,32.21,31.900000000000002,52.648615,9.7459245,0.025132741228718343,-0.02949606435870417,4.246560603027403,-9.225,-18.27,0.045,20.234573,0.031381026,0.6514545
0 days 00:00:03.810000,-0.0015330594781031272,-7.663572,0.27468000000000004,8.040276,53.046106118955926,53.046106118955926,53.046106118955926,53.046106118955926,0.028972465583105875,-0.06335545184739416,0.0,3.0,2.39,141.0,2,2,40.0,4,0.015,20.175,-0.06,52.648624999999996,9.7459302,32.21,31.900000000000002,52.648613399999995,9.7459232,0.02548180707911721,-0.02949606435870417,4.246560603027403,-9.225,-18.27,0.045,20.164454,0.031683158,0.65437585
0 days 00:00:03.820000,-0.0015330594781031272,-4.920696,0.37670400000000004,8.911404000000001,53.86178861788618,53.86178861788618,53.86178861788618,53.86178861788618,0.02234021442552742,-0.009948376736367679,-0.00017453292519943296,13.0,2.39,148.8,2,2,40.0,4,0.015,20.1,-0.045,52.6486166,9.745922499999999,32.38,31.89,52.6486117,9.745921899999999,0.025830872929516076,-0.02879793265790644,4.246386070102204,-9.095,-17.98,0.15,20.090372,0.031104947,0.62314427
0 days 00:00:03.830000,-0.001650987130264906,-6.109668,0.592524,10.296576000000002,54.53706675224647,54.53706675224647,54.53706675224647,54.53706675224647,0.014486232791552938,0.041713369122664476,0.0017453292519943296,16.0,2.99,156.6,2,2,40.0,4,0.02,20.055,-0.04,52.6486166,9.745922499999999,32.38,31.89,52.6486101,9.7459205,0.02600540585471551,-0.02879793265790644,4.246386070102204,-9.095,-17.98,0.15,20.045534,0.036048364,0.61671734
0 days 00:00:03.840000,-0.0017689147824266852,-8.683812000000001,0.3531600000000001,9.884556000000002,56.3823812580231,56.3823812580231,56.3823812580231,56.3823812580231,0.006981317007977318,-0.017976891295541593,0.0020943951023931952,19.0,2.99,163.95,2,2,40.0,4,0.02,19.995,-0.045,52.6486166,9.745922499999999,32.38,31.89,52.648608499999995,9.7459192,0.026179938779914945,-0.0291469985083053,4.246386070102204,-9.095,-17.98,0.15,19.985195,0.036424227,0.62695396
0 days 00:00:03.850000,-0.0017689147824266852,-7.235856000000001,0.28252800000000006,8.212932,58.48176080445014,58.48176080445014,58.48176080445014,58.48176080445014,0.005585053606381855,-0.06911503837897545,0.005585053606381855,20.0,2.99,171.29999999999998,2,2,40.0,4,0.02,19.915,-0.05,52.6486166,9.745922499999999,32.38,31.89,52.6486069,9.7459179,0.026179938779914945,-0.028972465583105872,4.246560603027403,-9.095,-17.98,0.15,19.905195,0.036403086,0.62614655
0 days 00:00:03.860000,-0.0017689147824266852,-4.708800000000001,0.16480800000000004,8.774064000000001,60.30033162173727,60.30033162173727,60.30033162173727,60.30033162173727,-0.002617993877991494,0.023038346126325153,0.006632251157578452,33.0,2.99,174.45,2,2,40.0,4,0.02,19.845,-0.035,52.6486166,9.745922499999999,32.38,31.89,52.6486053,9.7459166,0.026179938779914945,-0.028274333882308142,4.246560603027403,-9.095,-17.98,0.15,19.836077,0.03559501,0.5952876
0 days 00:00:03.870000,-0.0020047700867502436,-7.22016,-0.08632800000000002,9.825696,61.69100342319213,61.69100342319213,61.69100342319213,61.69100342319213,-0.012042771838760874,0.053232542185827056,0.0036651914291880917,37.0,2.99,177.6,2,2,40.0,4,0.02,19.8,-0.025,52.648608599999996,9.745915799999999,32.38,31.89,52.648603699999995,9.7459153,0.026179938779914945,-0.028623399732707007,4.246560603027403,-8.915000000000001,-17.71,0.115,19.791174,0.03548089,0.5909294
0 days 00:00:03.880000,-0.0021226977389120225,-8.950644,0.231516,8.96634,62.52005776636714,62.52005776636714,62.52005776636714,62.52005776636714,-0.017104226669544427,-0.0291469985083053,0.0027925268031909274,41.0,2.99,166.35,2,2,40.0,4,0.015,19.73,-0.025,52.648608599999996,9.745915799999999,32.38,31.89,52.6486021,9.745913999999999,0.026179938779914945,-0.0291469985083053,4.246560603027403,-8.915000000000001,-17.71,0.115,19.72089,0.030700458,0.59938
0 days 00:00:03.890000,-0.0024764806953973596,-6.152832,-0.16088400000000003,8.479764000000001,62.09215875053488,62.09215875053488,62.09215875053488,62.09215875053488,-0.021118483949131385,-0.009773843811168246,0.004014257279586958,42.0,2.99,155.1,2,2,40.0,4,0.015,19.64,-0.02,52.648608599999996,9.745915799999999,32.38,31.89,52.6486005,9.7459127,0.02600540585471551,-0.02879793265790644,4.246560603027403,-8.915000000000001,-17.71,0.115,19.63128,0.030219503,0.5849169
0 days 00:00:03.900000,-0.002594408347559139,-6.274476000000001,0.298224,10.233792000000001,61.73780487804877,61.73780487804877,61.73780487804877,61.73780487804877,-0.021467549799530253,0.07278022980816354,0.0020943951023931952,50.0,2.99,151.05,2,2,40.0,4,0.01,19.585,-0.01,52.648608599999996,9.745915799999999,32.38,31.89,52.648598899999996,9.745911399999999,0.025656340004316644,-0.028623399732707007,4.246735135952603,-8.915000000000001,-17.71,0.115,19.57669,0.024632268,0.57006437
0 days 00:00:03.910000,-0.0027123359997209178,-9.421524000000002,-0.039240000000000004,8.970264,61.69100342319213,61.69100342319213,61.69100342319213,61.69100342319213,-0.01658062789394613,-0.009773843811168246,-0.0008726646259971648,50.0,2.99,147.0,2,2,40.0,4,0.01,19.525000000000002,-0.015,52.648608599999996,9.745915799999999,32.38,31.89,52.6485974,9.7459101,0.02548180707911721,-0.02949606435870417,4.246735135952603,-8.915000000000001,-17.71,0.115,19.516064,0.025050301,0.590374
0 days 00:00:03.920000,-0.0029481913040444755,-6.172452,-0.007848,7.942176,61.05584082156611,61.05584082156611,61.05584082156611,61.05584082156611,-0.019198621771937627,-0.06387905062299247,0.0,46.0,2.99,143.1,2,2,40.0,4,0.01,19.43,-0.01,52.648600699999996,9.7459093,32.38,31.88,52.648595799999995,9.745908799999999,0.02530727415391778,-0.029321531433504737,4.246735135952603,-8.745000000000001,-17.475,0.005,19.421354,0.02466412,0.57919276
0 days 00:00:03.930000,-0.0031840466083680333,-2.8056600000000005,0.7651800000000001,9.668736,60.39393453145058,60.39393453145058,60.39393453145058,60.39393453145058,-0.009948376736367679,0.04014257279586959,0.009075712110370514,46.0,2.99,139.2,2,2,40.0,4,0.005,19.37,0.005,52.648600699999996,9.7459093,32.38,31.88,52.6485942,9.7459075,0.025132741228718343,-0.028623399732707007,4.246735135952603,-8.745000000000001,-17.475,0.005,19.36221,0.018803932,0.54906255
0 days 00:00:03.940000,-0.0028302636518826967,-7.2397800000000005,0.459108,9.876708000000002,60.14655541292255,60.14655541292255,60.14655541292255,60.14655541292255,0.005934119456780722,0.08901179185171082,0.015358897417550098,20.0,2.99,134.7,2,2,40.0,4,0.01,19.345,0.01,52.648600699999996,9.7459093,32.38,31.88,52.6485926,9.7459062,0.025132741228718343,-0.0291469985083053,4.246735135952603,-8.745000000000001,-17.475,0.005,19.337074,0.023913214,0.5533469
0 days 00:00:03.950000,-0.0027123359997209178,-10.139616000000002,-0.129492,7.675344,60.62125588361146,60.62125588361146,60.62125588361146,60.62125588361146,0.0020943951023931952,0.006632251157578452,0.01291543646475804,19.0,2.99,130.2,2,2,40.0,4,0.01,19.28,0.005,52.648600699999996,9.7459093,32.38,31.88,52.6485911,9.7459049,0.025132741228718343,-0.030019663134302467,4.246909668877802,-8.745000000000001,-17.475,0.005,19.271465,0.024413839,0.573262
0 days 00:00:03.960000,-0.003419901912691592,-7.255476000000001,0.223668,8.299260000000002,60.5477107402653,60.5477107402653,60.5477107402653,60.5477107402653,-0.011344640137963142,0.01780235837034216,0.005061454830783556,0.0,2.99,130.05,2,2,40.0,4,0.005,19.18,0.025,52.648600699999996,9.7459093,32.38,31.88,52.6485896,9.7459037,0.025132741228718343,-0.030019663134302467,4.247084201803002,-8.745000000000001,-17.475,0.005,19.172108,0.018837614,0.55040234
0 days 00:00:03.970000,-0.004009540173500487,-7.047504000000001,0.678852,10.457460000000001,60.661371416345744,60.661371416345744,60.661371416345744,60.661371416345744,0.0010471975511965976,0.04939281783143952,0.009773843811168246,-1.0,2.99,129.9,2,2,40.0,4,0.0,19.11,0.035,52.6485929,9.7459028,32.38,31.88,52.648588,9.7459024,0.02495820830351891,-0.0301941960595019,4.247084201803002,-8.605,-17.21,0.015,19.102346,0.013524432,0.54177064
0 days 00:00:03.980000,-0.0037736848691769286,-8.346348,-0.12164400000000002,9.963036,60.58782627299957,60.58782627299957,60.58782627299957,60.58782627299957,0.018500490071139894,0.026529004630313806,0.012391837689159739,-3.0,2.99,135.0,2,2,40.0,4,0.005,19.04,0.03,52.6485929,9.7459028,32.38,31.88,52.6485864,9.7459011,0.025132741228718343,-0.0307177948351002,4.2472587347282005,-8.605,-17.21,0.015,19.03194,0.018940322,0.55448824
0 days 00:00:03.990000,-0.0037736848691769286,-7.432056000000001,0.019620000000000002,9.413676,60.44073598630723,60.44073598630723,60.44073598630723,60.44073598630723,0.023212879051524585,0.021642082724729686,0.009773843811168246,-5.0,2.99,140.1,2,2,40.0,4,0.0,18.96,0.025,52.6485929,9.7459028,32.38,31.88,52.648584899999996,9.7458999,0.02530727415391778,-0.030892327760299633,4.247433267653401,-8.605,-17.21,0.015,18.951725,0.014186687,0.56045777
0 days 00:00:04,-0.004363323129985823,-6.812064,-0.20797200000000002,9.908100000000001,60.11981172443303,60.11981172443303,60.11981172443303,60.11981172443303,0.023561944901923447,0.03944444109507185,0.006108652381980153,-6.0,2.99,148.05,2,2,40.0,4,-0.005,18.89,0.025,52.6485929,9.7459028,32.38,31.88,52.6485834,9.7458986,0.02548180707911721,-0.031241393610698498,4.247433267653401,-8.605,-17.21,0.015,18.881561,0.009398972,0.56501
0 days 00:00:04.010000,-0.004481250782147603,-8.185464000000001,0.37278,9.786456000000001,59.64511125374412,59.64511125374412,59.64511125374412,59.64511125374412,0.023387411976724018,0.04415683007545654,0.006806784082777885,-6.0,2.99,156.0,2,2,40.5,4,-0.01,18.825,0.02,52.6485929,9.7459028,32.38,31.88,52.648581899999996,9.745897399999999,0.025656340004316644,-0.03159045946109736,4.247607800578599,-8.605,-17.21,0.015,18.816238,0.004743845,0.57466894
0 days 00:00:04.020000,-0.004481250782147603,-8.110908000000002,0.023544000000000002,9.609876,59.337558836114674,59.337558836114674,59.337558836114674,59.337558836114674,0.00942477796076938,0.029321531433504733,0.0031415926535897933,-7.0,2.99,148.64999999999998,2,2,41.0,4,-0.01,18.745,0.02,52.6485852,9.745895899999999,32.47,31.87,52.6485803,9.7458961,0.02600540585471551,-0.031939525311496235,4.247607800578599,-8.48,-16.94,-0.015,18.736078,0.005048799,0.57867914
0 days 00:00:04.030000,-0.004481250782147603,-8.154072000000001,-0.07848000000000001,10.033668000000002,59.404418057338475,59.404418057338475,59.404418057338475,59.404418057338475,0.01815142422074103,0.008028514559173916,0.005235987755982988,-11.0,2.99,141.29999999999998,2,2,41.5,4,-0.015,18.67,0.02,52.6485852,9.745895899999999,32.47,31.87,52.648578799999996,9.7458949,0.02600540585471551,-0.0322885911618951,4.247607800578599,-8.48,-16.94,-0.015,18.660915,0.00015759029,0.58292675
0 days 00:00:04.040000,-0.004481250782147603,-7.424208000000001,0.37278,9.025200000000002,59.75208600770219,59.75208600770219,59.75208600770219,59.75208600770219,0.011519173063162576,0.027925268031909273,0.0,-15.0,2.99,136.64999999999998,2,2,42.0,4,-0.02,18.59,0.015,52.6485852,9.745895899999999,32.47,31.87,52.6485773,9.7458937,0.026179938779914945,-0.03246312408709453,4.2477823335038,-8.48,-16.94,-0.015,18.580692,-0.0045908545,0.58871335
0 days 00:00:04.050000,-0.004481250782147603,-8.110908000000002,0.23936400000000002,9.452916,59.344244758237046,59.344244758237046,59.344244758237046,59.344244758237046,0.012566370614359173,0.04066617157146788,-0.002967059728390361,-16.0,2.99,132.0,2,2,42.5,4,-0.02,18.52,0.02,52.6485852,9.745895899999999,32.47,31.87,52.6485759,9.745892399999999,0.026354471705114377,-0.032637657012293965,4.2477823335038,-8.48,-16.94,-0.015,18.51079,-0.0045945286,0.58467686
0 days 00:00:04.060000,-0.0045991784343093825,-8.428752000000001,-0.07848000000000001,9.857088000000003,58.78262729995721,58.78262729995721,58.78262729995721,58.78262729995721,0.008203047484373348,0.025132741228718346,-0.009599310885968814,-17.0,2.99,133.2,2,2,43.0,4,-0.015,18.44,0.02,52.6485852,9.745895899999999,32.47,31.87,52.6485744,9.745891199999999,0.02652900463031381,-0.03298672286269283,4.247607800578599,-8.48,-16.94,-0.015,18.43063,0.0006071651,0.5883666
0 days 00:00:04.070000,-0.0045991784343093825,-8.570016,0.7337880000000001,9.358740000000001,57.81316859221223,57.81316859221223,57.81316859221223,57.81316859221223,0.004537856055185257,-0.0027925268031909274,-0.005934119456780722,-18.0,2.99,134.4,2,2,43.5,4,-0.02,18.36,0.02,52.6485777,9.7458897,32.480000000000004,31.87,52.6485729,9.74589,0.02652900463031381,-0.033335788713091695,4.247607800578599,-8.345,-16.580000000000002,-0.055,18.350466,-0.00429115,0.5922652
0 days 00:00:04.080000,-0.004481250782147603,-7.27902,0.51012,10.685052,57.56578947368421,57.56578947368421,57.56578947368421,57.56578947368421,0.009075712110370514,0.04206243497306335,-0.006806784082777885,-17.0,2.99,140.55,2,2,44.0,4,-0.015,18.275000000000002,0.02,52.6485777,9.7458897,32.480000000000004,31.87,52.648571399999994,9.7458888,0.02652900463031381,-0.033335788713091695,4.247433267653401,-8.345,-16.580000000000002,-0.055,18.265512,0.0006319426,0.58930045
0 days 00:00:04.090000,-0.004363323129985823,-9.331272,0.5532840000000001,9.982656,57.17800599058622,57.17800599058622,57.17800599058622,57.17800599058622,0.01780235837034216,0.009075712110370514,-0.0038397243543875246,-17.0,2.99,146.7,2,2,44.5,4,-0.01,18.21,0.01,52.6485777,9.7458897,32.480000000000004,31.87,52.6485699,9.7458876,0.026703537555513242,-0.03368485456349056,4.247433267653401,-8.345,-16.580000000000002,-0.055,18.200006,0.006111651,0.6033428
0 days 00:00:04.100000,-0.004481250782147603,-8.746596,0.23936400000000002,9.825696,56.62976037655113,56.62976037655113,56.62976037655113,56.62976037655113,0.01902408884673819,-0.0041887902047863905,-0.002967059728390361,-17.0,2.99,152.25,2,2,45.0,4,-0.005,18.12,0.005,52.6485777,9.7458897,32.480000000000004,31.87,52.648568499999996,9.7458864,0.026878070480712675,-0.03385938748868999,4.247433267653401,-8.345,-16.580000000000002,-0.055,18.109785,0.011352932,0.60833234
0 days 00:00:04.110000,-0.004363323129985823,-7.985340000000001,0.42379200000000006,9.817848000000001,56.62976037655113,56.62976037655113,56.62976037655113,56.62976037655113,0.017104226669544427,-0.006283185307179587,-0.0017453292519943296,-16.0,2.99,157.79999999999998,2,2,45.5,4,-0.005,18.035,-0.0,52.6485777,9.7458897,32.480000000000004,31.87,52.648567,9.7458852,0.027052603405912107,-0.03368485456349056,4.247433267653401,-8.345,-16.580000000000002,-0.055,18.024769,0.011431347,0.60730445
0 days 00:00:04.120000,-0.004245395477824045,-7.483068,-0.302148,10.484928,56.68993367565255,56.68993367565255,56.68993367565255,56.68993367565255,0.029321531433504733,-0.013439035240356337,-0.0022689280275926286,-16.0,2.99,153.75,2,2,46.0,4,-0.005,17.955000000000002,-0.0,52.6485704,9.7458835,32.46,31.86,52.6485655,9.745884,0.027227136331111543,-0.03368485456349056,4.247433267653401,-8.175,-16.195,-0.09,17.944815,0.011463991,0.60460913
0 days 00:00:04.130000,-0.004127467825662266,-7.7302800000000005,0.47872800000000004,9.617724,56.29546427043217,56.29546427043217,56.29546427043217,56.29546427043217,0.03735004599267865,0.002617993877991494,-0.0038397243543875246,-30.0,2.99,149.7,2,2,46.5,4,-0.01,17.885,-0.01,52.6485704,9.7458835,32.46,31.86,52.648564099999994,9.7458828,0.02757620218151041,-0.033510321638291124,4.2472587347282005,-8.175,-16.195,-0.09,17.874624,0.0068014916,0.6092584
0 days 00:00:04.140000,-0.004127467825662266,-7.965720000000001,-0.054936000000000006,10.524168,56.12163029525033,56.12163029525033,56.12163029525033,56.12163029525033,0.03316125578789226,0.029670597283903602,-0.010995574287564275,-36.0,2.99,142.64999999999998,2,2,47.0,4,-0.005,17.81,-0.01,52.6485704,9.7458835,32.46,31.86,52.6485627,9.745881599999999,0.027925268031909273,-0.03368485456349056,4.2472587347282005,-8.175,-16.195,-0.09,17.799559,0.012028791,0.6097099
0 days 00:00:04.150000,-0.004127467825662266,-9.81,-0.5140440000000001,10.688976000000002,55.78064826700898,55.78064826700898,55.78064826700898,55.78064826700898,0.038397243543875255,-0.012042771838760874,-0.012217304763960306,-36.0,2.99,135.6,2,2,47.5,4,-0.005,17.735,-0.02,52.6485704,9.7458835,32.46,31.86,52.648561199999996,9.745880399999999,0.028274333882308142,-0.03385938748868999,4.247084201803002,-8.175,-16.195,-0.09,17.72416,0.012540211,0.62026346
0 days 00:00:04.160000,-0.004009540173500487,-8.793684,0.17658000000000004,9.087984,55.406236628155746,55.406236628155746,55.406236628155746,55.406236628155746,0.020420352248333655,-0.023387411976724018,-0.015358897417550098,-38.0,2.99,133.35,2,2,48.0,4,-0.015,17.64,-0.035,52.6485704,9.7458835,32.46,31.86,52.6485598,9.7458792,0.028623399732707007,-0.03385938748868999,4.247084201803002,-8.175,-16.195,-0.09,17.628704,0.0030978243,0.63231575
0 days 00:00:04.170000,-0.004009540173500487,-7.39674,-0.05101200000000001,10.794924000000002,55.02513906718014,55.02513906718014,55.02513906718014,55.02513906718014,0.013962634015954637,-0.0010471975511965976,-0.017453292519943295,-45.0,2.99,131.1,2,2,48.5,4,-0.01,17.555,-0.03,52.6485632,9.7458774,32.47,31.86,52.6485584,9.745878099999999,0.02879793265790644,-0.033510321638291124,4.246909668877802,-8.02,-15.82,0.09,17.54414,0.0078030336,0.6181784
0 days 00:00:04.180000,-0.004009540173500487,-8.413056000000001,0.23936400000000002,9.943416000000001,54.202770646127505,54.202770646127505,54.202770646127505,54.202770646127505,0.006108652381980153,-0.023038346126325153,-0.019896753472735357,-44.0,2.99,138.0,2,2,49.0,4,-0.01,17.485,-0.04,52.6485632,9.7458774,32.47,31.86,52.648557,9.745876899999999,0.028972465583105872,-0.033510321638291124,4.246735135952603,-8.02,-15.82,0.09,17.473843,0.008132509,0.62582296
0 days 00:00:04.190000,-0.004009540173500487,-8.055972,0.8554320000000001,8.39736,53.066163885323064,53.066163885323064,53.066163885323064,53.066163885323064,-0.00645771823237902,-0.04415683007545654,-0.020071286397934793,-45.0,2.99,144.9,2,2,49.5,4,-0.01,17.405,-0.045,52.6485632,9.7458774,32.47,31.86,52.648555599999995,9.7458757,0.028972465583105872,-0.033335788713091695,4.246386070102204,-8.02,-15.82,0.09,17.393831,0.008111685,0.62510437
0 days 00:00:04.200000,-0.004009540173500487,-6.321564000000001,0.31392000000000003,10.610496000000001,52.03653187847667,52.03653187847667,52.03653187847667,52.03653187847667,-0.005759586531581288,-0.0010471975511965976,-0.01815142422074103,-44.0,2.99,149.85,2,2,50.0,4,0.0,17.330000000000002,-0.035,52.6485632,9.7458774,32.47,31.86,52.6485542,9.745874599999999,0.028972465583105872,-0.03298672286269283,4.246211537177004,-8.02,-15.82,0.09,17.319418,0.01757042,0.60628265
0 days 00:00:04.210000,-0.004009540173500487,-8.224704000000001,0.28645200000000004,10.343664,50.56562901155327,50.56562901155327,50.56562901155327,50.56562901155327,-0.0054105206811824215,0.0054105206811824215,-0.01658062789394613,-45.0,2.99,154.79999999999998,2,2,50.0,4,0.005,17.27,-0.045,52.6485632,9.7458774,32.47,31.86,52.6485528,9.745873399999999,0.02879793265790644,-0.03298672286269283,4.246037004251805,-8.02,-15.82,0.09,17.25912,0.022693334,0.61415416
0 days 00:00:04.220000,-0.004009540173500487,-9.437220000000002,0.42771600000000004,8.126604,48.09852374839538,48.09852374839538,48.09852374839538,48.09852374839538,-0.01064650843716541,-0.05672320068981571,-0.01815142422074103,-45.0,2.99,148.64999999999998,2,2,50.0,4,0.01,17.19,-0.05,52.6485566,9.7458735,32.160000000000004,31.85,52.648551399999995,9.7458723,0.02879793265790644,-0.03298672286269283,4.245862471326605,-7.815,-15.42,0.045,17.178999,0.02775918,0.616368
0 days 00:00:04.230000,-0.004009540173500487,-6.662952000000001,0.8868240000000002,8.393436000000001,46.386927685066325,46.386927685066325,46.386927685066325,46.386927685066325,-0.017453292519943295,-0.04014257279586959,-0.01884955592153876,-40.5,2.99,142.5,2,2,50.0,4,0.015,17.1,-0.04,52.6485566,9.7458735,32.160000000000004,31.85,52.64855,9.7458712,0.028623399732707007,-0.03246312408709453,4.245687938401406,-7.815,-15.42,0.045,17.089691,0.03202248,0.59432787
0 days 00:00:04.240000,-0.0036557572170151493,-6.584472000000001,0.38847600000000004,10.728216000000002,46.96191698759093,46.96191698759093,46.96191698759093,46.96191698759093,-0.0038397243543875246,0.008028514559173916,-0.012566370614359173,-36.0,2.99,134.85,2,2,50.0,4,0.025,17.035,-0.025,52.6485566,9.7458735,32.160000000000004,31.85,52.6485486,9.7458701,0.028448866807507574,-0.031939525311496235,4.245513405476206,-7.815,-15.42,0.045,17.025513,0.041174665,0.5680431
0 days 00:00:04.250000,-0.003301974260529812,-8.248248,-0.3924,9.758988,48.981065468549424,48.981065468549424,48.981065468549424,48.981065468549424,0.0,-0.029321531433504733,-0.012566370614359173,-36.0,2.99,127.19999999999999,2,2,50.0,4,0.025,16.97,-0.04,52.6485566,9.7458735,32.160000000000004,31.85,52.6485473,9.7458689,0.028448866807507574,-0.032114058236695664,4.245338872551008,-7.815,-15.42,0.045,16.959965,0.041626282,0.5839134
0 days 00:00:04.260000,-0.0031840466083680333,-7.271172000000001,0.054936000000000006,7.9617960000000005,50.02406931964056,50.02406931964056,50.02406931964056,50.02406931964056,-0.014660765716752367,-0.052534410485029326,-0.012740903539558606,-38.0,2.99,130.05,2,2,50.0,4,0.02,16.89,-0.04,52.6485566,9.7458735,32.160000000000004,31.85,52.648545899999995,9.7458678,0.028448866807507574,-0.0317649923862968,4.245164339625807,-7.815,-15.42,0.045,16.880209,0.03638763,0.5755981
0 days 00:00:04.270000,-0.003301974260529812,-6.258780000000001,0.49834800000000007,8.958492000000001,51.11387462558836,51.11387462558836,51.11387462558836,51.11387462558836,-0.028623399732707003,0.013439035240356337,-0.011519173063162576,-38.0,2.99,132.9,2,2,50.0,4,0.025,16.82,-0.025,52.6485497,9.7458679,32.15,31.85,52.6485445,9.745866699999999,0.028274333882308142,-0.031241393610698498,4.244989806700609,-7.58,-15.085,0.005,16.811012,0.040549636,0.54945576
0 days 00:00:04.280000,-0.003301974260529812,-8.295336,0.46695600000000004,9.923796000000001,52.56471972614463,52.56471972614463,52.56471972614463,52.56471972614463,-0.026529004630313806,-0.016406094968746697,-0.009599310885968814,-34.0,2.99,133.2,2,2,50.0,4,0.03,16.76,-0.015,52.6485497,9.7458679,32.15,31.85,52.6485432,9.7458656,0.027925268031909273,-0.031415926535897934,4.244989806700609,-7.58,-15.085,0.005,16.751259,0.045106113,0.5403883
0 days 00:00:04.290000,-0.003301974260529812,-7.918632000000001,-0.47480400000000006,8.785836000000002,53.27342747111681,53.27342747111681,53.27342747111681,53.27342747111681,-0.01658062789394613,-0.05585053606381855,-0.007504915783575617,-34.0,2.99,133.5,2,2,50.0,4,0.03,16.685,-0.02,52.6485497,9.7458679,32.15,31.85,52.6485419,9.7458645,0.02775073510670984,-0.031241393610698498,4.244815273775409,-7.58,-15.085,0.005,16.676231,0.045004334,0.5401272
0 days 00:00:04.300000,-0.0035378295648533704,-5.595624000000001,-0.223668,9.119376,52.59814933675652,52.59814933675652,52.59814933675652,52.59814933675652,-0.032637657012293965,0.018675022996339326,-0.013439035240356337,-23.0,2.99,132.75,2,2,50.0,4,0.025,16.605,-0.01,52.6485497,9.7458679,32.15,31.85,52.648540499999996,9.7458634,0.02757620218151041,-0.0307177948351002,4.244815273775409,-7.58,-15.085,0.005,16.596859,0.039327864,0.51909703
0 days 00:00:04.310000,-0.0036557572170151493,-7.435980000000001,-0.047088000000000005,9.711900000000002,51.41474112109542,51.41474112109542,51.41474112109542,51.41474112109542,-0.029321531433504733,-0.013788101090755204,-0.015707963267948967,-23.0,2.99,132.0,2,2,50.0,4,0.025,16.555,-0.005,52.6485497,9.7458679,32.15,31.85,52.648539199999995,9.745862299999999,0.027227136331111543,-0.030892327760299633,4.24464074085021,-7.58,-15.085,0.005,16.546947,0.039047424,0.5154668
0 days 00:00:04.320000,-0.0035378295648533704,-7.812684,0.41202000000000005,7.702812000000001,49.44908001711596,49.44908001711596,49.44908001711596,49.44908001711596,-0.02076941809873252,-0.03700098014227979,-0.006632251157578452,-18.0,2.99,132.6,2,2,50.0,4,0.025,16.48,-0.01,52.648543,9.745862299999999,32.17,31.84,52.6485378,9.7458612,0.026878070480712675,-0.0307177948351002,4.24446620792501,-7.38,-14.745000000000001,-0.005,16.471918,0.03886228,0.5152866
0 days 00:00:04.330000,-0.0036557572170151493,-5.446512,0.502272,8.911404000000001,46.875,46.875,46.875,46.875,-0.03543018381548489,0.03647738136668148,-0.010821041362364843,-18.0,2.99,133.2,2,2,50.0,4,0.025,16.405,0.01,52.648543,9.745862299999999,32.17,31.84,52.6485365,9.7458601,0.026703537555513242,-0.030368728984701335,4.244291674999811,-7.38,-14.745000000000001,-0.005,16.39774,0.038024258,0.48728552
0 days 00:00:04.340000,-0.004009540173500487,-7.1534520000000015,-0.17658000000000004,10.257336000000002,44.21400299529311,44.21400299529311,44.21400299529311,44.21400299529311,-0.030368728984701335,0.020594885173533087,-0.015707963267948967,-17.0,2.99,135.45,2,2,50.0,4,0.03,16.355,0.02,52.648543,9.745862299999999,32.17,31.84,52.6485352,9.745859,0.026354471705114377,-0.0307177948351002,4.244291674999811,-7.38,-14.745000000000001,-0.005,16.347898,0.0426994,0.48136196
0 days 00:00:04.350000,-0.004127467825662266,-8.130528000000002,0.25506,7.871544,41.06493367565255,41.06493367565255,41.06493367565255,41.06493367565255,-0.02722713633111154,-0.016231562043547268,-0.010995574287564275,-17.0,2.99,137.7,2,2,50.0,4,0.03,16.285,0.01,52.648543,9.745862299999999,32.17,31.84,52.6485339,9.745858,0.02600540585471551,-0.030892327760299633,4.244117142074611,-7.38,-14.745000000000001,-0.005,16.277538,0.042809237,0.49205956
0 days 00:00:04.360000,-0.004009540173500487,-5.929164000000001,0.6435360000000001,9.264564,38.805091998288404,38.805091998288404,38.805091998288404,38.805091998288404,-0.026529004630313806,0.039793506945470715,-0.010297442586766544,-17.0,2.99,141.89999999999998,2,2,50.0,4,0.03,16.205000000000002,0.03,52.648543,9.745862299999999,32.17,31.84,52.648532599999996,9.7458569,0.025830872929516076,-0.030892327760299633,4.2439426091494115,-7.38,-14.745000000000001,-0.005,16.198195,0.042143226,0.46961308
0 days 00:00:04.370000,-0.0038916125213387075,-7.545852,-0.16873200000000002,10.116072,38.45073812580231,38.45073812580231,38.45073812580231,38.45073812580231,-0.015009831567151233,0.04485496177625426,-0.012217304763960306,-17.0,2.99,146.1,2,2,50.0,4,0.035,16.15,0.03,52.6485366,9.7458569,32.19,31.830000000000002,52.648531299999995,9.7458558,0.02548180707911721,-0.031241393610698498,4.2439426091494115,-7.245,-14.47,0.035,16.143055,0.047077965,0.47343525
0 days 00:00:04.380000,-0.0038916125213387075,-9.087984,0.07063200000000001,8.883936,40.028615746683776,40.028615746683776,40.028615746683776,40.028615746683776,-0.015533430342749534,-0.007155849933176751,-0.011693705988362009,-17.0,2.99,148.35,2,2,50.0,4,0.035,16.080000000000002,0.025,52.6485366,9.7458569,32.19,31.830000000000002,52.64853,9.7458548,0.02530727415391778,-0.03159045946109736,4.243768076224212,-7.245,-14.47,0.035,16.072767,0.04720844,0.48186225
0 days 00:00:04.390000,-0.004009540173500487,-7.22016,0.7808760000000001,9.343044,42.56258023106547,42.56258023106547,42.56258023106547,42.56258023106547,-0.015358897417550098,0.003490658503988659,-0.007330382858376183,-17.0,2.99,150.6,2,2,50.0,4,0.035,15.99,0.035,52.6485366,9.7458569,32.19,31.830000000000002,52.6485287,9.7458537,0.025132741228718343,-0.03159045946109736,4.243768076224212,-7.245,-14.47,0.035,15.983127,0.046801724,0.4690369
0 days 00:00:04.400000,-0.0038916125213387075,-7.212312000000001,0.019620000000000002,9.676584000000002,45.47764227642276,45.47764227642276,45.47764227642276,45.47764227642276,-0.011693705988362009,0.04450589592585541,-0.005934119456780722,-17.0,2.99,145.95,2,2,50.0,4,0.04,15.92,0.035,52.6485366,9.7458569,32.19,31.830000000000002,52.6485274,9.7458526,0.025132741228718343,-0.03159045946109736,4.2435935432990135,-7.245,-14.47,0.035,15.913162,0.05174458,0.46670094
0 days 00:00:04.410000,-0.0037736848691769286,-8.059896,0.580752,9.394056,49.00112323491656,49.00112323491656,49.00112323491656,49.00112323491656,-0.0158824961931484,-0.0036651914291880917,-0.006283185307179587,-17.0,2.99,141.29999999999998,2,2,51.5,4,0.04,15.85,0.035,52.6485366,9.7458569,32.19,31.830000000000002,52.6485261,9.7458516,0.02495820830351891,-0.032114058236695664,4.2435935432990135,-7.245,-14.47,0.035,15.842951,0.05181497,0.47279263
0 days 00:00:04.420000,-0.004009540173500487,-6.039036,-0.42379200000000006,9.864936,52.47111681643132,52.47111681643132,52.47111681643132,52.47111681643132,0.00942477796076938,-0.03892084231947355,-0.0041887902047863905,-27.0,2.99,128.39999999999998,2,2,53.0,4,0.05,15.765,0.035,52.648530099999995,9.7458504,32.38,31.830000000000002,52.6485248,9.7458505,0.024609142453120045,-0.0317649923862968,4.243419010373813,-7.12,-14.18,-0.01,15.758159,0.06144439,0.46433723
0 days 00:00:04.430000,-0.004009540173500487,-4.469436,-0.34531200000000006,9.217476,51.89612751390671,51.89612751390671,51.89612751390671,51.89612751390671,-0.011868238913561443,0.07016223593017205,-0.013962634015954637,-27.0,2.99,115.5,2,2,54.5,4,0.045,15.71,0.03,52.648530099999995,9.7458504,32.38,31.830000000000002,52.6485236,9.7458495,0.024783675378319478,-0.031415926535897934,4.243419010373813,-7.12,-14.18,-0.01,15.70319,0.05647169,0.46222043
0 days 00:00:04.440000,-0.004245395477824045,-9.295956,-0.51012,10.900872,50.67260376551134,50.67260376551134,50.67260376551134,50.67260376551134,-0.024434609527920613,0.08429940287132612,-0.023387411976724018,-27.0,2.99,115.5,2,2,56.0,4,0.04,15.665000000000001,0.035,52.648530099999995,9.7458504,32.38,31.830000000000002,52.648522299999996,9.7458485,0.024609142453120045,-0.032114058236695664,4.243244477448615,-7.12,-14.18,-0.01,15.658046,0.051503763,0.46687233
0 days 00:00:04.450000,-0.004363323129985823,-12.070224000000001,0.655308,8.931024,49.642971758664956,49.642971758664956,49.642971758664956,49.642971758664956,-0.017104226669544427,-0.06754424205218056,-0.022689280275926284,-29.0,2.99,115.5,2,2,57.5,4,0.035,15.575000000000001,0.025,52.648530099999995,9.7458504,32.38,31.82,52.648521099999996,9.745847399999999,0.024434609527920616,-0.03298672286269283,4.243069944523414,-7.12,-14.18,-0.01,15.567351,0.04692928,0.4876876
0 days 00:00:04.460000,-0.0038916125213387075,-6.313716000000001,-0.05101200000000001,8.330652,49.98395378690629,49.98395378690629,49.98395378690629,49.98395378690629,-0.008377580409572781,-0.06178465552059926,-0.01780235837034216,-32.0,2.99,122.55,2,2,59.0,4,0.045,15.46,0.03,52.648530099999995,9.7458504,32.38,31.82,52.648519799999995,9.7458464,0.024260076602721184,-0.0322885911618951,4.2427208786730155,-7.12,-14.18,-0.01,15.45291,0.0563663,0.4678809
0 days 00:00:04.470000,-0.0036557572170151493,-3.7121040000000005,0.08632800000000002,11.014668,50.231332905434314,50.231332905434314,50.231332905434314,50.231332905434314,-0.010821041362364843,0.07138396640656808,-0.023387411976724018,-35.0,2.99,129.6,2,2,60.5,4,0.035,15.41,0.035,52.648523999999995,9.745845,32.14,31.82,52.648518599999996,9.7458454,0.024260076602721184,-0.032114058236695664,4.2427208786730155,-7.01,-13.9,0.04,15.403177,0.046143647,0.4588263
0 days 00:00:04.480000,-0.0038916125213387075,-9.00558,-0.047088000000000005,10.308348,50.13104407359863,50.13104407359863,50.13104407359863,50.13104407359863,-0.012042771838760874,0.010471975511965976,-0.028972465583105875,-37.0,2.99,136.95,2,2,62.0,4,0.035,15.375,0.02,52.648523999999995,9.745845,32.14,31.82,52.648517299999995,9.7458443,0.024260076602721184,-0.0328121899374934,4.242546345747817,-7.01,-13.9,0.04,15.36738,0.046740316,0.48341614
0 days 00:00:04.490000,-0.0038916125213387075,-8.98596,0.019620000000000002,8.173692,49.28861788617886,49.28861788617886,49.28861788617886,49.28861788617886,-0.014311699866353502,-0.08115781021773633,-0.027401669256310976,-40.0,2.99,144.29999999999998,2,2,63.5,4,0.035,15.290000000000001,0.015,52.648523999999995,9.745845,32.14,31.82,52.648516099999995,9.745843299999999,0.02408554367752175,-0.0328121899374934,4.242197279897417,-7.01,-13.9,0.04,15.282262,0.046709135,0.48563236
0 days 00:00:04.500000,-0.0035378295648533704,-4.559688,0.26290800000000003,9.982656,48.94763585793753,48.94763585793753,48.94763585793753,48.94763585793753,-0.01064650843716541,0.01117010721276371,-0.026529004630313806,-43.0,2.99,145.2,2,2,65.0,4,0.04,15.200000000000001,0.03,52.648523999999995,9.745845,32.14,31.82,52.648514899999995,9.7458423,0.023911010752322315,-0.032114058236695664,4.242022746972218,-7.01,-13.9,0.04,15.193126,0.050940324,0.45697793
0 days 00:00:04.510000,-0.0031840466083680333,-7.184844000000001,0.10594800000000001,10.700748,49.13484167736414,49.13484167736414,49.13484167736414,49.13484167736414,-0.007504915783575617,0.03490658503988659,-0.026703537555513242,-45.0,2.99,146.1,2,2,66.5,4,0.045,15.16,0.025,52.648523999999995,9.745845,32.14,31.82,52.648513699999995,9.7458413,0.023736477827122883,-0.032114058236695664,4.241673681121819,-7.01,-13.9,0.04,15.152986,0.055947285,0.46058017
0 days 00:00:04.520000,-0.0031840466083680333,-9.488232000000002,0.145188,8.499384000000001,49.20838682071031,49.20838682071031,49.20838682071031,49.20838682071031,-0.015358897417550098,-0.05585053606381855,-0.028972465583105875,-47.0,2.99,130.95,2,2,68.0,4,0.045,15.09,0.02,52.6485178,9.745839799999999,32.14,31.810000000000002,52.648512399999994,9.7458403,0.023736477827122883,-0.03246312408709453,4.24149914819662,-6.865,-13.59,-0.09,15.082699,0.05613751,0.46859267
0 days 00:00:04.530000,-0.0031840466083680333,-6.737508000000001,0.0,9.413676,48.854032948224216,48.854032948224216,48.854032948224216,48.854032948224216,-0.018675022996339326,-0.018500490071139894,-0.032114058236695664,-50.0,2.99,115.79999999999998,2,2,69.5,4,0.045,15.0,0.03,52.6485178,9.745839799999999,32.14,31.810000000000002,52.648511199999994,9.7458393,0.02356194490192345,-0.031939525311496235,4.241150082346221,-6.865,-13.59,-0.09,14.993308,0.05556647,0.4478419
0 days 00:00:04.540000,-0.0031840466083680333,-7.973568000000001,-0.10594800000000001,10.830240000000002,48.138639281129656,48.138639281129656,48.138639281129656,48.138639281129656,-0.008552113334772213,0.031241393610698498,-0.03490658503988659,-51.0,2.99,110.85,2,2,71.0,4,0.05,14.935,0.03,52.6485178,9.745839799999999,32.14,31.810000000000002,52.648509999999995,9.745838299999999,0.023387411976724018,-0.0317649923862968,4.240801016495822,-6.865,-13.59,-0.09,14.928418,0.06037747,0.44305477
0 days 00:00:04.550000,-0.0027123359997209178,-10.308348,0.49834800000000007,9.174312,48.004920838682075,48.004920838682075,48.004920838682075,48.004920838682075,-0.0022689280275926286,-0.053407075111026485,-0.034208453339088854,-51.0,2.99,105.9,2,2,72.5,4,0.05,14.86,0.02,52.6485178,9.745839799999999,32.14,31.810000000000002,52.648508799999995,9.7458373,0.023387411976724018,-0.032114058236695664,4.240451950645423,-6.865,-13.59,-0.09,14.852979,0.06067675,0.4558489
0 days 00:00:04.560000,-0.0023585530432355803,-6.490296000000001,-0.015696,9.598104000000001,47.85114462986735,47.85114462986735,47.85114462986735,47.85114462986735,-0.011344640137963142,-0.042411500823462206,-0.034033920413889425,-50.0,2.99,107.55,2,2,74.0,4,0.06,14.76,0.02,52.6485178,9.745839799999999,32.14,31.810000000000002,52.648507599999995,9.745836299999999,0.023387411976724018,-0.03159045946109736,4.240102884795024,-6.865,-13.59,-0.09,14.753267,0.07041828,0.44468245
0 days 00:00:04.570000,-0.0024764806953973596,-5.948784000000001,-0.05886,10.908720000000002,47.77759948652118,47.77759948652118,47.77759948652118,47.77759948652118,-0.019547687622336492,0.016231562043547268,-0.034208453339088854,-50.0,2.99,109.19999999999999,2,2,75.5,4,0.06,14.700000000000001,0.03,52.648511799999994,9.745834799999999,32.13,31.8,52.648506499999996,9.7458353,0.023212879051524585,-0.031066860685499065,4.239928351869825,-6.68,-13.22,-0.085,14.693838,0.06988611,0.42511627
0 days 00:00:04.580000,-0.0024764806953973596,-9.221400000000001,-0.027468000000000003,9.578484000000001,47.490104835258876,47.490104835258876,47.490104835258876,47.490104835258876,-0.012566370614359173,-0.020943951023931952,-0.03490658503988659,-50.0,2.99,112.8,2,2,77.0,4,0.06,14.64,0.015,52.648511799999994,9.745834799999999,32.13,31.8,52.6485053,9.7458344,0.02303834612632515,-0.031241393610698498,4.239579286019426,-6.68,-13.22,-0.085,14.633325,0.0701732,0.4408074
0 days 00:00:04.590000,-0.0021226977389120225,-7.989264,-0.153036,9.331272,47.26946940522037,47.26946940522037,47.26946940522037,47.26946940522037,-0.006108652381980153,-0.038397243543875255,-0.034208453339088854,-51.0,2.99,116.4,2,2,78.5,4,0.065,14.555,0.015,52.648511799999994,9.745834799999999,32.13,31.8,52.6485041,9.7458334,0.022863813201125717,-0.031066860685499065,4.239230220169027,-6.68,-13.22,-0.085,14.548443,0.0749762,0.4355124
0 days 00:00:04.600000,-0.0021226977389120225,-6.643332000000001,-0.09417600000000001,10.174932000000002,46.500588361146775,46.500588361146775,46.500588361146775,46.500588361146775,-0.007330382858376183,0.01832595714594046,-0.035255650890285456,-50.0,2.99,112.95,2,2,80.0,4,0.065,14.475,0.02,52.648511799999994,9.745834799999999,32.13,31.8,52.6485029,9.7458324,0.022863813201125717,-0.0307177948351002,4.238881154318628,-6.68,-13.22,-0.085,14.468785,0.07468967,0.4229826
0 days 00:00:04.610000,-0.0020047700867502436,-8.832924000000002,-0.17265600000000003,10.75176,45.93228498074455,45.93228498074455,45.93228498074455,45.93228498074455,0.0010471975511965976,0.026878070480712675,-0.03298672286269283,-50.0,2.99,109.5,2,2,80.5,4,0.065,14.415000000000001,0.015,52.648511799999994,9.745834799999999,32.13,31.8,52.6485018,9.7458314,0.022689280275926284,-0.030892327760299633,4.238532088468229,-6.68,-13.22,-0.085,14.408586,0.07474448,0.42866382
0 days 00:00:04.620000,-0.0017689147824266852,-9.94734,-0.384552,9.468612,46.08606118955926,46.08606118955926,46.08606118955926,46.08606118955926,0.010471975511965976,-0.031415926535897934,-0.028274333882308142,-50.0,2.99,109.95,2,2,81.0,4,0.07,14.32,0.005,52.6485061,9.7458305,32.05,31.79,52.6485006,9.7458305,0.022689280275926284,-0.031066860685499065,4.23800848969263,-6.5,-12.86,-0.06,14.313245,0.07996006,0.43810698
0 days 00:00:04.630000,-0.001650987130264906,-7.231932000000001,-0.40809600000000007,9.056592,46.01920196833547,46.01920196833547,46.01920196833547,46.01920196833547,0.004886921905584123,-0.014137166941154071,-0.032114058236695664,-51.0,2.99,110.4,2,2,81.5,4,0.07,14.225,0.005,52.6485061,9.7458305,32.05,31.79,52.6484995,9.7458295,0.022863813201125717,-0.0307177948351002,4.237833956767432,-6.5,-12.86,-0.06,14.218443,0.0798556,0.4301811
0 days 00:00:04.640000,-0.0017689147824266852,-6.910164000000001,0.20797200000000002,10.469232000000002,45.53781557552417,45.53781557552417,45.53781557552417,45.53781557552417,-0.0038397243543875246,0.024783675378319478,-0.03438298626428829,-51.0,2.99,112.2,2,2,82.0,4,0.065,14.155000000000001,0.01,52.6485061,9.7458305,32.05,31.79,52.6484983,9.7458286,0.022863813201125717,-0.030543261909900768,4.237484890917033,-6.5,-12.86,-0.06,14.148703,0.07463704,0.42068094
0 days 00:00:04.650000,-0.001650987130264906,-9.723672,0.149112,10.045440000000001,45.02968549422336,45.02968549422336,45.02968549422336,45.02968549422336,0.009075712110370514,-0.0158824961931484,-0.026703537555513242,-53.0,2.99,114.0,2,2,82.5,4,0.07,14.09,-0.0,52.6485061,9.7458305,32.05,31.79,52.648497199999994,9.7458277,0.022863813201125717,-0.030892327760299633,4.237135825066634,-6.5,-12.86,-0.06,14.083278,0.07993125,0.4334896
0 days 00:00:04.660000,-0.0014151318259413483,-7.953948000000001,-0.184428,9.543168,45.06311510483526,45.06311510483526,45.06311510483526,45.06311510483526,0.010471975511965976,-0.03630284844148206,-0.023736477827122886,-54.0,2.99,112.64999999999999,2,2,83.0,4,0.075,13.995000000000001,-0.005,52.6485061,9.7458305,32.05,31.79,52.648496099999996,9.7458267,0.022863813201125717,-0.0307177948351002,4.236786759216235,-6.5,-12.86,-0.06,13.988244,0.08492131,0.4329973
0 days 00:00:04.670000,-0.0015330594781031272,-6.474600000000001,-0.33354000000000006,9.837468000000001,44.68201754385965,44.68201754385965,44.68201754385965,44.68201754385965,-0.0006981317007977319,0.018675022996339326,-0.028972465583105875,-55.0,2.99,111.29999999999998,2,2,83.5,4,0.075,13.92,-0.0,52.648500299999995,9.7458257,32.05,31.78,52.648495,9.7458258,0.022863813201125717,-0.0301941960595019,4.236437693365836,-6.355,-12.530000000000001,-0.04,13.913655,0.084587835,0.4184149
0 days 00:00:04.680000,-0.0017689147824266852,-9.268488000000001,0.5140440000000001,8.946720000000001,44.06691270860077,44.06691270860077,44.06691270860077,44.06691270860077,-0.009599310885968814,-0.002617993877991494,-0.02617993877991494,-54.0,2.99,112.94999999999999,2,2,84.0,4,0.075,13.855,-0.0,52.648500299999995,9.7458257,32.05,31.78,52.6484938,9.745824899999999,0.022863813201125717,-0.030368728984701335,4.236263160440636,-6.355,-12.530000000000001,-0.04,13.848611,0.084598236,0.41886944
0 days 00:00:04.690000,-0.0015330594781031272,-9.162540000000002,0.56898,8.915328,43.78610397946085,43.78610397946085,43.78610397946085,43.78610397946085,0.0038397243543875246,-0.030368728984701335,-0.020245819323134222,-54.0,2.99,114.6,1,2,84.5,4,0.08,13.765,0.005,52.648500299999995,9.7458257,32.05,31.78,52.6484927,9.7458239,0.022863813201125717,-0.030368728984701335,4.235914094590238,-6.355,-12.530000000000001,-0.04,13.758805,0.08942019,0.41102672
0 days 00:00:04.700000,-0.0014151318259413483,-7.071048,-0.42379200000000006,9.778608,43.6724433033804,43.6724433033804,43.6724433033804,43.6724433033804,0.0006981317007977319,0.024085543677521748,-0.02076941809873252,-54.0,2.99,115.05,1,2,85.0,4,0.09,13.68,0.01,52.648500299999995,9.7458257,32.05,31.78,52.6484916,9.745823,0.022863813201125717,-0.0301941960595019,4.235739561665039,-6.355,-12.530000000000001,-0.04,13.6740675,0.09918976,0.40083554
0 days 00:00:04.710000,-0.0015330594781031272,-8.742672,-0.07063200000000001,10.006200000000002,43.44512195121951,43.44512195121951,43.44512195121951,43.44512195121951,-0.0015707963267948967,0.014486232791552938,-0.019722220547535925,-55.0,2.99,115.5,1,2,85.5,4,0.085,13.61,0.01,52.648500299999995,9.7458257,32.05,31.78,52.648490499999994,9.7458221,0.022863813201125717,-0.030368728984701335,4.235565028739839,-6.355,-12.530000000000001,-0.04,13.604028,0.094197035,0.40121078
0 days 00:00:04.720000,-0.0015330594781031272,-8.766216000000002,0.223668,9.554940000000002,43.37157680787334,43.37157680787334,43.37157680787334,43.37157680787334,0.012740903539558606,-0.02949606435870417,-0.019896753472735357,-54.0,2.99,121.5,1,2,86.0,4,0.08,13.525,-0.005,52.648494799999995,9.745821099999999,32.04,31.77,52.648489399999995,9.7458212,0.022863813201125717,-0.030543261909900768,4.23539049581464,-6.21,-12.15,0.125,13.518538,0.08953604,0.41609287
0 days 00:00:04.730000,-0.0015330594781031272,-6.957252,-0.894672,10.096452000000001,42.82333119383826,42.82333119383826,42.82333119383826,42.82333119383826,0.0024434609527920616,0.02391101075232232,-0.017453292519943295,-56.0,2.99,127.5,1,2,86.5,4,0.085,13.44,-0.005,52.648494799999995,9.745821099999999,32.04,31.77,52.6484884,9.7458203,0.02303834612632515,-0.030368728984701335,4.2352159628894395,-6.21,-12.15,0.125,13.433651,0.09449353,0.41102296
0 days 00:00:04.740000,-0.0017689147824266852,-9.401904,-0.26290800000000003,9.912024,42.01433461703038,42.01433461703038,42.01433461703038,42.01433461703038,0.0024434609527920616,0.00942477796076938,-0.016231562043547268,-56.0,2.99,120.45,1,2,87.0,4,0.075,13.375,-0.01,52.648494799999995,9.745821099999999,32.04,31.77,52.6484873,9.7458194,0.02303834612632515,-0.030543261909900768,4.235041429964241,-6.21,-12.15,0.125,13.368457,0.0846196,0.4166092
0 days 00:00:04.750000,-0.0017689147824266852,-8.452296,0.36493200000000003,8.844696,40.22250748823277,40.22250748823277,40.22250748823277,40.22250748823277,-0.004886921905584123,-0.059341194567807204,-0.0158824961931484,-59.0,2.99,113.4,1,2,87.5,4,0.075,13.280000000000001,-0.015,52.648494799999995,9.745821099999999,32.04,31.77,52.6484862,9.7458185,0.02303834612632515,-0.0307177948351002,4.2348668970390415,-6.21,-12.15,0.125,13.273274,0.08472126,0.4210212
0 days 00:00:04.760000,-0.0017689147824266852,-5.065884,0.17658000000000004,9.743292000000002,38.05626872058194,38.05626872058194,38.05626872058194,38.05626872058194,0.0005235987755982988,-0.028797932657906436,-0.010995574287564275,-58.0,2.99,107.85,1,2,88.0,4,0.075,13.200000000000001,-0.005,52.648494799999995,9.745821099999999,32.04,31.77,52.648485199999996,9.745817599999999,0.02303834612632515,-0.030019663134302467,4.234692364113842,-6.21,-12.15,0.125,13.193903,0.08422221,0.39936358
0 days 00:00:04.770000,-0.0017689147824266852,-5.434740000000001,0.023544000000000002,10.441764000000001,35.950203252032516,35.950203252032516,35.950203252032516,35.950203252032516,0.011519173063162576,0.05270894341022875,-0.00890117918517108,-58.0,2.99,102.29999999999998,1,2,88.5,4,0.07,13.16,-0.01,52.648489399999995,9.745816699999999,32.03,31.77,52.6484841,9.7458168,0.023212879051524585,-0.030019663134302467,4.234692364113842,-6.065,-11.790000000000001,0.055,13.15377,0.0793814,0.40326107
0 days 00:00:04.780000,-0.001650987130264906,-9.209628,-0.463032,9.331272,33.897625160462134,33.897625160462134,33.897625160462134,33.897625160462134,0.007679448708775049,0.04834562028024293,-0.008552113334772213,-52.0,5.29,101.99999999999999,1,2,89.0,4,0.065,13.105,-0.015,52.648489399999995,9.745816699999999,32.03,31.77,52.648483,9.7458159,0.023212879051524585,-0.030543261909900768,4.234692364113842,-6.065,-11.790000000000001,0.055,13.09843,0.07461961,0.41357964
0 days 00:00:04.790000,-0.0014151318259413483,-9.998352000000002,-0.278604,9.417600000000002,33.890939238339755,33.890939238339755,33.890939238339755,33.890939238339755,0.0036651914291880917,0.0038397243543875246,-0.010297442586766544,-52.0,5.29,101.69999999999999,1,2,89.5,4,0.06,13.02,-0.015,52.648489399999995,9.745816699999999,32.03,31.77,52.648481999999994,9.745815,0.023387411976724018,-0.031066860685499065,4.234517831188642,-6.065,-11.790000000000001,0.055,13.013251,0.0697918,0.4179004
0 days 00:00:04.800000,-0.0014151318259413483,-8.530776000000001,0.16480800000000004,8.801532,36.17083868207103,36.17083868207103,36.17083868207103,36.17083868207103,0.015707963267948967,-0.05061454830783556,-0.005759586531581288,-45.0,5.29,106.8,1,2,90.0,4,0.055,12.92,-0.015,52.648489399999995,9.745816699999999,32.03,31.77,52.648481,9.745814099999999,0.023387411976724018,-0.031066860685499065,4.234517831188642,-6.065,-11.790000000000001,0.055,12.913299,0.064720534,0.41491202
0 days 00:00:04.810000,-0.0011792765216177901,-5.995872000000001,0.380628,9.366588000000002,39.41351091142491,39.41351091142491,39.41351091142491,39.41351091142491,0.027401669256310976,0.021467549799530253,0.0015707963267948967,-45.0,5.29,111.9,1,2,90.0,4,0.06,12.84,-0.005,52.648489399999995,9.745816699999999,32.03,31.77,52.6484799,9.745813199999999,0.02356194490192345,-0.030543261909900768,4.234343298263443,-6.065,-11.790000000000001,0.055,12.8338585,0.069339216,0.39558837
0 days 00:00:04.820000,-0.000825493565132453,-6.8787720000000006,-0.17265600000000003,10.696824000000001,40.99138853230638,40.99138853230638,40.99138853230638,40.99138853230638,0.021642082724729686,0.054279739737023644,-0.005759586531581288,-50.0,5.29,113.7,1,2,90.0,4,0.06,12.785,-0.0,52.6484842,9.7458127,31.96,31.76,52.6484789,9.7458124,0.023911010752322315,-0.0307177948351002,4.234517831188642,-5.89,-11.46,-0.01,12.778968,0.06937098,0.39111847
0 days 00:00:04.830000,-0.0009434212172942321,-8.864316,-0.7180920000000001,9.021276000000002,41.847186563970894,41.847186563970894,41.847186563970894,41.847186563970894,0.019547687622336492,-0.05183627878423159,-0.009773843811168246,-50.5,5.29,115.5,1,1,90.0,4,0.055,12.72,-0.01,52.6484842,9.7458127,31.96,31.76,52.648477899999996,9.7458115,0.02408554367752175,-0.031241393610698498,4.234343298263443,-5.89,-11.46,-0.01,12.71348,0.06479365,0.4058783
0 days 00:00:04.840000,-0.0010613488694560112,-5.681952000000001,0.07848000000000001,8.201160000000002,40.90447154471544,40.90447154471544,40.90447154471544,40.90447154471544,0.014835298641951801,-0.020594885173533087,-0.007504915783575617,-51.0,5.29,109.2,1,1,90.0,4,0.045,12.63,-0.005,52.6484842,9.7458127,31.96,31.76,52.6484769,9.7458107,0.024260076602721184,-0.0307177948351002,4.234343298263443,-5.89,-11.46,-0.01,12.623888,0.054517668,0.3916952
0 days 00:00:04.850000,-0.000825493565132453,-5.96448,0.517968,10.096452000000001,39.71437740693196,39.71437740693196,39.71437740693196,39.71437740693196,0.005759586531581288,0.1090830782496456,-0.007504915783575617,-54.0,5.29,102.9,1,1,90.0,4,0.045,12.575000000000001,0.005,52.6484842,9.7458127,31.96,31.76,52.6484759,9.7458098,0.024434609527920616,-0.030543261909900768,4.234168765338243,-5.89,-11.46,-0.01,12.569287,0.054246955,0.37781155
0 days 00:00:04.860000,-0.0005896382608088951,-11.320740000000002,0.10987200000000001,10.194552000000002,38.945496362858364,38.945496362858364,38.945496362858364,38.945496362858364,0.01064650843716541,0.04991641660703782,-0.006806784082777885,-54.0,5.29,102.75,1,1,90.0,4,0.05,12.52,0.005,52.6484842,9.7458127,31.96,31.76,52.6484749,9.745809,0.024434609527920616,-0.03159045946109736,4.234168765338243,-5.89,-11.46,-0.01,12.513912,0.059524603,0.38911113
0 days 00:00:04.870000,-0.0004717106086471161,-10.112148,0.180504,8.26002,39.31322207958922,39.31322207958922,39.31322207958922,39.31322207958922,0.0054105206811824215,-0.061435589670200394,-0.0017453292519943296,-56.0,5.29,102.6,2,1,90.0,4,0.05,12.405000000000001,-0.01,52.648479099999996,9.7458084,31.96,31.75,52.6484738,9.745808199999999,0.024609142453120045,-0.032114058236695664,4.234168765338243,-5.79,-11.155,0.04,12.398282,0.06003179,0.40694728
0 days 00:00:04.880000,-0.0004717106086471161,-4.755888000000001,-0.5258160000000001,11.085300000000002,39.61408857509628,39.61408857509628,39.61408857509628,39.61408857509628,0.005235987755982988,0.04415683007545654,-0.0010471975511965976,-53.0,5.29,100.94999999999999,2,1,90.0,4,0.05,12.31,-0.0,52.648479099999996,9.7458084,31.96,31.75,52.648472899999994,9.7458073,0.024609142453120045,-0.031415926535897934,4.234168765338243,-5.79,-11.155,0.04,12.3039255,0.05949943,0.38531908
0 days 00:00:04.890000,-0.0003537829564853371,-8.640648,0.21974400000000002,10.673280000000002,39.319908001711596,39.319908001711596,39.319908001711596,39.319908001711596,0.01291543646475804,0.060562925044203235,-0.0017453292519943296,-54.0,5.29,99.29999999999998,2,1,90.0,4,0.04,12.265,-0.01,52.648479099999996,9.7458084,31.96,31.75,52.6484719,9.745806499999999,0.024609142453120045,-0.031939525311496235,4.233994232413044,-5.79,-11.155,0.04,12.258426,0.04987156,0.40056068
0 days 00:00:04.900000,-0.00011792765216177902,-10.677204000000001,0.557208,7.718508000000001,38.791720154043645,38.791720154043645,38.791720154043645,38.791720154043645,0.013264502315156903,-0.05026548245743669,-0.00034906585039886593,-52.0,5.29,102.14999999999999,2,1,90.0,4,0.04,12.18,-0.025,52.648479099999996,9.7458084,31.96,31.75,52.6484709,9.7458057,0.024783675378319478,-0.03246312408709453,4.233994232413044,-5.79,-11.155,0.04,12.172771,0.05040368,0.4191979
0 days 00:00:04.910000,0.0,-5.524992000000001,-0.278604,9.5157,38.91875267436885,38.91875267436885,38.91875267436885,38.91875267436885,0.015358897417550098,-0.008377580409572781,0.0024434609527920616,-52.0,5.29,105.0,2,1,90.0,4,0.045,12.075000000000001,-0.005,52.648479099999996,9.7458084,31.96,31.75,52.648469899999995,9.7458049,0.02495820830351891,-0.032114058236695664,4.233994232413044,-5.79,-11.155,0.04,12.068613,0.05478626,0.39146268
0 days 00:00:04.920000,0.0,-6.121440000000001,0.074556,11.018592,38.637943945228926,38.637943945228926,38.637943945228926,38.637943945228926,0.01780235837034216,0.08168140899333462,0.002617993877991494,-51.0,5.29,105.45,2,1,90.0,4,0.025,12.030000000000001,-0.005,52.648474099999994,9.745804099999999,31.970000000000002,31.740000000000002,52.648469,9.745804099999999,0.02530727415391778,-0.032114058236695664,4.234343298263443,-5.635,-10.78,0.035,12.023637,0.03489274,0.39050522
0 days 00:00:04.930000,0.00011792765216177902,-10.936188000000001,-0.180504,9.299880000000002,37.996095421480526,37.996095421480526,37.996095421480526,37.996095421480526,0.019722220547535925,0.013264502315156903,0.0015707963267948967,-49.0,5.29,105.9,2,1,90.0,4,0.02,11.975,-0.02,52.648474099999994,9.745804099999999,31.970000000000002,31.740000000000002,52.648468,9.7458033,0.02548180707911721,-0.03298672286269283,4.234343298263443,-5.635,-10.78,0.035,11.967826,0.030565616,0.4142892
0 days 00:00:04.940000,0.00011792765216177902,-9.174312,0.133416,7.333956000000001,36.95977749251177,36.95977749251177,36.95977749251177,36.95977749251177,0.012740903539558606,-0.054977871437821374,0.0015707963267948967,-50.0,5.29,107.4,2,1,90.0,4,0.02,11.865,-0.02,52.648474099999994,9.745804099999999,31.970000000000002,31.740000000000002,52.648467,9.7458025,0.025656340004316644,-0.033161255787892266,4.234343298263443,-5.635,-10.78,0.035,11.857814,0.03059795,0.4127261
0 days 00:00:04.950000,0.00011792765216177902,-5.014872,0.5258160000000001,10.547712000000002,36.19089644843817,36.19089644843817,36.19089644843817,36.19089644843817,0.005585053606381855,0.06527531402458793,0.002617993877991494,-50.0,5.29,108.9,2,1,90.0,4,0.015,11.78,0.005,52.648474099999994,9.745804099999999,31.970000000000002,31.740000000000002,52.6484661,9.7458016,0.025830872929516076,-0.03246312408709453,4.234343298263443,-5.635,-10.78,0.035,11.773955,0.02474122,0.37683773
0 days 00:00:04.960000,0.00023585530432355804,-9.429372,0.04316400000000001,11.167704,35.00748823277706,35.00748823277706,35.00748823277706,35.00748823277706,0.006632251157578452,0.07033676885537149,-0.0006981317007977319,-47.0,5.29,106.05,2,1,90.0,4,0.02,11.73,-0.005,52.648474099999994,9.745804099999999,31.970000000000002,31.740000000000002,52.6484652,9.745800899999999,0.025830872929516076,-0.033161255787892266,4.234343298263443,-5.635,-10.78,0.035,11.723385,0.03016717,0.39325953
0 days 00:00:04.970000,0.00023585530432355804,-11.414916,0.133416,8.80938,33.42292468977321,33.42292468977321,33.42292468977321,33.42292468977321,-0.0012217304763960308,-0.048869219055841226,-0.005235987755982988,-44.0,5.29,103.19999999999999,2,1,90.0,4,0.02,11.635,-0.025,52.6484692,9.7458002,31.95,31.73,52.6484642,9.7458001,0.02600540585471551,-0.03385938748868999,4.234343298263443,-5.405,-10.445,0.005,11.627485,0.030884746,0.41820267
0 days 00:00:04.980000,0.00011792765216177902,-6.682572,0.46695600000000004,9.029124000000001,30.86221651690201,30.86221651690201,30.86221651690201,30.86221651690201,-0.007504915783575617,-0.039095375244672985,-0.005585053606381855,-41.0,5.29,107.85,2,1,90.0,4,0.02,11.525,-0.015,52.6484692,9.7458002,31.95,31.73,52.648463299999996,9.7457993,0.02600540585471551,-0.033335788713091695,4.234343298263443,-5.405,-10.445,0.005,11.518097,0.030371226,0.3984605
0 days 00:00:04.990000,0.00011792765216177902,-5.521068000000001,0.7102440000000001,11.203020000000002,29.17067821994009,29.17067821994009,29.17067821994009,29.17067821994009,-0.00017453292519943296,0.06161012259539984,-0.005759586531581288,-39.0,5.29,112.5,2,1,90.0,4,0.02,11.46,-0.01,52.6484692,9.7458002,31.95,31.73,52.6484624,9.7457985,0.025830872929516076,-0.03298672286269283,4.234168765338243,-5.405,-10.445,0.005,11.453436,0.0300134,0.38730788
0 days 00:00:05,0.0004717106086471161,-10.245564,0.592524,9.174312,29.27765297389816,29.27765297389816,29.27765297389816,29.27765297389816,-0.00942477796076938,0.0,-0.0027925268031909274,-34.0,5.29,117.6,2,1,90.0,4,0.025,11.41,-0.025,52.6484692,9.7458002,31.95,31.73,52.648461499999996,9.745797699999999,0.025830872929516076,-0.033510321638291124,4.234168765338243,-5.405,-10.445,0.005,11.402757,0.035510555,0.40648562
0 days 00:00:05.010000,0.0005896382608088951,-8.723052000000001,-0.08240400000000002,8.974188000000002,30.180252460419336,30.180252460419336,30.180252460419336,30.180252460419336,-0.005061454830783556,-0.048869219055841226,-0.005061454830783556,-33.0,5.29,122.69999999999999,2,1,90.5,4,0.03,11.31,-0.025,52.6484692,9.7458002,31.95,31.73,52.6484606,9.745797,0.025830872929516076,-0.033510321638291124,4.234168765338243,-5.405,-10.445,0.005,11.302814,0.04042235,0.4030072
0 days 00:00:05.020000,0.0004717106086471161,-5.5642320000000005,0.9888480000000001,9.452916,31.33691698759093,31.33691698759093,31.33691698759093,31.33691698759093,-0.015707963267948967,-0.007853981633974483,-0.0038397243543875246,-31.0,5.29,119.99999999999999,2,1,91.0,4,0.03,11.225,-0.015,52.648464399999995,9.7457972,31.82,31.720000000000002,52.648459599999995,9.7457963,0.025656340004316644,-0.03298672286269283,4.233994232413044,-5.205,-10.085,-0.035,11.218399,0.039871883,0.38430429
0 days 00:00:05.030000,0.0005896382608088951,-7.074972000000001,0.635688,9.970884,33.30926401369277,33.30926401369277,33.30926401369277,33.30926401369277,-0.017278759594743863,0.026354471705114374,-0.0031415926535897933,-22.5,5.29,117.29999999999998,2,1,91.5,4,0.035,11.17,-0.015,52.648464399999995,9.7457972,31.82,31.720000000000002,52.6484587,9.7457955,0.02548180707911721,-0.0328121899374934,4.233994232413044,-5.205,-10.085,-0.035,11.163495,0.044707324,0.3804227
0 days 00:00:05.040000,0.0009434212172942321,-8.793684,-0.10987200000000001,9.821772000000001,34.967372700042795,34.967372700042795,34.967372700042795,34.967372700042795,-0.005934119456780722,-0.01361356816555577,-0.0031415926535897933,-14.0,5.29,109.04999999999998,2,1,92.0,4,0.04,11.105,-0.02,52.648464399999995,9.7457972,31.82,31.720000000000002,52.6484579,9.7457947,0.02530727415391778,-0.033161255787892266,4.233994232413044,-5.205,-10.085,-0.035,11.098231,0.04980985,0.3870408
0 days 00:00:05.050000,0.0009434212172942321,-7.53408,0.145188,8.601408000000001,36.317928968763376,36.317928968763376,36.317928968763376,36.317928968763376,-0.008726646259971648,-0.02530727415391778,-0.005061454830783556,-25.0,5.29,100.79999999999998,2,1,92.5,4,0.035,11.02,-0.02,52.648464399999995,9.7457972,31.82,31.73,52.648457,9.745794,0.02530727415391778,-0.03298672286269283,4.233994232413044,-5.205,-10.085,-0.035,11.013346,0.0446915,0.38242844
0 days 00:00:05.060000,0.000825493565132453,-6.576624000000001,-0.40417200000000003,10.524168,36.00369062901155,36.00369062901155,36.00369062901155,36.00369062901155,-0.004537856055185257,0.026878070480712675,-0.006283185307179587,-27.0,5.29,99.44999999999999,2,2,93.0,4,0.035,10.945,-0.01,52.648464399999995,9.7457972,31.82,31.73,52.6484561,9.745793299999999,0.02530727415391778,-0.0328121899374934,4.233819699487845,-5.205,-10.085,-0.035,10.93878,0.044327687,0.36805573
0 days 00:00:05.070000,0.0007075659129706742,-9.641268,-0.16480800000000004,10.316196000000001,34.746737270004274,34.746737270004274,34.746737270004274,34.746737270004274,0.007330382858376183,-0.012217304763960306,-0.004537856055185257,-28.0,5.29,98.1,2,2,93.5,4,0.03,10.885,-0.015,52.64846,9.7457934,31.82,31.720000000000002,52.6484552,9.7457926,0.02530727415391778,-0.0328121899374934,4.233819699487845,-5.025,-9.75,-0.05,10.878649,0.039405935,0.37121025
0 days 00:00:05.080000,0.0009434212172942321,-8.836848000000002,0.22759200000000002,8.59356,34.064773213521605,34.064773213521605,34.064773213521605,34.064773213521605,0.005934119456780722,-0.060388392119003806,-0.004886921905584123,-30.0,5.29,102.44999999999999,2,2,94.0,4,0.025,10.790000000000001,-0.025,52.64846,9.7457934,31.82,31.720000000000002,52.6484543,9.7457918,0.02530727415391778,-0.0328121899374934,4.233819699487845,-5.025,-9.75,-0.05,10.783372,0.034581583,0.3782126
0 days 00:00:05.090000,0.0010613488694560112,-5.481828000000001,-0.027468000000000003,9.492156000000001,34.45924261874198,34.45924261874198,34.45924261874198,34.45924261874198,-0.0024434609527920616,-0.03159045946109736,-0.007504915783575617,-31.0,5.29,106.79999999999998,2,2,94.5,4,0.025,10.705,-0.015,52.64846,9.7457934,31.82,31.720000000000002,52.648453499999995,9.7457911,0.02530727415391778,-0.032114058236695664,4.233819699487845,-5.025,-9.75,-0.05,10.698998,0.034069102,0.3579667
0 days 00:00:05.100000,0.0009434212172942321,-6.203844000000001,0.349236,10.068984,34.746737270004274,34.746737270004274,34.746737270004274,34.746737270004274,0.005585053606381855,-0.013264502315156903,-0.0017453292519943296,-29.0,5.29,104.85,2,2,95.0,4,0.025,10.65,-0.01,52.64846,9.7457934,31.82,31.720000000000002,52.6484526,9.745790399999999,0.02530727415391778,-0.031939525311496235,4.233645166562646,-5.025,-9.75,-0.05,10.644248,0.03385095,0.34934828
0 days 00:00:05.110000,0.0010613488694560112,-7.879392000000001,0.15696000000000002,8.781912,34.312152332049635,34.312152332049635,34.312152332049635,34.312152332049635,0.020071286397934793,-0.027052603405912107,0.005235987755982988,-28.0,5.29,102.9,2,2,95.5,4,0.025,10.595,-0.015,52.64846,9.7457934,31.82,31.720000000000002,52.6484518,9.7457896,0.02548180707911721,-0.0317649923862968,4.233645166562646,-5.025,-9.75,-0.05,10.589178,0.03394741,0.35073483
0 days 00:00:05.120000,0.0014151318259413483,-7.428132000000001,0.192276,8.726976,33.630188275566965,33.630188275566965,33.630188275566965,33.630188275566965,0.020420352248333655,0.017278759594743863,0.0017453292519943296,-33.0,5.29,102.15,2,2,96.0,4,0.03,10.515,-0.01,52.6484557,9.7457897,31.82,31.71,52.6484509,9.745789,0.02548180707911721,-0.031415926535897934,4.233645166562646,-4.845,-9.445,0.035,10.509498,0.03866025,0.33940437
0 days 00:00:05.130000,0.0014151318259413483,-8.071668,0.13734000000000002,9.484308,33.48309798887462,33.48309798887462,33.48309798887462,33.48309798887462,0.010471975511965976,0.008726646259971648,-0.005585053606381855,-33.0,5.29,101.4,2,2,96.5,4,0.03,10.445,-0.0,52.6484557,9.7457897,31.82,31.71,52.6484501,9.7457883,0.025656340004316644,-0.03159045946109736,4.233645166562646,-4.845,-9.445,0.035,10.439788,0.038453415,0.3290293
0 days 00:00:05.140000,0.0012972041737795694,-8.668116000000001,0.23544,9.280260000000002,33.44298245614035,33.44298245614035,33.44298245614035,33.44298245614035,0.017976891295541593,-0.04136430327226561,-0.0006981317007977319,-33.0,5.29,102.9,2,2,97.0,4,0.025,10.365,-0.0,52.6484557,9.7457897,31.82,31.71,52.648449299999996,9.7457876,0.025830872929516076,-0.03159045946109736,4.233645166562646,-4.845,-9.445,0.035,10.359828,0.033447247,0.3266257
0 days 00:00:05.150000,0.0014151318259413483,-6.8787720000000006,0.30999600000000005,9.704052,33.11537227214377,33.11537227214377,33.11537227214377,33.11537227214377,0.031939525311496235,-0.00645771823237902,0.0054105206811824215,-35.0,5.29,104.4,2,2,97.5,4,0.025,10.28,0.005,52.6484557,9.7457897,31.82,31.71,52.6484484,9.745786899999999,0.02600540585471551,-0.031241393610698498,4.233645166562646,-4.845,-9.445,0.035,10.27514,0.033211235,0.31535476
0 days 00:00:05.160000,0.0015330594781031272,-7.549776000000001,-0.22759200000000002,9.641268,32.313061617458274,32.313061617458274,32.313061617458274,32.313061617458274,0.0291469985083053,0.034557519189487726,0.002617993877991494,-36.0,5.29,105.75,2,2,98.0,4,0.03,10.215,-0.0,52.6484557,9.7457897,31.82,31.71,52.6484476,9.7457862,0.026354471705114377,-0.031241393610698498,4.233645166562646,-4.845,-9.445,0.035,10.210015,0.038397767,0.3181776
0 days 00:00:05.170000,0.0014151318259413483,-8.817228,0.10987200000000001,9.315576,32.1459135643988,32.1459135643988,32.1459135643988,32.1459135643988,0.013264502315156903,-0.015707963267948967,-0.002617993877991494,-37.0,5.29,107.1,2,2,98.5,4,0.025,10.14,-0.0,52.6484515,9.7457861,31.82,31.7,52.648446799999995,9.7457855,0.02652900463031381,-0.031415926535897934,4.233645166562646,-4.705,-9.075000000000001,0.065,10.134996,0.033439837,0.3177299
0 days 00:00:05.180000,0.0012972041737795694,-7.310412000000001,0.42379200000000006,8.891784000000001,32.399978605049206,32.399978605049206,32.399978605049206,32.399978605049206,0.01291543646475804,-0.053930673886624786,0.0041887902047863905,-31.0,5.29,108.75,2,2,99.0,4,0.025,10.055,-0.0,52.6484515,9.7457861,31.82,31.7,52.648446,9.7457848,0.026703537555513242,-0.031415926535897934,4.233645166562646,-4.705,-9.075000000000001,0.065,10.050038,0.033424005,0.3150551
0 days 00:00:05.190000,0.0015330594781031272,-5.466132000000001,0.6749280000000001,9.1233,32.08574026529739,32.08574026529739,32.08574026529739,32.08574026529739,0.008377580409572781,0.03752457891787808,0.005934119456780722,-31.0,5.29,110.4,2,2,99.5,4,0.025,9.985,0.01,52.6484515,9.7457861,31.82,31.7,52.6484452,9.7457841,0.026878070480712675,-0.030892327760299633,4.233645166562646,-4.705,-9.075000000000001,0.065,9.980544,0.03301084,0.29763594
0 days 00:00:05.200000,0.0015330594781031272,-8.377740000000001,-0.43556400000000006,8.864316,31.79824561403509,31.79824561403509,31.79824561403509,31.79824561403509,0.008203047484373348,0.023561944901923447,0.0031415926535897933,-22.0,5.29,115.35,2,2,100.0,4,0.03,9.935,0.015,52.6484515,9.7457861,31.82,31.7,52.648444399999995,9.7457835,0.026878070480712675,-0.031241393610698498,4.233645166562646,-4.705,-9.075000000000001,0.065,9.93062,0.037926376,0.2944272
0 days 00:00:05.210000,0.0015330594781031272,-8.275716000000001,0.459108,8.275716000000001,31.631097560975615,31.631097560975615,31.631097560975615,31.631097560975615,0.008028514559173916,-0.034033920413889425,0.0027925268031909274,-22.0,5.29,120.29999999999998,2,2,100.0,4,0.025,9.855,0.02,52.6484515,9.7457861,31.82,31.7,52.6484436,9.745782799999999,0.027052603405912107,-0.031415926535897934,4.233645166562646,-4.705,-9.075000000000001,0.065,9.850765,0.032823328,0.28878072
0 days 00:00:05.220000,0.0015330594781031272,-5.1012,0.42771600000000004,9.554940000000002,31.54418057338468,31.54418057338468,31.54418057338468,31.54418057338468,0.003490658503988659,0.025132741228718346,0.005759586531581288,-20.0,5.29,115.94999999999999,2,2,100.0,4,0.02,9.77,0.03,52.6484473,9.7457824,31.87,31.69,52.6484428,9.745782199999999,0.027227136331111543,-0.031066860685499065,4.233819699487845,-4.585,-8.77,0.02,9.766217,0.027437987,0.27284306
0 days 00:00:05.230000,0.0015330594781031272,-7.483068,-0.317844,10.873404,31.082851946940522,31.082851946940522,31.082851946940522,31.082851946940522,-0.0013962634015954637,0.08552113334772216,0.004014257279586958,-20.0,5.29,111.6,2,2,100.0,4,0.025,9.72,0.03,52.6484473,9.7457824,31.87,31.69,52.648441999999996,9.7457815,0.027227136331111543,-0.031241393610698498,4.233819699487845,-4.585,-8.77,0.02,9.716194,0.032440018,0.2728496
0 days 00:00:05.240000,0.0011792765216177901,-11.717064000000002,0.20797200000000002,8.581788000000001,30.561350021394947,30.561350021394947,30.561350021394947,30.561350021394947,-0.005934119456780722,-0.01815142422074103,0.00471238898038469,-10.0,5.29,110.69999999999999,2,2,100.0,4,0.015,9.65,0.02,52.6484473,9.7457824,31.87,31.69,52.6484412,9.7457808,0.027227136331111543,-0.032114058236695664,4.233819699487845,-4.585,-8.77,0.02,9.645665,0.02288546,0.28934193
0 days 00:00:05.250000,0.0009434212172942321,-7.722432,0.5650560000000001,9.048744000000001,30.320656824989303,30.320656824989303,30.320656824989303,30.320656824989303,-0.008203047484373348,-0.032463124087094536,0.004537856055185257,-7.0,5.29,109.79999999999998,2,2,100.0,4,0.015,9.535,0.025,52.6484473,9.7457824,31.87,31.69,52.6484405,9.745780199999999,0.027052603405912107,-0.031939525311496235,4.233994232413044,-4.585,-8.77,0.02,9.530935,0.02255491,0.27899632
0 days 00:00:05.260000,0.0009434212172942321,-5.90562,0.24721200000000002,10.433916000000002,30.11339323919555,30.11339323919555,30.11339323919555,30.11339323919555,-0.00942477796076938,0.05637413483941684,0.003316125578789226,0.0,5.29,106.94999999999999,2,2,100.0,4,0.02,9.46,0.03,52.6484473,9.7457824,31.87,31.69,52.6484397,9.745779599999999,0.027052603405912107,-0.03159045946109736,4.233994232413044,-4.585,-8.77,0.02,9.456228,0.027263833,0.26817167
0 days 00:00:05.270000,0.0009434212172942321,-9.052668,0.6160680000000002,9.437220000000002,29.28433889602054,29.28433889602054,29.28433889602054,29.28433889602054,-0.01884955592153876,-0.017627825445142728,0.007504915783575617,0.0,5.29,104.1,2,2,100.0,4,0.01,9.41,0.03,52.6484435,9.7457791,31.87,31.68,52.648438999999996,9.7457789,0.027052603405912107,-0.0322885911618951,4.234168765338243,-4.41,-8.475,-0.09,9.406064,0.017402401,0.2734278
0 days 00:00:05.280000,0.000825493565132453,-7.035732000000001,0.604296,9.10368,28.996844244758233,28.996844244758233,28.996844244758233,28.996844244758233,-0.0024434609527920616,-0.05358160803622592,0.021467549799530253,2.0,5.29,100.64999999999999,2,2,100.0,4,0.015,9.32,0.03,52.6484435,9.7457791,31.87,31.68,52.6484382,9.7457783,0.026878070480712675,-0.032114058236695664,4.234168765338243,-4.41,-8.475,-0.09,9.316157,0.022231089,0.26876667
0 days 00:00:05.290000,0.0011792765216177901,-4.956012,0.21974400000000002,10.473156000000001,29.244223363286263,29.244223363286263,29.244223363286263,29.244223363286263,0.002617993877991494,0.09564404300928928,0.02565634000431664,-4.0,5.29,97.19999999999999,2,2,100.0,4,0.015,9.255,0.035,52.6484435,9.7457791,31.87,31.68,52.6484375,9.7457777,0.026878070480712675,-0.031415926535897934,4.234343298263443,-4.41,-8.475,-0.09,9.251533,0.021867119,0.25522834
0 days 00:00:05.300000,0.0011792765216177901,-10.273032000000002,-0.05886,9.92772,28.923299101412066,28.923299101412066,28.923299101412066,28.923299101412066,-0.007330382858376183,0.0736528944341607,0.014835298641951801,-14.0,5.29,99.44999999999999,2,2,100.0,4,0.015,9.21,0.025,52.6484435,9.7457791,31.87,31.68,52.6484367,9.7457771,0.026878070480712675,-0.03246312408709453,4.234692364113842,-4.41,-8.475,-0.09,9.205958,0.022356836,0.27344394
0 days 00:00:05.310000,0.0007075659129706742,-11.281500000000001,0.631764,8.832924000000002,28.782894736842106,28.782894736842106,28.782894736842106,28.782894736842106,-0.00890117918517108,-0.06457718232379019,0.013788101090755204,-14.0,5.29,101.69999999999999,2,2,100.0,4,0.01,9.11,0.02,52.6484435,9.7457791,31.87,31.68,52.648436,9.745776399999999,0.026878070480712675,-0.033161255787892266,4.234692364113842,-4.41,-8.475,-0.09,9.105654,0.01757656,0.28168404
0 days 00:00:05.320000,0.0005896382608088951,-5.473980000000001,0.5140440000000001,10.178856000000001,28.528829696191696,28.528829696191696,28.528829696191696,28.528829696191696,0.002967059728390361,-0.008377580409572781,0.02181661564992912,-16.0,5.29,104.1,2,2,100.0,4,0.01,8.995000000000001,0.03,52.648439499999995,9.7457759,31.86,31.67,52.648435299999996,9.745775799999999,0.026703537555513242,-0.03246312408709453,4.2348668970390415,-4.235,-8.16,-0.1,8.991234,0.016991137,0.2616099
0 days 00:00:05.330000,0.0009434212172942321,-6.066504000000001,-0.16088400000000003,11.874024000000002,28.341623876765087,28.341623876765087,28.341623876765087,28.341623876765087,0.01361356816555577,0.09250245035569946,0.022514747350726852,-19.0,5.29,106.5,2,2,100.0,4,0.01,8.945,0.025,52.648439499999995,9.7457759,31.86,31.67,52.6484345,9.745775199999999,0.026703537555513242,-0.0322885911618951,4.235041429964241,-4.235,-8.16,-0.1,8.941144,0.017039573,0.26342326
0 days 00:00:05.340000,0.0010613488694560112,-11.736684000000002,0.047088000000000005,9.052668,28.147732135216085,28.147732135216085,28.147732135216085,28.147732135216085,0.017453292519943295,0.0036651914291880917,0.018500490071139894,-22.0,5.29,108.0,2,2,100.0,4,0.005,8.885,-0.0,52.648439499999995,9.7457759,31.86,31.67,52.6484338,9.745774599999999,0.026878070480712675,-0.033161255787892266,4.23539049581464,-4.235,-8.16,-0.1,8.8801155,0.012915085,0.294343
0 days 00:00:05.350000,0.000825493565132453,-8.448372,0.7534080000000001,7.863696000000001,28.20121951219512,28.20121951219512,28.20121951219512,28.20121951219512,0.008552113334772213,-0.0715584993317675,0.014835298641951801,-25.0,5.29,109.5,2,2,100.0,4,0.0,8.775,0.005,52.648439499999995,9.7457759,31.86,31.67,52.6484331,9.745773999999999,0.027052603405912107,-0.033335788713091695,4.235565028739839,-4.235,-8.16,-0.1,8.770291,0.0077758683,0.28736496
0 days 00:00:05.360000,0.0007075659129706742,-4.073112,0.635688,10.535940000000002,27.60617244330338,27.60617244330338,27.60617244330338,27.60617244330338,0.012566370614359173,0.04206243497306335,0.01902408884673819,-27.0,5.29,109.05,2,2,100.0,4,0.005,8.69,0.02,52.648439499999995,9.7457759,31.86,31.67,52.6484324,9.7457734,0.027227136331111543,-0.03246312408709453,4.235739561665039,-4.235,-8.16,-0.1,8.68607,0.01213256,0.2618323
0 days 00:00:05.370000,0.000825493565132453,-7.377120000000001,0.43556400000000006,11.367828000000001,27.43233846812152,27.43233846812152,27.43233846812152,27.43233846812152,0.01361356816555577,0.07609635538695277,0.02181661564992912,-31.0,5.29,108.6,2,2,100.0,4,0.0,8.665000000000001,0.01,52.648435799999994,9.7457729,31.85,31.66,52.648431699999996,9.7457729,0.027401669256310976,-0.033335788713091695,4.235914094590238,-4.09,-7.87,0.015,8.660519,0.007638812,0.27870202
0 days 00:00:05.380000,0.0009434212172942321,-11.085300000000002,0.11379600000000001,8.609256,27.225074882327768,27.225074882327768,27.225074882327768,27.225074882327768,0.020943951023931952,-0.030543261909900768,0.026354471705114374,-34.0,5.29,104.39999999999999,2,2,100.0,4,0.0,8.595,-0.005,52.648435799999994,9.7457729,31.85,31.66,52.648430999999995,9.745772299999999,0.02757620218151041,-0.034033920413889425,4.2360886275154375,-4.09,-7.87,0.015,8.589853,0.008201838,0.29734907
0 days 00:00:05.390000,0.0009434212172942321,-6.965100000000001,0.6199920000000001,8.934948,27.37885109114249,27.37885109114249,27.37885109114249,27.37885109114249,0.012042771838760874,0.007853981633974483,0.01815142422074103,-37.0,5.29,100.19999999999999,2,2,100.0,4,-0.005,8.49,-0.0,52.648435799999994,9.7457729,31.85,31.66,52.6484303,9.745771699999999,0.02775073510670984,-0.03368485456349056,4.236437693365836,-4.09,-7.87,0.015,8.485184,0.0029356827,0.28595895
0 days 00:00:05.400000,0.0007075659129706742,-7.18092,0.8397360000000001,10.661508,26.67682926829268,26.67682926829268,26.67682926829268,26.67682926829268,0.004886921905584123,0.04642575810304917,0.018500490071139894,-39.0,5.29,99.44999999999999,2,2,100.0,4,0.0,8.425,0.005,52.648435799999994,9.7457729,31.85,31.66,52.648429699999994,9.745771099999999,0.027925268031909273,-0.03385938748868999,4.236612226291036,-4.09,-7.87,0.015,8.420341,0.007824026,0.28010443
0 days 00:00:05.410000,0.0007075659129706742,-9.900252000000002,0.45126,10.312272000000002,26.248930252460422,26.248930252460422,26.248930252460422,26.248930252460422,0.01064650843716541,-0.012566370614359173,0.024783675378319478,-41.0,5.29,98.69999999999999,2,2,100.0,4,0.005,8.355,-0.005,52.648435799999994,9.7457729,31.85,31.66,52.648429,9.7457706,0.027925268031909273,-0.03420845333908886,4.236786759216235,-4.09,-7.87,0.015,8.34994,0.0131163495,0.29050002
0 days 00:00:05.420000,0.000825493565132453,-8.146224,0.43556400000000006,8.974188000000002,25.96143560119812,25.96143560119812,25.96143560119812,25.96143560119812,0.005934119456780722,-0.032463124087094536,0.026354471705114374,-43.0,5.29,98.85,2,2,100.0,4,0.0,8.255,-0.015,52.648432199999995,9.7457691,32.02,31.650000000000002,52.6484283,9.74577,0.028099800957108706,-0.034033920413889425,4.236961292141434,-3.8850000000000002,-7.47,0.015,8.249709,0.008313274,0.29577026
0 days 00:00:05.430000,0.000825493565132453,-6.482448000000001,0.49834800000000007,9.476460000000001,25.587023962344887,25.587023962344887,25.587023962344887,25.587023962344887,-0.007504915783575617,0.034208453339088854,0.019896753472735357,-45.0,5.29,99.0,2,2,100.0,4,0.0,8.18,-0.01,52.648432199999995,9.7457691,32.02,31.650000000000002,52.6484277,9.7457695,0.028099800957108706,-0.03385938748868999,4.237310357991833,-3.8850000000000002,-7.47,0.015,8.1749735,0.008061085,0.28679788
0 days 00:00:05.440000,0.0005896382608088951,-8.777988,0.7573320000000001,9.641268,25.306215233204963,25.306215233204963,25.306215233204963,25.306215233204963,-0.024783675378319478,0.01937315469713706,0.018500490071139894,-50.0,5.29,97.65,2,2,100.0,4,0.005,8.115,-0.005,52.648432199999995,9.7457691,32.02,31.650000000000002,52.648427,9.7457689,0.028099800957108706,-0.03420845333908886,4.237484890917033,-3.8850000000000002,-7.47,0.015,8.110081,0.012936427,0.28229252
0 days 00:00:05.450000,0.0005896382608088951,-9.464688,0.52974,9.244944,24.92511767222935,24.92511767222935,24.92511767222935,24.92511767222935,-0.023387411976724018,-0.028448866807507574,0.02548180707911721,-52.0,5.29,96.3,1,2,100.0,4,0.005,8.035,-0.01,52.648432199999995,9.7457691,32.02,31.650000000000002,52.6484264,9.7457684,0.02775073510670984,-0.03438298626428829,4.237659423842232,-3.8850000000000002,-7.47,0.015,8.029907,0.012939509,0.28595805
0 days 00:00:05.460000,0.0007075659129706742,-6.937632000000001,0.5140440000000001,9.649116000000001,24.778027385537012,24.778027385537012,24.778027385537012,24.778027385537012,-0.02391101075232232,0.010122909661567111,0.02234021442552742,-54.0,5.29,96.75,1,2,100.0,4,0.005,7.94,-0.005,52.648432199999995,9.7457691,32.02,31.650000000000002,52.6484257,9.7457678,0.02757620218151041,-0.034033920413889425,4.237833956767432,-3.8850000000000002,-7.47,0.015,7.9352317,0.012585399,0.27493176
0 days 00:00:05.470000,0.0005896382608088951,-7.863696000000001,0.306072,9.778608,24.243153615746685,24.243153615746685,24.243153615746685,24.243153615746685,-0.027925268031909273,0.023736477827122886,0.01780235837034216,-57.0,5.29,97.19999999999999,1,2,100.0,4,0.0,7.88,-0.01,52.6484289,9.7457663,32.02,31.64,52.6484251,9.745767299999999,0.027401669256310976,-0.03420845333908886,4.2381830226178305,-3.71,-7.115,0.055,7.8750477,0.0076579223,0.27939928
0 days 00:00:05.480000,0.0004717106086471161,-9.033048,0.851508,9.735444000000001,23.70827984595635,23.70827984595635,23.70827984595635,23.70827984595635,-0.02565634000431664,-0.005759586531581288,0.015707963267948967,-58.0,5.29,96.44999999999999,1,2,100.0,4,0.0,7.805000000000001,-0.01,52.6484289,9.7457663,32.02,31.64,52.648424399999996,9.7457668,0.027227136331111543,-0.03438298626428829,4.23835755554303,-3.71,-7.115,0.055,7.800043,0.007576389,0.27819732
0 days 00:00:05.490000,0.0004717106086471161,-7.985340000000001,0.40809600000000007,9.390132000000001,22.966142490372274,22.966142490372274,22.966142490372274,22.966142490372274,-0.017976891295541593,-0.03106686068549907,0.018675022996339326,-61.0,5.29,95.69999999999999,1,2,100.0,4,0.005,7.715,-0.015,52.6484289,9.7457663,32.02,31.64,52.648423799999996,9.7457663,0.026878070480712675,-0.03438298626428829,4.238532088468229,-3.71,-7.115,0.055,7.7099247,0.012528621,0.27996805
0 days 00:00:05.500000,0.0004717106086471161,-6.4667520000000005,-0.07063200000000001,10.072908000000002,21.649015832263586,21.649015832263586,21.649015832263586,21.649015832263586,-0.008028514559173916,0.013962634015954637,0.01658062789394613,-62.0,5.29,95.55,1,2,100.0,4,0.005,7.640000000000001,-0.01,52.6484289,9.7457663,32.02,31.64,52.648423199999996,9.7457658,0.026703537555513242,-0.034033920413889425,4.238706621393429,-3.71,-7.115,0.055,7.635235,0.012206332,0.2697334
0 days 00:00:05.510000,0.0003537829564853371,-8.201160000000002,0.8161920000000001,9.268488000000001,19.84381685922122,19.84381685922122,19.84381685922122,19.84381685922122,-0.012042771838760874,0.0041887902047863905,0.01361356816555577,-64.0,5.29,95.39999999999999,1,2,100.0,4,0.0,7.58,-0.015,52.6484289,9.7457663,32.02,31.64,52.648422599999996,9.7457652,0.026703537555513242,-0.03420845333908886,4.238881154318628,-3.71,-7.115,0.055,7.575052,0.0073223272,0.27414298
0 days 00:00:05.520000,0.00023585530432355804,-8.291412000000001,0.6278400000000001,9.276336,18.031931964056483,18.031931964056483,18.031931964056483,18.031931964056483,-0.007155849933176751,-0.02565634000431664,0.013962634015954637,-60.0,5.29,93.29999999999998,1,2,100.0,4,0.0,7.5,-0.02,52.648426799999996,9.7457637,32.12,31.64,52.648422,9.745764699999999,0.02652900463031381,-0.03420845333908886,4.239055687243828,-3.5100000000000002,-6.78,0.095,7.494928,0.0073344535,0.27640438
0 days 00:00:05.530000,0.0004717106086471161,-7.365348000000001,0.266832,9.845316,17.831354300385108,17.831354300385108,17.831354300385108,17.831354300385108,0.0019198621771937623,0.0031415926535897933,0.014486232791552938,-60.0,5.29,91.19999999999999,1,2,100.0,4,0.005,7.42,-0.015,52.648426799999996,9.7457637,32.12,31.64,52.6484214,9.7457642,0.02652900463031381,-0.034033920413889425,4.239230220169027,-3.5100000000000002,-6.78,0.095,7.4151926,0.012093234,0.2672475
0 days 00:00:05.540000,0.0007075659129706742,-8.479764000000001,0.47088,9.551016,19.676668806161747,19.676668806161747,19.676668806161747,19.676668806161747,0.002967059728390361,-0.0010471975511965976,0.012566370614359173,-53.0,5.29,92.54999999999998,2,2,100.0,4,0.005,7.3500000000000005,-0.02,52.648426799999996,9.7457637,32.12,31.64,52.6484208,9.7457637,0.02652900463031381,-0.034033920413889425,4.2394047530942265,-3.5100000000000002,-6.78,0.095,7.3450627,0.012162604,0.26986176
0 days 00:00:05.550000,0.0007075659129706742,-8.522928,-0.027468000000000003,9.182160000000001,22.671961916987588,22.671961916987588,22.671961916987588,22.671961916987588,0.011693705988362009,-0.04084070449666731,0.00645771823237902,-53.0,5.29,93.89999999999999,2,2,100.0,4,0.005,7.265000000000001,-0.02,52.648426799999996,9.7457637,32.12,31.64,52.6484202,9.7457633,0.02652900463031381,-0.034033920413889425,4.2394047530942265,-3.5100000000000002,-6.78,0.095,7.2601123,0.012085882,0.26697046
0 days 00:00:05.560000,0.0005896382608088951,-6.223464000000001,0.6867000000000001,8.781912,23.855370132648694,23.855370132648694,23.855370132648694,23.855370132648694,0.006806784082777885,-0.052534410485029326,0.004014257279586958,-59.0,5.29,92.69999999999999,2,2,100.0,4,0.0,7.1850000000000005,-0.015,52.648426799999996,9.7457637,32.12,31.64,52.6484196,9.7457628,0.026703537555513242,-0.033510321638291124,4.2394047530942265,-3.5100000000000002,-6.78,0.095,7.180464,0.006827769,0.25562704
0 days 00:00:05.570000,0.0005896382608088951,-5.368032,0.447336,10.33974,23.534445870774498,23.534445870774498,23.534445870774498,23.534445870774498,0.008028514559173916,0.02426007660272118,0.0038397243543875246,-59.0,5.29,91.5,2,2,100.0,4,0.005,7.13,-0.01,52.648423799999996,9.7457611,32.11,31.63,52.6484191,9.745762299999999,0.026703537555513242,-0.033161255787892266,4.239579286019426,-3.31,-6.45,0.085,7.1257486,0.011576945,0.24616961
0 days 00:00:05.580000,0.0005896382608088951,-9.292032,0.7651800000000001,9.798228,22.13708814719726,22.13708814719726,22.13708814719726,22.13708814719726,0.0008726646259971648,0.027052603405912107,0.006108652381980153,-56.0,5.29,89.1,2,2,100.0,4,0.005,7.08,-0.015,52.648423799999996,9.7457611,32.11,31.64,52.6484185,9.7457618,0.026878070480712675,-0.033335788713091695,4.239579286019426,-3.31,-6.45,0.085,7.075567,0.011742846,0.25074032
0 days 00:00:05.590000,0.000825493565132453,-9.578484000000001,0.019620000000000002,8.907480000000001,21.47518185708173,21.47518185708173,21.47518185708173,21.47518185708173,0.0015707963267948967,-0.06841690667817771,0.006806784082777885,-56.0,5.29,86.69999999999999,2,2,100.0,4,0.01,6.99,-0.02,52.648423799999996,9.7457611,32.11,31.64,52.6484179,9.7457614,0.026878070480712675,-0.03368485456349056,4.239579286019426,-3.31,-6.45,0.085,6.985361,0.016860254,0.25504026
0 days 00:00:05.600000,0.000825493565132453,-5.493600000000001,0.27075600000000005,8.96634,22.117030380830123,22.117030380830123,22.117030380830123,22.117030380830123,-0.0027925268031909274,-0.03630284844148206,0.010471975511965976,-51.0,5.29,89.54999999999998,2,2,100.0,4,0.01,6.8950000000000005,-0.015,52.648423799999996,9.7457611,32.11,31.64,52.6484174,9.745760899999999,0.026878070480712675,-0.03298672286269283,4.239579286019426,-3.31,-6.45,0.085,6.8907547,0.016510688,0.24203774
0 days 00:00:05.610000,0.0005896382608088951,-5.658408,0.21974400000000002,10.810620000000002,22.46469833119384,22.46469833119384,22.46469833119384,22.46469833119384,-0.009599310885968814,0.05061454830783556,0.008377580409572781,-51.0,5.29,92.39999999999999,2,2,100.0,4,0.01,6.845,-0.005,52.648423799999996,9.7457611,32.11,31.64,52.6484168,9.7457604,0.026878070480712675,-0.032637657012293965,4.239753818944626,-3.31,-6.45,0.085,6.8411913,0.01613359,0.22801119
0 days 00:00:05.620000,0.0003537829564853371,-10.590876000000002,0.145188,9.468612,21.68913136499786,21.68913136499786,21.68913136499786,21.68913136499786,-0.010995574287564275,-0.02426007660272118,0.007504915783575617,-41.0,5.29,95.4,2,2,100.0,4,0.005,6.79,-0.02,52.648421,9.7457582,32.2,31.63,52.6484163,9.745759999999999,0.026703537555513242,-0.033161255787892266,4.239928351869825,-3.12,-6.09,0.05,6.7856035,0.011542816,0.24489179
0 days 00:00:05.630000,0.0003537829564853371,-8.668116000000001,0.306072,7.906860000000001,20.94699400941378,20.94699400941378,20.94699400941378,20.94699400941378,-0.00471238898038469,-0.08866272600131195,0.010122909661567111,-41.0,5.29,98.4,2,2,100.0,4,0.005,6.6850000000000005,-0.02,52.648421,9.7457582,32.2,31.63,52.6484157,9.7457595,0.026703537555513242,-0.0328121899374934,4.239928351869825,-3.12,-6.09,0.05,6.680745,0.011387598,0.23908058
0 days 00:00:05.640000,0.0003537829564853371,-4.532220000000001,0.231516,9.762912000000002,20.913564398801885,20.913564398801885,20.913564398801885,20.913564398801885,-0.007504915783575617,0.026354471705114374,0.010471975511965976,-35.0,5.29,99.6,2,2,100.0,4,0.005,6.605,-0.005,52.648421,9.7457582,32.2,31.63,52.648415199999995,9.745759099999999,0.026703537555513242,-0.031939525311496235,4.239928351869825,-3.12,-6.09,0.05,6.6014714,0.010763417,0.21571167
0 days 00:00:05.650000,0.0,-7.683192,0.21189600000000003,9.963036,20.144683354728286,20.144683354728286,20.144683354728286,20.144683354728286,-0.020943951023931952,0.013439035240356337,0.004537856055185257,-35.0,5.29,100.79999999999998,2,2,100.0,4,0.005,6.5600000000000005,-0.005,52.648421,9.7457582,32.2,31.63,52.6484147,9.7457586,0.02652900463031381,-0.0322885911618951,4.240102884795024,-3.12,-6.09,0.05,6.556419,0.010748358,0.21656485
0 days 00:00:05.660000,-0.0003537829564853371,-8.45622,0.33354000000000006,7.879392000000001,19.16853872486093,19.16853872486093,19.16853872486093,19.16853872486093,-0.01361356816555577,-0.12356931104119852,0.01064650843716541,-43.0,5.29,99.29999999999998,2,2,100.0,4,0.005,6.485,-0.01,52.648421,9.7457582,32.2,31.63,52.6484141,9.7457582,0.026354471705114377,-0.0322885911618951,4.240102884795024,-3.12,-6.09,0.05,6.481297,0.010778446,0.219142
0 days 00:00:05.670000,-0.0003537829564853371,-2.9194560000000003,0.7769520000000001,9.087984,18.031931964056483,18.031931964056483,18.031931964056483,18.031931964056483,-0.017453292519943295,0.00645771823237902,0.022165681500327987,-43.0,5.29,97.8,2,2,100.0,4,0.01,6.3950000000000005,0.01,52.648418299999996,9.745756,32.19,31.63,52.6484136,9.7457578,0.026179938779914945,-0.030892327760299633,4.240102884795024,-2.9,-5.8,-0.055,6.3922577,0.014905531,0.18720375
0 days 00:00:05.680000,-0.00023585530432355804,-6.513840000000001,-0.14126400000000003,12.545028000000002,16.186617458279844,16.186617458279844,16.186617458279844,16.186617458279844,-0.0015707963267948967,0.1223475805648025,0.02426007660272118,-45.0,5.29,93.9,2,2,100.0,4,0.015,6.37,0.02,52.648418299999996,9.745756,32.19,31.63,52.6484131,9.7457573,0.02600540585471551,-0.030892327760299633,4.240451950645423,-2.9,-5.8,-0.055,6.3675785,0.019591186,0.17631257
0 days 00:00:05.690000,-0.00011792765216177902,-13.090464,0.482652,8.409132000000001,14.71571459135644,14.71571459135644,14.71571459135644,14.71571459135644,-0.004537856055185257,-0.009075712110370514,0.019198621771937627,-47.0,5.29,90.0,2,2,100.0,4,0.01,6.3100000000000005,-0.01,52.648418299999996,9.745756,32.19,31.63,52.6484126,9.7457569,0.02600540585471551,-0.032114058236695664,4.240626483570622,-2.9,-5.8,-0.055,6.3064256,0.015524737,0.21226782
0 days 00:00:05.700000,-0.0003537829564853371,-9.339120000000001,-0.027468000000000003,7.7459760000000015,14.434905862216516,14.434905862216516,14.434905862216516,14.434905862216516,-0.012740903539558606,-0.08674286382411817,0.009250245035569947,-33.0,5.29,88.35,2,2,100.0,4,0.01,6.18,-0.0,52.648418299999996,9.745756,32.19,31.63,52.648412099999994,9.745756499999999,0.02600540585471551,-0.032114058236695664,4.240801016495822,-2.9,-5.8,-0.055,6.176813,0.015156309,0.19810365
0 days 00:00:05.710000,-0.0005896382608088951,-4.775508,0.7534080000000001,11.104920000000002,16.113072314933675,16.113072314933675,16.113072314933675,16.113072314933675,-0.004014257279586958,0.010122909661567111,0.008028514559173916,-33.0,5.29,86.69999999999999,2,2,100.0,4,0.005,6.09,0.015,52.648418299999996,9.745756,32.19,31.63,52.648411599999996,9.7457561,0.025830872929516076,-0.031241393610698498,4.240975549421021,-2.9,-5.8,-0.055,6.087497,0.009524339,0.17504886
0 days 00:00:05.720000,-0.00023585530432355804,-7.9107840000000005,0.15696000000000002,10.987200000000001,18.35285622593068,18.35285622593068,18.35285622593068,18.35285622593068,0.014311699866353502,0.008726646259971648,0.01117010721276371,-38.0,5.29,91.04999999999998,2,2,100.0,4,0.005,6.055,0.005,52.6484156,9.7457538,32.2,31.62,52.6484111,9.7457557,0.025830872929516076,-0.031415926535897934,4.240975549421021,-2.81,-5.505,0.01,6.052169,0.009781538,0.1850037
0 days 00:00:05.730000,0.0,-8.428752000000001,-0.21189600000000003,7.479144000000002,19.710098416773643,19.710098416773643,19.710098416773643,19.710098416773643,0.009773843811168246,-0.09023352232810683,0.0022689280275926286,-38.0,5.29,95.39999999999999,2,2,100.0,4,0.005,5.9750000000000005,-0.01,52.6484156,9.7457538,32.2,31.62,52.6484106,9.745755299999999,0.02600540585471551,-0.03159045946109736,4.241150082346221,-2.81,-5.505,0.01,5.971703,0.0101654325,0.19851941
0 days 00:00:05.740000,-0.0004717106086471161,-3.5983080000000003,1.0830240000000002,8.413056000000001,19.63655327342747,19.63655327342747,19.63655327342747,19.63655327342747,-0.005585053606381855,-0.05183627878423159,-0.005061454830783556,-43.0,5.29,92.25,2,2,100.0,4,0.0,5.8950000000000005,0.01,52.6484156,9.7457538,32.2,31.62,52.6484102,9.7457549,0.02600540585471551,-0.0307177948351002,4.241150082346221,-2.81,-5.505,0.01,5.892526,0.0044479226,0.17099981
0 days 00:00:05.750000,-0.000825493565132453,-4.2575400000000005,1.0987200000000001,10.327968,18.780755241762943,18.780755241762943,18.780755241762943,18.780755241762943,-0.0041887902047863905,0.06335545184739416,-0.0013962634015954637,-43.0,5.29,89.1,2,2,100.0,4,0.01,5.86,0.02,52.6484156,9.7457538,32.2,31.62,52.648409699999995,9.7457545,0.02600540585471551,-0.0301941960595019,4.241150082346221,-2.81,-5.505,0.01,5.857933,0.014076933,0.15660714
0 days 00:00:05.760000,-0.0005896382608088951,-8.970264,0.20797200000000002,11.536560000000001,17.938329054343175,17.938329054343175,17.938329054343175,17.938329054343175,0.008028514559173916,0.056025068989017976,0.003316125578789226,-47.0,5.29,90.75,2,2,100.0,4,0.015,5.82,0.015,52.6484156,9.7457538,32.2,31.62,52.648409199999996,9.7457541,0.02600540585471551,-0.0307177948351002,4.241150082346221,-2.81,-5.505,0.01,5.817715,0.019253002,0.16331112
0 days 00:00:05.770000,-0.0003537829564853371,-10.673280000000002,0.12164400000000002,9.158616000000002,18.33948438168592,18.33948438168592,18.33948438168592,18.33948438168592,0.004014257279586958,-0.042411500823462206,0.005934119456780722,-48.0,5.29,92.39999999999999,2,2,100.0,4,0.02,5.73,-0.005,52.6484132,9.7457519,32.18,31.62,52.6484088,9.7457537,0.02600540585471551,-0.031066860685499065,4.241150082346221,-2.605,-5.15,-0.05,5.7270794,0.024751224,0.18240014
0 days 00:00:05.780000,-0.0004717106086471161,-7.545852,0.04316400000000001,9.013428000000001,19.04819212665811,19.04819212665811,19.04819212665811,19.04819212665811,-0.0012217304763960308,-0.009599310885968814,0.0005235987755982988,-50.0,5.29,89.54999999999998,2,2,100.0,4,0.02,5.625,-0.0,52.6484132,9.7457519,32.18,31.62,52.6484083,9.745753299999999,0.02600540585471551,-0.0307177948351002,4.241150082346221,-2.605,-5.15,-0.05,5.6223464,0.024485435,0.17218196
0 days 00:00:05.790000,-0.0007075659129706742,-7.7302800000000005,0.894672,11.022516000000001,18.372913992297818,18.372913992297818,18.372913992297818,18.372913992297818,-0.005934119456780722,0.053930673886624786,-0.008203047484373348,-52.0,5.29,86.69999999999999,2,2,100.0,4,0.015,5.55,0.005,52.6484132,9.7457519,32.18,31.62,52.648407899999995,9.745752999999999,0.02600540585471551,-0.030543261909900768,4.241150082346221,-2.605,-5.15,-0.05,5.547564,0.019272104,0.16404544
0 days 00:00:05.800000,-0.0005896382608088951,-10.806696000000002,0.5846760000000001,9.896328000000002,17.4502567394095,17.4502567394095,17.4502567394095,17.4502567394095,-0.007155849933176751,-0.03630284844148206,-0.006632251157578452,-54.0,5.29,89.54999999999998,2,2,100.0,4,0.025,5.48,-0.01,52.6484132,9.7457519,32.18,31.62,52.648407399999996,9.7457526,0.02600540585471551,-0.031066860685499065,4.241150082346221,-2.605,-5.15,-0.05,5.477045,0.02967756,0.17950319
0 days 00:00:05.810000,-0.0004717106086471161,-7.349652000000002,-0.019620000000000002,9.021276000000002,17.3232242190843,17.3232242190843,17.3232242190843,17.3232242190843,-0.004886921905584123,-0.07487462491055674,-0.003316125578789226,-57.0,5.29,92.39999999999999,2,2,100.0,4,0.03,5.375,-0.015,52.6484132,9.7457519,32.18,31.62,52.648407,9.7457522,0.02600540585471551,-0.0307177948351002,4.240975549421021,-2.605,-5.15,-0.05,5.3720036,0.034672253,0.17923415
0 days 00:00:05.820000,-0.0004717106086471161,-4.167288,0.31392000000000003,10.186704,17.2563649978605,17.2563649978605,17.2563649978605,17.2563649978605,-0.012042771838760874,0.02949606435870417,-0.005934119456780722,-58.0,5.29,95.25,2,2,100.0,4,0.02,5.305,-0.0,52.648410899999995,9.7457499,32.21,31.61,52.6484065,9.7457519,0.02600540585471551,-0.030019663134302467,4.240975549421021,-2.46,-4.8500000000000005,-0.075,5.3026094,0.02413362,0.1586565
0 days 00:00:05.830000,-0.0004717106086471161,-7.820532000000001,0.447336,9.574560000000002,17.049101412066754,17.049101412066754,17.049101412066754,17.049101412066754,-0.021642082724729686,0.024434609527920613,-0.008552113334772213,-61.0,5.29,98.1,2,2,100.0,4,0.025,5.265,-0.005,52.648410899999995,9.7457499,32.21,31.61,52.648406099999995,9.745751499999999,0.025830872929516076,-0.0301941960595019,4.240975549421021,-2.46,-4.8500000000000005,-0.075,5.262449,0.029226057,0.16324562
0 days 00:00:05.840000,-0.0004717106086471161,-8.825076000000001,0.45518400000000003,8.4366,16.54097133076594,16.54097133076594,16.54097133076594,16.54097133076594,-0.026354471705114374,-0.030019663134302467,-0.00645771823237902,-62.0,5.29,96.75,2,2,100.0,4,0.025,5.19,-0.005,52.648410899999995,9.7457499,32.21,31.61,52.6484057,9.745751199999999,0.025656340004316644,-0.030543261909900768,4.240801016495822,-2.46,-4.8500000000000005,-0.075,5.187427,0.029185934,0.16279742
0 days 00:00:05.850000,-0.0004717106086471161,-6.698268000000001,0.41594400000000004,9.98658,15.965982028241335,15.965982028241335,15.965982028241335,15.965982028241335,-0.025132741228718346,0.041887902047863905,-0.003316125578789226,-64.0,5.29,95.39999999999999,2,2,100.0,4,0.03,5.105,0.005,52.648410899999995,9.7457499,32.21,31.61,52.6484053,9.7457508,0.02530727415391778,-0.0301941960595019,4.240801016495822,-2.46,-4.8500000000000005,-0.075,5.102824,0.033763815,0.14831334
0 days 00:00:05.860000,-0.0004717106086471161,-9.315576,-0.031392,10.732140000000001,15.919180573384681,15.919180573384681,15.919180573384681,15.919180573384681,-0.020245819323134222,0.05794493116621175,-0.0031415926535897933,-66.0,5.29,94.35,2,2,100.0,4,0.03,5.04,-0.0,52.648410899999995,9.7457499,32.21,31.61,52.648404899999996,9.7457505,0.025132741228718343,-0.030543261909900768,4.240801016495822,-2.46,-4.8500000000000005,-0.075,5.037649,0.033858404,0.1531116
0 days 00:00:05.870000,-0.0004717106086471161,-11.128464000000001,0.09417600000000001,9.154692,15.925866495507059,15.925866495507059,15.925866495507059,15.925866495507059,-0.011868238913561443,-0.015707963267948967,-0.00471238898038469,-68.0,5.29,93.3,2,2,100.0,4,0.025,4.95,-0.01,52.6484087,9.7457481,32.21,31.61,52.6484045,9.7457502,0.02495820830351891,-0.031066860685499065,4.240801016495822,-2.3000000000000003,-4.5600000000000005,-0.04,4.947301,0.029078731,0.16307649
0 days 00:00:05.880000,-0.0004717106086471161,-8.201160000000002,0.6003720000000001,9.299880000000002,15.825577663671373,15.825577663671373,15.825577663671373,15.825577663671373,-0.012566370614359173,0.010471975511965976,-0.006632251157578452,-70.0,5.29,94.94999999999999,2,2,100.0,4,0.025,4.84,-0.005,52.6484087,9.7457481,32.21,31.61,52.6484041,9.745749799999999,0.024783675378319478,-0.031066860685499065,4.240626483570622,-2.3000000000000003,-4.5600000000000005,-0.04,4.837509,0.02884175,0.15466978
0 days 00:00:05.890000,-0.0004717106086471161,-8.299260000000002,-0.1962,10.210248,15.53139709028669,15.53139709028669,15.53139709028669,15.53139709028669,-0.005235987755982988,0.03159045946109736,-0.007330382858376183,-72.0,5.29,96.6,2,1,100.0,4,0.03,4.76,-0.005,52.6484087,9.7457481,32.21,31.61,52.648403699999996,9.745749499999999,0.024609142453120045,-0.031066860685499065,4.240626483570622,-2.3000000000000003,-4.5600000000000005,-0.04,4.757548,0.033752095,0.15206759
0 days 00:00:05.900000,-0.0004717106086471161,-9.382284,-0.278604,9.448992,15.136927685066325,15.136927685066325,15.136927685066325,15.136927685066325,0.007679448708775049,-0.00942477796076938,-0.00645771823237902,-75.0,5.29,96.14999999999999,2,1,100.0,4,0.025,4.68,-0.01,52.6484087,9.7457481,32.21,31.61,52.6484033,9.745749199999999,0.024609142453120045,-0.031415926535897934,4.240626483570622,-2.3000000000000003,-4.5600000000000005,-0.04,4.6773763,0.028855613,0.15633471
0 days 00:00:05.910000,-0.0004717106086471161,-7.016112000000001,0.6003720000000001,9.170388,14.809317501069748,14.809317501069748,14.809317501069748,14.809317501069748,0.00034906585039886593,-0.0008726646259971648,-0.007155849933176751,-77.0,5.29,95.69999999999999,2,1,100.0,4,0.02,4.59,-0.01,52.6484087,9.7457481,32.21,31.61,52.6484029,9.745748899999999,0.024609142453120045,-0.031241393610698498,4.240451950645423,-2.3000000000000003,-4.5600000000000005,-0.04,4.587448,0.023767862,0.15283123
0 days 00:00:05.920000,-0.0004717106086471161,-6.698268000000001,0.223668,10.053288000000002,14.227642276422763,14.227642276422763,14.227642276422763,14.227642276422763,0.0015707963267948967,0.04380776422505767,-0.003316125578789226,-78.0,5.29,95.69999999999999,2,1,100.0,4,0.025,4.525,-0.005,52.6484068,9.7457465,32.21,31.61,52.6484026,9.745748599999999,0.024609142453120045,-0.031415926535897934,4.240277417720224,-2.095,-4.235,0.02,4.52261,0.028612837,0.14647152
0 days 00:00:05.930000,-0.0003537829564853371,-7.934328000000001,-0.08240400000000002,9.923796000000001,14.02037869062901,14.02037869062901,14.02037869062901,14.02037869062901,-0.00017453292519943296,0.020594885173533087,0.00034906585039886593,-80.0,5.29,95.69999999999999,1,1,100.0,4,0.025,4.46,-0.01,52.6484068,9.7457465,32.21,31.61,52.6484022,9.745748299999999,0.024609142453120045,-0.0317649923862968,4.240277417720224,-2.095,-4.235,0.02,4.4574323,0.028723856,0.15098192
0 days 00:00:05.940000,-0.00023585530432355804,-7.777368000000001,0.11379600000000001,8.723052000000001,14.040436456996149,14.040436456996149,14.040436456996149,14.040436456996149,-0.011693705988362009,0.0,0.003316125578789226,-82.0,7.99,95.1,1,1,100.0,4,0.025,4.385,-0.015,52.6484068,9.7457465,32.21,31.61,52.648401799999995,9.745747999999999,0.024609142453120045,-0.032114058236695664,4.240277417720224,-2.095,-4.235,0.02,4.3822575,0.028825859,0.15512587
0 days 00:00:05.950000,-0.00023585530432355804,-6.910164000000001,0.090252,9.500004,14.073866067608042,14.073866067608042,14.073866067608042,14.073866067608042,-0.010297442586766544,0.0317649923862968,0.0022689280275926286,-88.0,7.99,94.5,1,1,100.0,4,0.02,4.3100000000000005,-0.005,52.6484068,9.7457465,32.21,31.61,52.6484015,9.745747699999999,0.024434609527920616,-0.032114058236695664,4.240277417720224,-2.095,-4.235,0.02,4.3076167,0.023497242,0.14285377
0 days 00:00:05.960000,-0.0003537829564853371,-8.4366,0.3924,10.571256000000002,13.605851519041506,13.605851519041506,13.605851519041506,13.605851519041506,-0.010297442586766544,0.04468042885105484,0.008028514559173916,-78.0,7.99,94.5,1,1,100.0,4,0.02,4.245,-0.005,52.6484068,9.7457465,32.21,31.61,52.648401199999995,9.745747399999999,0.024434609527920616,-0.0322885911618951,4.240451950645423,-2.095,-4.235,0.02,4.2426257,0.023464343,0.1415076
0 days 00:00:05.970000,-0.0004717106086471161,-9.755064,0.03531600000000001,9.974808000000001,13.33841463414634,13.33841463414634,13.33841463414634,13.33841463414634,-0.004537856055185257,-0.014311699866353502,0.012391837689159739,-78.0,7.99,94.5,1,1,100.0,4,0.025,4.165,-0.02,52.648405,9.745745,32.22,31.6,52.6484008,9.7457472,0.024260076602721184,-0.0328121899374934,4.240451950645423,-1.93,-3.895,0.04,4.1621017,0.028792066,0.15597495
0 days 00:00:05.980000,-0.0004717106086471161,-7.981416,-0.33354000000000006,8.880012,13.231439880188276,13.231439880188276,13.231439880188276,13.231439880188276,-0.00942477796076938,-0.016755160819145562,0.014660765716752367,-69.0,7.99,97.2,1,1,100.0,4,0.02,4.07,-0.025,52.648405,9.745745,32.22,31.6,52.6484005,9.7457469,0.024260076602721184,-0.032637657012293965,4.240626483570622,-1.93,-3.895,0.04,4.0670166,0.023821939,0.15726678
0 days 00:00:05.990000,-0.0007075659129706742,-7.663572,-0.031392,9.527472000000001,12.589591356439879,12.589591356439879,12.589591356439879,12.589591356439879,-0.006806784082777885,0.03106686068549907,0.014660765716752367,-69.0,7.99,99.9,1,1,100.0,4,0.015,3.995,-0.015,52.648405,9.745745,32.22,31.6,52.6484002,9.7457466,0.02408554367752175,-0.03246312408709453,4.240626483570622,-1.93,-3.895,0.04,3.992408,0.018479515,0.1442563
0 days 00:00:06,-0.000825493565132453,-9.009504,0.7965720000000002,9.955188000000001,11.780594779632008,11.780594779632008,11.780594779632008,11.780594779632008,0.0020943951023931952,-0.002617993877991494,0.01832595714594046,-61.0,7.99,99.75,1,1,100.0,4,0.01,3.92,-0.015,52.648405,9.745745,32.22,31.6,52.6483998,9.7457463,0.02408554367752175,-0.0328121899374934,4.240801016495822,-1.93,-3.895,0.04,3.917398,0.013455273,0.14331016
0 days 00:00:06.010000,-0.0010613488694560112,-6.768900000000001,-0.737712,9.268488000000001,10.570442875481385,10.570442875481385,10.570442875481385,10.570442875481385,0.011519173063162576,-0.0619591884457987,0.0158824961931484,-61.0,7.99,99.6,1,1,100.0,4,0.015,3.83,-0.02,52.648405,9.745745,32.22,31.6,52.6483995,9.7457461,0.02408554367752175,-0.0328121899374934,4.240975549421021,-1.93,-3.895,0.04,3.8272822,0.018503064,0.14523388
0 days 00:00:06.020000,-0.0011792765216177901,-4.253616000000001,0.47480400000000006,6.533460000000001,6.806268720581942,6.806268720581942,6.806268720581942,6.806268720581942,-0.01308996938995747,-0.01308996938995747,0.007679448708775049,-65.0,7.99,99.3,1,1,100.0,4,0.01,3.77,-0.02,52.6484035,9.7457443,32.12,31.6,52.6483992,9.7457459,0.02408554367752175,-0.0322885911618951,4.241150082346221,-1.7550000000000001,-3.535,0.05,3.7673893,0.013409605,0.1414145
0 days 00:00:06.030000,-0.0017689147824266852,-5.273856000000001,1.05948,11.371752,4.62665810868635,4.62665810868635,4.62665810868635,4.62665810868635,-0.008203047484373348,0.0788888821901437,0.01064650843716541,-69.0,7.99,99.0,1,1,100.0,4,0.015,3.73,0.015,52.6484035,9.7457443,32.12,31.6,52.6483989,9.7457456,0.02408554367752175,-0.032114058236695664,4.241150082346221,-1.7550000000000001,-3.535,0.05,3.7285583,0.01751891,0.10438094
0 days 00:00:06.040000,-0.0014151318259413483,-10.257336000000002,0.635688,11.281500000000001,3.5234809584937956,3.5234809584937956,3.5234809584937956,3.5234809584937956,0.01780235837034216,0.0020943951023931952,0.023561944901923447,-46.0,7.99,96.75,1,1,100.0,4,0.02,3.68,-0.005,52.6484035,9.7457443,32.12,31.6,52.6483986,9.745745399999999,0.023911010752322315,-0.0328121899374934,4.24132461527142,-1.7550000000000001,-3.535,0.05,3.677855,0.023000196,0.12521039
0 days 00:00:06.050000,-0.000825493565132453,-9.056592,-0.8868240000000002,9.040896000000002,2.968549422336329,2.968549422336329,2.968549422336329,2.968549422336329,0.02722713633111154,-0.05026548245743669,0.02181661564992912,-46.0,7.99,94.5,1,1,100.0,4,0.025,3.58,-0.025,52.6484035,9.7457443,32.12,31.6,52.6483983,9.745745099999999,0.02408554367752175,-0.03298672286269283,4.24149914819662,-1.7550000000000001,-3.535,0.05,3.5772278,0.028438034,0.14241387
0 days 00:00:06.060000,-0.000825493565132453,-7.1613,0.039240000000000004,8.946720000000001,2.694426615318785,2.694426615318785,2.694426615318785,2.694426615318785,0.0158824961931484,0.022863813201125717,0.010995574287564275,-48.0,7.99,94.05,1,2,100.0,4,0.015,3.495,-0.02,52.6484035,9.7457443,32.12,31.6,52.648398,9.7457449,0.024434609527920616,-0.03246312408709453,4.241673681121819,-1.7550000000000001,-3.535,0.05,3.4925091,0.018255463,0.13302185
0 days 00:00:06.070000,-0.0009434212172942321,-9.762912000000002,0.7926480000000001,9.150768000000001,2.380188275566966,2.380188275566966,2.380188275566966,2.380188275566966,0.0012217304763960308,-0.007155849933176751,0.0015707963267948967,-48.0,7.99,93.6,1,2,100.0,4,0.005,3.4250000000000003,-0.01,52.648402,9.745743,32.12,31.59,52.6483978,9.7457447,0.024609142453120045,-0.032637657012293965,4.241848214047018,-1.6400000000000001,-3.1350000000000002,0.045,3.4228494,0.007994563,0.12159891
0 days 00:00:06.080000,-0.0010613488694560112,-8.605332,0.24328800000000003,9.692280000000002,5.1682178005990576,5.1682178005990576,5.1682178005990576,5.1682178005990576,0.027925268031909273,-0.11274826967883368,0.0008726646259971648,-46.0,7.99,91.8,1,1,100.0,4,0.015,3.33,-0.01,52.648402,9.745743,32.12,31.59,52.648397499999994,9.7457444,0.024609142453120045,-0.032637657012293965,4.241848214047018,-1.6400000000000001,-3.1350000000000002,0.045,3.3279002,0.017915254,0.118253745
0 days 00:00:06.090000,-0.0007075659129706742,-2.5388280000000005,0.3924,8.542548,11.332637997432606,11.332637997432606,11.332637997432606,11.332637997432606,0.020245819323134222,-0.08395033702092726,-0.00034906585039886593,-42.0,7.99,90.0,1,1,100.0,4,0.015,3.25,-0.01,52.648402,9.745743,32.12,31.59,52.6483972,9.745744199999999,0.02495820830351891,-0.031415926535897934,4.241848214047018,-1.6400000000000001,-3.1350000000000002,0.045,3.2480822,0.017792353,0.1116708
0 days 00:00:06.100000,-0.0007075659129706742,-2.0169360000000003,-0.5650560000000001,8.793684,12.255295250320923,12.255295250320923,12.255295250320923,12.255295250320923,0.012217304763960306,0.039968039870670144,-0.011868238913561443,-43.0,7.99,90.14999999999999,1,1,100.0,4,0.015,3.225,-0.0,52.648402,9.745743,32.12,31.59,52.648396999999996,9.745744,0.025132741228718343,-0.030543261909900768,4.241848214047018,-1.6400000000000001,-3.1350000000000002,0.045,3.2234957,0.017470242,0.09807865
0 days 00:00:06.110000,-0.000825493565132453,-7.530156000000001,0.965304,10.484928,10.931482670089858,10.931482670089858,10.931482670089858,10.931482670089858,-0.0005235987755982988,0.09669124056048586,-0.022863813201125717,-42.0,7.99,90.3,1,1,100.0,4,0.005,3.21,0.01,52.648402,9.745743,32.12,31.59,52.6483967,9.7457438,0.02530727415391778,-0.031066860685499065,4.241673681121819,-1.6400000000000001,-3.1350000000000002,0.045,3.2087617,0.0072685587,0.089558154
0 days 00:00:06.120000,-0.0009434212172942321,-12.564648000000002,0.9496080000000001,9.707976,9.761446298673514,9.761446298673514,9.761446298673514,9.761446298673514,0.002967059728390361,-0.009599310885968814,-0.021642082724729686,-44.0,7.99,88.19999999999999,1,1,100.0,4,0.01,3.13,-0.0,52.648400699999996,9.7457418,32.13,31.59,52.6483965,9.745743599999999,0.02530727415391778,-0.031939525311496235,4.24149914819662,-1.485,-2.795,0.02,3.1284037,0.012526084,0.09966867
0 days 00:00:06.130000,-0.0004717106086471161,-9.605952000000002,0.6631560000000001,9.225324,8.845474967907572,8.845474967907572,8.845474967907572,8.845474967907572,0.01658062789394613,-0.08011061266653972,-0.014311699866353502,-45.0,7.99,86.1,1,1,100.0,4,0.02,3.0100000000000002,-0.0,52.648400699999996,9.7457418,32.13,31.59,52.6483962,9.7457434,0.02530727415391778,-0.0317649923862968,4.24132461527142,-1.485,-2.795,0.02,3.0084815,0.022412626,0.09505984
0 days 00:00:06.140000,-0.00023585530432355804,-4.728420000000001,-0.062784,10.512396,9.63441377834831,9.63441377834831,9.63441377834831,9.63441377834831,0.012566370614359173,0.009773843811168246,-0.015009831567151233,-39.0,7.99,83.4,1,1,100.0,4,0.025,2.915,-0.0,52.648400699999996,9.7457418,32.13,31.59,52.648396,9.7457432,0.02548180707911721,-0.031066860685499065,4.241150082346221,-1.485,-2.795,0.02,2.9135933,0.027298894,0.089878954
0 days 00:00:06.150000,-0.0004717106086471161,-7.906860000000001,0.23544,10.681128000000001,9.968709884467266,9.968709884467266,9.968709884467266,9.968709884467266,0.009075712110370514,0.0317649923862968,-0.01902408884673819,-39.0,7.99,80.7,1,1,100.0,4,0.02,2.87,-0.005,52.648400699999996,9.7457418,32.13,31.59,52.648395699999995,9.745743,0.025656340004316644,-0.031066860685499065,4.240975549421021,-1.485,-2.795,0.02,2.8684597,0.022408573,0.09360108
0 days 00:00:06.160000,-0.0004717106086471161,-10.343664,0.9221400000000001,8.413056000000001,9.534124946512623,9.534124946512623,9.534124946512623,9.534124946512623,0.004363323129985824,-0.07853981633974483,-0.017453292519943295,-39.0,7.99,82.05,1,1,100.0,4,0.02,2.795,-0.02,52.648400699999996,9.7457418,32.13,31.59,52.6483955,9.7457428,0.025656340004316644,-0.031415926535897934,4.240801016495822,-1.485,-2.795,0.02,2.7929926,0.022758437,0.10723467
0 days 00:00:06.170000,-0.00023585530432355804,-5.1168960000000006,0.41594400000000004,8.954568000000002,8.8053594351733,8.8053594351733,8.8053594351733,8.8053594351733,0.0054105206811824215,-0.07086036763096978,-0.013439035240356337,-43.0,7.99,83.39999999999999,1,1,100.0,4,0.025,2.69,-0.005,52.6483996,9.7457408,32.14,31.59,52.6483953,9.7457426,0.025830872929516076,-0.030543261909900768,4.240626483570622,-1.315,-2.46,-0.03,2.688593,0.027242474,0.086471505
0 days 00:00:06.180000,-0.00011792765216177902,-3.229452,-0.24721200000000002,10.257336000000002,8.504492939666239,8.504492939666239,8.504492939666239,8.504492939666239,0.0013962634015954637,0.04136430327226561,-0.011344640137963142,-43.0,7.99,85.19999999999999,1,1,100.0,4,0.025,2.645,-0.0,52.6483996,9.7457408,32.14,31.59,52.648395099999995,9.7457425,0.025830872929516076,-0.029845130209103034,4.240626483570622,-1.315,-2.46,-0.03,2.6438222,0.02703023,0.078256615
0 days 00:00:06.190000,-0.00011792765216177902,-7.565472000000001,0.019620000000000002,9.531396,8.892276422764228,8.892276422764228,8.892276422764228,8.892276422764228,-0.01291543646475804,0.04468042885105484,-0.013439035240356337,-40.0,7.99,87.0,1,1,100.0,4,0.02,2.615,-0.005,52.6483996,9.7457408,32.14,31.59,52.6483949,9.7457423,0.025830872929516076,-0.0301941960595019,4.240451950645423,-1.315,-2.46,-0.03,2.6136572,0.022161422,0.08339898
0 days 00:00:06.200000,-0.00023585530432355804,-9.527472000000001,0.266832,9.021276000000002,8.745186136071888,8.745186136071888,8.745186136071888,8.745186136071888,-0.015184364492350668,-0.016929693744344998,-0.01308996938995747,-41.0,7.99,89.25,1,1,100.0,4,0.02,2.54,-0.005,52.6483996,9.7457408,32.14,31.59,52.6483947,9.7457421,0.025656340004316644,-0.0307177948351002,4.240277417720224,-1.315,-2.46,-0.03,2.5386481,0.02212288,0.08246819
0 days 00:00:06.210000,-0.00011792765216177902,-7.4124360000000005,0.30999600000000005,9.880632000000002,8.297229353872485,8.297229353872485,8.297229353872485,8.297229353872485,-0.009075712110370514,0.0041887902047863905,-0.011693705988362009,-42.0,7.99,91.5,1,1,100.0,4,0.02,2.45,-0.0,52.6483996,9.7457408,32.14,31.59,52.648394499999995,9.745742,0.025656340004316644,-0.030543261909900768,4.240102884795024,-1.315,-2.46,-0.03,2.4488573,0.021912798,0.07428167
0 days 00:00:06.220000,-0.00011792765216177902,-7.765596000000001,-0.027468000000000003,10.492776000000001,7.969619169875909,7.969619169875909,7.969619169875909,7.969619169875909,-0.006981317007977318,0.03577924966588375,-0.008552113334772213,-44.0,7.99,87.3,1,1,100.0,4,0.02,2.375,-0.0,52.6483983,9.7457394,32.230000000000004,31.580000000000002,52.6483943,9.7457418,0.02548180707911721,-0.030543261909900768,4.240102884795024,-1.1300000000000001,-2.2,0.01,2.3738923,0.021841476,0.07199584
0 days 00:00:06.230000,-0.00011792765216177902,-9.707976,0.129492,9.73152,7.615265297389817,7.615265297389817,7.615265297389817,7.615265297389817,-0.003490658503988659,0.004537856055185257,-0.007504915783575617,-45.0,7.99,83.1,1,1,100.0,4,0.015,2.305,-0.01,52.6483983,9.7457394,32.230000000000004,31.580000000000002,52.6483941,9.745741599999999,0.02548180707911721,-0.030892327760299633,4.240102884795024,-1.1300000000000001,-2.2,0.01,2.3035913,0.017063791,0.08078217
0 days 00:00:06.240000,-0.00011792765216177902,-8.726976,0.7416360000000001,9.327348,7.240853658536586,7.240853658536586,7.240853658536586,7.240853658536586,-0.004537856055185257,-0.011519173063162576,-0.005585053606381855,-47.0,7.99,84.3,1,1,100.0,4,0.015,2.21,-0.015,52.6483983,9.7457394,32.230000000000004,31.580000000000002,52.648393899999995,9.7457415,0.02548180707911721,-0.030892327760299633,4.239928351869825,-1.1300000000000001,-2.2,0.01,2.2084823,0.017116364,0.082844816
0 days 00:00:06.250000,-0.00011792765216177902,-6.972948000000001,0.302148,9.680508000000001,6.980102695763799,6.980102695763799,6.980102695763799,6.980102695763799,-0.00471238898038469,0.00017453292519943296,-0.0020943951023931952,-48.0,7.99,85.5,1,1,100.0,4,0.02,2.125,-0.01,52.6483983,9.7457394,32.230000000000004,31.580000000000002,52.6483937,9.745741299999999,0.02530727415391778,-0.030892327760299633,4.239928351869825,-1.1300000000000001,-2.2,0.01,2.123677,0.021907406,0.075100675
0 days 00:00:06.260000,-0.00023585530432355804,-6.9219360000000005,0.26290800000000003,9.641268,6.939987163029525,6.939987163029525,6.939987163029525,6.939987163029525,-0.0017453292519943296,0.016406094968746697,0.0015707963267948967,-45.0,7.99,86.55,1,1,100.0,4,0.02,2.06,-0.01,52.6483983,9.7457394,32.230000000000004,31.580000000000002,52.6483935,9.7457412,0.02530727415391778,-0.030892327760299633,4.239928351869825,-1.1300000000000001,-2.2,0.01,2.058708,0.021856602,0.07309363
0 days 00:00:06.270000,-0.00023585530432355804,-7.844076000000001,0.357084,9.248868000000002,6.839698331193837,6.839698331193837,6.839698331193837,6.839698331193837,0.0008726646259971648,0.019722220547535925,0.00471238898038469,-40.0,7.99,87.6,1,1,100.0,4,0.02,1.995,-0.01,52.6483973,9.7457386,32.230000000000004,31.580000000000002,52.648393399999996,9.7457411,0.02530727415391778,-0.031066860685499065,4.239928351869825,-0.96,-1.93,-0.01,1.9937266,0.021814603,0.07143446
0 days 00:00:06.280000,-0.0003537829564853371,-7.844076000000001,0.604296,9.688356,6.471972614462987,6.471972614462987,6.471972614462987,6.471972614462987,0.0017453292519943296,0.027925268031909273,0.007330382858376183,-36.0,7.99,90.3,1,1,100.0,4,0.02,1.92,-0.01,52.6483973,9.7457386,32.230000000000004,31.580000000000002,52.6483932,9.7457409,0.02530727415391778,-0.031241393610698498,4.239928351869825,-0.96,-1.93,-0.01,1.9187506,0.021764128,0.06944034
0 days 00:00:06.290000,-0.0003537829564853371,-8.075592,0.16480800000000004,10.237716,6.4452289259734705,6.4452289259734705,6.4452289259734705,6.4452289259734705,0.0020943951023931952,0.02775073510670984,0.009599310885968814,-34.0,7.99,93.0,1,1,100.0,4,0.025,1.84,-0.01,52.6483973,9.7457386,32.230000000000004,31.580000000000002,52.6483931,9.7457408,0.02530727415391778,-0.031415926535897934,4.239928351869825,-0.96,-1.93,-0.01,1.8387779,0.026707415,0.06713654
0 days 00:00:06.300000,-0.0004717106086471161,-8.758368,-0.011772000000000001,9.857088000000003,6.124304664099272,6.124304664099272,6.124304664099272,6.124304664099272,0.003490658503988659,0.014311699866353502,0.010995574287564275,-31.0,7.99,90.3,1,1,100.0,4,0.025,1.7650000000000001,-0.015,52.6483973,9.7457386,32.230000000000004,31.580000000000002,52.6483929,9.745740699999999,0.02530727415391778,-0.0317649923862968,4.240102884795024,-0.96,-1.93,-0.01,1.7636333,0.02678984,0.07039285
0 days 00:00:06.310000,-0.0004717106086471161,-8.825076000000001,0.3924,9.621648,5.749893025246043,5.749893025246043,5.749893025246043,5.749893025246043,0.004363323129985824,0.02181661564992912,0.010995574287564275,-26.0,7.99,87.6,1,1,100.0,4,0.02,1.68,-0.02,52.6483973,9.7457386,32.230000000000004,31.580000000000002,52.648392799999996,9.7457406,0.02548180707911721,-0.031939525311496235,4.240277417720224,-0.96,-1.93,-0.01,1.6785043,0.02186976,0.07310558
0 days 00:00:06.320000,-0.0004717106086471161,-8.934948,0.20404800000000003,9.413676,5.38885323063757,5.38885323063757,5.38885323063757,5.38885323063757,0.0036651914291880917,0.010821041362364843,0.011693705988362009,-21.0,7.99,88.35,1,1,100.0,4,0.025,1.595,-0.02,52.648396399999996,9.745738,32.22,31.580000000000002,52.6483926,9.7457405,0.02548180707911721,-0.032114058236695664,4.240277417720224,-0.79,-1.61,0.01,1.5935354,0.026806064,0.070542715
0 days 00:00:06.330000,-0.0005896382608088951,-8.342424000000001,0.17265600000000003,9.570636,5.38885323063757,5.38885323063757,5.38885323063757,5.38885323063757,0.002967059728390361,0.007155849933176751,0.012217304763960306,-16.0,7.99,89.1,1,1,100.0,4,0.02,1.51,-0.02,52.648396399999996,9.745738,32.22,31.580000000000002,52.6483925,9.745740399999999,0.02548180707911721,-0.0322885911618951,4.240451950645423,-0.79,-1.61,0.01,1.5085673,0.021744857,0.06820498
0 days 00:00:06.340000,-0.0007075659129706742,-8.02458,0.33354000000000006,9.704052,5.034499358151476,5.034499358151476,5.034499358151476,5.034499358151476,0.0017453292519943296,0.015707963267948967,0.012042771838760874,-14.0,7.99,88.64999999999999,1,1,100.0,4,0.02,1.43,-0.02,52.648396399999996,9.745738,32.22,31.580000000000002,52.6483924,9.7457403,0.02548180707911721,-0.0322885911618951,4.240626483570622,-0.79,-1.61,0.01,1.4286089,0.021679055,0.06562317
0 days 00:00:06.350000,-0.0007075659129706742,-8.471916,0.047088000000000005,9.433296,4.680145485665383,4.680145485665383,4.680145485665383,4.680145485665383,0.0036651914291880917,0.014486232791552938,0.012042771838760874,-12.0,7.99,88.19999999999999,1,1,100.0,4,0.02,1.35,-0.02,52.648396399999996,9.745738,32.22,31.580000000000002,52.6483923,9.7457402,0.02548180707911721,-0.03246312408709453,4.240626483570622,-0.79,-1.61,0.01,1.3486396,0.021619247,0.063276686
0 days 00:00:06.360000,-0.0007075659129706742,-8.236476,0.39632400000000007,9.327348,4.305733846812152,4.305733846812152,4.305733846812152,4.305733846812152,-0.0015707963267948967,0.01937315469713706,0.010995574287564275,-12.0,7.99,88.79999999999998,1,1,100.0,4,0.02,1.27,-0.02,52.648396399999996,9.745738,32.22,31.580000000000002,52.648392199999996,9.745740099999999,0.025656340004316644,-0.032637657012293965,4.240801016495822,-0.79,-1.61,0.01,1.2686709,0.02156936,0.060898528
0 days 00:00:06.370000,-0.0007075659129706742,-8.413056000000001,0.24721200000000002,9.676584000000002,4.305733846812152,4.305733846812152,4.305733846812152,4.305733846812152,-0.005061454830783556,0.023736477827122886,0.009948376736367679,-12.0,7.99,89.39999999999999,1,1,100.0,4,0.02,1.19,-0.015,52.648395799999996,9.7457374,32.24,31.57,52.648392099999995,9.74574,0.02548180707911721,-0.0328121899374934,4.240975549421021,-0.63,-1.3,0.03,1.1888674,0.021370176,0.053504307
0 days 00:00:06.380000,-0.0007075659129706742,-8.707356,0.10202400000000002,9.900252000000002,4.305733846812152,4.305733846812152,4.305733846812152,4.305733846812152,-0.0041887902047863905,0.013264502315156903,0.008203047484373348,-13.0,7.99,89.39999999999999,1,1,100.0,4,0.02,1.11,-0.02,52.648395799999996,9.7457374,32.24,31.57,52.648391999999994,9.74574,0.02548180707911721,-0.03298672286269283,4.240975549421021,-0.63,-1.3,0.03,1.1087366,0.021435563,0.056069784
0 days 00:00:06.390000,-0.0007075659129706742,-8.558244,0.231516,9.554940000000002,3.8644629867351306,3.8644629867351306,3.8644629867351306,3.8644629867351306,-0.004014257279586958,0.003316125578789226,0.007330382858376183,-13.0,7.99,89.39999999999999,1,1,100.0,4,0.02,1.025,-0.025,52.648395799999996,9.7457374,32.24,31.57,52.6483919,9.7457399,0.02548180707911721,-0.033161255787892266,4.241150082346221,-0.63,-1.3,0.03,1.0236076,0.021496015,0.058441583
0 days 00:00:06.400000,-0.0007075659129706742,-8.134452000000001,0.18835200000000002,9.590256,3.8644629867351306,3.8644629867351306,3.8644629867351306,3.8644629867351306,-0.0031415926535897933,0.012042771838760874,0.004537856055185257,-13.0,7.99,89.39999999999999,1,1,100.0,4,0.02,0.9450000000000001,-0.025,52.648395799999996,9.7457374,32.24,31.57,52.6483918,9.745739799999999,0.02548180707911721,-0.033161255787892266,4.241150082346221,-0.63,-1.3,0.03,0.94365156,0.021428432,0.055790033
0 days 00:00:06.410000,-0.0007075659129706742,-8.522928,0.36493200000000003,9.523548,3.3763906718014547,3.3763906718014547,3.3763906718014547,3.3763906718014547,-0.002617993877991494,0.004014257279586958,0.003490658503988659,-13.0,7.99,89.39999999999999,1,1,100.0,4,0.02,0.865,-0.025,52.648395799999996,9.7457374,32.24,31.580000000000002,52.6483917,9.745739799999999,0.02548180707911721,-0.033335788713091695,4.241150082346221,-0.63,-1.3,0.03,0.8636862,0.021364693,0.053289175
0 days 00:00:06.420000,-0.0007075659129706742,-8.326728000000001,0.317844,9.39798,3.3763906718014547,3.3763906718014547,3.3763906718014547,3.3763906718014547,-0.0013962634015954637,-0.0041887902047863905,0.0031415926535897933,-13.0,7.99,89.39999999999999,1,1,100.0,4,0.02,0.785,-0.025,52.6483953,9.745736899999999,32.25,31.57,52.6483917,9.7457397,0.02530727415391778,-0.033335788713091695,4.241150082346221,-0.425,-0.9,0.015,0.7837307,0.021287922,0.050627388
0 days 00:00:06.430000,-0.0007075659129706742,-7.844076000000001,0.33354000000000006,9.464688,3.3763906718014547,3.3763906718014547,3.3763906718014547,3.3763906718014547,-0.004014257279586958,0.010122909661567111,0.0013962634015954637,-13.0,7.99,89.39999999999999,1,1,100.0,4,0.02,0.705,-0.02,52.6483953,9.745736899999999,32.25,31.57,52.6483916,9.7457397,0.02530727415391778,-0.033335788713091695,4.24132461527142,-0.425,-0.9,0.015,0.7039417,0.021093998,0.04296625
0 days 00:00:06.440000,-0.0007075659129706742,-8.440524000000002,0.28645200000000004,9.374436000000001,2.7412280701754383,2.7412280701754383,2.7412280701754383,2.7412280701754383,-0.005759586531581288,0.011868238913561443,0.00034906585039886593,-13.0,7.99,89.39999999999999,1,1,100.0,4,0.02,0.63,-0.02,52.6483953,9.745736899999999,32.25,31.57,52.6483916,9.7457396,0.02530727415391778,-0.033335788713091695,4.24132461527142,-0.425,-0.9,0.015,0.6289834,0.021030743,0.04046733
0 days 00:00:06.450000,-0.0007075659129706742,-8.754444000000001,0.29430000000000006,9.252792000000001,2.7412280701754383,2.7412280701754383,2.7412280701754383,2.7412280701754383,-0.005585053606381855,0.0010471975511965976,-0.0012217304763960308,-13.0,7.99,89.39999999999999,1,1,100.0,4,0.02,0.545,-0.02,52.6483953,9.745736899999999,32.25,31.57,52.648391499999995,9.7457396,0.02530727415391778,-0.033510321638291124,4.24132461527142,-0.425,-0.9,0.015,0.544024,0.020961456,0.03773014
0 days 00:00:06.460000,-0.0007075659129706742,-8.271792000000001,0.180504,9.547092000000001,2.7412280701754383,2.7412280701754383,2.7412280701754383,2.7412280701754383,-0.004537856055185257,0.002967059728390361,-0.0027925268031909274,-12.0,7.99,89.39999999999999,1,1,100.0,4,0.025,0.465,-0.015,52.6483953,9.745736899999999,32.25,31.57,52.648391499999995,9.7457396,0.025132741228718343,-0.033510321638291124,4.24132461527142,-0.425,-0.9,0.015,0.46423638,0.025760358,0.029933056
0 days 00:00:06.470000,-0.0007075659129706742,-8.256096000000001,0.145188,9.637344,2.4403615746683784,2.4403615746683784,2.4403615746683784,2.4403615746683784,-0.0022689280275926286,0.0041887902047863905,-0.004537856055185257,-12.0,7.99,89.39999999999999,1,1,100.0,4,0.02,0.385,-0.015,52.648395,9.7457367,32.25,31.57,52.648391399999994,9.745739499999999,0.025132741228718343,-0.033510321638291124,4.241150082346221,-0.23500000000000001,-0.465,0.01,0.38428128,0.020694578,0.027379228
0 days 00:00:06.480000,-0.0007075659129706742,-8.39736,0.153036,9.366588000000002,1.8185708172871202,1.8185708172871202,1.8185708172871202,1.8185708172871202,-0.0013962634015954637,-0.0038397243543875246,-0.006283185307179587,-11.0,7.99,89.25,1,1,100.0,4,0.02,0.305,-0.02,52.648395,9.7457367,32.25,31.57,52.648391399999994,9.745739499999999,0.025132741228718343,-0.03368485456349056,4.241150082346221,-0.23500000000000001,-0.465,0.01,0.30415344,0.020754134,0.029748434
0 days 00:00:06.490000,-0.0007075659129706742,-8.016732000000001,0.21189600000000003,9.394056,1.805198973042362,1.805198973042362,1.805198973042362,1.805198973042362,0.00034906585039886593,-0.0054105206811824215,-0.007853981633974483,-11.0,7.99,89.1,1,1,100.0,4,0.02,0.225,-0.015,52.648395,9.7457367,32.25,31.57,52.648391399999994,9.745739499999999,0.025132741228718343,-0.033510321638291124,4.241150082346221,-0.23500000000000001,-0.465,0.01,0.22437112,0.020559866,0.022020273
0 days 00:00:06.500000,-0.0007075659129706742,-7.828380000000001,0.21189600000000003,9.405828000000001,1.7918271287976035,1.7918271287976035,1.7918271287976035,1.7918271287976035,0.0010471975511965976,-0.003316125578789226,-0.008377580409572781,-10.0,7.99,89.1,1,1,100.0,4,0.02,0.145,-0.015,52.648395,9.7457367,32.25,31.57,52.648391399999994,9.745739499999999,0.025132741228718343,-0.033510321638291124,4.240975549421021,-0.23500000000000001,-0.465,0.01,0.14441603,0.020492509,0.019340796
0 days 00:00:06.510000,-0.0007075659129706742,-7.800912,0.153036,9.339120000000001,1.7918271287976035,1.7918271287976035,1.7918271287976035,1.7918271287976035,0.0005235987755982988,-0.0036651914291880917,-0.00890117918517108,-9.0,7.99,89.1,1,1,100.0,4,0.02,0.07,-0.015,52.648395,9.7457367,32.25,31.57,52.6483913,9.745739499999999,0.025132741228718343,-0.033510321638291124,4.240975549421021,-0.23500000000000001,-0.465,0.01,0.069458134,0.020429362,0.016828785
0 days 00:00:06.520000,-0.0007075659129706742,-7.812684,0.21582000000000004,9.319500000000001,1.7918271287976035,1.7918271287976035,1.7918271287976035,1.7918271287976035,-0.0005235987755982988,0.0008726646259971648,-0.009250245035569947,-9.0,7.99,88.95,1,1,100.0,4,0.02,-0.005,-0.01,52.6483948,9.7457365,32.25,31.57,52.6483913,9.745739499999999,0.025132741228718343,-0.033510321638291124,4.240801016495822,-0.04,-0.12,-0.02,-0.0053322334,0.020240633,0.009321161
0 days 00:00:06.530000,-0.0007075659129706742,-7.820532000000001,0.32176800000000005,9.405828000000001,1.6113072314933676,1.6113072314933676,1.6113072314933676,1.6113072314933676,-0.002967059728390361,-0.0019198621771937623,-0.009599310885968814,-1.0,7.99,88.8,1,1,100.0,4,0.02,-0.08,-0.01,52.6483948,9.7457365,32.25,31.57,52.6483913,9.745739499999999,0.025132741228718343,-0.033510321638291124,4.240801016495822,-0.04,-0.12,-0.02,-0.080290124,0.020177485,0.00680915
0 days 00:00:06.540000,-0.000825493565132453,-7.224084000000001,0.24328800000000003,9.723672,1.3104407359863073,1.3104407359863073,1.3104407359863073,1.3104407359863073,-0.002617993877991494,-0.015184364492350668,-0.009075712110370514,-1.0,7.99,88.65,1,1,100.0,4,0.02,-0.155,-0.005,52.6483948,9.7457365,32.25,31.57,52.6483913,9.745739499999999,0.025132741228718343,-0.033510321638291124,4.240626483570622,-0.04,-0.12,-0.02,-0.1550805,0.01998876,-0.0006984747
0 days 00:00:06.550000,-0.000825493565132453,-6.066504000000001,0.24328800000000003,9.813924,1.2101519041506206,1.2101519041506206,1.2101519041506206,1.2101519041506206,-0.002967059728390361,-0.030019663134302467,-0.006981317007977318,-1.0,7.99,88.5,1,1,100.0,4,0.02,-0.22,-0.01,52.6483948,9.7457365,32.25,31.57,52.648391399999994,9.745739499999999,0.025132741228718343,-0.033335788713091695,4.240451950645423,-0.04,-0.12,-0.02,-0.22021107,0.020060578,0.0021584851
0 days 00:00:06.560000,-0.000825493565132453,-4.591080000000001,0.27468000000000004,10.119996,1.1165489944373128,1.1165489944373128,1.1165489944373128,1.1165489944373128,-0.00471238898038469,-0.03892084231947355,-0.005235987755982988,-1.0,7.99,88.19999999999999,1,1,100.0,4,0.02,-0.28,-0.01,52.6483948,9.7457365,32.25,31.57,52.648391399999994,9.745739499999999,0.02495820830351891,-0.03298672286269283,4.240451950645423,-0.04,-0.12,-0.02,-0.28017747,0.020012736,0.00026060326
0 days 00:00:06.570000,-0.0009434212172942321,-3.5198280000000004,0.3296160000000001,10.229868,1.0363179289687634,1.0363179289687634,1.0363179289687634,1.0363179289687634,-0.006108652381980153,-0.05131268000863328,-0.0022689280275926286,-1.0,7.99,87.89999999999999,1,1,100.0,4,0.02,-0.32,-0.015,52.6483949,9.745736599999999,32.26,31.57,52.648391399999994,9.7457396,0.02495820830351891,-0.032637657012293965,4.240451950645423,0.115,0.24,-0.0,-0.32031906,0.020107314,0.004049286
0 days 00:00:06.580000,-0.0009434212172942321,-2.303388,0.306072,10.218096000000001,0.9995453572956781,0.9995453572956781,0.9995453572956781,0.9995453572956781,-0.007679448708775049,-0.06265732014659643,0.0012217304763960308,-1.0,7.99,87.44999999999999,1,1,100.0,4,0.02,-0.355,-0.02,52.6483949,9.745736599999999,32.26,31.57,52.648391399999994,9.7457396,0.02495820830351891,-0.032114058236695664,4.240277417720224,0.115,0.24,-0.0,-0.35545912,0.020208169,0.008089368
0 days 00:00:06.590000,-0.0009434212172942321,-0.9496080000000001,0.20012400000000002,10.461384,0.962772785622593,0.962772785622593,0.962772785622593,0.962772785622593,-0.008203047484373348,-0.06073745796940267,0.0038397243543875246,-1.0,7.99,87.0,1,1,100.0,4,0.02,-0.375,-0.025,52.6483949,9.745736599999999,32.26,31.57,52.648391499999995,9.7457396,0.024783675378319478,-0.031415926535897934,4.240277417720224,0.115,0.24,-0.0,-0.37560022,0.020321183,0.012708949
0 days 00:00:06.600000,-0.0010613488694560112,-0.290376,0.33354000000000006,10.441764000000001,0.8959135643988018,0.8959135643988018,0.8959135643988018,0.8959135643988018,-0.009250245035569947,-0.06178465552059926,0.006283185307179587,0.0,7.99,86.4,1,1,100.0,4,0.02,-0.38,-0.03,52.6483949,9.745736599999999,32.26,31.57,52.648391499999995,9.7457396,0.024783675378319478,-0.030892327760299633,4.240277417720224,0.115,0.24,-0.0,-0.3807453,0.020446077,0.01774724
0 days 00:00:06.610000,-0.0010613488694560112,0.4316400000000001,0.15696000000000002,11.144160000000001,0.8491121095421481,0.8491121095421481,0.8491121095421481,0.8491121095421481,-0.006981317007977318,-0.058468529941810045,0.007330382858376183,0.0,7.99,85.8,1,1,100.0,4,0.02,-0.38,-0.04,52.6483949,9.745736599999999,32.26,31.57,52.648391499999995,9.7457397,0.024609142453120045,-0.0301941960595019,4.240451950645423,0.115,0.24,-0.0,-0.38103437,0.020695472,0.02800895
0 days 00:00:06.620000,-0.0011792765216177901,0.9064440000000001,0.266832,10.61442,0.7555091998288403,0.7555091998288403,0.7555091998288403,0.7555091998288403,-0.006632251157578452,-0.07452555906015788,0.009250245035569947,1.0,7.99,84.44999999999999,1,1,100.0,4,0.02,-0.37,-0.05,52.648395099999995,9.7457365,32.29,31.560000000000002,52.648391499999995,9.7457397,0.024609142453120045,-0.029670597283903602,4.240451950645423,0.265,0.55,0.06,-0.3713205,0.02095364,0.03849754
0 days 00:00:06.630000,-0.0011792765216177901,2.370096,0.21974400000000002,10.885176000000001,0.7187366281557552,0.7187366281557552,0.7187366281557552,0.7187366281557552,-0.0038397243543875246,-0.060562925044203235,0.008028514559173916,2.0,7.99,83.1,1,1,100.0,4,0.02,-0.36,-0.06,52.648395099999995,9.7457365,32.29,31.560000000000002,52.6483916,9.7457397,0.024609142453120045,-0.028972465583105872,4.240451950645423,0.265,0.55,0.06,-0.36158702,0.021213109,0.049039055
0 days 00:00:06.640000,-0.0012972041737795694,1.7932680000000003,0.3296160000000001,11.018592,0.6819640564826701,0.6819640564826701,0.6819640564826701,0.6819640564826701,-0.0038397243543875246,-0.05724679946541401,0.006806784082777885,3.0,7.99,81.44999999999999,1,1,100.0,4,0.02,-0.335,-0.07,52.648395099999995,9.7457365,32.29,31.57,52.6483916,9.7457397,0.024609142453120045,-0.028274333882308142,4.240626483570622,0.265,0.55,0.06,-0.33684504,0.02148268,0.059990928
0 days 00:00:06.650000,-0.0014151318259413483,0.7416360000000001,0.16088400000000003,10.594800000000001,0.6485344458707745,0.6485344458707745,0.6485344458707745,0.6485344458707745,-0.0008726646259971648,-0.0788888821901437,0.006108652381980153,3.0,7.99,79.8,1,1,100.0,4,0.02,-0.315,-0.08,52.648395099999995,9.7457365,32.29,31.57,52.6483916,9.745739799999999,0.024434609527920616,-0.02775073510670984,4.240626483570622,0.265,0.55,0.06,-0.31709847,0.021734305,0.07071893
0 days 00:00:06.660000,-0.0014151318259413483,1.1968200000000002,-0.129492,11.356056,0.6284766795036371,0.6284766795036371,0.6284766795036371,0.6284766795036371,0.012391837689159739,-0.079412480965742,0.008028514559173916,4.0,7.99,77.69999999999999,1,1,100.0,4,0.02,-0.3,-0.09,52.648395099999995,9.7457365,32.29,31.57,52.6483916,9.745739799999999,0.024434609527920616,-0.027052603405912107,4.240626483570622,0.265,0.55,0.06,-0.30232468,0.021993859,0.0813392
0 days 00:00:06.670000,-0.0014151318259413483,1.1654280000000001,-0.23936400000000002,11.669976,0.5950470688917415,0.5950470688917415,0.5950470688917415,0.5950470688917415,0.039095375244672985,-0.09128071987930345,0.01361356816555577,3.0,7.99,75.6,1,1,100.0,4,0.015,-0.28500000000000003,-0.105,52.648396399999996,9.745737199999999,32.5,31.57,52.6483917,9.745739799999999,0.024609142453120045,-0.026179938779914945,4.240801016495822,0.33,0.675,0.05,-0.2876509,0.017394695,0.09710497
0 days 00:00:06.680000,-0.0015330594781031272,2.6447760000000002,-0.875052,12.59604,0.5683033804022251,0.5683033804022251,0.5683033804022251,0.5683033804022251,0.06789330790257941,-0.09913470151327791,0.018500490071139894,3.0,7.99,73.5,1,1,100.0,4,0.01,-0.275,-0.12,52.648396399999996,9.745737199999999,32.5,31.57,52.6483917,9.745739799999999,0.02495820830351891,-0.02530727415391778,4.240801016495822,0.33,0.675,0.05,-0.2779485,0.01281694,0.11271807
0 days 00:00:06.690000,-0.0015330594781031272,3.2843880000000008,-2.5780680000000005,17.665848000000004,0.5482456140350878,0.5482456140350878,0.5482456140350878,0.5482456140350878,0.17470745812463237,-0.06998770300497262,0.023387411976724018,2.0,7.99,71.39999999999999,1,1,100.0,4,0.0,-0.245,-0.15,52.648396399999996,9.745737199999999,32.5,31.57,52.6483917,9.745739799999999,0.025656340004316644,-0.024260076602721184,4.240975549421021,0.33,0.675,0.05,-0.24856657,0.0036944344,0.14396535
0 days 00:00:06.700000,-0.0015330594781031272,0.302148,-0.149112,11.053908000000002,0.5281878476679503,0.5281878476679503,0.5281878476679503,0.5281878476679503,0.22898719786165603,-0.14154620233674012,0.027925268031909273,2.0,7.99,69.75,1,1,100.0,4,-0.03,-0.20500000000000002,-0.225,52.648396399999996,9.745737199999999,32.5,31.57,52.6483917,9.7457399,0.027401669256310976,-0.02356194490192345,4.241150082346221,0.33,0.675,0.05,-0.21024404,-0.02395817,0.22084711
0 days 00:00:06.710000,-0.0015330594781031272,3.2922360000000004,6.376500000000001,-6.195996000000001,0.5014441591784339,0.5014441591784339,0.5014441591784339,0.5014441591784339,-0.0019198621771937623,-0.23631758072003223,0.010297442586766544,1.0,7.99,68.1,1,1,100.0,4,-0.035,-0.2,-0.24,52.648396399999996,9.745737199999999,32.5,31.57,52.6483918,9.7457399,0.029845130209103034,-0.022165681500327987,4.24149914819662,0.33,0.675,0.05,-0.2052702,-0.027956683,0.23644783
0 days 00:00:06.720000,-0.0015330594781031272,8.648496000000002,0.047088000000000005,12.71376,0.4981011981172443,0.4981011981172443,0.4981011981172443,0.4981011981172443,0.02234021442552742,0.05235987755982988,0.0024434609527920616,1.0,7.99,67.35,1,1,100.0,4,0.03,-0.17,-0.08,52.6483966,9.745737199999999,32.52,31.580000000000002,52.6483918,9.7457399,0.029845130209103034,-0.019896753472735357,4.24149914819662,0.27,0.525,0.055,-0.171558,0.032272495,0.075672604
0 days 00:00:06.730000,-0.0015330594781031272,-2.366172,-0.306072,11.022516000000001,0.4947582370560547,0.4947582370560547,0.4947582370560547,0.4947582370560547,0.014137166941154071,-0.08726646259971647,0.002967059728390361,0.0,7.99,66.6,1,1,100.0,4,0.025,-0.08,-0.105,52.6483966,9.745737199999999,32.52,31.580000000000002,52.6483918,9.7457399,0.030019663134302467,-0.020420352248333655,4.24149914819662,0.27,0.525,0.055,-0.0821273,0.02809064,0.10254765
0 days 00:00:06.740000,-0.0015330594781031272,0.51012,-0.125568,7.310412000000001,0.4613286264441592,0.4613286264441592,0.4613286264441592,0.4613286264441592,0.00645771823237902,-0.22043508452688382,0.006108652381980153,0.0,7.99,66.15,1,1,100.0,4,0.02,-0.1,-0.12,52.6483966,9.745737199999999,32.52,31.580000000000002,52.6483918,9.7457399,0.0301941960595019,-0.019547687622336492,4.24149914819662,0.27,0.525,0.055,-0.102326475,0.023553934,0.11736484
0 days 00:00:06.750000,-0.0015330594781031272,7.565472000000001,0.37670400000000004,10.688976000000002,0.44127086007702176,0.44127086007702176,0.44127086007702176,0.44127086007702176,0.003490658503988659,-0.031939525311496235,-0.0010471975511965976,0.0,7.99,65.7,1,1,100.0,4,0.015,-0.095,-0.095,52.6483966,9.745737199999999,32.52,31.580000000000002,52.6483918,9.7457399,0.0301941960595019,-0.017278759594743863,4.24149914819662,0.27,0.525,0.055,-0.09662722,0.017811194,0.09284903
0 days 00:00:06.760000,-0.0015330594781031272,0.03531600000000001,0.42379200000000006,10.692900000000002,0.4212130937098844,0.4212130937098844,0.4212130937098844,0.4212130937098844,0.0015707963267948967,-0.05969026041820607,-0.0017453292519943296,0.0,7.99,65.7,1,1,100.0,4,0.015,-0.02,-0.1,52.6483966,9.745737199999999,32.52,31.580000000000002,52.6483918,9.7457399,0.0301941960595019,-0.016929693744344994,4.24149914819662,0.27,0.525,0.055,-0.021690022,0.01800147,0.09914883
0 days 00:00:06.770000,-0.0015330594781031272,-0.7730280000000002,0.16088400000000003,7.651800000000001,0.41787013264869494,0.41787013264869494,0.41787013264869494,0.41787013264869494,0.0012217304763960308,-0.18919369091618532,0.0020943951023931952,0.0,7.99,65.7,1,1,100.0,4,0.015,-0.015,-0.11,52.6483967,9.7457371,32.53,31.580000000000002,52.6483918,9.7457399,0.0301941960595019,-0.0164060949687467,4.24149914819662,0.14,0.33,0.135,-0.01680257,0.018306144,0.10923625
0 days 00:00:06.780000,-0.0015330594781031272,5.8310640000000005,0.298224,9.841392,0.4145271715875053,0.4145271715875053,0.4145271715875053,0.4145271715875053,-0.0022689280275926286,-0.06178465552059926,-0.0031415926535897933,0.0,7.99,65.7,1,1,100.0,4,0.015,-0.02,-0.09,52.6483967,9.7457371,32.53,31.580000000000002,52.6483918,9.7457399,0.030368728984701335,-0.014486232791552936,4.24132461527142,0.14,0.33,0.135,-0.021301618,0.017716765,0.08920403
0 days 00:00:06.790000,-0.0015330594781031272,1.377324,0.251136,10.606572000000002,0.39781236628155753,0.39781236628155753,0.39781236628155753,0.39781236628155753,-0.005585053606381855,-0.031415926535897934,-0.005759586531581288,0.0,7.99,65.7,1,1,100.0,4,0.015,0.035,-0.09,52.6483967,9.7457371,32.53,31.580000000000002,52.6483918,9.7457399,0.0301941960595019,-0.013962634015954637,4.24132461527142,0.14,0.33,0.135,0.03373999,0.017724715,0.089985825
0 days 00:00:06.800000,-0.0015330594781031272,-1.6402320000000001,0.066708,8.02458,0.38109756097560976,0.38109756097560976,0.38109756097560976,0.38109756097560976,-0.006806784082777885,-0.1439896632895322,-0.0015707963267948967,0.0,7.99,65.7,1,1,100.0,4,0.015,0.05,-0.095,52.6483967,9.7457371,32.53,31.580000000000002,52.6483918,9.7457399,0.0301941960595019,-0.013613568165555772,4.24132461527142,0.14,0.33,0.135,0.048702117,0.017881459,0.0951754
0 days 00:00:06.810000,-0.001650987130264906,3.2529960000000004,0.32176800000000005,8.726976,0.3744116388532306,0.3744116388532306,0.3744116388532306,0.3744116388532306,-0.00890117918517108,-0.07819075048934597,-0.004014257279586958,0.0,7.99,65.7,1,1,100.0,4,0.015,0.035,-0.08,52.6483967,9.7457371,32.53,31.580000000000002,52.6483918,9.7457399,0.0301941960595019,-0.012217304763960308,4.241150082346221,0.14,0.33,0.135,0.03402003,0.017421061,0.07993212
0 days 00:00:06.820000,-0.001650987130264906,1.6166880000000001,0.28252800000000006,10.116072,0.3677257167308515,0.3677257167308515,0.3677257167308515,0.3677257167308515,-0.009948376736367679,-0.01308996938995747,-0.006806784082777885,0.0,7.99,65.7,1,1,100.0,4,0.015,0.07,-0.065,52.6483965,9.7457357,32.75,31.59,52.6483918,9.7457399,0.030019663134302467,-0.011344640137963142,4.241150082346221,0.075,0.1,-0.035,0.06925811,0.016967935,0.06531005
0 days 00:00:06.830000,-0.001650987130264906,-2.205288,0.18835200000000002,8.452296,0.36103979460847235,0.36103979460847235,0.36103979460847235,0.36103979460847235,-0.00890117918517108,-0.09128071987930345,-0.0036651914291880917,0.0,7.99,65.7,1,1,100.0,4,0.015,0.09,-0.07,52.6483965,9.7457357,32.75,31.59,52.6483918,9.7457399,0.030019663134302467,-0.01117010721276371,4.240975549421021,0.075,0.1,-0.035,0.08921249,0.017124344,0.0705187
0 days 00:00:06.840000,-0.001650987130264906,0.6003720000000001,0.306072,8.209008,0.3476679503637142,0.3476679503637142,0.3476679503637142,0.3476679503637142,-0.006981317007977318,-0.0762708883121522,-0.003316125578789226,0.0,7.99,65.7,1,1,100.0,4,0.015,0.065,-0.055,52.6483965,9.7457357,32.75,31.59,52.6483918,9.7457399,0.029845130209103034,-0.010297442586766544,4.240975549421021,0.075,0.1,-0.035,0.06443021,0.016654445,0.055194005
0 days 00:00:06.850000,-0.001650987130264906,0.80442,0.894672,8.126604,0.3376390671801455,0.3376390671801455,0.3376390671801455,0.3376390671801455,-0.020420352248333655,-0.012042771838760874,-0.006632251157578452,0.0,7.99,65.7,1,1,100.0,4,0.015,0.075,-0.04,52.6483965,9.7457357,32.75,31.59,52.6483918,9.7457399,0.029845130209103034,-0.009599310885968814,4.240975549421021,0.075,0.1,-0.035,0.07461258,0.016208377,0.04025235
0 days 00:00:06.860000,-0.001650987130264906,-1.8011160000000002,1.4126400000000003,5.685876,0.3276101839965768,0.3276101839965768,0.3276101839965768,0.3276101839965768,-0.062482787221396996,-0.054977871437821374,-0.009773843811168246,0.0,7.99,65.85,1,1,100.0,4,0.02,0.08,-0.025,52.6483965,9.7457357,32.75,31.59,52.6483918,9.7457399,0.029670597283903602,-0.00942477796076938,4.240801016495822,0.075,0.1,-0.035,0.07976083,0.020755189,0.025148202
0 days 00:00:06.870000,-0.001650987130264906,-0.062784,0.039240000000000004,9.244944,0.32092426187419765,0.32092426187419765,0.32092426187419765,0.32092426187419765,-0.05881759579220891,-0.014835298641951801,-0.008726646259971648,0.0,7.99,66.0,1,1,100.0,4,0.035,0.065,0.015,52.648396399999996,9.7457357,32.75,31.59,52.6483918,9.7457399,0.028972465583105872,-0.00890117918517108,4.240801016495822,-0.03,-0.08,0.05,0.065130934,0.03456756,-0.015428678
0 days 00:00:06.880000,-0.001650987130264906,-1.310616,-0.1962,10.021896000000002,0.30755241762943947,0.30755241762943947,0.30755241762943947,0.30755241762943947,-0.0439822971502571,0.005235987755982988,-0.007330382858376183,0.0,7.99,66.14999999999999,1,1,100.0,4,0.03,0.065,0.025,52.648396399999996,9.7457357,32.75,31.59,52.6483918,9.7457399,0.028448866807507574,-0.008726646259971648,4.240626483570622,-0.03,-0.08,0.05,0.065215684,0.029292896,-0.025275288
0 days 00:00:06.890000,-0.001650987130264906,-2.7468000000000004,-0.4434120000000001,9.766836000000001,0.3008664955070603,0.3008664955070603,0.3008664955070603,0.3008664955070603,-0.01308996938995747,-0.02426007660272118,-0.0015707963267948967,0.0,7.99,66.3,1,1,100.0,4,0.025,0.055,0.02,52.648396399999996,9.7457357,32.75,31.59,52.6483918,9.7457399,0.027925268031909273,-0.008726646259971648,4.240626483570622,-0.03,-0.08,0.05,0.055172436,0.024445243,-0.02020971
0 days 00:00:06.900000,-0.0015330594781031272,-1.2556800000000001,0.28252800000000006,8.067744000000001,0.29418057338468123,0.29418057338468123,0.29418057338468123,0.29418057338468123,-0.010821041362364843,-0.02076941809873252,0.0,0.0,7.99,66.44999999999999,1,1,100.0,4,0.02,0.025,0.02,52.648396399999996,9.7457357,32.75,31.59,52.6483918,9.7457399,0.02775073510670984,-0.008552113334772215,4.240451950645423,-0.03,-0.08,0.05,0.025170125,0.019443309,-0.020332793
0 days 00:00:06.910000,-0.0015330594781031272,-0.317844,0.36493200000000003,8.938872,0.29083761232349165,0.29083761232349165,0.29083761232349165,0.29083761232349165,-0.013962634015954637,0.03089232776029963,-0.0022689280275926286,0.0,7.99,66.6,1,1,100.0,4,0.02,0.015,0.04,52.648396399999996,9.7457357,32.75,31.59,52.6483918,9.7457399,0.02775073510670984,-0.008377580409572781,4.240451950645423,-0.03,-0.08,0.05,0.015334573,0.018885938,-0.040412523
0 days 00:00:06.920000,-0.0015330594781031272,-2.1542760000000003,0.41202000000000005,8.479764000000001,0.2874946512623021,0.2874946512623021,0.2874946512623021,0.2874946512623021,-0.020245819323134222,0.014137166941154071,-0.0024434609527920616,0.0,7.99,66.74999999999999,1,1,100.0,4,0.02,0.01,0.045,52.6483965,9.7457356,32.76,31.59,52.6483918,9.745739799999999,0.02757620218151041,-0.008726646259971648,4.240451950645423,-0.07,-0.17500000000000002,0.015,0.010392313,0.018754076,-0.0454454
0 days 00:00:06.930000,-0.0015330594781031272,-1.542132,0.023544000000000002,9.052668,0.2741228070175439,0.2741228070175439,0.2741228070175439,0.2741228070175439,-0.013788101090755204,0.008726646259971648,-0.00034906585039886593,0.0,7.99,66.89999999999999,1,1,100.0,4,0.025,-0.01,0.06,52.6483965,9.7457356,32.76,31.59,52.6483918,9.745739799999999,0.027401669256310976,-0.008726646259971648,4.240451950645423,-0.07,-0.17500000000000002,0.015,-0.0094760265,0.023344394,-0.060747378
0 days 00:00:06.940000,-0.0015330594781031272,-0.788724,0.3924,8.7309,0.2741228070175439,0.2741228070175439,0.2741228070175439,0.2741228070175439,-0.015184364492350668,0.032114058236695664,-0.0005235987755982988,0.0,7.99,67.05,1,1,100.0,4,0.02,-0.025,0.07,52.6483965,9.7457356,32.76,31.59,52.6483918,9.745739799999999,0.027227136331111543,-0.00890117918517108,4.240451950645423,-0.07,-0.17500000000000002,0.015,-0.024375936,0.01808094,-0.070738204
0 days 00:00:06.950000,-0.0014151318259413483,-1.161504,0.502272,8.550396000000001,0.2741228070175439,0.2741228070175439,0.2741228070175439,0.2741228070175439,-0.02565634000431664,0.038571776469074684,-0.0012217304763960308,0.0,7.99,67.2,1,1,100.0,4,0.02,-0.03,0.08,52.6483965,9.7457356,32.76,31.59,52.6483918,9.745739799999999,0.027052603405912107,-0.009250245035569947,4.240451950645423,-0.07,-0.17500000000000002,0.015,-0.029258708,0.017821323,-0.08078569
0 days 00:00:06.960000,-0.0014151318259413483,-1.3498560000000002,0.8240400000000001,8.071668,0.26743688489516476,0.26743688489516476,0.26743688489516476,0.26743688489516476,-0.040491638646268445,0.031241393610698498,-0.0019198621771937623,0.0,7.99,67.35,1,1,100.0,4,0.025,-0.04,0.09,52.6483965,9.7457356,32.76,31.59,52.6483918,9.7457399,0.026878070480712675,-0.009599310885968814,4.240451950645423,-0.07,-0.17500000000000002,0.015,-0.03913423,0.022562027,-0.09101905
0 days 00:00:06.970000,-0.0014151318259413483,-0.7102440000000001,1.043784,7.659648000000001,0.2607509627727856,0.2607509627727856,0.2607509627727856,0.2607509627727856,-0.06457718232379019,0.03665191429188092,-0.0038397243543875246,0.0,7.99,67.5,1,1,100.0,4,0.03,-0.055,0.11,52.648396399999996,9.7457356,32.76,31.59,52.6483918,9.745739799999999,0.026354471705114377,-0.009948376736367679,4.240451950645423,-0.085,-0.16,-0.06,-0.053902976,0.02707665,-0.11129387
0 days 00:00:06.980000,-0.0014151318259413483,0.129492,-0.357084,11.316816,0.2540650406504065,0.2540650406504065,0.2540650406504065,0.2540650406504065,-0.05462880558742251,0.08011061266653972,-0.0031415926535897933,0.0,7.99,67.5,1,1,100.0,4,0.04,-0.06,0.13,52.648396399999996,9.7457356,32.76,31.59,52.6483918,9.745739799999999,0.025830872929516076,-0.010297442586766544,4.240451950645423,-0.085,-0.16,-0.06,-0.05865818,0.036613233,-0.13160048
0 days 00:00:06.990000,-0.0014151318259413483,-2.134656,-1.0791000000000002,13.059072000000002,0.2540650406504065,0.2540650406504065,0.2540650406504065,0.2540650406504065,0.0017453292519943296,0.06597344572538566,0.003490658503988659,0.0,7.99,67.5,1,1,100.0,4,0.035,-0.06,0.115,52.648396399999996,9.7457356,32.76,31.59,52.6483918,9.7457399,0.02530727415391778,-0.010995574287564275,4.240451950645423,-0.085,-0.16,-0.06,-0.05873191,0.032062247,-0.1165014
0 days 00:00:07,-0.0014151318259413483,-1.722636,0.21582000000000004,8.570016,0.24737911852802735,0.24737911852802735,0.24737911852802735,0.24737911852802735,0.004537856055185257,-0.00034906585039886593,0.006632251157578452,0.0,7.99,67.64999999999999,1,1,100.0,4,0.02,-0.08,0.08,52.648396399999996,9.7457356,32.76,31.59,52.6483918,9.7457399,0.02530727415391778,-0.011693705988362009,4.240451950645423,-0.085,-0.16,-0.06,-0.07905906,0.017945696,-0.08141018
0 days 00:00:07.010000,-0.0014151318259413483,2.1032640000000002,0.39632400000000007,10.280880000000002,0.23400727428326917,0.23400727428326917,0.23400727428326917,0.23400727428326917,0.0019198621771937623,0.08726646259971647,0.004014257279586958,0.0,7.99,67.8,1,1,100.0,4,0.02,-0.095,0.095,52.648396399999996,9.7457356,32.76,31.59,52.6483918,9.7457399,0.02530727415391778,-0.011693705988362009,4.240451950645423,-0.085,-0.16,-0.06,-0.09388263,0.017561715,-0.0965797
0 days 00:00:07.020000,-0.0012972041737795694,-1.208592,0.20404800000000003,10.524168,0.23400727428326917,0.23400727428326917,0.23400727428326917,0.23400727428326917,0.0012217304763960308,0.07243116395776468,0.004537856055185257,0.0,7.99,67.8,1,1,100.0,4,0.02,-0.07,0.09,52.6483966,9.7457353,32.8,31.59,52.6483918,9.745739799999999,0.02530727415391778,-0.012566370614359171,4.240626483570622,-0.05,-0.06,-0.105,-0.068863526,0.017694106,-0.09134951
0 days 00:00:07.030000,-0.0012972041737795694,-1.0516320000000001,0.192276,9.150768000000001,0.23066431322207961,0.23066431322207961,0.23066431322207961,0.23066431322207961,0.00017453292519943296,0.014835298641951801,0.005934119456780722,0.0,7.99,67.8,1,1,100.0,4,0.02,-0.08,0.08,52.6483966,9.7457353,32.8,31.59,52.6483918,9.7457399,0.02530727415391778,-0.013264502315156905,4.240626483570622,-0.05,-0.06,-0.105,-0.07893183,0.017942557,-0.08153422
0 days 00:00:07.040000,-0.0012972041737795694,2.2563000000000004,0.3531600000000001,10.535940000000002,0.22732135216089003,0.22732135216089003,0.22732135216089003,0.22732135216089003,-0.0022689280275926286,0.08063421144213802,0.003490658503988659,0.0,7.99,67.8,1,1,100.0,4,0.02,-0.09,0.09,52.6483966,9.7457353,32.8,31.59,52.6483918,9.7457399,0.02530727415391778,-0.013439035240356337,4.240626483570622,-0.05,-0.06,-0.105,-0.0887824,0.017685784,-0.09167824
0 days 00:00:07.050000,-0.0012972041737795694,-0.231516,0.223668,10.728216000000002,0.22063543003851088,0.22063543003851088,0.22063543003851088,0.22063543003851088,-0.0019198621771937623,0.06667157742618339,0.0027925268031909274,0.0,7.99,67.8,1,1,100.0,4,0.02,-0.07,0.08,52.6483966,9.7457353,32.8,31.59,52.6483918,9.7457399,0.02530727415391778,-0.014311699866353503,4.240801016495822,-0.05,-0.06,-0.105,-0.06884794,0.017944086,-0.08147375
0 days 00:00:07.060000,-0.0012972041737795694,-0.31392000000000003,0.20404800000000003,9.65304,0.2139495079161318,0.2139495079161318,0.2139495079161318,0.2139495079161318,-0.0005235987755982988,0.01832595714594046,0.0038397243543875246,0.0,7.99,67.8,1,1,100.0,4,0.02,-0.07,0.075,52.6483966,9.7457353,32.8,31.59,52.6483918,9.7457399,0.02530727415391778,-0.015009831567151233,4.240801016495822,-0.05,-0.06,-0.105,-0.068866424,0.01806938,-0.076523945
0 days 00:00:07.070000,-0.0012972041737795694,2.181744,0.192276,10.900872,0.2106065468549422,0.2106065468549422,0.2106065468549422,0.2106065468549422,0.002967059728390361,0.07278022980816354,0.0013962634015954637,0.0,7.99,67.8,1,1,100.0,4,0.02,-0.07,0.075,52.6483966,9.7457353,32.8,31.59,52.6483919,9.7457399,0.02530727415391778,-0.015184364492350668,4.240801016495822,-0.01,0.0,-0.06,-0.06885315,0.018069077,-0.07653596
0 days 00:00:07.080000,-0.0012972041737795694,0.15696000000000002,0.42771600000000004,10.363284,0.20726358579375265,0.20726358579375265,0.20726358579375265,0.20726358579375265,-0.004014257279586958,0.05864306286700947,0.00034906585039886593,0.0,7.99,67.8,1,1,100.0,4,0.02,-0.045,0.065,52.6483966,9.7457353,32.8,31.59,52.6483919,9.7457399,0.02530727415391778,-0.0158824961931484,4.240801016495822,-0.01,0.0,-0.06,-0.043962006,0.018330922,-0.06619154
0 days 00:00:07.090000,-0.0012972041737795694,0.149112,0.223668,10.233792000000001,0.20726358579375265,0.20726358579375265,0.20726358579375265,0.20726358579375265,-0.00034906585039886593,0.026703537555513242,0.0006981317007977319,0.0,7.99,67.8,1,1,100.0,4,0.02,-0.045,0.06,52.6483966,9.7457353,32.8,31.59,52.6483919,9.7457399,0.02530727415391778,-0.0164060949687467,4.240801016495822,-0.01,0.0,-0.06,-0.044009622,0.018456845,-0.061216813
0 days 00:00:07.100000,-0.0012972041737795694,1.7108640000000002,0.38847600000000004,10.543788000000001,0.20726358579375265,0.20726358579375265,0.20726358579375265,0.20726358579375265,-0.0013962634015954637,0.05707226654021458,-0.0012217304763960308,0.0,7.99,67.8,1,1,100.0,4,0.02,-0.04,0.055,52.6483966,9.7457353,32.8,31.59,52.6483919,9.7457399,0.02530727415391778,-0.016755160819145562,4.240801016495822,-0.01,0.0,-0.06,-0.039072894,0.01858508,-0.056150723
0 days 00:00:07.110000,-0.0012972041737795694,0.51012,0.23936400000000002,10.885176000000001,0.20726358579375265,0.20726358579375265,0.20726358579375265,0.20726358579375265,-0.0020943951023931952,0.05759586531581287,-0.0022689280275926286,0.0,7.99,67.8,1,1,100.0,4,0.02,-0.02,0.045,52.6483966,9.7457353,32.8,31.580000000000002,52.6483919,9.7457399,0.02530727415391778,-0.017278759594743863,4.240801016495822,-0.01,0.0,-0.06,-0.019219508,0.018846314,-0.045830417
0 days 00:00:07.120000,-0.0012972041737795694,-0.090252,0.1962,10.280880000000002,0.20726358579375265,0.20726358579375265,0.20726358579375265,0.20726358579375265,-0.0015707963267948967,0.020594885173533087,-0.0019198621771937623,0.0,7.99,67.65,1,1,100.0,4,0.02,-0.015,0.035,52.6483966,9.7457353,32.79,31.59,52.6483919,9.745739799999999,0.025132741228718343,-0.01780235837034216,4.240801016495822,0.025,-0.005,-0.1,-0.014374574,0.01910756,-0.035752945
0 days 00:00:07.130000,-0.0012972041737795694,1.377324,0.290376,10.673280000000002,0.20726358579375265,0.20726358579375265,0.20726358579375265,0.20726358579375265,-0.0006981317007977319,0.039968039870670144,-0.0031415926535897933,0.0,7.99,67.5,1,1,100.0,4,0.02,-0.015,0.03,52.6483966,9.7457353,32.79,31.59,52.6483919,9.745739799999999,0.025132741228718343,-0.017976891295541596,4.240801016495822,0.025,-0.005,-0.1,-0.014458298,0.019233126,-0.030757835
0 days 00:00:07.140000,-0.0014151318259413483,0.517968,0.17658000000000004,10.995048,0.19389174154899444,0.19389174154899444,0.19389174154899444,0.19389174154899444,-0.0005235987755982988,0.04590215932745086,-0.0038397243543875246,0.0,7.99,67.35000000000001,1,1,100.0,4,0.02,0.005,0.025,52.6483966,9.7457353,32.79,31.59,52.6483919,9.7457399,0.025132741228718343,-0.018500490071139894,4.240801016495822,0.025,-0.005,-0.1,0.0054616304,0.019367862,-0.025397964
0 days 00:00:07.150000,-0.0014151318259413483,-0.3296160000000001,0.14126400000000003,10.253412000000003,0.19389174154899444,0.19389174154899444,0.19389174154899444,0.19389174154899444,-0.0012217304763960308,0.011519173063162576,-0.0036651914291880917,0.0,7.99,67.2,1,1,100.0,4,0.02,0.01,0.01,52.6483966,9.7457353,32.79,31.59,52.6483919,9.7457399,0.025132741228718343,-0.01884955592153876,4.240801016495822,0.025,-0.005,-0.1,0.0101867085,0.019747164,-0.010309244
0 days 00:00:07.160000,-0.0014151318259413483,0.9221400000000001,0.23936400000000002,10.414296000000002,0.19389174154899444,0.19389174154899444,0.19389174154899444,0.19389174154899444,-0.0020943951023931952,0.024783675378319478,-0.004537856055185257,0.0,7.99,67.05,1,1,100.0,4,0.02,0.01,0.005,52.6483966,9.7457353,32.79,31.59,52.6483919,9.7457399,0.025132741228718343,-0.019024088846738195,4.240801016495822,0.025,-0.005,-0.1,0.010093305,0.019872837,-0.005309949
0 days 00:00:07.170000,-0.0014151318259413483,0.1962,0.1962,10.704672,0.1872058194266153,0.1872058194266153,0.1872058194266153,0.1872058194266153,-0.0024434609527920616,0.030717794835100197,-0.0041887902047863905,0.0,7.99,66.89999999999999,1,1,100.0,4,0.02,0.02,-0.0,52.6483967,9.7457353,32.8,31.59,52.6483919,9.745739799999999,0.025132741228718343,-0.019198621771937627,4.240626483570622,0.01,-0.04,-0.06,0.019996313,0.020003332,-0.000118774326
0 days 00:00:07.180000,-0.0014151318259413483,-0.6513840000000001,0.16480800000000004,10.143540000000002,0.18051989730423618,0.18051989730423618,0.18051989730423618,0.18051989730423618,-0.0031415926535897933,0.0038397243543875246,-0.003490658503988659,0.0,7.99,66.75,1,1,100.0,4,0.015,0.025,-0.01,52.6483967,9.7457353,32.8,31.59,52.6483919,9.745739799999999,0.025132741228718343,-0.019547687622336492,4.240626483570622,0.01,-0.04,-0.06,0.02479976,0.0152587965,0.010106487
0 days 00:00:07.190000,-0.0014151318259413483,0.20404800000000003,0.20404800000000003,10.304424000000001,0.17717693624304662,0.17717693624304662,0.17717693624304662,0.17717693624304662,-0.0031415926535897933,0.013788101090755204,-0.0036651914291880917,0.0,7.99,66.6,1,1,100.0,4,0.015,0.02,-0.01,52.6483967,9.7457353,32.8,31.59,52.6483919,9.745739799999999,0.025132741228718343,-0.019547687622336492,4.240626483570622,0.01,-0.04,-0.06,0.019800715,0.01525634,0.010008786
0 days 00:00:07.200000,-0.0014151318259413483,-0.47480400000000006,0.1962,10.410372000000002,0.1738339751818571,0.1738339751818571,0.1738339751818571,0.1738339751818571,-0.0027925268031909274,0.016057029118347832,-0.002967059728390361,0.0,7.99,66.6,1,1,100.0,4,0.015,0.025,-0.015,52.6483967,9.7457353,32.8,31.59,52.6483919,9.745739799999999,0.02495820830351891,-0.019722220547535925,4.240626483570622,0.01,-0.04,-0.06,0.024699325,0.015381893,0.015110947
0 days 00:00:07.210000,-0.0014151318259413483,-1.0516320000000001,0.184428,9.919872000000002,0.1738339751818571,0.1738339751818571,0.1738339751818571,0.1738339751818571,-0.0024434609527920616,-0.004537856055185257,-0.0017453292519943296,0.0,13.09,66.6,1,1,100.0,4,0.015,0.02,-0.02,52.6483967,9.7457353,32.8,31.59,52.6483919,9.745739799999999,0.02495820830351891,-0.019896753472735357,4.240626483570622,0.01,-0.04,-0.06,0.019598132,0.015504272,0.020013263
0 days 00:00:07.220000,-0.0014151318259413483,-0.349236,0.20012400000000002,10.080756000000001,0.1738339751818571,0.1738339751818571,0.1738339751818571,0.1738339751818571,-0.0024434609527920616,0.004886921905584123,-0.0013962634015954637,0.0,13.09,66.6,1,1,100.0,4,0.015,0.01,-0.025,52.6483967,9.7457354,32.79,31.59,52.6483919,9.745739799999999,0.02495820830351891,-0.019896753472735357,4.240451950645423,-0.035,-0.06,-0.025,0.009500635,0.01562406,0.024811825
0 days 00:00:07.230000,-0.0014151318259413483,-0.8907480000000001,0.192276,10.143540000000002,0.1738339751818571,0.1738339751818571,0.1738339751818571,0.1738339751818571,-0.0019198621771937623,0.0038397243543875246,-0.0005235987755982988,0.0,13.09,66.6,1,1,100.0,4,0.015,0.01,-0.025,52.6483967,9.7457354,32.79,31.59,52.6483919,9.745739799999999,0.02495820830351891,-0.019896753472735357,4.240451950645423,-0.035,-0.06,-0.025,0.009500635,0.01562406,0.024811825
0 days 00:00:07.240000,-0.0014151318259413483,-1.192896,0.184428,9.672660000000002,0.16046213093709882,0.16046213093709882,0.16046213093709882,0.16046213093709882,-0.0012217304763960308,-0.013439035240356337,0.0008726646259971648,0.0,13.09,66.6,1,1,100.0,4,0.015,0.005,-0.03,52.6483967,9.7457354,32.79,31.59,52.6483919,9.745739799999999,0.02495820830351891,-0.019896753472735357,4.240451950645423,-0.035,-0.06,-0.025,0.004402147,0.01574633,0.02970983
0 days 00:00:07.250000,-0.0012972041737795694,-0.521892,0.22759200000000002,9.798228,0.16046213093709882,0.16046213093709882,0.16046213093709882,0.16046213093709882,-0.0006981317007977319,-0.0020943951023931952,0.0010471975511965976,0.0,13.09,66.6,1,1,100.0,4,0.015,-0.005,-0.03,52.6483967,9.7457354,32.79,31.59,52.6483919,9.745739799999999,0.02495820830351891,-0.019896753472735357,4.240451950645423,-0.035,-0.06,-0.025,-0.0055958736,0.015741365,0.02951094
0 days 00:00:07.260000,-0.0012972041737795694,-1.0751760000000001,0.1962,9.857088000000003,0.16046213093709882,0.16046213093709882,0.16046213093709882,0.16046213093709882,0.00034906585039886593,-0.0017453292519943296,0.0017453292519943296,0.0,13.09,66.6,1,1,100.0,4,0.01,-0.01,-0.03,52.6483967,9.7457354,32.79,31.59,52.6483919,9.745739799999999,0.02495820830351891,-0.019722220547535925,4.240451950645423,-0.035,-0.06,-0.025,-0.010589683,0.010740487,0.02953812
0 days 00:00:07.270000,-0.0012972041737795694,-1.3066920000000002,0.192276,9.468612,0.16046213093709882,0.16046213093709882,0.16046213093709882,0.16046213093709882,0.0015707963267948967,-0.016755160819145562,0.0027925268031909274,0.0,13.09,66.6,1,1,100.0,4,0.01,-0.02,-0.03,52.6483966,9.7457353,32.8,31.6,52.6483919,9.745739799999999,0.02495820830351891,-0.019722220547535925,4.240451950645423,-0.045,-0.07,0.06,-0.020587739,0.010735565,0.029340971
0 days 00:00:07.280000,-0.0012972041737795694,-0.6278400000000001,0.24721200000000002,9.629496000000001,0.15377620881471973,0.15377620881471973,0.15377620881471973,0.15377620881471973,0.0017453292519943296,-0.005759586531581288,0.002967059728390361,0.0,13.09,66.6,1,1,100.0,4,0.01,-0.03,-0.025,52.6483966,9.7457353,32.8,31.6,52.6483919,9.745739799999999,0.02495820830351891,-0.019547687622336492,4.240451950645423,-0.045,-0.07,0.06,-0.03048293,0.010606023,0.024151674
0 days 00:00:07.290000,-0.0012972041737795694,-1.043784,0.20797200000000002,9.735444000000001,0.15377620881471973,0.15377620881471973,0.15377620881471973,0.15377620881471973,0.0027925268031909274,-0.004886921905584123,0.0031415926535897933,0.0,13.09,66.6,1,1,100.0,4,0.01,-0.035,-0.025,52.6483966,9.7457353,32.8,31.6,52.6483919,9.745739799999999,0.02495820830351891,-0.019547687622336492,4.240626483570622,-0.045,-0.07,0.06,-0.035481974,0.010603583,0.024053972
0 days 00:00:07.300000,-0.0012972041737795694,-1.2556800000000001,0.21582000000000004,9.448992,0.15377620881471973,0.15377620881471973,0.15377620881471973,0.15377620881471973,0.0036651914291880917,-0.017453292519943295,0.0036651914291880917,0.0,13.09,66.6,1,1,100.0,4,0.01,-0.04,-0.025,52.6483966,9.7457353,32.8,31.6,52.6483919,9.745739799999999,0.02495820830351891,-0.019547687622336492,4.240626483570622,-0.045,-0.07,0.06,-0.04048102,0.010601144,0.023956269
0 days 00:00:07.310000,-0.0012972041737795694,-0.671004,0.23936400000000002,9.554940000000002,0.15377620881471973,0.15377620881471973,0.15377620881471973,0.15377620881471973,0.0041887902047863905,-0.00942477796076938,0.003316125578789226,0.0,13.09,66.6,1,1,100.0,4,0.01,-0.055,-0.02,52.6483966,9.7457353,32.8,31.6,52.6483919,9.745739799999999,0.02495820830351891,-0.01937315469713706,4.240626483570622,-0.045,-0.07,0.06,-0.05537712,0.010469315,0.018675338
0 days 00:00:07.320000,-0.0012972041737795694,-0.8985960000000001,0.22759200000000002,9.692280000000002,0.15377620881471973,0.15377620881471973,0.15377620881471973,0.15377620881471973,0.0041887902047863905,-0.007330382858376183,0.0036651914291880917,0.0,13.09,66.6,1,1,100.0,4,0.01,-0.06,-0.02,52.6483967,9.7457354,32.8,31.6,52.6483919,9.745739799999999,0.025132741228718343,-0.019198621771937627,4.240626483570622,-0.03,-0.035,0.015,-0.06037289,0.010470405,0.018587215
0 days 00:00:07.330000,-0.0012972041737795694,-1.0163160000000002,0.21582000000000004,9.511776000000001,0.15377620881471973,0.15377620881471973,0.15377620881471973,0.15377620881471973,0.00471238898038469,-0.017627825445142728,0.003316125578789226,0.0,13.09,66.6,1,1,100.0,4,0.01,-0.065,-0.015,52.6483967,9.7457354,32.8,31.6,52.6483919,9.745739799999999,0.025132741228718343,-0.019198621771937627,4.240626483570622,-0.03,-0.035,0.015,-0.06527598,0.010342366,0.013493759
0 days 00:00:07.340000,-0.0014151318259413483,-0.463032,0.223668,9.613800000000001,0.1404043645699615,0.1404043645699615,0.1404043645699615,0.1404043645699615,0.005235987755982988,-0.011519173063162576,0.0027925268031909274,0.0,13.09,66.6,1,1,100.0,4,0.01,-0.075,-0.015,52.6483967,9.7457354,32.8,31.6,52.6483919,9.745739799999999,0.025132741228718343,-0.019024088846738195,4.240626483570622,-0.03,-0.035,0.015,-0.07527177,0.0103378715,0.013314978
0 days 00:00:07.350000,-0.0014151318259413483,-0.5729040000000001,0.22759200000000002,9.696204000000002,0.1404043645699615,0.1404043645699615,0.1404043645699615,0.1404043645699615,0.005061454830783556,-0.009599310885968814,0.0024434609527920616,0.0,13.09,66.6,1,1,100.0,4,0.01,-0.075,-0.01,52.6483967,9.7457354,32.8,31.6,52.6483919,9.745739799999999,0.02530727415391778,-0.01884955592153876,4.240626483570622,-0.03,-0.035,0.015,-0.075175166,0.010214028,0.008328796
0 days 00:00:07.360000,-0.0014151318259413483,-0.6160680000000002,0.23544,9.554940000000002,0.1404043645699615,0.1404043645699615,0.1404043645699615,0.1404043645699615,0.00471238898038469,-0.016755160819145562,0.0024434609527920616,0.0,13.09,66.6,1,1,100.0,4,0.01,-0.08,-0.01,52.6483967,9.7457354,32.8,31.6,52.6483919,9.745739799999999,0.02530727415391778,-0.01884955592153876,4.240801016495822,-0.03,-0.035,0.015,-0.080174275,0.010211643,0.008234584
0 days 00:00:07.370000,-0.0014151318259413483,-0.16480800000000004,0.266832,9.711900000000002,0.13706140350877194,0.13706140350877194,0.13706140350877194,0.13706140350877194,0.004014257279586958,-0.010297442586766544,0.0015707963267948967,0.0,13.09,66.6,1,1,100.0,4,0.01,-0.085,-0.01,52.6483967,9.7457354,32.81,31.6,52.648391999999994,9.745739799999999,0.02530727415391778,-0.018675022996339326,4.240801016495822,0.02,0.02,0.055,-0.08517192,0.010209633,0.008155233
0 days 00:00:07.380000,-0.0014151318259413483,-0.3531600000000001,0.251136,9.794304,0.13371844244758238,0.13371844244758238,0.13371844244758238,0.13371844244758238,0.003490658503988659,-0.010122909661567111,0.0015707963267948967,0.0,13.09,66.6,1,1,100.0,4,0.01,-0.085,-0.01,52.6483967,9.7457354,32.81,31.6,52.648391999999994,9.745739799999999,0.02530727415391778,-0.018500490071139894,4.240801016495822,0.02,0.02,0.055,-0.085170455,0.010210009,0.008170093
0 days 00:00:07.390000,-0.0014151318259413483,-0.298224,0.27075600000000005,9.645192000000002,0.13371844244758238,0.13371844244758238,0.13371844244758238,0.13371844244758238,0.002967059728390361,-0.017278759594743863,0.0015707963267948967,0.0,13.09,66.6,1,1,100.0,4,0.01,-0.085,-0.01,52.6483967,9.7457354,32.81,31.6,52.648391999999994,9.745739799999999,0.02548180707911721,-0.018500490071139894,4.240801016495822,0.02,0.02,0.055,-0.085170455,0.010211435,0.008168311
0 days 00:00:07.400000,-0.0014151318259413483,0.1962,0.29430000000000006,9.833544,0.13371844244758238,0.13371844244758238,0.13371844244758238,0.13371844244758238,0.0024434609527920616,-0.010122909661567111,0.0010471975511965976,0.0,13.09,66.6,1,1,100.0,4,0.01,-0.085,-0.005,52.6483967,9.7457354,32.81,31.6,52.648391999999994,9.745739799999999,0.02548180707911721,-0.01832595714594046,4.240801016495822,0.02,0.02,0.055,-0.08507735,0.010084441,0.0031856333
0 days 00:00:07.410000,-0.0014151318259413483,0.027468000000000003,0.27075600000000005,9.923796000000001,0.13371844244758238,0.13371844244758238,0.13371844244758238,0.13371844244758238,0.0022689280275926286,-0.010122909661567111,0.0008726646259971648,0.0,13.09,66.6,1,1,100.0,4,0.01,-0.08,-0.005,52.6483967,9.7457354,32.81,31.6,52.648391999999994,9.745739799999999,0.02548180707911721,-0.01815142422074103,4.240801016495822,0.02,0.02,0.055,-0.08007757,0.010087131,0.0032912
0 days 00:00:07.420000,-0.0014151318259413483,0.066708,0.27075600000000005,9.770760000000001,0.13371844244758238,0.13371844244758238,0.13371844244758238,0.13371844244758238,0.0017453292519943296,-0.016406094968746697,0.0010471975511965976,0.0,13.09,66.6,1,1,100.0,4,0.01,-0.08,-0.01,52.6483968,9.7457353,32.82,31.61,52.648391999999994,9.745739799999999,0.02548180707911721,-0.01815142422074103,4.240801016495822,0.03,0.055,0.02,-0.08016832,0.010214505,0.008288753
0 days 00:00:07.430000,-0.0014151318259413483,0.5415120000000001,0.290376,9.896328000000002,0.13371844244758238,0.13371844244758238,0.13371844244758238,0.13371844244758238,0.0010471975511965976,-0.009773843811168246,0.00034906585039886593,0.0,13.09,66.6,1,1,100.0,4,0.01,-0.075,-0.005,52.6483968,9.7457353,32.82,31.61,52.648391999999994,9.745739799999999,0.02548180707911721,-0.017976891295541596,4.240801016495822,0.03,0.055,0.02,-0.07507776,0.010089777,0.003395022
0 days 00:00:07.440000,-0.0014151318259413483,0.349236,0.25506,9.959112000000001,0.13371844244758238,0.13371844244758238,0.13371844244758238,0.13371844244758238,0.0012217304763960308,-0.008377580409572781,0.00017453292519943296,0.0,13.09,66.45,1,1,100.0,4,0.01,-0.07,-0.01,52.6483968,9.7457353,32.82,31.61,52.648391999999994,9.745739799999999,0.02548180707911721,-0.01780235837034216,4.240801016495822,0.03,0.055,0.02,-0.07016693,0.010219754,0.0084946845
0 days 00:00:07.450000,-0.0014151318259413483,0.32569200000000004,0.27468000000000004,9.806076000000001,0.13371844244758238,0.13371844244758238,0.13371844244758238,0.13371844244758238,0.00017453292519943296,-0.014137166941154071,-0.00017453292519943296,0.0,13.09,66.3,1,1,100.0,4,0.01,-0.065,-0.01,52.6483968,9.7457353,32.82,31.61,52.648391999999994,9.745739799999999,0.02548180707911721,-0.01780235837034216,4.240801016495822,0.03,0.055,0.02,-0.06516772,0.0102220215,0.008583662
0 days 00:00:07.460000,-0.0014151318259413483,0.7063200000000002,0.24721200000000002,10.002276000000002,0.13371844244758238,0.13371844244758238,0.13371844244758238,0.13371844244758238,0.0006981317007977319,-0.00645771823237902,-0.0010471975511965976,0.0,13.09,66.3,1,1,100.0,4,0.01,-0.06,-0.01,52.6483968,9.7457353,32.82,31.61,52.648391999999994,9.745739799999999,0.02548180707911721,-0.017627825445142728,4.240801016495822,0.03,0.055,0.02,-0.060166944,0.0102245575,0.008683138
0 days 00:00:07.470000,-0.0014151318259413483,0.43948800000000005,0.23936400000000002,9.990504,0.13371844244758238,0.13371844244758238,0.13371844244758238,0.13371844244758238,0.0,-0.005061454830783556,-0.0015707963267948967,0.0,13.09,66.3,1,1,100.0,4,0.01,-0.05,-0.01,52.6483968,9.7457354,32.82,31.61,52.648391999999994,9.745739799999999,0.02548180707911721,-0.017627825445142728,4.240801016495822,0.035,0.1,-0.05,-0.0501685,0.010229048,0.008859349
0 days 00:00:07.480000,-0.0014151318259413483,0.33746400000000004,0.23936400000000002,9.841392,0.13371844244758238,0.13371844244758238,0.13371844244758238,0.13371844244758238,0.00017453292519943296,-0.012391837689159739,-0.0015707963267948967,0.0,13.09,66.0,1,1,100.0,4,0.01,-0.045,-0.01,52.6483968,9.7457354,32.82,31.61,52.648391999999994,9.745739799999999,0.02548180707911721,-0.017453292519943295,4.240801016495822,0.035,0.1,-0.05,-0.04516767,0.010231495,0.008955337
0 days 00:00:07.490000,-0.0014151318259413483,0.7259400000000001,0.251136,9.955188000000001,0.13371844244758238,0.13371844244758238,0.13371844244758238,0.13371844244758238,-0.00034906585039886593,-0.0031415926535897933,-0.0019198621771937623,0.0,13.09,65.7,1,1,100.0,4,0.01,-0.04,-0.015,52.6483968,9.7457354,32.82,31.61,52.648391999999994,9.745739799999999,0.02548180707911721,-0.017453292519943295,4.240626483570622,0.035,0.1,-0.05,-0.040255696,0.010361093,0.014040186
0 days 00:00:07.500000,-0.0014151318259413483,0.37670400000000004,0.23936400000000002,9.990504,0.13371844244758238,0.13371844244758238,0.13371844244758238,0.13371844244758238,-0.0005235987755982988,-0.0020943951023931952,-0.0022689280275926286,0.0,13.09,65.55,1,1,100.0,4,0.01,-0.03,-0.015,52.6483968,9.7457354,32.82,31.61,52.648391999999994,9.745739799999999,0.02548180707911721,-0.017278759594743863,4.240626483570622,0.035,0.1,-0.05,-0.03025469,0.010365675,0.014219933
0 days 00:00:07.510000,-0.0014151318259413483,0.24328800000000003,0.258984,9.719748000000001,0.12034659820282413,0.12034659820282413,0.12034659820282413,0.12034659820282413,-0.0010471975511965976,-0.008552113334772213,-0.0019198621771937623,0.0,13.09,65.39999999999999,1,1,100.0,4,0.01,-0.025,-0.015,52.6483968,9.7457354,32.82,31.61,52.648391999999994,9.745739799999999,0.02548180707911721,-0.017278759594743863,4.240626483570622,0.035,0.1,-0.05,-0.025255438,0.010367877,0.014306294
0 days 00:00:07.520000,-0.0014151318259413483,0.5375880000000001,0.29430000000000006,9.892404,0.12034659820282413,0.12034659820282413,0.12034659820282413,0.12034659820282413,-0.0008726646259971648,0.0017453292519943296,-0.0022689280275926286,0.0,13.09,65.25,1,1,100.0,4,0.01,-0.02,-0.015,52.6483968,9.7457354,32.81,31.61,52.648392099999995,9.745739799999999,0.02548180707911721,-0.017278759594743863,4.240626483570622,0.04,0.035,-0.04,-0.020256182,0.010370078,0.014392655
0 days 00:00:07.530000,-0.0014151318259413483,0.10202400000000002,0.251136,9.813924,0.12034659820282413,0.12034659820282413,0.12034659820282413,0.12034659820282413,-0.0005235987755982988,0.0005235987755982988,-0.0019198621771937623,0.0,13.09,65.1,1,1,100.0,4,0.01,-0.015,-0.015,52.6483968,9.7457354,32.81,31.61,52.648392099999995,9.745739799999999,0.02548180707911721,-0.017278759594743863,4.240626483570622,0.04,0.035,-0.04,-0.015256929,0.010372279,0.014479017
0 days 00:00:07.540000,-0.0014151318259413483,0.039240000000000004,0.25506,9.704052,0.12034659820282413,0.12034659820282413,0.12034659820282413,0.12034659820282413,-0.0008726646259971648,-0.0015707963267948967,-0.0010471975511965976,0.0,13.09,64.95,1,1,100.0,4,0.01,-0.01,-0.015,52.6483968,9.7457354,32.81,31.61,52.648392099999995,9.745739799999999,0.02548180707911721,-0.017278759594743863,4.240626483570622,0.04,0.035,-0.04,-0.010257675,0.01037448,0.014565378
0 days 00:00:07.550000,-0.0014151318259413483,0.15696000000000002,0.278604,9.766836000000001,0.12034659820282413,0.12034659820282413,0.12034659820282413,0.12034659820282413,-0.0006981317007977319,0.0054105206811824215,-0.0010471975511965976,0.0,13.09,64.8,1,1,100.0,4,0.01,-0.01,-0.015,52.6483968,9.7457354,32.81,31.61,52.648392099999995,9.745739799999999,0.02548180707911721,-0.017278759594743863,4.240626483570622,0.04,0.035,-0.04,-0.010257675,0.01037448,0.014565378
0 days 00:00:07.560000,-0.0014151318259413483,-0.20797200000000002,0.27468000000000004,9.739368,0.12034659820282413,0.12034659820282413,0.12034659820282413,0.12034659820282413,-0.0005235987755982988,0.004886921905584123,-0.0005235987755982988,0.0,13.09,64.65,1,1,100.0,4,0.01,-0.005,-0.015,52.6483968,9.7457354,32.81,31.61,52.648392099999995,9.745739799999999,0.02548180707911721,-0.017278759594743863,4.240451950645423,0.04,0.035,-0.04,-0.005258422,0.010376681,0.01465174
0 days 00:00:07.570000,-0.0014151318259413483,-0.26290800000000003,0.23936400000000002,9.578484000000001,0.12034659820282413,0.12034659820282413,0.12034659820282413,0.12034659820282413,-0.0006981317007977319,0.0015707963267948967,0.00017453292519943296,0.0,13.09,64.5,1,1,100.0,4,0.01,-0.005,-0.015,52.6483965,9.7457354,32.77,31.62,52.648392099999995,9.745739799999999,0.02548180707911721,-0.017278759594743863,4.240451950645423,0.015,0.0,-0.01,-0.005258422,0.010376681,0.01465174
0 days 00:00:07.580000,-0.0014151318259413483,-0.11379600000000001,0.23936400000000002,9.751140000000001,0.12034659820282413,0.12034659820282413,0.12034659820282413,0.12034659820282413,-0.0005235987755982988,0.009773843811168246,0.0005235987755982988,0.0,13.09,64.35000000000001,1,1,100.0,4,0.01,-0.01,-0.01,52.6483965,9.7457354,32.77,31.62,52.648392099999995,9.745739799999999,0.02548180707911721,-0.017278759594743863,4.240451950645423,0.015,0.0,-0.01,-0.010171286,0.010247103,0.009567748
0 days 00:00:07.590000,-0.0014151318259413483,-0.49442400000000003,0.25506,9.645192000000002,0.11700363714163459,0.11700363714163459,0.11700363714163459,0.11700363714163459,-0.0010471975511965976,0.006283185307179587,0.0008726646259971648,0.0,13.09,64.2,1,1,100.0,4,0.01,-0.005,-0.01,52.6483965,9.7457354,32.77,31.62,52.648392099999995,9.745739799999999,0.02548180707911721,-0.017453292519943295,4.240451950645423,0.015,0.0,-0.01,-0.005173763,0.010249282,0.009653207
0 days 00:00:07.600000,-0.0014151318259413483,-0.4434120000000001,0.24721200000000002,9.570636,0.11366067608044501,0.11366067608044501,0.11366067608044501,0.11366067608044501,-0.0012217304763960308,0.004886921905584123,0.0013962634015954637,0.0,13.09,64.2,1,1,100.0,4,0.01,-0.01,-0.01,52.6483965,9.7457354,32.77,31.62,52.648392099999995,9.745739799999999,0.02548180707911721,-0.017453292519943295,4.240451950645423,0.015,0.0,-0.01,-0.010173001,0.010247058,0.009565973
0 days 00:00:07.610000,-0.0014151318259413483,-0.3413880000000001,0.24328800000000003,9.672660000000002,0.11366067608044501,0.11366067608044501,0.11366067608044501,0.11366067608044501,-0.0015707963267948967,0.010297442586766544,0.0015707963267948967,0.0,13.09,64.2,1,1,100.0,4,0.01,-0.015,-0.005,52.6483965,9.7457354,32.77,31.62,52.648392099999995,9.745739799999999,0.02548180707911721,-0.017627825445142728,4.240626483570622,0.015,0.0,-0.01,-0.015085803,0.010117391,0.0044784914
0 days 00:00:07.620000,-0.0014151318259413483,-0.60822,0.231516,9.629496000000001,0.11366067608044501,0.11366067608044501,0.11366067608044501,0.11366067608044501,-0.0015707963267948967,0.007155849933176751,0.0019198621771937623,0.0,13.09,64.05,1,1,100.0,4,0.01,-0.015,-0.005,52.648396399999996,9.7457348,32.88,31.62,52.648392099999995,9.7457397,0.02548180707911721,-0.017627825445142728,4.240626483570622,-0.005,-0.04,-0.01,-0.015085803,0.010117391,0.0044784914
0 days 00:00:07.630000,-0.0014151318259413483,-0.5493600000000001,0.23936400000000002,9.574560000000002,0.11366067608044501,0.11366067608044501,0.11366067608044501,0.11366067608044501,-0.0019198621771937623,0.0054105206811824215,0.0019198621771937623,0.0,13.09,63.89999999999999,1,1,100.0,4,0.01,-0.02,-0.005,52.648396399999996,9.7457348,32.88,31.62,52.648392099999995,9.7457397,0.02548180707911721,-0.01780235837034216,4.240626483570622,-0.005,-0.04,-0.01,-0.020085838,0.010115057,0.0043868814
0 days 00:00:07.640000,-0.0014151318259413483,-0.43556400000000006,0.24328800000000003,9.672660000000002,0.11366067608044501,0.11366067608044501,0.11366067608044501,0.11366067608044501,-0.0020943951023931952,0.00942477796076938,0.0020943951023931952,0.0,13.09,63.89999999999999,1,1,100.0,4,0.01,-0.02,-0.0,52.648396399999996,9.7457348,32.88,31.62,52.648392099999995,9.7457397,0.02548180707911721,-0.01780235837034216,4.240626483570622,-0.005,-0.04,-0.01,-0.019996831,0.009987682,-0.00061070325
0 days 00:00:07.650000,-0.0014151318259413483,-0.6513840000000001,0.21582000000000004,9.684432000000001,0.11366067608044501,0.11366067608044501,0.11366067608044501,0.11366067608044501,-0.0015707963267948967,0.006632251157578452,0.0020943951023931952,0.0,13.09,63.89999999999999,1,1,100.0,4,0.01,-0.025,-0.0,52.648396399999996,9.7457348,32.88,31.62,52.648392099999995,9.7457397,0.02548180707911721,-0.017976891295541596,4.240626483570622,-0.005,-0.04,-0.01,-0.02499596,0.009985303,-0.0007040427
0 days 00:00:07.660000,-0.0014151318259413483,-0.5729040000000001,0.22759200000000002,9.633420000000001,0.11366067608044501,0.11366067608044501,0.11366067608044501,0.11366067608044501,-0.0019198621771937623,0.00471238898038469,0.0024434609527920616,0.0,13.09,63.89999999999999,1,1,100.0,4,0.01,-0.03,-0.0,52.648396399999996,9.7457348,32.88,31.62,52.648392099999995,9.7457397,0.02530727415391778,-0.017976891295541596,4.240626483570622,-0.005,-0.04,-0.01,-0.02999515,0.009983151,-0.0007921507
0 days 00:00:07.670000,-0.0014151318259413483,-0.49050000000000005,0.23544,9.747216000000002,0.1069747539580659,0.1069747539580659,0.1069747539580659,0.1069747539580659,-0.0017453292519943296,0.007330382858376183,0.0019198621771937623,0.0,13.09,63.89999999999999,1,1,100.0,4,0.01,-0.03,0.005,52.648396399999996,9.7457352,33.12,31.63,52.648392099999995,9.7457397,0.02548180707911721,-0.01815142422074103,4.240626483570622,-0.04,-0.045,0.025,-0.029904306,0.009855505,-0.0057966798
0 days 00:00:07.680000,-0.0014151318259413483,-0.64746,0.21582000000000004,9.727596,0.10028883183568676,0.10028883183568676,0.10028883183568676,0.10028883183568676,-0.0013962634015954637,0.003490658503988659,0.0019198621771937623,0.0,13.09,63.89999999999999,1,1,100.0,4,0.01,-0.035,0.005,52.648396399999996,9.7457352,33.12,31.63,52.648392099999995,9.7457397,0.02530727415391778,-0.01815142422074103,4.240626483570622,-0.04,-0.045,0.025,-0.03490348,0.00985422,-0.0058856825
0 days 00:00:07.690000,-0.0014151318259413483,-0.52974,0.24721200000000002,9.73152,0.10028883183568676,0.10028883183568676,0.10028883183568676,0.10028883183568676,-0.0013962634015954637,0.0017453292519943296,0.0015707963267948967,0.0,13.09,63.89999999999999,1,1,100.0,4,0.01,-0.04,0.005,52.648396399999996,9.7457352,33.12,31.63,52.648392099999995,9.7457397,0.02530727415391778,-0.01815142422074103,4.240626483570622,-0.04,-0.045,0.025,-0.039902657,0.009851924,-0.005976406
0 days 00:00:07.700000,-0.0014151318259413483,-0.459108,0.21582000000000004,9.817848000000001,0.10028883183568676,0.10028883183568676,0.10028883183568676,0.10028883183568676,-0.0010471975511965976,0.0024434609527920616,0.0013962634015954637,0.0,13.09,63.89999999999999,1,1,100.0,4,0.01,-0.045,0.005,52.648396399999996,9.7457352,33.12,31.63,52.648392099999995,9.7457397,0.02530727415391778,-0.01815142422074103,4.240626483570622,-0.04,-0.045,0.025,-0.044901837,0.0098496275,-0.006067129
0 days 00:00:07.710000,-0.0014151318259413483,-0.5140440000000001,0.22759200000000002,9.806076000000001,0.10028883183568676,0.10028883183568676,0.10028883183568676,0.10028883183568676,-0.0005235987755982988,-0.0005235987755982988,0.0013962634015954637,0.0,13.09,63.89999999999999,1,1,100.0,4,0.01,-0.045,0.005,52.648396399999996,9.7457352,33.12,31.63,52.648392099999995,9.7457397,0.02530727415391778,-0.01832595714594046,4.240626483570622,-0.04,-0.045,0.025,-0.044900823,0.009849429,-0.006074963
0 days 00:00:07.720000,-0.0015330594781031272,-0.40417200000000003,0.223668,9.821772000000001,0.10028883183568676,0.10028883183568676,0.10028883183568676,0.10028883183568676,-0.00017453292519943296,-0.0019198621771937623,0.0010471975511965976,0.0,13.09,63.89999999999999,1,1,100.0,4,0.01,-0.045,0.005,52.648396399999996,9.7457351,33.13,31.63,52.648392099999995,9.7457397,0.02530727415391778,-0.01832595714594046,4.240626483570622,-0.015,-0.03,-0.005,-0.044900823,0.009849429,-0.006074963
0 days 00:00:07.730000,-0.0014151318259413483,-0.3296160000000001,0.231516,9.861012,0.10028883183568676,0.10028883183568676,0.10028883183568676,0.10028883183568676,0.0,-0.0019198621771937623,0.0006981317007977319,0.0,13.09,63.89999999999999,1,1,100.0,4,0.01,-0.05,0.005,52.648396399999996,9.7457351,33.13,31.63,52.648392099999995,9.7457397,0.02530727415391778,-0.01832595714594046,4.240801016495822,-0.015,-0.03,-0.005,-0.04989998,0.009847111,-0.0061665587
0 days 00:00:07.740000,-0.0015330594781031272,-0.32569200000000004,0.23936400000000002,9.853164,0.10028883183568676,0.10028883183568676,0.10028883183568676,0.10028883183568676,0.00017453292519943296,-0.004014257279586958,0.00034906585039886593,0.0,13.09,63.89999999999999,1,1,100.0,4,0.01,-0.05,0.005,52.648396399999996,9.7457351,33.13,31.63,52.648392099999995,9.7457397,0.02530727415391778,-0.01832595714594046,4.240801016495822,-0.015,-0.03,-0.005,-0.04989998,0.009847111,-0.0061665587
0 days 00:00:07.750000,-0.0015330594781031272,-0.24721200000000002,0.21189600000000003,9.900252000000002,0.10028883183568676,0.10028883183568676,0.10028883183568676,0.10028883183568676,0.0005235987755982988,-0.00471238898038469,0.00017453292519943296,0.0,13.09,63.89999999999999,1,1,100.0,4,0.01,-0.05,0.005,52.648396399999996,9.7457351,33.13,31.63,52.648392099999995,9.7457397,0.02530727415391778,-0.01815142422074103,4.240801016495822,-0.015,-0.03,-0.005,-0.049901012,0.009847331,-0.0061578522
0 days 00:00:07.760000,-0.0015330594781031272,-0.180504,0.23936400000000002,9.908100000000001,0.10028883183568676,0.10028883183568676,0.10028883183568676,0.10028883183568676,0.0006981317007977319,-0.005061454830783556,0.0,0.0,13.09,63.89999999999999,1,1,100.0,4,0.005,-0.055,-0.0,52.648396399999996,9.7457351,33.13,31.63,52.648392099999995,9.7457397,0.02530727415391778,-0.01815142422074103,4.240626483570622,-0.015,-0.03,-0.005,-0.05499094,0.004973138,-0.0011244768
0 days 00:00:07.770000,-0.0015330594781031272,-0.149112,0.22759200000000002,9.919872000000002,0.05014441591784339,0.05014441591784339,0.05014441591784339,0.05014441591784339,0.0005235987755982988,-0.006108652381980153,-0.00034906585039886593,0.0,13.09,63.89999999999999,1,1,100.0,4,0.005,-0.05,-0.0,52.648396399999996,9.7457351,33.13,31.63,52.648392099999995,9.7457397,0.02530727415391778,-0.01815142422074103,4.240626483570622,0.005,-0.01,-0.03,-0.049991764,0.0049754344,-0.0010337537
0 days 00:00:07.780000,-0.0015330594781031272,-0.08632800000000002,0.21189600000000003,9.951264,0.0,0.0,0.0,0.0,0.0008726646259971648,-0.00645771823237902,-0.00017453292519943296,0.0,13.09,63.89999999999999,1,1,100.0,4,0.005,-0.05,-0.0,52.648396399999996,9.7457351,33.13,31.63,52.648392099999995,9.7457397,0.02530727415391778,-0.01815142422074103,4.240626483570622,0.005,-0.01,-0.03,-0.049991764,0.0049754344,-0.0010337537
0 days 00:00:07.790000,-0.0015330594781031272,-0.023544000000000002,0.21974400000000002,9.935568000000002,0.0,0.0,0.0,0.0,0.0006981317007977319,-0.006806784082777885,-0.00034906585039886593,0.0,13.09,63.89999999999999,1,1,100.0,4,0.005,-0.05,-0.0,52.648396399999996,9.7457351,33.13,31.63,52.648392099999995,9.7457397,0.02530727415391778,-0.017976891295541596,4.240626483570622,0.005,-0.01,-0.03,-0.04999192,0.004975655,-0.0010250312
0 days 00:00:07.800000,-0.0015330594781031272,0.0,0.22759200000000002,9.939492000000001,0.0,0.0,0.0,0.0,0.0006981317007977319,-0.007155849933176751,-0.0005235987755982988,0.0,13.09,63.74999999999999,1,1,100.0,4,0.005,-0.045,-0.005,52.648396399999996,9.7457351,33.13,31.63,52.648392099999995,9.7457397,0.02548180707911721,-0.017976891295541596,4.240626483570622,0.005,-0.01,-0.03,-0.04508261,0.0051051406,0.0040615196
0 days 00:00:07.810000,-0.0015330594781031272,0.03531600000000001,0.223668,9.919872000000002,0.0,0.0,0.0,0.0,0.0005235987755982988,-0.007679448708775049,-0.0006981317007977319,0.0,13.09,63.599999999999994,1,1,100.0,4,0.005,-0.045,-0.005,52.648396399999996,9.7457351,33.13,31.63,52.648392099999995,9.7457397,0.02548180707911721,-0.017976891295541596,4.240626483570622,0.005,-0.01,-0.03,-0.04508261,0.0051051406,0.0040615196
0 days 00:00:07.820000,-0.0015330594781031272,0.09417600000000001,0.21974400000000002,9.923796000000001,0.0,0.0,0.0,0.0,0.00034906585039886593,-0.006283185307179587,-0.0005235987755982988,0.0,13.09,63.449999999999996,1,1,100.0,4,0.005,-0.04,-0.005,52.648396399999996,9.7457357,33.03,31.63,52.648392099999995,9.7457397,0.02548180707911721,-0.017976891295541596,4.240626483570622,0.005,0.03,0.04,-0.040083416,0.0051074307,0.0041513704
0 days 00:00:07.830000,-0.0015330594781031272,0.08632800000000002,0.231516,9.915948000000002,0.0,0.0,0.0,0.0,0.00034906585039886593,-0.006632251157578452,-0.0006981317007977319,0.0,13.09,63.3,1,1,100.0,4,0.005,-0.04,-0.005,52.648396399999996,9.7457357,33.03,31.63,52.648392099999995,9.7457397,0.02548180707911721,-0.01780235837034216,4.240626483570622,0.005,0.03,0.04,-0.04008267,0.005107609,0.004158364
0 days 00:00:07.840000,-0.0015330594781031272,0.0981,0.231516,9.884556000000002,0.0,0.0,0.0,0.0,0.00017453292519943296,-0.00645771823237902,-0.0006981317007977319,0.0,13.09,63.15,1,1,100.0,4,0.005,-0.035,-0.01,52.648396399999996,9.7457357,33.03,31.63,52.648392099999995,9.7457397,0.02548180707911721,-0.01780235837034216,4.240626483570622,0.005,0.03,0.04,-0.03517247,0.005237252,0.009244927
0 days 00:00:07.850000,-0.0015330594781031272,0.145188,0.24328800000000003,9.872784,0.0,0.0,0.0,0.0,-0.00034906585039886593,-0.00471238898038469,-0.0005235987755982988,0.0,13.09,63.0,1,1,100.0,4,0.005,-0.035,-0.01,52.648396399999996,9.7457357,33.03,31.63,52.648392099999995,9.7457397,0.02548180707911721,-0.017627825445142728,4.240626483570622,0.005,0.03,0.04,-0.03517083,0.005237408,0.009251063
0 days 00:00:07.860000,-0.0015330594781031272,0.090252,0.251136,9.880632000000002,0.0,0.0,0.0,0.0,-0.0005235987755982988,-0.0041887902047863905,-0.00034906585039886593,0.0,13.09,62.85,1,1,100.0,4,0.005,-0.03,-0.01,52.648396399999996,9.7457357,33.03,31.63,52.648392099999995,9.7457397,0.02548180707911721,-0.017627825445142728,4.240626483570622,0.005,0.03,0.04,-0.030171607,0.005239654,0.009339169
0 days 00:00:07.870000,-0.0015330594781031272,0.062784,0.23936400000000002,9.845316,0.0,0.0,0.0,0.0,-0.0005235987755982988,-0.0036651914291880917,0.0,0.0,13.09,62.7,1,1,100.0,4,0.0,-0.025,-0.005,52.648396399999996,9.7457357,33.03,31.63,52.648392099999995,9.7457397,0.02548180707911721,-0.017627825445142728,4.240626483570622,0.015,0.035,-0.02,-0.02508425,0.00011614752,0.0045570703
0 days 00:00:07.880000,-0.0015330594781031272,0.07063200000000001,0.251136,9.81,0.0,0.0,0.0,0.0,-0.0010471975511965976,-0.0020943951023931952,0.0,0.0,13.09,62.55,1,1,100.0,4,0.0,-0.025,-0.005,52.648396399999996,9.7457357,33.03,31.63,52.648392099999995,9.7457397,0.02548180707911721,-0.017627825445142728,4.240626483570622,0.015,0.035,-0.02,-0.02508425,0.00011614752,0.0045570703
0 days 00:00:07.890000,-0.0015330594781031272,0.011772000000000001,0.258984,9.806076000000001,0.0,0.0,0.0,0.0,-0.0013962634015954637,-0.0008726646259971648,0.0005235987755982988,0.0,13.09,62.39999999999999,1,1,100.0,4,0.0,-0.02,-0.005,52.648396399999996,9.7457357,33.03,31.63,52.648392099999995,9.7457397,0.02548180707911721,-0.017627825445142728,4.240626483570622,0.015,0.035,-0.02,-0.020085027,0.00011839311,0.004645176
0 days 00:00:07.900000,-0.0015330594781031272,-0.039240000000000004,0.24721200000000002,9.786456000000001,0.0,0.0,0.0,0.0,-0.0010471975511965976,-0.0005235987755982988,0.0006981317007977319,0.0,13.09,62.39999999999999,1,1,100.0,4,0.0,-0.02,-0.005,52.648396399999996,9.7457357,33.03,31.63,52.648392099999995,9.7457397,0.02548180707911721,-0.017627825445142728,4.240626483570622,0.015,0.035,-0.02,-0.020085027,0.00011839311,0.004645176
0 days 00:00:07.910000,-0.0015330594781031272,-0.047088000000000005,0.251136,9.755064,0.0,0.0,0.0,0.0,-0.0008726646259971648,0.0010471975511965976,0.0006981317007977319,0.0,13.09,62.39999999999999,1,1,100.0,4,0.0,-0.02,-0.005,52.648396399999996,9.7457357,33.03,31.63,52.648392099999995,9.7457397,0.02548180707911721,-0.017627825445142728,4.240626483570622,0.015,0.035,-0.02,-0.020085027,0.00011839311,0.004645176
0 days 00:00:07.920000,-0.0015330594781031272,-0.10987200000000001,0.24328800000000003,9.758988,0.0,0.0,0.0,0.0,-0.0005235987755982988,0.0020943951023931952,0.0008726646259971648,0.0,13.09,62.24999999999999,1,1,100.0,4,0.0,-0.015,-0.005,52.648396399999996,9.7457358,33.03,31.63,52.648392099999995,9.7457397,0.02548180707911721,-0.017627825445142728,4.240626483570622,0.005,0.005,0.015,-0.015085803,0.000120638695,0.004733282
0 days 00:00:07.930000,-0.0015330594781031272,-0.145188,0.24721200000000002,9.743292000000002,0.0,0.0,0.0,0.0,-0.00034906585039886593,0.002617993877991494,0.0008726646259971648,0.0,13.09,62.099999999999994,1,1,100.0,4,0.0,-0.015,-0.005,52.648396399999996,9.7457358,33.03,31.63,52.648392099999995,9.7457397,0.02548180707911721,-0.017627825445142728,4.240626483570622,0.005,0.005,0.015,-0.015085803,0.000120638695,0.004733282
0 days 00:00:07.940000,-0.0015330594781031272,-0.184428,0.23544,9.719748000000001,0.0,0.0,0.0,0.0,0.00017453292519943296,0.003490658503988659,0.0008726646259971648,0.0,13.09,62.099999999999994,1,1,100.0,4,0.0,-0.015,-0.005,52.648396399999996,9.7457358,33.03,31.63,52.648392099999995,9.7457397,0.02548180707911721,-0.01780235837034216,4.240626483570622,0.005,0.005,0.015,-0.01508663,0.00012057162,0.00473065
0 days 00:00:07.950000,-0.0015330594781031272,-0.21582000000000004,0.25506,9.727596,0.0,0.0,0.0,0.0,0.0006981317007977319,0.004363323129985824,0.0008726646259971648,0.0,13.09,62.099999999999994,1,1,100.0,4,0.0,-0.015,-0.005,52.648396399999996,9.7457358,33.03,31.63,52.648392099999995,9.7457397,0.02548180707911721,-0.01780235837034216,4.240626483570622,0.005,0.005,0.015,-0.01508663,0.00012057162,0.00473065
0 days 00:00:07.960000,-0.0015330594781031272,-0.258984,0.258984,9.700128000000001,0.0,0.0,0.0,0.0,0.0005235987755982988,0.004537856055185257,0.0008726646259971648,0.0,13.09,62.099999999999994,1,1,100.0,4,0.0,-0.015,-0.005,52.648396399999996,9.7457358,33.03,31.63,52.648392099999995,9.7457397,0.02548180707911721,-0.01780235837034216,4.240626483570622,0.005,0.005,0.015,-0.01508663,0.00012057162,0.00473065
0 days 00:00:07.970000,-0.0015330594781031272,-0.28252800000000006,0.251136,9.715824000000001,0.0,0.0,0.0,0.0,0.0010471975511965976,0.005061454830783556,0.0010471975511965976,0.0,13.09,62.099999999999994,1,1,100.0,4,0.0,-0.01,-0.0,52.6483965,9.7457357,33.04,31.63,52.648392099999995,9.7457397,0.02548180707911721,-0.017976891295541596,4.240626483570622,-0.005,-0.015,-0.025,-0.009998384,-4.5800944e-06,-0.00017970086
0 days 00:00:07.980000,-0.0015330594781031272,-0.28645200000000004,0.266832,9.704052,0.0,0.0,0.0,0.0,0.0005235987755982988,0.005585053606381855,0.0010471975511965976,0.0,13.09,62.099999999999994,1,1,100.0,4,0.0,-0.01,-0.0,52.6483965,9.7457357,33.04,31.63,52.648392099999995,9.7457397,0.02548180707911721,-0.017976891295541596,4.240626483570622,-0.005,-0.015,-0.025,-0.009998384,-4.5800944e-06,-0.00017970086
0 days 00:00:07.990000,-0.0015330594781031272,-0.33746400000000004,0.25506,9.719748000000001,0.0,0.0,0.0,0.0,0.00017453292519943296,0.005061454830783556,0.0010471975511965976,0.0,13.09,62.099999999999994,1,1,100.0,4,0.0,-0.01,-0.0,52.6483965,9.7457357,33.04,31.63,52.648392099999995,9.7457397,0.02548180707911721,-0.01815142422074103,4.240626483570622,-0.005,-0.015,-0.025,-0.009998352,-4.624557e-06,-0.00018144534
0 days 00:00:08,-0.0015330594781031272,-0.34531200000000006,0.251136,9.727596,0.0,0.0,0.0,0.0,0.00017453292519943296,0.00471238898038469,0.0012217304763960308,0.0,13.09,61.949999999999996,1,1,100.0,4,0.0,-0.01,-0.0,52.6483965,9.7457357,33.04,31.63,52.648392099999995,9.7457397,0.02548180707911721,-0.01815142422074103,4.240626483570622,-0.005,-0.015,-0.025,-0.009998352,-4.624557e-06,-0.00018144534
0 days 00:00:08.010000,-0.0015330594781031272,-0.3296160000000001,0.24721200000000002,9.73152,0.0,0.0,0.0,0.0,-0.00034906585039886593,0.005061454830783556,0.0010471975511965976,0.0,13.09,61.8,1,1,100.0,4,0.0,-0.015,-0.0,52.6483965,9.7457357,33.04,31.63,52.648392099999995,9.7457397,0.02548180707911721,-0.01815142422074103,4.240626483570622,-0.005,-0.015,-0.025,-0.014997529,-6.936835e-06,-0.00027216802
0 days 00:00:08.020000,-0.0015330594781031272,-0.380628,0.24721200000000002,9.73152,0.0,0.0,0.0,0.0,-0.0005235987755982988,0.0036651914291880917,0.0010471975511965976,0.0,13.09,61.8,1,1,100.0,4,0.005,-0.005,0.005,52.6483966,9.7457359,33.01,31.63,52.648392099999995,9.7457397,0.02548180707911721,-0.018500490071139894,4.240626483570622,-0.005,-0.015,-0.03,-0.0049066474,0.0048686466,-0.0052173836
0 days 00:00:08.030000,-0.0015330594781031272,-0.34531200000000006,0.231516,9.766836000000001,0.0,0.0,0.0,0.0,-0.0005235987755982988,0.003316125578789226,0.0010471975511965976,0.0,13.09,61.8,1,1,100.0,4,0.005,-0.01,0.005,52.6483966,9.7457359,33.01,31.63,52.648392099999995,9.7457397,0.02548180707911721,-0.018500490071139894,4.240626483570622,-0.005,-0.015,-0.03,-0.009905792,0.00486629,-0.005309851
0 days 00:00:08.040000,-0.0015330594781031272,-0.32176800000000005,0.23544,9.79038,0.0,0.0,0.0,0.0,-0.0005235987755982988,0.003316125578789226,0.0006981317007977319,0.0,13.09,61.8,1,1,100.0,4,0.0,-0.01,0.005,52.6483966,9.7457359,33.01,31.63,52.648392099999995,9.7457397,0.02548180707911721,-0.018500490071139894,4.240626483570622,-0.005,-0.015,-0.03,-0.009905792,-0.00013208692,-0.0051824553
0 days 00:00:08.050000,-0.0015330594781031272,-0.361008,0.22759200000000002,9.774684,0.0,0.0,0.0,0.0,-0.0006981317007977319,0.0015707963267948967,0.0006981317007977319,0.0,13.09,61.8,1,1,100.0,4,0.0,-0.01,0.005,52.6483966,9.7457359,33.01,31.63,52.648392099999995,9.7457397,0.02548180707911721,-0.018675022996339326,4.240626483570622,-0.005,-0.015,-0.03,-0.009904887,-0.00013213098,-0.005184184
0 days 00:00:08.060000,-0.0015330594781031272,-0.29430000000000006,0.23544,9.786456000000001,0.0,0.0,0.0,0.0,-0.0006981317007977319,0.0008726646259971648,0.00017453292519943296,0.0,13.09,61.8,1,1,100.0,4,0.0,-0.015,0.005,52.6483966,9.7457359,33.01,31.63,52.648392099999995,9.7457397,0.02548180707911721,-0.018675022996339326,4.240626483570622,-0.005,-0.015,-0.03,-0.014904015,-0.00013450994,-0.0052775233
0 days 00:00:08.070000,-0.0015330594781031272,-0.278604,0.231516,9.817848000000001,0.0,0.0,0.0,0.0,-0.0006981317007977319,0.0006981317007977319,0.0,0.0,13.09,61.8,1,1,100.0,4,-0.01,-0.01,-0.0,52.6483966,9.7457358,33.02,31.63,52.648392099999995,9.7457397,0.025656340004316644,-0.018675022996339326,4.240626483570622,-0.015,0.01,0.03,-0.009998256,-0.010001499,6.9857335e-05
0 days 00:00:08.080000,-0.0015330594781031272,-0.298224,0.22759200000000002,9.821772000000001,0.0,0.0,0.0,0.0,-0.00034906585039886593,-0.0010471975511965976,0.0,0.0,13.09,61.8,1,1,100.0,4,-0.01,-0.01,-0.0,52.6483966,9.7457358,33.02,31.63,52.648392099999995,9.7457397,0.025656340004316644,-0.018675022996339326,4.240626483570622,-0.015,0.01,0.03,-0.009998256,-0.010001499,6.9857335e-05
0 days 00:00:08.090000,-0.0015330594781031272,-0.231516,0.22759200000000002,9.845316,0.0,0.0,0.0,0.0,0.0,-0.0012217304763960308,0.0,0.0,13.09,61.8,1,1,100.0,4,-0.01,-0.01,-0.0,52.6483966,9.7457358,33.02,31.63,52.648392099999995,9.7457397,0.025656340004316644,-0.018675022996339326,4.240626483570622,-0.015,0.01,0.03,-0.009998256,-0.010001499,6.9857335e-05
0 days 00:00:08.100000,-0.0015330594781031272,-0.231516,0.23936400000000002,9.861012,0.0,0.0,0.0,0.0,-0.00017453292519943296,-0.0015707963267948967,0.00017453292519943296,0.0,13.09,61.8,1,1,100.0,4,-0.01,-0.01,-0.0,52.6483966,9.7457358,33.02,31.63,52.648392099999995,9.7457397,0.025656340004316644,-0.018675022996339326,4.240626483570622,-0.015,0.01,0.03,-0.009998256,-0.010001499,6.9857335e-05
0 days 00:00:08.110000,-0.0015330594781031272,-0.21974400000000002,0.23936400000000002,9.845316,0.0,0.0,0.0,0.0,-0.00017453292519943296,-0.003316125578789226,0.0,0.0,13.09,61.8,1,1,100.0,4,-0.01,-0.015,-0.0,52.6483966,9.7457358,33.02,31.63,52.648392099999995,9.7457397,0.025656340004316644,-0.018675022996339326,4.240626483570622,-0.015,0.01,0.03,-0.0149973845,-0.010003895,-2.348163e-05
0 days 00:00:08.120000,-0.0015330594781031272,-0.15696000000000002,0.23544,9.880632000000002,0.0,0.0,0.0,0.0,-0.00017453292519943296,-0.0027925268031909274,0.0,0.0,13.09,61.8,1,1,100.0,4,-0.01,0.0,-0.0,52.6483967,9.7457359,33.02,31.63,52.648392099999995,9.7457397,0.02548180707911721,-0.01884955592153876,4.240626483570622,-0.01,-0.015,-0.0,0.0,-0.009996753,0.0002547905
0 days 00:00:08.130000,-0.0015330594781031272,-0.16088400000000003,0.22759200000000002,9.876708000000002,0.0,0.0,0.0,0.0,-0.00017453292519943296,-0.003490658503988659,-0.00017453292519943296,0.0,13.09,61.8,1,1,100.0,4,-0.01,0.0,-0.0,52.6483967,9.7457359,33.02,31.63,52.648392099999995,9.7457397,0.02548180707911721,-0.01884955592153876,4.240626483570622,-0.01,-0.015,-0.0,0.0,-0.009996753,0.0002547905
0 days 00:00:08.140000,-0.0015330594781031272,-0.15696000000000002,0.223668,9.84924,0.0,0.0,0.0,0.0,-0.00017453292519943296,-0.004537856055185257,0.00017453292519943296,0.0,13.09,61.8,1,1,100.0,4,-0.01,0.0,-0.0,52.6483967,9.7457359,33.02,31.63,52.648392099999995,9.7457397,0.02548180707911721,-0.01884955592153876,4.240626483570622,-0.01,-0.015,-0.0,0.0,-0.009996753,0.0002547905
0 days 00:00:08.150000,-0.0015330594781031272,-0.07848000000000001,0.22759200000000002,9.864936,0.0,0.0,0.0,0.0,-0.00017453292519943296,-0.0038397243543875246,0.00017453292519943296,0.0,13.09,61.8,1,1,100.0,4,-0.01,0.0,-0.0,52.6483967,9.7457359,33.02,31.63,52.648392099999995,9.7457397,0.02548180707911721,-0.018675022996339326,4.240626483570622,-0.01,-0.015,-0.0,0.0,-0.009996753,0.0002547905
0 days 00:00:08.160000,-0.0015330594781031272,-0.09417600000000001,0.21974400000000002,9.884556000000002,0.0,0.0,0.0,0.0,0.0,-0.0036651914291880917,0.0,0.0,13.09,61.8,1,1,100.0,4,-0.01,0.0,-0.0,52.6483967,9.7457359,33.02,31.63,52.648392099999995,9.7457397,0.02548180707911721,-0.018675022996339326,4.240626483570622,-0.01,-0.015,-0.0,0.0,-0.009996753,0.0002547905
0 days 00:00:08.170000,-0.0015330594781031272,-0.090252,0.21974400000000002,9.864936,0.0,0.0,0.0,0.0,0.00017453292519943296,-0.0041887902047863905,0.00017453292519943296,0.0,13.09,61.8,1,1,100.0,4,0.005,0.0,-0.0,52.6483967,9.7457359,33.02,31.63,52.648392099999995,9.7457397,0.02530727415391778,-0.018675022996339326,4.240626483570622,0.025,-0.015,-0.015,0.0,0.004998399,-0.00012652286
0 days 00:00:08.180000,-0.0015330594781031272,-0.05886,0.21582000000000004,9.845316,0.0,0.0,0.0,0.0,0.00017453292519943296,-0.003490658503988659,0.00034906585039886593,0.0,13.09,61.8,1,1,100.0,4,0.005,0.0,-0.0,52.6483967,9.7457359,33.02,31.63,52.648392099999995,9.7457397,0.02530727415391778,-0.018675022996339326,4.240626483570622,0.025,-0.015,-0.015,0.0,0.004998399,-0.00012652286
0 days 00:00:08.190000,-0.0015330594781031272,-0.066708,0.22759200000000002,9.84924,0.0,0.0,0.0,0.0,0.00017453292519943296,-0.0031415926535897933,0.00017453292519943296,0.0,13.09,61.8,1,1,100.0,4,0.005,0.005,-0.0,52.6483967,9.7457359,33.02,31.63,52.648392099999995,9.7457397,0.02530727415391778,-0.018675022996339326,4.240626483570622,0.025,-0.015,-0.015,0.004999128,0.0050007617,-3.318307e-05
0 days 00:00:08.200000,-0.0015330594781031272,-0.07063200000000001,0.21974400000000002,9.84924,0.0,0.0,0.0,0.0,0.0005235987755982988,-0.002967059728390361,0.00017453292519943296,0.0,13.09,61.8,1,1,100.0,4,0.005,0.005,-0.0,52.6483967,9.7457359,33.02,31.63,52.648392099999995,9.7457397,0.02530727415391778,-0.018500490071139894,4.240626483570622,0.025,-0.015,-0.015,0.0049991445,0.0050007394,-3.4055305e-05
0 days 00:00:08.210000,-0.0015330594781031272,-0.062784,0.22759200000000002,9.821772000000001,0.0,0.0,0.0,0.0,0.00034906585039886593,-0.002617993877991494,0.00034906585039886593,0.0,13.09,61.8,1,1,100.0,4,0.005,0.005,-0.0,52.6483967,9.7457359,33.02,31.63,52.648392099999995,9.7457397,0.02530727415391778,-0.018500490071139894,4.240626483570622,0.025,-0.015,-0.015,0.0049991445,0.0050007394,-3.4055305e-05
0 days 00:00:08.220000,-0.0015330594781031272,-0.05886,0.231516,9.833544,0.0,0.0,0.0,0.0,0.0005235987755982988,-0.0010471975511965976,0.00034906585039886593,0.0,13.09,61.8,1,1,100.0,4,0.0,0.0,-0.005,52.6483966,9.745736299999999,33.0,31.63,52.648392099999995,9.7457397,0.02530727415391778,-0.018500490071139894,4.240626483570622,0.005,0.02,0.04,-9.249717e-05,0.00012650121,0.0049975435
0 days 00:00:08.230000,-0.0015330594781031272,-0.10594800000000001,0.23544,9.806076000000001,0.0,0.0,0.0,0.0,0.0005235987755982988,-0.0012217304763960308,0.00034906585039886593,0.0,13.09,61.8,1,1,100.0,4,0.0,0.0,-0.005,52.6483966,9.745736299999999,33.0,31.63,52.648392099999995,9.7457397,0.02548180707911721,-0.018500490071139894,4.240626483570622,0.005,0.02,0.04,-9.249717e-05,0.00012737345,0.004997521
0 days 00:00:08.240000,-0.0015330594781031272,-0.0981,0.22759200000000002,9.798228,0.0,0.0,0.0,0.0,0.0006981317007977319,-0.0005235987755982988,0.0005235987755982988,0.0,13.09,61.8,1,1,100.0,4,0.0,0.0,-0.005,52.6483966,9.745736299999999,33.0,31.63,52.648392099999995,9.7457397,0.02548180707911721,-0.018500490071139894,4.240626483570622,0.005,0.02,0.04,-9.249717e-05,0.00012737345,0.004997521
0 days 00:00:08.250000,-0.0015330594781031272,-0.10594800000000001,0.23936400000000002,9.782532000000002,0.0,0.0,0.0,0.0,0.00034906585039886593,0.0006981317007977319,0.0008726646259971648,0.0,13.09,61.8,1,1,100.0,4,0.0,0.0,-0.005,52.6483966,9.745736299999999,33.0,31.63,52.648392099999995,9.7457397,0.02548180707911721,-0.018500490071139894,4.240626483570622,0.005,0.02,0.04,-9.249717e-05,0.00012737345,0.004997521
0 days 00:00:08.260000,-0.0015330594781031272,-0.149112,0.23936400000000002,9.786456000000001,0.0,0.0,0.0,0.0,0.0005235987755982988,0.0005235987755982988,0.0008726646259971648,0.0,13.09,61.8,1,1,100.0,4,0.0,0.0,-0.005,52.6483966,9.745736299999999,33.0,31.63,52.648392099999995,9.7457397,0.02548180707911721,-0.018500490071139894,4.240626483570622,0.005,0.02,0.04,-9.249717e-05,0.00012737345,0.004997521
0 days 00:00:08.270000,-0.0015330594781031272,-0.12164400000000002,0.24328800000000003,9.751140000000001,0.0,0.0,0.0,0.0,0.0005235987755982988,0.0012217304763960308,0.0006981317007977319,0.0,13.09,61.8,1,1,100.0,4,0.0,-0.01,-0.01,52.6483966,9.745736299999999,33.0,31.63,52.648392099999995,9.7457397,0.02548180707911721,-0.01832595714594046,4.240626483570622,0.01,0.03,0.03,-0.0101815695,0.0002500787,0.009811885
0 days 00:00:08.280000,-0.0015330594781031272,-0.149112,0.23936400000000002,9.79038,0.0,0.0,0.0,0.0,0.00034906585039886593,0.0027925268031909274,0.0008726646259971648,0.0,13.09,61.8,1,1,100.0,4,0.0,-0.01,-0.005,52.6483966,9.745736299999999,33.0,31.63,52.648392099999995,9.7457397,0.02548180707911721,-0.01832595714594046,4.240626483570622,0.01,0.03,0.03,-0.010089945,0.00012270483,0.0048143477
0 days 00:00:08.290000,-0.0015330594781031272,-0.1962,0.23544,9.747216000000002,0.0,0.0,0.0,0.0,0.00034906585039886593,0.0019198621771937623,0.0010471975511965976,0.0,13.09,61.8,1,1,100.0,4,0.0,-0.01,-0.005,52.6483966,9.745736299999999,33.0,31.63,52.648392099999995,9.7457397,0.02548180707911721,-0.01832595714594046,4.240626483570622,0.01,0.03,0.03,-0.010089945,0.00012270483,0.0048143477
0 days 00:00:08.300000,-0.0015330594781031272,-0.16873200000000002,0.24721200000000002,9.751140000000001,0.0,0.0,0.0,0.0,0.00034906585039886593,0.0027925268031909274,0.0010471975511965976,10.0,13.09,61.8,1,1,100.0,4,0.0,-0.01,-0.005,52.6483966,9.745736299999999,33.0,31.63,52.648392099999995,9.7457397,0.02548180707911721,-0.01832595714594046,4.240626483570622,0.01,0.03,0.03,-0.010089945,0.00012270483,0.0048143477
0 days 00:00:08.310000,-0.0015330594781031272,-0.184428,0.23544,9.762912000000002,0.0,0.0,0.0,0.0,0.0005235987755982988,0.003316125578789226,0.0006981317007977319,10.0,13.09,61.8,1,1,100.0,4,0.0,-0.01,-0.005,52.6483966,9.745736299999999,33.0,31.63,52.648392099999995,9.7457397,0.02548180707911721,-0.018500490071139894,4.240626483570622,0.01,0.03,0.03,-0.010090786,0.00012265997,0.004812587
0 days 00:00:08.320000,-0.0015330594781031272,-0.24328800000000003,0.24721200000000002,9.735444000000001,0.0,0.0,0.0,0.0,0.00034906585039886593,0.002617993877991494,0.0006981317007977319,10.0,13.09,61.8,1,1,100.0,4,-0.005,0.0,-0.005,52.6483966,9.7457361,33.01,31.63,52.648392099999995,9.7457397,0.02548180707911721,-0.018500490071139894,4.240626483570622,-0.02,-0.005,0.02,-9.249717e-05,-0.0048710033,0.0051249163
0 days 00:00:08.330000,-0.0015330594781031272,-0.21582000000000004,0.23936400000000002,9.755064,0.0,0.0,0.0,0.0,0.0006981317007977319,0.0031415926535897933,0.0006981317007977319,10.0,13.09,61.8,1,1,100.0,4,-0.005,0.0,-0.005,52.6483966,9.7457361,33.01,31.63,52.648392099999995,9.7457397,0.02548180707911721,-0.018500490071139894,4.240626483570622,-0.02,-0.005,0.02,-9.249717e-05,-0.0048710033,0.0051249163
0 days 00:00:08.340000,-0.0015330594781031272,-0.23544,0.251136,9.762912000000002,0.0,0.0,0.0,0.0,0.0006981317007977319,0.003316125578789226,0.00034906585039886593,0.0,13.09,61.8,1,1,100.0,4,-0.005,0.0,-0.005,52.6483966,9.7457361,33.01,31.63,52.648392099999995,9.7457397,0.02548180707911721,-0.018500490071139894,4.240626483570622,-0.02,-0.005,0.02,-9.249717e-05,-0.0048710033,0.0051249163
0 days 00:00:08.350000,-0.0015330594781031272,-0.28645200000000004,0.23936400000000002,9.770760000000001,0.0,0.0,0.0,0.0,0.0006981317007977319,0.0024434609527920616,0.0006981317007977319,0.0,13.09,61.8,1,1,100.0,4,-0.005,0.0,-0.005,52.6483966,9.7457361,33.01,31.63,52.648392099999995,9.7457397,0.02548180707911721,-0.018675022996339326,4.240626483570622,-0.02,-0.005,0.02,-9.336969e-05,-0.0048710033,0.0051249005
0 days 00:00:08.360000,-0.0015330594781031272,-0.22759200000000002,0.26290800000000003,9.774684,0.0,0.0,0.0,0.0,0.0006981317007977319,0.0022689280275926286,0.00034906585039886593,0.0,13.09,61.8,1,1,100.0,4,-0.005,-0.005,-0.005,52.6483966,9.7457361,33.01,31.63,52.648392099999995,9.7457397,0.02548180707911721,-0.018675022996339326,4.240626483570622,-0.02,-0.005,0.02,-0.005092498,-0.0048733824,0.005031561
0 days 00:00:08.370000,-0.0015330594781031272,-0.23936400000000002,0.258984,9.798228,0.0,0.0,0.0,0.0,0.0006981317007977319,0.0019198621771937623,0.00017453292519943296,0.0,13.09,61.8,1,1,100.0,4,0.0,-0.005,-0.0,52.6483965,9.7457362,32.99,31.63,52.648392099999995,9.7457397,0.02548180707911721,-0.018675022996339326,4.240626483570622,0.005,0.0,-0.02,-0.004999128,-2.378971e-06,-9.3339375e-05
0 days 00:00:08.380000,-0.0015330594781031272,-0.24328800000000003,0.278604,9.782532000000002,0.0,0.0,0.0,0.0,0.0005235987755982988,0.0010471975511965976,0.00017453292519943296,0.0,13.09,61.65,1,1,100.0,4,0.0,-0.005,-0.0,52.6483965,9.7457362,32.99,31.63,52.648392099999995,9.7457397,0.02548180707911721,-0.018675022996339326,4.240626483570622,0.005,0.0,-0.02,-0.004999128,-2.378971e-06,-9.3339375e-05
0 days 00:00:08.390000,-0.0015330594781031272,-0.21974400000000002,0.25506,9.81,0.0,0.0,0.0,0.0,0.0008726646259971648,0.0008726646259971648,0.00034906585039886593,0.0,13.09,61.5,1,1,100.0,4,0.0,-0.005,-0.0,52.6483965,9.7457362,32.99,31.63,52.648392099999995,9.7457397,0.02548180707911721,-0.018675022996339326,4.240626483570622,0.005,0.0,-0.02,-0.004999128,-2.378971e-06,-9.3339375e-05
0 days 00:00:08.400000,-0.0015330594781031272,-0.223668,0.251136,9.817848000000001,0.0,0.0,0.0,0.0,0.0010471975511965976,0.0012217304763960308,0.0005235987755982988,10.0,13.09,61.5,1,1,100.0,4,0.0,-0.005,-0.0,52.6483965,9.7457362,32.99,31.63,52.648392099999995,9.7457397,0.02548180707911721,-0.018675022996339326,4.240626483570622,0.005,0.0,-0.02,-0.004999128,-2.378971e-06,-9.3339375e-05
0 days 00:00:08.410000,-0.0015330594781031272,-0.26290800000000003,0.25506,9.778608,0.0,0.0,0.0,0.0,0.0005235987755982988,-0.00034906585039886593,0.0005235987755982988,10.0,13.09,61.5,1,1,100.0,4,0.0,-0.005,-0.0,52.6483965,9.7457362,32.99,31.63,52.648392099999995,9.7457397,0.02548180707911721,-0.018675022996339326,4.240626483570622,0.005,0.0,-0.02,-0.004999128,-2.378971e-06,-9.3339375e-05
0 days 00:00:08.420000,-0.0015330594781031272,-0.20404800000000003,0.23544,9.786456000000001,0.0,0.0,0.0,0.0,0.00017453292519943296,0.00017453292519943296,0.0005235987755982988,10.0,13.09,61.5,1,1,100.0,4,0.0,-0.005,-0.0,52.6483965,9.7457359,33.01,31.63,52.648392099999995,9.7457397,0.02548180707911721,-0.018675022996339326,4.240626483570622,0.005,0.0,-0.005,-0.004999128,-2.378971e-06,-9.3339375e-05
0 days 00:00:08.430000,-0.0015330594781031272,-0.20797200000000002,0.23936400000000002,9.837468000000001,0.0,0.0,0.0,0.0,-0.00034906585039886593,0.0006981317007977319,0.00017453292519943296,10.0,13.09,61.5,1,1,100.0,4,0.0,-0.005,-0.0,52.6483965,9.7457359,33.01,31.63,52.648392099999995,9.7457397,0.02548180707911721,-0.018675022996339326,4.240626483570622,0.005,0.0,-0.005,-0.004999128,-2.378971e-06,-9.3339375e-05
0 days 00:00:08.440000,-0.0015330594781031272,-0.25506,0.223668,9.853164,0.0,0.0,0.0,0.0,-0.00017453292519943296,-0.0013962634015954637,-0.00017453292519943296,10.0,13.09,61.35,1,1,100.0,4,0.0,-0.005,-0.0,52.6483965,9.7457359,33.01,31.63,52.648392099999995,9.7457397,0.02548180707911721,-0.018675022996339326,4.240626483570622,0.005,0.0,-0.005,-0.004999128,-2.378971e-06,-9.3339375e-05
0 days 00:00:08.450000,-0.0015330594781031272,-0.18835200000000002,0.23544,9.833544,0.0,0.0,0.0,0.0,-0.00034906585039886593,-0.002617993877991494,0.00017453292519943296,10.0,13.09,61.2,1,1,100.0,4,0.0,-0.005,-0.0,52.6483965,9.7457359,33.01,31.63,52.648392099999995,9.7457397,0.02548180707911721,-0.018675022996339326,4.240626483570622,0.005,0.0,-0.005,-0.004999128,-2.378971e-06,-9.3339375e-05
0 days 00:00:08.460000,-0.0015330594781031272,-0.11379600000000001,0.24721200000000002,9.884556000000002,0.0,0.0,0.0,0.0,-0.00017453292519943296,-0.0019198621771937623,0.0,10.0,13.09,61.2,1,1,100.0,4,0.0,-0.005,-0.0,52.6483965,9.7457359,33.01,31.63,52.648392099999995,9.7457397,0.02548180707911721,-0.018675022996339326,4.240626483570622,0.005,0.0,-0.005,-0.004999128,-2.378971e-06,-9.3339375e-05
0 days 00:00:08.470000,-0.0015330594781031272,-0.16480800000000004,0.258984,9.872784,0.0,0.0,0.0,0.0,0.0,-0.0027925268031909274,0.00034906585039886593,10.0,13.09,61.2,1,1,100.0,4,-0.005,0.005,-0.005,52.6483965,9.7457359,33.01,31.63,52.648392099999995,9.7457397,0.02548180707911721,-0.018675022996339326,4.240626483570622,-0.01,-0.01,0.015,0.0049057584,-0.0048686243,0.00521824
0 days 00:00:08.480000,-0.0015330594781031272,-0.13734000000000002,0.258984,9.81,0.0,0.0,0.0,0.0,0.00017453292519943296,-0.0036651914291880917,0.0005235987755982988,10.0,13.09,61.2,1,1,100.0,4,-0.005,0.005,-0.005,52.6483965,9.7457359,33.01,31.63,52.648392099999995,9.7457397,0.02548180707911721,-0.018675022996339326,4.240626483570622,-0.01,-0.01,0.015,0.0049057584,-0.0048686243,0.00521824
0 days 00:00:08.490000,-0.0015330594781031272,-0.09417600000000001,0.26290800000000003,9.825696,0.0,0.0,0.0,0.0,-0.00017453292519943296,-0.0019198621771937623,0.0006981317007977319,10.0,13.09,61.2,1,1,100.0,4,-0.005,0.005,-0.005,52.6483965,9.7457359,33.01,31.63,52.648392099999995,9.7457397,0.02548180707911721,-0.018675022996339326,4.240626483570622,-0.01,-0.01,0.015,0.0049057584,-0.0048686243,0.00521824
0 days 00:00:08.500000,-0.0015330594781031272,-0.192276,0.24328800000000003,9.774684,0.0,0.0,0.0,0.0,-0.00034906585039886593,-0.002617993877991494,0.0008726646259971648,10.0,13.09,61.2,1,1,100.0,4,-0.005,0.005,-0.005,52.6483965,9.7457359,33.01,31.63,52.648392099999995,9.7457397,0.02548180707911721,-0.018675022996339326,4.240626483570622,-0.01,-0.01,0.015,0.0049057584,-0.0048686243,0.00521824
0 days 00:00:08.510000,-0.0015330594781031272,-0.16480800000000004,0.23936400000000002,9.821772000000001,0.0,0.0,0.0,0.0,-0.0006981317007977319,-0.0006981317007977319,0.0010471975511965976,10.0,13.09,61.2,1,1,100.0,4,-0.005,0.005,-0.005,52.6483965,9.7457359,33.01,31.63,52.648392099999995,9.7457397,0.02548180707911721,-0.018675022996339326,4.240626483570622,-0.01,-0.01,0.015,0.0049057584,-0.0048686243,0.00521824
0 days 00:00:08.520000,-0.0015330594781031272,-0.22759200000000002,0.21974400000000002,9.841392,0.0,0.0,0.0,0.0,-0.0006981317007977319,-0.0012217304763960308,0.0008726646259971648,10.0,13.09,61.2,1,1,100.0,4,-0.005,0.005,-0.01,52.6483966,9.745735999999999,33.0,31.63,52.648392099999995,9.7457397,0.02548180707911721,-0.018675022996339326,4.240626483570622,-0.01,0.005,0.055,0.0048123887,-0.0047412515,0.010215745
0 days 00:00:08.530000,-0.0015330594781031272,-0.192276,0.231516,9.825696,0.0,0.0,0.0,0.0,-0.0010471975511965976,-0.0031415926535897933,0.0006981317007977319,10.0,13.09,61.2,1,1,100.0,4,-0.005,0.005,-0.01,52.6483966,9.745735999999999,33.0,31.63,52.648392099999995,9.7457397,0.02548180707911721,-0.018675022996339326,4.240626483570622,-0.01,0.005,0.055,0.0048123887,-0.0047412515,0.010215745
0 days 00:00:08.540000,-0.0015330594781031272,-0.07063200000000001,0.231516,9.884556000000002,0.0,0.0,0.0,0.0,-0.00017453292519943296,-0.0013962634015954637,0.0005235987755982988,10.0,13.09,61.05,1,1,100.0,4,-0.005,0.005,-0.01,52.6483966,9.745735999999999,33.0,31.63,52.648392099999995,9.7457397,0.02548180707911721,-0.018500490071139894,4.240626483570622,-0.01,0.005,0.055,0.0048141503,-0.004741273,0.010214905
0 days 00:00:08.550000,-0.0015330594781031272,-0.125568,0.24721200000000002,9.825696,0.0,0.0,0.0,0.0,0.0,-0.0024434609527920616,0.0005235987755982988,10.0,13.09,60.89999999999999,1,1,100.0,4,-0.005,0.005,-0.01,52.6483966,9.745735999999999,33.0,31.63,52.648392099999995,9.7457397,0.02548180707911721,-0.018500490071139894,4.240626483570622,-0.01,0.005,0.055,0.0048141503,-0.004741273,0.010214905
0 days 00:00:08.560000,-0.0015330594781031272,-0.12164400000000002,0.23544,9.798228,0.0,0.0,0.0,0.0,-0.00017453292519943296,-0.0024434609527920616,0.0010471975511965976,10.0,13.09,60.89999999999999,1,1,100.0,4,-0.005,0.005,-0.01,52.6483966,9.745735999999999,33.0,31.63,52.648392099999995,9.7457397,0.02548180707911721,-0.018500490071139894,4.240626483570622,-0.01,0.005,0.055,0.0048141503,-0.004741273,0.010214905
0 days 00:00:08.570000,-0.0015330594781031272,-0.07848000000000001,0.23936400000000002,9.782532000000002,0.0,0.0,0.0,0.0,-0.00034906585039886593,-0.0005235987755982988,0.0008726646259971648,10.0,13.09,60.89999999999999,1,1,100.0,4,-0.01,0.01,-0.01,52.6483966,9.7457359,33.01,31.63,52.648392099999995,9.7457397,0.02548180707911721,-0.018500490071139894,4.240626483570622,-0.01,-0.005,0.03,0.009813295,-0.009737293,0.010434767
0 days 00:00:08.580000,-0.0015330594781031272,-0.16480800000000004,0.24721200000000002,9.766836000000001,0.0,0.0,0.0,0.0,-0.0008726646259971648,0.0006981317007977319,0.0006981317007977319,10.0,13.09,60.89999999999999,1,1,100.0,4,-0.01,0.01,-0.01,52.6483966,9.7457359,33.01,31.63,52.648392099999995,9.7457397,0.02548180707911721,-0.018500490071139894,4.240626483570622,-0.01,-0.005,0.03,0.009813295,-0.009737293,0.010434767
0 days 00:00:08.590000,-0.0015330594781031272,-0.251136,0.21974400000000002,9.735444000000001,0.0,0.0,0.0,0.0,-0.0010471975511965976,0.00017453292519943296,0.0006981317007977319,10.0,13.09,60.89999999999999,1,1,100.0,4,-0.01,0.01,-0.01,52.6483966,9.7457359,33.01,31.63,52.648392099999995,9.7457397,0.02548180707911721,-0.018500490071139894,4.240626483570622,-0.01,-0.005,0.03,0.009813295,-0.009737293,0.010434767
0 days 00:00:08.600000,-0.0015330594781031272,-0.192276,0.22759200000000002,9.774684,0.0,0.0,0.0,0.0,-0.0008726646259971648,0.0015707963267948967,0.00017453292519943296,10.0,13.09,60.89999999999999,1,1,100.0,4,-0.01,0.01,-0.01,52.6483966,9.7457359,33.01,31.63,52.648392099999995,9.7457397,0.02548180707911721,-0.018500490071139894,4.240626483570622,-0.01,-0.005,0.03,0.009813295,-0.009737293,0.010434767
0 days 00:00:08.610000,-0.0015330594781031272,-0.24721200000000002,0.20797200000000002,9.817848000000001,0.0,0.0,0.0,0.0,-0.0005235987755982988,0.0008726646259971648,0.00034906585039886593,10.0,13.09,60.89999999999999,1,1,100.0,4,-0.01,0.01,-0.01,52.6483966,9.7457359,33.01,31.63,52.648392099999995,9.7457397,0.02548180707911721,-0.018500490071139894,4.240626483570622,-0.01,-0.005,0.03,0.009813295,-0.009737293,0.010434767
0 days 00:00:08.620000,-0.0015330594781031272,-0.184428,0.24721200000000002,9.806076000000001,0.0,0.0,0.0,0.0,-0.00017453292519943296,0.00034906585039886593,0.00017453292519943296,10.0,13.09,60.89999999999999,1,1,100.0,4,0.0,-0.005,-0.01,52.6483961,9.7457353,33.39,31.63,52.648392099999995,9.7457397,0.02548180707911721,-0.018500490071139894,4.240626483570622,0.02,0.01,-0.0,-0.0051841387,0.00025239016,0.009902575
0 days 00:00:08.630000,-0.0015330594781031272,-0.14126400000000003,0.21582000000000004,9.857088000000003,0.0,0.0,0.0,0.0,0.0,0.0017453292519943296,0.00034906585039886593,10.0,13.09,60.89999999999999,1,1,100.0,4,0.0,-0.005,-0.01,52.6483961,9.7457353,33.39,31.63,52.648392099999995,9.7457397,0.02548180707911721,-0.018500490071139894,4.240626483570622,0.02,0.01,-0.0,-0.0051841387,0.00025239016,0.009902575
0 days 00:00:08.640000,-0.0015330594781031272,-0.180504,0.251136,9.704052,0.0,0.0,0.0,0.0,-0.00017453292519943296,-0.00034906585039886593,0.00017453292519943296,10.0,13.09,60.89999999999999,1,1,100.0,4,0.0,-0.005,-0.01,52.6483961,9.7457353,33.39,31.63,52.648392099999995,9.7457397,0.02548180707911721,-0.018500490071139894,4.240626483570622,0.02,0.01,-0.0,-0.0051841387,0.00025239016,0.009902575
0 days 00:00:08.650000,-0.0015330594781031272,-0.11772,0.23936400000000002,9.845316,0.0,0.0,0.0,0.0,0.0,0.002617993877991494,0.0005235987755982988,10.0,13.09,60.89999999999999,1,1,100.0,4,0.0,-0.005,-0.01,52.6483961,9.7457353,33.39,31.63,52.648392099999995,9.7457397,0.02548180707911721,-0.018500490071139894,4.240626483570622,0.02,0.01,-0.0,-0.0051841387,0.00025239016,0.009902575
0 days 00:00:08.660000,-0.0015330594781031272,-0.23544,0.24721200000000002,9.73152,0.0,0.0,0.0,0.0,-0.0006981317007977319,0.0015707963267948967,0.0005235987755982988,10.0,13.09,60.89999999999999,1,1,100.0,4,0.0,0.0,-0.01,52.6483961,9.7457353,33.39,31.63,52.648392099999995,9.7457397,0.02548180707911721,-0.018500490071139894,4.240626483570622,0.02,0.01,-0.0,-0.00018499434,0.0002547469,0.009995042
0 days 00:00:08.670000,-0.0015330594781031272,-0.192276,0.21189600000000003,9.774684,0.0,0.0,0.0,0.0,-0.00017453292519943296,0.0015707963267948967,0.00017453292519943296,10.0,13.09,60.89999999999999,1,1,100.0,4,0.005,-0.005,-0.0,52.6483961,9.7457353,33.38,31.63,52.648392099999995,9.7457397,0.02548180707911721,-0.018500490071139894,4.240626483570622,0.01,-0.01,-0.065,-0.0049991445,0.00499602,-0.00021986238
0 days 00:00:08.680000,-0.0015330594781031272,-0.21974400000000002,0.24328800000000003,9.770760000000001,0.0,0.0,0.0,0.0,0.0,0.0015707963267948967,0.0,10.0,13.09,60.89999999999999,1,1,100.0,4,0.005,-0.005,-0.0,52.6483961,9.7457353,33.38,31.63,52.648392099999995,9.7457397,0.02548180707911721,-0.018500490071139894,4.240626483570622,0.01,-0.01,-0.065,-0.0049991445,0.00499602,-0.00021986238
0 days 00:00:08.690000,-0.0015330594781031272,-0.18835200000000002,0.20404800000000003,9.837468000000001,0.0,0.0,0.0,0.0,0.0005235987755982988,0.0017453292519943296,-0.00017453292519943296,10.0,13.09,60.89999999999999,1,1,100.0,4,0.005,-0.005,-0.0,52.6483961,9.7457353,33.38,31.63,52.648392099999995,9.7457397,0.02548180707911721,-0.018500490071139894,4.240626483570622,0.01,-0.01,-0.065,-0.0049991445,0.00499602,-0.00021986238
0 days 00:00:08.700000,-0.0015330594781031272,-0.21974400000000002,0.223668,9.794304,0.0,0.0,0.0,0.0,0.0008726646259971648,0.00034906585039886593,0.0,10.0,13.09,60.74999999999999,1,1,100.0,4,0.005,-0.005,-0.0,52.6483961,9.7457353,33.38,31.63,52.648392099999995,9.7457397,0.02548180707911721,-0.018675022996339326,4.240626483570622,0.01,-0.01,-0.065,-0.004999128,0.0049959975,-0.00022073463
0 days 00:00:08.710000,-0.0015330594781031272,-0.145188,0.23936400000000002,9.825696,0.0,0.0,0.0,0.0,0.0005235987755982988,0.0010471975511965976,-0.00034906585039886593,10.0,13.09,60.599999999999994,1,1,100.0,4,0.005,-0.005,-0.0,52.6483961,9.7457353,33.38,31.63,52.648392099999995,9.7457397,0.02548180707911721,-0.018675022996339326,4.240626483570622,0.01,-0.01,-0.065,-0.004999128,0.0049959975,-0.00022073463
0 days 00:00:08.720000,-0.0015330594781031272,-0.22759200000000002,0.24328800000000003,9.821772000000001,0.0,0.0,0.0,0.0,0.0005235987755982988,0.00017453292519943296,0.00017453292519943296,10.0,13.09,60.74999999999999,1,1,100.0,4,0.01,-0.01,0.005,52.6483962,9.7457354,33.36,31.63,52.648392099999995,9.7457397,0.02530727415391778,-0.018675022996339326,4.240626483570622,0.02,0.005,-0.04,-0.009904887,0.009865572,-0.0054372526
0 days 00:00:08.730000,-0.0015330594781031272,-0.184428,0.23544,9.825696,0.0,0.0,0.0,0.0,0.0005235987755982988,0.00017453292519943296,0.0005235987755982988,10.0,13.09,60.89999999999999,1,1,100.0,4,0.01,-0.01,0.005,52.6483962,9.7457354,33.36,31.63,52.648392099999995,9.7457397,0.02548180707911721,-0.018675022996339326,4.240626483570622,0.02,0.005,-0.04,-0.009904887,0.009864622,-0.0054389746
0 days 00:00:08.740000,-0.0015330594781031272,-0.184428,0.251136,9.821772000000001,0.0,0.0,0.0,0.0,0.0,0.00017453292519943296,0.00034906585039886593,10.0,13.09,60.74999999999999,1,1,100.0,4,0.01,-0.01,0.005,52.6483962,9.7457354,33.36,31.63,52.648392099999995,9.7457397,0.02548180707911721,-0.018675022996339326,4.240626483570622,0.02,0.005,-0.04,-0.009904887,0.009864622,-0.0054389746
0 days 00:00:08.750000,-0.0015330594781031272,-0.23936400000000002,0.23544,9.794304,0.0,0.0,0.0,0.0,0.00034906585039886593,-0.0020943951023931952,0.0005235987755982988,10.0,13.09,60.599999999999994,1,1,100.0,4,0.01,-0.01,0.005,52.6483962,9.7457354,33.36,31.63,52.648392099999995,9.7457397,0.02548180707911721,-0.018675022996339326,4.240626483570622,0.02,0.005,-0.04,-0.009904887,0.009864622,-0.0054389746
0 days 00:00:08.760000,-0.0015330594781031272,-0.13734000000000002,0.25506,9.833544,0.0,0.0,0.0,0.0,0.0,-0.0005235987755982988,0.00034906585039886593,10.0,13.09,60.599999999999994,1,1,100.0,4,0.01,-0.01,0.005,52.6483962,9.7457354,33.36,31.63,52.648392099999995,9.7457397,0.02548180707911721,-0.018500490071139894,4.240626483570622,0.02,0.005,-0.04,-0.009905792,0.0098646665,-0.005437246
0 days 00:00:08.770000,-0.0015330594781031272,-0.20404800000000003,0.223668,9.817848000000001,0.0,0.0,0.0,0.0,0.0006981317007977319,-0.0013962634015954637,0.0005235987755982988,10.0,13.09,60.599999999999994,1,1,100.0,4,0.0,0.0,0.005,52.6483961,9.7457353,33.34,31.63,52.648392099999995,9.7457397,0.02548180707911721,-0.018675022996339326,4.240626483570622,-0.015,-0.005,-0.04,9.336969e-05,-0.00012737303,-0.0049975053
0 days 00:00:08.780000,-0.0015330594781031272,-0.16480800000000004,0.24328800000000003,9.833544,0.0,0.0,0.0,0.0,0.00017453292519943296,-0.0005235987755982988,0.0006981317007977319,0.0,13.09,60.599999999999994,1,1,100.0,4,0.0,0.0,0.005,52.6483961,9.7457353,33.34,31.63,52.648392099999995,9.7457397,0.02548180707911721,-0.018675022996339326,4.240626483570622,-0.015,-0.005,-0.04,9.336969e-05,-0.00012737303,-0.0049975053
0 days 00:00:08.790000,-0.0015330594781031272,-0.22759200000000002,0.23544,9.79038,0.0,0.0,0.0,0.0,0.0005235987755982988,-0.0020943951023931952,0.0006981317007977319,0.0,13.09,60.599999999999994,1,1,100.0,4,0.0,0.0,0.005,52.6483961,9.7457353,33.34,31.63,52.648392099999995,9.7457397,0.02548180707911721,-0.018675022996339326,4.240626483570622,-0.015,-0.005,-0.04,9.336969e-05,-0.00012737303,-0.0049975053
0 days 00:00:08.800000,-0.0015330594781031272,-0.14126400000000003,0.266832,9.841392,0.0,0.0,0.0,0.0,0.0,-0.00017453292519943296,0.0006981317007977319,0.0,13.09,60.599999999999994,1,1,100.0,4,0.0,0.0,0.005,52.6483961,9.7457353,33.34,31.63,52.648392099999995,9.7457397,0.02548180707911721,-0.018500490071139894,4.240626483570622,-0.015,-0.005,-0.04,9.249717e-05,-0.00012737345,-0.004997521
0 days 00:00:08.810000,-0.0015330594781031272,-0.23544,0.231516,9.82962,0.0,0.0,0.0,0.0,-0.00017453292519943296,-0.0015707963267948967,0.0006981317007977319,1.0,13.09,60.599999999999994,1,1,100.0,4,0.0,0.0,0.005,52.6483961,9.7457353,33.34,31.63,52.648392099999995,9.7457397,0.02548180707911721,-0.018500490071139894,4.240626483570622,-0.015,-0.005,-0.04,9.249717e-05,-0.00012737345,-0.004997521
0 days 00:00:08.820000,-0.0015330594781031272,-0.17265600000000003,0.251136,9.786456000000001,0.0,0.0,0.0,0.0,0.0,-0.0027925268031909274,0.0008726646259971648,1.0,13.09,60.599999999999994,1,1,100.0,4,-0.005,0.01,0.005,52.648396,9.7457358,33.28,31.63,52.648392099999995,9.7457397,0.02548180707911721,-0.018675022996339326,4.240626483570622,-0.02,-0.01,0.025,0.010091626,-0.0051209917,-0.0046834312
0 days 00:00:08.830000,-0.0015330594781031272,-0.10202400000000002,0.251136,9.876708000000002,0.0,0.0,0.0,0.0,0.00017453292519943296,0.0006981317007977319,0.0006981317007977319,1.0,13.09,60.599999999999994,1,1,100.0,4,-0.005,0.01,0.005,52.648396,9.7457358,33.28,31.63,52.648392099999995,9.7457397,0.02548180707911721,-0.018500490071139894,4.240626483570622,-0.02,-0.01,0.025,0.010090786,-0.0051210364,-0.004685192
0 days 00:00:08.840000,-0.0015330594781031272,-0.26290800000000003,0.24328800000000003,9.735444000000001,0.0,0.0,0.0,0.0,0.0,-0.002967059728390361,0.0008726646259971648,0.0,13.09,60.599999999999994,1,1,100.0,4,-0.005,0.01,-0.0,52.648396,9.7457358,33.28,31.63,52.648392099999995,9.7457397,0.02548180707911721,-0.018500490071139894,4.240626483570622,-0.02,-0.01,0.025,0.009998289,-0.004993663,0.0003123295
0 days 00:00:08.850000,-0.0015330594781031272,-0.0981,0.25506,9.802152000000001,0.0,0.0,0.0,0.0,0.00017453292519943296,-0.0005235987755982988,0.0006981317007977319,0.0,13.09,60.599999999999994,1,1,100.0,4,-0.005,0.01,0.005,52.648396,9.7457358,33.28,31.63,52.648392099999995,9.7457397,0.02548180707911721,-0.018500490071139894,4.240626483570622,-0.02,-0.01,0.025,0.010090786,-0.0051210364,-0.004685192
0 days 00:00:08.860000,-0.0015330594781031272,-0.192276,0.22759200000000002,9.813924,0.0,0.0,0.0,0.0,0.00034906585039886593,0.0006981317007977319,0.0006981317007977319,-1.0,13.09,60.599999999999994,1,1,100.0,4,-0.005,0.01,0.005,52.648396,9.7457358,33.28,31.63,52.648392099999995,9.7457397,0.02548180707911721,-0.018500490071139894,4.240626483570622,-0.02,-0.01,0.025,0.010090786,-0.0051210364,-0.004685192
0 days 00:00:08.870000,-0.0015330594781031272,-0.20797200000000002,0.25506,9.739368,0.0,0.0,0.0,0.0,0.0,-0.0012217304763960308,0.0006981317007977319,-1.0,13.09,60.599999999999994,1,1,100.0,4,-0.005,0.005,-0.0,52.648396,9.7457358,33.28,31.63,52.648392099999995,9.7457397,0.02548180707911721,-0.018500490071139894,4.240626483570622,0.005,0.005,0.035,0.0049991445,-0.00499602,0.00021986238
0 days 00:00:08.880000,-0.0015330594781031272,-0.11379600000000001,0.25506,9.813924,0.0,0.0,0.0,0.0,0.0,0.0012217304763960308,0.00034906585039886593,-2.0,13.09,60.599999999999994,1,1,100.0,4,-0.005,0.0,-0.0,52.648396,9.7457358,33.28,31.63,52.648392099999995,9.7457397,0.02548180707911721,-0.018500490071139894,4.240626483570622,0.005,0.005,0.035,0.0,-0.0049983766,0.00012739525
0 days 00:00:08.890000,-0.0015330594781031272,-0.184428,0.258984,9.817848000000001,0.0,0.0,0.0,0.0,-0.00017453292519943296,0.0008726646259971648,0.0005235987755982988,-2.0,13.09,60.599999999999994,1,1,100.0,4,-0.005,0.005,-0.0,52.648396,9.7457358,33.28,31.63,52.648392099999995,9.7457397,0.02548180707911721,-0.018500490071139894,4.240626483570622,0.005,0.005,0.035,0.0049991445,-0.00499602,0.00021986238
0 days 00:00:08.900000,-0.0015330594781031272,-0.17265600000000003,0.23936400000000002,9.79038,0.0,0.0,0.0,0.0,-0.00034906585039886593,-0.00034906585039886593,0.0005235987755982988,-3.0,13.09,60.599999999999994,1,1,100.0,4,-0.005,0.005,-0.0,52.648396,9.7457358,33.28,31.63,52.648392099999995,9.7457397,0.02548180707911721,-0.018500490071139894,4.240626483570622,0.005,0.005,0.035,0.0049991445,-0.00499602,0.00021986238
0 days 00:00:08.910000,-0.0015330594781031272,-0.10594800000000001,0.251136,9.806076000000001,0.0,0.0,0.0,0.0,-0.0005235987755982988,0.0008726646259971648,0.0,-3.0,13.09,60.599999999999994,1,1,100.0,4,-0.005,0.005,-0.0,52.648396,9.7457358,33.28,31.63,52.648392099999995,9.7457397,0.02548180707911721,-0.018500490071139894,4.240626483570622,0.005,0.005,0.035,0.0049991445,-0.00499602,0.00021986238
0 days 00:00:08.920000,-0.0015330594781031272,-0.17658000000000004,0.24721200000000002,9.817848000000001,0.0,0.0,0.0,0.0,-0.0005235987755982988,0.0010471975511965976,0.00017453292519943296,-4.0,13.09,60.599999999999994,1,1,100.0,4,0.0,-0.005,-0.0,52.6483961,9.7457358,33.27,31.63,52.648392099999995,9.7457397,0.02548180707911721,-0.018500490071139894,4.240626483570622,0.01,0.02,0.025,-0.0049991445,-2.35674e-06,-9.246713e-05
0 days 00:00:08.930000,-0.0015330594781031272,-0.20797200000000002,0.251136,9.755064,0.0,0.0,0.0,0.0,-0.0006981317007977319,-0.00017453292519943296,0.00034906585039886593,-4.0,13.09,60.599999999999994,1,1,100.0,4,0.0,-0.005,-0.0,52.6483961,9.7457358,33.27,31.63,52.648392099999995,9.7457397,0.02548180707911721,-0.018500490071139894,4.240626483570622,0.01,0.02,0.025,-0.0049991445,-2.35674e-06,-9.246713e-05
0 days 00:00:08.940000,-0.0015330594781031272,-0.133416,0.251136,9.794304,0.0,0.0,0.0,0.0,-0.0008726646259971648,0.0015707963267948967,0.00017453292519943296,-4.0,13.09,60.599999999999994,1,1,100.0,4,0.0,-0.005,-0.0,52.6483961,9.7457358,33.27,31.63,52.648392099999995,9.7457397,0.02548180707911721,-0.018500490071139894,4.240626483570622,0.01,0.02,0.025,-0.0049991445,-2.35674e-06,-9.246713e-05
0 days 00:00:08.950000,-0.0015330594781031272,-0.20012400000000002,0.24328800000000003,9.806076000000001,0.0,0.0,0.0,0.0,-0.0008726646259971648,0.0012217304763960308,0.0,-5.0,13.09,60.599999999999994,1,1,100.0,4,0.0,-0.005,-0.0,52.6483961,9.7457358,33.27,31.63,52.648392099999995,9.7457397,0.02548180707911721,-0.018500490071139894,4.240626483570622,0.01,0.02,0.025,-0.0049991445,-2.35674e-06,-9.246713e-05
0 days 00:00:08.960000,-0.0015330594781031272,-0.180504,0.22759200000000002,9.79038,0.0,0.0,0.0,0.0,-0.0008726646259971648,0.0008726646259971648,0.00017453292519943296,-5.0,13.09,60.599999999999994,1,1,100.0,4,0.0,-0.005,-0.0,52.6483961,9.7457358,33.27,31.63,52.648392099999995,9.7457397,0.02548180707911721,-0.018500490071139894,4.240626483570622,0.01,0.02,0.025,-0.0049991445,-2.35674e-06,-9.246713e-05
0 days 00:00:08.970000,-0.0015330594781031272,-0.16873200000000002,0.251136,9.802152000000001,0.0,0.0,0.0,0.0,-0.0008726646259971648,0.0010471975511965976,0.00017453292519943296,-6.0,13.09,60.599999999999994,1,1,100.0,4,0.0,-0.01,-0.0,52.6483961,9.7457358,33.29,31.63,52.648392099999995,9.7457397,0.02548180707911721,-0.018500490071139894,4.240626483570622,0.005,0.015,0.01,-0.009998289,-4.71348e-06,-0.00018493427
0 days 00:00:08.980000,-0.0015330594781031272,-0.18835200000000002,0.23936400000000002,9.821772000000001,0.0,0.0,0.0,0.0,-0.0008726646259971648,0.0010471975511965976,0.0005235987755982988,-6.0,13.09,60.599999999999994,1,1,100.0,4,0.0,-0.01,-0.0,52.6483961,9.7457358,33.29,31.63,52.648392099999995,9.7457397,0.02548180707911721,-0.018500490071139894,4.240626483570622,0.005,0.015,0.01,-0.009998289,-4.71348e-06,-0.00018493427
0 days 00:00:08.990000,-0.0015330594781031272,-0.16088400000000003,0.24328800000000003,9.802152000000001,0.0,0.0,0.0,0.0,-0.0008726646259971648,0.00034906585039886593,0.0,-6.0,13.09,60.599999999999994,1,1,100.0,4,0.0,-0.01,-0.0,52.6483961,9.7457358,33.29,31.63,52.648392099999995,9.7457397,0.02548180707911721,-0.018500490071139894,4.240626483570622,0.005,0.015,0.01,-0.009998289,-4.71348e-06,-0.00018493427
0 days 00:00:09,-0.0015330594781031272,-0.16480800000000004,0.231516,9.821772000000001,0.0,0.0,0.0,0.0,-0.0006981317007977319,0.0010471975511965976,0.00017453292519943296,-6.0,13.09,60.599999999999994,1,1,100.0,4,0.0,-0.01,-0.0,52.6483961,9.7457358,33.29,31.63,52.648392099999995,9.7457397,0.02548180707911721,-0.018500490071139894,4.240626483570622,0.005,0.015,0.01,-0.009998289,-4.71348e-06,-0.00018493427
0 days 00:00:09.010000,-0.0015330594781031272,-0.22759200000000002,0.23544,9.802152000000001,0.0,0.0,0.0,0.0,-0.0008726646259971648,0.00017453292519943296,0.0005235987755982988,-6.0,13.09,60.599999999999994,1,1,100.0,4,0.0,-0.01,-0.005,52.6483961,9.7457358,33.29,31.63,52.648392099999995,9.7457397,0.02548180707911721,-0.018500490071139894,4.240626483570622,0.005,0.015,0.01,-0.010090786,0.00012265997,0.004812587
0 days 00:00:09.020000,-0.0015330594781031272,-0.180504,0.23936400000000002,9.79038,0.0,0.0,0.0,0.0,-0.0005235987755982988,-0.0005235987755982988,0.0005235987755982988,-6.0,13.09,60.599999999999994,1,1,100.0,4,0.0,-0.005,-0.005,52.6483961,9.7457358,33.28,31.63,52.648392099999995,9.7457397,0.02530727415391778,-0.018675022996339326,4.240626483570622,0.0,-0.005,0.005,-0.005092498,0.00012413811,0.0049041878
0 days 00:00:09.030000,-0.0015330594781031272,-0.153036,0.24328800000000003,9.825696,0.0,0.0,0.0,0.0,-0.0005235987755982988,0.0012217304763960308,0.0005235987755982988,-5.0,13.09,60.599999999999994,1,1,100.0,4,0.0,-0.005,-0.0,52.6483961,9.7457358,33.28,31.63,52.648392099999995,9.7457397,0.02530727415391778,-0.018675022996339326,4.240626483570622,0.0,-0.005,0.005,-0.004999128,-2.36268e-06,-9.333979e-05
0 days 00:00:09.040000,-0.0015330594781031272,-0.23544,0.22759200000000002,9.813924,0.0,0.0,0.0,0.0,-0.00034906585039886593,-0.00034906585039886593,0.0005235987755982988,-5.0,13.09,60.599999999999994,1,1,100.0,4,0.0,-0.005,-0.005,52.6483961,9.7457358,33.28,31.63,52.648392099999995,9.7457397,0.02530727415391778,-0.018675022996339326,4.240626483570622,0.0,-0.005,0.005,-0.005092498,0.00012413811,0.0049041878
0 days 00:00:09.050000,-0.0015330594781031272,-0.184428,0.23936400000000002,9.806076000000001,0.0,0.0,0.0,0.0,-0.00034906585039886593,-0.0005235987755982988,0.0006981317007977319,-5.0,13.09,60.599999999999994,1,1,100.0,4,0.0,-0.005,-0.005,52.6483961,9.7457358,33.28,31.63,52.648392099999995,9.7457397,0.02530727415391778,-0.018675022996339326,4.240626483570622,0.0,-0.005,0.005,-0.005092498,0.00012413811,0.0049041878
0 days 00:00:09.060000,-0.0015330594781031272,-0.16088400000000003,0.23936400000000002,9.821772000000001,0.0,0.0,0.0,0.0,-0.0005235987755982988,0.0006981317007977319,0.0006981317007977319,-1.0,13.09,60.599999999999994,1,1,100.0,4,0.0,-0.005,-0.005,52.6483961,9.7457358,33.28,31.63,52.648392099999995,9.7457397,0.02530727415391778,-0.018675022996339326,4.240626483570622,0.0,-0.005,0.005,-0.005092498,0.00012413811,0.0049041878
0 days 00:00:09.070000,-0.0015330594781031272,-0.22759200000000002,0.23544,9.806076000000001,0.0,0.0,0.0,0.0,-0.0006981317007977319,-0.0008726646259971648,0.0006981317007977319,-1.0,13.09,60.599999999999994,1,1,100.0,4,0.005,0.005,-0.0,52.6483961,9.7457357,33.28,31.63,52.648392099999995,9.7457397,0.02530727415391778,-0.018675022996339326,4.240626483570622,0.0,-0.02,-0.02,0.004999128,0.0050007617,-3.318307e-05
0 days 00:00:09.080000,-0.0015330594781031272,-0.17265600000000003,0.231516,9.817848000000001,0.0,0.0,0.0,0.0,-0.00034906585039886593,-0.0008726646259971648,0.0005235987755982988,-1.0,13.09,60.599999999999994,1,1,100.0,4,0.005,0.005,-0.0,52.6483961,9.7457357,33.28,31.63,52.648392099999995,9.7457397,0.02530727415391778,-0.018675022996339326,4.240626483570622,0.0,-0.02,-0.02,0.004999128,0.0050007617,-3.318307e-05
0 days 00:00:09.090000,-0.0015330594781031272,-0.17658000000000004,0.23544,9.833544,0.0,0.0,0.0,0.0,-0.0005235987755982988,0.0,0.0008726646259971648,-1.0,13.09,60.599999999999994,1,1,100.0,4,0.0,0.005,-0.0,52.6483961,9.7457357,33.28,31.63,52.648392099999995,9.7457397,0.02530727415391778,-0.018675022996339326,4.240626483570622,0.0,-0.02,-0.02,0.004999128,2.36268e-06,9.333979e-05
0 days 00:00:09.100000,-0.0015330594781031272,-0.20797200000000002,0.23544,9.817848000000001,0.0,0.0,0.0,0.0,-0.00017453292519943296,-0.0015707963267948967,0.00034906585039886593,-1.0,13.09,60.599999999999994,1,1,100.0,4,0.0,0.005,-0.0,52.6483961,9.7457357,33.28,31.63,52.648392099999995,9.7457397,0.02530727415391778,-0.018675022996339326,4.240626483570622,0.0,-0.02,-0.02,0.004999128,2.36268e-06,9.333979e-05
0 days 00:00:09.110000,-0.0015330594781031272,-0.192276,0.21189600000000003,9.782532000000002,0.0,0.0,0.0,0.0,-0.00034906585039886593,-0.0013962634015954637,0.0006981317007977319,-1.0,13.09,60.599999999999994,1,1,100.0,4,0.0,0.005,-0.0,52.6483961,9.7457357,33.28,31.63,52.648392099999995,9.7457397,0.02530727415391778,-0.018675022996339326,4.240626483570622,0.0,-0.02,-0.02,0.004999128,2.36268e-06,9.333979e-05
0 days 00:00:09.120000,-0.0015330594781031272,-0.16480800000000004,0.21582000000000004,9.837468000000001,0.0,0.0,0.0,0.0,0.00034906585039886593,0.00017453292519943296,0.0006981317007977319,-1.0,13.09,60.599999999999994,1,1,100.0,4,0.0,0.005,-0.0,52.6483961,9.7457357,33.29,31.63,52.648392099999995,9.7457397,0.02530727415391778,-0.018675022996339326,4.240626483570622,-0.01,-0.005,0.005,0.004999128,2.36268e-06,9.333979e-05
0 days 00:00:09.130000,-0.0015330594781031272,-0.23544,0.21974400000000002,9.786456000000001,0.0,0.0,0.0,0.0,0.0005235987755982988,-0.0013962634015954637,0.0005235987755982988,-1.0,13.09,60.599999999999994,1,1,100.0,4,-0.005,0.005,-0.0,52.6483961,9.7457357,33.29,31.63,52.648392099999995,9.7457397,0.02530727415391778,-0.018675022996339326,4.240626483570622,-0.01,-0.005,0.005,0.004999128,-0.004996036,0.00021986265
0 days 00:00:09.140000,-0.0015330594781031272,-0.17265600000000003,0.223668,9.794304,0.0,0.0,0.0,0.0,0.0005235987755982988,-0.0005235987755982988,0.0006981317007977319,-1.0,13.09,60.599999999999994,1,1,100.0,4,-0.005,0.005,-0.0,52.6483961,9.7457357,33.29,31.63,52.648392099999995,9.7457397,0.02530727415391778,-0.018675022996339326,4.240626483570622,-0.01,-0.005,0.005,0.004999128,-0.004996036,0.00021986265
0 days 00:00:09.150000,-0.0015330594781031272,-0.16480800000000004,0.22759200000000002,9.813924,0.0,0.0,0.0,0.0,0.0005235987755982988,0.0,0.00017453292519943296,-1.0,13.09,60.599999999999994,1,1,100.0,4,-0.005,0.005,-0.0,52.6483961,9.7457357,33.29,31.63,52.648392099999995,9.7457397,0.02530727415391778,-0.018675022996339326,4.240626483570622,-0.01,-0.005,0.005,0.004999128,-0.004996036,0.00021986265
0 days 00:00:09.160000,-0.0015330594781031272,-0.20404800000000003,0.223668,9.798228,0.0,0.0,0.0,0.0,0.0005235987755982988,-0.0008726646259971648,0.00017453292519943296,-1.0,13.09,60.599999999999994,1,1,100.0,4,-0.005,0.005,-0.0,52.6483961,9.7457357,33.29,31.63,52.648392099999995,9.7457397,0.02530727415391778,-0.018675022996339326,4.240626483570622,-0.01,-0.005,0.005,0.004999128,-0.004996036,0.00021986265
0 days 00:00:09.170000,-0.0015330594781031272,-0.153036,0.231516,9.81,0.0,0.0,0.0,0.0,0.0006981317007977319,-0.00034906585039886593,0.00017453292519943296,-1.0,13.09,60.599999999999994,1,1,100.0,4,0.0,0.005,-0.0,52.6483961,9.7457357,33.28,31.63,52.648392099999995,9.7457397,0.02530727415391778,-0.018500490071139894,4.240626483570622,0.005,-0.01,0.02,0.0049991445,2.3406012e-06,9.2467555e-05
0 days 00:00:09.180000,-0.0015330594781031272,-0.15696000000000002,0.231516,9.841392,0.0,0.0,0.0,0.0,0.0005235987755982988,0.0008726646259971648,0.00017453292519943296,-1.0,13.09,60.599999999999994,1,1,100.0,4,0.0,0.005,-0.0,52.6483961,9.7457357,33.28,31.63,52.648392099999995,9.7457397,0.02530727415391778,-0.018500490071139894,4.240626483570622,0.005,-0.01,0.02,0.0049991445,2.3406012e-06,9.2467555e-05
0 days 00:00:09.190000,-0.0015330594781031272,-0.1962,0.23544,9.774684,0.0,0.0,0.0,0.0,0.0,-0.0006981317007977319,0.00017453292519943296,-1.0,13.09,60.599999999999994,1,1,100.0,4,0.0,0.005,-0.005,52.6483961,9.7457357,33.28,31.63,52.648392099999995,9.7457397,0.02530727415391778,-0.018500490071139894,4.240626483570622,0.005,-0.01,0.02,0.0049066474,0.00012884181,0.0050900113
0 days 00:00:09.200000,-0.0015330594781031272,-0.153036,0.23544,9.786456000000001,0.0,0.0,0.0,0.0,-0.00017453292519943296,-0.0005235987755982988,0.00017453292519943296,-1.0,13.09,60.599999999999994,1,1,100.0,4,0.0,0.005,-0.0,52.6483961,9.7457357,33.28,31.63,52.648392099999995,9.7457397,0.02530727415391778,-0.018500490071139894,4.240626483570622,0.005,-0.01,0.02,0.0049991445,2.3406012e-06,9.2467555e-05
0 days 00:00:09.210000,-0.0015330594781031272,-0.16088400000000003,0.24328800000000003,9.82962,0.0,0.0,0.0,0.0,0.0,0.0006981317007977319,0.00034906585039886593,-1.0,13.09,60.599999999999994,1,1,100.0,4,0.0,0.005,-0.0,52.6483961,9.7457357,33.28,31.63,52.648392099999995,9.7457397,0.02530727415391778,-0.018500490071139894,4.240626483570622,0.005,-0.01,0.02,0.0049991445,2.3406012e-06,9.2467555e-05
0 days 00:00:09.220000,-0.0015330594781031272,-0.192276,0.251136,9.79038,0.0,0.0,0.0,0.0,0.0,0.0,0.00017453292519943296,-1.0,13.09,60.599999999999994,1,1,100.0,4,0.0,-0.005,-0.0,52.648396,9.7457365,33.17,31.63,52.648392099999995,9.7457397,0.02530727415391778,-0.018500490071139894,4.240626483570622,0.01,0.025,-0.025,-0.0049991445,-2.3406012e-06,-9.2467555e-05
0 days 00:00:09.230000,-0.0015330594781031272,-0.16088400000000003,0.24328800000000003,9.79038,0.0,0.0,0.0,0.0,0.00017453292519943296,0.00017453292519943296,0.00034906585039886593,-1.0,13.09,60.599999999999994,1,1,100.0,4,0.0,-0.005,-0.0,52.648396,9.7457365,33.17,31.63,52.648392099999995,9.7457397,0.02530727415391778,-0.018500490071139894,4.240626483570622,0.01,0.025,-0.025,-0.0049991445,-2.3406012e-06,-9.2467555e-05
0 days 00:00:09.240000,-0.0015330594781031272,-0.153036,0.251136,9.794304,0.0,0.0,0.0,0.0,0.0,0.0008726646259971648,0.00034906585039886593,-1.0,13.09,60.599999999999994,1,1,100.0,4,0.0,-0.005,-0.0,52.648396,9.7457365,33.17,31.63,52.648392099999995,9.7457397,0.02530727415391778,-0.018500490071139894,4.240626483570622,0.01,0.025,-0.025,-0.0049991445,-2.3406012e-06,-9.2467555e-05
0 days 00:00:09.250000,-0.0015330594781031272,-0.192276,0.23936400000000002,9.802152000000001,0.0,0.0,0.0,0.0,0.00017453292519943296,0.0,0.00034906585039886593,-1.0,13.09,60.599999999999994,1,1,100.0,4,0.0,-0.005,-0.0,52.648396,9.7457365,33.17,31.63,52.648392099999995,9.7457397,0.02530727415391778,-0.018500490071139894,4.240626483570622,0.01,0.025,-0.025,-0.0049991445,-2.3406012e-06,-9.2467555e-05
0 days 00:00:09.260000,-0.0015330594781031272,-0.14126400000000003,0.24721200000000002,9.806076000000001,0.0,0.0,0.0,0.0,0.00034906585039886593,0.0005235987755982988,0.0,0.0,13.09,60.599999999999994,1,1,100.0,4,0.0,-0.005,-0.0,52.648396,9.7457365,33.17,31.63,52.648392099999995,9.7457397,0.02530727415391778,-0.018500490071139894,4.240626483570622,0.01,0.025,-0.025,-0.0049991445,-2.3406012e-06,-9.2467555e-05
0 days 00:00:09.270000,-0.0015330594781031272,-0.16873200000000002,0.23544,9.825696,0.0,0.0,0.0,0.0,0.0006981317007977319,0.0006981317007977319,0.00017453292519943296,0.0,13.09,60.599999999999994,1,1,100.0,4,0.0,0.0,-0.0,52.648396,9.7457365,33.17,31.63,52.648392099999995,9.7457397,0.02530727415391778,-0.018500490071139894,4.240626483570622,0.0,-0.005,-0.01,0.0,0.0,0.0
0 days 00:00:09.280000,-0.0015330594781031272,-0.18835200000000002,0.24328800000000003,9.81,0.0,0.0,0.0,0.0,0.0008726646259971648,0.0,0.00034906585039886593,0.0,13.09,60.599999999999994,1,1,100.0,4,0.0,0.0,-0.0,52.648396,9.7457365,33.17,31.63,52.648392099999995,9.7457397,0.02530727415391778,-0.018500490071139894,4.240626483570622,0.0,-0.005,-0.01,0.0,0.0,0.0
0 days 00:00:09.290000,-0.0015330594781031272,-0.16088400000000003,0.25506,9.802152000000001,0.0,0.0,0.0,0.0,0.0006981317007977319,0.00017453292519943296,0.00034906585039886593,0.0,13.09,60.599999999999994,1,1,100.0,4,0.0,0.0,-0.0,52.648396,9.7457365,33.17,31.63,52.648392099999995,9.7457397,0.02530727415391778,-0.018500490071139894,4.240626483570622,0.0,-0.005,-0.01,0.0,0.0,0.0
0 days 00:00:09.300000,-0.0015330594781031272,-0.18835200000000002,0.23936400000000002,9.806076000000001,0.0,0.0,0.0,0.0,0.0005235987755982988,0.00017453292519943296,0.0006981317007977319,0.0,13.09,60.599999999999994,1,1,100.0,4,0.0,0.0,-0.0,52.648396,9.7457365,33.17,31.63,52.648392099999995,9.7457397,0.02530727415391778,-0.018500490071139894,4.240626483570622,0.0,-0.005,-0.01,0.0,0.0,0.0
0 days 00:00:09.310000,-0.0015330594781031272,-0.184428,0.251136,9.806076000000001,0.0,0.0,0.0,0.0,0.0005235987755982988,-0.00017453292519943296,0.0006981317007977319,0.0,13.09,60.599999999999994,1,1,100.0,4,0.0,0.0,-0.0,52.648396,9.7457365,33.17,31.63,52.648392099999995,9.7457397,0.02530727415391778,-0.018500490071139894,4.240626483570622,0.0,-0.005,-0.01,0.0,0.0,0.0
0 days 00:00:09.320000,-0.0015330594781031272,-0.16480800000000004,0.25506,9.794304,0.0,0.0,0.0,0.0,0.00017453292519943296,0.00017453292519943296,0.0005235987755982988,0.0,13.09,60.599999999999994,1,1,100.0,4,0.0,-0.005,0.005,52.648396,9.7457364,33.17,31.63,52.648392099999995,9.7457397,0.02548180707911721,-0.018500490071139894,4.240626483570622,0.0,0.01,-0.005,-0.0049066474,-0.0001297302,-0.0050899885
0 days 00:00:09.330000,-0.0015330594781031272,-0.192276,0.25506,9.802152000000001,0.0,0.0,0.0,0.0,0.0,0.0,0.0005235987755982988,0.0,13.09,60.599999999999994,1,1,100.0,4,0.0,-0.005,0.005,52.648396,9.7457364,33.17,31.63,52.648392099999995,9.7457397,0.02548180707911721,-0.018500490071139894,4.240626483570622,0.0,0.01,-0.005,-0.0049066474,-0.0001297302,-0.0050899885
0 days 00:00:09.340000,-0.0015330594781031272,-0.184428,0.251136,9.802152000000001,0.0,0.0,0.0,0.0,-0.0005235987755982988,0.0,0.0005235987755982988,0.0,13.09,60.599999999999994,1,1,100.0,4,0.0,-0.005,0.005,52.648396,9.7457364,33.17,31.63,52.648392099999995,9.7457397,0.02548180707911721,-0.018500490071139894,4.240626483570622,0.0,0.01,-0.005,-0.0049066474,-0.0001297302,-0.0050899885
0 days 00:00:09.350000,-0.0015330594781031272,-0.1962,0.251136,9.821772000000001,0.0,0.0,0.0,0.0,-0.0005235987755982988,0.00017453292519943296,0.0008726646259971648,0.0,13.09,60.599999999999994,1,1,100.0,4,0.0,-0.005,0.005,52.648396,9.7457364,33.17,31.63,52.648392099999995,9.7457397,0.02548180707911721,-0.018500490071139894,4.240626483570622,0.0,0.01,-0.005,-0.0049066474,-0.0001297302,-0.0050899885
0 days 00:00:09.360000,-0.0015330594781031272,-0.18835200000000002,0.258984,9.806076000000001,0.0,0.0,0.0,0.0,-0.0006981317007977319,-0.00017453292519943296,0.0006981317007977319,0.0,13.09,60.599999999999994,1,1,100.0,4,0.0,-0.005,0.005,52.648396,9.7457364,33.17,31.63,52.648392099999995,9.7457397,0.02548180707911721,-0.018500490071139894,4.240626483570622,0.0,0.01,-0.005,-0.0049066474,-0.0001297302,-0.0050899885
0 days 00:00:09.370000,-0.0015330594781031272,-0.20012400000000002,0.24721200000000002,9.817848000000001,0.0,0.0,0.0,0.0,-0.0005235987755982988,-0.00034906585039886593,0.0006981317007977319,0.0,13.09,60.599999999999994,1,1,100.0,4,0.0,-0.005,0.005,52.648396,9.7457364,33.160000000000004,31.63,52.648392099999995,9.7457397,0.02548180707911721,-0.018500490071139894,4.240626483570622,0.0,0.01,-0.045,-0.0049066474,-0.0001297302,-0.0050899885
0 days 00:00:09.380000,-0.0015330594781031272,-0.18835200000000002,0.24721200000000002,9.79038,0.0,0.0,0.0,0.0,-0.0005235987755982988,-0.00034906585039886593,0.0006981317007977319,0.0,13.09,60.599999999999994,1,1,100.0,4,0.0,-0.005,0.005,52.648396,9.7457364,33.160000000000004,31.63,52.648392099999995,9.7457397,0.02548180707911721,-0.018500490071139894,4.240626483570622,0.0,0.01,-0.045,-0.0049066474,-0.0001297302,-0.0050899885
0 days 00:00:09.390000,-0.0015330594781031272,-0.18835200000000002,0.24328800000000003,9.81,0.0,0.0,0.0,0.0,-0.00034906585039886593,0.0,0.0005235987755982988,0.0,13.09,60.599999999999994,1,1,100.0,4,0.0,-0.005,0.005,52.648396,9.7457364,33.160000000000004,31.63,52.648392099999995,9.7457397,0.02530727415391778,-0.018500490071139894,4.240626483570622,0.0,0.01,-0.045,-0.0049066474,-0.00012884181,-0.0050900113
0 days 00:00:09.400000,-0.0015330594781031272,-0.21189600000000003,0.231516,9.794304,0.0,0.0,0.0,0.0,-0.00017453292519943296,-0.00034906585039886593,0.0006981317007977319,0.0,13.09,60.599999999999994,1,1,100.0,4,0.0,-0.005,0.005,52.648396,9.7457364,33.160000000000004,31.63,52.648392099999995,9.7457397,0.02530727415391778,-0.018500490071139894,4.240626483570622,0.0,0.01,-0.045,-0.0049066474,-0.00012884181,-0.0050900113
0 days 00:00:09.410000,-0.0015330594781031272,-0.17265600000000003,0.23936400000000002,9.806076000000001,0.0,0.0,0.0,0.0,-0.00017453292519943296,0.00034906585039886593,0.0005235987755982988,0.0,13.09,60.599999999999994,1,1,100.0,4,0.0,-0.005,0.005,52.648396,9.7457364,33.160000000000004,31.63,52.648392099999995,9.7457397,0.02530727415391778,-0.018500490071139894,4.240626483570622,0.0,0.01,-0.045,-0.0049066474,-0.00012884181,-0.0050900113
0 days 00:00:09.420000,-0.0015330594781031272,-0.20797200000000002,0.23936400000000002,9.806076000000001,0.0,0.0,0.0,0.0,0.0,0.0,0.0005235987755982988,0.0,13.09,60.599999999999994,1,1,100.0,4,-0.005,0.0,0.005,52.6483959,9.7457364,33.19,31.63,52.648392099999995,9.7457397,0.02548180707911721,-0.018675022996339326,4.240626483570622,-0.01,-0.005,-0.005,9.336969e-05,-0.00512575,-0.0048701097
0 days 00:00:09.430000,-0.0015330594781031272,-0.180504,0.24328800000000003,9.79038,0.0,0.0,0.0,0.0,-0.00017453292519943296,-0.00017453292519943296,0.00034906585039886593,0.0,13.09,60.599999999999994,1,1,100.0,4,-0.005,0.0,0.005,52.6483959,9.7457364,33.19,31.63,52.648392099999995,9.7457397,0.02548180707911721,-0.018675022996339326,4.240626483570622,-0.01,-0.005,-0.005,9.336969e-05,-0.00512575,-0.0048701097
0 days 00:00:09.440000,-0.0015330594781031272,-0.17265600000000003,0.231516,9.82962,0.0,0.0,0.0,0.0,-0.00017453292519943296,0.0005235987755982988,0.00017453292519943296,0.0,13.09,60.599999999999994,1,1,100.0,4,-0.005,0.0,0.005,52.6483959,9.7457364,33.19,31.63,52.648392099999995,9.7457397,0.02548180707911721,-0.018675022996339326,4.240626483570622,-0.01,-0.005,-0.005,9.336969e-05,-0.00512575,-0.0048701097
0 days 00:00:09.450000,-0.0015330594781031272,-0.20012400000000002,0.231516,9.806076000000001,0.0,0.0,0.0,0.0,-0.00017453292519943296,-0.00017453292519943296,0.00017453292519943296,0.0,13.09,60.599999999999994,1,1,100.0,4,-0.005,0.0,0.005,52.6483959,9.7457364,33.19,31.63,52.648392099999995,9.7457397,0.02548180707911721,-0.018675022996339326,4.240626483570622,-0.01,-0.005,-0.005,9.336969e-05,-0.00512575,-0.0048701097
0 days 00:00:09.460000,-0.0015330594781031272,-0.16088400000000003,0.23544,9.81,0.0,0.0,0.0,0.0,0.0,-0.00017453292519943296,0.0,0.0,13.09,60.599999999999994,1,1,100.0,4,-0.005,0.0,0.005,52.6483959,9.7457364,33.19,31.63,52.648392099999995,9.7457397,0.02548180707911721,-0.018675022996339326,4.240626483570622,-0.01,-0.005,-0.005,9.336969e-05,-0.00512575,-0.0048701097
0 days 00:00:09.470000,-0.0015330594781031272,-0.184428,0.223668,9.81,0.0,0.0,0.0,0.0,0.0,0.0,0.00034906585039886593,0.0,13.09,60.599999999999994,1,1,100.0,4,0.0,0.0,0.01,52.6483959,9.7457364,33.19,31.63,52.648392099999995,9.7457397,0.02530727415391778,-0.018675022996339326,4.240626483570622,0.0,-0.01,-0.02,0.00018673937,-0.0002530016,-0.009995055
0 days 00:00:09.480000,-0.0015330594781031272,-0.16480800000000004,0.23544,9.798228,0.0,0.0,0.0,0.0,-0.00017453292519943296,-0.00034906585039886593,0.00017453292519943296,0.0,13.09,60.599999999999994,1,1,100.0,4,0.0,0.0,0.01,52.6483959,9.7457364,33.19,31.63,52.648392099999995,9.7457397,0.02530727415391778,-0.018675022996339326,4.240626483570622,0.0,-0.01,-0.02,0.00018673937,-0.0002530016,-0.009995055
0 days 00:00:09.490000,-0.0015330594781031272,-0.153036,0.223668,9.81,0.0,0.0,0.0,0.0,-0.00017453292519943296,0.00017453292519943296,0.00034906585039886593,0.0,13.09,60.599999999999994,1,1,100.0,4,0.0,0.0,0.01,52.6483959,9.7457364,33.19,31.63,52.648392099999995,9.7457397,0.02530727415391778,-0.018675022996339326,4.240626483570622,0.0,-0.01,-0.02,0.00018673937,-0.0002530016,-0.009995055
0 days 00:00:09.500000,-0.0015330594781031272,-0.17265600000000003,0.23544,9.802152000000001,0.0,0.0,0.0,0.0,-0.00034906585039886593,0.0,0.00017453292519943296,0.0,13.09,60.599999999999994,1,1,100.0,4,0.0,0.005,0.01,52.6483959,9.7457364,33.19,31.63,52.648392099999995,9.7457397,0.02530727415391778,-0.018675022996339326,4.240626483570622,0.0,-0.01,-0.02,0.0051858677,-0.00025063893,-0.009901715
0 days 00:00:09.510000,-0.0015330594781031272,-0.180504,0.22759200000000002,9.806076000000001,0.0,0.0,0.0,0.0,-0.00017453292519943296,-0.00034906585039886593,0.00034906585039886593,0.0,13.09,60.599999999999994,1,1,100.0,4,0.0,0.005,0.01,52.6483959,9.7457364,33.19,31.63,52.648392099999995,9.7457397,0.02530727415391778,-0.018675022996339326,4.240626483570622,0.0,-0.01,-0.02,0.0051858677,-0.00025063893,-0.009901715
0 days 00:00:09.520000,-0.0015330594781031272,-0.15696000000000002,0.223668,9.806076000000001,0.0,0.0,0.0,0.0,0.0,0.00017453292519943296,0.0005235987755982988,0.0,13.09,60.599999999999994,1,1,100.0,4,0.0,-0.005,0.005,52.6483959,9.745736299999999,33.19,31.63,52.648392099999995,9.7457397,0.02530727415391778,-0.018500490071139894,4.240626483570622,0.01,0.01,0.03,-0.0049066474,-0.00012884181,-0.0050900113
0 days 00:00:09.530000,-0.0015330594781031272,-0.17658000000000004,0.23544,9.798228,0.0,0.0,0.0,0.0,-0.00034906585039886593,-0.00017453292519943296,0.0006981317007977319,0.0,13.09,60.599999999999994,1,1,100.0,4,0.0,-0.005,0.005,52.6483959,9.745736299999999,33.19,31.63,52.648392099999995,9.7457397,0.02530727415391778,-0.018500490071139894,4.240626483570622,0.01,0.01,0.03,-0.0049066474,-0.00012884181,-0.0050900113
0 days 00:00:09.540000,-0.0015330594781031272,-0.16480800000000004,0.22759200000000002,9.806076000000001,0.0,0.0,0.0,0.0,0.0,-0.0005235987755982988,0.0005235987755982988,0.0,13.09,60.599999999999994,1,1,100.0,4,0.0,-0.005,0.005,52.6483959,9.745736299999999,33.19,31.63,52.648392099999995,9.7457397,0.02530727415391778,-0.018500490071139894,4.240626483570622,0.01,0.01,0.03,-0.0049066474,-0.00012884181,-0.0050900113
0 days 00:00:09.550000,-0.0015330594781031272,-0.153036,0.23544,9.79038,0.0,0.0,0.0,0.0,0.0,-0.00017453292519943296,0.00034906585039886593,0.0,13.09,60.599999999999994,1,1,100.0,4,0.0,-0.005,0.005,52.6483959,9.745736299999999,33.19,31.63,52.648392099999995,9.7457397,0.02530727415391778,-0.018500490071139894,4.240626483570622,0.01,0.01,0.03,-0.0049066474,-0.00012884181,-0.0050900113
0 days 00:00:09.560000,-0.0015330594781031272,-0.16480800000000004,0.23544,9.798228,0.0,0.0,0.0,0.0,-0.00017453292519943296,0.0,0.0005235987755982988,0.0,13.09,60.599999999999994,1,1,100.0,4,0.0,-0.005,0.005,52.6483959,9.745736299999999,33.19,31.63,52.648392099999995,9.7457397,0.02530727415391778,-0.018500490071139894,4.240626483570622,0.01,0.01,0.03,-0.0049066474,-0.00012884181,-0.0050900113
0 days 00:00:09.570000,-0.0015330594781031272,-0.16873200000000002,0.23544,9.806076000000001,0.0,0.0,0.0,0.0,0.00017453292519943296,-0.00017453292519943296,0.00034906585039886593,0.0,13.09,60.599999999999994,1,1,100.0,4,0.0,-0.005,-0.0,52.648395199999996,9.745735999999999,33.37,31.63,52.648392099999995,9.7457397,0.02530727415391778,-0.018500490071139894,4.240626483570622,0.005,0.0,0.025,-0.0049991445,-2.3406012e-06,-9.2467555e-05
0 days 00:00:09.580000,-0.0015330594781031272,-0.16088400000000003,0.22759200000000002,9.794304,0.0,0.0,0.0,0.0,0.00034906585039886593,0.0,0.0005235987755982988,0.0,13.09,60.599999999999994,1,1,100.0,4,0.0,-0.005,-0.0,52.648395199999996,9.745735999999999,33.37,31.63,52.648392099999995,9.7457397,0.02530727415391778,-0.018500490071139894,4.240626483570622,0.005,0.0,0.025,-0.0049991445,-2.3406012e-06,-9.2467555e-05
0 days 00:00:09.590000,-0.0015330594781031272,-0.16088400000000003,0.24328800000000003,9.806076000000001,0.0,0.0,0.0,0.0,0.0005235987755982988,0.00034906585039886593,0.00017453292519943296,0.0,13.09,60.599999999999994,1,1,100.0,4,0.0,-0.005,-0.0,52.648395199999996,9.745735999999999,33.37,31.63,52.648392099999995,9.7457397,0.02530727415391778,-0.018500490071139894,4.240626483570622,0.005,0.0,0.025,-0.0049991445,-2.3406012e-06,-9.2467555e-05
0 days 00:00:09.600000,-0.0015330594781031272,-0.18835200000000002,0.231516,9.802152000000001,0.0,0.0,0.0,0.0,0.0006981317007977319,0.0,0.00034906585039886593,0.0,13.09,60.599999999999994,1,1,100.0,4,0.0,0.0,-0.0,52.648395199999996,9.745735999999999,33.37,31.63,52.648392099999995,9.7457397,0.02530727415391778,-0.018500490071139894,4.240626483570622,0.005,0.0,0.025,0.0,0.0,0.0
0 days 00:00:09.610000,-0.0015330594781031272,-0.17658000000000004,0.23936400000000002,9.798228,0.0,0.0,0.0,0.0,0.0006981317007977319,0.00017453292519943296,0.0005235987755982988,0.0,13.09,60.599999999999994,1,1,100.0,4,0.0,0.0,-0.0,52.648395199999996,9.745735999999999,33.37,31.63,52.648392099999995,9.7457397,0.02530727415391778,-0.018500490071139894,4.240626483570622,0.005,0.0,0.025,0.0,0.0,0.0
0 days 00:00:09.620000,-0.0015330594781031272,-0.17658000000000004,0.251136,9.806076000000001,0.0,0.0,0.0,0.0,0.00034906585039886593,0.0006981317007977319,0.00034906585039886593,0.0,13.09,60.599999999999994,1,1,100.0,4,-0.005,0.0,-0.0,52.6483953,9.7457365,33.29,31.63,52.648392099999995,9.7457397,0.02530727415391778,-0.018500490071139894,4.240626483570622,-0.01,0.005,-0.01,0.0,-0.004998399,0.00012652286
0 days 00:00:09.630000,-0.0015330594781031272,-0.1962,0.22759200000000002,9.802152000000001,0.0,0.0,0.0,0.0,0.0005235987755982988,0.00017453292519943296,0.0006981317007977319,0.0,13.09,60.599999999999994,1,1,100.0,4,-0.005,0.0,-0.0,52.6483953,9.7457365,33.29,31.63,52.648392099999995,9.7457397,0.02530727415391778,-0.018500490071139894,4.240626483570622,-0.01,0.005,-0.01,0.0,-0.004998399,0.00012652286
0 days 00:00:09.640000,-0.0015330594781031272,-0.16480800000000004,0.251136,9.81,0.0,0.0,0.0,0.0,0.00017453292519943296,0.0006981317007977319,0.0005235987755982988,0.0,13.09,60.599999999999994,1,1,100.0,4,-0.005,0.0,-0.0,52.6483953,9.7457365,33.29,31.63,52.648392099999995,9.7457397,0.02530727415391778,-0.018500490071139894,4.240626483570622,-0.01,0.005,-0.01,0.0,-0.004998399,0.00012652286
0 days 00:00:09.650000,-0.0015330594781031272,-0.21189600000000003,0.24721200000000002,9.798228,0.0,0.0,0.0,0.0,0.00017453292519943296,0.0,0.00034906585039886593,0.0,13.09,60.599999999999994,1,1,100.0,4,-0.005,0.0,-0.0,52.6483953,9.7457365,33.29,31.63,52.648392099999995,9.7457397,0.02548180707911721,-0.018675022996339326,4.240626483570622,-0.01,0.005,-0.01,0.0,-0.0049983766,0.00012739525
0 days 00:00:09.660000,-0.0015330594781031272,-0.192276,0.23544,9.81,0.0,0.0,0.0,0.0,0.00034906585039886593,0.00017453292519943296,0.0006981317007977319,0.0,13.09,60.599999999999994,1,1,100.0,4,-0.005,0.0,0.005,52.6483953,9.7457365,33.29,31.63,52.648392099999995,9.7457397,0.02548180707911721,-0.018675022996339326,4.240626483570622,-0.01,0.005,-0.01,9.336969e-05,-0.00512575,-0.0048701097
0 days 00:00:09.670000,-0.0015330594781031272,-0.16480800000000004,0.25506,9.81,0.0,0.0,0.0,0.0,0.00017453292519943296,0.0010471975511965976,0.0005235987755982988,0.0,13.09,60.599999999999994,1,1,100.0,4,-0.005,0.005,0.005,52.6483953,9.7457365,33.29,31.63,52.648392099999995,9.7457397,0.02548180707911721,-0.018675022996339326,4.240626483570622,-0.01,-0.005,-0.03,0.005092498,-0.005123371,-0.0047767707
0 days 00:00:09.680000,-0.0015330594781031272,-0.20797200000000002,0.24328800000000003,9.794304,0.0,0.0,0.0,0.0,0.00017453292519943296,0.0,0.0005235987755982988,0.0,13.09,60.599999999999994,1,1,100.0,4,-0.005,0.005,0.005,52.6483953,9.7457365,33.29,31.63,52.648392099999995,9.7457397,0.02548180707911721,-0.018675022996339326,4.240626483570622,-0.01,-0.005,-0.03,0.005092498,-0.005123371,-0.0047767707
0 days 00:00:09.690000,-0.0015330594781031272,-0.192276,0.24721200000000002,9.806076000000001,0.0,0.0,0.0,0.0,0.00017453292519943296,0.00017453292519943296,0.0006981317007977319,0.0,13.09,60.599999999999994,1,1,100.0,4,-0.005,0.0,0.005,52.6483953,9.7457365,33.29,31.63,52.648392099999995,9.7457397,0.02548180707911721,-0.018675022996339326,4.240626483570622,-0.01,-0.005,-0.03,9.336969e-05,-0.00512575,-0.0048701097
0 days 00:00:09.700000,-0.0015330594781031272,-0.17658000000000004,0.25506,9.81,0.0,0.0,0.0,0.0,-0.00017453292519943296,0.0008726646259971648,0.0006981317007977319,0.0,13.09,60.599999999999994,1,1,100.0,4,-0.005,0.0,0.005,52.6483953,9.7457365,33.29,31.63,52.648392099999995,9.7457397,0.02548180707911721,-0.018675022996339326,4.240626483570622,-0.01,-0.005,-0.03,9.336969e-05,-0.00512575,-0.0048701097
0 days 00:00:09.710000,-0.0015330594781031272,-0.20012400000000002,0.25506,9.81,0.0,0.0,0.0,0.0,-0.00017453292519943296,0.0,0.00034906585039886593,0.0,13.09,60.599999999999994,1,1,100.0,4,-0.005,0.0,0.005,52.6483953,9.7457365,33.29,31.63,52.648392099999995,9.7457397,0.02548180707911721,-0.018675022996339326,4.240626483570622,-0.01,-0.005,-0.03,9.336969e-05,-0.00512575,-0.0048701097
0 days 00:00:09.720000,-0.0015330594781031272,-0.180504,0.24721200000000002,9.821772000000001,0.0,0.0,0.0,0.0,0.0,0.00034906585039886593,0.0005235987755982988,0.0,13.09,60.599999999999994,1,1,100.0,4,0.0,0.0,0.005,52.6483953,9.7457365,33.29,31.63,52.648392099999995,9.7457397,0.02530727415391778,-0.018675022996339326,4.240626483570622,0.005,0.005,-0.015,9.336969e-05,-0.0001265008,-0.0049975277
0 days 00:00:09.730000,-0.0015330594781031272,-0.192276,0.251136,9.798228,0.0,0.0,0.0,0.0,-0.00017453292519943296,0.00034906585039886593,0.0006981317007977319,0.0,13.09,60.599999999999994,1,1,100.0,4,0.0,0.0,0.005,52.6483953,9.7457365,33.29,31.63,52.648392099999995,9.7457397,0.02530727415391778,-0.018675022996339326,4.240626483570622,0.005,0.005,-0.015,9.336969e-05,-0.0001265008,-0.0049975277
0 days 00:00:09.740000,-0.0015330594781031272,-0.20012400000000002,0.25506,9.817848000000001,0.0,0.0,0.0,0.0,0.0,-0.00017453292519943296,0.0006981317007977319,0.0,13.09,60.599999999999994,1,1,100.0,4,0.0,0.0,0.005,52.6483953,9.7457365,33.29,31.63,52.648392099999995,9.7457397,0.02530727415391778,-0.018675022996339326,4.240626483570622,0.005,0.005,-0.015,9.336969e-05,-0.0001265008,-0.0049975277
0 days 00:00:09.750000,-0.0015330594781031272,-0.16480800000000004,0.251136,9.813924,0.0,0.0,0.0,0.0,-0.00017453292519943296,0.0,0.00034906585039886593,0.0,13.09,60.599999999999994,1,1,100.0,4,0.0,0.0,0.005,52.6483953,9.7457365,33.29,31.63,52.648392099999995,9.7457397,0.02530727415391778,-0.018675022996339326,4.240626483570622,0.005,0.005,-0.015,9.336969e-05,-0.0001265008,-0.0049975277
0 days 00:00:09.760000,-0.0015330594781031272,-0.192276,0.24721200000000002,9.821772000000001,0.0,0.0,0.0,0.0,-0.00017453292519943296,0.00017453292519943296,0.00034906585039886593,0.0,13.09,60.599999999999994,1,1,100.0,4,0.0,0.0,0.005,52.6483953,9.7457365,33.29,31.63,52.648392099999995,9.7457397,0.02530727415391778,-0.018675022996339326,4.240626483570622,0.005,0.005,-0.015,9.336969e-05,-0.0001265008,-0.0049975277
0 days 00:00:09.770000,-0.0015330594781031272,-0.1962,0.24328800000000003,9.806076000000001,0.0,0.0,0.0,0.0,0.0,-0.0005235987755982988,0.0006981317007977319,0.0,13.09,60.599999999999994,1,1,100.0,4,0.005,-0.005,0.005,52.6483954,9.7457365,33.3,31.63,52.648392099999995,9.7457397,0.02530727415391778,-0.018675022996339326,4.240626483570622,0.02,-0.005,-0.02,-0.0049057584,0.0048695356,-0.00521739
0 days 00:00:09.780000,-0.0015330594781031272,-0.184428,0.25506,9.82962,0.0,0.0,0.0,0.0,-0.00017453292519943296,0.00017453292519943296,0.0005235987755982988,0.0,13.09,60.599999999999994,1,1,100.0,4,0.005,-0.005,0.005,52.6483954,9.7457365,33.3,31.63,52.648392099999995,9.7457397,0.02530727415391778,-0.018675022996339326,4.240626483570622,0.02,-0.005,-0.02,-0.0049057584,0.0048695356,-0.00521739
0 days 00:00:09.790000,-0.0015330594781031272,-0.20012400000000002,0.23544,9.786456000000001,0.0,0.0,0.0,0.0,-0.00034906585039886593,-0.0008726646259971648,0.0005235987755982988,0.0,13.09,60.599999999999994,1,1,100.0,4,0.005,-0.005,0.005,52.6483954,9.7457365,33.3,31.63,52.648392099999995,9.7457397,0.02530727415391778,-0.018675022996339326,4.240626483570622,0.02,-0.005,-0.02,-0.0049057584,0.0048695356,-0.00521739
0 days 00:00:09.800000,-0.0015330594781031272,-0.14126400000000003,0.24328800000000003,9.817848000000001,0.0,0.0,0.0,0.0,-0.0005235987755982988,0.0,0.0005235987755982988,0.0,13.09,60.599999999999994,1,1,100.0,4,0.005,-0.005,0.005,52.6483954,9.7457365,33.3,31.63,52.648392099999995,9.7457397,0.02530727415391778,-0.018675022996339326,4.240626483570622,0.02,-0.005,-0.02,-0.0049057584,0.0048695356,-0.00521739
0 days 00:00:09.810000,-0.0015330594781031272,-0.20404800000000003,0.24328800000000003,9.817848000000001,0.0,0.0,0.0,0.0,-0.00034906585039886593,-0.00034906585039886593,0.0005235987755982988,0.0,13.09,60.599999999999994,1,1,100.0,4,0.005,-0.005,0.005,52.6483954,9.7457365,33.3,31.63,52.648392099999995,9.7457397,0.02530727415391778,-0.018675022996339326,4.240626483570622,0.02,-0.005,-0.02,-0.0049057584,0.0048695356,-0.00521739
0 days 00:00:09.820000,-0.0015330594781031272,-0.17658000000000004,0.24328800000000003,9.782532000000002,0.0,0.0,0.0,0.0,-0.0005235987755982988,-0.0012217304763960308,0.00034906585039886593,0.0,13.09,60.599999999999994,1,1,100.0,4,-0.005,0.0,0.005,52.6483954,9.7457365,33.31,31.63,52.648392099999995,9.7457397,0.02530727415391778,-0.018675022996339326,4.240626483570622,-0.015,0.01,0.03,9.336969e-05,-0.0051248996,-0.0048710047
0 days 00:00:09.830000,-0.0015330594781031272,-0.13734000000000002,0.22759200000000002,9.817848000000001,0.0,0.0,0.0,0.0,-0.0005235987755982988,0.0,0.00034906585039886593,0.0,13.09,60.599999999999994,1,1,100.0,4,-0.005,0.0,0.005,52.6483954,9.7457365,33.31,31.63,52.648392099999995,9.7457397,0.02530727415391778,-0.018675022996339326,4.240626483570622,-0.015,0.01,0.03,9.336969e-05,-0.0051248996,-0.0048710047
0 days 00:00:09.840000,-0.0015330594781031272,-0.180504,0.23936400000000002,9.806076000000001,0.0,0.0,0.0,0.0,-0.00034906585039886593,-0.0005235987755982988,0.00017453292519943296,0.0,13.09,60.599999999999994,1,1,100.0,4,-0.005,0.0,0.005,52.6483954,9.7457365,33.31,31.63,52.648392099999995,9.7457397,0.02530727415391778,-0.018675022996339326,4.240626483570622,-0.015,0.01,0.03,9.336969e-05,-0.0051248996,-0.0048710047
0 days 00:00:09.850000,-0.0015330594781031272,-0.16873200000000002,0.24328800000000003,9.778608,0.0,0.0,0.0,0.0,-0.0005235987755982988,-0.0005235987755982988,0.00034906585039886593,0.0,13.09,60.599999999999994,1,1,100.0,4,-0.005,0.0,0.005,52.6483954,9.7457365,33.31,31.63,52.648392099999995,9.7457397,0.02530727415391778,-0.018675022996339326,4.240626483570622,-0.015,0.01,0.03,9.336969e-05,-0.0051248996,-0.0048710047
0 days 00:00:09.860000,-0.0015330594781031272,-0.153036,0.22759200000000002,9.806076000000001,0.0,0.0,0.0,0.0,-0.0006981317007977319,0.0005235987755982988,0.00034906585039886593,0.0,13.09,60.599999999999994,1,1,100.0,4,-0.005,0.0,0.005,52.6483954,9.7457365,33.31,31.63,52.648392099999995,9.7457397,0.02530727415391778,-0.018675022996339326,4.240626483570622,-0.015,0.01,0.03,9.336969e-05,-0.0051248996,-0.0048710047
0 days 00:00:09.870000,-0.0015330594781031272,-0.1962,0.23544,9.813924,0.0,0.0,0.0,0.0,-0.0005235987755982988,0.0,0.0005235987755982988,0.0,13.09,60.599999999999994,1,1,100.0,4,0.0,0.005,0.005,52.6483954,9.7457365,33.31,31.63,52.648392099999995,9.7457397,0.02530727415391778,-0.018675022996339326,4.240626483570622,0.0,-0.01,-0.005,0.005092498,-0.00012413811,-0.0049041878
0 days 00:00:09.880000,-0.0015330594781031272,-0.1962,0.23544,9.79038,0.0,0.0,0.0,0.0,-0.0005235987755982988,-0.0005235987755982988,0.0006981317007977319,0.0,13.09,60.599999999999994,1,1,100.0,4,0.0,0.005,0.005,52.6483954,9.7457365,33.31,31.63,52.648392099999995,9.7457397,0.02530727415391778,-0.018675022996339326,4.240626483570622,0.0,-0.01,-0.005,0.005092498,-0.00012413811,-0.0049041878
0 days 00:00:09.890000,-0.0015330594781031272,-0.145188,0.223668,9.81,0.0,0.0,0.0,0.0,-0.00017453292519943296,0.00034906585039886593,0.0005235987755982988,0.0,13.09,60.599999999999994,1,1,100.0,4,0.0,0.005,0.005,52.6483954,9.7457365,33.31,31.63,52.648392099999995,9.7457397,0.02530727415391778,-0.018675022996339326,4.240626483570622,0.0,-0.01,-0.005,0.005092498,-0.00012413811,-0.0049041878
0 days 00:00:09.900000,-0.0015330594781031272,-0.192276,0.22759200000000002,9.802152000000001,0.0,0.0,0.0,0.0,-0.00017453292519943296,-0.0005235987755982988,0.0005235987755982988,0.0,13.09,60.599999999999994,1,1,100.0,4,0.0,0.005,0.005,52.6483954,9.7457365,33.31,31.63,52.648392099999995,9.7457397,0.02530727415391778,-0.018675022996339326,4.240626483570622,0.0,-0.01,-0.005,0.005092498,-0.00012413811,-0.0049041878
0 days 00:00:09.910000,-0.0015330594781031272,-0.153036,0.25506,9.774684,0.0,0.0,0.0,0.0,-0.00017453292519943296,-0.00034906585039886593,0.0005235987755982988,0.0,13.09,60.599999999999994,1,1,100.0,4,0.0,0.005,0.005,52.6483954,9.7457365,33.31,31.63,52.648392099999995,9.7457397,0.02530727415391778,-0.018675022996339326,4.240626483570622,0.0,-0.01,-0.005,0.005092498,-0.00012413811,-0.0049041878
0 days 00:00:09.920000,-0.0015330594781031272,-0.16480800000000004,0.21974400000000002,9.837468000000001,0.0,0.0,0.0,0.0,0.00034906585039886593,0.0012217304763960308,0.0005235987755982988,0.0,13.09,60.599999999999994,1,1,100.0,4,-0.01,0.01,-0.0,52.6483954,9.745736599999999,33.3,31.63,52.648392099999995,9.7457397,0.02530727415391778,-0.018675022996339326,4.240626483570622,-0.02,-0.01,0.035,0.009998256,-0.009992072,0.0004397253
0 days 00:00:09.930000,-0.0015330594781031272,-0.21974400000000002,0.223668,9.739368,0.0,0.0,0.0,0.0,0.0,-0.0006981317007977319,0.0008726646259971648,0.0,13.09,60.599999999999994,1,1,100.0,4,-0.01,0.01,-0.0,52.6483954,9.745736599999999,33.3,31.63,52.648392099999995,9.7457397,0.02530727415391778,-0.018675022996339326,4.240626483570622,-0.02,-0.01,0.035,0.009998256,-0.009992072,0.0004397253
0 days 00:00:09.940000,-0.0015330594781031272,-0.11379600000000001,0.223668,9.845316,0.0,0.0,0.0,0.0,0.00034906585039886593,0.0010471975511965976,0.0005235987755982988,0.0,13.09,60.599999999999994,1,1,100.0,4,-0.01,0.01,-0.0,52.6483954,9.745736599999999,33.3,31.63,52.648392099999995,9.7457397,0.02530727415391778,-0.018675022996339326,4.240626483570622,-0.02,-0.01,0.035,0.009998256,-0.009992072,0.0004397253
0 days 00:00:09.950000,-0.0015330594781031272,-0.1962,0.231516,9.79038,0.0,0.0,0.0,0.0,0.0,0.00017453292519943296,0.00017453292519943296,0.0,13.09,60.599999999999994,1,1,100.0,4,-0.01,0.01,-0.0,52.6483954,9.745736599999999,33.3,31.63,52.648392099999995,9.7457397,0.02530727415391778,-0.018675022996339326,4.240626483570622,-0.02,-0.01,0.035,0.009998256,-0.009992072,0.0004397253
0 days 00:00:09.960000,-0.0015330594781031272,-0.192276,0.223668,9.825696,0.0,0.0,0.0,0.0,0.0005235987755982988,-0.00017453292519943296,0.00034906585039886593,0.0,13.09,60.599999999999994,1,1,100.0,4,-0.01,0.01,-0.0,52.6483954,9.745736599999999,33.3,31.63,52.648392099999995,9.7457397,0.02530727415391778,-0.018675022996339326,4.240626483570622,-0.02,-0.01,0.035,0.009998256,-0.009992072,0.0004397253
0 days 00:00:09.970000,-0.0015330594781031272,-0.153036,0.24328800000000003,9.786456000000001,0.0,0.0,0.0,0.0,0.0,0.0005235987755982988,0.00034906585039886593,0.0,13.09,60.599999999999994,1,1,100.0,4,-0.01,0.005,-0.0,52.6483954,9.7457365,33.31,31.63,52.648392099999995,9.7457397,0.02530727415391778,-0.018675022996339326,4.240626483570622,-0.005,0.005,0.015,0.004999128,-0.009994435,0.00034638552
0 days 00:00:09.980000,-0.0014151318259413483,-0.184428,0.21582000000000004,9.845316,0.0,0.0,0.0,0.0,0.00034906585039886593,0.0008726646259971648,0.0005235987755982988,0.0,13.09,60.599999999999994,1,1,100.0,4,-0.01,0.005,-0.0,52.6483954,9.7457365,33.31,31.63,52.648392099999995,9.7457397,0.02530727415391778,-0.018675022996339326,4.240626483570622,-0.005,0.005,0.015,0.004999128,-0.009994435,0.00034638552
0 days 00:00:09.990000,-0.0014151318259413483,-0.21974400000000002,0.251136,9.766836000000001,0.0,0.0,0.0,0.0,0.00034906585039886593,-0.0008726646259971648,0.0005235987755982988,0.0,13.09,60.599999999999994,1,1,100.0,4,-0.01,0.005,-0.0,52.6483954,9.7457365,33.31,31.63,52.648392099999995,9.7457397,0.02530727415391778,-0.018675022996339326,4.240626483570622,-0.005,0.005,0.015,0.004999128,-0.009994435,0.00034638552
0 days 00:00:10,-0.0014151318259413483,-0.12164400000000002,0.23544,9.837468000000001,0.0,0.0,0.0,0.0,0.0005235987755982988,0.0017453292519943296,0.0006981317007977319,0.0,13.09,60.599999999999994,1,1,100.0,4,-0.01,0.005,-0.0,52.6483954,9.7457365,33.31,31.63,52.648392099999995,9.7457397,0.02530727415391778,-0.018675022996339326,4.240626483570622,-0.005,0.005,0.015,0.004999128,-0.009994435,0.00034638552
0 days 00:00:10.010000,-0.0012972041737795694,-0.23544,0.24328800000000003,9.782532000000002,0.0,0.0,0.0,0.0,0.0,-0.00034906585039886593,0.00034906585039886593,0.0,13.09,60.599999999999994,1,1,100.0,4,-0.01,0.005,-0.0,52.6483954,9.7457365,33.31,31.63,52.648392099999995,9.7457397,0.02530727415391778,-0.018675022996339326,4.240626483570622,-0.005,0.005,0.015,0.004999128,-0.009994435,0.00034638552
0 days 00:00:10.020000,-0.0011792765216177901,-0.16873200000000002,0.23936400000000002,9.802152000000001,0.0,0.0,0.0,0.0,0.00017453292519943296,-0.0005235987755982988,0.00034906585039886593,0.0,13.09,60.599999999999994,1,1,100.0,4,-0.005,0.0,-0.0,52.6483955,9.7457364,33.32,31.63,52.648392099999995,9.7457397,0.02530727415391778,-0.018675022996339326,4.240626483570622,-0.005,0.01,-0.03,0.0,-0.004998399,0.00012652286
0 days 00:00:10.030000,-0.0011792765216177901,-0.15696000000000002,0.231516,9.857088000000003,0.0,0.0,0.0,0.0,0.00017453292519943296,0.0012217304763960308,0.0005235987755982988,0.0,13.09,60.599999999999994,1,1,100.0,4,-0.005,0.0,-0.0,52.6483955,9.7457364,33.32,31.63,52.648392099999995,9.7457397,0.02530727415391778,-0.018675022996339326,4.240626483570622,-0.005,0.01,-0.03,0.0,-0.004998399,0.00012652286
0 days 00:00:10.040000,-0.0010613488694560112,-0.22759200000000002,0.26290800000000003,9.774684,0.0,0.0,0.0,0.0,0.00017453292519943296,-0.0010471975511965976,0.00034906585039886593,0.0,13.09,60.599999999999994,1,1,100.0,4,-0.005,0.0,-0.0,52.6483955,9.7457364,33.32,31.63,52.648392099999995,9.7457397,0.02530727415391778,-0.018675022996339326,4.240626483570622,-0.005,0.01,-0.03,0.0,-0.004998399,0.00012652286
0 days 00:00:10.050000,-0.0009434212172942321,-0.145188,0.231516,9.821772000000001,0.0,0.0,0.0,0.0,0.00034906585039886593,0.0005235987755982988,0.00034906585039886593,0.0,13.09,60.599999999999994,1,1,100.0,4,-0.005,0.0,-0.0,52.6483955,9.7457364,33.32,31.63,52.648392099999995,9.7457397,0.02530727415391778,-0.018675022996339326,4.240626483570622,-0.005,0.01,-0.03,0.0,-0.004998399,0.00012652286
0 days 00:00:10.060000,-0.0007075659129706742,-0.20404800000000003,0.22759200000000002,9.821772000000001,0.0,0.0,0.0,0.0,0.0006981317007977319,-0.00017453292519943296,0.00034906585039886593,0.0,13.09,60.599999999999994,1,1,100.0,4,-0.005,0.0,-0.0,52.6483955,9.7457364,33.32,31.63,52.648392099999995,9.7457397,0.02530727415391778,-0.018675022996339326,4.240626483570622,-0.005,0.01,-0.03,0.0,-0.004998399,0.00012652286
0 days 00:00:10.070000,-0.0005896382608088951,-0.18835200000000002,0.258984,9.821772000000001,0.0,0.0,0.0,0.0,0.00034906585039886593,-0.00017453292519943296,0.00034906585039886593,0.0,13.09,60.599999999999994,1,1,100.0,4,0.0,-0.005,0.005,52.6483955,9.7457364,33.32,31.63,52.648392099999995,9.7457397,0.02530727415391778,-0.018675022996339326,4.240626483570622,0.015,0.005,-0.02,-0.0049057584,-0.00012886348,-0.005090867
0 days 00:00:10.080000,-0.0003537829564853371,-0.21582000000000004,0.231516,9.794304,0.0,0.0,0.0,0.0,0.0006981317007977319,-0.0006981317007977319,0.0005235987755982988,0.0,13.09,60.449999999999996,1,1,100.0,4,0.0,-0.005,0.005,52.6483955,9.7457364,33.32,31.63,52.648392099999995,9.7457397,0.02530727415391778,-0.018675022996339326,4.240626483570622,0.015,0.005,-0.02,-0.0049057584,-0.00012886348,-0.005090867
0 days 00:00:10.090000,-0.00023585530432355804,-0.15696000000000002,0.27075600000000005,9.81,0.0,0.0,0.0,0.0,0.0005235987755982988,0.00034906585039886593,0.00034906585039886593,0.0,13.09,60.3,1,1,100.0,4,0.0,-0.005,0.005,52.6483955,9.7457364,33.32,31.63,52.648392099999995,9.7457397,0.02530727415391778,-0.018675022996339326,4.240626483570622,0.015,0.005,-0.02,-0.0049057584,-0.00012886348,-0.005090867
0 days 00:00:10.100000,0.0,-0.21974400000000002,0.23936400000000002,9.817848000000001,0.0,0.0,0.0,0.0,0.0005235987755982988,-0.0006981317007977319,0.00017453292519943296,0.0,13.09,60.3,1,1,100.0,4,0.0,-0.005,0.005,52.6483955,9.7457364,33.32,31.63,52.648392099999995,9.7457397,0.02530727415391778,-0.018675022996339326,4.240626483570622,0.015,0.005,-0.02,-0.0049057584,-0.00012886348,-0.005090867
0 days 00:00:10.110000,0.00011792765216177902,-0.17265600000000003,0.25506,9.778608,0.0,0.0,0.0,0.0,0.00017453292519943296,-0.00034906585039886593,0.00034906585039886593,0.0,13.09,60.3,1,1,100.0,4,0.0,-0.005,0.005,52.6483955,9.7457364,33.32,31.63,52.648392099999995,9.7457397,0.02530727415391778,-0.018675022996339326,4.240626483570622,0.015,0.005,-0.02,-0.0049057584,-0.00012886348,-0.005090867
0 days 00:00:10.120000,0.0003537829564853371,-0.17265600000000003,0.24328800000000003,9.837468000000001,0.0,0.0,0.0,0.0,0.00034906585039886593,0.0005235987755982988,0.00034906585039886593,0.0,13.09,60.3,1,1,100.0,4,0.005,-0.005,0.005,52.6483955,9.7457365,33.31,31.63,52.648392099999995,9.7457397,0.02530727415391778,-0.018675022996339326,4.240626483570622,0.01,0.005,-0.02,-0.0049057584,0.0048695356,-0.00521739
0 days 00:00:10.130000,0.0004717106086471161,-0.21582000000000004,0.24328800000000003,9.794304,0.0,0.0,0.0,0.0,0.00034906585039886593,-0.0012217304763960308,0.00034906585039886593,0.0,13.09,60.3,1,1,100.0,4,0.005,-0.005,0.005,52.6483955,9.7457365,33.31,31.63,52.648392099999995,9.7457397,0.02530727415391778,-0.018675022996339326,4.240626483570622,0.01,0.005,-0.02,-0.0049057584,0.0048695356,-0.00521739
0 days 00:00:10.140000,0.0005896382608088951,-0.14126400000000003,0.251136,9.833544,0.0,0.0,0.0,0.0,0.0005235987755982988,0.0,0.00017453292519943296,0.0,13.09,60.3,1,1,100.0,4,0.005,-0.005,0.005,52.6483955,9.7457365,33.31,31.63,52.648392099999995,9.7457397,0.02530727415391778,-0.018675022996339326,4.240626483570622,0.01,0.005,-0.02,-0.0049057584,0.0048695356,-0.00521739
0 days 00:00:10.150000,0.0005896382608088951,-0.1962,0.24328800000000003,9.806076000000001,0.0,0.0,0.0,0.0,0.00017453292519943296,-0.00017453292519943296,0.00034906585039886593,0.0,13.09,60.3,1,1,100.0,4,0.005,-0.005,0.005,52.6483955,9.7457365,33.31,31.63,52.648392099999995,9.7457397,0.02530727415391778,-0.018675022996339326,4.240626483570622,0.01,0.005,-0.02,-0.0049057584,0.0048695356,-0.00521739
0 days 00:00:10.160000,0.0007075659129706742,-0.20012400000000002,0.26290800000000003,9.794304,0.0,0.0,0.0,0.0,-0.00017453292519943296,-0.0005235987755982988,0.00034906585039886593,0.0,13.09,60.15,1,1,100.0,4,0.005,-0.005,0.005,52.6483955,9.7457365,33.31,31.63,52.648392099999995,9.7457397,0.02530727415391778,-0.018675022996339326,4.240626483570622,0.01,0.005,-0.02,-0.0049057584,0.0048695356,-0.00521739
0 days 00:00:10.170000,0.0007075659129706742,-0.17265600000000003,0.23936400000000002,9.786456000000001,0.0,0.0,0.0,0.0,-0.00034906585039886593,-0.0005235987755982988,0.0006981317007977319,0.0,13.09,60.0,1,1,100.0,4,0.0,-0.005,0.005,52.6483956,9.7457364,33.33,31.63,52.648392099999995,9.7457397,0.02530727415391778,-0.018675022996339326,4.240626483570622,-0.005,0.0,0.015,-0.0049057584,-0.00012886348,-0.005090867
0 days 00:00:10.180000,0.0007075659129706742,-0.145188,0.266832,9.82962,0.0,0.0,0.0,0.0,-0.0005235987755982988,0.0005235987755982988,0.00017453292519943296,0.0,13.09,60.0,1,1,100.0,4,0.0,-0.005,0.005,52.6483956,9.7457364,33.33,31.63,52.648392099999995,9.7457397,0.02530727415391778,-0.018675022996339326,4.240626483570622,-0.005,0.0,0.015,-0.0049057584,-0.00012886348,-0.005090867
0 days 00:00:10.190000,0.0007075659129706742,-0.21974400000000002,0.23544,9.774684,0.0,0.0,0.0,0.0,-0.0006981317007977319,-0.0008726646259971648,0.0006981317007977319,0.0,13.09,60.0,1,1,100.0,4,0.0,-0.005,0.005,52.6483956,9.7457364,33.33,31.63,52.648392099999995,9.7457397,0.02530727415391778,-0.018675022996339326,4.240626483570622,-0.005,0.0,0.015,-0.0049057584,-0.00012886348,-0.005090867
0 days 00:00:10.200000,0.0007075659129706742,-0.129492,0.24721200000000002,9.802152000000001,0.0,0.0,0.0,0.0,-0.0008726646259971648,0.00034906585039886593,0.0005235987755982988,0.0,13.09,60.0,1,1,100.0,4,0.0,-0.005,0.005,52.6483956,9.7457364,33.33,31.63,52.648392099999995,9.7457397,0.02530727415391778,-0.018675022996339326,4.240626483570622,-0.005,0.0,0.015,-0.0049057584,-0.00012886348,-0.005090867
0 days 00:00:10.210000,0.0007075659129706742,-0.17265600000000003,0.231516,9.821772000000001,0.0,0.0,0.0,0.0,-0.0006981317007977319,0.0005235987755982988,0.0006981317007977319,0.0,13.09,60.0,1,1,100.0,4,0.0,-0.005,0.005,52.6483956,9.7457364,33.33,31.63,52.648392099999995,9.7457397,0.02530727415391778,-0.018675022996339326,4.240626483570622,-0.005,0.0,0.015,-0.0049057584,-0.00012886348,-0.005090867
0 days 00:00:10.220000,0.0007075659129706742,-0.180504,0.251136,9.778608,0.0,0.0,0.0,0.0,-0.0006981317007977319,-0.0010471975511965976,0.0005235987755982988,0.0,13.09,59.85,1,1,100.0,4,-0.005,-0.005,-0.0,52.648395699999995,9.7457374,33.160000000000004,31.63,52.648392099999995,9.7457397,0.02530727415391778,-0.018675022996339326,4.240626483570622,-0.005,0.01,0.035,-0.004999128,-0.0050007617,3.318307e-05
0 days 00:00:10.230000,0.0007075659129706742,-0.13734000000000002,0.24721200000000002,9.813924,0.0,0.0,0.0,0.0,-0.0005235987755982988,0.00034906585039886593,0.0006981317007977319,0.0,13.09,59.7,1,1,100.0,4,-0.005,-0.005,-0.0,52.648395699999995,9.7457374,33.160000000000004,31.63,52.648392099999995,9.7457397,0.02530727415391778,-0.018675022996339326,4.240626483570622,-0.005,0.01,0.035,-0.004999128,-0.0050007617,3.318307e-05
0 days 00:00:10.240000,0.0007075659129706742,-0.180504,0.23936400000000002,9.806076000000001,0.0,0.0,0.0,0.0,-0.00034906585039886593,0.00017453292519943296,0.0006981317007977319,0.0,13.09,59.7,1,1,100.0,4,-0.005,-0.005,-0.0,52.648395699999995,9.7457374,33.160000000000004,31.63,52.648392099999995,9.7457397,0.02530727415391778,-0.018675022996339326,4.240626483570622,-0.005,0.01,0.035,-0.004999128,-0.0050007617,3.318307e-05
0 days 00:00:10.250000,0.0007075659129706742,-0.17658000000000004,0.231516,9.79038,0.0,0.0,0.0,0.0,-0.0006981317007977319,-0.00034906585039886593,0.0008726646259971648,0.0,13.09,59.7,1,1,100.0,4,-0.005,-0.005,-0.0,52.648395699999995,9.7457374,33.160000000000004,31.63,52.648392099999995,9.7457397,0.02530727415391778,-0.018675022996339326,4.240626483570622,-0.005,0.01,0.035,-0.004999128,-0.0050007617,3.318307e-05
0 days 00:00:10.260000,0.0007075659129706742,-0.145188,0.22759200000000002,9.825696,0.0,0.0,0.0,0.0,-0.00034906585039886593,0.0005235987755982988,0.0008726646259971648,0.0,13.09,59.7,1,1,100.0,4,-0.005,0.0,-0.0,52.648395699999995,9.7457374,33.160000000000004,31.63,52.648392099999995,9.7457397,0.02530727415391778,-0.018675022996339326,4.240626483570622,-0.005,0.01,0.035,0.0,-0.004998399,0.00012652286
0 days 00:00:10.270000,0.0007075659129706742,-0.16480800000000004,0.24721200000000002,9.81,0.0,0.0,0.0,0.0,-0.00017453292519943296,0.00017453292519943296,0.0005235987755982988,0.0,13.09,59.7,1,1,100.0,4,-0.005,0.005,-0.0,52.648395699999995,9.7457374,33.160000000000004,31.63,52.648392099999995,9.7457397,0.02530727415391778,-0.018675022996339326,4.240626483570622,-0.01,-0.01,0.02,0.004999128,-0.004996036,0.00021986265
0 days 00:00:10.280000,0.0007075659129706742,-0.18835200000000002,0.231516,9.794304,0.0,0.0,0.0,0.0,0.0,-0.00034906585039886593,0.0006981317007977319,0.0,13.09,59.55,1,1,100.0,4,-0.005,0.005,-0.0,52.648395699999995,9.7457374,33.160000000000004,31.63,52.648392099999995,9.7457397,0.02530727415391778,-0.018675022996339326,4.240626483570622,-0.01,-0.01,0.02,0.004999128,-0.004996036,0.00021986265
0 days 00:00:10.290000,0.0007075659129706742,-0.15696000000000002,0.23544,9.821772000000001,0.0,0.0,0.0,0.0,0.0,0.0006981317007977319,0.0006981317007977319,0.0,13.09,59.39999999999999,1,1,100.0,4,-0.005,0.005,-0.0,52.648395699999995,9.7457374,33.160000000000004,31.63,52.648392099999995,9.7457397,0.02530727415391778,-0.018675022996339326,4.240626483570622,-0.01,-0.01,0.02,0.004999128,-0.004996036,0.00021986265
0 days 00:00:10.300000,0.0007075659129706742,-0.17265600000000003,0.23936400000000002,9.81,0.0,0.0,0.0,0.0,0.0,0.0005235987755982988,0.00034906585039886593,0.0,13.09,59.24999999999999,1,1,100.0,4,-0.005,0.005,-0.0,52.648395699999995,9.7457374,33.160000000000004,31.63,52.648392099999995,9.7457397,0.02530727415391778,-0.018675022996339326,4.240626483570622,-0.01,-0.01,0.02,0.004999128,-0.004996036,0.00021986265
0 days 00:00:10.310000,0.0007075659129706742,-0.192276,0.223668,9.798228,0.0,0.0,0.0,0.0,0.0,-0.00017453292519943296,0.0005235987755982988,0.0,13.09,59.099999999999994,1,1,100.0,4,-0.005,0.005,-0.0,52.648395699999995,9.7457374,33.160000000000004,31.63,52.648392099999995,9.7457397,0.02530727415391778,-0.018675022996339326,4.240626483570622,-0.01,-0.01,0.02,0.004999128,-0.004996036,0.00021986265
0 days 00:00:10.320000,0.0007075659129706742,-0.16088400000000003,0.22759200000000002,9.802152000000001,0.0,0.0,0.0,0.0,-0.0005235987755982988,0.0006981317007977319,0.0005235987755982988,0.0,13.09,58.949999999999996,1,1,100.0,4,0.0,0.005,-0.0,52.648395699999995,9.7457374,33.160000000000004,31.63,52.648392099999995,9.7457397,0.02530727415391778,-0.018675022996339326,4.240626483570622,0.0,-0.01,-0.02,0.004999128,2.36268e-06,9.333979e-05
0 days 00:00:10.330000,0.0007075659129706742,-0.20797200000000002,0.231516,9.806076000000001,0.0,0.0,0.0,0.0,-0.00034906585039886593,0.0,0.0005235987755982988,0.0,13.09,58.8,1,1,100.0,4,0.0,0.005,-0.0,52.648395699999995,9.7457374,33.160000000000004,31.63,52.648392099999995,9.7457397,0.02530727415391778,-0.018675022996339326,4.240626483570622,0.0,-0.01,-0.02,0.004999128,2.36268e-06,9.333979e-05
0 days 00:00:10.340000,0.0007075659129706742,-0.184428,0.231516,9.806076000000001,0.0,0.0,0.0,0.0,-0.00034906585039886593,-0.00017453292519943296,0.0005235987755982988,0.0,13.09,58.65,1,1,100.0,4,0.0,0.005,-0.0,52.648395699999995,9.7457374,33.160000000000004,31.63,52.648392099999995,9.7457397,0.02530727415391778,-0.018675022996339326,4.240626483570622,0.0,-0.01,-0.02,0.004999128,2.36268e-06,9.333979e-05
0 days 00:00:10.350000,0.0007075659129706742,-0.15696000000000002,0.23936400000000002,9.817848000000001,0.0,0.0,0.0,0.0,-0.00034906585039886593,0.0005235987755982988,0.00017453292519943296,0.0,13.09,58.5,1,1,100.0,4,0.0,0.005,-0.0,52.648395699999995,9.7457374,33.160000000000004,31.63,52.648392099999995,9.7457397,0.02530727415391778,-0.018675022996339326,4.240626483570622,0.0,-0.01,-0.02,0.004999128,2.36268e-06,9.333979e-05
0 days 00:00:10.360000,0.0007075659129706742,-0.22759200000000002,0.231516,9.802152000000001,0.0,0.0,0.0,0.0,-0.00034906585039886593,0.0,0.0005235987755982988,0.0,13.09,58.199999999999996,1,1,100.0,4,0.0,0.005,-0.0,52.648395699999995,9.7457374,33.160000000000004,31.63,52.648392099999995,9.7457397,0.02530727415391778,-0.018675022996339326,4.240626483570622,0.0,-0.01,-0.02,0.004999128,2.36268e-06,9.333979e-05
0 days 00:00:10.370000,0.0007075659129706742,-0.184428,0.24721200000000002,9.79038,0.0,0.0,0.0,0.0,-0.0005235987755982988,0.0,0.00034906585039886593,0.0,13.09,57.89999999999999,1,1,100.0,4,0.005,0.0,0.005,52.648395699999995,9.7457374,33.15,31.63,52.648392099999995,9.7457397,0.02530727415391778,-0.018675022996339326,4.240626483570622,0.01,-0.005,-0.065,9.336969e-05,0.0048718983,-0.00512405
0 days 00:00:10.380000,0.0007075659129706742,-0.184428,0.231516,9.81,0.0,0.0,0.0,0.0,-0.0005235987755982988,0.0005235987755982988,0.0005235987755982988,0.0,13.09,57.449999999999996,1,1,100.0,4,0.005,0.0,0.005,52.648395699999995,9.7457374,33.15,31.63,52.648392099999995,9.7457397,0.02530727415391778,-0.018675022996339326,4.240626483570622,0.01,-0.005,-0.065,9.336969e-05,0.0048718983,-0.00512405
0 days 00:00:10.390000,0.0007075659129706742,-0.21974400000000002,0.23544,9.79038,0.0,0.0,0.0,0.0,-0.0005235987755982988,-0.00017453292519943296,0.0006981317007977319,0.0,13.09,57.0,1,1,100.0,4,0.005,0.0,0.005,52.648395699999995,9.7457374,33.15,31.63,52.648392099999995,9.7457397,0.02530727415391778,-0.018675022996339326,4.240626483570622,0.01,-0.005,-0.065,9.336969e-05,0.0048718983,-0.00512405
0 days 00:00:10.400000,0.0007075659129706742,-0.180504,0.231516,9.806076000000001,0.0,0.0,0.0,0.0,-0.00034906585039886593,0.0,0.0005235987755982988,0.0,13.09,56.4,1,1,100.0,4,0.005,0.0,0.005,52.648395699999995,9.7457374,33.15,31.63,52.648392099999995,9.7457397,0.02530727415391778,-0.018675022996339326,4.240626483570622,0.01,-0.005,-0.065,9.336969e-05,0.0048718983,-0.00512405
0 days 00:00:10.410000,0.0007075659129706742,-0.184428,0.24721200000000002,9.813924,0.0,0.0,0.0,0.0,-0.00034906585039886593,0.0,0.00034906585039886593,0.0,13.09,55.8,1,1,100.0,4,0.005,0.0,0.005,52.648395699999995,9.7457374,33.15,31.63,52.648392099999995,9.7457397,0.02530727415391778,-0.018675022996339326,4.240626483570622,0.01,-0.005,-0.065,9.336969e-05,0.0048718983,-0.00512405
0 days 00:00:10.420000,0.0007075659129706742,-0.192276,0.23544,9.79038,0.0,0.0,0.0,0.0,-0.00017453292519943296,-0.00034906585039886593,0.00017453292519943296,0.0,13.09,54.9,1,1,100.0,4,0.0,0.0,-0.0,52.6483956,9.745737499999999,33.15,31.63,52.648392099999995,9.7457397,0.02530727415391778,-0.018675022996339326,4.240626483570622,0.0,0.01,0.04,0.0,0.0,0.0
0 days 00:00:10.430000,0.0007075659129706742,-0.17265600000000003,0.223668,9.825696,0.0,0.0,0.0,0.0,0.0,0.00017453292519943296,0.0005235987755982988,0.0,13.09,54.0,1,1,100.0,4,0.0,0.0,-0.0,52.6483956,9.745737499999999,33.15,31.63,52.648392099999995,9.7457397,0.02530727415391778,-0.018675022996339326,4.240626483570622,0.0,0.01,0.04,0.0,0.0,0.0
0 days 00:00:10.440000,0.0007075659129706742,-0.1962,0.23936400000000002,9.813924,0.0,0.0,0.0,0.0,0.00034906585039886593,-0.0005235987755982988,0.00034906585039886593,0.0,13.09,52.949999999999996,1,1,100.0,4,0.0,0.0,-0.0,52.6483956,9.745737499999999,33.15,31.63,52.648392099999995,9.7457397,0.02530727415391778,-0.018675022996339326,4.240626483570622,0.0,0.01,0.04,0.0,0.0,0.0
0 days 00:00:10.450000,0.0007075659129706742,-0.17265600000000003,0.231516,9.806076000000001,0.0,0.0,0.0,0.0,0.0005235987755982988,-0.00034906585039886593,0.0005235987755982988,0.0,13.09,51.89999999999999,1,1,100.0,4,0.0,0.0,-0.0,52.6483956,9.745737499999999,33.15,31.63,52.648392099999995,9.7457397,0.02530727415391778,-0.018675022996339326,4.240626483570622,0.0,0.01,0.04,0.0,0.0,0.0
0 days 00:00:10.460000,0.0007075659129706742,-0.16088400000000003,0.23936400000000002,9.817848000000001,0.0,0.0,0.0,0.0,0.0006981317007977319,0.00017453292519943296,0.00017453292519943296,0.0,13.09,50.849999999999994,1,1,100.0,4,0.0,0.0,-0.0,52.6483956,9.745737499999999,33.15,31.63,52.648392099999995,9.7457397,0.02530727415391778,-0.018675022996339326,4.240626483570622,0.0,0.01,0.04,0.0,0.0,0.0
0 days 00:00:10.470000,0.0007075659129706742,-0.1962,0.223668,9.817848000000001,0.0,0.0,0.0,0.0,0.0010471975511965976,-0.0005235987755982988,0.00034906585039886593,0.0,13.09,49.8,1,1,100.0,4,-0.005,0.0,-0.005,52.6483956,9.745737499999999,33.15,31.63,52.648392099999995,9.7457397,0.02530727415391778,-0.018675022996339326,4.240626483570622,-0.015,0.005,0.04,-9.336969e-05,-0.0048718983,0.00512405
0 days 00:00:10.480000,0.0007075659129706742,-0.15696000000000002,0.22759200000000002,9.81,0.0,0.0,0.0,0.0,0.0008726646259971648,0.00017453292519943296,0.00034906585039886593,0.0,13.09,48.75,1,1,100.0,4,-0.005,0.0,-0.005,52.6483956,9.745737499999999,33.15,31.63,52.648392099999995,9.7457397,0.02530727415391778,-0.018675022996339326,4.240626483570622,-0.015,0.005,0.04,-9.336969e-05,-0.0048718983,0.00512405
0 days 00:00:10.490000,0.0007075659129706742,-0.180504,0.24721200000000002,9.806076000000001,0.0,0.0,0.0,0.0,0.0006981317007977319,-0.00017453292519943296,0.00034906585039886593,0.0,13.09,47.7,1,1,100.0,4,-0.005,0.0,-0.005,52.6483956,9.745737499999999,33.15,31.63,52.648392099999995,9.7457397,0.02530727415391778,-0.018675022996339326,4.240626483570622,-0.015,0.005,0.04,-9.336969e-05,-0.0048718983,0.00512405
0 days 00:00:10.500000,0.0007075659129706742,-0.17265600000000003,0.24721200000000002,9.82962,0.0,0.0,0.0,0.0,0.0006981317007977319,-0.00017453292519943296,0.00017453292519943296,0.0,13.09,46.8,1,1,100.0,4,-0.005,0.0,-0.005,52.6483956,9.745737499999999,33.15,31.63,52.648392099999995,9.7457397,0.02530727415391778,-0.018675022996339326,4.240626483570622,-0.015,0.005,0.04,-9.336969e-05,-0.0048718983,0.00512405
0 days 00:00:10.510000,0.0007075659129706742,-0.17265600000000003,0.23936400000000002,9.806076000000001,0.0,0.0,0.0,0.0,0.0006981317007977319,-0.00034906585039886593,0.00034906585039886593,0.0,13.09,45.89999999999999,1,1,100.0,4,-0.005,0.0,-0.005,52.6483956,9.745737499999999,33.15,31.63,52.648392099999995,9.7457397,0.02530727415391778,-0.018675022996339326,4.240626483570622,-0.015,0.005,0.04,-9.336969e-05,-0.0048718983,0.00512405
0 days 00:00:10.520000,0.0007075659129706742,-0.17265600000000003,0.23936400000000002,9.821772000000001,0.0,0.0,0.0,0.0,0.00034906585039886593,0.00034906585039886593,0.0005235987755982988,0.0,13.09,45.14999999999999,1,1,100.0,4,0.0,0.0,-0.0,52.6483949,9.7457376,33.18,31.63,52.648392099999995,9.7457397,0.02530727415391778,-0.018675022996339326,4.240626483570622,0.01,0.0,-0.005,0.0,0.0,0.0
0 days 00:00:10.530000,0.0007075659129706742,-0.1962,0.23544,9.794304,0.0,0.0,0.0,0.0,0.0,-0.0008726646259971648,0.0005235987755982988,0.0,13.09,44.39999999999999,1,1,100.0,4,0.0,0.0,-0.0,52.6483949,9.7457376,33.18,31.63,52.648392099999995,9.7457397,0.02530727415391778,-0.018675022996339326,4.240626483570622,0.01,0.0,-0.005,0.0,0.0,0.0
0 days 00:00:10.540000,0.0007075659129706742,-0.16088400000000003,0.23544,9.81,0.0,0.0,0.0,0.0,0.0,-0.00034906585039886593,0.0005235987755982988,0.0,13.09,43.64999999999999,1,1,100.0,4,0.0,0.0,-0.0,52.6483949,9.7457376,33.18,31.63,52.648392099999995,9.7457397,0.02530727415391778,-0.018675022996339326,4.240626483570622,0.01,0.0,-0.005,0.0,0.0,0.0
0 days 00:00:10.550000,0.0007075659129706742,-0.17265600000000003,0.25506,9.802152000000001,0.0,0.0,0.0,0.0,-0.00034906585039886593,0.00017453292519943296,0.0005235987755982988,0.0,13.09,42.89999999999999,1,1,100.0,4,0.0,0.0,-0.0,52.6483949,9.7457376,33.18,31.63,52.648392099999995,9.7457397,0.02530727415391778,-0.018675022996339326,4.240626483570622,0.01,0.0,-0.005,0.0,0.0,0.0
0 days 00:00:10.560000,0.0007075659129706742,-0.21189600000000003,0.24328800000000003,9.81,0.0,0.0,0.0,0.0,-0.00034906585039886593,-0.00034906585039886593,0.0008726646259971648,0.0,13.09,42.14999999999999,1,1,100.0,4,0.0,0.0,-0.0,52.6483949,9.7457376,33.18,31.63,52.648392099999995,9.7457397,0.02530727415391778,-0.018675022996339326,4.240626483570622,0.01,0.0,-0.005,0.0,0.0,0.0
0 days 00:00:10.570000,0.000825493565132453,-0.17265600000000003,0.25506,9.798228,0.0,0.0,0.0,0.0,-0.0005235987755982988,-0.00034906585039886593,0.0008726646259971648,0.0,13.09,41.39999999999999,1,1,100.0,4,0.0,-0.005,-0.005,52.6483949,9.7457376,33.17,31.63,52.648392099999995,9.7457397,0.02530727415391778,-0.018500490071139894,4.240626483570622,0.005,0.01,0.01,-0.0050916416,0.00012416061,0.004905076
0 days 00:00:10.580000,0.000825493565132453,-0.153036,0.251136,9.798228,0.0,0.0,0.0,0.0,-0.0005235987755982988,0.0,0.0006981317007977319,0.0,13.09,40.64999999999999,1,1,100.0,4,0.0,-0.005,-0.005,52.6483949,9.7457376,33.17,31.63,52.648392099999995,9.7457397,0.02530727415391778,-0.018500490071139894,4.240626483570622,0.005,0.01,0.01,-0.0050916416,0.00012416061,0.004905076
0 days 00:00:10.590000,0.000825493565132453,-0.1962,0.25506,9.813924,0.0,0.0,0.0,0.0,-0.0005235987755982988,0.0,0.0008726646259971648,0.0,13.09,39.89999999999999,1,1,100.0,4,0.0,-0.005,-0.005,52.6483949,9.7457376,33.17,31.63,52.648392099999995,9.7457397,0.02530727415391778,-0.018500490071139894,4.240626483570622,0.005,0.01,0.01,-0.0050916416,0.00012416061,0.004905076
0 days 00:00:10.600000,0.000825493565132453,-0.180504,0.24721200000000002,9.798228,0.0,0.0,0.0,0.0,-0.00017453292519943296,-0.0005235987755982988,0.0005235987755982988,0.0,13.09,38.99999999999999,1,1,100.0,4,0.0,-0.005,-0.005,52.6483949,9.7457376,33.17,31.63,52.648392099999995,9.7457397,0.02530727415391778,-0.018500490071139894,4.240626483570622,0.005,0.01,0.01,-0.0050916416,0.00012416061,0.004905076
0 days 00:00:10.610000,0.000825493565132453,-0.153036,0.25506,9.798228,0.0,0.0,0.0,0.0,-0.00017453292519943296,0.0005235987755982988,0.0005235987755982988,0.0,13.09,38.099999999999994,1,1,100.0,4,0.0,-0.005,-0.005,52.6483949,9.7457376,33.17,31.63,52.648392099999995,9.7457397,0.02530727415391778,-0.018500490071139894,4.240626483570622,0.005,0.01,0.01,-0.0050916416,0.00012416061,0.004905076
0 days 00:00:10.620000,0.0009434212172942321,-0.21189600000000003,0.23544,9.802152000000001,0.0,0.0,0.0,0.0,0.00017453292519943296,-0.00017453292519943296,0.0005235987755982988,0.0,13.09,37.199999999999996,1,1,100.0,4,-0.005,-0.005,-0.0,52.6483948,9.7457377,33.17,31.63,52.648392099999995,9.7457397,0.02530727415391778,-0.018500490071139894,4.240626483570622,-0.005,0.01,-0.0,-0.0049991445,-0.0050007394,3.4055305e-05
0 days 00:00:10.630000,0.0009434212172942321,-0.16480800000000004,0.24721200000000002,9.798228,0.0,0.0,0.0,0.0,0.0005235987755982988,-0.00017453292519943296,0.00017453292519943296,0.0,13.09,36.3,1,1,100.0,4,-0.005,-0.005,-0.0,52.6483948,9.7457377,33.17,31.63,52.648392099999995,9.7457397,0.02530727415391778,-0.018500490071139894,4.240626483570622,-0.005,0.01,-0.0,-0.0049991445,-0.0050007394,3.4055305e-05
0 days 00:00:10.640000,0.0009434212172942321,-0.15696000000000002,0.23544,9.817848000000001,0.0,0.0,0.0,0.0,0.0006981317007977319,0.0008726646259971648,0.00034906585039886593,0.0,13.09,35.4,1,1,100.0,4,-0.005,-0.005,-0.0,52.6483948,9.7457377,33.17,31.63,52.648392099999995,9.7457397,0.02530727415391778,-0.018500490071139894,4.240626483570622,-0.005,0.01,-0.0,-0.0049991445,-0.0050007394,3.4055305e-05
0 days 00:00:10.650000,0.0009434212172942321,-0.21582000000000004,0.23544,9.79038,0.0,0.0,0.0,0.0,0.0008726646259971648,-0.00034906585039886593,0.0005235987755982988,0.0,13.09,34.5,1,1,100.0,4,-0.005,-0.005,-0.0,52.6483948,9.7457377,33.17,31.63,52.648392099999995,9.7457397,0.02530727415391778,-0.018675022996339326,4.240626483570622,-0.005,0.01,-0.0,-0.004999128,-0.0050007617,3.318307e-05
0 days 00:00:10.660000,0.0009434212172942321,-0.145188,0.26290800000000003,9.81,0.0,0.0,0.0,0.0,0.0005235987755982988,0.00034906585039886593,0.00017453292519943296,0.0,13.09,33.45,1,1,100.0,4,-0.005,-0.005,-0.0,52.6483948,9.7457377,33.17,31.63,52.648392099999995,9.7457397,0.02530727415391778,-0.018675022996339326,4.240626483570622,-0.005,0.01,-0.0,-0.004999128,-0.0050007617,3.318307e-05
0 days 00:00:10.670000,0.0009434212172942321,-0.184428,0.24328800000000003,9.825696,0.0,0.0,0.0,0.0,0.0005235987755982988,0.0006981317007977319,0.00034906585039886593,0.0,13.09,32.4,1,1,100.0,4,0.0,0.0,-0.0,52.6483948,9.7457377,33.17,31.63,52.648392099999995,9.7457397,0.02530727415391778,-0.018675022996339326,4.240626483570622,-0.005,-0.005,-0.005,0.0,0.0,0.0
0 days 00:00:10.680000,0.0010613488694560112,-0.184428,0.258984,9.786456000000001,0.0,0.0,0.0,0.0,0.0,-0.00034906585039886593,0.0,0.0,13.09,31.049999999999997,1,1,100.0,4,0.0,0.0,-0.0,52.6483948,9.7457377,33.17,31.63,52.648392099999995,9.7457397,0.02530727415391778,-0.018675022996339326,4.240626483570622,-0.005,-0.005,-0.005,0.0,0.0,0.0
0 days 00:00:10.690000,0.0010613488694560112,-0.184428,0.258984,9.786456000000001,0.0,0.0,0.0,0.0,0.0,-0.00034906585039886593,0.0,0.0,13.09,29.699999999999996,1,1,100.0,4,0.0,0.0,-0.0,52.6483948,9.7457377,33.17,31.63,52.648392099999995,9.7457397,0.02530727415391778,-0.018675022996339326,4.240626483570622,-0.005,-0.005,-0.005,0.0,0.0,0.0
