,Steer_Angle,Acc_Body_X,Acc_Body_Y,Acc_Body_Z,Tire_Rate_FL,Tire_Rate_FR,Tire_Rate_RL,Tire_Rate_RR,Rate_Body_X,Rate_Body_Y,Rate_Body_Z,Engine_Torque,Gear_Transmission,Break_Pressure,RCS1,RCS2,Rain,Temp,INS_Vel_Hor_X_POI1,INS_Vel_Hor_Y_POI1,INS_Vel_Hor_Z_POI1,GNSS_Lat_Abs,GNSS_Long_Abs,GNSS_Height,INS_Height_POI1,INS_Lat_Abs_POI1,INS_Long_Abs_POI1,INS_Roll,INS_Pitch,INS_Yaw,GNSS_Vel_Frame_X,GNSS_Vel_Frame_Y,GNSS_Vel_Frame_Z,INS_Vel_Body_X,INS_Vel_Body_Y,INS_Vel_Body_Z
0 days 00:00:00,0.0010613488694560112,0.23544,-0.074556,10.045440000000001,76.76775780915703,76.76775780915703,76.76775780915703,76.76775780915703,0.004537856055185257,0.0010471975511965976,0.009250245035569947,75.0,2.39,0.0,1,1,100.0,4,0.105,23.455000000000002,-0.335,52.649525,9.746676299999999,31.66,31.45,52.6495087,9.7466662,-0.027401669256310976,-0.0006981317007977319,4.239753818944626,-10.52,-20.865000000000002,0.25,23.45476,0.09533354,0.3541195
0 days 00:00:00.010000,0.0010613488694560112,-0.6827760000000002,-0.251136,10.327968,76.80787334189132,76.80787334189132,76.80787334189132,76.80787334189132,0.012217304763960306,0.008726646259971648,0.009599310885968814,75.0,2.39,0.0,1,1,100.0,4,0.115,23.445,-0.34500000000000003,52.6495156,9.746668399999999,31.68,31.44,52.6495069,9.746664599999999,-0.027401669256310976,-0.0006981317007977319,4.239753818944626,-10.535,-20.94,0.38,23.444754,0.105055995,0.36438274
0 days 00:00:00.020000,0.0010613488694560112,-0.517968,-0.21974400000000002,9.864936,76.76775780915703,76.76775780915703,76.76775780915703,76.76775780915703,0.017453292519943295,0.00034906585039886593,0.009773843811168246,75.0,2.39,0.0,1,1,100.0,4,0.11,23.44,-0.34500000000000003,52.6495156,9.746668399999999,31.68,31.45,52.649505,9.7466631,-0.027227136331111543,-0.0006981317007977319,4.239928351869825,-10.535,-20.94,0.38,23.439754,0.100121535,0.36422482
0 days 00:00:00.030000,0.0011792765216177901,0.7259400000000001,-0.223668,10.171008,76.89479032948223,76.89479032948223,76.89479032948223,76.89479032948223,0.017627825445142728,0.025132741228718346,0.008552113334772213,75.0,2.39,0.0,1,1,100.0,4,0.11,23.445,-0.34500000000000003,52.6495156,9.746668399999999,31.68,31.45,52.6495031,9.7466615,-0.027052603405912107,-0.0010471975511965976,4.240102884795024,-10.535,-20.94,0.38,23.444626,0.099963635,0.37239155
0 days 00:00:00.040000,0.0011792765216177901,-0.125568,-0.10594800000000001,9.81,76.92153401797175,76.92153401797175,76.92153401797175,76.92153401797175,0.023038346126325153,0.01832595714594046,0.008552113334772213,75.0,2.39,0.0,1,1,100.0,4,0.11,23.445,-0.34500000000000003,52.6495156,9.746668399999999,31.68,31.46,52.649501199999996,9.74666,-0.026878070480712675,-0.0012217304763960308,4.240102884795024,-10.535,-20.94,0.38,23.44456,0.09991867,0.37646446
0 days 00:00:00.050000,0.0011792765216177901,0.24328800000000003,-0.090252,9.401904,77.02850877192982,77.02850877192982,77.02850877192982,77.02850877192982,0.025132741228718346,0.031415926535897934,0.009599310885968814,75.0,2.39,0.0,1,1,100.0,4,0.11,23.45,-0.34500000000000003,52.6495156,9.746668399999999,31.68,31.46,52.649499399999996,9.7466584,-0.02652900463031381,-0.0013962634015954637,4.240277417720224,-10.535,-20.94,0.38,23.449495,0.09994136,0.380527
0 days 00:00:00.060000,0.0011792765216177901,-0.05101200000000001,-0.23936400000000002,9.92772,76.95496362858366,76.95496362858366,76.95496362858366,76.95496362858366,0.0291469985083053,0.05619960191421742,0.009948376736367679,75.0,2.39,0.0,1,1,100.0,4,0.11,23.45,-0.35000000000000003,52.649505999999995,9.7466607,31.68,31.46,52.649497499999995,9.7466569,-0.026354471705114377,-0.0020943951023931952,4.240277417720224,-10.6,-20.96,0.44,23.449217,0.09944461,0.4018728
0 days 00:00:00.070000,0.0011792765216177901,-0.8475840000000001,-0.15696000000000002,9.009504,76.86136071887034,76.86136071887034,76.86136071887034,76.86136071887034,0.031939525311496235,0.032812189937493394,0.010995574287564275,75.0,2.39,0.0,1,1,100.0,4,0.105,23.44,-0.34,52.649505999999995,9.7466607,31.68,31.46,52.649495599999995,9.746655299999999,-0.02600540585471551,-0.0024434609527920616,4.240451950645423,-10.6,-20.96,0.44,23.439098,0.09463439,0.3998696
0 days 00:00:00.080000,0.0011792765216177901,0.6592320000000002,-0.090252,8.503308,76.66746897732135,76.66746897732135,76.66746897732135,76.66746897732135,0.032114058236695664,0.048869219055841226,0.010995574287564275,75.0,2.39,0.0,1,1,100.0,4,0.105,23.445,-0.325,52.649505999999995,9.7466607,31.68,31.46,52.6494937,9.7466537,-0.025656340004316644,-0.0027925268031909274,4.240451950645423,-10.6,-20.96,0.44,23.444,0.09494852,0.39303455
0 days 00:00:00.090000,0.0012972041737795694,0.517968,0.08240400000000002,8.958492000000001,76.48694908001711,76.48694908001711,76.48694908001711,76.48694908001711,0.030019663134302467,0.07958701389094143,0.010122909661567111,75.0,2.39,0.0,1,1,100.0,4,0.105,23.455000000000002,-0.32,52.649505999999995,9.7466607,31.68,31.470000000000002,52.6494918,9.7466522,-0.02548180707911721,-0.003665191429188092,4.240626483570622,-10.6,-20.96,0.44,23.453669,0.094622314,0.4085082
0 days 00:00:00.100000,0.0012972041737795694,-0.8985960000000001,-0.015696,8.130528000000002,76.48026315789473,76.48026315789473,76.48026315789473,76.48026315789473,0.031241393610698498,0.054279739737023644,0.011693705988362009,75.0,2.39,0.0,1,1,100.0,4,0.105,23.445,-0.3,52.649505999999995,9.7466607,31.68,31.470000000000002,52.64949,9.746650599999999,-0.025132741228718343,-0.0041887902047863905,4.240626483570622,-10.6,-20.96,0.44,23.443537,0.09495995,0.4007162
0 days 00:00:00.110000,0.0012972041737795694,0.506196,0.011772000000000001,8.346348,76.59392383397518,76.59392383397518,76.59392383397518,76.59392383397518,0.032463124087094536,0.0778416846389471,0.012042771838760874,75.0,2.39,0.0,1,1,100.0,4,0.105,23.45,-0.29,52.649496799999994,9.7466524,31.75,31.470000000000002,52.6494881,9.746649099999999,-0.024783675378319478,-0.005061454830783556,4.240801016495822,-10.63,-20.975,0.43,23.44823,0.09484003,0.4111634
0 days 00:00:00.120000,0.0012972041737795694,-0.125568,-0.07063200000000001,8.770140000000001,76.89479032948223,76.89479032948223,76.89479032948223,76.89479032948223,0.0317649923862968,0.08883725892651137,0.012566370614359173,75.0,2.39,0.0,1,1,100.0,4,0.105,23.45,-0.28,52.649496799999994,9.7466524,31.75,31.470000000000002,52.6494862,9.7466475,-0.024434609527920616,-0.005934119456780721,4.240975549421021,-10.63,-20.975,0.43,23.447927,0.09472792,0.4215896
0 days 00:00:00.130000,0.0012972041737795694,-0.737712,-0.10202400000000002,7.887240000000001,76.92153401797175,76.92153401797175,76.92153401797175,76.92153401797175,0.028972465583105875,0.05445427266222308,0.013788101090755204,75.0,2.39,0.0,1,1,100.0,4,0.1,23.445,-0.26,52.649496799999994,9.7466524,31.75,31.470000000000002,52.6494843,9.746646,-0.02408554367752175,-0.006457718232379019,4.240975549421021,-10.63,-20.975,0.43,23.442833,0.09006329,0.4136837
0 days 00:00:00.140000,0.0012972041737795694,0.9103680000000001,-0.062784,8.27964,76.95496362858366,76.95496362858366,76.95496362858366,76.95496362858366,0.026529004630313806,0.08307767239493008,0.012740903539558606,75.0,2.39,0.0,1,1,100.0,4,0.1,23.455000000000002,-0.245,52.649496799999994,9.7466524,31.75,31.48,52.6494824,9.7466444,-0.023911010752322315,-0.007330382858376184,4.241150082346221,-10.63,-20.975,0.43,23.452572,0.090003245,0.41919768
0 days 00:00:00.150000,0.0012972041737795694,-0.251136,-0.07063200000000001,8.212932,76.72764227642276,76.72764227642276,76.72764227642276,76.72764227642276,0.024609142453120045,0.08552113334772216,0.011868238913561443,75.0,2.39,0.0,1,1,100.0,4,0.1,23.45,-0.23,52.649496799999994,9.7466524,31.75,31.48,52.6494806,9.7466428,-0.023736477827122883,-0.00820304748437335,4.241150082346221,-10.63,-20.975,0.43,23.447327,0.08994764,0.42460603
0 days 00:00:00.160000,0.0012972041737795694,-0.722016,-0.10594800000000001,7.133832000000001,76.60060975609755,76.60060975609755,76.60060975609755,76.60060975609755,0.0291469985083053,0.056025068989017976,0.012566370614359173,75.0,2.39,0.0,1,1,100.0,4,0.095,23.445,-0.20500000000000002,52.649487099999995,9.746643899999999,31.82,31.48,52.649478699999996,9.7466413,-0.023212879051524585,-0.008726646259971648,4.24132461527142,-10.65,-20.990000000000002,0.32,23.442318,0.08546759,0.4116805
0 days 00:00:00.170000,0.0012972041737795694,0.9692280000000001,-0.0981,7.384968000000001,76.54043645699615,76.54043645699615,76.54043645699615,76.54043645699615,0.030019663134302467,0.09250245035569946,0.01117010721276371,75.0,2.39,0.0,1,1,100.0,4,0.09,23.455000000000002,-0.185,52.649487099999995,9.746643899999999,31.82,31.48,52.649476799999995,9.7466397,-0.02303834612632515,-0.009599310885968814,4.24149914819662,-10.65,-20.990000000000002,0.32,23.452143,0.08052801,0.4121043
0 days 00:00:00.180000,0.0012972041737795694,-0.463032,0.023544000000000002,7.765596000000001,76.54043645699615,76.54043645699615,76.54043645699615,76.54043645699615,0.032463124087094536,0.09529497715889039,0.010297442586766544,75.0,2.39,0.0,1,1,100.0,4,0.09,23.45,-0.165,52.649487099999995,9.746643899999999,31.82,31.48,52.649474899999994,9.7466382,-0.022689280275926284,-0.01064650843716541,4.24149914819662,-10.65,-20.990000000000002,0.32,23.446915,0.08056961,0.4165817
0 days 00:00:00.190000,0.0012972041737795694,-0.6867000000000001,-0.015696,7.176996000000001,76.6206675224647,76.6206675224647,76.6206675224647,76.6206675224647,0.035255650890285456,0.06492624817418907,0.009773843811168246,75.0,2.39,0.0,1,1,100.0,4,0.09,23.445,-0.135,52.649487099999995,9.746643899999999,31.82,31.48,52.649473,9.7466366,-0.02234021442552742,-0.01117010721276371,4.241673681121819,-10.65,-20.990000000000002,0.32,23.442028,0.08111214,0.39878076
0 days 00:00:00.200000,0.0012972041737795694,1.0555560000000002,0.10987200000000001,7.879392000000001,76.82793110825845,76.82793110825845,76.82793110825845,76.82793110825845,0.033859387488689996,0.10122909661567112,0.008377580409572781,75.0,2.39,0.0,1,1,100.0,4,0.095,23.455000000000002,-0.115,52.649487099999995,9.746643899999999,31.82,31.48,52.6494712,9.746635099999999,-0.02199114857512855,-0.012217304763960308,4.241673681121819,-10.65,-20.990000000000002,0.32,23.451843,0.08614738,0.40353307
0 days 00:00:00.210000,0.0012972041737795694,-0.5532840000000001,0.027468000000000003,7.832304000000001,76.86136071887034,76.86136071887034,76.86136071887034,76.86136071887034,0.0317649923862968,0.08918632477691024,0.008552113334772213,75.0,2.39,0.0,1,1,100.0,4,0.09,23.46,-0.1,52.6494777,9.7466359,31.830000000000002,31.48,52.6494693,9.7466335,-0.021642082724729686,-0.013264502315156905,4.241673681121819,-10.685,-21.045,0.245,23.45661,0.08108111,0.41301864
0 days 00:00:00.220000,0.0012972041737795694,-0.447336,0.066708,7.157376,76.92153401797175,76.92153401797175,76.92153401797175,76.92153401797175,0.0291469985083053,0.06318091892219473,0.00942477796076938,75.0,2.39,0.0,1,1,100.0,4,0.09,23.455000000000002,-0.075,52.6494777,9.7466359,31.830000000000002,31.48,52.6494674,9.746632,-0.02129301687433082,-0.013962634015954637,4.241848214047018,-10.685,-21.045,0.245,23.451668,0.08141033,0.40430063
0 days 00:00:00.230000,0.0012972041737795694,0.7416360000000001,0.047088000000000005,7.836228000000001,76.78112965340179,76.78112965340179,76.78112965340179,76.78112965340179,0.026354471705114374,0.09599310885968812,0.008203047484373348,75.0,2.39,0.0,1,1,100.0,4,0.09,23.465,-0.055,52.6494777,9.7466359,31.830000000000002,31.48,52.6494655,9.746630399999999,-0.02111848394913139,-0.014835298641951801,4.241848214047018,-10.685,-21.045,0.245,23.461601,0.08146789,0.4049021
0 days 00:00:00.240000,0.0012972041737795694,-0.7416360000000001,0.05101200000000001,7.39674,76.70758451005563,76.70758451005563,76.70758451005563,76.70758451005563,0.024609142453120045,0.0762708883121522,0.007679448708775049,75.0,2.39,0.0,1,1,100.0,4,0.09,23.455000000000002,-0.03,52.6494777,9.7466359,31.830000000000002,31.48,52.6494636,9.7466288,-0.02076941809873252,-0.015533430342749533,4.242022746972218,-10.685,-21.045,0.245,23.451704,0.081791416,0.3961024
0 days 00:00:00.250000,0.0012972041737795694,-0.04316400000000001,0.027468000000000003,6.800292000000001,76.59392383397518,76.59392383397518,76.59392383397518,76.59392383397518,0.022165681500327987,0.0661479786505851,0.006981317007977318,75.0,2.39,0.0,1,1,100.0,4,0.09,23.46,-0.0,52.6494777,9.7466359,31.830000000000002,31.48,52.6494618,9.7466273,-0.020594885173533087,-0.016231562043547264,4.242022746972218,-10.685,-21.045,0.245,23.45691,0.08213944,0.38254836
0 days 00:00:00.260000,0.0012972041737795694,0.5846760000000001,0.10987200000000001,7.522308000000001,76.56049422336329,76.56049422336329,76.56049422336329,76.56049422336329,0.01658062789394613,0.09721483933608417,0.005759586531581288,75.0,2.39,0.0,1,1,100.0,4,0.09,23.47,0.015,52.649468299999995,9.746628099999999,31.830000000000002,31.48,52.6494599,9.7466257,-0.020420352248333655,-0.017278759594743863,4.242022746972218,-10.63,-21.01,0.115,23.466755,0.08200735,0.3922708
0 days 00:00:00.270000,0.0012972041737795694,-1.02024,0.27468000000000004,7.39674,76.70758451005563,76.70758451005563,76.70758451005563,76.70758451005563,0.013962634015954637,0.06544984694978735,0.006283185307179587,75.0,2.39,0.0,1,1,100.0,4,0.09,23.46,0.04,52.649468299999995,9.746628099999999,31.830000000000002,31.48,52.649457999999996,9.7466242,-0.020245819323134222,-0.017976891295541596,4.242197279897417,-10.63,-21.01,0.115,23.456926,0.08225382,0.38346535
0 days 00:00:00.280000,0.0012972041737795694,0.125568,0.0,7.604712,76.92153401797175,76.92153401797175,76.92153401797175,76.92153401797175,0.01291543646475804,0.060039326268604934,0.005585053606381855,75.0,2.39,0.0,1,1,100.0,4,0.095,23.46,0.065,52.649468299999995,9.746628099999999,31.830000000000002,31.48,52.649456099999995,9.7466226,-0.020071286397934793,-0.018500490071139894,4.242197279897417,-10.63,-21.01,0.115,23.457186,0.0875749,0.37084013
0 days 00:00:00.290000,0.0012972041737795694,0.30999600000000005,-0.019620000000000002,8.26002,76.99507916131792,76.99507916131792,76.99507916131792,76.99507916131792,0.009075712110370514,0.07417649320975901,0.0041887902047863905,75.0,2.39,0.0,1,1,100.0,4,0.095,23.465,0.08,52.649468299999995,9.746628099999999,31.830000000000002,31.48,52.6494542,9.746621099999999,-0.020071286397934793,-0.019198621771937627,4.242197279897417,-10.63,-21.01,0.115,23.462212,0.0875453,0.37231478
0 days 00:00:00.300000,0.0012972041737795694,-0.827964,-0.05101200000000001,7.989264,77.06193838254171,77.06193838254171,77.06193838254171,77.06193838254171,0.005934119456780722,0.039095375244672985,0.004363323129985824,75.0,2.39,0.0,1,1,100.0,4,0.095,23.46,0.095,52.649468299999995,9.746628099999999,31.830000000000002,31.48,52.649452399999994,9.7466195,-0.020071286397934793,-0.019722220547535925,4.242197279897417,-10.63,-21.01,0.115,23.45731,0.087601714,0.3695044
0 days 00:00:00.310000,0.0012972041737795694,0.10202400000000002,0.066708,7.859772,76.9415917843389,76.9415917843389,76.9415917843389,76.9415917843389,0.0015707963267948967,0.03508111796508603,0.003490658503988659,75.0,2.39,0.0,1,1,100.0,4,0.09,23.475,0.115,52.6494587,9.7466212,31.720000000000002,31.470000000000002,52.6494505,9.746618,-0.019896753472735357,-0.020245819323134222,4.242371812822617,-10.64,-21.06,-0.0,23.472519,0.08281463,0.36198097
0 days 00:00:00.320000,0.0012972041737795694,0.027468000000000003,0.003924,8.515080000000001,76.89479032948223,76.89479032948223,76.89479032948223,76.89479032948223,-0.0006981317007977319,0.04276056667386108,0.002967059728390361,75.0,2.39,0.0,1,1,100.0,4,0.09,23.48,0.125,52.6494587,9.7466212,31.720000000000002,31.470000000000002,52.6494486,9.746616399999999,-0.019896753472735357,-0.020594885173533087,4.242371812822617,-10.64,-21.06,-0.0,23.477594,0.082848474,0.3602798
0 days 00:00:00.330000,0.0012972041737795694,-0.8161920000000001,-0.11379600000000001,8.365968,76.8413029525032,76.8413029525032,76.8413029525032,76.8413029525032,0.0005235987755982988,0.01291543646475804,0.0022689280275926286,75.0,2.39,0.0,1,1,100.0,4,0.09,23.47,0.14,52.6494587,9.7466212,31.720000000000002,31.470000000000002,52.6494467,9.7466148,-0.019896753472735357,-0.02076941809873252,4.242371812822617,-10.64,-21.06,-0.0,23.467844,0.08306945,0.34917516
0 days 00:00:00.340000,0.0012972041737795694,-0.007848,0.0,8.373816000000001,76.95496362858366,76.95496362858366,76.95496362858366,76.95496362858366,0.0015707963267948967,0.01117010721276371,0.0015707963267948967,76.0,2.39,0.0,1,1,100.0,4,0.095,23.475,0.155,52.6494587,9.7466212,31.720000000000002,31.470000000000002,52.6494448,9.7466133,-0.019896753472735357,-0.02076941809873252,4.242371812822617,-10.64,-21.06,-0.0,23.473158,0.08836476,0.33438468
0 days 00:00:00.350000,0.0012972041737795694,-0.08632800000000002,0.039240000000000004,8.88786,76.9415917843389,76.9415917843389,76.9415917843389,76.9415917843389,0.0020943951023931952,0.01361356816555577,0.0005235987755982988,76.0,2.39,0.0,1,1,100.0,4,0.095,23.475,0.165,52.6494587,9.7466212,31.720000000000002,31.470000000000002,52.6494429,9.746611699999999,-0.019896753472735357,-0.020943951023931952,4.242371812822617,-10.64,-21.06,-0.0,23.473307,0.08848216,0.3284849
0 days 00:00:00.360000,0.0011792765216177901,-0.49834800000000007,-0.07848000000000001,8.71128,77.08199614890886,77.08199614890886,77.08199614890886,77.08199614890886,0.003316125578789226,-0.012391837689159739,0.0005235987755982988,76.0,2.39,0.0,1,1,100.0,4,0.095,23.48,0.17500000000000002,52.6494491,9.7466131,31.68,31.46,52.6494411,9.7466102,-0.019896753472735357,-0.020943951023931952,4.242371812822617,-10.58,-21.025000000000002,-0.14,23.478514,0.08867899,0.3185937
0 days 00:00:00.370000,0.0011792765216177901,0.33746400000000004,-0.015696,9.366588000000002,77.21571459135643,77.21571459135643,77.21571459135643,77.21571459135643,0.0027925268031909274,-0.0010471975511965976,0.00017453292519943296,76.0,2.39,0.0,1,1,100.0,4,0.095,23.485,0.18,52.6494491,9.7466131,31.68,31.46,52.649439199999996,9.7466086,-0.019722220547535925,-0.020943951023931952,4.242371812822617,-10.58,-21.025000000000002,-0.14,23.483618,0.08883111,0.31368503
0 days 00:00:00.380000,0.0011792765216177901,-0.447336,-0.14126400000000003,9.735444000000001,77.19565682498931,77.19565682498931,77.19565682498931,77.19565682498931,0.0017453292519943296,-0.01117010721276371,0.00034906585039886593,76.0,2.39,0.0,1,1,100.0,4,0.095,23.48,0.18,52.6494491,9.7466131,31.68,31.45,52.649437299999995,9.7466071,-0.019722220547535925,-0.02076941809873252,4.242371812822617,-10.58,-21.025000000000002,-0.14,23.478674,0.088913985,0.3094833
0 days 00:00:00.390000,0.0011792765216177901,-0.635688,-0.08632800000000002,9.288108000000001,77.18228498074454,77.18228498074454,77.18228498074454,77.18228498074454,0.0024434609527920616,-0.035953782591083186,0.0012217304763960308,76.0,2.39,0.0,1,1,100.0,4,0.095,23.475,0.185,52.6494491,9.7466131,31.68,31.45,52.649435399999994,9.7466055,-0.019722220547535925,-0.020420352248333655,4.242371812822617,-10.58,-21.025000000000002,-0.14,23.473883,0.08917621,0.29618925
0 days 00:00:00.400000,0.0011792765216177901,0.37670400000000004,-0.08240400000000002,9.766836000000001,77.02850877192982,77.02850877192982,77.02850877192982,77.02850877192982,-0.00017453292519943296,-0.019547687622336492,0.0006981317007977319,76.0,2.39,0.0,1,1,100.0,4,0.1,23.485,0.185,52.6494491,9.7466131,31.68,31.45,52.6494335,9.746604,-0.019722220547535925,-0.020245819323134222,4.242371812822617,-10.58,-21.025000000000002,-0.14,23.483934,0.09425204,0.29239407
0 days 00:00:00.410000,0.0010613488694560112,-0.631764,-0.0981,9.92772,76.99507916131792,76.99507916131792,76.99507916131792,76.99507916131792,0.0006981317007977319,-0.031241393610698498,0.0008726646259971648,76.0,2.39,0.0,1,1,100.0,4,0.1,23.48,0.185,52.649439699999995,9.7466052,31.67,31.44,52.6494316,9.7466024,-0.019722220547535925,-0.019896753472735357,4.242371812822617,-10.525,-20.97,-0.24,23.479033,0.09441567,0.28409877
0 days 00:00:00.420000,0.0010613488694560112,-0.506196,-0.10594800000000001,9.37836,76.99507916131792,76.99507916131792,76.99507916131792,76.99507916131792,0.0012217304763960308,-0.049567350756638956,0.0012217304763960308,76.0,2.39,0.0,1,1,100.0,4,0.1,23.475,0.19,52.649439699999995,9.7466052,31.67,31.44,52.6494298,9.746600899999999,-0.019722220547535925,-0.019547687622336492,4.242546345747817,-10.525,-20.97,-0.24,23.47423,0.094677806,0.27080888
0 days 00:00:00.430000,0.0010613488694560112,0.34531200000000006,-0.17265600000000003,10.021896000000002,76.99507916131792,76.99507916131792,76.99507916131792,76.99507916131792,0.005235987755982988,-0.030368728984701335,0.0005235987755982988,76.0,2.39,0.0,1,1,100.0,4,0.1,23.48,0.19,52.649439699999995,9.7466052,31.67,31.44,52.6494279,9.7465993,-0.019722220547535925,-0.019198621771937627,4.242546345747817,-10.525,-20.97,-0.24,23.479319,0.0948375,0.26271236
0 days 00:00:00.440000,0.0010613488694560112,-0.43556400000000006,-0.298224,10.151388,77.14216944801026,77.14216944801026,77.14216944801026,77.14216944801026,0.009250245035569947,-0.03874630939427412,0.0006981317007977319,76.0,2.39,0.0,1,1,100.0,4,0.1,23.48,0.185,52.649439699999995,9.7466052,31.67,31.44,52.649426,9.7465978,-0.019547687622336492,-0.01884955592153876,4.242546345747817,-10.525,-20.97,-0.24,23.479315,0.09494584,0.25949964
0 days 00:00:00.450000,0.0010613488694560112,-0.258984,-0.153036,10.139616000000002,77.29594565682498,77.29594565682498,77.29594565682498,77.29594565682498,0.011693705988362009,-0.047123889803846894,0.0019198621771937623,76.0,2.39,0.0,1,1,100.0,4,0.1,23.48,0.18,52.649439699999995,9.7466052,31.67,31.44,52.6494241,9.746596199999999,-0.019547687622336492,-0.01832595714594046,4.242546345747817,-10.525,-20.97,-0.24,23.479355,0.09508843,0.25220641
0 days 00:00:00.460000,0.0010613488694560112,0.192276,-0.31392000000000003,10.575180000000001,77.24245827984595,77.24245827984595,77.24245827984595,77.24245827984595,0.014835298641951801,-0.033335788713091695,0.0013962634015954637,76.0,2.39,0.0,1,1,100.0,4,0.1,23.48,0.18,52.6494303,9.746597399999999,31.67,31.43,52.6494222,9.7465947,-0.01937315469713706,-0.017976891295541596,4.242546345747817,-10.5,-20.935,-0.26,23.47944,0.09529122,0.24399549
0 days 00:00:00.470000,0.0009434212172942321,-0.49442400000000003,-0.27075600000000005,10.535940000000002,77.24245827984595,77.24245827984595,77.24245827984595,77.24245827984595,0.013788101090755204,-0.04223696789826277,0.0022689280275926286,76.0,2.39,0.0,1,1,100.0,4,0.1,23.475,0.17,52.6494303,9.746597399999999,31.67,31.43,52.649420299999996,9.7465931,-0.019198621771937627,-0.017627825445142728,4.242546345747817,-10.5,-20.935,-0.26,23.47435,0.09530088,0.24569303
0 days 00:00:00.480000,0.0009434212172942321,-0.20404800000000003,-0.32569200000000004,10.590876000000002,77.01513692768506,77.01513692768506,77.01513692768506,77.01513692768506,0.014311699866353502,-0.047647488579445195,0.0022689280275926286,76.0,2.39,0.0,1,1,100.0,4,0.1,23.475,0.16,52.6494303,9.746597399999999,31.67,31.43,52.649418499999996,9.7465915,-0.019024088846738195,-0.01710422666954443,4.2427208786730155,-10.5,-20.935,-0.26,23.474304,0.09538738,0.24338412
0 days 00:00:00.490000,0.0009434212172942321,-0.03531600000000001,-0.17265600000000003,10.441764000000001,76.99507916131792,76.99507916131792,76.99507916131792,76.99507916131792,0.014660765716752367,-0.04328416544945937,0.003490658503988659,76.0,2.39,0.0,1,1,100.0,4,0.095,23.48,0.155,52.6494303,9.746597399999999,31.67,31.43,52.649416599999995,9.74659,-0.01884955592153876,-0.016580627893946133,4.2427208786730155,-10.5,-20.935,-0.26,23.479342,0.09056662,0.23606561
0 days 00:00:00.500000,0.0009434212172942321,-0.24328800000000003,-0.21974400000000002,10.457460000000001,76.95496362858366,76.95496362858366,76.95496362858366,76.95496362858366,0.017453292519943295,-0.041189770347066175,0.003490658503988659,76.0,2.39,0.0,1,1,100.0,4,0.095,23.475,0.15,52.6494303,9.746597399999999,31.67,31.42,52.649414699999994,9.7465884,-0.018675022996339326,-0.016231562043547264,4.2427208786730155,-10.5,-20.935,-0.26,23.474342,0.090669036,0.2327727
0 days 00:00:00.510000,0.0009434212172942321,-0.31392000000000003,-0.25506,10.445688,76.9415917843389,76.9415917843389,76.9415917843389,76.9415917843389,0.021118483949131385,-0.041713369122664476,0.00471238898038469,76.0,2.39,0.0,1,1,100.0,4,0.1,23.47,0.145,52.6494204,9.7465897,31.61,31.42,52.6494128,9.746586899999999,-0.018500490071139894,-0.015707963267948967,4.2427208786730155,-10.505,-20.92,-0.24,23.469381,0.09584515,0.2254803
0 days 00:00:00.520000,0.000825493565132453,0.08240400000000002,-0.23936400000000002,10.794924000000002,77.18228498074454,77.18228498074454,77.18228498074454,77.18228498074454,0.02600540585471551,-0.032463124087094536,0.00471238898038469,76.0,2.39,0.0,1,1,100.0,4,0.095,23.475,0.135,52.6494204,9.7465897,31.61,31.42,52.6494109,9.7465853,-0.01832595714594046,-0.015533430342749533,4.242895411598215,-10.505,-20.92,-0.24,23.474264,0.09077575,0.23135121
0 days 00:00:00.530000,0.000825493565132453,-0.251136,-0.361008,11.242260000000002,77.21571459135643,77.21571459135643,77.21571459135643,77.21571459135643,0.0317649923862968,-0.0291469985083053,0.0054105206811824215,76.0,2.39,0.0,1,1,100.0,4,0.09,23.475,0.12,52.6494204,9.7465897,31.61,31.41,52.649409,9.7465838,-0.017976891295541596,-0.015184364492350668,4.242895411598215,-10.505,-20.92,-0.24,23.474115,0.085735,0.2380327
0 days 00:00:00.540000,0.000825493565132453,-0.36493200000000003,-0.258984,10.759608,77.29594565682498,77.29594565682498,77.29594565682498,77.29594565682498,0.03577924966588375,-0.041713369122664476,0.006632251157578452,76.0,2.39,0.0,1,1,100.0,4,0.09,23.47,0.115,52.6494204,9.7465897,31.61,31.41,52.6494071,9.746582199999999,-0.017627825445142728,-0.014835298641951801,4.242895411598215,-10.505,-20.92,-0.24,23.469122,0.0858757,0.23473452
0 days 00:00:00.550000,0.000825493565132453,0.41202000000000005,-0.30999600000000005,11.234412,77.14885537013264,77.14885537013264,77.14885537013264,77.14885537013264,0.03769911184307752,-0.01815142422074103,0.006806784082777885,76.0,2.39,0.0,1,1,100.0,4,0.085,23.475,0.1,52.6494204,9.7465897,31.61,31.41,52.6494053,9.746580699999999,-0.017278759594743863,-0.014660765716752368,4.243069944523414,-10.505,-20.92,-0.24,23.473944,0.08076874,0.24559209
0 days 00:00:00.560000,0.000825493565132453,-0.38847600000000004,-0.4316400000000001,11.520864000000001,76.99507916131792,76.99507916131792,76.99507916131792,76.99507916131792,0.035255650890285456,-0.017627825445142728,0.007155849933176751,76.0,2.39,0.0,2,2,100.0,4,0.085,23.47,0.085,52.649411199999996,9.746582,31.67,31.41,52.6494034,9.7465791,-0.016929693744344994,-0.014311699866353503,4.243069944523414,-10.55,-20.92,-0.16,23.468813,0.08074049,0.25229582
0 days 00:00:00.570000,0.000825493565132453,-0.557208,-0.25506,11.112768,76.89479032948223,76.89479032948223,76.89479032948223,76.89479032948223,0.03089232776029963,-0.033859387488689996,0.007853981633974483,76.0,2.39,0.0,2,2,100.0,4,0.08,23.465,0.07,52.649411199999996,9.746582,31.67,31.41,52.649401499999996,9.7465776,-0.016580627893946133,-0.013962634015954637,4.243244477448615,-10.55,-20.92,-0.16,23.46369,0.075717546,0.25892034
0 days 00:00:00.580000,0.000825493565132453,0.21582000000000004,-0.129492,11.089224000000002,76.92153401797175,76.92153401797175,76.92153401797175,76.92153401797175,0.027925268031909273,-0.014486232791552938,0.008028514559173916,76.0,2.39,0.0,2,2,100.0,4,0.08,23.47,0.055,52.649411199999996,9.746582,31.67,31.400000000000002,52.649399599999995,9.746576,-0.016231562043547264,-0.013962634015954637,4.243244477448615,-10.55,-20.92,-0.16,23.468481,0.07556334,0.27396026
0 days 00:00:00.590000,0.000825493565132453,-0.34531200000000006,-0.16873200000000002,11.214792000000001,76.99507916131792,76.99507916131792,76.99507916131792,76.99507916131792,0.028623399732707003,-0.012566370614359173,0.008552113334772213,76.0,2.39,0.0,2,2,100.0,4,0.08,23.47,0.045,52.649411199999996,9.746582,31.67,31.400000000000002,52.649397699999994,9.7465745,-0.016057029118347832,-0.013788101090755204,4.243244477448615,-10.55,-20.92,-0.16,23.468388,0.07551638,0.27984935
0 days 00:00:00.600000,0.000825493565132453,-0.27468000000000004,-0.231516,11.018592,77.10873983739837,77.10873983739837,77.10873983739837,77.10873983739837,0.02949606435870417,-0.01815142422074103,0.008552113334772213,76.0,2.39,0.0,2,2,100.0,4,0.075,23.465,0.03,52.649411199999996,9.746582,31.67,31.400000000000002,52.6493958,9.7465729,-0.015707963267948967,-0.013613568165555772,4.243419010373813,-10.55,-20.92,-0.16,23.463234,0.070444494,0.29057765
0 days 00:00:00.610000,0.000825493565132453,0.251136,-0.22759200000000002,11.371752,77.18228498074454,77.18228498074454,77.18228498074454,77.18228498074454,0.030019663134302467,-0.0022689280275926286,0.007853981633974483,76.0,2.39,0.0,2,2,100.0,4,0.075,23.465,0.02,52.6494018,9.7465742,31.67,31.400000000000002,52.649394,9.746571399999999,-0.015533430342749533,-0.013439035240356337,4.243419010373813,-10.525,-20.925,-0.16,23.46315,0.07040351,0.29646862
0 days 00:00:00.620000,0.000825493565132453,-0.37278,-0.24721200000000002,11.089224000000002,77.14216944801026,77.14216944801026,77.14216944801026,77.14216944801026,0.02775073510670984,-0.010122909661567111,0.007853981633974483,76.0,2.39,0.0,2,2,100.0,4,0.075,23.465,0.005,52.6494018,9.7465742,31.67,31.400000000000002,52.6493921,9.7465698,-0.015184364492350668,-0.013439035240356337,4.2435935432990135,-10.525,-20.925,-0.16,23.462948,0.070279256,0.3114409
0 days 00:00:00.630000,0.000825493565132453,-0.09417600000000001,0.03531600000000001,10.696824000000001,77.08199614890886,77.08199614890886,77.08199614890886,77.08199614890886,0.023212879051524585,-0.010297442586766544,0.009075712110370514,76.0,2.39,0.0,2,2,100.0,4,0.075,23.465,-0.005,52.6494018,9.7465742,31.67,31.400000000000002,52.6493902,9.746568199999999,-0.015009831567151233,-0.013264502315156905,4.2435935432990135,-10.525,-20.925,-0.16,23.46287,0.07024499,0.31733203
0 days 00:00:00.640000,0.000825493565132453,0.21582000000000004,-0.149112,11.489472000000001,76.99507916131792,76.99507916131792,76.99507916131792,76.99507916131792,0.02234021442552742,0.013439035240356337,0.009250245035569947,76.0,2.39,0.0,2,2,100.0,4,0.07,23.47,-0.02,52.6494018,9.7465742,31.67,31.400000000000002,52.6493883,9.746566699999999,-0.014660765716752368,-0.013439035240356337,4.243768076224212,-10.525,-20.925,-0.16,23.467611,0.06507539,0.33639303
0 days 00:00:00.650000,0.000825493565132453,-0.8672040000000001,-0.18835200000000002,11.312892,77.02850877192982,77.02850877192982,77.02850877192982,77.02850877192982,0.02548180707911721,-0.007853981633974483,0.009599310885968814,76.0,2.39,0.0,2,2,100.0,4,0.07,23.46,-0.035,52.6494018,9.7465742,31.67,31.400000000000002,52.6493864,9.7465651,-0.014486232791552936,-0.013439035240356337,4.243768076224212,-10.525,-20.925,-0.16,23.457409,0.06491879,0.35124436
0 days 00:00:00.660000,0.000825493565132453,0.011772000000000001,-0.13734000000000002,10.426068,76.85467479674796,76.85467479674796,76.85467479674796,76.85467479674796,0.02530727415391778,-0.01308996938995747,0.008552113334772213,76.0,2.39,0.0,2,2,100.0,4,0.065,23.46,-0.04,52.649392399999996,9.7465663,31.66,31.39,52.6493845,9.7465636,-0.014137166941154071,-0.013264502315156905,4.2439426091494115,-10.56,-20.93,-0.085,23.457405,0.060029082,0.35205635
0 days 00:00:00.670000,0.000825493565132453,0.41594400000000004,-0.015696,10.861632,76.86136071887034,76.86136071887034,76.86136071887034,76.86136071887034,0.024434609527920613,0.016231562043547268,0.006981317007977318,76.0,2.39,0.0,2,2,100.0,4,0.065,23.465,-0.05,52.649392399999996,9.7465663,31.66,31.400000000000002,52.6493827,9.746561999999999,-0.013962634015954637,-0.013439035240356337,4.2439426091494115,-10.56,-20.93,-0.085,23.46221,0.05989282,0.36620492
0 days 00:00:00.680000,0.000825493565132453,-0.8907480000000001,0.054936000000000006,10.386828,76.89479032948223,76.89479032948223,76.89479032948223,76.89479032948223,0.023212879051524585,-0.006981317007977318,0.007330382858376183,76.0,2.39,0.0,2,2,100.0,4,0.065,23.46,-0.055,52.649392399999996,9.7465663,31.66,31.400000000000002,52.649380799999996,9.7465605,-0.013788101090755204,-0.013264502315156905,4.244117142074611,-10.56,-20.93,-0.085,23.457207,0.059945174,0.36703262
0 days 00:00:00.690000,0.000825493565132453,0.17265600000000003,-0.023544000000000002,10.504548,77.08199614890886,77.08199614890886,77.08199614890886,77.08199614890886,0.02495820830351891,0.0012217304763960308,0.007330382858376183,76.0,2.39,0.0,2,2,100.0,4,0.065,23.46,-0.06,52.649392399999996,9.7465663,31.66,31.400000000000002,52.649378899999995,9.7465589,-0.013439035240356337,-0.013264502315156905,4.244117142074611,-10.56,-20.93,-0.085,23.45714,0.0600061,0.3720108
0 days 00:00:00.700000,0.000825493565132453,0.258984,-0.0981,10.987200000000001,77.12211168164313,77.12211168164313,77.12211168164313,77.12211168164313,0.028448866807507574,0.01815142422074103,0.00645771823237902,76.0,2.39,0.0,2,2,100.0,4,0.065,23.465,-0.07,52.649392399999996,9.7465663,31.66,31.400000000000002,52.649376999999994,9.7465574,-0.013264502315156905,-0.013613568165555772,4.244117142074611,-10.56,-20.93,-0.085,23.461872,0.05982889,0.39025396
0 days 00:00:00.710000,0.000825493565132453,-0.5493600000000001,0.054936000000000006,10.826316000000002,77.1622272143774,77.1622272143774,77.1622272143774,77.1622272143774,0.0291469985083053,0.005235987755982988,0.006806784082777885,76.0,2.39,0.0,1,2,100.0,4,0.06,23.46,-0.085,52.6493824,9.746556199999999,32.06,31.400000000000002,52.6493751,9.7465558,-0.012915436464758038,-0.013613568165555772,4.244291674999811,-10.6,-20.96,0.125,23.456667,0.0547727,0.40509772
0 days 00:00:00.720000,0.000825493565132453,0.011772000000000001,-0.13734000000000002,10.35936,76.99507916131792,76.99507916131792,76.99507916131792,76.99507916131792,0.024434609527920613,0.005934119456780722,0.006283185307179587,76.0,2.39,0.0,1,2,100.0,4,0.06,23.465,-0.09,52.6493824,9.746556199999999,32.06,31.400000000000002,52.6493732,9.7465543,-0.012566370614359171,-0.013613568165555772,4.244291674999811,-10.6,-20.96,0.125,23.461601,0.05485042,0.41014582
0 days 00:00:00.730000,0.000825493565132453,0.04316400000000001,0.04316400000000001,10.539864000000001,76.89479032948223,76.89479032948223,76.89479032948223,76.89479032948223,0.019722220547535925,0.017976891295541593,0.004886921905584123,76.0,2.39,0.0,1,2,100.0,4,0.06,23.465,-0.1,52.6493824,9.746556199999999,32.06,31.400000000000002,52.6493713,9.746552699999999,-0.012391837689159739,-0.013788101090755204,4.244291674999811,-10.6,-20.96,0.125,23.46139,0.054747358,0.424229
0 days 00:00:00.740000,0.000825493565132453,-0.596448,0.09417600000000001,9.92772,76.82793110825845,76.82793110825845,76.82793110825845,76.82793110825845,0.01902408884673819,0.0005235987755982988,0.00471238898038469,76.0,2.39,0.0,1,2,100.0,4,0.06,23.46,-0.1,52.6493824,9.746556199999999,32.06,31.400000000000002,52.6493695,9.7465511,-0.012217304763960308,-0.013788101090755204,4.24446620792501,-10.6,-20.96,0.125,23.45639,0.054822244,0.4241505
0 days 00:00:00.750000,0.000825493565132453,0.12164400000000002,0.07848000000000001,9.700128000000001,76.78112965340179,76.78112965340179,76.78112965340179,76.78112965340179,0.01780235837034216,0.012566370614359173,0.00471238898038469,76.0,2.39,0.0,1,2,100.0,4,0.06,23.465,-0.1,52.6493824,9.746556199999999,32.06,31.400000000000002,52.6493676,9.7465496,-0.012042771838760876,-0.013962634015954637,4.24446620792501,-10.6,-20.96,0.125,23.461317,0.05484613,0.42830437
0 days 00:00:00.760000,0.000825493565132453,0.003924,0.180504,9.613800000000001,76.78781557552418,76.78781557552418,76.78781557552418,76.78781557552418,0.017104226669544427,0.020420352248333655,0.004363323129985824,76.0,2.39,0.0,1,2,100.0,4,0.06,23.47,-0.1,52.6493731,9.7465485,32.03,31.400000000000002,52.6493657,9.746547999999999,-0.011868238913561441,-0.014311699866353503,4.24446620792501,-10.585,-20.995,0.17500000000000002,23.466166,0.054822836,0.4365552
0 days 00:00:00.770000,0.000825493565132453,-0.25506,0.12164400000000002,9.676584000000002,76.9415917843389,76.9415917843389,76.9415917843389,76.9415917843389,0.019547687622336492,0.019896753472735357,0.004363323129985824,76.0,2.39,0.0,1,2,100.0,4,0.065,23.47,-0.095,52.6493731,9.7465485,32.03,31.400000000000002,52.649363799999996,9.7465465,-0.011693705988362009,-0.014486232791552936,4.24446620792501,-10.585,-20.995,0.17500000000000002,23.466162,0.059909258,0.4357004
0 days 00:00:00.780000,0.000825493565132453,-0.003924,0.019620000000000002,9.65304,77.08199614890886,77.08199614890886,77.08199614890886,77.08199614890886,0.022514747350726852,0.02129301687433082,0.0041887902047863905,76.0,2.39,0.0,1,2,100.0,4,0.065,23.47,-0.095,52.6493731,9.7465485,32.03,31.400000000000002,52.649361899999995,9.7465449,-0.011344640137963142,-0.014660765716752368,4.24464074085021,-10.585,-20.995,0.17500000000000002,23.466085,0.060014877,0.43977475
0 days 00:00:00.790000,0.000825493565132453,0.054936000000000006,-0.153036,10.100376,77.18228498074454,77.18228498074454,77.18228498074454,77.18228498074454,0.02617993877991494,0.028448866807507574,0.0036651914291880917,76.0,2.39,0.0,1,1,100.0,4,0.06,23.47,-0.1,52.6493731,9.7465485,32.03,31.400000000000002,52.649359999999994,9.7465434,-0.01117010721276371,-0.015009831567151233,4.24464074085021,-10.585,-20.995,0.17500000000000002,23.465855,0.05494461,0.45289823
0 days 00:00:00.800000,0.000825493565132453,-0.46695600000000004,-0.062784,9.362664,77.08199614890886,77.08199614890886,77.08199614890886,77.08199614890886,0.0291469985083053,0.013439035240356337,0.004014257279586958,76.0,2.39,0.0,1,1,100.0,4,0.06,23.47,-0.095,52.6493731,9.7465485,32.03,31.400000000000002,52.6493581,9.7465418,-0.010821041362364843,-0.015009831567151233,4.24464074085021,-10.585,-20.995,0.17500000000000002,23.465929,0.055156797,0.44787988
0 days 00:00:00.810000,0.000825493565132453,0.231516,-0.08240400000000002,9.193932,76.82793110825845,76.82793110825845,76.82793110825845,76.82793110825845,0.030543261909900768,0.024609142453120045,0.0031415926535897933,76.0,2.39,0.0,1,1,100.0,4,0.06,23.475,-0.09,52.649363699999995,9.7465409,32.02,31.400000000000002,52.6493563,9.7465402,-0.010471975511965976,-0.0153588974175501,4.24464074085021,-10.555,-20.98,0.145,23.470848,0.055278905,0.45112893
0 days 00:00:00.820000,0.000825493565132453,-0.08240400000000002,0.10987200000000001,9.268488000000001,76.70758451005563,76.70758451005563,76.70758451005563,76.70758451005563,0.027401669256310976,0.031939525311496235,0.0022689280275926286,76.0,2.39,0.0,1,1,100.0,4,0.065,23.475,-0.085,52.649363699999995,9.7465409,32.02,31.400000000000002,52.6493544,9.7465387,-0.010297442586766544,-0.015707963267948967,4.24464074085021,-10.555,-20.98,0.145,23.470768,0.06032449,0.4543641
0 days 00:00:00.830000,0.000825493565132453,-0.5375880000000001,-0.04316400000000001,8.970264,76.63403936670946,76.63403936670946,76.63403936670946,76.63403936670946,0.02583087292951608,0.019896753472735357,0.0020943951023931952,76.0,2.39,0.0,1,1,100.0,4,0.065,23.47,-0.075,52.649363699999995,9.7465409,32.02,31.400000000000002,52.6493525,9.7465371,-0.009948376736367679,-0.0158824961931484,4.24464074085021,-10.555,-20.98,0.145,23.465849,0.0605426,0.44836155
0 days 00:00:00.840000,0.000825493565132453,0.10202400000000002,0.26290800000000003,8.852544000000002,76.72764227642276,76.72764227642276,76.72764227642276,76.72764227642276,0.02129301687433082,0.030019663134302467,0.0022689280275926286,76.0,2.39,0.0,1,1,100.0,4,0.065,23.47,-0.065,52.649363699999995,9.7465409,32.02,31.400000000000002,52.6493506,9.7465356,-0.009773843811168246,-0.016231562043547264,4.24464074085021,-10.555,-20.98,0.145,23.465853,0.060638517,0.44654348
0 days 00:00:00.850000,0.000825493565132453,-0.019620000000000002,-0.08240400000000002,9.001656,77.01513692768506,77.01513692768506,77.01513692768506,77.01513692768506,0.020594885173533087,0.03647738136668148,0.0020943951023931952,76.0,2.39,0.0,1,1,100.0,4,0.065,23.475,-0.06,52.649363699999995,9.7465409,32.02,31.400000000000002,52.6493487,9.746533999999999,-0.009599310885968814,-0.016580627893946133,4.244815273775409,-10.555,-20.98,0.145,23.470778,0.06068502,0.4498074
0 days 00:00:00.860000,0.000825493565132453,-0.21974400000000002,0.16873200000000002,8.428752000000001,77.08199614890886,77.08199614890886,77.08199614890886,77.08199614890886,0.020245819323134222,0.024085543677521748,0.0027925268031909274,76.0,2.39,0.0,1,1,100.0,4,0.065,23.47,-0.05,52.6493543,9.746533099999999,32.03,31.400000000000002,52.6493468,9.746532499999999,-0.00942477796076938,-0.016755160819145562,4.244815273775409,-10.58,-20.990000000000002,0.15,23.465868,0.06081994,0.44381112
0 days 00:00:00.870000,0.000825493565132453,0.545436,0.023544000000000002,8.891784000000001,77.08199614890886,77.08199614890886,77.08199614890886,77.08199614890886,0.017278759594743863,0.04450589592585541,0.0020943951023931952,76.0,2.39,0.0,1,1,100.0,4,0.065,23.48,-0.04,52.6493543,9.746533099999999,32.03,31.400000000000002,52.649344899999996,9.7465309,-0.009250245035569947,-0.017278759594743863,4.244815273775409,-10.58,-20.990000000000002,0.15,23.475805,0.060874633,0.44626126
0 days 00:00:00.880000,0.000825493565132453,-0.5415120000000001,-0.090252,8.617104000000001,76.89479032948223,76.89479032948223,76.89479032948223,76.89479032948223,0.014137166941154071,0.03438298626428829,0.0020943951023931952,76.0,2.39,0.0,1,1,100.0,4,0.065,23.475,-0.025,52.6493543,9.746533099999999,32.03,31.400000000000002,52.649343099999996,9.7465294,-0.009075712110370514,-0.017627825445142728,4.244815273775409,-10.58,-20.990000000000002,0.15,23.470913,0.061015062,0.43935972
0 days 00:00:00.890000,0.000825493565132453,-0.298224,0.047088000000000005,8.350272,76.78781557552418,76.78781557552418,76.78781557552418,76.78781557552418,0.014660765716752367,0.026703537555513242,0.0024434609527920616,76.0,2.39,0.0,1,1,100.0,4,0.065,23.475,-0.01,52.6493543,9.746533099999999,32.03,31.400000000000002,52.649341199999995,9.746527799999999,-0.00890117918517108,-0.01780235837034216,4.244815273775409,-10.58,-20.990000000000002,0.15,23.471104,0.061188776,0.42844832
0 days 00:00:00.900000,0.000825493565132453,0.27468000000000004,0.03531600000000001,8.821152,76.76107188703466,76.76107188703466,76.76107188703466,76.76107188703466,0.019547687622336492,0.04468042885105484,0.0024434609527920616,76.0,2.39,0.0,1,1,100.0,4,0.065,23.48,-0.0,52.6493543,9.746533099999999,32.03,31.400000000000002,52.649339299999994,9.7465263,-0.008726646259971648,-0.01832595714594046,4.244815273775409,-10.58,-20.990000000000002,0.15,23.476057,0.061242763,0.43082017
0 days 00:00:00.910000,0.000825493565132453,-0.368856,-0.05101200000000001,8.648496000000002,76.78781557552418,76.78781557552418,76.78781557552418,76.78781557552418,0.021467549799530253,0.03787364476827695,0.002617993877991494,76.0,2.39,0.0,1,1,100.0,4,0.065,23.475,0.005,52.6493446,9.7465266,31.85,31.400000000000002,52.6493374,9.7465247,-0.008552113334772215,-0.018675022996339326,4.244815273775409,-10.56,-21.0,0.095,23.471,0.06129142,0.43391156
0 days 00:00:00.920000,0.000825493565132453,-0.027468000000000003,-0.10987200000000001,8.263944,76.76107188703466,76.76107188703466,76.76107188703466,76.76107188703466,0.019896753472735357,0.032812189937493394,0.0012217304763960308,76.0,2.39,0.0,1,1,100.0,4,0.065,23.475,0.02,52.6493446,9.7465266,31.85,31.400000000000002,52.6493355,9.7465232,-0.00820304748437335,-0.019024088846738195,4.244815273775409,-10.56,-21.0,0.095,23.471132,0.0614987,0.42708603
0 days 00:00:00.930000,0.000825493565132453,0.251136,0.21189600000000003,8.71128,76.99507916131792,76.99507916131792,76.99507916131792,76.99507916131792,0.0158824961931484,0.05166174585903216,0.0005235987755982988,76.0,2.39,0.0,1,1,100.0,4,0.065,23.48,0.035,52.6493446,9.7465266,31.85,31.400000000000002,52.6493336,9.7465216,-0.00820304748437335,-0.019547687622336492,4.244815273775409,-10.56,-21.0,0.095,23.476198,0.06152011,0.42447612
0 days 00:00:00.940000,0.000825493565132453,-0.6906240000000001,0.031392,9.107604,77.06193838254171,77.06193838254171,77.06193838254171,77.06193838254171,0.010471975511965976,0.040491638646268445,0.0006981317007977319,76.0,2.39,0.0,1,1,100.0,4,0.07,23.475,0.04,52.6493446,9.7465266,31.85,31.400000000000002,52.6493317,9.74652,-0.008028514559173916,-0.019896753472735357,4.244815273775409,-10.56,-21.0,0.095,23.47115,0.06656918,0.4276016
0 days 00:00:00.950000,0.000825493565132453,-0.41594400000000004,-0.180504,8.817228,77.21571459135643,77.21571459135643,77.21571459135643,77.21571459135643,0.010297442586766544,0.014137166941154071,0.0010471975511965976,76.0,2.39,0.0,1,1,100.0,4,0.065,23.47,0.05,52.6493446,9.7465266,31.85,31.400000000000002,52.6493298,9.746518499999999,-0.007853981633974483,-0.020071286397934793,4.244815273775409,-10.56,-21.0,0.095,23.466276,0.061691098,0.42154908
0 days 00:00:00.960000,0.000825493565132453,0.694548,0.007848,8.907480000000001,77.06193838254171,77.06193838254171,77.06193838254171,77.06193838254171,0.005585053606381855,0.03682644721708035,-0.0005235987755982988,76.0,2.39,0.0,1,1,100.0,4,0.07,23.485,0.055,52.6493355,9.7465187,31.92,31.39,52.649328,9.746516999999999,-0.007853981633974483,-0.020420352248333655,4.244815273775409,-10.555,-21.035,0.01,23.481228,0.06666347,0.4250868
0 days 00:00:00.970000,0.000825493565132453,-0.5493600000000001,0.149112,8.726976,76.97502139495079,76.97502139495079,76.97502139495079,76.97502139495079,0.0005235987755982988,0.02495820830351891,0.0,76.0,2.39,0.0,1,1,100.0,4,0.07,23.485,0.07,52.6493355,9.7465187,31.92,31.39,52.649326099999996,9.7465154,-0.007853981633974483,-0.02076941809873252,4.244815273775409,-10.555,-21.035,0.01,23.48139,0.06671687,0.41828668
0 days 00:00:00.980000,0.000825493565132453,-0.41594400000000004,-0.05101200000000001,8.087364,76.78781557552418,76.78781557552418,76.78781557552418,76.78781557552418,-0.0019198621771937623,0.006283185307179587,-0.00017453292519943296,76.0,2.39,0.0,1,1,100.0,4,0.07,23.48,0.085,52.6493355,9.7465187,31.92,31.39,52.649324199999995,9.746513799999999,-0.007853981633974483,-0.02076941809873252,4.244815273775409,-10.555,-21.035,0.01,23.476702,0.06683548,0.4031865
0 days 00:00:00.990000,0.000825493565132453,0.36493200000000003,0.14126400000000003,7.8676200000000005,76.76107188703466,76.76107188703466,76.76107188703466,76.76107188703466,-0.005235987755982988,0.023736477827122886,0.0,76.0,2.39,0.0,1,1,100.0,4,0.07,23.485,0.105,52.6493355,9.7465187,31.92,31.39,52.649322299999994,9.7465123,-0.007853981633974483,-0.020943951023931952,4.244815273775409,-10.555,-21.035,0.01,23.482048,0.06695952,0.38739362
0 days 00:00:01,0.000825493565132453,-0.184428,0.180504,8.45622,76.85467479674796,76.85467479674796,76.85467479674796,76.85467479674796,-0.007504915783575617,0.02949606435870417,0.0005235987755982988,76.0,2.39,0.0,1,1,100.0,4,0.075,23.485,0.12,52.6493355,9.7465187,31.92,31.39,52.6493204,9.7465107,-0.008028514559173916,-0.02129301687433082,4.244815273775409,-10.555,-21.035,0.01,23.482233,0.07194634,0.38064578
0 days 00:00:01.010000,0.000825493565132453,-0.6396120000000001,-0.07848000000000001,8.660268,76.99507916131792,76.99507916131792,76.99507916131792,76.99507916131792,-0.002967059728390361,0.0036651914291880917,0.00017453292519943296,76.0,2.39,0.0,1,1,100.0,4,0.07,23.485,0.125,52.649326099999996,9.746511,31.92,31.39,52.6493185,9.7465092,-0.008028514559173916,-0.02129301687433082,4.244815273775409,-10.56,-21.025000000000002,-0.015,23.482338,0.06698662,0.37560695
0 days 00:00:01.020000,0.000825493565132453,0.43556400000000006,-0.003924,9.229248000000002,77.21571459135643,77.21571459135643,77.21571459135643,77.21571459135643,-0.0008726646259971648,0.014137166941154071,-0.0010471975511965976,76.0,2.39,0.0,1,1,100.0,4,0.07,23.490000000000002,0.13,52.649326099999996,9.746511,31.92,31.39,52.6493166,9.7465076,-0.008028514559173916,-0.021467549799530253,4.244815273775409,-10.56,-21.025000000000002,-0.015,23.487377,0.06699299,0.3748139
0 days 00:00:01.030000,0.000825493565132453,-0.23936400000000002,-0.149112,9.664812000000001,77.24245827984595,77.24245827984595,77.24245827984595,77.24245827984595,0.00017453292519943296,0.013439035240356337,-0.0012217304763960308,76.0,2.39,0.0,1,1,100.0,4,0.07,23.490000000000002,0.135,52.649326099999996,9.746511,31.92,31.38,52.6493148,9.7465061,-0.008028514559173916,-0.021642082724729686,4.244815273775409,-10.56,-21.025000000000002,-0.015,23.487421,0.06700021,0.37391442
0 days 00:00:01.040000,0.000825493565132453,-0.7102440000000001,-0.184428,8.860392000000001,77.14885537013264,77.14885537013264,77.14885537013264,77.14885537013264,-0.0013962634015954637,-0.017453292519943295,-0.0012217304763960308,76.0,2.39,0.0,1,1,100.0,4,0.07,23.485,0.145,52.649326099999996,9.746511,31.92,31.38,52.6493129,9.7465045,-0.008028514559173916,-0.021467549799530253,4.244815273775409,-10.56,-21.025000000000002,-0.015,23.482702,0.06711426,0.35971057
0 days 00:00:01.050000,0.000825493565132453,0.30999600000000005,0.062784,9.244944,77.14216944801026,77.14216944801026,77.14216944801026,77.14216944801026,-0.0013962634015954637,-0.0022689280275926286,-0.0013962634015954637,76.0,2.39,0.0,1,1,100.0,4,0.07,23.490000000000002,0.15,52.649326099999996,9.746511,31.92,31.38,52.649311,9.746502999999999,-0.008028514559173916,-0.021467549799530253,4.244815273775409,-10.56,-21.025000000000002,-0.015,23.487806,0.06715352,0.35481915
0 days 00:00:01.060000,0.0009434212172942321,-0.349236,-0.03531600000000001,9.554940000000002,77.02850877192982,77.02850877192982,77.02850877192982,77.02850877192982,0.0027925268031909274,-0.003316125578789226,-0.0012217304763960308,76.0,2.39,0.0,1,1,100.0,4,0.075,23.495,0.15,52.6493166,9.7465032,31.91,31.38,52.649309099999996,9.7465014,-0.008028514559173916,-0.021467549799530253,4.244815273775409,-10.52,-21.035,-0.145,23.492807,0.0721525,0.3549666
0 days 00:00:01.070000,0.0009434212172942321,-0.36493200000000003,-0.039240000000000004,8.993808000000001,76.95496362858366,76.95496362858366,76.95496362858366,76.95496362858366,0.0041887902047863905,-0.018675022996339326,-0.0010471975511965976,76.0,2.39,0.0,1,1,100.0,4,0.075,23.490000000000002,0.16,52.6493166,9.7465032,31.91,31.38,52.649307199999996,9.7464999,-0.008028514559173916,-0.02129301687433082,4.244815273775409,-10.52,-21.035,-0.145,23.488081,0.07226654,0.34076253
0 days 00:00:01.080000,0.0009434212172942321,0.47088,0.0,9.700128000000001,76.97502139495079,76.97502139495079,76.97502139495079,76.97502139495079,0.003490658503988659,0.007853981633974483,-0.002617993877991494,76.0,2.39,0.0,1,1,100.0,4,0.075,23.5,0.16,52.6493166,9.7465032,31.91,31.37,52.649305299999995,9.746498299999999,-0.007853981633974483,-0.02129301687433082,4.244815273775409,-10.52,-21.035,-0.145,23.49808,0.07232435,0.34096286
0 days 00:00:01.090000,0.0009434212172942321,-0.7651800000000001,-0.10987200000000001,9.645192000000002,77.08199614890886,77.08199614890886,77.08199614890886,77.08199614890886,0.00471238898038469,-0.011868238913561443,-0.0027925268031909274,76.0,2.39,0.0,1,1,100.0,4,0.075,23.495,0.16,52.6493166,9.7465032,31.91,31.37,52.6493034,9.7464968,-0.007853981633974483,-0.02129301687433082,4.244815273775409,-10.52,-21.035,-0.145,23.493082,0.072325185,0.3408564
0 days 00:00:01.100000,0.0010613488694560112,-0.21582000000000004,-0.031392,9.421524000000002,77.27588789045785,77.27588789045785,77.27588789045785,77.27588789045785,0.007330382858376183,-0.02530727415391778,-0.0024434609527920616,76.0,2.39,0.0,1,1,100.0,4,0.08,23.495,0.165,52.6493166,9.7465032,31.91,31.37,52.6493015,9.7464952,-0.007853981633974483,-0.020943951023931952,4.244815273775409,-10.52,-21.035,-0.145,23.493303,0.07742869,0.32769662
0 days 00:00:01.110000,0.0010613488694560112,0.33746400000000004,-0.066708,10.006200000000002,77.31600342319211,77.31600342319211,77.31600342319211,77.31600342319211,0.011344640137963142,-0.01117010721276371,-0.0019198621771937623,76.0,2.39,0.0,1,1,100.0,4,0.085,23.5,0.165,52.6493074,9.746494799999999,31.98,31.37,52.6492997,9.7464937,-0.007853981633974483,-0.020943951023931952,4.244815273775409,-10.48,-21.015,-0.215,23.498302,0.08242772,0.32784057
0 days 00:00:01.120000,0.0010613488694560112,-0.380628,-0.07848000000000001,10.171008,77.29594565682498,77.29594565682498,77.29594565682498,77.29594565682498,0.012391837689159739,-0.01937315469713706,-0.0010471975511965976,76.0,2.39,0.0,1,1,100.0,4,0.085,23.5,0.165,52.6493074,9.746494799999999,31.98,31.36,52.6492978,9.7464921,-0.00767944870877505,-0.02076941809873252,4.244815273775409,-10.48,-21.015,-0.215,23.49836,0.082516424,0.32372501
0 days 00:00:01.130000,0.0010613488694560112,-0.33354000000000006,-0.15696000000000002,9.656964,77.12211168164313,77.12211168164313,77.12211168164313,77.12211168164313,0.01064650843716541,-0.032463124087094536,-0.00034906585039886593,76.0,2.39,0.0,1,1,100.0,4,0.085,23.5,0.165,52.6493074,9.746494799999999,31.98,31.36,52.6492959,9.7464906,-0.007504915783575617,-0.020420352248333655,4.244815273775409,-10.48,-21.015,-0.215,23.498468,0.082634486,0.3155084
0 days 00:00:01.140000,0.0010613488694560112,0.07063200000000001,-0.074556,10.1043,77.02850877192982,77.02850877192982,77.02850877192982,77.02850877192982,0.008028514559173916,-0.017453292519943295,-0.00017453292519943296,76.0,2.39,0.0,1,1,100.0,4,0.085,23.5,0.16,52.6493074,9.746494799999999,31.98,31.36,52.649294,9.746489,-0.007504915783575617,-0.020245819323134222,4.244815273775409,-10.48,-21.015,-0.215,23.498423,0.08262775,0.316406
0 days 00:00:01.150000,0.0011792765216177901,-0.5729040000000001,-0.10202400000000002,9.98658,76.97502139495079,76.97502139495079,76.97502139495079,76.97502139495079,0.008377580409572781,-0.030543261909900768,0.0010471975511965976,76.0,2.39,0.0,1,1,100.0,4,0.085,23.495,0.16,52.6493074,9.746494799999999,31.98,31.36,52.6492921,9.7464874,-0.007330382858376184,-0.019896753472735357,4.244815273775409,-10.48,-21.015,-0.215,23.493534,0.08274382,0.30808988
0 days 00:00:01.160000,0.0011792765216177901,-0.03531600000000001,-0.12164400000000002,9.892404,77.01513692768506,77.01513692768506,77.01513692768506,77.01513692768506,0.011868238913561443,-0.02600540585471551,0.0013962634015954637,76.0,2.39,0.0,1,1,100.0,4,0.08,23.505,0.16,52.6492979,9.7464871,31.96,31.36,52.649290199999996,9.7464859,-0.007155849933176752,-0.019722220547535925,4.244815273775409,-10.535,-21.01,-0.15,23.503582,0.07782566,0.3041366
0 days 00:00:01.170000,0.0011792765216177901,0.10594800000000001,-0.10594800000000001,10.367208,77.08199614890886,77.08199614890886,77.08199614890886,77.08199614890886,0.01658062789394613,-0.015009831567151233,0.0012217304763960308,76.0,2.39,0.0,1,1,100.0,4,0.08,23.505,0.155,52.6492979,9.7464871,31.96,31.35,52.649288299999995,9.746484299999999,-0.006981317007977318,-0.019547687622336492,4.244815273775409,-10.535,-21.01,-0.15,23.503538,0.07787248,0.3050198
0 days 00:00:01.180000,0.0011792765216177901,-0.22759200000000002,-0.25506,10.779228,77.24245827984595,77.24245827984595,77.24245827984595,77.24245827984595,0.016406094968746697,-0.01884955592153876,0.0015707963267948967,76.0,2.39,0.0,1,1,100.0,4,0.08,23.505,0.145,52.6492979,9.7464871,31.96,31.35,52.6492864,9.746482799999999,-0.006981317007977318,-0.01937315469713706,4.244815273775409,-10.535,-21.01,-0.15,23.503399,0.07783131,0.3109156
0 days 00:00:01.190000,0.0012972041737795694,-0.38847600000000004,-0.21582000000000004,10.673280000000002,77.29594565682498,77.29594565682498,77.29594565682498,77.29594565682498,0.014311699866353502,-0.02775073510670984,0.0019198621771937623,76.0,2.39,0.0,2,1,100.0,4,0.075,23.505,0.135,52.6492979,9.7464871,31.96,31.35,52.6492845,9.7464812,-0.006806784082777886,-0.019198621771937627,4.244815273775409,-10.535,-21.01,-0.15,23.50326,0.07284556,0.31676394
0 days 00:00:01.200000,0.0012972041737795694,-0.07848000000000001,-0.145188,10.983276000000002,77.31600342319211,77.31600342319211,77.31600342319211,77.31600342319211,0.011519173063162576,-0.022165681500327987,0.0019198621771937623,76.0,2.39,0.0,2,1,100.0,4,0.075,23.505,0.125,52.6492979,9.7464871,31.96,31.35,52.6492827,9.7464797,-0.0066322511575784525,-0.01884955592153876,4.244815273775409,-10.535,-21.01,-0.15,23.50318,0.07288895,0.31854513
0 days 00:00:01.210000,0.0012972041737795694,-0.290376,-0.066708,10.75176,77.19565682498931,77.19565682498931,77.19565682498931,77.19565682498931,0.007853981633974483,-0.02583087292951608,0.0036651914291880917,76.0,2.39,0.0,2,1,100.0,4,0.075,23.5,0.12,52.649288399999996,9.746479299999999,31.95,31.35,52.6492808,9.7464781,-0.0066322511575784525,-0.018675022996339326,4.244815273775409,-10.515,-20.975,-0.25,23.498144,0.07288361,0.31934884
0 days 00:00:01.220000,0.0012972041737795694,-0.05101200000000001,-0.16088400000000003,10.630116000000001,77.02850877192982,77.02850877192982,77.02850877192982,77.02850877192982,0.006283185307179587,-0.024085543677521748,0.0036651914291880917,76.0,2.39,0.0,2,1,100.0,4,0.075,23.505,0.11,52.649288399999996,9.746479299999999,31.95,31.34,52.6492789,9.7464766,-0.006457718232379019,-0.01832595714594046,4.244989806700609,-10.515,-20.975,-0.25,23.503069,0.07292717,0.32122356
0 days 00:00:01.230000,0.0014151318259413483,0.027468000000000003,0.0,10.296576000000002,76.99507916131792,76.99507916131792,76.99507916131792,76.99507916131792,0.0008726646259971648,-0.01937315469713706,0.004363323129985824,76.0,2.39,0.0,2,1,100.0,4,0.075,23.505,0.105,52.649288399999996,9.746479299999999,31.95,31.34,52.649277,9.746475,-0.006457718232379019,-0.01815142422074103,4.244989806700609,-10.515,-20.975,-0.25,23.503033,0.07292137,0.32212073
0 days 00:00:01.240000,0.0015330594781031272,-0.20404800000000003,-0.023544000000000002,10.845936000000002,76.97502139495079,76.97502139495079,76.97502139495079,76.97502139495079,-0.0036651914291880917,-0.006108652381980153,0.004537856055185257,76.0,2.39,0.0,2,1,100.0,4,0.07,23.505,0.095,52.649288399999996,9.746479299999999,31.95,31.34,52.6492751,9.746473499999999,-0.006457718232379019,-0.01815142422074103,4.244989806700609,-10.515,-20.975,-0.25,23.502851,0.06785691,0.3320866
0 days 00:00:01.250000,0.0015330594781031272,-0.8240400000000001,0.04316400000000001,10.547712000000002,77.06193838254171,77.06193838254171,77.06193838254171,77.06193838254171,-0.004363323129985824,-0.027401669256310976,0.0054105206811824215,76.0,2.39,0.0,2,1,100.0,4,0.07,23.5,0.085,52.649288399999996,9.746479299999999,31.95,31.34,52.649273199999996,9.7464719,-0.0066322511575784525,-0.01780235837034216,4.244989806700609,-10.515,-20.975,-0.25,23.49779,0.06778764,0.3338037
0 days 00:00:01.260000,0.0015330594781031272,0.447336,0.133416,10.520244,77.21571459135643,77.21571459135643,77.21571459135643,77.21571459135643,-0.005759586531581288,-0.015707963267948967,0.006108652381980153,76.0,2.39,0.0,2,1,100.0,4,0.07,23.5,0.08,52.649279,9.7464715,31.94,31.34,52.649271299999995,9.7464704,-0.0066322511575784525,-0.017627825445142728,4.245164339625807,-10.51,-20.935,-0.14,23.497757,0.06778169,0.3347018
0 days 00:00:01.270000,0.001650987130264906,0.125568,-0.07848000000000001,10.936188000000001,77.31600342319211,77.31600342319211,77.31600342319211,77.31600342319211,-0.00034906585039886593,-0.0022689280275926286,0.006806784082777885,76.0,2.39,0.0,2,1,100.0,4,0.065,23.5,0.07,52.649279,9.7464715,31.94,31.34,52.649269399999994,9.746468799999999,-0.0066322511575784525,-0.017627825445142728,4.245164339625807,-10.51,-20.935,-0.14,23.497581,0.06271548,0.34466684
0 days 00:00:01.280000,0.001650987130264906,-0.60822,-0.16873200000000002,10.312272000000002,77.24245827984595,77.24245827984595,77.24245827984595,77.24245827984595,0.00942477796076938,-0.02530727415391778,0.007504915783575617,76.0,2.39,0.0,2,1,100.0,4,0.065,23.495,0.065,52.649279,9.7464715,31.94,31.34,52.6492675,9.7464672,-0.006457718232379019,-0.017278759594743863,4.245338872551008,-10.51,-20.935,-0.14,23.492619,0.06279687,0.34136653
0 days 00:00:01.290000,0.001650987130264906,0.349236,0.011772000000000001,10.367208,77.21571459135643,77.21571459135643,77.21571459135643,77.21571459135643,0.015707963267948967,-0.0022689280275926286,0.007504915783575617,76.0,2.39,0.0,2,1,100.0,4,0.065,23.5,0.06,52.649279,9.7464715,31.94,31.34,52.6492657,9.7464657,-0.006283185307179586,-0.017278759594743863,4.245338872551008,-10.51,-20.935,-0.14,23.49753,0.0628245,0.34644115
0 days 00:00:01.300000,0.001650987130264906,-0.27075600000000005,-0.290376,10.971504000000001,76.97502139495079,76.97502139495079,76.97502139495079,76.97502139495079,0.01832595714594046,0.007504915783575617,0.005759586531581288,76.0,2.39,0.0,2,1,100.0,4,0.06,23.5,0.05,52.649279,9.7464715,31.94,31.34,52.6492638,9.746464099999999,-0.006108652381980154,-0.017453292519943295,4.245338872551008,-10.51,-20.935,-0.14,23.497295,0.05779893,0.36049893
0 days 00:00:01.310000,0.0017689147824266852,-0.7769520000000001,0.031392,9.821772000000001,76.89479032948223,76.89479032948223,76.89479032948223,76.89479032948223,0.017627825445142728,-0.024434609527920613,0.006806784082777885,76.0,2.39,0.0,2,1,100.0,4,0.06,23.485,0.05,52.6492696,9.7464629,32.1,31.330000000000002,52.6492619,9.7464626,-0.005934119456780721,-0.01710422666954443,4.245513405476206,-10.51,-20.975,-0.125,23.48242,0.05791204,0.35203037
0 days 00:00:01.320000,0.0017689147824266852,0.8711280000000001,0.090252,10.473156000000001,76.86136071887034,76.86136071887034,76.86136071887034,76.86136071887034,0.014486232791552938,0.016929693744344998,0.006632251157578452,76.0,2.39,0.0,2,1,100.0,4,0.06,23.5,0.045,52.6492696,9.7464629,32.1,31.330000000000002,52.64926,9.746461,-0.005759586531581287,-0.017278759594743863,4.245513405476206,-10.51,-20.975,-0.125,23.49727,0.05791959,0.3613769
0 days 00:00:01.330000,0.0017689147824266852,-0.769104,0.10594800000000001,10.755684,76.99507916131792,76.99507916131792,76.99507916131792,76.99507916131792,0.01815142422074103,0.006108652381980153,0.006632251157578452,76.0,2.39,0.0,2,1,100.0,4,0.06,23.490000000000002,0.035,52.6492696,9.7464629,32.1,31.330000000000002,52.6492581,9.7464595,-0.005585053606381855,-0.017278759594743863,4.245513405476206,-10.51,-20.975,-0.125,23.487099,0.057927784,0.37119234
0 days 00:00:01.340000,0.0017689147824266852,-0.482652,0.011772000000000001,10.739988,77.31600342319211,77.31600342319211,77.31600342319211,77.31600342319211,0.022165681500327987,-0.01064650843716541,0.006981317007977318,76.0,2.39,0.0,2,1,100.0,4,0.06,23.490000000000002,0.025,52.6492696,9.7464629,32.1,31.330000000000002,52.649256199999996,9.7464579,-0.0054105206811824215,-0.01710422666954443,4.245687938401406,-10.51,-20.975,-0.125,23.486992,0.057960648,0.37708142
0 days 00:00:01.350000,0.0017689147824266852,0.49050000000000005,-0.10987200000000001,11.171628,77.32937526743689,77.32937526743689,77.32937526743689,77.32937526743689,0.020943951023931952,0.013962634015954637,0.005759586531581288,76.0,2.39,0.0,2,1,100.0,4,0.06,23.495,0.01,52.6492696,9.7464629,32.1,31.330000000000002,52.649254299999996,9.7464564,-0.005235987755982988,-0.017278759594743863,4.245687938401406,-10.51,-20.975,-0.125,23.491669,0.057926018,0.39625445
0 days 00:00:01.360000,0.0017689147824266852,-0.6631560000000001,0.07063200000000001,10.555560000000002,77.24245827984595,77.24245827984595,77.24245827984595,77.24245827984595,0.01658062789394613,-0.006632251157578452,0.005934119456780722,76.0,2.39,0.0,2,1,100.0,4,0.06,23.490000000000002,0.005,52.6492602,9.7464552,32.13,31.330000000000002,52.649252399999995,9.7464548,-0.005061454830783556,-0.017278759594743863,4.245687938401406,-10.52,-21.01,-0.02,23.48658,0.05797031,0.4011571
0 days 00:00:01.370000,0.0017689147824266852,-0.0981,0.090252,10.029744,77.21571459135643,77.21571459135643,77.21571459135643,77.21571459135643,0.016929693744344998,-0.013962634015954637,0.006981317007977318,76.0,2.39,0.0,2,2,100.0,4,0.06,23.490000000000002,-0.0,52.6492602,9.7464552,32.13,31.330000000000002,52.649250599999995,9.7464532,-0.004886921905584123,-0.01710422666954443,4.245862471326605,-10.52,-21.01,-0.02,23.486565,0.05803593,0.40204716
0 days 00:00:01.380000,0.0017689147824266852,0.384552,-0.003924,10.539864000000001,76.99507916131792,76.99507916131792,76.99507916131792,76.99507916131792,0.021642082724729686,0.012391837689159739,0.007155849933176751,76.0,2.39,0.0,2,2,100.0,4,0.06,23.495,-0.005,52.6492602,9.7464552,32.13,31.330000000000002,52.6492487,9.7464517,-0.00471238898038469,-0.017278759594743863,4.245862471326605,-10.52,-21.01,-0.02,23.49141,0.058062814,0.41122165
0 days 00:00:01.390000,0.0017689147824266852,-0.8672040000000001,0.027468000000000003,9.888480000000001,77.02850877192982,77.02850877192982,77.02850877192982,77.02850877192982,0.027925268031909273,-0.011519173063162576,0.008552113334772213,76.0,2.39,0.0,2,2,100.0,4,0.06,23.490000000000002,-0.005,52.6492602,9.7464552,32.13,31.330000000000002,52.6492468,9.746450099999999,-0.004363323129985824,-0.01710422666954443,4.246037004251805,-10.52,-21.01,-0.02,23.486479,0.05822462,0.40701586
0 days 00:00:01.400000,0.0017689147824266852,0.20797200000000002,0.047088000000000005,9.507852000000002,76.89479032948223,76.89479032948223,76.89479032948223,76.89479032948223,0.030717794835100197,-0.006283185307179587,0.008552113334772213,76.0,2.39,0.0,2,2,100.0,4,0.06,23.495,-0.005,52.6492602,9.7464552,32.13,31.330000000000002,52.6492449,9.746448599999999,-0.0041887902047863905,-0.01710422666954443,4.246037004251805,-10.52,-21.01,-0.02,23.491478,0.0582953,0.40709126
0 days 00:00:01.410000,0.0017689147824266852,0.290376,0.278604,10.653660000000002,76.97502139495079,76.97502139495079,76.97502139495079,76.97502139495079,0.02757620218151041,0.018500490071139894,0.008203047484373348,76.0,2.39,0.0,2,2,100.0,4,0.06,23.5,-0.01,52.649250699999996,9.7464474,32.12,31.330000000000002,52.649243,9.746447,-0.003839724354387525,-0.017278759594743863,4.246211537177004,-10.565,-21.015,-0.025,23.496319,0.05840212,0.4162564
0 days 00:00:01.420000,0.0017689147824266852,-1.1968200000000002,-0.047088000000000005,10.649736000000003,77.1622272143774,77.1622272143774,77.1622272143774,77.1622272143774,0.028797932657906436,-0.022863813201125717,0.00942477796076938,76.0,2.39,0.0,2,2,100.0,4,0.055,23.490000000000002,-0.02,52.649250699999996,9.7464474,32.12,31.330000000000002,52.6492411,9.7464455,-0.003490658503988659,-0.01710422666954443,4.246211537177004,-10.565,-21.015,-0.025,23.486223,0.05352746,0.42194515
0 days 00:00:01.430000,0.0017689147824266852,0.066708,0.0,10.386828,77.34943303380402,77.34943303380402,77.34943303380402,77.34943303380402,0.02949606435870417,-0.026703537555513242,0.009599310885968814,76.0,2.39,0.0,2,2,100.0,4,0.055,23.495,-0.025,52.649250699999996,9.7464474,32.12,31.330000000000002,52.6492392,9.7464439,-0.003141592653589793,-0.016755160819145562,4.246386070102204,-10.565,-21.015,-0.025,23.491283,0.053684533,0.41881132
0 days 00:00:01.440000,0.0017689147824266852,0.16088400000000003,0.047088000000000005,10.963656000000002,77.40960633290543,77.40960633290543,77.40960633290543,77.40960633290543,0.030717794835100197,-0.01361356816555577,0.008726646259971648,76.0,2.39,0.0,2,2,100.0,4,0.055,23.5,-0.035,52.649250699999996,9.7464474,32.12,31.330000000000002,52.649237299999996,9.7464424,-0.0029670597283903604,-0.016755160819145562,4.246386070102204,-10.565,-21.015,-0.025,23.496117,0.053727712,0.4288842
0 days 00:00:01.450000,0.0017689147824266852,-1.0320120000000002,-0.015696,10.26126,77.24245827984595,77.24245827984595,77.24245827984595,77.24245827984595,0.03159045946109736,-0.04415683007545654,0.00942477796076938,76.0,2.39,0.0,2,2,100.0,4,0.05,23.490000000000002,-0.04,52.649250699999996,9.7464474,32.12,31.330000000000002,52.649235399999995,9.7464408,-0.002617993877991494,-0.016231562043547264,4.246560603027403,-10.565,-21.015,-0.025,23.486258,0.048896983,0.42138684
0 days 00:00:01.460000,0.0017689147824266852,0.41594400000000004,0.019620000000000002,10.47708,77.06193838254171,77.06193838254171,77.06193838254171,77.06193838254171,0.02722713633111154,-0.033510321638291124,0.008028514559173916,76.0,2.39,0.0,2,2,100.0,4,0.05,23.5,-0.05,52.6492413,9.7464396,32.13,31.330000000000002,52.649233599999995,9.746439299999999,-0.0022689280275926286,-0.016057029118347832,4.246560603027403,-10.55,-20.985,0.085,23.496168,0.049030323,0.4274299
0 days 00:00:01.470000,0.0017689147824266852,-0.1962,0.149112,10.896948,77.06193838254171,77.06193838254171,77.06193838254171,77.06193838254171,0.023387411976724018,-0.02775073510670984,0.008203047484373348,76.0,2.39,0.0,2,2,100.0,4,0.045,23.5,-0.06,52.6492413,9.7464396,32.13,31.330000000000002,52.649231699999994,9.7464377,-0.0020943951023931952,-0.015707963267948967,4.246735135952603,-10.55,-20.985,0.085,23.496159,0.04410117,0.42920783
0 days 00:00:01.480000,0.0017689147824266852,-0.9888480000000001,0.05101200000000001,9.625572000000002,76.99507916131792,76.99507916131792,76.99507916131792,76.99507916131792,0.024783675378319478,-0.05881759579220891,0.00942477796076938,76.0,2.39,0.0,2,1,100.0,4,0.045,23.490000000000002,-0.06,52.6492413,9.7464396,32.13,31.330000000000002,52.6492298,9.7464362,-0.0017453292519943296,-0.015184364492350668,4.246735135952603,-10.55,-20.985,0.085,23.48638,0.044272725,0.41673797
0 days 00:00:01.490000,0.0017689147824266852,0.6199920000000001,0.33746400000000004,9.951264,77.06193838254171,77.06193838254171,77.06193838254171,77.06193838254171,0.029321531433504733,-0.032812189937493394,0.00942477796076938,76.0,2.39,0.0,2,1,100.0,4,0.045,23.5,-0.06,52.6492413,9.7464396,32.13,31.330000000000002,52.6492279,9.746434599999999,-0.0015707963267948964,-0.014835298641951801,4.246909668877802,-10.55,-20.985,0.085,23.496523,0.0443581,0.40868032
0 days 00:00:01.500000,0.0017689147824266852,0.019620000000000002,0.125568,10.814544000000001,77.28925973470261,77.28925973470261,77.28925973470261,77.28925973470261,0.034557519189487726,-0.02199114857512855,0.009250245035569947,76.0,2.39,0.0,1,1,100.0,4,0.045,23.5,-0.07,52.6492413,9.7464396,32.13,31.330000000000002,52.649226,9.746433099999999,-0.0012217304763960308,-0.014660765716752368,4.246909668877802,-10.55,-20.985,0.085,23.496449,0.044493552,0.4145628
0 days 00:00:01.510000,0.0017689147824266852,-0.9221400000000001,-0.07063200000000001,10.225944,77.29594565682498,77.29594565682498,77.29594565682498,77.29594565682498,0.034557519189487726,-0.054977871437821374,0.00890117918517108,76.0,2.39,0.0,1,1,100.0,4,0.045,23.490000000000002,-0.075,52.6492316,9.7464312,32.25,31.330000000000002,52.6492241,9.7464315,-0.0008726646259971648,-0.013962634015954637,4.247084201803002,-10.525,-20.97,0.04,23.486664,0.044648334,0.40300345
0 days 00:00:01.520000,0.0017689147824266852,0.30999600000000005,0.066708,10.068984,77.34943303380402,77.34943303380402,77.34943303380402,77.34943303380402,0.03368485456349056,-0.04852015320544236,0.007155849933176751,76.0,2.39,0.0,1,1,100.0,4,0.045,23.495,-0.075,52.6492316,9.7464312,32.25,31.330000000000002,52.6492222,9.746429899999999,-0.0005235987755982988,-0.013439035240356337,4.247084201803002,-10.525,-20.97,0.04,23.491873,0.04479541,0.39075738
0 days 00:00:01.530000,0.0017689147824266852,0.023544000000000002,0.302148,10.657584000000002,77.19565682498931,77.19565682498931,77.19565682498931,77.19565682498931,0.032637657012293965,-0.029845130209103034,0.008028514559173916,76.0,2.39,0.0,1,1,100.0,4,0.045,23.495,-0.085,52.6492316,9.7464312,32.25,31.34,52.649220299999996,9.7464284,-0.00017453292519943296,-0.013264502315156905,4.2472587347282005,-10.525,-20.97,0.04,23.491806,0.044930775,0.39664075
0 days 00:00:01.540000,0.0017689147824266852,-0.894672,0.027468000000000003,10.194552000000002,77.08199614890886,77.08199614890886,77.08199614890886,77.08199614890886,0.030717794835100197,-0.05550147021341968,0.009250245035569947,76.0,2.39,0.0,1,1,100.0,4,0.045,23.490000000000002,-0.09,52.6492316,9.7464312,32.25,31.34,52.649218399999995,9.7464268,0.00017453292519943296,-0.012740903539558606,4.2472587347282005,-10.525,-20.97,0.04,23.486946,0.04506794,0.38926056
0 days 00:00:01.550000,0.0017689147824266852,0.290376,0.24328800000000003,9.857088000000003,76.97502139495079,76.97502139495079,76.97502139495079,76.97502139495079,0.026354471705114374,-0.047647488579445195,0.00942477796076938,76.0,2.39,0.0,1,1,100.0,4,0.045,23.495,-0.09,52.6492316,9.7464312,32.25,31.34,52.649216599999995,9.7464253,0.0005235987755982988,-0.012217304763960308,4.247433267653401,-10.525,-20.97,0.04,23.49215,0.045197412,0.3770081
0 days 00:00:01.560000,0.0017689147824266852,0.28645200000000004,0.3924,10.433916000000002,76.99507916131792,76.99507916131792,76.99507916131792,76.99507916131792,0.022689280275926284,-0.018675022996339326,0.008726646259971648,76.0,2.39,0.0,1,1,100.0,4,0.045,23.495,-0.095,52.649221999999995,9.7464236,32.230000000000004,31.34,52.649214699999995,9.7464237,0.0006981317007977319,-0.012042771838760876,4.247433267653401,-10.495000000000001,-20.945,0.075,23.492151,0.045263838,0.3778997
0 days 00:00:01.570000,0.0017689147824266852,-1.043784,0.20012400000000002,10.304424000000001,76.99507916131792,76.99507916131792,76.99507916131792,76.99507916131792,0.022689280275926284,-0.04066617157146788,0.009948376736367679,76.0,2.39,0.0,1,1,100.0,4,0.045,23.485,-0.1,52.649221999999995,9.7464236,32.230000000000004,31.34,52.6492128,9.7464222,0.0008726646259971648,-0.011519173063162575,4.247607800578599,-10.495000000000001,-20.945,0.075,23.48229,0.045323323,0.37047574
0 days 00:00:01.580000,0.0017689147824266852,0.13734000000000002,0.13734000000000002,10.1043,77.21571459135643,77.21571459135643,77.21571459135643,77.21571459135643,0.02548180707911721,-0.041189770347066175,0.00942477796076938,76.0,2.39,0.0,1,1,100.0,4,0.045,23.485,-0.1,52.649221999999995,9.7464236,32.230000000000004,31.34,52.6492109,9.7464206,0.0012217304763960308,-0.01117010721276371,4.247607800578599,-10.495000000000001,-20.945,0.075,23.482418,0.045442622,0.36226302
0 days 00:00:01.590000,0.0017689147824266852,0.41594400000000004,0.10987200000000001,10.418220000000002,77.24245827984595,77.24245827984595,77.24245827984595,77.24245827984595,0.031415926535897934,-0.014137166941154071,0.008028514559173916,76.0,2.39,0.0,1,1,100.0,4,0.045,23.495,-0.105,52.649221999999995,9.7464236,32.230000000000004,31.34,52.649209,9.746419099999999,0.0013962634015954637,-0.010995574287564275,4.247607800578599,-10.495000000000001,-20.945,0.075,23.492428,0.04550726,0.36326632
0 days 00:00:01.600000,0.0017689147824266852,-0.6906240000000001,0.180504,9.554940000000002,77.32937526743689,77.32937526743689,77.32937526743689,77.32937526743689,0.03647738136668148,-0.03647738136668148,0.00890117918517108,76.0,2.39,0.0,1,1,100.0,4,0.045,23.485,-0.105,52.649221999999995,9.7464236,32.230000000000004,31.34,52.6492071,9.7464175,0.0019198621771937625,-0.01064650843716541,4.2477823335038,-10.495000000000001,-20.945,0.075,23.482552,0.045681514,0.35493553
0 days 00:00:01.610000,0.0017689147824266852,0.463032,0.129492,9.896328000000002,77.14885537013264,77.14885537013264,77.14885537013264,77.14885537013264,0.04084070449666731,-0.012391837689159739,0.008552113334772213,76.0,2.39,0.0,1,1,100.0,4,0.045,23.495,-0.105,52.6492126,9.746415899999999,32.24,31.34,52.6492052,9.746416,0.0022689280275926286,-0.01064650843716541,4.2477823335038,-10.505,-20.990000000000002,0.08,23.492552,0.045805648,0.35502604
0 days 00:00:01.620000,0.001650987130264906,-0.090252,-0.18835200000000002,10.06506,77.02850877192982,77.02850877192982,77.02850877192982,77.02850877192982,0.046949356878647465,-0.00471238898038469,0.008377580409572781,76.0,2.39,0.0,1,1,100.0,4,0.04,23.495,-0.105,52.6492126,9.746415899999999,32.24,31.34,52.649203299999996,9.746414399999999,0.0027925268031909274,-0.010471975511965976,4.247956866428999,-10.505,-20.990000000000002,0.08,23.492615,0.0409801,0.35091573
0 days 00:00:01.630000,0.0017689147824266852,-0.447336,0.21582000000000004,9.087984,76.92153401797175,76.92153401797175,76.92153401797175,76.92153401797175,0.05166174585903216,-0.019198621771937627,0.00942477796076938,76.0,2.39,0.0,1,1,100.0,4,0.04,23.490000000000002,-0.1,52.6492126,9.746415899999999,32.24,31.34,52.649201399999995,9.7464129,0.0033161255787892262,-0.010297442586766544,4.247956866428999,-10.505,-20.990000000000002,0.08,23.487724,0.041133486,0.34174284
0 days 00:00:01.640000,0.001650987130264906,0.655308,0.16480800000000004,9.331272,76.8413029525032,76.8413029525032,76.8413029525032,76.8413029525032,0.05096361415823442,0.01064650843716541,0.009250245035569947,76.0,2.39,0.0,1,1,100.0,4,0.04,23.5,-0.095,52.6492126,9.746415899999999,32.24,31.34,52.649199499999995,9.7464113,0.003665191429188092,-0.010471975511965976,4.2481313993541985,-10.505,-20.990000000000002,0.08,23.497715,0.041249856,0.3409328
0 days 00:00:01.650000,0.0017689147824266852,-0.302148,0.039240000000000004,10.033668000000002,76.89479032948223,76.89479032948223,76.89479032948223,76.89479032948223,0.05061454830783556,0.018675022996339326,0.007853981633974483,76.0,2.39,0.0,1,1,100.0,4,0.035,23.495,-0.095,52.6492126,9.746415899999999,32.24,31.35,52.649197699999995,9.7464098,0.0041887902047863905,-0.01064650843716541,4.2481313993541985,-10.505,-20.990000000000002,0.08,23.492659,0.036445368,0.34497997
0 days 00:00:01.660000,0.0017689147824266852,-0.7926480000000001,0.251136,9.362664,77.02850877192982,77.02850877192982,77.02850877192982,77.02850877192982,0.046774823953448036,-0.0054105206811824215,0.009075712110370514,76.0,2.39,0.0,1,1,100.0,4,0.035,23.485,-0.095,52.649203299999996,9.746407099999999,32.75,31.35,52.6491958,9.7464082,0.00471238898038469,-0.010471975511965976,4.248305932279397,-10.515,-20.985,0.155,23.482718,0.036606174,0.3407559
0 days 00:00:01.670000,0.0017689147824266852,0.631764,0.23936400000000002,9.880632000000002,77.19565682498931,77.19565682498931,77.19565682498931,77.19565682498931,0.04537856055185257,0.017976891295541593,0.008203047484373348,76.0,2.39,0.0,1,1,100.0,4,0.035,23.490000000000002,-0.095,52.649203299999996,9.746407099999999,32.75,31.35,52.6491939,9.7464066,0.005235987755982988,-0.01064650843716541,4.248305932279397,-10.515,-20.985,0.155,23.487658,0.03680633,0.3448884
0 days 00:00:01.680000,0.001650987130264906,-0.28645200000000004,0.16873200000000002,10.025820000000001,77.28925973470261,77.28925973470261,77.28925973470261,77.28925973470261,0.04258603374866164,0.017627825445142728,0.00890117918517108,76.0,2.39,0.0,1,1,100.0,4,0.035,23.490000000000002,-0.1,52.649203299999996,9.746407099999999,32.75,31.35,52.649192,9.746405099999999,0.005585053606381855,-0.010821041362364843,4.248480465204597,-10.515,-20.985,0.155,23.487543,0.036977533,0.35397443
0 days 00:00:01.690000,0.001650987130264906,-0.557208,0.184428,9.178236000000002,77.24245827984595,77.24245827984595,77.24245827984595,77.24245827984595,0.045727626402251434,-0.0031415926535897933,0.010122909661567111,76.0,2.39,0.0,1,1,100.0,4,0.035,23.485,-0.09,52.649203299999996,9.746407099999999,32.75,31.35,52.6491901,9.7464035,0.006108652381980154,-0.010821041362364843,4.248480465204597,-10.515,-20.985,0.155,23.48265,0.03710146,0.34390172
0 days 00:00:01.700000,0.001650987130264906,0.7180920000000001,0.278604,8.958492000000001,77.01513692768506,77.01513692768506,77.01513692768506,77.01513692768506,0.047647488579445195,0.03089232776029963,0.009599310885968814,76.0,2.39,0.0,1,1,100.0,4,0.035,23.490000000000002,-0.085,52.649203299999996,9.746407099999999,32.75,31.35,52.6491882,9.746402,0.006457718232379019,-0.01117010721276371,4.248654998129796,-10.515,-20.985,0.155,23.487583,0.037242506,0.3471418
0 days 00:00:01.710000,0.0017689147824266852,-0.133416,0.08632800000000002,9.366588000000002,76.86136071887034,76.86136071887034,76.86136071887034,76.86136071887034,0.0466002910282486,0.04153883619746504,0.009773843811168246,76.0,2.39,0.0,1,1,100.0,4,0.03,23.490000000000002,-0.08,52.649193999999994,9.746399499999999,32.730000000000004,31.36,52.6491863,9.746400399999999,0.006981317007977318,-0.011519173063162575,4.248654998129796,-10.55,-20.990000000000002,0.11,23.48752,0.032446716,0.35035607
0 days 00:00:01.720000,0.0017689147824266852,-0.6867000000000001,0.17658000000000004,8.460144000000001,76.78781557552418,76.78781557552418,76.78781557552418,76.78781557552418,0.049567350756638956,0.013962634015954637,0.010995574287564275,76.0,2.39,0.0,1,1,100.0,4,0.03,23.48,-0.065,52.649193999999994,9.746399499999999,32.730000000000004,31.36,52.649184399999996,9.746398899999999,0.007504915783575617,-0.011693705988362009,4.248829531054996,-10.55,-20.990000000000002,0.11,23.477634,0.03254748,0.3393228
0 days 00:00:01.730000,0.0017689147824266852,0.8907480000000001,0.251136,8.813304,76.78112965340179,76.78112965340179,76.78112965340179,76.78112965340179,0.051487212933832724,0.05061454830783556,0.010122909661567111,76.0,2.39,0.0,1,1,100.0,4,0.025,23.490000000000002,-0.055,52.649193999999994,9.746399499999999,32.730000000000004,31.36,52.649182499999995,9.7463973,0.008028514559173916,-0.012217304763960308,4.248829531054996,-10.55,-20.990000000000002,0.11,23.487576,0.027744701,0.34176153
0 days 00:00:01.740000,0.0017689147824266852,-0.4198680000000001,0.192276,9.401904,76.95496362858366,76.95496362858366,76.95496362858366,76.95496362858366,0.05375614096142535,0.05515240436302082,0.009948376736367679,76.0,2.39,0.0,1,1,100.0,4,0.025,23.490000000000002,-0.055,52.649193999999994,9.746399499999999,32.730000000000004,31.36,52.6491806,9.7463958,0.008552113334772215,-0.012740903539558606,4.249004063980196,-10.55,-20.990000000000002,0.11,23.487392,0.028028816,0.35404447
0 days 00:00:01.750000,0.0017689147824266852,-0.7730280000000002,0.011772000000000001,8.880012,77.14216944801026,77.14216944801026,77.14216944801026,77.14216944801026,0.05864306286700947,0.022863813201125717,0.010122909661567111,76.0,2.39,0.0,1,1,100.0,4,0.025,23.48,-0.045,52.649193999999994,9.746399499999999,32.730000000000004,31.36,52.649178799999994,9.7463942,0.009250245035569947,-0.012915436464758038,4.249178596905395,-10.55,-20.990000000000002,0.11,23.477459,0.028220212,0.3479961
0 days 00:00:01.760000,0.0017689147824266852,0.8004960000000001,0.23936400000000002,8.88786,77.14885537013264,77.14885537013264,77.14885537013264,77.14885537013264,0.056025068989017976,0.046949356878647465,0.008377580409572781,76.0,2.39,0.0,1,1,100.0,4,0.025,23.5,-0.035,52.6491846,9.746391899999999,32.72,31.36,52.6491769,9.7463927,0.009773843811168246,-0.013439035240356337,4.249178596905395,-10.555,-21.055,0.095,23.497406,0.028427463,0.35054356
0 days 00:00:01.770000,0.0017689147824266852,-0.21189600000000003,0.17265600000000003,8.864316,77.14216944801026,77.14216944801026,77.14216944801026,77.14216944801026,0.05305800926062761,0.048171087355043496,0.009075712110370514,76.0,2.39,0.0,1,1,100.0,4,0.02,23.495,-0.025,52.6491846,9.746391899999999,32.72,31.36,52.649175,9.7463911,0.010297442586766544,-0.013962634015954637,4.2493531298305935,-10.555,-21.055,0.095,23.492363,0.023634275,0.35281438
0 days 00:00:01.780000,0.0017689147824266852,-0.5415120000000001,0.266832,8.342424000000001,76.9415917843389,76.9415917843389,76.9415917843389,76.9415917843389,0.05183627878423159,0.032114058236695664,0.009773843811168246,76.0,2.39,0.0,1,1,100.0,4,0.02,23.490000000000002,-0.015,52.6491846,9.746391899999999,32.72,31.36,52.6491731,9.746389599999999,0.010821041362364843,-0.014311699866353503,4.2493531298305935,-10.555,-21.055,0.095,23.48738,0.023798767,0.35093182
0 days 00:00:01.790000,0.0017689147824266852,0.45126,0.290376,8.589636,76.85467479674796,76.85467479674796,76.85467479674796,76.85467479674796,0.05375614096142535,0.05759586531581287,0.00890117918517108,76.0,2.39,0.0,1,1,100.0,4,0.02,23.5,-0.0,52.6491846,9.746391899999999,32.72,31.36,52.6491712,9.746388,0.011344640137963142,-0.014835298641951801,4.249527662755794,-10.555,-21.055,0.095,23.497414,0.023953559,0.34836742
0 days 00:00:01.800000,0.0017689147824266852,-0.133416,0.12164400000000002,8.675964,76.78112965340179,76.78112965340179,76.78112965340179,76.78112965340179,0.05131268000863328,0.0651007810993885,0.008377580409572781,76.0,2.39,0.0,1,1,100.0,4,0.02,23.5,0.01,52.6491846,9.746391899999999,32.72,31.36,52.6491693,9.7463865,0.011868238913561441,-0.015533430342749533,4.249527662755794,-10.555,-21.055,0.095,23.49732,0.024211979,0.35475978
0 days 00:00:01.810000,0.0017689147824266852,-0.5532840000000001,0.21189600000000003,8.052048000000001,76.78781557552418,76.78781557552418,76.78781557552418,76.78781557552418,0.05166174585903216,0.04293509959906051,0.00890117918517108,76.0,2.39,0.0,1,1,100.0,4,0.02,23.5,0.025,52.6491751,9.746384299999999,32.71,31.37,52.649167399999996,9.746384899999999,0.012391837689159739,-0.016057029118347832,4.249702195680993,-10.56,-21.11,0.055,23.497372,0.024364334,0.35205233
0 days 00:00:01.820000,0.0017689147824266852,0.6827760000000002,0.45518400000000003,8.522928,76.8413029525032,76.8413029525032,76.8413029525032,76.8413029525032,0.049567350756638956,0.07260569688296412,0.007853981633974483,76.0,2.39,0.0,1,1,100.0,4,0.02,23.51,0.04,52.6491751,9.746384299999999,32.71,31.37,52.649165499999995,9.7463834,0.012740903539558606,-0.016755160819145562,4.249702195680993,-10.56,-21.11,0.055,23.50737,0.024507273,0.35361746
0 days 00:00:01.830000,0.0017689147824266852,-0.36493200000000003,0.223668,8.938872,76.99507916131792,76.99507916131792,76.99507916131792,76.99507916131792,0.045727626402251434,0.07592182246175334,0.007679448708775049,76.0,2.39,0.0,1,1,100.0,4,0.02,23.505,0.045,52.6491751,9.746384299999999,32.71,31.37,52.649163599999994,9.7463818,0.013264502315156905,-0.017453292519943295,4.249876728606193,-10.56,-21.11,0.055,23.502205,0.024842635,0.36492825
0 days 00:00:01.840000,0.0017689147824266852,-0.6827760000000002,0.192276,8.232552,77.10873983739837,77.10873983739837,77.10873983739837,77.10873983739837,0.04258603374866164,0.046076692252650306,0.008377580409572781,76.0,2.39,0.0,1,1,100.0,4,0.02,23.5,0.06,52.6491751,9.746384299999999,32.71,31.36,52.6491617,9.7463803,0.013613568165555772,-0.017976891295541596,4.249876728606193,-10.56,-21.11,0.055,23.49728,0.024932148,0.36213803
0 days 00:00:01.850000,0.0017689147824266852,0.8083440000000001,0.41202000000000005,8.307108000000001,77.14885537013264,77.14885537013264,77.14885537013264,77.14885537013264,0.03822271061867582,0.07190756518216637,0.008203047484373348,76.0,2.39,0.0,1,1,100.0,4,0.02,23.51,0.08,52.6491751,9.746384299999999,32.71,31.36,52.6491599,9.7463787,0.014137166941154071,-0.018675022996339326,4.250051261531391,-10.56,-21.11,0.055,23.507395,0.025073614,0.35871962
0 days 00:00:01.860000,0.0017689147824266852,-0.07063200000000001,0.361008,8.177616,76.9415917843389,76.9415917843389,76.9415917843389,76.9415917843389,0.030368728984701335,0.08080874436733745,0.007679448708775049,76.0,2.39,0.0,1,1,100.0,4,0.02,23.515,0.09,52.649165599999996,9.7463765,32.71,31.37,52.649158,9.7463772,0.014311699866353503,-0.019547687622336492,4.250051261531391,-10.55,-21.105,-0.0,23.512266,0.025288116,0.3693277
0 days 00:00:01.870000,0.0017689147824266852,-0.580752,0.43556400000000006,8.169768,76.82793110825845,76.82793110825845,76.82793110825845,76.82793110825845,0.022165681500327987,0.06824237375297829,0.007679448708775049,76.0,2.39,0.0,1,1,100.0,4,0.02,23.51,0.105,52.649165599999996,9.7463765,32.71,31.37,52.6491561,9.7463756,0.014660765716752368,-0.020245819323134222,4.2502257944565915,-10.55,-21.105,-0.0,23.507307,0.025436332,0.37063512
0 days 00:00:01.880000,0.0017689147824266852,0.21974400000000002,0.41594400000000004,8.664192000000002,76.76107188703466,76.76107188703466,76.76107188703466,76.76107188703466,0.012217304763960306,0.07714355293814937,0.007155849933176751,76.0,2.39,0.0,1,1,100.0,4,0.025,23.515,0.12,52.649165599999996,9.7463765,32.71,31.36,52.6491542,9.746374099999999,0.014660765716752368,-0.020943951023931952,4.2502257944565915,-10.55,-21.105,-0.0,23.512356,0.030458067,0.37208077
0 days 00:00:01.890000,0.0017689147824266852,-0.306072,0.31392000000000003,9.146844,76.82793110825845,76.82793110825845,76.82793110825845,76.82793110825845,0.0038397243543875246,0.07923794804054256,0.005585053606381855,76.0,2.39,0.0,1,1,100.0,4,0.025,23.51,0.125,52.649165599999996,9.7463765,32.71,31.36,52.6491523,9.7463725,0.014835298641951801,-0.02181661564992912,4.2502257944565915,-10.55,-21.105,-0.0,23.507132,0.030751618,0.38748413
0 days 00:00:01.900000,0.0017689147824266852,-0.9221400000000001,0.502272,8.467992,76.9415917843389,76.9415917843389,76.9415917843389,76.9415917843389,-0.00017453292519943296,0.04223696789826277,0.006283185307179587,76.0,2.39,0.0,1,2,100.0,4,0.025,23.505,0.14,52.649165599999996,9.7463765,32.71,31.36,52.649150399999996,9.746371,0.014835298641951801,-0.022165681500327987,4.25040032738179,-10.55,-21.105,-0.0,23.502329,0.030649232,0.3805833
0 days 00:00:01.910000,0.0017689147824266852,0.7063200000000002,0.361008,9.080136000000001,77.12211168164313,77.12211168164313,77.12211168164313,77.12211168164313,-0.0031415926535897933,0.062482787221396996,0.004014257279586958,76.0,2.39,0.0,1,2,100.0,4,0.02,23.52,0.145,52.6491559,9.7463687,32.7,31.36,52.649148499999995,9.746369399999999,0.014835298641951801,-0.022863813201125717,4.25040032738179,-10.535,-21.09,-0.075,23.517168,0.025824118,0.392408
0 days 00:00:01.920000,0.0017689147824266852,-0.34531200000000006,0.41202000000000005,9.233172000000001,77.24245827984595,77.24245827984595,77.24245827984595,77.24245827984595,-0.012042771838760874,0.05619960191421742,0.0031415926535897933,76.0,2.39,0.0,1,2,100.0,4,0.02,23.515,0.15,52.6491559,9.7463687,32.7,31.36,52.649146599999995,9.7463679,0.014660765716752368,-0.023387411976724018,4.25040032738179,-10.535,-21.09,-0.075,23.512077,0.025861152,0.39960968
0 days 00:00:01.930000,0.0017689147824266852,-0.7534080000000001,0.31392000000000003,8.515080000000001,77.1622272143774,77.1622272143774,77.1622272143774,77.1622272143774,-0.01815142422074103,0.01937315469713706,0.002967059728390361,76.0,2.39,0.0,1,2,100.0,4,0.025,23.51,0.16,52.6491559,9.7463687,32.7,31.36,52.6491447,9.7463663,0.014486232791552936,-0.02356194490192345,4.25040032738179,-10.535,-21.09,-0.075,23.507244,0.030703804,0.39353102
0 days 00:00:01.940000,0.0017689147824266852,0.517968,0.623916,8.86824,77.18228498074454,77.18228498074454,77.18228498074454,77.18228498074454,-0.026354471705114374,0.039095375244672985,0.0019198621771937623,76.0,2.39,0.0,1,2,100.0,4,0.025,23.52,0.17,52.6491559,9.7463687,32.7,31.36,52.6491428,9.7463648,0.014311699866353503,-0.023911010752322315,4.25057486030699,-10.535,-21.09,-0.075,23.517342,0.030612903,0.39198402
0 days 00:00:01.950000,0.0017689147824266852,-0.5768280000000001,0.32569200000000004,9.091908000000002,76.99507916131792,76.99507916131792,76.99507916131792,76.99507916131792,-0.027052603405912107,0.02548180707911721,0.0013962634015954637,76.0,2.39,0.0,1,2,100.0,4,0.03,23.515,0.18,52.6491559,9.7463687,32.7,31.36,52.6491409,9.746363299999999,0.013962634015954637,-0.024260076602721184,4.25057486030699,-10.535,-21.09,-0.075,23.512445,0.035448927,0.39001578
0 days 00:00:01.960000,0.0017689147824266852,-0.506196,0.5846760000000001,8.4366,77.08199614890886,77.08199614890886,77.08199614890886,77.08199614890886,-0.02583087292951608,-0.0054105206811824215,0.0022689280275926286,76.0,2.39,0.0,1,2,100.0,4,0.03,23.52,0.19,52.6491465,9.7463608,32.74,31.36,52.649139,9.7463617,0.013788101090755204,-0.024260076602721184,4.25057486030699,-10.51,-21.150000000000002,-0.1,23.517687,0.03524469,0.3801471
0 days 00:00:01.970000,0.001650987130264906,0.80442,0.36493200000000003,9.621648,77.02850877192982,77.02850877192982,77.02850877192982,77.02850877192982,-0.027925268031909273,0.024434609527920613,0.00034906585039886593,76.0,2.39,0.0,1,2,100.0,4,0.03,23.53,0.19,52.6491465,9.7463608,32.74,31.36,52.6491371,9.7463601,0.013439035240356337,-0.024609142453120045,4.25057486030699,-10.51,-21.150000000000002,-0.1,23.527552,0.035225622,0.38861394
0 days 00:00:01.980000,0.001650987130264906,-1.3341600000000002,0.41202000000000005,9.531396,77.12211168164313,77.12211168164313,77.12211168164313,77.12211168164313,-0.033335788713091695,-0.012740903539558606,0.00017453292519943296,76.0,2.39,0.0,1,2,100.0,4,0.035,23.52,0.195,52.6491465,9.7463608,32.74,31.35,52.649135199999996,9.746358599999999,0.013089969389957472,-0.024434609527920616,4.25057486030699,-10.51,-21.150000000000002,-0.1,23.517744,0.039967164,0.37921244
0 days 00:00:01.990000,0.001650987130264906,-0.604296,0.23936400000000002,9.225324,77.29594565682498,77.29594565682498,77.29594565682498,77.29594565682498,-0.03490658503988659,-0.04625122517784973,-0.0010471975511965976,76.0,2.39,0.0,1,2,100.0,4,0.035,23.515,0.2,52.6491465,9.7463608,32.74,31.35,52.649133299999995,9.746357099999999,0.012740903539558606,-0.023911010752322315,4.25057486030699,-10.51,-21.150000000000002,-0.1,23.51306,0.039612696,0.3617957
0 days 00:00:02,0.001650987130264906,0.7102440000000001,0.6199920000000001,10.441764000000001,77.40960633290543,77.40960633290543,77.40960633290543,77.40960633290543,-0.032637657012293965,-0.013788101090755204,-0.0022689280275926286,76.0,2.39,0.0,1,2,100.0,4,0.04,23.525000000000002,0.195,52.6491465,9.7463608,32.74,31.35,52.649131499999996,9.7463555,0.012566370614359171,-0.023911010752322315,4.25057486030699,-10.51,-21.150000000000002,-0.1,23.522936,0.04461497,0.366977
0 days 00:00:02.010000,0.001650987130264906,-0.9966960000000001,0.28645200000000004,9.96696,77.46309370988446,77.46309370988446,77.46309370988446,77.46309370988446,-0.033335788713091695,-0.04729842272904633,-0.0019198621771937623,76.0,2.39,0.0,1,2,100.0,4,0.045,23.525000000000002,0.19,52.649136999999996,9.7463532,32.730000000000004,31.35,52.649129599999995,9.746354,0.012217304763960308,-0.023387411976724018,4.25057486030699,-10.435,-21.115000000000002,-0.16,23.52301,0.049397092,0.35961398
0 days 00:00:02.020000,0.001650987130264906,0.011772000000000001,0.266832,10.061136000000001,77.35611895592639,77.35611895592639,77.35611895592639,77.35611895592639,-0.031939525311496235,-0.05235987755982988,-0.0022689280275926286,76.0,2.39,0.0,1,2,100.0,4,0.045,23.53,0.19,52.649136999999996,9.7463532,32.730000000000004,31.35,52.6491277,9.7463524,0.011868238913561441,-0.022863813201125717,4.25040032738179,-10.435,-21.115000000000002,-0.16,23.528194,0.049126744,0.34742972
0 days 00:00:02.030000,0.001650987130264906,0.17265600000000003,0.41594400000000004,10.991124000000001,77.21571459135643,77.21571459135643,77.21571459135643,77.21571459135643,-0.031241393610698498,-0.029845130209103034,-0.002967059728390361,76.0,2.39,0.0,1,2,100.0,4,0.05,23.53,0.17500000000000002,52.649136999999996,9.7463532,32.730000000000004,31.35,52.6491258,9.7463509,0.011519173063162575,-0.022689280275926284,4.25040032738179,-10.435,-21.115000000000002,-0.16,23.527916,0.05413057,0.35827824
0 days 00:00:02.040000,0.001650987130264906,-1.1458080000000002,0.184428,10.688976000000002,77.21571459135643,77.21571459135643,77.21571459135643,77.21571459135643,-0.027401669256310976,-0.06632251157578452,-0.002617993877991494,76.0,2.39,0.0,1,2,100.0,4,0.05,23.525000000000002,0.17,52.649136999999996,9.7463532,32.730000000000004,31.35,52.6491239,9.7463493,0.011344640137963142,-0.02199114857512855,4.25040032738179,-10.435,-21.115000000000002,-0.16,23.523048,0.05393716,0.3467516
0 days 00:00:02.050000,0.001650987130264906,0.13734000000000002,0.290376,10.445688,77.14885537013264,77.14885537013264,77.14885537013264,77.14885537013264,-0.02548180707911721,-0.06300638599699529,-0.0027925268031909274,76.0,2.39,0.0,1,2,100.0,4,0.055,23.525000000000002,0.16,52.649136999999996,9.7463532,32.730000000000004,31.34,52.649122,9.746347799999999,0.010995574287564275,-0.02129301687433082,4.25040032738179,-10.435,-21.115000000000002,-0.16,23.523073,0.058745172,0.34029126
0 days 00:00:02.060000,0.001650987130264906,-0.07063200000000001,0.23544,11.524788000000001,77.29594565682498,77.29594565682498,77.29594565682498,77.29594565682498,-0.020594885173533087,-0.04520402762665313,-0.003490658503988659,76.0,2.39,0.0,1,2,100.0,4,0.065,23.535,0.145,52.6491276,9.7463455,32.730000000000004,31.35,52.6491201,9.7463462,0.01064650843716541,-0.020943951023931952,4.25040032738179,-10.355,-21.09,-0.20500000000000002,23.532873,0.06870029,0.34719992
0 days 00:00:02.070000,0.001650987130264906,-1.0987200000000001,0.031392,10.877328,77.35611895592639,77.35611895592639,77.35611895592639,77.35611895592639,-0.016231562043547268,-0.08621926504851989,-0.003316125578789226,76.0,2.39,0.0,1,2,100.0,4,0.065,23.525000000000002,0.135,52.6491276,9.7463455,32.730000000000004,31.34,52.6491182,9.7463447,0.010471975511965976,-0.020071286397934793,4.25040032738179,-10.355,-21.09,-0.20500000000000002,23.522972,0.06852723,0.33647335
0 days 00:00:02.080000,0.001650987130264906,0.40417200000000003,0.266832,10.759608,77.48315147625159,77.48315147625159,77.48315147625159,77.48315147625159,-0.012566370614359173,-0.07382742735936014,-0.0019198621771937623,76.0,2.39,0.0,1,2,100.0,4,0.065,23.53,0.125,52.6491276,9.7463455,32.730000000000004,31.34,52.649116299999996,9.746343099999999,0.010471975511965976,-0.01937315469713706,4.2502257944565915,-10.355,-21.09,-0.20500000000000002,23.528008,0.06846098,0.33014646
0 days 00:00:02.090000,0.001650987130264906,0.18835200000000002,0.223668,11.728836000000001,77.40960633290543,77.40960633290543,77.40960633290543,77.40960633290543,-0.012042771838760874,-0.05061454830783556,-0.003316125578789226,76.0,2.39,0.0,1,2,100.0,4,0.065,23.535,0.11,52.6491276,9.7463455,32.730000000000004,31.34,52.649114399999995,9.7463416,0.010297442586766544,-0.01884955592153876,4.2502257944565915,-10.355,-21.09,-0.20500000000000002,23.532892,0.0684319,0.33293056
0 days 00:00:02.100000,0.001650987130264906,-1.208592,-0.090252,11.171628,77.44303594351734,77.44303594351734,77.44303594351734,77.44303594351734,-0.012217304763960306,-0.08709192967451704,-0.0015707963267948967,76.0,2.39,0.0,1,2,100.0,4,0.065,23.525000000000002,0.095,52.6491276,9.7463455,32.730000000000004,31.34,52.6491125,9.7463401,0.010122909661567111,-0.017976891295541596,4.2502257944565915,-10.355,-21.09,-0.20500000000000002,23.522905,0.0683159,0.3272241
0 days 00:00:02.110000,0.001650987130264906,0.25506,0.031392,11.195172000000001,77.24245827984595,77.24245827984595,77.24245827984595,77.24245827984595,-0.010471975511965976,-0.079412480965742,-0.00034906585039886593,76.0,2.39,0.0,1,2,100.0,4,0.07,23.525000000000002,0.085,52.6491184,9.7463375,32.76,31.34,52.6491106,9.7463385,0.010122909661567111,-0.01710422666954443,4.2502257944565915,-10.35,-21.0,-0.215,23.523012,0.07320906,0.31664488
0 days 00:00:02.120000,0.0015330594781031272,0.10202400000000002,0.30999600000000005,11.501244000000002,77.1622272143774,77.1622272143774,77.1622272143774,77.1622272143774,-0.003490658503988659,-0.0619591884457987,0.0006981317007977319,76.0,2.39,0.0,1,2,100.0,4,0.07,23.53,0.07,52.6491184,9.7463375,32.76,31.34,52.6491087,9.746336999999999,0.009948376736367679,-0.016580627893946133,4.2502257944565915,-10.35,-21.0,-0.215,23.527925,0.0731813,0.31942177
0 days 00:00:02.130000,0.0015330594781031272,-0.6906240000000001,-0.04316400000000001,11.312892,77.18228498074454,77.18228498074454,77.18228498074454,77.18228498074454,0.004014257279586958,-0.07696902001294993,0.0008726646259971648,76.0,2.39,0.0,1,2,100.0,4,0.07,23.525000000000002,0.055,52.6491184,9.7463375,32.76,31.34,52.6491068,9.7463354,0.010122909661567111,-0.015707963267948967,4.2502257944565915,-10.35,-21.0,-0.215,23.52296,0.07318023,0.31379676
0 days 00:00:02.140000,0.0015330594781031272,-0.08632800000000002,-0.149112,11.81124,77.1622272143774,77.1622272143774,77.1622272143774,77.1622272143774,0.00942477796076938,-0.06754424205218056,0.0008726646259971648,76.0,2.39,0.0,1,2,100.0,4,0.065,23.525000000000002,0.035,52.6491184,9.7463375,32.76,31.34,52.6491049,9.7463339,0.010122909661567111,-0.015009831567151233,4.2502257944565915,-10.35,-21.0,-0.215,23.522875,0.06821668,0.3174227
0 days 00:00:02.150000,0.0015330594781031272,-0.447336,0.023544000000000002,11.807316,77.24245827984595,77.24245827984595,77.24245827984595,77.24245827984595,0.009948376736367679,-0.07103490055616922,0.0013962634015954637,76.0,2.39,0.0,1,2,100.0,4,0.065,23.52,0.015,52.6491184,9.7463375,32.76,31.34,52.649103,9.746332299999999,0.010297442586766544,-0.014311699866353503,4.2502257944565915,-10.35,-21.0,-0.215,23.517807,0.06830817,0.32091486
0 days 00:00:02.160000,0.0015330594781031272,-0.3296160000000001,0.24721200000000002,11.226564000000002,77.35611895592639,77.35611895592639,77.35611895592639,77.35611895592639,0.012042771838760874,-0.07853981633974483,0.004014257279586958,76.0,2.39,0.0,1,2,100.0,4,0.07,23.515,0.005,52.649108999999996,9.7463297,32.76,31.34,52.649101099999996,9.746330799999999,0.010297442586766544,-0.013439035240356337,4.2502257944565915,-10.35,-21.005,-0.165,23.512943,0.07319884,0.31027257
0 days 00:00:02.170000,0.0015330594781031272,0.6631560000000001,0.03531600000000001,11.783772,77.40960633290543,77.40960633290543,77.40960633290543,77.40960633290543,0.01361356816555577,-0.044331363000655974,0.005061454830783556,76.0,2.39,0.0,1,2,100.0,4,0.07,23.52,-0.015,52.649108999999996,9.7463297,32.76,31.34,52.649099199999995,9.7463292,0.010471975511965976,-0.013089969389957472,4.2502257944565915,-10.35,-21.005,-0.165,23.51779,0.07337715,0.3221153
0 days 00:00:02.180000,0.0015330594781031272,-0.40417200000000003,-0.258984,11.940732,77.35611895592639,77.35611895592639,77.35611895592639,77.35611895592639,0.014311699866353502,-0.047123889803846894,0.0054105206811824215,76.0,2.39,0.0,1,2,100.0,4,0.065,23.52,-0.035,52.649108999999996,9.7463297,32.76,31.34,52.6490973,9.7463277,0.01064650843716541,-0.012566370614359171,4.25040032738179,-10.35,-21.005,-0.165,23.517702,0.06851545,0.32983977
0 days 00:00:02.190000,0.0015330594781031272,-0.655308,0.003924,11.030364,77.1622272143774,77.1622272143774,77.1622272143774,77.1622272143774,0.016406094968746697,-0.06213372137099814,0.006283185307179587,76.0,2.39,0.0,1,2,100.0,4,0.06,23.515,-0.05,52.649108999999996,9.7463297,32.76,31.34,52.6490954,9.7463262,0.010821041362364843,-0.012042771838760876,4.25040032738179,-10.35,-21.005,-0.165,23.512691,0.06360172,0.33250657
0 days 00:00:02.200000,0.0015330594781031272,0.5375880000000001,0.10202400000000002,11.191248000000002,77.06193838254171,77.06193838254171,77.06193838254171,77.06193838254171,0.014835298641951801,-0.02949606435870417,0.00645771823237902,76.0,2.39,0.0,1,2,100.0,4,0.06,23.52,-0.06,52.649108999999996,9.7463297,32.76,31.35,52.6490936,9.7463246,0.010995574287564275,-0.011693705988362009,4.25040032738179,-10.35,-21.005,-0.165,23.51769,0.0636801,0.33434564
0 days 00:00:02.210000,0.0015330594781031272,-0.43948800000000005,0.0,11.371752,76.97502139495079,76.97502139495079,76.97502139495079,76.97502139495079,0.01780235837034216,-0.028797932657906436,0.007504915783575617,76.0,2.39,0.0,0,2,100.0,4,0.06,23.5,-0.075,52.6490996,9.7463219,32.75,31.35,52.6490917,9.7463231,0.010995574287564275,-0.01117010721276371,4.25040032738179,-10.365,-20.955000000000002,-0.06,23.497696,0.063707165,0.33680725
0 days 00:00:02.220000,0.0015330594781031272,-0.38847600000000004,0.11772,10.865556000000002,76.92153401797175,76.92153401797175,76.92153401797175,76.92153401797175,0.02199114857512855,-0.03665191429188092,0.009599310885968814,76.0,2.39,0.0,0,2,100.0,4,0.06,23.5,-0.085,52.6490996,9.7463219,32.75,31.35,52.6490898,9.746321499999999,0.011344640137963142,-0.010821041362364843,4.25057486030699,-10.365,-20.955000000000002,-0.06,23.497705,0.06384511,0.33858204
0 days 00:00:02.230000,0.0015330594781031272,0.49442400000000003,0.11379600000000001,10.685052,77.08199614890886,77.08199614890886,77.08199614890886,77.08199614890886,0.02583087292951608,-0.011693705988362009,0.010297442586766544,76.0,2.39,0.0,0,2,100.0,4,0.055,23.505,-0.095,52.6490996,9.7463219,32.75,31.35,52.6490879,9.746319999999999,0.011519173063162575,-0.01064650843716541,4.25074939323219,-10.365,-20.955000000000002,-0.06,23.502655,0.0589731,0.3445796
0 days 00:00:02.240000,0.0015330594781031272,-0.16873200000000002,0.054936000000000006,10.983276000000002,77.21571459135643,77.21571459135643,77.21571459135643,77.21571459135643,0.02949606435870417,-0.0005235987755982988,0.01064650843716541,76.0,2.39,0.0,0,2,100.0,4,0.055,23.505,-0.105,52.6490996,9.7463219,32.75,31.35,52.649086,9.7463184,0.011868238913561441,-0.01064650843716541,4.25074939323219,-10.365,-20.955000000000002,-0.06,23.502548,0.059212044,0.35455772
0 days 00:00:02.250000,0.0015330594781031272,-0.6160680000000002,-0.003924,10.618344,77.21571459135643,77.21571459135643,77.21571459135643,77.21571459135643,0.033510321638291124,-0.012391837689159739,0.011693705988362009,76.0,2.39,0.0,0,2,100.0,4,0.05,23.5,-0.115,52.6490996,9.7463219,32.75,31.35,52.649084099999996,9.7463169,0.012217304763960308,-0.01064650843716541,4.250923926157389,-10.365,-20.955000000000002,-0.06,23.497444,0.054457694,0.36454362
0 days 00:00:02.260000,0.0015330594781031272,0.361008,0.24328800000000003,10.665432,77.18228498074454,77.18228498074454,77.18228498074454,77.18228498074454,0.033510321638291124,0.007330382858376183,0.011868238913561443,76.0,2.39,0.0,0,2,100.0,4,0.045,23.5,-0.12,52.649090199999996,9.746314199999999,32.76,31.36,52.649082199999995,9.7463153,0.012566370614359171,-0.01064650843716541,4.250923926157389,-10.435,-21.0,0.015,23.49739,0.049648166,0.3695867
0 days 00:00:02.270000,0.0015330594781031272,-0.047088000000000005,-0.074556,10.280880000000002,76.9415917843389,76.9415917843389,76.9415917843389,76.9415917843389,0.032463124087094536,0.011344640137963142,0.011693705988362009,76.0,2.39,0.0,0,2,100.0,4,0.04,23.5,-0.125,52.649090199999996,9.746314199999999,32.76,31.36,52.649080299999994,9.7463138,0.012915436464758038,-0.01064650843716541,4.251098459082588,-10.435,-21.0,0.015,23.497337,0.044842154,0.37463325
0 days 00:00:02.280000,0.0015330594781031272,-0.317844,0.18835200000000002,10.080756000000001,76.99507916131792,76.99507916131792,76.99507916131792,76.99507916131792,0.03630284844148206,0.010821041362364843,0.01291543646475804,76.0,2.39,0.0,0,2,100.0,4,0.04,23.495,-0.125,52.649090199999996,9.746314199999999,32.76,31.36,52.6490784,9.7463123,0.013264502315156905,-0.010821041362364843,4.251272992007788,-10.435,-21.0,0.015,23.492273,0.045026604,0.3786642
0 days 00:00:02.290000,0.001650987130264906,0.11772,-0.019620000000000002,9.943416000000001,76.89479032948223,76.89479032948223,76.89479032948223,76.89479032948223,0.03874630939427412,0.028623399732707003,0.012042771838760874,76.0,2.39,0.0,0,2,100.0,4,0.035,23.5,-0.125,52.649090199999996,9.746314199999999,32.76,31.36,52.6490765,9.7463107,0.013613568165555772,-0.010995574287564275,4.251272992007788,-10.435,-21.0,0.015,23.497204,0.04021581,0.38287127
0 days 00:00:02.300000,0.001650987130264906,-0.3413880000000001,0.180504,9.919872000000002,76.80787334189132,76.80787334189132,76.80787334189132,76.80787334189132,0.03874630939427412,0.032463124087094536,0.01117010721276371,76.0,2.39,0.0,0,2,100.0,4,0.035,23.495,-0.13,52.649090199999996,9.746314199999999,32.76,31.36,52.6490746,9.746309199999999,0.013962634015954637,-0.011344640137963142,4.2514475249329875,-10.435,-21.0,0.015,23.492014,0.040532988,0.39600095
0 days 00:00:02.310000,0.001650987130264906,-0.26290800000000003,0.36493200000000003,9.448992,76.92153401797175,76.92153401797175,76.92153401797175,76.92153401797175,0.034208453339088854,0.028274333882308142,0.011519173063162576,76.0,2.39,0.0,0,2,100.0,4,0.03,23.490000000000002,-0.13,52.6490805,9.746307,32.69,31.37,52.6490727,9.7463076,0.014311699866353503,-0.011693705988362009,4.251622057858187,-10.48,-21.04,0.19,23.486874,0.035788245,0.4041992
0 days 00:00:02.320000,0.001650987130264906,0.42379200000000006,0.26290800000000003,9.96696,76.9415917843389,76.9415917843389,76.9415917843389,76.9415917843389,0.031241393610698498,0.04747295565424577,0.010821041362364843,76.0,2.39,0.0,0,2,100.0,4,0.03,23.495,-0.13,52.6490805,9.746307,32.69,31.37,52.6490708,9.7463061,0.014660765716752368,-0.012042771838760876,4.251622057858187,-10.48,-21.04,0.19,23.49173,0.03605041,0.41244447
0 days 00:00:02.330000,0.001650987130264906,-0.28252800000000006,0.30999600000000005,9.554940000000002,77.01513692768506,77.01513692768506,77.01513692768506,77.01513692768506,0.024085543677521748,0.045029494701453704,0.01117010721276371,76.0,2.39,0.0,0,2,100.0,4,0.03,23.495,-0.125,52.6490805,9.746307,32.69,31.37,52.649068899999996,9.746304499999999,0.014835298641951801,-0.012566370614359171,4.251796590783386,-10.48,-21.04,0.19,23.491573,0.036230695,0.41973796
0 days 00:00:02.340000,0.001650987130264906,-0.31392000000000003,0.43556400000000006,9.994428000000003,77.1622272143774,77.1622272143774,77.1622272143774,77.1622272143774,0.01832595714594046,0.04345869837465881,0.012566370614359173,76.0,2.39,0.0,0,2,100.0,4,0.03,23.490000000000002,-0.13,52.6490805,9.746307,32.69,31.37,52.649067099999996,9.746303,0.015009831567151233,-0.012915436464758038,4.251971123708586,-10.48,-21.04,0.19,23.486362,0.036501102,0.4328652
0 days 00:00:02.350000,0.001650987130264906,-0.302148,0.258984,10.233792000000001,77.12211168164313,77.12211168164313,77.12211168164313,77.12211168164313,0.01832595714594046,0.04014257279586959,0.012042771838760874,76.0,2.39,0.0,0,2,100.0,4,0.025,23.490000000000002,-0.135,52.6490805,9.746307,32.69,31.37,52.649065199999995,9.7463015,0.015184364492350668,-0.013439035240356337,4.251971123708586,-10.48,-21.04,0.19,23.486065,0.031839862,0.4502297
0 days 00:00:02.360000,0.001650987130264906,-0.463032,0.24328800000000003,9.346968000000002,77.14216944801026,77.14216944801026,77.14216944801026,77.14216944801026,0.020943951023931952,0.022514747350726852,0.011344640137963142,76.0,2.39,0.0,0,2,100.0,4,0.015,23.495,-0.135,52.6490711,9.7462992,32.72,31.38,52.649063299999995,9.7462999,0.015707963267948967,-0.013788101090755204,4.252145656633784,-10.545,-21.1,0.31,23.490906,0.022206683,0.4586361
0 days 00:00:02.370000,0.001650987130264906,0.36493200000000003,0.43556400000000006,9.511776000000001,77.06193838254171,77.06193838254171,77.06193838254171,77.06193838254171,0.02234021442552742,0.03630284844148206,0.010297442586766544,76.0,2.39,0.0,0,2,100.0,4,0.015,23.5,-0.13,52.6490711,9.7462992,32.72,31.38,52.6490614,9.746298399999999,0.0158824961931484,-0.014137166941154071,4.252320189558985,-10.545,-21.1,0.31,23.495811,0.022338679,0.46190283
0 days 00:00:02.380000,0.001650987130264906,-0.380628,0.0981,9.350892000000002,77.02850877192982,77.02850877192982,77.02850877192982,77.02850877192982,0.030194196059501903,0.027052603405912107,0.008203047484373348,76.0,2.39,0.0,0,2,100.0,4,0.01,23.495,-0.125,52.6490711,9.7462992,32.72,31.38,52.6490595,9.7462968,0.016231562043547264,-0.014311699866353503,4.252320189558985,-10.545,-21.1,0.31,23.490807,0.017484823,0.46100608
0 days 00:00:02.390000,0.0017689147824266852,-0.502272,0.36493200000000003,8.283564,76.78781557552418,76.78781557552418,76.78781557552418,76.78781557552418,0.03159045946109736,0.012391837689159739,0.007155849933176751,76.0,2.39,0.0,0,2,100.0,4,0.01,23.495,-0.11,52.6490711,9.7462992,32.72,31.38,52.6490576,9.7462953,0.0164060949687467,-0.014486232791552936,4.252494722484184,-10.545,-21.1,0.31,23.490944,0.017386489,0.45010597
0 days 00:00:02.400000,0.0017689147824266852,0.43948800000000005,0.596448,8.138376000000001,76.9415917843389,76.9415917843389,76.9415917843389,76.9415917843389,0.030194196059501903,0.028274333882308142,0.008028514559173916,76.0,2.39,0.0,0,2,100.0,4,0.015,23.5,-0.095,52.6490711,9.7462992,32.72,31.38,52.6490557,9.7462938,0.016755160819145562,-0.014835298641951801,4.252494722484184,-10.545,-21.1,0.31,23.496004,0.022430241,0.4432927
0 days 00:00:02.410000,0.0017689147824266852,0.266832,0.21974400000000002,9.084060000000001,76.89479032948223,76.89479032948223,76.89479032948223,76.89479032948223,0.02426007660272118,0.04625122517784973,0.006981317007977318,76.0,2.39,0.0,0,2,100.0,4,0.01,23.52,-0.09,52.649061599999996,9.7462915,32.730000000000004,31.38,52.6490538,9.7462922,0.01710422666954443,-0.0153588974175501,4.2526692554093835,-10.52,-21.150000000000002,0.15,23.515842,0.01771587,0.45097944
0 days 00:00:02.420000,0.0017689147824266852,-1.0398600000000002,0.788724,8.668116000000001,77.06193838254171,77.06193838254171,77.06193838254171,77.06193838254171,0.016057029118347832,0.011693705988362009,0.008203047484373348,76.0,2.39,0.0,0,2,100.0,4,0.015,23.51,-0.08,52.649061599999996,9.7462915,32.730000000000004,31.39,52.649051899999996,9.7462907,0.017278759594743863,-0.015533430342749533,4.2526692554093835,-10.52,-21.150000000000002,0.15,23.505922,0.022689305,0.444841
0 days 00:00:02.430000,0.0017689147824266852,0.24328800000000003,0.3296160000000001,9.076212,76.97502139495079,76.97502139495079,76.97502139495079,76.97502139495079,0.01361356816555577,0.022165681500327987,0.007679448708775049,76.0,2.39,0.0,0,2,100.0,4,0.015,23.51,-0.07,52.649061599999996,9.7462915,32.730000000000004,31.39,52.649049999999995,9.7462891,0.017278759594743863,-0.015707963267948967,4.2526692554093835,-10.52,-21.150000000000002,0.15,23.506,0.02258743,0.43894568
0 days 00:00:02.440000,0.0017689147824266852,0.0,0.32569200000000004,9.692280000000002,77.12211168164313,77.12211168164313,77.12211168164313,77.12211168164313,0.0054105206811824215,0.03298672286269283,0.006283185307179587,76.0,2.39,0.0,0,2,100.0,4,0.015,23.515,-0.07,52.649061599999996,9.7462915,32.730000000000004,31.39,52.649048099999995,9.746287599999999,0.017453292519943295,-0.016057029118347832,4.252843788334583,-10.52,-21.150000000000002,0.15,23.510845,0.022808641,0.44722587
0 days 00:00:02.450000,0.0017689147824266852,-1.1418840000000001,0.20012400000000002,9.684432000000001,77.08199614890886,77.08199614890886,77.08199614890886,77.08199614890886,0.0010471975511965976,-0.0008726646259971648,0.005061454830783556,76.0,2.39,0.0,0,2,100.0,4,0.015,23.505,-0.07,52.649061599999996,9.7462915,32.730000000000004,31.39,52.6490462,9.746286,0.017453292519943295,-0.016057029118347832,4.252843788334583,-10.52,-21.150000000000002,0.15,23.500845,0.02280584,0.44706532
0 days 00:00:02.460000,0.0017689147824266852,-0.30999600000000005,0.459108,9.131148000000001,77.06193838254171,77.06193838254171,77.06193838254171,77.06193838254171,0.004537856055185257,-0.014311699866353502,0.004537856055185257,76.0,2.39,0.0,0,2,100.0,4,0.015,23.505,-0.065,52.6490521,9.7462837,32.74,31.39,52.6490443,9.7462845,0.017453292519943295,-0.016057029118347832,4.252843788334583,-10.450000000000001,-21.095,0.155,23.500925,0.022718588,0.44206673
0 days 00:00:02.470000,0.0017689147824266852,0.43948800000000005,0.6435360000000001,8.585712000000001,76.97502139495079,76.97502139495079,76.97502139495079,76.97502139495079,0.008552113334772213,0.008726646259971648,0.0054105206811824215,76.0,2.39,0.0,0,2,100.0,4,0.02,23.515,-0.055,52.6490521,9.7462837,32.74,31.39,52.6490424,9.746283,0.017627825445142728,-0.016057029118347832,4.253018321259782,-10.450000000000001,-21.095,0.155,23.511086,0.02762155,0.432138
0 days 00:00:02.480000,0.0017689147824266852,-0.0981,0.32176800000000005,8.825076000000001,77.06193838254171,77.06193838254171,77.06193838254171,77.06193838254171,0.016057029118347832,0.016929693744344998,0.005585053606381855,76.0,2.39,0.0,0,2,100.0,4,0.02,23.515,-0.045,52.6490521,9.7462837,32.74,31.39,52.6490405,9.746281399999999,0.01780235837034216,-0.016231562043547264,4.253018321259782,-10.450000000000001,-21.095,0.155,23.511171,0.027592028,0.42623883
0 days 00:00:02.490000,0.0017689147824266852,-0.3413880000000001,0.41202000000000005,8.734824000000001,77.10873983739837,77.10873983739837,77.10873983739837,77.10873983739837,0.023561944901923447,0.00942477796076938,0.006632251157578452,76.0,2.39,0.0,0,2,100.0,4,0.02,23.51,-0.03,52.6490521,9.7462837,32.74,31.39,52.6490387,9.7462799,0.017976891295541596,-0.0164060949687467,4.253018321259782,-10.450000000000001,-21.095,0.155,23.506344,0.027469108,0.4152593
0 days 00:00:02.500000,0.0017689147824266852,0.40417200000000003,0.43948800000000005,9.166464000000001,77.14885537013264,77.14885537013264,77.14885537013264,77.14885537013264,0.027401669256310976,0.031939525311496235,0.006108652381980153,76.0,2.39,0.0,0,2,100.0,4,0.02,23.515,-0.025,52.6490521,9.7462837,32.74,31.39,52.6490368,9.7462783,0.01832595714594046,-0.016580627893946133,4.253192854184982,-10.450000000000001,-21.095,0.155,23.511353,0.027599145,0.41443598
0 days 00:00:02.510000,0.0017689147824266852,-0.29430000000000006,0.13734000000000002,9.048744000000001,77.06193838254171,77.06193838254171,77.06193838254171,77.06193838254171,0.02495820830351891,0.027401669256310976,0.0054105206811824215,76.0,2.39,0.0,0,2,100.0,4,0.02,23.51,-0.02,52.649042699999995,9.7462754,32.84,31.400000000000002,52.6490349,9.7462768,0.018500490071139894,-0.016929693744344994,4.253192854184982,-10.43,-21.080000000000002,0.12,23.506292,0.027729252,0.41755372
0 days 00:00:02.520000,0.0017689147824266852,-0.596448,0.49834800000000007,8.69166,76.99507916131792,76.99507916131792,76.99507916131792,76.99507916131792,0.02565634000431664,0.0036651914291880917,0.005585053606381855,76.0,2.39,0.0,0,2,100.0,4,0.025,23.505,-0.01,52.649042699999995,9.7462754,32.84,31.400000000000002,52.649032999999996,9.7462752,0.018675022996339326,-0.016929693744344994,4.253192854184982,-10.43,-21.080000000000002,0.12,23.501461,0.032612965,0.40737402
0 days 00:00:02.530000,0.0017689147824266852,0.27075600000000005,0.463032,9.10368,76.97502139495079,76.97502139495079,76.97502139495079,76.97502139495079,0.023038346126325153,0.019198621771937627,0.005585053606381855,76.0,2.39,0.0,0,2,100.0,4,0.025,23.51,-0.005,52.649042699999995,9.7462754,32.84,31.400000000000002,52.649031099999995,9.7462737,0.019024088846738195,-0.01710422666954443,4.253367387110181,-10.43,-21.080000000000002,0.12,23.506475,0.032739714,0.40655077
0 days 00:00:02.540000,0.0017689147824266852,-0.604296,0.184428,8.832924000000002,76.92153401797175,76.92153401797175,76.92153401797175,76.92153401797175,0.018500490071139894,0.005585053606381855,0.005235987755982988,76.0,2.39,0.0,0,2,100.0,4,0.025,23.505,0.005,52.649042699999995,9.7462754,32.84,31.400000000000002,52.6490292,9.7462722,0.019198621771937627,-0.01710422666954443,4.253367387110181,-10.43,-21.080000000000002,0.12,23.501646,0.032617085,0.39646286
0 days 00:00:02.550000,0.0017689147824266852,-0.521892,0.6003720000000001,8.479764000000001,76.92153401797175,76.92153401797175,76.92153401797175,76.92153401797175,0.016057029118347832,-0.008726646259971648,0.005061454830783556,76.0,2.39,0.0,0,2,100.0,4,0.025,23.505,0.02,52.649042699999995,9.7462754,32.84,31.400000000000002,52.6490273,9.746270599999999,0.01937315469713706,-0.01710422666954443,4.253367387110181,-10.43,-21.080000000000002,0.12,23.501902,0.032395743,0.38146216
0 days 00:00:02.560000,0.0017689147824266852,0.521892,0.5493600000000001,8.927100000000001,77.10873983739837,77.10873983739837,77.10873983739837,77.10873983739837,0.01117010721276371,0.014137166941154071,0.00471238898038469,76.0,2.39,0.0,0,2,100.0,4,0.03,23.515,0.025,52.6490334,9.7462678,32.82,31.400000000000002,52.6490254,9.7462691,0.01937315469713706,-0.017278759594743863,4.253367387110181,-10.425,-21.09,0.03,23.51192,0.037380762,0.3806408
0 days 00:00:02.570000,0.001650987130264906,-0.223668,0.3531600000000001,9.264564,77.14885537013264,77.14885537013264,77.14885537013264,77.14885537013264,0.011868238913561443,0.015707963267948967,0.005061454830783556,76.0,2.39,0.0,0,2,100.0,4,0.03,23.515,0.03,52.6490334,9.7462678,32.82,31.400000000000002,52.6490235,9.7462675,0.019547687622336492,-0.017453292519943295,4.253541920035381,-10.425,-21.09,0.03,23.511942,0.037429694,0.37973884
0 days 00:00:02.580000,0.0015330594781031272,-0.38847600000000004,0.25506,9.013428000000001,77.27588789045785,77.27588789045785,77.27588789045785,77.27588789045785,0.012566370614359173,-0.0010471975511965976,0.005759586531581288,76.0,2.39,0.0,0,2,100.0,4,0.03,23.51,0.04,52.6490334,9.7462678,32.82,31.400000000000002,52.6490216,9.746266,0.019722220547535925,-0.017453292519943295,4.253541920035381,-10.425,-21.09,0.03,23.507118,0.03729707,0.36964852
0 days 00:00:02.590000,0.0015330594781031272,0.278604,0.317844,9.527472000000001,77.12211168164313,77.12211168164313,77.12211168164313,77.12211168164313,0.020245819323134222,0.012740903539558606,0.005235987755982988,76.0,2.39,0.0,0,2,100.0,4,0.03,23.515,0.045,52.6490334,9.7462678,32.82,31.400000000000002,52.6490197,9.746264499999999,0.019896753472735357,-0.017453292519943295,4.253541920035381,-10.425,-21.09,0.03,23.512203,0.03726386,0.36473095
0 days 00:00:02.600000,0.0014151318259413483,-0.384552,0.20797200000000002,9.24102,77.06193838254171,77.06193838254171,77.06193838254171,77.06193838254171,0.02548180707911721,0.006806784082777885,0.005585053606381855,76.0,2.39,0.0,0,2,100.0,4,0.03,23.515,0.05,52.6490334,9.7462678,32.82,31.400000000000002,52.649017799999996,9.7462629,0.020071286397934793,-0.017627825445142728,4.25371645296058,-10.425,-21.09,0.03,23.512226,0.037309546,0.3638291
0 days 00:00:02.610000,0.0014151318259413483,-0.32176800000000005,0.47480400000000006,9.343044,76.99507916131792,76.99507916131792,76.99507916131792,76.99507916131792,0.02548180707911721,0.002617993877991494,0.005759586531581288,76.0,2.39,0.0,0,2,100.0,4,0.03,23.51,0.055,52.649024399999995,9.7462591,33.26,31.400000000000002,52.649015899999995,9.7462614,0.020420352248333655,-0.017627825445142728,4.25371645296058,-10.4,-21.080000000000002,-0.055,23.507317,0.03733266,0.3587298
0 days 00:00:02.620000,0.0012972041737795694,-0.24721200000000002,-0.003924,9.480384,76.8413029525032,76.8413029525032,76.8413029525032,76.8413029525032,0.026529004630313806,0.0017453292519943296,0.004886921905584123,76.0,2.39,0.0,0,2,100.0,4,0.025,23.51,0.055,52.649024399999995,9.7462591,33.26,31.400000000000002,52.649014,9.746259799999999,0.020594885173533087,-0.017627825445142728,4.25371645296058,-10.4,-21.080000000000002,-0.055,23.507317,0.03239633,0.35882622
0 days 00:00:02.630000,0.0012972041737795694,-0.14126400000000003,0.5493600000000001,8.974188000000002,76.97502139495079,76.97502139495079,76.97502139495079,76.97502139495079,0.017976891295541593,0.00017453292519943296,0.00471238898038469,76.0,2.39,0.0,0,2,100.0,4,0.03,23.51,0.065,52.649024399999995,9.7462591,33.26,31.400000000000002,52.6490121,9.7462583,0.02076941809873252,-0.017627825445142728,4.25371645296058,-10.4,-21.080000000000002,-0.055,23.507494,0.037250232,0.34872043
0 days 00:00:02.640000,0.0011792765216177901,-0.08632800000000002,0.4316400000000001,9.150768000000001,77.06193838254171,77.06193838254171,77.06193838254171,77.06193838254171,0.009599310885968814,0.007330382858376183,0.005235987755982988,76.0,2.39,0.0,0,2,100.0,4,0.03,23.51,0.07,52.649024399999995,9.7462591,33.26,31.400000000000002,52.6490102,9.7462568,0.020943951023931952,-0.017627825445142728,4.253890985885779,-10.4,-21.080000000000002,-0.055,23.507582,0.0372064,0.3437158
0 days 00:00:02.650000,0.0009434212172942321,-0.18835200000000002,0.192276,9.609876,77.24245827984595,77.24245827984595,77.24245827984595,77.24245827984595,0.008726646259971648,0.003316125578789226,0.004886921905584123,76.0,2.39,0.0,0,2,100.0,4,0.03,23.51,0.075,52.649024399999995,9.7462591,33.26,31.400000000000002,52.6490083,9.7462552,0.02111848394913139,-0.01780235837034216,4.253890985885779,-10.4,-21.080000000000002,-0.055,23.50761,0.03724746,0.34281307
0 days 00:00:02.660000,0.000825493565132453,-0.11772,0.32569200000000004,9.79038,77.31600342319211,77.31600342319211,77.31600342319211,77.31600342319211,0.006981317007977318,0.00017453292519943296,0.0041887902047863905,76.0,2.39,0.0,0,2,100.0,4,0.03,23.51,0.07,52.6490149,9.7462515,33.26,31.41,52.6490065,9.746253699999999,0.02111848394913139,-0.01780235837034216,4.253890985885779,-10.39,-21.095,-0.04,23.50752,0.037353028,0.34781116
0 days 00:00:02.670000,0.0005896382608088951,-0.1962,0.306072,9.586332,77.21571459135643,77.21571459135643,77.21571459135643,77.21571459135643,0.004886921905584123,-0.0036651914291880917,0.004363323129985824,76.0,2.39,0.0,0,2,100.0,4,0.03,23.51,0.075,52.6490149,9.7462515,33.26,31.41,52.6490046,9.7462521,0.02111848394913139,-0.017627825445142728,4.253890985885779,-10.39,-21.095,-0.04,23.50767,0.03716082,0.3387112
0 days 00:00:02.680000,0.0003537829564853371,-0.054936000000000006,0.16873200000000002,10.049364,77.12211168164313,77.12211168164313,77.12211168164313,77.12211168164313,0.0038397243543875246,0.0017453292519943296,0.004014257279586958,76.0,2.39,0.0,0,2,100.0,4,0.03,23.51,0.07,52.6490149,9.7462515,33.26,31.41,52.6490027,9.7462506,0.02111848394913139,-0.017627825445142728,4.254065518810979,-10.39,-21.095,-0.04,23.507582,0.037266392,0.3437093
0 days 00:00:02.690000,0.00011792765216177902,-0.5375880000000001,0.40809600000000007,9.798228,76.9415917843389,76.9415917843389,76.9415917843389,76.9415917843389,-0.0015707963267948967,-0.005934119456780722,0.0036651914291880917,76.0,2.39,0.0,0,2,100.0,4,0.03,23.505,0.07,52.6490149,9.7462515,33.26,31.41,52.649000799999996,9.7462491,0.02111848394913139,-0.017627825445142728,4.254065518810979,-10.39,-21.095,-0.04,23.50258,0.03726453,0.34362116
0 days 00:00:02.700000,-0.00011792765216177902,-0.349236,0.22759200000000002,9.523548,76.95496362858366,76.95496362858366,76.95496362858366,76.95496362858366,-0.002967059728390361,-0.014660765716752367,0.0036651914291880917,76.0,2.39,0.0,0,2,100.0,4,0.03,23.505,0.075,52.6490149,9.7462515,33.26,31.41,52.648998899999995,9.746247499999999,0.02111848394913139,-0.017453292519943295,4.254065518810979,-10.39,-21.095,-0.04,23.502728,0.03707234,0.33452195
0 days 00:00:02.710000,-0.0003537829564853371,0.17658000000000004,0.36493200000000003,9.813924,76.9415917843389,76.9415917843389,76.9415917843389,76.9415917843389,-0.008203047484373348,0.0012217304763960308,0.002617993877991494,76.0,2.39,0.0,0,2,100.0,4,0.03,23.515,0.075,52.6490053,9.746244299999999,33.15,31.41,52.648996999999994,9.746246,0.02111848394913139,-0.017627825445142728,4.254065518810979,-10.38,-21.12,-0.13,23.512667,0.03716268,0.3387993
0 days 00:00:02.720000,-0.0005896382608088951,-0.4316400000000001,0.03531600000000001,9.762912000000002,77.06193838254171,77.06193838254171,77.06193838254171,77.06193838254171,-0.012566370614359173,-0.004014257279586958,0.0020943951023931952,76.0,2.39,0.0,0,2,100.0,4,0.03,23.51,0.08,52.6490053,9.746244299999999,33.15,31.41,52.6489951,9.7462444,0.020943951023931952,-0.017627825445142728,4.254065518810979,-10.38,-21.12,-0.13,23.507757,0.03699701,0.33371952
0 days 00:00:02.730000,-0.000825493565132453,-0.290376,0.6199920000000001,9.739368,77.21571459135643,77.21571459135643,77.21571459135643,77.21571459135643,-0.017278759594743863,-0.009773843811168246,0.0012217304763960308,76.0,2.39,0.0,0,2,100.0,4,0.035,23.51,0.08,52.6490053,9.746244299999999,33.15,31.41,52.6489932,9.7462429,0.02076941809873252,-0.017453292519943295,4.254065518810979,-10.38,-21.12,-0.13,23.507816,0.041852474,0.3295201
0 days 00:00:02.740000,-0.0010613488694560112,0.15696000000000002,0.11772,10.335816000000001,77.24245827984595,77.24245827984595,77.24245827984595,77.24245827984595,-0.024434609527920613,0.005759586531581288,-0.0010471975511965976,76.0,2.39,0.0,0,2,100.0,4,0.035,23.515,0.075,52.6490053,9.746244299999999,33.15,31.41,52.6489913,9.746241399999999,0.020594885173533087,-0.017453292519943295,4.254065518810979,-10.38,-21.12,-0.13,23.512726,0.041899715,0.33461282
0 days 00:00:02.750000,-0.0014151318259413483,-0.6670800000000001,0.074556,10.139616000000002,77.31600342319211,77.31600342319211,77.31600342319211,77.31600342319211,-0.032114058236695664,-0.015184364492350668,-0.0008726646259971648,76.0,2.39,0.0,0,2,100.0,4,0.03,23.51,0.07,52.6490053,9.746244299999999,33.15,31.41,52.6489894,9.7462398,0.020245819323134222,-0.017278759594743863,4.254065518810979,-10.38,-21.12,-0.13,23.5077,0.03680031,0.33553758
0 days 00:00:02.760000,-0.001650987130264906,-0.062784,0.26290800000000003,10.469232000000002,77.14216944801026,77.14216944801026,77.14216944801026,77.14216944801026,-0.030019663134302467,-0.014835298641951801,-0.0024434609527920616,76.0,2.39,0.0,0,2,100.0,4,0.025,23.515,0.06,52.648996399999994,9.7462384,32.78,31.41,52.6489875,9.7462383,0.020071286397934793,-0.017278759594743863,4.254065518810979,-10.375,-21.09,-0.015,23.512527,0.031945158,0.34572724
0 days 00:00:02.770000,-0.0017689147824266852,0.031392,0.23936400000000002,10.606572000000002,77.14885537013264,77.14885537013264,77.14885537013264,77.14885537013264,-0.03089232776029963,-0.006283185307179587,-0.0036651914291880917,76.0,2.39,0.0,0,2,100.0,4,0.025,23.515,0.055,52.648996399999994,9.7462384,32.78,31.41,52.648985599999996,9.7462368,0.019722220547535925,-0.01710422666954443,4.254065518810979,-10.375,-21.09,-0.015,23.5125,0.03184214,0.34663376
0 days 00:00:02.780000,-0.0020047700867502436,-0.447336,-0.09417600000000001,10.147464000000001,77.06193838254171,77.06193838254171,77.06193838254171,77.06193838254171,-0.031939525311496235,-0.019896753472735357,-0.004363323129985824,76.0,2.39,0.0,0,2,100.0,4,0.025,23.51,0.05,52.648996399999994,9.7462384,32.78,31.41,52.648983699999995,9.7462352,0.01937315469713706,-0.016929693744344994,4.254065518810979,-10.375,-21.09,-0.015,23.507479,0.031736847,0.3474557
0 days 00:00:02.790000,-0.0021226977389120225,-0.149112,0.26290800000000003,10.171008,76.89479032948223,76.89479032948223,76.89479032948223,76.89479032948223,-0.032114058236695664,-0.01308996938995747,-0.007330382858376183,76.0,2.39,0.0,0,2,100.0,4,0.03,23.51,0.045,52.648996399999994,9.7462384,32.78,31.41,52.648981799999994,9.7462337,0.019024088846738195,-0.016929693744344994,4.253890985885779,-10.375,-21.09,-0.015,23.507393,0.036709752,0.35236996
0 days 00:00:02.800000,-0.0022406253910738014,-0.368856,0.27075600000000005,10.053288000000002,77.08199614890886,77.08199614890886,77.08199614890886,77.08199614890886,-0.03298672286269283,-0.013788101090755204,-0.007853981633974483,76.0,2.39,0.0,0,2,100.0,4,0.03,23.51,0.045,52.648996399999994,9.7462384,32.78,31.41,52.6489799,9.7462322,0.018675022996339326,-0.016755160819145562,4.253890985885779,-10.375,-21.09,-0.015,23.507454,0.036510136,0.34828067
0 days 00:00:02.810000,-0.0023585530432355803,-0.153036,-0.023544000000000002,10.280880000000002,77.21571459135643,77.21571459135643,77.21571459135643,77.21571459135643,-0.030194196059501903,-0.011344640137963142,-0.009250245035569947,76.0,2.39,0.0,0,2,100.0,4,0.03,23.51,0.04,52.6489869,9.7462308,32.78,31.41,52.6489781,9.746230599999999,0.01832595714594046,-0.016580627893946133,4.25371645296058,-10.34,-21.11,-0.01,23.507433,0.03640499,0.34918973
0 days 00:00:02.820000,-0.0024764806953973596,-0.1962,0.129492,10.461384,77.31600342319211,77.31600342319211,77.31600342319211,77.31600342319211,-0.024085543677521748,-0.013264502315156903,-0.01117010721276371,76.0,2.39,0.0,0,2,100.0,4,0.035,23.51,0.03,52.6489869,9.7462308,32.78,31.41,52.6489762,9.746229099999999,0.01815142422074103,-0.016580627893946133,4.253541920035381,-10.34,-21.11,-0.01,23.507267,0.0415247,0.3591023
0 days 00:00:02.830000,-0.0024764806953973596,-0.047088000000000005,-0.10202400000000002,10.724292,77.38286264441591,77.38286264441591,77.38286264441591,77.38286264441591,-0.017278759594743863,-0.016231562043547268,-0.012391837689159739,76.0,2.39,0.0,0,2,100.0,4,0.035,23.515,0.025,52.6489869,9.7462308,32.78,31.41,52.6489743,9.7462276,0.017976891295541596,-0.0164060949687467,4.253541920035381,-10.34,-21.11,-0.01,23.512245,0.041479614,0.36008793
0 days 00:00:02.840000,-0.002594408347559139,-0.039240000000000004,-0.125568,10.971504000000001,77.12211168164313,77.12211168164313,77.12211168164313,77.12211168164313,-0.016755160819145562,-0.00890117918517108,-0.014137166941154071,76.0,2.39,0.0,0,2,100.0,4,0.035,23.515,0.01,52.6489869,9.7462308,32.78,31.41,52.6489724,9.746226,0.01780235837034216,-0.016231562043547264,4.253367387110181,-10.34,-21.11,-0.01,23.512064,0.041610703,0.37098777
0 days 00:00:02.850000,-0.002594408347559139,-0.7965720000000002,0.20797200000000002,10.775304,77.08199614890886,77.08199614890886,77.08199614890886,77.08199614890886,-0.015184364492350668,-0.026354471705114374,-0.015358897417550098,76.0,2.39,0.0,0,2,100.0,4,0.04,23.51,-0.0,52.6489869,9.7462308,32.78,31.41,52.6489705,9.7462245,0.017627825445142728,-0.016057029118347832,4.253192854184982,-10.34,-21.11,-0.01,23.50697,0.04664767,0.37672088
0 days 00:00:02.860000,-0.002594408347559139,-0.18835200000000002,-0.019620000000000002,10.63404,77.06193838254171,77.06193838254171,77.06193838254171,77.06193838254171,-0.01291543646475804,-0.02565634000431664,-0.016231562043547268,76.0,2.39,0.0,0,2,100.0,4,0.05,23.505,-0.005,52.6489774,9.7462231,32.78,31.42,52.648968599999996,9.746222999999999,0.017453292519943295,-0.015707963267948967,4.253018321259782,-10.315,-21.080000000000002,-0.05,23.502022,0.056523073,0.37327027
0 days 00:00:02.870000,-0.002594408347559139,-0.21974400000000002,-0.090252,10.429992000000002,77.08199614890886,77.08199614890886,77.08199614890886,77.08199614890886,-0.007853981633974483,-0.02426007660272118,-0.01658062789394613,76.0,2.39,0.0,0,2,100.0,4,0.05,23.505,-0.01,52.6489774,9.7462231,32.78,31.42,52.648966699999995,9.7462214,0.017278759594743863,-0.015533430342749533,4.252843788334583,-10.315,-21.080000000000002,-0.05,23.502008,0.05647343,0.3741775
0 days 00:00:02.880000,-0.0024764806953973596,-0.184428,-0.04316400000000001,10.375056,77.14216944801026,77.14216944801026,77.14216944801026,77.14216944801026,-0.0024434609527920616,-0.024609142453120045,-0.01658062789394613,76.0,2.39,0.0,0,2,100.0,4,0.05,23.505,-0.015,52.6489774,9.7462231,32.78,31.42,52.648964799999995,9.7462199,0.017278759594743863,-0.015184364492350668,4.2526692554093835,-10.315,-21.080000000000002,-0.05,23.502062,0.05641807,0.3709736
0 days 00:00:02.890000,-0.0024764806953973596,0.14126400000000003,-0.16088400000000003,10.151388,77.18228498074454,77.18228498074454,77.18228498074454,77.18228498074454,-0.002617993877991494,-0.015533430342749534,-0.017453292519943295,76.0,2.39,0.0,0,2,100.0,4,0.05,23.505,-0.02,52.6489774,9.7462231,32.78,31.42,52.6489629,9.7462184,0.017278759594743863,-0.015009831567151233,4.252494722484184,-10.315,-21.080000000000002,-0.05,23.502052,0.056433577,0.37187105
0 days 00:00:02.900000,-0.0024764806953973596,-0.05886,-0.21189600000000003,10.606572000000002,77.21571459135643,77.21571459135643,77.21571459135643,77.21571459135643,-0.005235987755982988,-0.00471238898038469,-0.01832595714594046,76.0,2.39,0.0,0,2,100.0,4,0.055,23.51,-0.025,52.6489774,9.7462231,32.78,31.42,52.648961,9.7462168,0.017278759594743863,-0.015009831567151233,4.252320189558985,-10.315,-21.080000000000002,-0.05,23.506975,0.061520506,0.3768584
0 days 00:00:02.910000,-0.0023585530432355803,-0.8161920000000001,0.0,10.335816000000001,77.21571459135643,77.21571459135643,77.21571459135643,77.21571459135643,-0.0031415926535897933,-0.02949606435870417,-0.01658062789394613,76.0,2.39,0.0,0,2,100.0,4,0.075,23.485,-0.025,52.648967999999996,9.746215699999999,32.75,31.42,52.6489591,9.7462153,0.016929693744344994,-0.014486232791552936,4.252145656633784,-10.265,-21.055,-0.17,23.482174,0.081171595,0.36387268
0 days 00:00:02.920000,-0.0023585530432355803,0.27075600000000005,-0.125568,10.249488,77.21571459135643,77.21571459135643,77.21571459135643,77.21571459135643,0.0027925268031909274,-0.0158824961931484,-0.016057029118347832,76.0,2.39,0.0,0,2,100.0,4,0.075,23.490000000000002,-0.025,52.648967999999996,9.746215699999999,32.75,31.42,52.6489572,9.7462138,0.01710422666954443,-0.014311699866353503,4.251971123708586,-10.265,-21.055,-0.17,23.487236,0.08116623,0.3598322
0 days 00:00:02.930000,-0.0023585530432355803,0.0981,-0.3924,10.641888,77.06193838254171,77.06193838254171,77.06193838254171,77.06193838254171,0.012391837689159739,-0.0012217304763960308,-0.01658062789394613,76.0,2.39,0.0,0,2,100.0,4,0.075,23.495,-0.035,52.648967999999996,9.746215699999999,32.75,31.42,52.6489553,9.7462122,0.01710422666954443,-0.014311699866353503,4.251796590783386,-10.265,-21.055,-0.17,23.492094,0.081338465,0.36990127
0 days 00:00:02.940000,-0.0022406253910738014,-0.7337880000000001,-0.28252800000000006,9.939492000000001,76.9415917843389,76.9415917843389,76.9415917843389,76.9415917843389,0.014311699866353502,-0.02199114857512855,-0.0158824961931484,76.0,2.39,0.0,0,2,100.0,4,0.075,23.490000000000002,-0.035,52.648967999999996,9.746215699999999,32.75,31.42,52.6489535,9.746210699999999,0.017278759594743863,-0.014137166941154071,4.251622057858187,-10.265,-21.055,-0.17,23.487158,0.08133096,0.36571684
0 days 00:00:02.950000,-0.0022406253910738014,0.184428,-0.1962,10.072908000000002,76.89479032948223,76.89479032948223,76.89479032948223,76.89479032948223,0.016755160819145562,-0.005759586531581288,-0.0158824961931484,76.0,2.39,0.0,0,2,100.0,4,0.075,23.490000000000002,-0.04,52.648967999999996,9.746215699999999,32.75,31.42,52.6489516,9.7462092,0.017453292519943295,-0.014137166941154071,4.2514475249329875,-10.265,-21.055,-0.17,23.487087,0.081482045,0.3707014
0 days 00:00:02.960000,-0.0021226977389120225,-0.28252800000000006,-0.357084,10.410372000000002,76.9415917843389,76.9415917843389,76.9415917843389,76.9415917843389,0.018675022996339326,0.005934119456780722,-0.015533430342749534,76.0,2.39,0.0,0,2,100.0,4,0.07,23.485,-0.045,52.648958799999996,9.7462083,32.74,31.43,52.648949699999996,9.7462076,0.017627825445142728,-0.014137166941154071,4.251272992007788,-10.375,-21.035,0.03,23.482016,0.07663439,0.37570333
0 days 00:00:02.970000,-0.0021226977389120225,-0.506196,-0.05886,9.602028,77.12211168164313,77.12211168164313,77.12211168164313,77.12211168164313,0.02076941809873252,-0.014486232791552938,-0.013962634015954637,76.0,2.39,0.0,0,2,100.0,4,0.07,23.48,-0.045,52.648958799999996,9.7462083,32.74,31.43,52.648947799999995,9.7462061,0.01780235837034216,-0.013962634015954637,4.251098459082588,-10.375,-21.035,0.03,23.477083,0.076625764,0.37152246
0 days 00:00:02.980000,-0.0020047700867502436,0.8318880000000001,-0.04316400000000001,10.280880000000002,77.21571459135643,77.21571459135643,77.21571459135643,77.21571459135643,0.020245819323134222,0.023561944901923447,-0.013264502315156903,76.0,2.39,0.0,0,2,100.0,4,0.075,23.490000000000002,-0.045,52.648958799999996,9.7462083,32.74,31.43,52.6489459,9.7462046,0.017976891295541596,-0.014311699866353503,4.251098459082588,-10.375,-21.035,0.03,23.48695,0.08183969,0.37975594
0 days 00:00:02.990000,-0.0020047700867502436,-0.557208,-0.349236,10.610496000000001,77.08199614890886,77.08199614890886,77.08199614890886,77.08199614890886,0.016231562043547268,0.01832595714594046,-0.01361356816555577,76.0,2.39,0.0,0,2,100.0,4,0.07,23.490000000000002,-0.055,52.648958799999996,9.7462083,32.74,31.43,52.648944,9.746203,0.01815142422074103,-0.014486232791552936,4.250923926157389,-10.375,-21.035,0.03,23.486738,0.077162676,0.3939283
0 days 00:00:03,-0.0020047700867502436,-0.612144,-0.20797200000000002,9.507852000000002,76.99507916131792,76.99507916131792,76.99507916131792,76.99507916131792,0.006108652381980153,-0.010471975511965976,-0.011868238913561443,76.0,2.39,0.0,0,2,100.0,4,0.07,23.485,-0.05,52.648958799999996,9.7462083,32.74,31.43,52.6489421,9.7462015,0.01832595714594046,-0.014311699866353503,4.25074939323219,-10.375,-21.035,0.03,23.48188,0.07706339,0.3847461
0 days 00:00:03.010000,-0.0020047700867502436,0.8711280000000001,-0.019620000000000002,10.206324,76.99507916131792,76.99507916131792,76.99507916131792,76.99507916131792,-0.0015707963267948967,0.03089232776029963,-0.012042771838760874,76.0,2.39,0.0,0,2,100.0,4,0.06,23.495,-0.06,52.6489493,9.7462006,32.75,31.44,52.6489402,9.7462,0.01832595714594046,-0.014660765716752368,4.25074939323219,-10.435,-21.04,0.125,23.491596,0.067401186,0.4032685
0 days 00:00:03.020000,-0.0018868424345884643,-1.0751760000000001,-0.12164400000000002,9.774684,76.99507916131792,76.99507916131792,76.99507916131792,76.99507916131792,0.0015707963267948967,0.010821041362364843,-0.010471975511965976,76.0,2.39,0.0,0,2,100.0,4,0.06,23.490000000000002,-0.06,52.6489493,9.7462006,32.75,31.44,52.6489383,9.746198399999999,0.01832595714594046,-0.014835298641951801,4.25057486030699,-10.435,-21.04,0.125,23.486525,0.06747496,0.40729368
0 days 00:00:03.030000,-0.0018868424345884643,-0.33354000000000006,-0.32569200000000004,9.087984,77.08199614890886,77.08199614890886,77.08199614890886,77.08199614890886,0.004363323129985824,-0.0036651914291880917,-0.009773843811168246,76.0,2.39,0.0,0,2,100.0,4,0.06,23.485,-0.05,52.6489493,9.7462006,32.75,31.44,52.6489365,9.7461969,0.01832595714594046,-0.014835298641951801,4.25040032738179,-10.435,-21.04,0.125,23.481674,0.06729037,0.3972223
0 days 00:00:03.040000,-0.0018868424345884643,0.788724,-0.23544,9.884556000000002,76.85467479674796,76.85467479674796,76.85467479674796,76.85467479674796,0.006108652381980153,0.03368485456349056,-0.011693705988362009,76.0,2.39,0.0,0,2,100.0,4,0.06,23.495,-0.05,52.6489493,9.7462006,32.75,31.44,52.6489346,9.7461953,0.018500490071139894,-0.015009831567151233,4.25040032738179,-10.435,-21.04,0.125,23.491604,0.06743829,0.4014583
0 days 00:00:03.050000,-0.0017689147824266852,-0.7416360000000001,0.023544000000000002,8.978112000000001,76.99507916131792,76.99507916131792,76.99507916131792,76.99507916131792,-0.00017453292519943296,0.012740903539558606,-0.010821041362364843,76.0,2.39,0.0,0,2,100.0,4,0.06,23.490000000000002,-0.045,52.6489493,9.7462006,32.75,31.44,52.648932699999996,9.7461938,0.018500490071139894,-0.015184364492350668,4.2502257944565915,-10.435,-21.04,0.125,23.486609,0.067420244,0.4004831
0 days 00:00:03.060000,-0.0017689147824266852,0.153036,-0.023544000000000002,9.135072000000001,76.99507916131792,76.99507916131792,76.99507916131792,76.99507916131792,-0.0041887902047863905,0.017104226669544427,-0.010471975511965976,76.0,2.39,0.0,0,2,100.0,4,0.04,23.5,-0.045,52.6489398,9.7461928,32.76,31.44,52.648930799999995,9.746192299999999,0.018675022996339326,-0.015533430342749533,4.2502257944565915,-10.53,-21.065,0.275,23.496468,0.04764963,0.40919703
0 days 00:00:03.070000,-0.0017689147824266852,0.10594800000000001,0.047088000000000005,9.872784,77.10873983739837,77.10873983739837,77.10873983739837,77.10873983739837,-0.005061454830783556,0.031939525311496235,-0.00942477796076938,76.0,2.39,0.0,0,2,100.0,4,0.04,23.505,-0.05,52.6489398,9.7461928,32.76,31.44,52.648928899999994,9.7461907,0.018500490071139894,-0.0158824961931484,4.250051261531391,-10.53,-21.065,0.275,23.501242,0.04782389,0.42248365
0 days 00:00:03.080000,-0.0017689147824266852,-0.5611320000000001,-0.184428,9.362664,77.10873983739837,77.10873983739837,77.10873983739837,77.10873983739837,-0.009599310885968814,0.012391837689159739,-0.007853981633974483,76.0,2.39,0.0,0,2,100.0,4,0.04,23.5,-0.045,52.6489398,9.7461928,32.76,31.44,52.648927,9.7461892,0.018500490071139894,-0.0158824961931484,4.250051261531391,-10.53,-21.065,0.275,23.49632,0.047729935,0.41740575
0 days 00:00:03.090000,-0.0017689147824266852,0.13734000000000002,0.019620000000000002,9.625572000000002,77.06193838254171,77.06193838254171,77.06193838254171,77.06193838254171,-0.011519173063162576,0.01902408884673819,-0.00942477796076938,76.0,2.39,0.0,0,2,100.0,4,0.04,23.505,-0.04,52.6489398,9.7461928,32.76,31.44,52.6489251,9.746187599999999,0.01832595714594046,-0.016231562043547264,4.249876728606193,-10.53,-21.065,0.275,23.501255,0.04771726,0.42069706
0 days 00:00:03.100000,-0.0017689147824266852,-0.278604,-0.10987200000000001,9.833544,76.99507916131792,76.99507916131792,76.99507916131792,76.99507916131792,-0.011344640137963142,0.018500490071139894,-0.01117010721276371,76.0,2.39,0.0,0,2,100.0,4,0.04,23.5,-0.04,52.6489398,9.7461928,32.76,31.44,52.6489232,9.7461861,0.01815142422074103,-0.0164060949687467,4.249702195680993,-10.53,-21.065,0.275,23.496181,0.047716793,0.42472443
0 days 00:00:03.110000,-0.0017689147824266852,-0.580752,0.003924,8.958492000000001,76.92153401797175,76.92153401797175,76.92153401797175,76.92153401797175,-0.01832595714594046,-0.0006981317007977319,-0.011344640137963142,76.0,2.39,0.0,0,2,100.0,4,0.03,23.51,-0.04,52.648930299999996,9.7461846,32.84,31.45,52.6489214,9.7461845,0.01815142422074103,-0.0164060949687467,4.249702195680993,-10.51,-21.115000000000002,0.185,23.50618,0.037721418,0.42506996
0 days 00:00:03.120000,-0.0017689147824266852,0.074556,0.039240000000000004,8.942796000000001,76.86136071887034,76.86136071887034,76.86136071887034,76.86136071887034,-0.017627825445142728,0.011868238913561443,-0.012217304763960306,76.0,2.39,0.0,0,2,100.0,4,0.035,23.51,-0.03,52.648930299999996,9.7461846,32.84,31.45,52.6489195,9.746183,0.017976891295541596,-0.016580627893946133,4.249527662755794,-10.51,-21.115000000000002,0.185,23.506271,0.04254043,0.4190916
0 days 00:00:03.130000,-0.001650987130264906,-0.17265600000000003,0.12164400000000002,9.044820000000001,77.08199614890886,77.08199614890886,77.08199614890886,77.08199614890886,-0.014660765716752367,0.010821041362364843,-0.010995574287564275,76.0,2.39,0.0,0,2,100.0,4,0.035,23.51,-0.025,52.648930299999996,9.7461846,32.84,31.45,52.6489176,9.7461814,0.01780235837034216,-0.016755160819145562,4.249527662755794,-10.51,-21.115000000000002,0.185,23.50628,0.042451326,0.41820246
0 days 00:00:03.140000,-0.001650987130264906,0.019620000000000002,0.003924,9.547092000000001,77.19565682498931,77.19565682498931,77.19565682498931,77.19565682498931,-0.007679448708775049,0.020420352248333655,-0.010297442586766544,76.0,2.39,0.0,1,2,100.0,4,0.035,23.515,-0.02,52.648930299999996,9.7461846,32.84,31.45,52.648915699999996,9.7461799,0.01780235837034216,-0.016929693744344994,4.2493531298305935,-10.51,-21.115000000000002,0.185,23.51129,0.042436868,0.41739056
0 days 00:00:03.150000,-0.001650987130264906,-0.023544000000000002,-0.0981,9.845316,77.31600342319211,77.31600342319211,77.31600342319211,77.31600342319211,-0.005934119456780722,0.02199114857512855,-0.012042771838760874,76.0,2.39,0.0,1,2,100.0,4,0.035,23.515,-0.02,52.648930299999996,9.7461846,32.84,31.45,52.648913799999995,9.7461783,0.017627825445142728,-0.01710422666954443,4.249178596905395,-10.51,-21.115000000000002,0.185,23.511219,0.04243635,0.4215008
0 days 00:00:03.160000,-0.001650987130264906,-0.32569200000000004,-0.20797200000000002,9.417600000000002,77.1622272143774,77.1622272143774,77.1622272143774,77.1622272143774,-0.011693705988362009,0.006283185307179587,-0.012566370614359173,76.0,2.39,0.0,1,2,100.0,4,0.04,23.51,-0.015,52.648921099999995,9.746177999999999,32.65,31.45,52.648911899999995,9.746176799999999,0.017453292519943295,-0.01710422666954443,4.249178596905395,-10.435,-21.065,-0.01,23.506304,0.04727328,0.41633698
0 days 00:00:03.170000,-0.0015330594781031272,-0.10594800000000001,0.10594800000000001,8.883936,76.95496362858366,76.95496362858366,76.95496362858366,76.95496362858366,-0.014660765716752367,0.0054105206811824215,-0.012042771838760874,76.0,2.39,0.0,1,2,100.0,4,0.045,23.51,-0.005,52.648921099999995,9.746177999999999,32.65,31.45,52.64891,9.746175299999999,0.017278759594743863,-0.017278759594743863,4.249004063980196,-10.435,-21.065,-0.01,23.506405,0.052098006,0.41036376
0 days 00:00:03.180000,-0.0015330594781031272,0.0,0.223668,9.001656,76.92153401797175,76.92153401797175,76.92153401797175,76.92153401797175,-0.01361356816555577,0.014486232791552938,-0.012042771838760874,76.0,2.39,0.0,1,2,100.0,4,0.045,23.51,-0.0,52.648921099999995,9.746177999999999,32.65,31.45,52.6489081,9.7461737,0.01710422666954443,-0.017278759594743863,4.248829531054996,-10.435,-21.065,-0.01,23.50649,0.051940877,0.40537432
0 days 00:00:03.190000,-0.0015330594781031272,-0.51012,-0.11772,9.315576,76.85467479674796,76.85467479674796,76.85467479674796,76.85467479674796,-0.007853981633974483,0.01117010721276371,-0.010995574287564275,76.0,2.39,0.0,1,2,100.0,4,0.045,23.505,0.005,52.648921099999995,9.746177999999999,32.65,31.45,52.6489062,9.7461722,0.01710422666954443,-0.017453292519943295,4.248829531054996,-10.435,-21.065,-0.01,23.501507,0.05192405,0.4043906
0 days 00:00:03.200000,-0.0014151318259413483,-0.23936400000000002,-0.023544000000000002,9.65304,76.99507916131792,76.99507916131792,76.99507916131792,76.99507916131792,-0.0015707963267948967,0.00645771823237902,-0.012042771838760874,76.0,2.39,0.0,1,2,100.0,4,0.05,23.505,0.01,52.648921099999995,9.746177999999999,32.65,31.45,52.6489044,9.7461706,0.01710422666954443,-0.017453292519943295,4.248654998129796,-10.435,-21.065,-0.01,23.501595,0.056837812,0.39930657
0 days 00:00:03.210000,-0.0014151318259413483,-0.11379600000000001,-0.07848000000000001,9.268488000000001,77.1622272143774,77.1622272143774,77.1622272143774,77.1622272143774,-0.0015707963267948967,0.00645771823237902,-0.01291543646475804,76.0,2.39,0.0,1,2,100.0,4,0.06,23.505,0.015,52.6489117,9.7461703,32.65,31.46,52.6489025,9.7461691,0.016929693744344994,-0.017627825445142728,4.248480465204597,-10.42,-21.065,-0.055,23.501612,0.066751495,0.39824998
0 days 00:00:03.220000,-0.0014151318259413483,-0.17265600000000003,-0.180504,9.613800000000001,77.18228498074454,77.18228498074454,77.18228498074454,77.18228498074454,0.002967059728390361,0.003490658503988659,-0.01291543646475804,76.0,2.39,0.0,2,2,100.0,4,0.06,23.505,0.015,52.6489117,9.7461703,32.65,31.46,52.6489006,9.7461675,0.016929693744344994,-0.017627825445142728,4.248305932279397,-10.42,-21.065,-0.055,23.501612,0.066751495,0.39824998
0 days 00:00:03.230000,-0.0014151318259413483,0.007848,-0.0981,9.680508000000001,77.21571459135643,77.21571459135643,77.21571459135643,77.21571459135643,0.0010471975511965976,0.0041887902047863905,-0.012566370614359173,76.0,2.39,0.0,2,2,100.0,4,0.06,23.505,0.02,52.6489117,9.7461703,32.65,31.46,52.6488987,9.746165999999999,0.016929693744344994,-0.017627825445142728,4.248305932279397,-10.42,-21.065,-0.055,23.5017,0.066666864,0.39325148
0 days 00:00:03.240000,-0.0014151318259413483,-0.22759200000000002,0.023544000000000002,9.73152,77.14885537013264,77.14885537013264,77.14885537013264,77.14885537013264,0.0010471975511965976,0.0020943951023931952,-0.011693705988362009,76.0,2.39,0.0,2,2,100.0,4,0.06,23.505,0.02,52.6489117,9.7461703,32.65,31.46,52.648896799999996,9.746164499999999,0.016929693744344994,-0.017627825445142728,4.2481313993541985,-10.42,-21.065,-0.055,23.5017,0.066666864,0.39325148
0 days 00:00:03.250000,-0.0012972041737795694,-0.306072,-0.357084,9.727596,77.08199614890886,77.08199614890886,77.08199614890886,77.08199614890886,0.004363323129985824,-0.003490658503988659,-0.012391837689159739,76.0,2.39,0.0,2,2,100.0,4,0.06,23.505,0.02,52.6489117,9.7461703,32.65,31.46,52.648894899999995,9.7461629,0.01710422666954443,-0.017627825445142728,4.247956866428999,-10.42,-21.065,-0.055,23.5017,0.0667355,0.39323983
0 days 00:00:03.260000,-0.0012972041737795694,-0.26290800000000003,0.09417600000000001,9.590256,77.06193838254171,77.06193838254171,77.06193838254171,77.06193838254171,0.007504915783575617,-0.005235987755982988,-0.012217304763960306,76.0,2.39,0.0,2,2,100.0,4,0.07,23.505,0.025,52.648902199999995,9.7461626,32.65,31.46,52.648893,9.7461614,0.01710422666954443,-0.017627825445142728,4.247956866428999,-10.43,-21.065,-0.11,23.501787,0.076648526,0.3880703
0 days 00:00:03.270000,-0.0012972041737795694,-0.074556,-0.074556,9.715824000000001,76.9415917843389,76.9415917843389,76.9415917843389,76.9415917843389,0.008552113334772213,0.003316125578789226,-0.012217304763960306,76.0,2.39,0.0,2,2,100.0,4,0.07,23.505,0.025,52.648902199999995,9.7461626,32.65,31.46,52.648891199999994,9.7461598,0.01710422666954443,-0.017627825445142728,4.2477823335038,-10.43,-21.065,-0.11,23.501787,0.076648526,0.3880703
0 days 00:00:03.280000,-0.0012972041737795694,-0.32569200000000004,-0.302148,9.79038,76.99507916131792,76.99507916131792,76.99507916131792,76.99507916131792,0.00645771823237902,-0.007504915783575617,-0.01291543646475804,76.0,2.39,0.0,2,2,100.0,4,0.07,23.505,0.03,52.648902199999995,9.7461626,32.65,31.46,52.6488893,9.7461583,0.01710422666954443,-0.017627825445142728,4.247607800578599,-10.43,-21.065,-0.11,23.501875,0.07656302,0.3830718
0 days 00:00:03.290000,-0.0012972041737795694,-0.41202000000000005,0.04316400000000001,9.437220000000002,77.02850877192982,77.02850877192982,77.02850877192982,77.02850877192982,0.0017453292519943296,-0.017278759594743863,-0.011693705988362009,76.0,2.39,0.0,2,2,100.0,4,0.07,23.5,0.03,52.648902199999995,9.7461626,32.65,31.46,52.6488874,9.7461567,0.01710422666954443,-0.017453292519943295,4.247607800578599,-10.43,-21.065,-0.11,23.496946,0.07649138,0.37888324
0 days 00:00:03.300000,-0.0011792765216177901,-0.023544000000000002,0.05101200000000001,9.696204000000002,77.21571459135643,77.21571459135643,77.21571459135643,77.21571459135643,0.00645771823237902,-0.016231562043547268,-0.010122909661567111,76.0,2.39,0.0,2,2,100.0,4,0.07,23.505,0.035,52.648902199999995,9.7461626,32.65,31.46,52.6488855,9.746155199999999,0.017278759594743863,-0.017278759594743863,4.247433267653401,-10.43,-21.065,-0.11,23.502096,0.07640176,0.36985737
0 days 00:00:03.310000,-0.0011792765216177901,0.09417600000000001,-0.266832,10.218096000000001,77.28925973470261,77.28925973470261,77.28925973470261,77.28925973470261,0.005934119456780722,-0.0010471975511965976,-0.010297442586766544,76.0,2.39,0.0,2,2,100.0,4,0.065,23.51,0.03,52.6488927,9.746154899999999,32.63,31.46,52.6488836,9.746153699999999,0.017453292519943295,-0.017278759594743863,4.2472587347282005,-10.5,-21.02,-0.005,23.50701,0.07155583,0.37501618
0 days 00:00:03.320000,-0.0011792765216177901,-0.8161920000000001,-0.21582000000000004,10.010124000000001,77.29594565682498,77.29594565682498,77.29594565682498,77.29594565682498,0.006108652381980153,-0.02600540585471551,-0.009948376736367679,76.0,2.39,0.0,2,2,100.0,4,0.06,23.5,0.025,52.6488927,9.746154899999999,32.63,31.46,52.6488817,9.7461521,0.017453292519943295,-0.016929693744344994,4.2472587347282005,-10.5,-21.02,-0.005,23.497057,0.06649768,0.37172848
0 days 00:00:03.330000,-0.0011792765216177901,0.0981,-0.11772,9.955188000000001,77.14885537013264,77.14885537013264,77.14885537013264,77.14885537013264,0.005235987755982988,-0.026529004630313806,-0.009773843811168246,76.0,2.39,0.0,2,2,100.0,4,0.06,23.505,0.025,52.6488927,9.746154899999999,32.63,31.46,52.648879799999996,9.7461506,0.017453292519943295,-0.016755160819145562,4.247084201803002,-10.5,-21.02,-0.005,23.50212,0.06642757,0.3677118
0 days 00:00:03.340000,-0.0011792765216177901,0.07848000000000001,-0.22759200000000002,10.229868,76.99507916131792,76.99507916131792,76.99507916131792,76.99507916131792,0.0041887902047863905,-0.009250245035569947,-0.010297442586766544,76.0,2.39,0.0,2,2,100.0,4,0.06,23.505,0.02,52.6488927,9.746154899999999,32.63,31.46,52.648877899999995,9.746148999999999,0.017453292519943295,-0.016580627893946133,4.247084201803002,-10.5,-21.02,-0.005,23.5021,0.066443235,0.3686091
0 days 00:00:03.350000,-0.0011792765216177901,-0.94176,-0.0981,9.766836000000001,77.01513692768506,77.01513692768506,77.01513692768506,77.01513692768506,0.008552113334772213,-0.03316125578789226,-0.008203047484373348,76.0,2.39,0.0,2,2,100.0,4,0.06,23.5,0.02,52.6488927,9.746154899999999,32.63,31.46,52.648876099999995,9.7461475,0.017627825445142728,-0.0164060949687467,4.246909668877802,-10.5,-21.02,-0.005,23.497166,0.06643381,0.3644142
0 days 00:00:03.360000,-0.0011792765216177901,0.125568,-0.14126400000000003,9.96696,77.02850877192982,77.02850877192982,77.02850877192982,77.02850877192982,0.019198621771937627,-0.023038346126325153,-0.009075712110370514,76.0,2.39,0.0,2,2,100.0,4,0.055,23.495,0.025,52.6488836,9.7461492,32.25,31.46,52.648874199999995,9.746146,0.01780235837034216,-0.016057029118347832,4.246735135952603,-10.48,-20.955000000000002,-0.105,23.492373,0.06126178,0.35121205
0 days 00:00:03.370000,-0.0010613488694560112,-0.26290800000000003,-0.23544,10.147464000000001,77.18228498074454,77.18228498074454,77.18228498074454,77.18228498074454,0.031415926535897934,-0.01815142422074103,-0.007679448708775049,76.0,2.39,0.0,2,2,100.0,4,0.055,23.495,0.02,52.6488836,9.7461492,32.25,31.46,52.6488723,9.7461444,0.01815142422074103,-0.0158824961931484,4.246735135952603,-10.48,-20.955000000000002,-0.105,23.492355,0.061400693,0.35208964
0 days 00:00:03.380000,-0.0010613488694560112,-0.32176800000000005,-0.23936400000000002,10.021896000000002,77.24245827984595,77.24245827984595,77.24245827984595,77.24245827984595,0.03944444109507185,-0.03106686068549907,-0.00890117918517108,76.0,2.39,0.0,2,2,100.0,4,0.05,23.490000000000002,0.02,52.6488836,9.7461492,32.25,31.46,52.6488704,9.746142899999999,0.018500490071139894,-0.015533430342749533,4.246560603027403,-10.48,-20.955000000000002,-0.105,23.487476,0.05637131,0.34388402
0 days 00:00:03.390000,-0.0010613488694560112,0.47872800000000004,-0.1962,10.225944,77.14216944801026,77.14216944801026,77.14216944801026,77.14216944801026,0.034208453339088854,-0.011693705988362009,-0.00890117918517108,76.0,2.39,0.0,2,2,100.0,4,0.05,23.5,0.015,52.6488836,9.7461492,32.25,31.46,52.6488685,9.7461413,0.01884955592153876,-0.0153588974175501,4.246560603027403,-10.48,-20.955000000000002,-0.105,23.49746,0.056511205,0.34491783
0 days 00:00:03.400000,-0.0009434212172942321,-0.5415120000000001,-0.054936000000000006,10.422144000000001,77.08199614890886,77.08199614890886,77.08199614890886,77.08199614890886,0.026878070480712675,-0.012740903539558606,-0.008552113334772213,76.0,2.39,0.0,2,2,100.0,4,0.05,23.495,0.01,52.6488836,9.7461492,32.25,31.46,52.6488666,9.7461398,0.019198621771937627,-0.0153588974175501,4.246386070102204,-10.48,-20.955000000000002,-0.105,23.492384,0.056726098,0.34981978
0 days 00:00:03.410000,-0.0009434212172942321,-0.655308,-0.05886,9.959112000000001,77.02850877192982,77.02850877192982,77.02850877192982,77.02850877192982,0.020594885173533087,-0.03735004599267865,-0.006283185307179587,76.0,2.39,0.0,2,2,100.0,4,0.055,23.485,0.01,52.6488741,9.7461416,32.24,31.45,52.6488648,9.7461383,0.01937315469713706,-0.014835298641951801,4.246386070102204,-10.485,-20.98,-0.09,23.482565,0.061545055,0.3372664
0 days 00:00:03.420000,-0.0009434212172942321,0.623916,-0.14126400000000003,10.453536000000001,76.99507916131792,76.99507916131792,76.99507916131792,76.99507916131792,0.016057029118347832,-0.007504915783575617,-0.005934119456780722,76.0,2.39,0.0,2,2,100.0,4,0.055,23.490000000000002,0.005,52.6488741,9.7461416,32.24,31.45,52.6488629,9.7461367,0.019547687622336492,-0.014835298641951801,4.246386070102204,-10.485,-20.98,-0.09,23.48749,0.06170309,0.34232825
0 days 00:00:03.430000,-0.0009434212172942321,-0.7416360000000001,-0.10594800000000001,10.375056,77.02850877192982,77.02850877192982,77.02850877192982,77.02850877192982,0.01780235837034216,-0.016406094968746697,-0.005061454830783556,76.0,2.39,0.0,2,2,100.0,4,0.05,23.485,-0.0,52.6488741,9.7461416,32.24,31.45,52.648861,9.7461352,0.019722220547535925,-0.014660765716752368,4.246211537177004,-10.485,-20.98,-0.09,23.482477,0.05678011,0.34324273
0 days 00:00:03.440000,-0.0009434212172942321,-0.43948800000000005,-0.16088400000000003,9.837468000000001,77.01513692768506,77.01513692768506,77.01513692768506,77.01513692768506,0.0158824961931484,-0.02949606435870417,-0.006108652381980153,76.0,2.39,0.0,2,2,100.0,4,0.05,23.48,-0.0,52.6488741,9.7461416,32.24,31.45,52.648859099999996,9.7461336,0.019722220547535925,-0.014311699866353503,4.246211537177004,-10.485,-20.98,-0.09,23.477594,0.05661705,0.33497584
0 days 00:00:03.450000,-0.000825493565132453,0.34531200000000006,-0.039240000000000004,10.304424000000001,76.9415917843389,76.9415917843389,76.9415917843389,76.9415917843389,0.01361356816555577,-0.004886921905584123,-0.006283185307179587,76.0,2.39,0.0,2,2,100.0,4,0.05,23.485,-0.005,52.6488741,9.7461416,32.24,31.45,52.648857199999995,9.746132099999999,0.019896753472735357,-0.014311699866353503,4.246037004251805,-10.485,-20.98,-0.09,23.482523,0.0567764,0.340036
0 days 00:00:03.460000,-0.000825493565132453,-0.5532840000000001,0.062784,9.794304,77.06193838254171,77.06193838254171,77.06193838254171,77.06193838254171,0.00942477796076938,-0.015533430342749534,-0.0041887902047863905,76.0,2.39,0.0,2,2,100.0,4,0.03,23.485,-0.005,52.6488647,9.746133799999999,32.24,31.45,52.648855399999995,9.746130599999999,0.020245819323134222,-0.014137166941154071,4.246037004251805,-10.585,-20.96,0.03,23.482582,0.036816224,0.33632338
0 days 00:00:03.470000,-0.0007075659129706742,0.10202400000000002,-0.031392,10.057212000000002,77.10873983739837,77.10873983739837,77.10873983739837,77.10873983739837,0.009599310885968814,-0.008377580409572781,-0.0031415926535897933,76.0,2.39,0.0,2,2,100.0,4,0.03,23.490000000000002,-0.01,52.6488647,9.746133799999999,32.24,31.45,52.648853499999994,9.746129,0.020245819323134222,-0.014137166941154071,4.246037004251805,-10.585,-20.96,0.03,23.48751,0.036918867,0.34139252
0 days 00:00:03.480000,-0.0007075659129706742,0.0981,0.08240400000000002,10.253412000000003,77.19565682498931,77.19565682498931,77.19565682498931,77.19565682498931,0.014486232791552938,0.0012217304763960308,-0.0022689280275926286,76.0,2.39,0.0,2,2,100.0,4,0.03,23.490000000000002,-0.015,52.6488647,9.746133799999999,32.24,31.45,52.6488516,9.746127399999999,0.020420352248333655,-0.014137166941154071,4.246037004251805,-10.585,-20.96,0.03,23.48744,0.03708053,0.34638453
0 days 00:00:03.490000,-0.0007075659129706742,-0.153036,-0.153036,10.2024,77.08199614890886,77.08199614890886,77.08199614890886,77.08199614890886,0.016929693744344998,0.004014257279586958,-0.0019198621771937623,76.0,2.39,0.0,2,2,100.0,4,0.025,23.490000000000002,-0.02,52.6488647,9.746133799999999,32.24,31.45,52.6488497,9.7461259,0.020594885173533087,-0.014137166941154071,4.246037004251805,-10.585,-20.96,0.03,23.48737,0.032245006,0.35147947
0 days 00:00:03.500000,-0.0007075659129706742,-0.145188,0.090252,10.178856000000001,77.06193838254171,77.06193838254171,77.06193838254171,77.06193838254171,0.014486232791552938,0.004886921905584123,-0.0024434609527920616,76.0,2.39,0.0,2,2,100.0,4,0.025,23.490000000000002,-0.02,52.6488647,9.746133799999999,32.24,31.45,52.6488478,9.7461243,0.02076941809873252,-0.014137166941154071,4.246037004251805,-10.585,-20.96,0.03,23.48737,0.03230635,0.35147387
0 days 00:00:03.510000,-0.0007075659129706742,-0.302148,-0.231516,10.445688,76.82793110825845,76.82793110825845,76.82793110825845,76.82793110825845,0.014137166941154071,0.005061454830783556,-0.0038397243543875246,76.0,2.39,0.0,2,2,100.0,4,0.015,23.490000000000002,-0.03,52.6488551,9.7461259,32.22,31.45,52.648846,9.7461228,0.020943951023931952,-0.014311699866353503,4.245862471326605,-10.585,-20.985,0.055,23.487165,0.02266514,0.3657728
0 days 00:00:03.520000,-0.0005896382608088951,-0.533664,0.09417600000000001,9.598104000000001,76.89479032948223,76.89479032948223,76.89479032948223,76.89479032948223,0.01117010721276371,-0.012391837689159739,-0.003490658503988659,76.0,2.39,0.0,2,2,100.0,4,0.015,23.485,-0.03,52.6488551,9.7461259,32.22,31.45,52.6488441,9.7461213,0.02111848394913139,-0.014137166941154071,4.245862471326605,-10.585,-20.985,0.055,23.48223,0.022640921,0.36159983
0 days 00:00:03.530000,-0.0004717106086471161,0.145188,0.1962,9.641268,76.85467479674796,76.85467479674796,76.85467479674796,76.85467479674796,0.012042771838760874,0.0031415926535897933,-0.0031415926535897933,76.0,2.39,0.0,2,2,100.0,4,0.015,23.490000000000002,-0.025,52.6488551,9.7461259,32.22,31.45,52.6488422,9.7461197,0.02129301687433082,-0.014137166941154071,4.245862471326605,-10.585,-20.985,0.055,23.487299,0.02259909,0.35666817
0 days 00:00:03.540000,-0.0004717106086471161,-0.04316400000000001,0.20797200000000002,9.758988,77.10873983739837,77.10873983739837,77.10873983739837,77.10873983739837,0.017453292519943295,0.007679448708775049,-0.0022689280275926286,76.0,2.39,0.0,2,2,100.0,4,0.015,23.490000000000002,-0.025,52.6488551,9.7461259,32.22,31.45,52.648840299999996,9.7461182,0.021467549799530253,-0.014311699866353503,4.245862471326605,-10.585,-20.985,0.055,23.487236,0.022749335,0.3607626
0 days 00:00:03.550000,-0.0004717106086471161,0.09417600000000001,-0.10594800000000001,10.171008,77.14885537013264,77.14885537013264,77.14885537013264,77.14885537013264,0.01937315469713706,0.01815142422074103,-0.004014257279586958,76.0,2.39,0.0,2,2,100.0,4,0.015,23.495,-0.03,52.6488551,9.7461259,32.22,31.45,52.648838399999995,9.746116599999999,0.021642082724729686,-0.014486232791552936,4.245862471326605,-10.585,-20.985,0.055,23.492102,0.023010768,0.36992767
0 days 00:00:03.560000,-0.0003537829564853371,-0.38847600000000004,0.11379600000000001,10.037592000000002,77.24245827984595,77.24245827984595,77.24245827984595,77.24245827984595,0.012042771838760874,0.010297442586766544,-0.004537856055185257,76.0,2.39,0.0,2,2,100.0,4,0.02,23.485,-0.035,52.648846,9.7461156,32.980000000000004,31.46,52.648836499999994,9.746115,0.021642082724729686,-0.014486232791552936,4.245687938401406,-10.55,-20.990000000000002,0.05,23.482029,0.028114654,0.37467292
0 days 00:00:03.570000,-0.0003537829564853371,-0.21189600000000003,0.184428,9.570636,76.99507916131792,76.99507916131792,76.99507916131792,76.99507916131792,0.006806784082777885,-0.0005235987755982988,-0.004014257279586958,76.0,2.39,0.0,2,2,100.0,4,0.02,23.485,-0.03,52.648846,9.7461156,32.980000000000004,31.46,52.648834699999995,9.7461135,0.021642082724729686,-0.014486232791552936,4.245687938401406,-10.55,-20.990000000000002,0.05,23.482101,0.028006462,0.36967462
0 days 00:00:03.580000,-0.00023585530432355804,0.368856,0.298224,9.876708000000002,76.92153401797175,76.92153401797175,76.92153401797175,76.92153401797175,-0.0008726646259971648,0.022689280275926284,-0.003490658503988659,76.0,2.39,0.0,2,2,100.0,4,0.02,23.490000000000002,-0.03,52.648846,9.7461156,32.980000000000004,31.46,52.6488328,9.746111899999999,0.021642082724729686,-0.014660765716752368,4.245687938401406,-10.55,-20.990000000000002,0.05,23.487034,0.02809674,0.37384534
0 days 00:00:03.590000,-0.00023585530432355804,-0.5532840000000001,0.21189600000000003,9.943416000000001,76.76775780915703,76.76775780915703,76.76775780915703,76.76775780915703,-0.005759586531581288,0.012740903539558606,-0.003316125578789226,76.0,2.39,0.0,2,2,100.0,4,0.025,23.490000000000002,-0.035,52.648846,9.7461156,32.980000000000004,31.46,52.6488309,9.7461104,0.021642082724729686,-0.014835298641951801,4.245687938401406,-10.55,-20.990000000000002,0.05,23.486897,0.03329247,0.38283375
0 days 00:00:03.600000,-0.00023585530432355804,-0.357084,0.23936400000000002,9.248868000000002,76.8413029525032,76.8413029525032,76.8413029525032,76.8413029525032,-0.012740903539558606,-0.0006981317007977319,-0.0027925268031909274,76.0,2.39,0.0,2,2,100.0,4,0.025,23.485,-0.025,52.648846,9.7461156,32.980000000000004,31.46,52.648829,9.7461088,0.021467549799530253,-0.014835298641951801,4.245513405476206,-10.55,-20.990000000000002,0.05,23.482046,0.03300942,0.3727688
0 days 00:00:03.610000,-0.00011792765216177902,0.31392000000000003,0.31392000000000003,9.715824000000001,76.89479032948223,76.89479032948223,76.89479032948223,76.89479032948223,-0.015009831567151233,0.023038346126325153,-0.003490658503988659,76.0,2.39,0.0,2,2,100.0,4,0.025,23.490000000000002,-0.025,52.648836499999994,9.746107799999999,32.980000000000004,31.470000000000002,52.6488271,9.746107199999999,0.021467549799530253,-0.015009831567151233,4.245513405476206,-10.540000000000001,-20.975,0.005,23.486979,0.03309901,0.37694123
0 days 00:00:03.620000,-0.00011792765216177902,-0.51012,0.34531200000000006,9.602028,77.14885537013264,77.14885537013264,77.14885537013264,77.14885537013264,-0.015533430342749534,0.012042771838760874,-0.002967059728390361,76.0,2.39,0.0,2,2,100.0,4,0.025,23.485,-0.025,52.648836499999994,9.746107799999999,32.980000000000004,31.470000000000002,52.6488253,9.7461057,0.02129301687433082,-0.015184364492350668,4.245513405476206,-10.540000000000001,-20.975,0.005,23.481915,0.033118885,0.3809694
0 days 00:00:03.630000,-0.00011792765216177902,-0.027468000000000003,0.258984,9.409752000000001,77.1622272143774,77.1622272143774,77.1622272143774,77.1622272143774,-0.014835298641951801,0.010471975511965976,-0.0020943951023931952,76.0,2.39,0.0,2,2,100.0,4,0.025,23.485,-0.02,52.648836499999994,9.746107799999999,32.980000000000004,31.470000000000002,52.6488234,9.7461041,0.02111848394913139,-0.0153588974175501,4.245513405476206,-10.540000000000001,-20.975,0.005,23.481924,0.033033364,0.38007438
0 days 00:00:03.640000,0.0,0.380628,0.0981,9.762912000000002,77.18228498074454,77.18228498074454,77.18228498074454,77.18228498074454,-0.012740903539558606,0.027401669256310976,-0.003490658503988659,76.0,2.39,0.0,2,2,100.0,4,0.025,23.490000000000002,-0.02,52.648836499999994,9.746107799999999,32.980000000000004,31.470000000000002,52.6488215,9.7461026,0.020943951023931952,-0.015533430342749533,4.245513405476206,-10.540000000000001,-20.975,0.005,23.486855,0.033054482,0.3842552
0 days 00:00:03.650000,0.0,-0.5886000000000001,0.11772,9.091908000000002,77.06193838254171,77.06193838254171,77.06193838254171,77.06193838254171,-0.011344640137963142,0.009599310885968814,-0.0022689280275926286,76.0,2.39,0.0,2,2,100.0,4,0.025,23.485,-0.01,52.648836499999994,9.746107799999999,32.980000000000004,31.470000000000002,52.648819599999996,9.746101,0.02076941809873252,-0.015707963267948967,4.245513405476206,-10.540000000000001,-20.975,0.005,23.481947,0.032863267,0.37828425
0 days 00:00:03.660000,0.0,0.11772,0.149112,9.566712,76.89479032948223,76.89479032948223,76.89479032948223,76.89479032948223,-0.005585053606381855,0.02199114857512855,-0.003316125578789226,76.0,2.39,0.0,2,2,100.0,4,0.025,23.495,-0.01,52.6488271,9.7461,32.980000000000004,31.470000000000002,52.648817699999995,9.7460995,0.02076941809873252,-0.0158824961931484,4.245338872551008,-10.56,-21.015,0.05,23.491879,0.03295168,0.38254052
0 days 00:00:03.670000,0.0,-0.180504,0.20797200000000002,9.982656,76.89479032948223,76.89479032948223,76.89479032948223,76.89479032948223,-0.0017453292519943296,0.02809980095710871,-0.0038397243543875246,76.0,2.39,0.0,2,2,100.0,4,0.025,23.495,-0.01,52.6488271,9.7461,32.980000000000004,31.48,52.648815799999994,9.746097899999999,0.02076941809873252,-0.016231562043547264,4.245338872551008,-10.56,-21.015,0.05,23.491743,0.03312198,0.39073893
0 days 00:00:03.680000,0.0,-0.49834800000000007,-0.023544000000000002,9.382284,76.89479032948223,76.89479032948223,76.89479032948223,76.89479032948223,-0.0022689280275926286,0.010821041362364843,-0.0041887902047863905,76.0,2.39,0.0,2,2,100.0,4,0.025,23.490000000000002,-0.01,52.6488271,9.7461,32.980000000000004,31.48,52.648813999999994,9.7460963,0.02076941809873252,-0.0164060949687467,4.245338872551008,-10.56,-21.015,0.05,23.486673,0.033205427,0.3947561
0 days 00:00:03.690000,0.0,0.1962,0.361008,9.472536,76.86136071887034,76.86136071887034,76.86136071887034,76.86136071887034,-0.002617993877991494,0.01884955592153876,-0.004886921905584123,76.0,2.39,0.0,2,2,100.0,4,0.025,23.495,-0.005,52.6488271,9.7461,32.980000000000004,31.48,52.6488121,9.7460948,0.02076941809873252,-0.016580627893946133,4.245338872551008,-10.56,-21.015,0.05,23.49169,0.033188455,0.39393905
0 days 00:00:03.700000,0.0,-0.09417600000000001,0.24328800000000003,9.739368,77.08199614890886,77.08199614890886,77.08199614890886,77.08199614890886,-0.0036651914291880917,0.02617993877991494,-0.004886921905584123,76.0,2.39,0.0,2,2,100.0,4,0.03,23.495,-0.005,52.6488271,9.7461,32.980000000000004,31.48,52.6488102,9.746093199999999,0.02076941809873252,-0.016755160819145562,4.245164339625807,-10.56,-21.015,0.05,23.49162,0.038272522,0.39793435
0 days 00:00:03.710000,0.0,-0.592524,0.023544000000000002,9.390132000000001,77.19565682498931,77.19565682498931,77.19565682498931,77.19565682498931,-0.003316125578789226,0.007330382858376183,-0.00471238898038469,76.0,2.39,0.0,1,2,100.0,4,0.03,23.490000000000002,-0.0,52.6488175,9.7460925,32.97,31.48,52.6488083,9.7460917,0.020594885173533087,-0.016755160819145562,4.245164339625807,-10.545,-21.015,0.045,23.486702,0.03809839,0.392859
0 days 00:00:03.720000,0.0,0.25506,0.15696000000000002,9.637344,77.21571459135643,77.21571459135643,77.21571459135643,77.21571459135643,-0.0019198621771937623,0.014835298641951801,-0.00645771823237902,76.0,2.39,0.0,1,2,100.0,4,0.03,23.495,-0.0,52.6488175,9.7460925,32.97,31.48,52.6488064,9.7460901,0.020594885173533087,-0.016929693744344994,4.245164339625807,-10.545,-21.015,0.045,23.491634,0.038184553,0.39704204
0 days 00:00:03.730000,0.0,-0.18835200000000002,0.33746400000000004,9.323424000000001,77.12211168164313,77.12211168164313,77.12211168164313,77.12211168164313,-0.0006981317007977319,0.010297442586766544,-0.004537856055185257,76.0,2.39,0.0,1,2,100.0,4,0.035,23.495,0.005,52.6488175,9.7460925,32.97,31.48,52.6488046,9.746088499999999,0.020594885173533087,-0.01710422666954443,4.245164339625807,-10.545,-21.015,0.045,23.49165,0.043164976,0.39604005
0 days 00:00:03.740000,0.0,-0.03531600000000001,0.062784,9.892404,76.97502139495079,76.97502139495079,76.97502139495079,76.97502139495079,0.0015707963267948967,0.01815142422074103,-0.005061454830783556,76.0,2.39,0.0,1,2,100.0,4,0.035,23.495,0.005,52.6488175,9.7460925,32.97,31.48,52.6488027,9.746087,0.020594885173533087,-0.017278759594743863,4.244989806700609,-10.545,-21.015,0.045,23.491581,0.04324941,0.40013918
0 days 00:00:03.750000,0.0,-0.557208,0.16873200000000002,9.747216000000002,76.95496362858366,76.95496362858366,76.95496362858366,76.95496362858366,0.007330382858376183,0.0015707963267948967,-0.0041887902047863905,76.0,2.39,0.0,1,2,100.0,4,0.035,23.490000000000002,0.005,52.6488175,9.7460925,32.97,31.48,52.6488008,9.7460854,0.020594885173533087,-0.017278759594743863,4.244989806700609,-10.545,-21.015,0.045,23.48658,0.04324763,0.4000528
0 days 00:00:03.760000,0.0,0.13734000000000002,-0.023544000000000002,9.452916,76.89479032948223,76.89479032948223,76.89479032948223,76.89479032948223,0.00942477796076938,0.007155849933176751,-0.004014257279586958,76.0,2.39,0.0,1,2,100.0,4,0.035,23.5,0.005,52.648808599999995,9.7460867,32.53,31.48,52.648798899999996,9.7460839,0.02076941809873252,-0.017453292519943295,4.244989806700609,-10.58,-21.025000000000002,0.09,23.49651,0.043406207,0.40431803
0 days 00:00:03.770000,0.0,-0.223668,0.22759200000000002,9.751140000000001,76.95496362858366,76.95496362858366,76.95496362858366,76.95496362858366,0.010471975511965976,0.009773843811168246,-0.0038397243543875246,76.0,2.39,0.0,1,2,100.0,4,0.035,23.5,0.005,52.648808599999995,9.7460867,32.53,31.48,52.648796999999995,9.746082399999999,0.020943951023931952,-0.017627825445142728,4.244989806700609,-10.58,-21.025000000000002,0.09,23.496435,0.043562658,0.4084105
0 days 00:00:03.780000,0.0,-0.5650560000000001,0.054936000000000006,9.527472000000001,77.08199614890886,77.08199614890886,77.08199614890886,77.08199614890886,0.009773843811168246,-0.008028514559173916,-0.0031415926535897933,76.0,2.39,0.0,1,2,100.0,4,0.035,23.5,0.005,52.648808599999995,9.7460867,32.53,31.48,52.648795199999995,9.7460808,0.020943951023931952,-0.017453292519943295,4.244815273775409,-10.58,-21.025000000000002,0.09,23.49651,0.043476775,0.40431044
0 days 00:00:03.790000,0.0,0.20012400000000002,0.08632800000000002,9.711900000000002,77.14885537013264,77.14885537013264,77.14885537013264,77.14885537013264,0.007330382858376183,-0.0005235987755982988,-0.003490658503988659,76.0,2.39,0.0,1,2,100.0,4,0.035,23.5,0.01,52.648808599999995,9.7460867,32.53,31.48,52.648793299999994,9.746079199999999,0.02111848394913139,-0.017453292519943295,4.244815273775409,-10.58,-21.025000000000002,0.09,23.496597,0.04344177,0.39930475
0 days 00:00:03.800000,0.0,-0.129492,0.090252,9.900252000000002,77.24245827984595,77.24245827984595,77.24245827984595,77.24245827984595,0.0054105206811824215,-0.0019198621771937623,-0.0036651914291880917,76.0,2.39,0.0,1,2,100.0,4,0.035,23.5,0.005,52.648808599999995,9.7460867,32.53,31.48,52.6487914,9.746077699999999,0.02111848394913139,-0.017453292519943295,4.244815273775409,-10.58,-21.025000000000002,0.09,23.49651,0.04354734,0.40430287
0 days 00:00:03.810000,0.0,-0.33746400000000004,0.10987200000000001,9.774684,77.1622272143774,77.1622272143774,77.1622272143774,77.1622272143774,0.0006981317007977319,-0.010995574287564275,-0.0024434609527920616,76.0,2.39,0.0,1,2,100.0,4,0.035,23.5,0.005,52.6487992,9.746078899999999,32.53,31.48,52.6487895,9.7460762,0.02111848394913139,-0.017278759594743863,4.244815273775409,-10.555,-20.995,0.02,23.496578,0.04346074,0.40020284
0 days 00:00:03.820000,0.0,0.074556,0.05886,9.896328000000002,77.06193838254171,77.06193838254171,77.06193838254171,77.06193838254171,-0.0005235987755982988,-0.008028514559173916,-0.0024434609527920616,76.0,2.39,0.0,1,2,100.0,4,0.035,23.5,0.005,52.6487992,9.746078899999999,32.53,31.48,52.6487876,9.7460746,0.02111848394913139,-0.017278759594743863,4.244815273775409,-10.555,-20.995,0.02,23.496578,0.04346074,0.40020284
0 days 00:00:03.830000,0.0,-0.36493200000000003,-0.04316400000000001,10.178856000000001,76.9415917843389,76.9415917843389,76.9415917843389,76.9415917843389,0.0020943951023931952,-0.008552113334772213,-0.0027925268031909274,76.0,2.39,0.0,1,2,100.0,4,0.035,23.5,-0.0,52.6487992,9.746078899999999,32.53,31.48,52.6487857,9.7460731,0.02111848394913139,-0.01710422666954443,4.24464074085021,-10.555,-20.995,0.02,23.496563,0.04347971,0.40110102
0 days 00:00:03.840000,0.0,-0.5729040000000001,0.129492,9.401904,76.95496362858366,76.95496362858366,76.95496362858366,76.95496362858366,0.0,-0.031939525311496235,-0.0013962634015954637,76.0,2.39,0.0,1,2,100.0,4,0.035,23.495,0.005,52.6487992,9.746078899999999,32.53,31.48,52.6487839,9.7460715,0.02111848394913139,-0.016929693744344994,4.24464074085021,-10.555,-20.995,0.02,23.491718,0.043285754,0.39191818
0 days 00:00:03.850000,0.0,0.482652,0.180504,10.053288000000002,76.9415917843389,76.9415917843389,76.9415917843389,76.9415917843389,0.00034906585039886593,-0.0041887902047863905,-0.0015707963267948967,76.0,2.39,0.0,1,2,100.0,4,0.035,23.505,0.005,52.6487992,9.746078899999999,32.53,31.48,52.648782,9.7460699,0.02111848394913139,-0.016755160819145562,4.24464074085021,-10.555,-20.995,0.02,23.501783,0.04320271,0.38798648
0 days 00:00:03.860000,0.0,-0.6160680000000002,0.29430000000000006,9.825696,77.01513692768506,77.01513692768506,77.01513692768506,77.01513692768506,0.002617993877991494,-0.016231562043547268,-0.00034906585039886593,76.0,2.39,0.0,1,2,100.0,4,0.035,23.495,0.01,52.648789799999996,9.7460711,32.52,31.490000000000002,52.648780099999996,9.7460684,0.02111848394913139,-0.016580627893946133,4.24464074085021,-10.55,-20.98,-0.125,23.491938,0.043007024,0.37872165
0 days 00:00:03.870000,0.0,-0.12164400000000002,-0.062784,9.637344,77.19565682498931,77.19565682498931,77.19565682498931,77.19565682498931,0.004537856055185257,-0.02076941809873252,-0.00017453292519943296,76.0,2.39,0.0,1,2,100.0,4,0.035,23.495,0.01,52.648789799999996,9.7460711,32.52,31.48,52.648778199999995,9.746066899999999,0.02111848394913139,-0.0164060949687467,4.24464074085021,-10.55,-20.98,-0.125,23.492002,0.04292044,0.37462246
0 days 00:00:03.880000,0.0,0.17265600000000003,0.125568,10.33974,77.28925973470261,77.28925973470261,77.28925973470261,77.28925973470261,0.00645771823237902,-0.00645771823237902,-0.0012217304763960308,76.0,2.39,0.0,1,2,100.0,4,0.035,23.5,0.005,52.648789799999996,9.7460711,32.52,31.48,52.648776299999994,9.7460653,0.02129301687433082,-0.0164060949687467,4.24464074085021,-10.55,-20.98,-0.125,23.49692,0.043094013,0.37969515
0 days 00:00:03.890000,0.0,-0.6867000000000001,0.20012400000000002,10.312272000000002,77.24245827984595,77.24245827984595,77.24245827984595,77.24245827984595,0.00942477796076938,-0.024434609527920613,-0.0010471975511965976,76.0,2.39,0.0,1,2,100.0,4,0.035,23.495,-0.0,52.648789799999996,9.7460711,32.52,31.48,52.648774499999995,9.746063699999999,0.02129301687433082,-0.016057029118347832,4.24464074085021,-10.55,-20.98,-0.125,23.491972,0.043024115,0.37641302
0 days 00:00:03.900000,0.0,0.231516,-0.15696000000000002,10.12392,77.06193838254171,77.06193838254171,77.06193838254171,77.06193838254171,0.007853981633974483,-0.022514747350726852,-0.0017453292519943296,76.0,2.39,0.0,1,2,100.0,4,0.03,23.5,-0.005,52.648789799999996,9.7460711,32.52,31.48,52.6487726,9.746062199999999,0.021467549799530253,-0.0158824961931484,4.24464074085021,-10.55,-20.98,-0.125,23.496956,0.03811197,0.3774912
0 days 00:00:03.910000,0.0,0.007848,0.17658000000000004,10.119996,76.9415917843389,76.9415917843389,76.9415917843389,76.9415917843389,0.0036651914291880917,-0.010471975511965976,-0.0020943951023931952,76.0,2.39,0.0,1,2,100.0,4,0.03,23.5,-0.005,52.6487805,9.7460632,32.53,31.490000000000002,52.6487707,9.7460607,0.021467549799530253,-0.015707963267948967,4.24464074085021,-10.565,-20.95,-0.025,23.497023,0.038023937,0.37339118
0 days 00:00:03.920000,0.0,-0.918216,0.16480800000000004,9.429372,76.9415917843389,76.9415917843389,76.9415917843389,76.9415917843389,0.006981317007977318,-0.033859387488689996,-0.0013962634015954637,76.0,2.39,0.0,1,2,100.0,4,0.03,23.490000000000002,-0.0,52.6487805,9.7460632,32.53,31.490000000000002,52.6487688,9.7460591,0.021467549799530253,-0.015533430342749533,4.24446620792501,-10.565,-20.95,-0.025,23.487165,0.037825257,0.36413756
0 days 00:00:03.930000,0.0,0.49442400000000003,0.153036,9.594180000000001,76.92153401797175,76.92153401797175,76.92153401797175,76.92153401797175,0.007504915783575617,-0.013788101090755204,-0.0019198621771937623,76.0,2.39,0.0,1,2,100.0,4,0.03,23.495,-0.0,52.6487805,9.7460632,32.53,31.490000000000002,52.6487669,9.7460575,0.021642082724729686,-0.0153588974175501,4.24446620792501,-10.565,-20.95,-0.025,23.49223,0.03780176,0.36010942
0 days 00:00:03.940000,0.00011792765216177902,-0.09417600000000001,0.1962,10.072908000000002,76.99507916131792,76.99507916131792,76.99507916131792,76.99507916131792,0.008552113334772213,0.0013962634015954637,-0.0010471975511965976,76.0,2.39,0.0,1,2,100.0,4,0.03,23.5,-0.0,52.6487805,9.7460632,32.53,31.490000000000002,52.6487651,9.746056,0.021642082724729686,-0.0153588974175501,4.24446620792501,-10.565,-20.95,-0.025,23.497229,0.037803423,0.3601862
0 days 00:00:03.950000,0.00011792765216177902,-0.7730280000000002,0.11379600000000001,9.81,77.18228498074454,77.18228498074454,77.18228498074454,77.18228498074454,0.009250245035569947,-0.021118483949131385,-0.0010471975511965976,76.0,2.39,0.0,1,2,100.0,4,0.03,23.490000000000002,-0.0,52.6487805,9.7460632,32.53,31.490000000000002,52.6487632,9.7460544,0.02181661564992912,-0.015184364492350668,4.24446620792501,-10.565,-20.95,-0.025,23.487291,0.03777351,0.35592765
0 days 00:00:03.960000,0.00011792765216177902,0.533664,0.10987200000000001,10.218096000000001,77.14216944801026,77.14216944801026,77.14216944801026,77.14216944801026,0.005061454830783556,-0.003490658503988659,-0.0024434609527920616,76.0,2.39,0.0,1,2,100.0,4,0.025,23.5,-0.01,52.648770299999995,9.7460525,32.99,31.490000000000002,52.6487613,9.7460528,0.02181661564992912,-0.015009831567151233,4.24446620792501,-10.575000000000001,-20.955000000000002,0.075,23.497202,0.03290667,0.36208495
0 days 00:00:03.970000,0.00011792765216177902,-0.24328800000000003,0.180504,10.626192000000001,77.24245827984595,77.24245827984595,77.24245827984595,77.24245827984595,0.0019198621771937623,0.00017453292519943296,-0.0024434609527920616,76.0,2.39,0.0,1,2,100.0,4,0.025,23.5,-0.015,52.648770299999995,9.7460525,32.99,31.490000000000002,52.648759399999996,9.7460513,0.02181661564992912,-0.015009831567151233,4.24446620792501,-10.575000000000001,-20.955000000000002,0.075,23.497128,0.03301573,0.3670832
0 days 00:00:03.980000,0.00011792765216177902,-0.7337880000000001,0.05886,9.551016,77.08199614890886,77.08199614890886,77.08199614890886,77.08199614890886,-0.0005235987755982988,-0.029321531433504733,-0.0008726646259971648,76.0,2.39,0.0,1,2,100.0,4,0.025,23.490000000000002,-0.015,52.648770299999995,9.7460525,32.99,31.490000000000002,52.648757499999995,9.7460497,0.02181661564992912,-0.014835298641951801,4.24446620792501,-10.575000000000001,-20.955000000000002,0.075,23.487192,0.032923035,0.36283484
0 days 00:00:03.990000,0.00011792765216177902,0.6278400000000001,0.42379200000000006,10.151388,77.01513692768506,77.01513692768506,77.01513692768506,77.01513692768506,0.0010471975511965976,0.006283185307179587,-0.0012217304763960308,76.0,2.39,0.0,1,2,100.0,4,0.025,23.5,-0.015,52.648770299999995,9.7460525,32.99,31.490000000000002,52.648755699999995,9.7460481,0.02181661564992912,-0.014835298641951801,4.24446620792501,-10.575000000000001,-20.955000000000002,0.075,23.49719,0.032926273,0.36298317
0 days 00:00:04,0.00011792765216177902,-0.5140440000000001,-0.14126400000000003,9.590256,76.86136071887034,76.86136071887034,76.86136071887034,76.86136071887034,0.0031415926535897933,-0.0012217304763960308,-0.0015707963267948967,76.0,2.39,0.0,1,2,100.0,4,0.025,23.495,-0.015,52.648770299999995,9.7460525,32.99,31.490000000000002,52.648753799999994,9.7460466,0.02199114857512855,-0.014835298641951801,4.244291674999811,-10.575000000000001,-20.955000000000002,0.075,23.492193,0.032987993,0.36290327
0 days 00:00:04.010000,0.00011792765216177902,-0.302148,0.14126400000000003,9.10368,76.89479032948223,76.89479032948223,76.89479032948223,76.89479032948223,0.0012217304763960308,-0.007155849933176751,-0.0013962634015954637,76.0,2.39,0.0,1,2,100.0,4,0.02,23.495,-0.01,52.6487609,9.746044699999999,32.99,31.5,52.6487519,9.746044999999999,0.02199114857512855,-0.014835298641951801,4.244291674999811,-10.595,-20.98,0.045,23.492268,0.027879268,0.35801497
0 days 00:00:04.020000,0.00011792765216177902,0.4198680000000001,0.28645200000000004,10.112148,76.86136071887034,76.86136071887034,76.86136071887034,76.86136071887034,-0.004537856055185257,0.024085543677521748,-0.002617993877991494,76.0,2.39,0.0,1,2,100.0,4,0.02,23.5,-0.01,52.6487609,9.746044699999999,32.99,31.5,52.64875,9.7460434,0.02199114857512855,-0.015009831567151233,4.244291674999811,-10.595,-20.98,0.045,23.497202,0.027971076,0.36218917
0 days 00:00:04.030000,0.00011792765216177902,-0.8632800000000002,0.07063200000000001,10.135692000000002,77.10873983739837,77.10873983739837,77.10873983739837,77.10873983739837,-0.005235987755982988,0.004014257279586958,-0.0019198621771937623,76.0,2.39,0.0,1,2,100.0,4,0.02,23.495,-0.015,52.6487609,9.746044699999999,32.99,31.5,52.6487481,9.7460419,0.02181661564992912,-0.015009831567151233,4.244291674999811,-10.595,-20.98,0.045,23.492128,0.028015288,0.36711726
0 days 00:00:04.040000,0.00011792765216177902,0.04316400000000001,0.13734000000000002,9.366588000000002,77.24245827984595,77.24245827984595,77.24245827984595,77.24245827984595,-0.006632251157578452,-0.006981317007977318,-0.0010471975511965976,76.0,2.39,0.0,1,2,100.0,4,0.02,23.495,-0.01,52.6487609,9.746044699999999,32.99,31.5,52.6487462,9.746040299999999,0.02181661564992912,-0.015009831567151233,4.244291674999811,-10.595,-20.98,0.045,23.492203,0.027906226,0.36211902
0 days 00:00:04.050000,0.00011792765216177902,0.631764,0.192276,10.410372000000002,77.24245827984595,77.24245827984595,77.24245827984595,77.24245827984595,-0.0005235987755982988,0.02583087292951608,-0.0019198621771937623,76.0,2.39,0.0,1,2,100.0,4,0.02,23.505,-0.015,52.6487609,9.746044699999999,32.99,31.5,52.6487444,9.7460387,0.02181661564992912,-0.0153588974175501,4.244291674999811,-10.595,-20.98,0.045,23.501995,0.028197525,0.37546912
0 days 00:00:04.060000,0.00023585530432355804,-0.8868240000000002,-0.039240000000000004,9.637344,77.08199614890886,77.08199614890886,77.08199614890886,77.08199614890886,0.0024434609527920616,-0.003490658503988659,-0.0015707963267948967,76.0,2.39,0.0,1,2,100.0,4,0.02,23.495,-0.01,52.648751399999995,9.7460369,32.980000000000004,31.51,52.6487425,9.7460372,0.02181661564992912,-0.015184364492350668,4.244291674999811,-10.58,-20.995,-0.055,23.49214,0.027995668,0.3662182
0 days 00:00:04.070000,0.00023585530432355804,0.1962,0.015696,9.621648,76.9415917843389,76.9415917843389,76.9415917843389,76.9415917843389,0.0038397243543875246,0.007330382858376183,-0.003490658503988659,76.0,2.39,0.0,1,2,100.0,4,0.02,23.495,-0.01,52.648751399999995,9.7460369,32.980000000000004,31.51,52.6487406,9.746035599999999,0.02181661564992912,-0.0153588974175501,4.244291674999811,-10.58,-20.995,-0.055,23.492075,0.028085114,0.3703174
0 days 00:00:04.080000,0.0003537829564853371,-0.21582000000000004,0.32569200000000004,9.884556000000002,76.92153401797175,76.92153401797175,76.92153401797175,76.92153401797175,0.006981317007977318,0.01815142422074103,-0.003316125578789226,76.0,2.39,0.0,1,2,100.0,4,0.02,23.495,-0.01,52.648751399999995,9.7460369,32.980000000000004,31.51,52.648738699999996,9.746034,0.02181661564992912,-0.015533430342749533,4.244117142074611,-10.58,-20.995,-0.055,23.492012,0.028174557,0.37441653
0 days 00:00:04.090000,0.0003537829564853371,-0.7180920000000001,0.023544000000000002,9.319500000000001,76.86136071887034,76.86136071887034,76.86136071887034,76.86136071887034,0.015184364492350668,-0.00890117918517108,-0.0024434609527920616,76.0,2.39,0.0,1,2,100.0,4,0.02,23.490000000000002,-0.005,52.648751399999995,9.7460369,32.980000000000004,31.51,52.648736799999995,9.7460325,0.02199114857512855,-0.0153588974175501,4.244117142074611,-10.58,-20.995,-0.055,23.487152,0.028038124,0.3652375
0 days 00:00:04.100000,0.0005896382608088951,0.702396,0.37670400000000004,9.688356,76.99507916131792,76.99507916131792,76.99507916131792,76.99507916131792,0.019896753472735357,0.020245819323134222,-0.0027925268031909274,76.0,2.39,0.0,1,2,100.0,4,0.025,23.5,-0.005,52.648751399999995,9.7460369,32.980000000000004,31.51,52.6487349,9.7460309,0.022165681500327987,-0.015533430342749533,4.244117142074611,-10.58,-20.995,-0.055,23.497087,0.03319494,0.36937535
0 days 00:00:04.110000,0.0007075659129706742,-0.27468000000000004,-0.0981,10.296576000000002,77.10873983739837,77.10873983739837,77.10873983739837,77.10873983739837,0.024085543677521748,0.023387411976724018,-0.003490658503988659,76.0,2.39,0.0,2,2,100.0,4,0.03,23.495,-0.01,52.648742,9.746029,32.99,31.52,52.648733099999994,9.7460293,0.02234021442552742,-0.015707963267948967,4.244117142074611,-10.58,-20.990000000000002,0.055,23.491945,0.038459696,0.37827748
0 days 00:00:04.120000,0.000825493565132453,-0.9731520000000001,0.3413880000000001,9.5157,77.21571459135643,77.21571459135643,77.21571459135643,77.21571459135643,0.027052603405912107,-0.012217304763960306,-0.0022689280275926286,76.0,2.39,0.0,2,2,100.0,4,0.03,23.485,-0.01,52.648742,9.746029,32.99,31.52,52.6487312,9.7460278,0.022689280275926284,-0.015707963267948967,4.244117142074611,-10.58,-20.990000000000002,0.055,23.481947,0.03858817,0.378107
0 days 00:00:04.130000,0.0009434212172942321,0.7808760000000001,0.05886,9.94734,77.24245827984595,77.24245827984595,77.24245827984595,77.24245827984595,0.024434609527920613,0.014137166941154071,-0.0031415926535897933,76.0,2.39,0.0,2,2,100.0,4,0.03,23.495,-0.01,52.648742,9.746029,32.99,31.52,52.6487293,9.7460262,0.022863813201125717,-0.0158824961931484,4.244117142074611,-10.58,-20.990000000000002,0.055,23.491879,0.038751487,0.38235632
0 days 00:00:04.140000,0.0010613488694560112,-0.45518400000000003,0.149112,9.998352000000002,77.08199614890886,77.08199614890886,77.08199614890886,77.08199614890886,0.017976891295541593,0.012042771838760874,-0.002617993877991494,76.0,2.39,0.0,2,2,100.0,4,0.03,23.495,-0.015,52.648742,9.746029,32.99,31.52,52.6487274,9.7460246,0.02303834612632515,-0.0158824961931484,4.2439426091494115,-10.58,-20.990000000000002,0.055,23.491798,0.038933393,0.38734758
0 days 00:00:04.150000,0.0012972041737795694,-0.678852,0.23544,9.264564,76.95496362858366,76.95496362858366,76.95496362858366,76.95496362858366,0.015009831567151233,-0.015707963267948967,-0.0017453292519943296,76.0,2.39,0.0,2,2,100.0,4,0.03,23.490000000000002,-0.005,52.648742,9.746029,32.99,31.52,52.6487255,9.7460231,0.023212879051524585,-0.015707963267948967,4.2439426091494115,-10.58,-20.990000000000002,0.055,23.487022,0.038671926,0.3731672
0 days 00:00:04.160000,0.0012972041737795694,0.6749280000000001,0.20012400000000002,9.884556000000002,76.92153401797175,76.92153401797175,76.92153401797175,76.92153401797175,0.0158824961931484,0.01308996938995747,-0.0017453292519943296,76.0,2.39,0.0,2,2,100.0,4,0.03,23.505,-0.005,52.6487323,9.7460208,33.08,31.52,52.6487237,9.7460215,0.023387411976724018,-0.016057029118347832,4.2439426091494115,-10.605,-20.995,-0.02,23.501888,0.03893441,0.38159752
0 days 00:00:04.170000,0.0014151318259413483,-0.604296,0.33354000000000006,9.821772000000001,76.82793110825845,76.82793110825845,76.82793110825845,76.82793110825845,0.016057029118347832,0.007853981633974483,-0.00017453292519943296,76.0,2.39,0.0,2,2,100.0,4,0.03,23.5,-0.005,52.6487323,9.7460208,33.08,31.52,52.6487218,9.7460199,0.02356194490192345,-0.016057029118347832,4.2439426091494115,-10.605,-20.995,-0.02,23.496891,0.038999118,0.38151044
0 days 00:00:04.180000,0.0015330594781031272,-0.49050000000000005,0.1962,9.500004,76.99507916131792,76.99507916131792,76.99507916131792,76.99507916131792,0.020594885173533087,-0.01117010721276371,0.0010471975511965976,76.0,2.39,0.0,2,2,100.0,4,0.03,23.5,-0.005,52.6487323,9.7460208,33.08,31.52,52.648719899999996,9.746018399999999,0.023736477827122883,-0.016057029118347832,4.2439426091494115,-10.605,-20.995,-0.02,23.496891,0.039065704,0.3815036
0 days 00:00:04.190000,0.0015330594781031272,0.43948800000000005,0.13734000000000002,9.904176000000001,77.12211168164313,77.12211168164313,77.12211168164313,77.12211168164313,0.02530727415391778,0.010821041362364843,0.0015707963267948967,76.0,2.39,0.0,2,2,100.0,4,0.03,23.505,-0.005,52.6487323,9.7460208,33.08,31.52,52.648717999999995,9.7460168,0.02408554367752175,-0.016057029118347832,4.2439426091494115,-10.605,-20.995,-0.02,23.501888,0.03920081,0.38157022
0 days 00:00:04.200000,0.0015330594781031272,-0.349236,0.07848000000000001,9.872784,77.24245827984595,77.24245827984595,77.24245827984595,77.24245827984595,0.03089232776029963,0.002617993877991494,0.0020943951023931952,76.0,2.39,0.0,2,2,100.0,4,0.025,23.5,-0.005,52.6487323,9.7460208,33.08,31.52,52.648716099999994,9.7460152,0.024434609527920616,-0.016057029118347832,4.2439426091494115,-10.605,-20.995,-0.02,23.496891,0.03433353,0.3815984
0 days 00:00:04.210000,0.0015330594781031272,-0.16873200000000002,0.10202400000000002,9.758988,77.24245827984595,77.24245827984595,77.24245827984595,77.24245827984595,0.033335788713091695,-0.00471238898038469,0.0022689280275926286,76.0,2.39,0.0,2,2,100.0,4,0.02,23.5,-0.005,52.648722799999994,9.746013,33.09,31.53,52.6487142,9.746013699999999,0.024783675378319478,-0.016057029118347832,4.244117142074611,-10.63,-20.96,0.005,23.496891,0.029468266,0.38171035
0 days 00:00:04.220000,0.0015330594781031272,0.09417600000000001,0.223668,9.939492000000001,77.14216944801026,77.14216944801026,77.14216944801026,77.14216944801026,0.035255650890285456,0.005759586531581288,0.002617993877991494,76.0,2.39,0.0,2,2,100.0,4,0.02,23.505,-0.005,52.648722799999994,9.746013,33.09,31.53,52.6487124,9.7460121,0.025132741228718343,-0.016057029118347832,4.244117142074611,-10.63,-20.96,0.005,23.501888,0.029603524,0.38178027
0 days 00:00:04.230000,0.0015330594781031272,-0.33746400000000004,0.18835200000000002,10.088604,76.97502139495079,76.97502139495079,76.97502139495079,76.97502139495079,0.03490658503988659,0.004537856055185257,0.003316125578789226,76.0,2.39,0.0,2,2,100.0,4,0.015,23.505,-0.01,52.648722799999994,9.746013,33.09,31.53,52.6487105,9.746010499999999,0.02548180707911721,-0.016231562043547264,4.244117142074611,-10.63,-20.96,0.005,23.501741,0.0249703,0.3909955
0 days 00:00:04.240000,0.0015330594781031272,-0.361008,0.11379600000000001,9.998352000000002,76.92153401797175,76.92153401797175,76.92153401797175,76.92153401797175,0.03612831551628262,-0.006108652381980153,0.003316125578789226,76.0,2.39,0.0,2,2,100.0,4,0.015,23.5,-0.01,52.648722799999994,9.746013,33.09,31.53,52.6487086,9.746008999999999,0.025830872929516076,-0.016057029118347832,4.244117142074611,-10.63,-20.96,0.005,23.49681,0.024998765,0.38680604
0 days 00:00:04.250000,0.0015330594781031272,0.0981,0.13734000000000002,9.715824000000001,76.9415917843389,76.9415917843389,76.9415917843389,76.9415917843389,0.03106686068549907,0.0,0.003316125578789226,76.0,2.39,0.0,2,2,100.0,4,0.015,23.505,-0.01,52.648722799999994,9.746013,33.09,31.53,52.6487067,9.7460074,0.026179938779914945,-0.016057029118347832,4.244117142074611,-10.63,-20.96,0.005,23.501808,0.025135888,0.38687757
0 days 00:00:04.260000,0.0015330594781031272,-0.349236,0.5140440000000001,9.786456000000001,76.95496362858366,76.95496362858366,76.95496362858366,76.95496362858366,0.02722713633111154,-0.0012217304763960308,0.003490658503988659,76.0,2.39,0.0,2,2,100.0,4,0.01,23.5,-0.015,52.6487134,9.7460051,33.09,31.54,52.6487048,9.746005799999999,0.026354471705114377,-0.016057029118347832,4.244117142074611,-10.645,-20.96,0.09,23.49673,0.020334769,0.39192232
0 days 00:00:04.270000,0.0015330594781031272,-0.25506,0.22759200000000002,9.276336,77.08199614890886,77.08199614890886,77.08199614890886,77.08199614890886,0.01937315469713706,-0.00890117918517108,0.005061454830783556,76.0,2.39,0.0,2,2,100.0,4,0.01,23.5,-0.01,52.6487134,9.7460051,33.09,31.54,52.648703,9.7460042,0.02652900463031381,-0.016057029118347832,4.244291674999811,-10.645,-20.96,0.09,23.49681,0.020270562,0.38692117
0 days 00:00:04.280000,0.0015330594781031272,0.1962,0.384552,9.727596,77.12211168164313,77.12211168164313,77.12211168164313,77.12211168164313,0.015533430342749534,0.0054105206811824215,0.005061454830783556,76.0,2.39,0.0,2,2,100.0,4,0.01,23.505,-0.01,52.6487134,9.7460051,33.09,31.54,52.6487011,9.7460027,0.026703537555513242,-0.016057029118347832,4.244291674999811,-10.645,-20.96,0.09,23.501808,0.020340236,0.38699785
0 days 00:00:04.290000,0.0014151318259413483,-0.251136,0.37670400000000004,9.766836000000001,77.1622272143774,77.1622272143774,77.1622272143774,77.1622272143774,0.01308996938995747,0.0012217304763960308,0.005585053606381855,76.0,2.39,0.0,2,2,100.0,4,0.01,23.505,-0.01,52.6487134,9.7460051,33.09,31.54,52.648699199999996,9.746001099999999,0.026878070480712675,-0.016057029118347832,4.244291674999811,-10.645,-20.96,0.09,23.501808,0.02040778,0.38699427
0 days 00:00:04.300000,0.0014151318259413483,-0.133416,0.3924,10.174932000000002,77.18228498074454,77.18228498074454,77.18228498074454,77.18228498074454,0.011868238913561443,0.0015707963267948967,0.005934119456780722,76.0,2.39,0.0,2,2,100.0,4,0.01,23.505,-0.01,52.6487134,9.7460051,33.09,31.54,52.648697299999995,9.7459995,0.027052603405912107,-0.016057029118347832,4.244291674999811,-10.645,-20.96,0.09,23.501808,0.020475322,0.38699073
0 days 00:00:04.310000,0.0012972041737795694,-0.16088400000000003,0.149112,10.045440000000001,77.06193838254171,77.06193838254171,77.06193838254171,77.06193838254171,0.014486232791552938,-0.0038397243543875246,0.006108652381980153,76.0,2.39,0.0,2,2,100.0,4,0.0,23.505,-0.015,52.648704099999996,9.7459972,33.08,31.55,52.6486954,9.745997899999999,0.027227136331111543,-0.016057029118347832,4.24446620792501,-10.64,-20.97,0.005,23.501728,0.010682671,0.3922569
0 days 00:00:04.320000,0.0012972041737795694,-0.10987200000000001,0.21974400000000002,9.770760000000001,76.95496362858366,76.95496362858366,76.95496362858366,76.95496362858366,0.014137166941154071,0.0022689280275926286,0.005759586531581288,76.0,2.39,0.0,2,2,100.0,4,0.0,23.505,-0.015,52.648704099999996,9.7459972,33.08,31.55,52.6486935,9.7459964,0.027401669256310976,-0.016057029118347832,4.24446620792501,-10.64,-20.97,0.005,23.501728,0.010751134,0.39225504
0 days 00:00:04.330000,0.0011792765216177901,-0.4198680000000001,0.317844,9.26064,76.89479032948223,76.89479032948223,76.89479032948223,76.89479032948223,0.015358897417550098,-0.008028514559173916,0.006806784082777885,76.0,2.39,0.0,2,2,100.0,4,-0.005,23.505,-0.01,52.648704099999996,9.7459972,33.08,31.55,52.6486917,9.7459948,0.02757620218151041,-0.016057029118347832,4.24446620792501,-10.64,-20.97,0.005,23.501808,0.0056836503,0.3873935
0 days 00:00:04.340000,0.0011792765216177901,0.192276,0.28252800000000006,9.692280000000002,76.89479032948223,76.89479032948223,76.89479032948223,76.89479032948223,0.014660765716752367,0.01064650843716541,0.0054105206811824215,76.0,2.39,0.0,2,2,100.0,4,-0.005,23.51,-0.005,52.648704099999996,9.7459972,33.08,31.55,52.6486898,9.7459932,0.02775073510670984,-0.016057029118347832,4.24464074085021,-10.64,-20.97,0.005,23.50689,0.005614773,0.38247538
0 days 00:00:04.350000,0.0011792765216177901,-0.3924,0.463032,9.598104000000001,77.01513692768506,77.01513692768506,77.01513692768506,77.01513692768506,0.008377580409572781,0.00471238898038469,0.006108652381980153,76.0,2.39,0.0,2,2,100.0,4,-0.005,23.505,-0.005,52.648704099999996,9.7459972,33.08,31.55,52.6486879,9.7459917,0.02775073510670984,-0.016231562043547264,4.24464074085021,-10.64,-20.97,0.005,23.501822,0.005726359,0.38649535
0 days 00:00:04.360000,0.0011792765216177901,-0.21189600000000003,0.266832,9.837468000000001,77.1622272143774,77.1622272143774,77.1622272143774,77.1622272143774,0.006981317007977318,0.0015707963267948967,0.005235987755982988,76.0,2.39,0.0,2,2,100.0,4,-0.005,23.495,-0.005,52.648694199999994,9.7459885,33.27,31.560000000000002,52.648686,9.7459901,0.02775073510670984,-0.016057029118347832,4.24464074085021,-10.595,-20.95,-0.0,23.491892,0.0056080907,0.38223463
0 days 00:00:04.370000,0.0010613488694560112,0.11379600000000001,0.482652,9.492156000000001,77.18228498074454,77.18228498074454,77.18228498074454,77.18228498074454,0.003316125578789226,0.005585053606381855,0.005061454830783556,76.0,2.39,0.0,2,2,100.0,4,0.0,23.5,-0.0,52.648694199999994,9.7459885,33.27,31.560000000000002,52.6486841,9.7459885,0.027925268031909273,-0.016231562043547264,4.24464074085021,-10.595,-20.95,-0.0,23.496904,0.01065001,0.38127628
0 days 00:00:04.380000,0.0010613488694560112,0.21974400000000002,0.3531600000000001,9.739368,77.1622272143774,77.1622272143774,77.1622272143774,77.1622272143774,0.00034906585039886593,0.01780235837034216,0.0041887902047863905,76.0,2.39,0.0,2,2,100.0,4,0.0,23.505,-0.0,52.648694199999994,9.7459885,33.27,31.560000000000002,52.648682199999996,9.7459869,0.027925268031909273,-0.0164060949687467,4.244815273775409,-10.595,-20.95,-0.0,23.501835,0.010766806,0.3854576
0 days 00:00:04.390000,0.0009434212172942321,-0.6003720000000001,0.41202000000000005,9.598104000000001,76.99507916131792,76.99507916131792,76.99507916131792,76.99507916131792,-0.004014257279586958,0.004363323129985824,0.005235987755982988,76.0,2.39,0.0,2,2,100.0,4,0.0,23.5,-0.0,52.648694199999994,9.7459885,33.27,31.560000000000002,52.648680299999995,9.7459854,0.02775073510670984,-0.0164060949687467,4.244815273775409,-10.595,-20.95,-0.0,23.496838,0.010697255,0.3853775
0 days 00:00:04.400000,0.000825493565132453,-0.03531600000000001,0.20012400000000002,9.637344,76.97502139495079,76.97502139495079,76.97502139495079,76.97502139495079,-0.004014257279586958,0.0031415926535897933,0.0041887902047863905,76.0,2.39,0.0,2,2,100.0,4,-0.005,23.5,-0.0,52.648694199999994,9.7459885,33.27,31.560000000000002,52.648678499999995,9.7459838,0.02775073510670984,-0.0164060949687467,4.244815273775409,-10.595,-20.95,-0.0,23.496838,0.00569918,0.38551623
0 days 00:00:04.410000,0.000825493565132453,-0.184428,0.40809600000000007,9.39798,76.89479032948223,76.89479032948223,76.89479032948223,76.89479032948223,-0.004014257279586958,0.013264502315156903,0.0038397243543875246,76.0,2.39,0.0,2,2,100.0,4,0.005,23.5,0.01,52.6486847,9.7459806,33.27,31.57,52.648676599999995,9.7459822,0.02775073510670984,-0.016580627893946133,4.244815273775409,-10.575000000000001,-21.0,-0.045,23.496937,0.015531687,0.3793434
0 days 00:00:04.420000,0.000825493565132453,-0.39632400000000007,0.28645200000000004,9.303804000000001,76.92153401797175,76.92153401797175,76.92153401797175,76.92153401797175,-0.0027925268031909274,0.004363323129985824,0.002617993877991494,76.0,2.39,0.0,2,2,100.0,4,0.0,23.5,0.015,52.6486847,9.7459806,33.27,31.57,52.6486747,9.7459806,0.02775073510670984,-0.016580627893946133,4.244989806700609,-10.575000000000001,-21.0,-0.045,23.497019,0.010394895,0.37448472
0 days 00:00:04.430000,0.0007075659129706742,0.24328800000000003,0.635688,9.26064,76.95496362858366,76.95496362858366,76.95496362858366,76.95496362858366,-0.009075712110370514,0.016057029118347832,0.003490658503988659,76.0,2.39,0.0,2,2,100.0,4,0.005,23.5,0.02,52.6486847,9.7459806,33.27,31.57,52.6486728,9.7459791,0.02757620218151041,-0.016755160819145562,4.244989806700609,-10.575000000000001,-21.0,-0.045,23.497038,0.015302865,0.3734507
0 days 00:00:04.440000,0.0007075659129706742,-0.04316400000000001,0.368856,9.413676,77.10873983739837,77.10873983739837,77.10873983739837,77.10873983739837,-0.013264502315156903,0.022514747350726852,0.002617993877991494,76.0,2.39,0.0,2,2,100.0,4,0.005,23.505,0.025,52.6486847,9.7459806,33.27,31.57,52.6486709,9.7459775,0.027401669256310976,-0.016929693744344994,4.244989806700609,-10.575000000000001,-21.0,-0.045,23.502054,0.015215392,0.37264
0 days 00:00:04.450000,0.0007075659129706742,-0.31392000000000003,0.38847600000000004,8.982036,77.06193838254171,77.06193838254171,77.06193838254171,77.06193838254171,-0.016929693744344998,0.012391837689159739,0.0027925268031909274,76.0,2.39,0.0,2,2,100.0,4,0.005,23.5,0.03,52.6486847,9.7459806,33.27,31.57,52.648669,9.745975999999999,0.027227136331111543,-0.01710422666954443,4.244989806700609,-10.575000000000001,-21.0,-0.045,23.497076,0.015123597,0.37166017
0 days 00:00:04.460000,0.0005896382608088951,0.33746400000000004,0.6631560000000001,9.456840000000001,77.12211168164313,77.12211168164313,77.12211168164313,77.12211168164313,-0.02426007660272118,0.033859387488689996,0.0022689280275926286,76.0,2.39,0.0,2,2,100.0,4,0.01,23.51,0.035,52.6486753,9.745972799999999,33.27,31.580000000000002,52.6486672,9.7459743,0.027052603405912107,-0.017453292519943295,4.244989806700609,-10.59,-21.01,-0.02,23.50703,0.020148253,0.3749036
0 days 00:00:04.470000,0.0005896382608088951,-0.39632400000000007,0.368856,9.802152000000001,76.92153401797175,76.92153401797175,76.92153401797175,76.92153401797175,-0.034732052114687155,0.03159045946109736,0.0010471975511965976,76.0,2.39,0.0,2,2,100.0,4,0.01,23.51,0.035,52.6486753,9.745972799999999,33.27,31.580000000000002,52.6486653,9.745972799999999,0.026703537555513242,-0.01780235837034216,4.244989806700609,-10.59,-21.01,-0.02,23.506899,0.020236475,0.38311315
0 days 00:00:04.480000,0.0004717106086471161,-0.6670800000000001,0.39632400000000007,9.346968000000002,76.92153401797175,76.92153401797175,76.92153401797175,76.92153401797175,-0.041189770347066175,0.008203047484373348,0.0010471975511965976,76.0,2.39,0.0,2,2,100.0,4,0.01,23.505,0.04,52.6486753,9.745972799999999,33.27,31.580000000000002,52.6486634,9.7459712,0.026354471705114377,-0.01780235837034216,4.244989806700609,-10.59,-21.01,-0.02,23.501987,0.019968659,0.3780337
0 days 00:00:04.490000,0.0003537829564853371,0.40809600000000007,0.51012,9.484308,76.9415917843389,76.9415917843389,76.9415917843389,76.9415917843389,-0.0439822971502571,0.027925268031909273,0.00017453292519943296,76.0,2.39,0.0,2,2,100.0,4,0.015,23.51,0.04,52.6486753,9.745972799999999,33.27,31.580000000000002,52.648661499999996,9.7459697,0.025830872929516076,-0.01815142422074103,4.244989806700609,-10.59,-21.01,-0.02,23.506853,0.024983281,0.38620672
0 days 00:00:04.500000,0.0003537829564853371,-0.5258160000000001,0.3413880000000001,9.743292000000002,77.06193838254171,77.06193838254171,77.06193838254171,77.06193838254171,-0.04136430327226561,0.02757620218151041,-0.0013962634015954637,76.0,2.39,0.0,2,2,100.0,4,0.015,23.505,0.04,52.6486753,9.745972799999999,33.27,31.580000000000002,52.648659599999995,9.745968099999999,0.02548180707911721,-0.018500490071139894,4.244989806700609,-10.59,-21.01,-0.02,23.501717,0.025055176,0.3943256
0 days 00:00:04.510000,0.00023585530432355804,-0.592524,0.36493200000000003,9.354816000000001,77.10873983739837,77.10873983739837,77.10873983739837,77.10873983739837,-0.039269908169872414,0.004886921905584123,-0.0024434609527920616,76.0,2.39,0.0,2,2,100.0,4,0.0,23.505,0.035,52.6486662,9.745965499999999,33.51,31.59,52.6486577,9.7459665,0.025132741228718343,-0.018500490071139894,4.244989806700609,-10.625,-21.025000000000002,0.155,23.501623,0.010047896,0.39970893
0 days 00:00:04.520000,0.00023585530432355804,0.557208,0.11772,9.366588000000002,77.14885537013264,77.14885537013264,77.14885537013264,77.14885537013264,-0.04136430327226561,0.02495820830351891,-0.0036651914291880917,76.0,2.39,0.0,2,2,100.0,4,0.0,23.515,0.04,52.6486662,9.745965499999999,33.51,31.59,52.6486558,9.745964899999999,0.024783675378319478,-0.01884955592153876,4.244989806700609,-10.625,-21.025000000000002,0.155,23.511576,0.009992452,0.40310434
0 days 00:00:04.530000,0.00023585530432355804,-0.22759200000000002,0.5768280000000001,9.358740000000001,77.10873983739837,77.10873983739837,77.10873983739837,77.10873983739837,-0.04642575810304917,0.02583087292951608,-0.004886921905584123,76.0,2.39,0.0,2,2,100.0,4,0.005,23.515,0.045,52.6486662,9.745965499999999,33.51,31.59,52.648654,9.745963399999999,0.024260076602721184,-0.019024088846738195,4.244989806700609,-10.625,-21.025000000000002,0.155,23.5116,0.014758191,0.40209293
0 days 00:00:04.540000,0.00023585530432355804,-0.43948800000000005,0.580752,9.205704,77.14885537013264,77.14885537013264,77.14885537013264,77.14885537013264,-0.047123889803846894,0.009250245035569947,-0.004537856055185257,76.0,2.39,0.0,2,2,100.0,4,0.01,23.51,0.05,52.6486662,9.745965499999999,33.51,31.59,52.6486521,9.7459618,0.023911010752322315,-0.019198621771937627,4.244989806700609,-10.625,-21.025000000000002,0.155,23.506626,0.019592699,0.40098733
0 days 00:00:04.550000,0.00011792765216177902,0.41202000000000005,0.26290800000000003,9.688356,77.08199614890886,77.08199614890886,77.08199614890886,77.08199614890886,-0.04520402762665313,0.027925268031909273,-0.005061454830783556,76.0,2.39,0.0,2,2,100.0,4,0.01,23.515,0.055,52.6486662,9.745965499999999,33.51,31.59,52.6486502,9.745960199999999,0.023387411976724018,-0.01937315469713706,4.244815273775409,-10.625,-21.025000000000002,0.155,23.511654,0.019364038,0.40019813
0 days 00:00:04.560000,0.00011792765216177902,-0.6631560000000001,0.27075600000000005,9.73152,77.08199614890886,77.08199614890886,77.08199614890886,77.08199614890886,-0.04276056667386108,0.014137166941154071,-0.006108652381980153,76.0,2.39,0.0,2,2,100.0,4,0.01,23.515,0.05,52.648657199999995,9.745958,33.44,31.6,52.6486483,9.7459587,0.022863813201125717,-0.019547687622336492,4.244815273775409,-10.565,-21.04,0.025,23.511484,0.019362599,0.40930846
0 days 00:00:04.570000,0.00011792765216177902,-0.52974,0.517968,9.370512000000002,77.12211168164313,77.12211168164313,77.12211168164313,77.12211168164313,-0.04276056667386108,-0.008552113334772213,-0.005759586531581288,76.0,2.39,0.0,2,2,100.0,4,0.015,23.51,0.055,52.648657199999995,9.745958,33.44,31.6,52.6486464,9.7459571,0.022514747350726852,-0.019547687622336492,4.244815273775409,-10.565,-21.04,0.025,23.506584,0.024103712,0.40410715
0 days 00:00:04.580000,0.00011792765216177902,0.368856,0.184428,10.257336000000002,76.97502139495079,76.97502139495079,76.97502139495079,76.97502139495079,-0.04276056667386108,0.01308996938995747,-0.007853981633974483,76.0,2.39,0.0,2,2,100.0,4,0.015,23.515,0.05,52.648657199999995,9.745958,33.44,31.6,52.648644499999996,9.745955499999999,0.022165681500327987,-0.019547687622336492,4.24464074085021,-10.565,-21.04,0.025,23.511484,0.024075614,0.40921107
0 days 00:00:04.590000,0.00011792765216177902,-0.851508,0.21974400000000002,9.821772000000001,77.06193838254171,77.06193838254171,77.06193838254171,77.06193838254171,-0.04415683007545654,-0.013788101090755204,-0.007853981633974483,76.0,2.39,0.0,2,2,100.0,4,0.02,23.51,0.05,52.648657199999995,9.745958,33.44,31.59,52.648642699999996,9.745954,0.021642082724729686,-0.01937315469713706,4.24464074085021,-10.565,-21.04,0.025,23.506557,0.028769277,0.40491596
0 days 00:00:04.600000,0.00011792765216177902,-0.302148,0.49050000000000005,9.213552,77.14216944801026,77.14216944801026,77.14216944801026,77.14216944801026,-0.041713369122664476,-0.030019663134302467,-0.006108652381980153,76.0,2.39,0.0,2,2,100.0,4,0.025,23.505,0.055,52.648657199999995,9.745958,33.44,31.59,52.648640799999995,9.7459524,0.02129301687433082,-0.019198621771937627,4.24446620792501,-10.565,-21.04,0.025,23.501724,0.03343097,0.39562392
0 days 00:00:04.610000,0.00011792765216177902,0.7651800000000001,0.22759200000000002,10.229868,77.34943303380402,77.34943303380402,77.34943303380402,77.34943303380402,-0.032812189937493394,0.006108652381980153,-0.006806784082777885,76.0,2.39,0.0,2,2,100.0,4,0.025,23.53,0.05,52.6486478,9.7459502,33.44,31.6,52.648638899999995,9.7459508,0.020943951023931952,-0.01937315469713706,4.24446620792501,-10.555,-21.05,0.04,23.526554,0.0334936,0.4052186
0 days 00:00:04.620000,0.0,-1.02024,0.090252,10.22202,77.38286264441591,77.38286264441591,77.38286264441591,77.38286264441591,-0.02199114857512855,-0.01361356816555577,-0.00645771823237902,76.0,2.39,0.0,2,2,100.0,4,0.025,23.52,0.045,52.6486478,9.7459502,33.44,31.6,52.648637,9.7459493,0.020594885173533087,-0.019198621771937627,4.24446620792501,-10.555,-21.05,0.04,23.51653,0.03336659,0.40593112
0 days 00:00:04.630000,0.0,-0.380628,0.0981,9.963036,77.29594565682498,77.29594565682498,77.29594565682498,77.29594565682498,-0.009773843811168246,-0.03316125578789226,-0.007679448708775049,76.0,2.39,0.0,2,2,100.0,4,0.025,23.52,0.045,52.6486478,9.7459502,33.44,31.6,52.6486351,9.7459477,0.020594885173533087,-0.01884955592153876,4.244291674999811,-10.555,-21.05,0.04,23.516672,0.03319754,0.397724
0 days 00:00:04.640000,0.0,0.7730280000000002,-0.031392,11.018592,77.24245827984595,77.24245827984595,77.24245827984595,77.24245827984595,-0.0019198621771937623,-0.0010471975511965976,-0.009250245035569947,76.0,2.39,0.0,2,2,100.0,4,0.025,23.53,0.03,52.6486478,9.7459502,33.44,31.6,52.6486332,9.7459461,0.020594885173533087,-0.01884955592153876,4.244291674999811,-10.555,-21.05,0.04,23.526386,0.033510268,0.4129066
0 days 00:00:04.650000,0.0,-1.1968200000000002,-0.36493200000000003,10.426068,77.06193838254171,77.06193838254171,77.06193838254171,77.06193838254171,0.002617993877991494,-0.034033920413889425,-0.00890117918517108,76.0,2.39,0.0,2,2,100.0,4,0.02,23.52,0.025,52.6486478,9.7459502,33.44,31.6,52.6486314,9.7459446,0.020594885173533087,-0.018500490071139894,4.244117142074611,-10.555,-21.05,0.04,23.516438,0.028441349,0.40961215
0 days 00:00:04.660000,0.00011792765216177902,-0.41594400000000004,0.133416,10.014048000000003,76.99507916131792,76.99507916131792,76.99507916131792,76.99507916131792,0.007853981633974483,-0.05131268000863328,-0.007679448708775049,76.0,2.39,0.0,2,2,100.0,4,0.05,23.51,0.03,52.648638399999996,9.7459425,33.42,31.61,52.6486295,9.745942999999999,0.020420352248333655,-0.017976891295541596,4.2439426091494115,-10.465,-20.995,-0.18,23.50674,0.058006436,0.39151603
0 days 00:00:04.670000,0.00011792765216177902,0.6513840000000001,0.24721200000000002,10.940112000000001,77.02850877192982,77.02850877192982,77.02850877192982,77.02850877192982,0.012042771838760874,-0.015533430342749534,-0.007679448708775049,76.0,2.39,0.0,2,2,100.0,4,0.055,23.515,0.02,52.648638399999996,9.7459425,33.42,31.61,52.6486276,9.7459414,0.020594885173533087,-0.01780235837034216,4.2439426091494115,-10.465,-20.995,-0.18,23.511631,0.06319695,0.3973863
0 days 00:00:04.680000,0.00011792765216177902,-1.094796,-0.05886,10.375056,77.24245827984595,77.24245827984595,77.24245827984595,77.24245827984595,0.015358897417550098,-0.04345869837465881,-0.005235987755982988,76.0,2.39,0.0,2,2,100.0,4,0.05,23.51,0.015,52.648638399999996,9.7459425,33.42,31.61,52.6486257,9.7459399,0.02076941809873252,-0.017453292519943295,4.2439426091494115,-10.465,-20.995,-0.18,23.506681,0.05819895,0.39418468
0 days 00:00:04.690000,0.00011792765216177902,-0.031392,-0.14126400000000003,10.014048000000003,77.32937526743689,77.32937526743689,77.32937526743689,77.32937526743689,0.01658062789394613,-0.05026548245743669,-0.004363323129985824,76.0,2.39,0.0,2,2,100.0,4,0.05,23.51,0.01,52.648638399999996,9.7459425,33.42,31.61,52.648623799999996,9.745938299999999,0.02076941809873252,-0.016929693744344994,4.243768076224212,-10.465,-20.995,-0.18,23.506802,0.058047164,0.38687745
0 days 00:00:04.700000,0.00011792765216177902,0.580752,0.145188,10.963656000000002,77.40960633290543,77.40960633290543,77.40960633290543,77.40960633290543,0.015707963267948967,-0.021118483949131385,-0.00471238898038469,76.0,2.39,0.0,2,2,100.0,4,0.05,23.515,-0.0,52.648638399999996,9.7459425,33.42,31.61,52.648621899999995,9.7459367,0.020943951023931952,-0.016755160819145562,4.243768076224212,-10.465,-20.995,-0.18,23.511698,0.05823991,0.39284557
0 days 00:00:04.710000,0.00011792765216177902,-1.110492,0.031392,10.630116000000001,77.18228498074454,77.18228498074454,77.18228498074454,77.18228498074454,0.015707963267948967,-0.0486946861306418,-0.003490658503988659,76.0,2.39,0.0,2,2,100.0,4,0.07,23.495,-0.0,52.6486288,9.7459349,33.4,31.62,52.648620099999995,9.7459352,0.020943951023931952,-0.016057029118347832,4.243768076224212,-10.485,-20.96,-0.16,23.491972,0.07788504,0.375695
0 days 00:00:04.720000,0.00011792765216177902,0.031392,-0.18835200000000002,10.210248,77.02850877192982,77.02850877192982,77.02850877192982,77.02850877192982,0.015707963267948967,-0.05585053606381855,-0.0020943951023931952,76.0,2.39,0.0,2,2,100.0,4,0.065,23.495,-0.005,52.6486288,9.7459349,33.4,31.62,52.648618199999994,9.745933599999999,0.02111848394913139,-0.015533430342749533,4.243768076224212,-10.485,-20.96,-0.16,23.492088,0.07279755,0.3684876
0 days 00:00:04.730000,0.00011792765216177902,0.47480400000000006,-0.062784,10.845936000000002,77.01513692768506,77.01513692768506,77.01513692768506,77.01513692768506,0.020943951023931952,-0.023387411976724018,-0.0017453292519943296,76.0,2.39,0.0,2,2,100.0,4,0.065,23.505,-0.015,52.6486288,9.7459349,33.4,31.62,52.6486163,9.745932,0.02129301687433082,-0.0153588974175501,4.2435935432990135,-10.485,-20.96,-0.16,23.501995,0.07299072,0.37452576
0 days 00:00:04.740000,0.00011792765216177902,-1.0163160000000002,-0.133416,10.441764000000001,76.97502139495079,76.97502139495079,76.97502139495079,76.97502139495079,0.027925268031909273,-0.04729842272904633,0.0017453292519943296,76.0,2.39,0.0,2,2,100.0,4,0.06,23.495,-0.02,52.6486288,9.7459349,33.4,31.62,52.6486144,9.7459305,0.021642082724729686,-0.014835298641951801,4.2435935432990135,-10.485,-20.96,-0.16,23.492119,0.067961305,0.36715567
0 days 00:00:04.750000,0.00011792765216177902,0.129492,0.08240400000000002,10.422144000000001,77.06193838254171,77.06193838254171,77.06193838254171,77.06193838254171,0.033510321638291124,-0.04223696789826277,0.0024434609527920616,76.0,2.39,0.0,2,2,100.0,4,0.06,23.495,-0.025,52.6486288,9.7459349,33.4,31.62,52.6486125,9.7459289,0.02199114857512855,-0.014311699866353503,4.243768076224212,-10.485,-20.96,-0.16,23.492237,0.06792892,0.35983264
0 days 00:00:04.760000,0.00011792765216177902,0.21582000000000004,-0.149112,10.924416000000003,77.19565682498931,77.19565682498931,77.19565682498931,77.19565682498931,0.03298672286269283,-0.011693705988362009,0.0024434609527920616,76.0,2.39,0.0,2,2,100.0,4,0.055,23.5,-0.035,52.648619499999995,9.745927499999999,33.28,31.63,52.6486106,9.7459273,0.02234021442552742,-0.014311699866353503,4.243768076224212,-10.555,-20.93,-0.04,23.497091,0.063280724,0.36998865
0 days 00:00:04.770000,0.00011792765216177902,-1.05948,-0.180504,10.280880000000002,77.24245827984595,77.24245827984595,77.24245827984595,77.24245827984595,0.029321531433504733,-0.040491638646268445,0.0020943951023931952,76.0,2.39,0.0,2,2,100.0,4,0.05,23.490000000000002,-0.04,52.648619499999995,9.745927499999999,33.28,31.63,52.6486088,9.7459258,0.022514747350726852,-0.013788101090755204,4.243768076224212,-10.555,-20.93,-0.04,23.487215,0.058179043,0.36265057
0 days 00:00:04.780000,0.00011792765216177902,0.34531200000000006,-0.011772000000000001,10.127844,77.21571459135643,77.21571459135643,77.21571459135643,77.21571459135643,0.029670597283903602,-0.032637657012293965,0.0019198621771937623,76.0,2.39,0.0,2,2,100.0,4,0.05,23.495,-0.04,52.648619499999995,9.745927499999999,33.28,31.63,52.6486069,9.7459242,0.022863813201125717,-0.013613568165555772,4.243768076224212,-10.555,-20.93,-0.04,23.49228,0.058213465,0.35860008
0 days 00:00:04.790000,0.00011792765216177902,0.46695600000000004,0.16873200000000002,10.583028,77.06193838254171,77.06193838254171,77.06193838254171,77.06193838254171,0.0291469985083053,-0.004363323129985824,0.0022689280275926286,76.0,2.39,0.0,2,2,100.0,4,0.05,23.5,-0.05,52.648619499999995,9.745927499999999,33.28,31.63,52.648604999999996,9.7459227,0.023212879051524585,-0.013439035240356337,4.243768076224212,-10.555,-20.93,-0.04,23.497206,0.058477115,0.3645442
0 days 00:00:04.800000,0.00011792765216177902,-0.7808760000000001,-0.090252,10.269108,76.95496362858366,76.95496362858366,76.95496362858366,76.95496362858366,0.030019663134302467,-0.021467549799530253,0.003490658503988659,76.0,2.39,0.0,2,2,100.0,4,0.045,23.495,-0.055,52.648619499999995,9.745927499999999,33.28,31.63,52.648603099999995,9.7459211,0.02356194490192345,-0.013264502315156905,4.243768076224212,-10.555,-20.93,-0.04,23.492205,0.05362536,0.36547357
0 days 00:00:04.810000,0.00011792765216177902,0.14126400000000003,0.08240400000000002,10.351512000000001,76.97502139495079,76.97502139495079,76.97502139495079,76.97502139495079,0.02775073510670984,-0.006806784082777885,0.0031415926535897933,76.0,2.39,0.0,2,2,100.0,4,0.025,23.495,-0.06,52.6486101,9.745919599999999,33.28,31.64,52.648601199999995,9.7459195,0.023911010752322315,-0.013264502315156905,4.243768076224212,-10.64,-20.915,0.06,23.492138,0.033878177,0.37093112
0 days 00:00:04.820000,0.00011792765216177902,-0.16480800000000004,0.062784,10.630116000000001,76.95496362858366,76.95496362858366,76.95496362858366,76.95496362858366,0.02565634000431664,0.009599310885968814,0.0020943951023931952,76.0,2.39,0.0,2,2,100.0,4,0.025,23.495,-0.065,52.6486101,9.745919599999999,33.28,31.64,52.6485993,9.745918,0.02408554367752175,-0.013264502315156905,4.243768076224212,-10.64,-20.915,0.06,23.492071,0.03406332,0.37592334
0 days 00:00:04.830000,0.00011792765216177902,-0.7298640000000001,-0.023544000000000002,9.500004,76.99507916131792,76.99507916131792,76.99507916131792,76.99507916131792,0.022165681500327987,-0.022863813201125717,0.0027925268031909274,76.0,2.39,0.0,2,2,100.0,4,0.02,23.490000000000002,-0.065,52.6486101,9.745919599999999,33.28,31.64,52.6485975,9.745916399999999,0.024434609527920616,-0.013089969389957472,4.243768076224212,-10.64,-20.915,0.06,23.487137,0.02909426,0.37186924
0 days 00:00:04.840000,0.00011792765216177902,0.7298640000000001,0.290376,9.609876,76.99507916131792,76.99507916131792,76.99507916131792,76.99507916131792,0.016929693744344998,0.006806784082777885,0.003316125578789226,76.0,2.39,0.0,2,2,100.0,4,0.02,23.5,-0.06,52.6486101,9.745919599999999,33.28,31.650000000000002,52.6485956,9.7459148,0.024609142453120045,-0.013089969389957472,4.2439426091494115,-10.64,-20.915,0.06,23.497202,0.02903936,0.36699694
0 days 00:00:04.850000,0.00011792765216177902,-0.10987200000000001,0.306072,10.100376,76.99507916131792,76.99507916131792,76.99507916131792,76.99507916131792,0.015009831567151233,0.020245819323134222,0.0041887902047863905,76.0,2.39,0.0,2,2,100.0,4,0.02,23.5,-0.065,52.6486101,9.745919599999999,33.28,31.650000000000002,52.6485937,9.7459133,0.024783675378319478,-0.013264502315156905,4.2439426091494115,-10.64,-20.915,0.06,23.49707,0.029328937,0.37608963
0 days 00:00:04.860000,0.00011792765216177902,-0.74556,0.223668,9.743292000000002,77.14885537013264,77.14885537013264,77.14885537013264,77.14885537013264,0.008726646259971648,0.0041887902047863905,0.0041887902047863905,76.0,2.39,0.0,2,2,100.0,4,0.0,23.490000000000002,-0.07,52.648600599999995,9.745911699999999,33.29,31.66,52.6485918,9.745911699999999,0.02495820830351891,-0.013439035240356337,4.2439426091494115,-10.68,-20.94,0.17500000000000002,23.486938,0.00962456,0.385547
0 days 00:00:04.870000,0.00011792765216177902,0.223668,0.15696000000000002,9.837468000000001,77.08199614890886,77.08199614890886,77.08199614890886,77.08199614890886,0.005235987755982988,0.01361356816555577,0.003490658503988659,76.0,2.39,0.0,2,2,100.0,4,0.0,23.495,-0.07,52.648600599999995,9.745911699999999,33.29,31.66,52.6485899,9.7459101,0.02495820830351891,-0.013439035240356337,4.2439426091494115,-10.68,-20.94,0.17500000000000002,23.49194,0.009626238,0.3856142
0 days 00:00:04.880000,0.00011792765216177902,0.11379600000000001,0.26290800000000003,9.711900000000002,77.01513692768506,77.01513692768506,77.01513692768506,77.01513692768506,0.0022689280275926286,0.021118483949131385,0.004014257279586958,76.0,2.39,0.0,2,2,100.0,4,0.0,23.5,-0.07,52.648600599999995,9.745911699999999,33.29,31.66,52.6485881,9.7459086,0.025132741228718343,-0.013788101090755204,4.2439426091494115,-10.68,-20.94,0.17500000000000002,23.496801,0.009901346,0.39387903
0 days 00:00:04.890000,0.00011792765216177902,-0.28645200000000004,0.125568,9.503928,76.92153401797175,76.92153401797175,76.92153401797175,76.92153401797175,0.0015707963267948967,0.01658062789394613,0.003490658503988659,76.0,2.39,0.0,2,2,100.0,4,0.0,23.495,-0.065,52.648600599999995,9.745911699999999,33.29,31.66,52.6485862,9.745906999999999,0.025132741228718343,-0.013962634015954637,4.244117142074611,-10.68,-20.94,0.17500000000000002,23.491804,0.00987701,0.392911
0 days 00:00:04.900000,0.00011792765216177902,0.027468000000000003,0.192276,9.060516000000002,76.85467479674796,76.85467479674796,76.85467479674796,76.85467479674796,0.0006981317007977319,0.020420352248333655,0.0022689280275926286,76.0,2.39,0.0,2,2,100.0,4,-0.005,23.5,-0.06,52.648600599999995,9.745911699999999,33.29,31.66,52.648584299999996,9.7459054,0.025132741228718343,-0.014137166941154071,4.244117142074611,-10.68,-20.94,0.17500000000000002,23.496801,0.0048577623,0.39220813
0 days 00:00:04.910000,0.00011792765216177902,-0.10594800000000001,0.3531600000000001,9.311652,76.76107188703466,76.76107188703466,76.76107188703466,76.76107188703466,0.00034906585039886593,0.03630284844148206,0.0008726646259971648,76.0,2.39,0.0,2,2,100.0,4,-0.005,23.5,-0.055,52.6485913,9.7459039,33.29,31.67,52.648582399999995,9.7459039,0.025132741228718343,-0.014486232791552936,4.244117142074611,-10.635,-20.98,0.11,23.496738,0.0049382406,0.39540955
0 days 00:00:04.920000,0.00011792765216177902,-0.7808760000000001,0.43948800000000005,9.072288,76.92153401797175,76.92153401797175,76.92153401797175,76.92153401797175,0.005235987755982988,0.01937315469713706,0.0017453292519943296,76.0,2.39,0.0,2,2,100.0,4,-0.005,23.495,-0.05,52.6485913,9.7459039,33.29,31.67,52.648580499999994,9.7459023,0.025132741228718343,-0.014660765716752368,4.244117142074611,-10.635,-20.98,0.11,23.491743,0.004913818,0.3944381
0 days 00:00:04.930000,0.00023585530432355804,0.384552,0.149112,9.445068000000001,77.10873983739837,77.10873983739837,77.10873983739837,77.10873983739837,0.01291543646475804,0.0317649923862968,0.0015707963267948967,76.0,2.39,0.0,2,2,100.0,4,-0.005,23.5,-0.045,52.6485913,9.7459039,33.29,31.67,52.6485786,9.7459007,0.02530727415391778,-0.015009831567151233,4.244117142074611,-10.635,-20.98,0.11,23.496677,0.0050655524,0.3977119
0 days 00:00:04.940000,0.00023585530432355804,0.40024800000000005,0.21189600000000003,9.704052,77.1622272143774,77.1622272143774,77.1622272143774,77.1622272143774,0.013264502315156903,0.047123889803846894,-0.0005235987755982988,76.0,2.39,0.0,2,2,100.0,4,-0.005,23.505,-0.045,52.6485913,9.7459039,33.29,31.67,52.6485768,9.7458992,0.02548180707911721,-0.0153588974175501,4.244117142074611,-10.635,-20.98,0.11,23.501535,0.005345899,0.40598696
0 days 00:00:04.950000,0.00023585530432355804,-0.7298640000000001,0.39632400000000007,9.617724,77.14885537013264,77.14885537013264,77.14885537013264,77.14885537013264,0.011344640137963142,0.031939525311496235,-0.0008726646259971648,76.0,2.39,0.0,2,2,100.0,4,-0.005,23.5,-0.045,52.6485913,9.7459039,33.29,31.67,52.6485749,9.7458976,0.02548180707911721,-0.015707963267948967,4.244117142074611,-10.635,-20.98,0.11,23.496393,0.0055529163,0.41410935
0 days 00:00:04.960000,0.00023585530432355804,-0.1962,0.384552,9.335196,76.99507916131792,76.99507916131792,76.99507916131792,76.99507916131792,0.007679448708775049,0.02199114857512855,-0.0015707963267948967,76.0,2.39,0.0,2,2,100.0,4,0.005,23.495,-0.04,52.648581799999995,9.7458957,33.37,31.68,52.648573,9.745896,0.02548180707911721,-0.0158824961931484,4.244117142074611,-10.615,-20.995,0.09,23.491402,0.015524754,0.412877
0 days 00:00:04.970000,0.00023585530432355804,0.16480800000000004,0.16088400000000003,9.637344,76.92153401797175,76.92153401797175,76.92153401797175,76.92153401797175,0.004537856055185257,0.039095375244672985,-0.002967059728390361,76.0,2.39,0.0,2,2,100.0,4,0.0,23.5,-0.04,52.648581799999995,9.7458957,33.37,31.68,52.6485711,9.7458944,0.025656340004316644,-0.0164060949687467,4.244117142074611,-10.615,-20.995,0.09,23.496181,0.010916103,0.42538053
0 days 00:00:04.980000,0.00023585530432355804,-0.851508,0.361008,8.695584000000002,76.86136071887034,76.86136071887034,76.86136071887034,76.86136071887034,0.006632251157578452,0.00942477796076938,-0.0015707963267948967,76.0,2.39,0.0,2,2,100.0,4,0.005,23.490000000000002,-0.03,52.648581799999995,9.7458957,33.37,31.68,52.6485692,9.7458929,0.025656340004316644,-0.0164060949687467,4.244117142074611,-10.615,-20.995,0.09,23.486345,0.015653748,0.4150929
0 days 00:00:04.990000,0.00023585530432355804,0.635688,0.482652,8.464068000000001,76.82793110825845,76.82793110825845,76.82793110825845,76.82793110825845,0.006806784082777885,0.02722713633111154,-0.0017453292519943296,76.0,2.39,0.0,2,2,100.0,4,0.005,23.5,-0.015,52.648581799999995,9.7458957,33.37,31.68,52.6485674,9.7458913,0.025656340004316644,-0.016755160819145562,4.244117142074611,-10.615,-20.995,0.09,23.49645,0.01548361,0.40846294
0 days 00:00:05,0.00023585530432355804,0.18835200000000002,0.27468000000000004,9.319500000000001,76.9415917843389,76.9415917843389,76.9415917843389,76.9415917843389,0.010122909661567111,0.05480333851262195,-0.002617993877991494,76.0,2.39,0.0,2,2,100.0,4,0.01,23.505,-0.01,52.648581799999995,9.7458957,33.37,31.68,52.6485655,9.7458897,0.025830872929516076,-0.017278759594743863,4.2439426091494115,-10.615,-20.995,0.09,23.501318,0.020744095,0.41571838
0 days 00:00:05.010000,0.00023585530432355804,-1.2988440000000003,0.16088400000000003,9.040896000000002,77.14885537013264,77.14885537013264,77.14885537013264,77.14885537013264,0.015358897417550098,0.016057029118347832,-0.0022689280275926286,76.0,2.39,0.0,2,2,100.0,4,0.01,23.490000000000002,-0.01,52.6485724,9.7458878,33.37,31.69,52.648563599999996,9.7458882,0.02600540585471551,-0.017453292519943295,4.2439426091494115,-10.635,-21.015,0.085,23.486246,0.0209165,0.4195535
0 days 00:00:05.020000,0.00023585530432355804,0.33354000000000006,0.145188,9.417600000000002,77.21571459135643,77.21571459135643,77.21571459135643,77.21571459135643,0.020943951023931952,0.022863813201125717,-0.002967059728390361,76.0,2.39,0.0,2,2,100.0,4,0.01,23.495,-0.005,52.6485724,9.7458878,33.37,31.69,52.648561699999995,9.7458866,0.026179938779914945,-0.017627825445142728,4.2439426091494115,-10.635,-21.015,0.085,23.491262,0.020968473,0.41873816
0 days 00:00:05.030000,0.00023585530432355804,-0.062784,0.380628,9.841392,77.24245827984595,77.24245827984595,77.24245827984595,77.24245827984595,0.024609142453120045,0.03159045946109736,-0.002967059728390361,76.0,2.39,0.0,2,2,100.0,4,0.01,23.495,-0.005,52.6485724,9.7458878,33.37,31.69,52.6485598,9.745885,0.026354471705114377,-0.017976891295541596,4.2439426091494115,-10.635,-21.015,0.085,23.491116,0.021257635,0.42693162
0 days 00:00:05.040000,0.00023585530432355804,-0.631764,0.023544000000000002,9.150768000000001,77.06193838254171,77.06193838254171,77.06193838254171,77.06193838254171,0.030019663134302467,-0.005061454830783556,-0.0027925268031909274,76.0,2.39,0.0,2,2,100.0,4,0.01,23.490000000000002,-0.0,52.6485724,9.7458878,33.37,31.69,52.6485579,9.7458835,0.026703537555513242,-0.017976891295541596,4.2439426091494115,-10.635,-21.015,0.085,23.486204,0.021270782,0.4218369
0 days 00:00:05.050000,0.00023585530432355804,0.635688,0.08240400000000002,9.633420000000001,76.99507916131792,76.99507916131792,76.99507916131792,76.99507916131792,0.031241393610698498,0.022514747350726852,-0.0038397243543875246,76.0,2.39,0.0,2,2,100.0,4,0.005,23.5,0.005,52.6485724,9.7458878,33.37,31.69,52.6485561,9.745881899999999,0.027052603405912107,-0.01815142422074103,4.2439426091494115,-10.635,-21.015,0.085,23.49622,0.016400423,0.42124638
0 days 00:00:05.060000,0.00023585530432355804,-0.5768280000000001,0.23936400000000002,9.656964,76.89479032948223,76.89479032948223,76.89479032948223,76.89479032948223,0.023561944901923447,0.01884955592153876,-0.004537856055185257,76.0,2.39,0.0,2,2,100.0,4,0.01,23.505,-0.0,52.648562999999996,9.7458799,33.37,31.7,52.6485542,9.7458803,0.027227136331111543,-0.01832595714594046,4.243768076224212,-10.645,-21.015,0.065,23.501053,0.02172232,0.4302956
0 days 00:00:05.070000,0.00023585530432355804,-1.024164,0.21582000000000004,9.158616000000002,77.02850877192982,77.02850877192982,77.02850877192982,77.02850877192982,0.01937315469713706,-0.012740903539558606,-0.0036651914291880917,76.0,2.39,0.0,2,2,100.0,4,0.01,23.495,0.005,52.648562999999996,9.7458799,33.37,31.7,52.6485523,9.745878699999999,0.027401669256310976,-0.01832595714594046,4.243768076224212,-10.645,-21.015,0.065,23.491148,0.021655433,0.42511138
0 days 00:00:05.080000,0.00023585530432355804,0.5729040000000001,0.43556400000000006,9.633420000000001,76.99507916131792,76.99507916131792,76.99507916131792,76.99507916131792,0.019198621771937627,0.006981317007977318,-0.0041887902047863905,76.0,2.39,0.0,2,2,100.0,4,0.01,23.5,0.01,52.648562999999996,9.7458799,33.37,31.7,52.6485504,9.745877199999999,0.02757620218151041,-0.01832595714594046,4.243768076224212,-10.645,-21.015,0.065,23.496237,0.021594314,0.42020187
0 days 00:00:05.090000,0.00023585530432355804,-0.129492,0.15696000000000002,9.755064,77.1622272143774,77.1622272143774,77.1622272143774,77.1622272143774,0.017104226669544427,0.010471975511965976,-0.0036651914291880917,76.0,2.39,0.0,2,2,100.0,4,0.01,23.5,0.01,52.648562999999996,9.7458799,33.37,31.7,52.6485485,9.7458756,0.02775073510670984,-0.018500490071139894,4.243768076224212,-10.645,-21.015,0.065,23.496164,0.021781439,0.4242974
0 days 00:00:05.100000,0.00023585530432355804,-0.6199920000000001,0.03531600000000001,9.080136000000001,77.24245827984595,77.24245827984595,77.24245827984595,77.24245827984595,0.01361356816555577,-0.017104226669544427,-0.0031415926535897933,76.0,2.39,0.0,2,2,100.0,4,0.01,23.5,0.015,52.648562999999996,9.7458799,33.37,31.7,52.6485467,9.745873999999999,0.027925268031909273,-0.01832595714594046,4.2435935432990135,-10.645,-21.015,0.065,23.496328,0.021601407,0.4151971
0 days 00:00:05.110000,0.00023585530432355804,0.357084,0.37278,9.931644,77.10873983739837,77.10873983739837,77.10873983739837,77.10873983739837,0.011344640137963142,-0.0015707963267948967,-0.004363323129985824,76.0,2.39,0.0,2,2,100.0,4,0.0,23.52,0.015,52.6485537,9.7458719,33.38,31.71,52.648544799999996,9.745872499999999,0.028099800957108706,-0.018500490071139894,4.2435935432990135,-10.68,-21.0,0.02,23.516253,0.011803434,0.4199434
0 days 00:00:05.120000,0.00023585530432355804,-0.60822,0.42771600000000004,10.061136000000001,77.21571459135643,77.21571459135643,77.21571459135643,77.21571459135643,0.009599310885968814,-0.010471975511965976,-0.0024434609527920616,76.0,2.39,0.0,2,2,100.0,4,0.0,23.515,0.01,52.6485537,9.7458719,33.38,31.71,52.648542899999995,9.7458709,0.028274333882308142,-0.01832595714594046,4.2435935432990135,-10.68,-21.0,0.02,23.511234,0.011899432,0.42074418
0 days 00:00:05.130000,0.00023585530432355804,-0.23544,-0.192276,9.696204000000002,77.06193838254171,77.06193838254171,77.06193838254171,77.06193838254171,0.005934119456780722,-0.024434609527920613,-0.0038397243543875246,76.0,2.39,0.0,2,2,100.0,4,0.0,23.515,0.015,52.6485537,9.7458719,33.38,31.71,52.648540999999994,9.745869299999999,0.028274333882308142,-0.01815142422074103,4.2435935432990135,-10.68,-21.0,0.02,23.511398,0.011642096,0.41164517
0 days 00:00:05.140000,0.00023585530432355804,0.074556,0.3531600000000001,9.727596,76.99507916131792,76.99507916131792,76.99507916131792,76.99507916131792,0.0024434609527920616,-0.0158824961931484,-0.004363323129985824,76.0,2.39,0.0,2,2,100.0,4,0.0,23.515,0.015,52.6485537,9.7458719,33.38,31.71,52.6485391,9.7458677,0.028274333882308142,-0.017976891295541596,4.243419010373813,-10.68,-21.0,0.02,23.511469,0.011526086,0.4075433
0 days 00:00:05.150000,0.00023585530432355804,-0.47872800000000004,0.40024800000000005,9.193932,76.89479032948223,76.89479032948223,76.89479032948223,76.89479032948223,-0.0013962634015954637,-0.023561944901923447,-0.0036651914291880917,76.0,2.39,0.0,2,2,100.0,4,0.005,23.515,0.02,52.6485537,9.7458719,33.38,31.71,52.6485372,9.7458662,0.028274333882308142,-0.017627825445142728,4.243419010373813,-10.68,-21.0,0.02,23.511698,0.016150739,0.39420092
0 days 00:00:05.160000,0.00023585530432355804,0.145188,0.33746400000000004,9.252792000000001,76.92153401797175,76.92153401797175,76.92153401797175,76.92153401797175,-0.008028514559173916,-0.012042771838760874,-0.003490658503988659,76.0,2.39,0.0,2,2,100.0,4,0.005,23.515,0.03,52.6485444,9.7458638,33.43,31.71,52.6485354,9.745864599999999,0.028274333882308142,-0.017627825445142728,4.243419010373813,-10.61,-20.965,-0.075,23.511873,0.015868077,0.38420647
0 days 00:00:05.170000,0.00011792765216177902,-0.015696,0.17265600000000003,10.225944,77.14885537013264,77.14885537013264,77.14885537013264,77.14885537013264,-0.012740903539558606,0.0022689280275926286,-0.004014257279586958,76.0,2.39,0.0,2,2,100.0,4,0.005,23.52,0.025,52.6485444,9.7458638,33.43,31.71,52.6485335,9.745863,0.028099800957108706,-0.017627825445142728,4.243419010373813,-10.61,-20.965,-0.075,23.516787,0.015943956,0.38929462
0 days 00:00:05.180000,0.00023585530432355804,-0.761256,0.1962,9.723672,77.19565682498931,77.19565682498931,77.19565682498931,77.19565682498931,-0.015009831567151233,-0.02426007660272118,-0.0038397243543875246,76.0,2.39,0.0,2,2,100.0,4,0.005,23.515,0.025,52.6485444,9.7458638,33.43,31.71,52.6485316,9.745861399999999,0.027925268031909273,-0.017453292519943295,4.243244477448615,-10.61,-20.965,-0.075,23.511854,0.015758969,0.38510728
0 days 00:00:05.190000,0.00023585530432355804,0.3296160000000001,0.47872800000000004,9.707976,77.31600342319211,77.31600342319211,77.31600342319211,77.31600342319211,-0.021642082724729686,-0.008726646259971648,-0.004363323129985824,76.0,2.39,0.0,2,2,100.0,4,0.01,23.52,0.025,52.6485444,9.7458638,33.43,31.71,52.6485297,9.7458599,0.02775073510670984,-0.017278759594743863,4.243244477448615,-10.61,-20.965,-0.075,23.516922,0.020578362,0.38095558
0 days 00:00:05.200000,0.00023585530432355804,-0.007848,0.24721200000000002,9.955188000000001,77.02850877192982,77.02850877192982,77.02850877192982,77.02850877192982,-0.022863813201125717,-0.0031415926535897933,-0.004886921905584123,76.0,2.39,0.0,2,2,100.0,4,0.01,23.52,0.025,52.6485444,9.7458638,33.43,31.71,52.6485278,9.7458583,0.02757620218151041,-0.017278759594743863,4.243244477448615,-10.61,-20.965,-0.075,23.516922,0.020511875,0.38095915
0 days 00:00:05.210000,0.00023585530432355804,-0.42379200000000006,0.459108,9.547092000000001,76.95496362858366,76.95496362858366,76.95496362858366,76.95496362858366,-0.0291469985083053,-0.00890117918517108,-0.004363323129985824,76.0,2.39,0.0,2,2,100.0,4,0.015,23.505,0.03,52.648534999999995,9.745856,33.43,31.720000000000002,52.648526,9.7458567,0.027227136331111543,-0.01710422666954443,4.243069944523414,-10.575000000000001,-20.94,-0.045,23.502073,0.025122218,0.37147337
0 days 00:00:05.220000,0.00023585530432355804,0.011772000000000001,0.223668,10.159236000000002,76.86136071887034,76.86136071887034,76.86136071887034,76.86136071887034,-0.031241393610698498,0.0054105206811824215,-0.00471238898038469,76.0,2.39,0.0,2,2,100.0,4,0.015,23.51,0.025,52.648534999999995,9.745856,33.43,31.720000000000002,52.648524099999996,9.7458551,0.026878070480712675,-0.01710422666954443,4.243069944523414,-10.575000000000001,-20.94,-0.045,23.506989,0.0251292,0.37656507
0 days 00:00:05.230000,0.00023585530432355804,-0.5846760000000001,0.251136,9.770760000000001,76.99507916131792,76.99507916131792,76.99507916131792,76.99507916131792,-0.034732052114687155,-0.003490658503988659,-0.0041887902047863905,76.0,2.39,0.0,2,2,100.0,4,0.02,23.505,0.025,52.648534999999995,9.745856,33.43,31.720000000000002,52.648522199999995,9.7458536,0.02652900463031381,-0.01710422666954443,4.243069944523414,-10.575000000000001,-20.94,-0.045,23.501987,0.029993726,0.3763557
0 days 00:00:05.240000,0.00023585530432355804,-0.039240000000000004,0.27075600000000005,9.857088000000003,77.06193838254171,77.06193838254171,77.06193838254171,77.06193838254171,-0.03508111796508603,-0.0022689280275926286,-0.005061454830783556,76.0,2.39,0.0,2,2,100.0,4,0.02,23.505,0.025,52.648534999999995,9.745856,33.43,31.720000000000002,52.648520299999994,9.745852,0.026179938779914945,-0.01710422666954443,4.243069944523414,-10.575000000000001,-20.94,-0.045,23.501987,0.02986235,0.37636617
0 days 00:00:05.250000,0.00023585530432355804,0.298224,0.27075600000000005,10.445688,77.14216944801026,77.14216944801026,77.14216944801026,77.14216944801026,-0.034208453339088854,0.014660765716752367,-0.005235987755982988,76.0,2.39,0.0,2,2,100.0,4,0.02,23.51,0.02,52.648534999999995,9.745856,33.43,31.720000000000002,52.6485184,9.7458504,0.025830872929516076,-0.017278759594743863,4.242895411598215,-10.575000000000001,-20.94,-0.045,23.506836,0.029968265,0.38556093
0 days 00:00:05.260000,0.00023585530432355804,-0.592524,0.33354000000000006,9.519624,77.31600342319211,77.31600342319211,77.31600342319211,77.31600342319211,-0.03630284844148206,-0.0013962634015954637,-0.0041887902047863905,76.0,2.39,0.0,2,2,100.0,4,0.03,23.495,0.025,52.6485256,9.7458482,33.42,31.73,52.6485166,9.7458489,0.02548180707911721,-0.01710422666954443,4.242895411598215,-10.545,-20.96,-0.1,23.491991,0.039591987,0.37596115
0 days 00:00:05.270000,0.00023585530432355804,0.129492,0.133416,9.684432000000001,77.19565682498931,77.19565682498931,77.19565682498931,77.19565682498931,-0.034732052114687155,0.00471238898038469,-0.00645771823237902,76.0,2.39,0.14999999999999855,2,2,100.0,4,0.03,23.495,0.03,52.6485256,9.7458482,33.42,31.73,52.6485147,9.7458473,0.025132741228718343,-0.01710422666954443,4.242895411598215,-10.545,-20.96,-0.1,23.492077,0.039335117,0.37097725
0 days 00:00:05.280000,0.00023585530432355804,-0.13734000000000002,0.27468000000000004,9.413676,77.12211168164313,77.12211168164313,77.12211168164313,77.12211168164313,-0.03089232776029963,0.006108652381980153,-0.005759586531581288,76.0,2.39,0.29999999999999716,2,2,100.0,4,0.03,23.495,0.03,52.6485256,9.7458482,33.42,31.73,52.6485128,9.7458457,0.024783675378319478,-0.01710422666954443,4.2427208786730155,-10.545,-20.96,-0.1,23.492077,0.03920562,0.37099096
0 days 00:00:05.290000,0.00023585530432355804,0.031392,0.27468000000000004,9.707976,76.97502139495079,76.97502139495079,76.97502139495079,76.97502139495079,-0.03159045946109736,0.013788101090755204,-0.0054105206811824215,76.0,2.39,0.29999999999999716,2,2,100.0,4,0.035,23.5,0.035,52.6485256,9.7458482,33.42,31.73,52.6485109,9.745844199999999,0.024434609527920616,-0.017278759594743863,4.2427208786730155,-10.545,-20.96,-0.1,23.497097,0.044054765,0.37006998
0 days 00:00:05.300000,0.00023585530432355804,-0.38847600000000004,0.125568,10.119996,76.99507916131792,76.99507916131792,76.99507916131792,76.99507916131792,-0.0291469985083053,0.01117010721276371,-0.005934119456780722,76.0,2.39,0.29999999999999716,2,2,100.0,4,0.035,23.495,0.03,52.6485256,9.7458482,33.42,31.73,52.648509,9.7458426,0.02408554367752175,-0.017453292519943295,4.2427208786730155,-10.545,-20.96,-0.1,23.491947,0.04414265,0.3790957
0 days 00:00:05.310000,0.00023585530432355804,-0.41594400000000004,0.09417600000000001,9.668736,76.9415917843389,76.9415917843389,76.9415917843389,76.9415917843389,-0.027925268031909273,-0.007504915783575617,-0.006806784082777885,76.0,2.39,0.29999999999999716,2,2,100.0,4,0.035,23.495,0.025,52.648516099999995,9.7458402,33.44,31.740000000000002,52.6485072,9.745841,0.023911010752322315,-0.017278759594743863,4.242546345747817,-10.585,-20.985,0.06,23.491926,0.044097975,0.38000223
0 days 00:00:05.320000,0.00023585530432355804,0.21189600000000003,0.46695600000000004,9.817848000000001,77.06193838254171,77.06193838254171,77.06193838254171,77.06193838254171,-0.02617993877991494,0.006981317007977318,-0.00645771823237902,76.0,2.39,0.29999999999999716,2,2,100.0,4,0.035,23.5,0.025,52.648516099999995,9.7458402,33.44,31.740000000000002,52.6485053,9.7458394,0.02356194490192345,-0.017453292519943295,4.242546345747817,-10.585,-20.985,0.06,23.496859,0.04406398,0.38420382
0 days 00:00:05.330000,0.00023585530432355804,-0.41202000000000005,0.023544000000000002,9.876708000000002,77.10873983739837,77.10873983739837,77.10873983739837,77.10873983739837,-0.023387411976724018,0.004014257279586958,-0.005235987755982988,76.0,2.39,0.1499999999999986,2,2,100.0,4,0.035,23.495,0.025,52.648516099999995,9.7458402,33.44,31.740000000000002,52.648503399999996,9.7458379,0.023387411976724018,-0.017453292519943295,4.242546345747817,-10.585,-20.985,0.06,23.49186,0.043994885,0.3841243
0 days 00:00:05.340000,0.0003537829564853371,-0.41202000000000005,0.30999600000000005,9.900252000000002,77.19565682498931,77.19565682498931,77.19565682498931,77.19565682498931,-0.020594885173533087,-0.006632251157578452,-0.005061454830783556,76.0,2.39,0.0,2,2,100.0,4,0.04,23.495,0.025,52.648516099999995,9.7458402,33.44,31.740000000000002,52.648501499999995,9.745836299999999,0.023212879051524585,-0.017453292519943295,4.242371812822617,-10.585,-20.985,0.06,23.49186,0.048926495,0.38401595
0 days 00:00:05.350000,0.0003537829564853371,0.21974400000000002,0.039240000000000004,10.437840000000001,77.28925973470261,77.28925973470261,77.28925973470261,77.28925973470261,-0.016057029118347832,0.004537856055185257,-0.005061454830783556,76.0,2.39,0.0,2,2,100.0,4,0.035,23.495,0.02,52.648516099999995,9.7458402,33.44,31.740000000000002,52.6484996,9.7458347,0.02303834612632515,-0.017453292519943295,4.242371812822617,-10.585,-20.985,0.06,23.491772,0.043975964,0.3891376
0 days 00:00:05.360000,0.0003537829564853371,-0.32569200000000004,0.10202400000000002,10.320120000000001,77.1622272143774,77.1622272143774,77.1622272143774,77.1622272143774,-0.012391837689159739,0.00017453292519943296,-0.005235987755982988,76.0,2.39,0.0,2,2,100.0,4,0.045,23.495,0.015,52.6485066,9.745832199999999,33.47,31.75,52.648497799999994,9.745833099999999,0.022863813201125717,-0.017453292519943295,4.242371812822617,-10.57,-20.990000000000002,-0.075,23.491684,0.054019723,0.39391455
0 days 00:00:05.370000,0.0003537829564853371,-0.3296160000000001,0.019620000000000002,9.794304,77.21571459135643,77.21571459135643,77.21571459135643,77.21571459135643,-0.004363323129985824,-0.009075712110370514,-0.005235987755982988,76.0,2.39,0.0,2,2,100.0,4,0.045,23.495,0.015,52.6485066,9.745832199999999,33.47,31.75,52.6484959,9.745831599999999,0.022863813201125717,-0.017278759594743863,4.242197279897417,-10.57,-20.990000000000002,-0.075,23.491755,0.05392599,0.38981554
0 days 00:00:05.380000,0.0003537829564853371,0.23544,-0.08240400000000002,10.24164,76.97502139495079,76.97502139495079,76.97502139495079,76.97502139495079,0.005235987755982988,0.005759586531581288,-0.0054105206811824215,76.0,2.39,0.0,2,2,100.0,4,0.04,23.5,0.01,52.6485066,9.745832199999999,33.47,31.75,52.648494,9.74583,0.022863813201125717,-0.017453292519943295,4.242197279897417,-10.57,-20.990000000000002,-0.075,23.496597,0.049137313,0.39911398
0 days 00:00:05.390000,0.0003537829564853371,-0.5493600000000001,0.145188,9.943416000000001,76.99507916131792,76.99507916131792,76.99507916131792,76.99507916131792,0.009599310885968814,-0.005235987755982988,-0.0041887902047863905,76.0,2.39,0.14999999999999855,2,2,100.0,4,0.04,23.495,0.01,52.6485066,9.745832199999999,33.47,31.75,52.6484921,9.745828399999999,0.022863813201125717,-0.017278759594743863,4.242197279897417,-10.57,-20.990000000000002,-0.075,23.491669,0.049041584,0.39492777
0 days 00:00:05.400000,0.0003537829564853371,-0.10987200000000001,0.007848,9.876708000000002,76.89479032948223,76.89479032948223,76.89479032948223,76.89479032948223,0.00471238898038469,-0.008552113334772213,-0.0041887902047863905,76.0,2.39,0.29999999999999716,2,2,100.0,4,0.04,23.495,0.01,52.6485066,9.745832199999999,33.47,31.75,52.6484902,9.745826899999999,0.02303834612632515,-0.017278759594743863,4.242197279897417,-10.57,-20.990000000000002,-0.075,23.491669,0.049110513,0.39491922
0 days 00:00:05.410000,0.0003537829564853371,0.047088000000000005,0.16480800000000004,10.461384,77.08199614890886,77.08199614890886,77.08199614890886,77.08199614890886,0.0024434609527920616,0.0015707963267948967,-0.0038397243543875246,76.0,2.39,1.0499999999999972,2,2,100.0,4,0.05,23.5,0.01,52.648497199999994,9.7458244,33.47,31.76,52.6484883,9.7458253,0.022863813201125717,-0.017278759594743863,4.242022746972218,-10.58,-20.990000000000002,-0.095,23.496666,0.05904095,0.3947855
0 days 00:00:05.420000,0.0003537829564853371,-0.9064440000000001,0.20797200000000002,9.704052,77.27588789045785,77.27588789045785,77.27588789045785,77.27588789045785,0.005934119456780722,-0.021642082724729686,-0.0013962634015954637,76.0,2.39,1.7999999999999972,1,2,100.0,4,0.05,23.495,0.01,52.648497199999994,9.7458244,33.47,31.76,52.6484865,9.745823699999999,0.02303834612632515,-0.01710422666954443,4.242022746972218,-10.58,-20.990000000000002,-0.095,23.491735,0.059013408,0.39058986
0 days 00:00:05.430000,0.0003537829564853371,0.33746400000000004,-0.05101200000000001,9.598104000000001,77.38286264441591,77.38286264441591,77.38286264441591,77.38286264441591,0.00942477796076938,-0.014835298641951801,-0.0013962634015954637,76.0,2.39,2.099999999999998,1,2,100.0,4,0.05,23.5,0.01,52.648497199999994,9.7458244,33.47,31.76,52.648484599999996,9.7458221,0.02303834612632515,-0.016929693744344994,4.242022746972218,-10.58,-20.990000000000002,-0.095,23.496803,0.05892091,0.3865755
0 days 00:00:05.440000,0.0003537829564853371,0.4198680000000001,-0.019620000000000002,10.449612000000002,77.24245827984595,77.24245827984595,77.24245827984595,77.24245827984595,0.01117010721276371,0.006108652381980153,-0.0022689280275926286,76.0,2.39,2.3999999999999986,1,2,100.0,4,0.045,23.505,0.005,52.648497199999994,9.7458244,33.47,31.76,52.648482699999995,9.7458206,0.023212879051524585,-0.01710422666954443,4.242022746972218,-10.58,-20.990000000000002,-0.095,23.501646,0.054202937,0.39586452
0 days 00:00:05.450000,0.0003537829564853371,-0.8672040000000001,0.13734000000000002,9.943416000000001,76.9415917843389,76.9415917843389,76.9415917843389,76.9415917843389,0.008377580409572781,-0.017278759594743863,-0.0017453292519943296,76.0,2.39,2.549999999999997,1,2,100.0,4,0.045,23.495,0.005,52.648497199999994,9.7458244,33.47,31.76,52.648480799999994,9.745819,0.023212879051524585,-0.016929693744344994,4.242022746972218,-10.58,-20.990000000000002,-0.095,23.491718,0.0541038,0.3915946
0 days 00:00:05.460000,0.0003537829564853371,-0.15696000000000002,0.16873200000000002,10.151388,77.01513692768506,77.01513692768506,77.01513692768506,77.01513692768506,0.006108652381980153,-0.014311699866353502,-0.0012217304763960308,74.0,2.39,2.6999999999999957,1,2,100.0,4,0.045,23.5,-0.0,52.6484878,9.7458166,33.47,31.76,52.6484789,9.7458174,0.023387411976724018,-0.016755160819145562,4.242022746972218,-10.620000000000001,-20.96,-0.015,23.496702,0.054195132,0.3925678
0 days 00:00:05.470000,0.0003537829564853371,-0.1962,-0.054936000000000006,10.653660000000002,76.9415917843389,76.9415917843389,76.9415917843389,76.9415917843389,0.012217304763960306,-0.006981317007977318,-0.0005235987755982988,71.0,2.39,2.849999999999998,1,2,100.0,4,0.04,23.5,-0.01,52.6484878,9.7458166,33.47,31.76,52.6484771,9.745815799999999,0.02356194490192345,-0.016755160819145562,4.242022746972218,-10.620000000000001,-20.96,-0.015,23.496534,0.049500596,0.40267196
0 days 00:00:05.480000,0.0003537829564853371,-0.5846760000000001,0.0,9.590256,76.99507916131792,76.99507916131792,76.99507916131792,76.99507916131792,0.017976891295541593,-0.028797932657906436,0.0017453292519943296,68.0,2.39,3.0,1,2,100.0,4,0.04,23.495,-0.005,52.6484878,9.7458166,33.47,31.76,52.6484752,9.7458143,0.023736477827122883,-0.0164060949687467,4.242022746972218,-10.620000000000001,-20.96,-0.015,23.491756,0.049255606,0.38938388
0 days 00:00:05.490000,0.0003537829564853371,0.6278400000000001,0.145188,9.841392,77.06193838254171,77.06193838254171,77.06193838254171,77.06193838254171,0.022689280275926284,-0.0015707963267948967,0.0017453292519943296,64.0,2.39,2.849999999999998,1,2,100.0,4,0.035,23.505,-0.005,52.6484878,9.7458166,33.47,31.76,52.6484733,9.7458127,0.023911010752322315,-0.0164060949687467,4.242022746972218,-10.620000000000001,-20.96,-0.015,23.501753,0.044328917,0.3896588
0 days 00:00:05.500000,0.0003537829564853371,-0.38847600000000004,0.09417600000000001,10.041516000000001,77.18228498074454,77.18228498074454,77.18228498074454,77.18228498074454,0.019722220547535925,0.006283185307179587,0.0012217304763960308,62.0,2.39,2.6999999999999957,1,2,100.0,4,0.035,23.5,-0.01,52.6484878,9.7458166,33.47,31.76,52.6484714,9.7458111,0.02408554367752175,-0.0164060949687467,4.242022746972218,-10.620000000000001,-20.96,-0.015,23.496674,0.044515353,0.39456695
0 days 00:00:05.510000,0.0003537829564853371,-0.9770760000000002,-0.09417600000000001,9.707976,76.97502139495079,76.97502139495079,76.97502139495079,76.97502139495079,0.020071286397934793,-0.01832595714594046,0.00034906585039886593,58.0,2.39,2.849999999999998,1,2,100.0,4,0.025,23.495,-0.005,52.6484776,9.7458096,33.63,31.78,52.6484695,9.7458096,0.024434609527920616,-0.016231562043547264,4.242022746972218,-10.665000000000001,-20.945,0.005,23.491823,0.034431744,0.38561705
0 days 00:00:05.520000,0.0003537829564853371,0.302148,0.32569200000000004,10.037592000000002,77.19565682498931,77.19565682498931,77.19565682498931,77.19565682498931,0.019722220547535925,0.002967059728390361,0.00034906585039886593,55.0,2.39,3.0,1,2,100.0,4,0.025,23.5,-0.01,52.6484776,9.7458096,33.63,31.78,52.6484676,9.745808,0.024609142453120045,-0.016231562043547264,4.242022746972218,-10.665000000000001,-20.945,0.005,23.496742,0.03462406,0.39068997
0 days 00:00:05.530000,0.0003537829564853371,-0.37670400000000004,0.031392,10.657584000000002,76.89479032948223,76.89479032948223,76.89479032948223,76.89479032948223,0.022689280275926284,0.003490658503988659,0.0010471975511965976,52.0,2.39,3.1499999999999986,1,2,100.0,4,0.025,23.495,-0.02,52.6484776,9.7458096,33.63,31.78,52.6484658,9.7458064,0.024783675378319478,-0.0164060949687467,4.242022746972218,-10.665000000000001,-20.945,0.005,23.49151,0.03503962,0.40469718
0 days 00:00:05.540000,0.0004717106086471161,-0.8161920000000001,0.04316400000000001,9.96696,76.97502139495079,76.97502139495079,76.97502139495079,76.97502139495079,0.032114058236695664,-0.023038346126325153,0.0019198621771937623,49.0,2.39,3.299999999999997,1,2,100.0,4,0.02,23.490000000000002,-0.02,52.6484776,9.7458096,33.63,31.78,52.648463899999996,9.7458049,0.025132741228718343,-0.016057029118347832,4.242022746972218,-10.665000000000001,-20.945,0.005,23.48665,0.029974375,0.3965328
0 days 00:00:05.550000,0.0004717106086471161,0.27468000000000004,0.039240000000000004,9.98658,76.82793110825845,76.82793110825845,76.82793110825845,76.82793110825845,0.03298672286269283,0.009773843811168246,0.00034906585039886593,47.0,2.39,4.049999999999997,1,2,100.0,4,0.02,23.495,-0.02,52.6484776,9.7458096,33.63,31.78,52.648461999999995,9.7458033,0.02548180707911721,-0.016231562043547264,4.242022746972218,-10.665000000000001,-20.945,0.005,23.491581,0.030219298,0.40070128
0 days 00:00:05.560000,0.0004717106086471161,-1.0830240000000002,0.184428,9.570636,76.72764227642276,76.72764227642276,76.72764227642276,76.72764227642276,0.030194196059501903,-0.0017453292519943296,0.0005235987755982988,43.0,2.39,4.799999999999997,1,2,100.0,4,0.02,23.485,-0.02,52.6484685,9.745802,33.59,31.79,52.648460099999994,9.7458017,0.025656340004316644,-0.016231562043547264,4.242022746972218,-10.655,-20.945,0.05,23.481583,0.03028507,0.40053374
0 days 00:00:05.570000,0.0004717106086471161,-0.49834800000000007,0.20797200000000002,9.621648,76.76775780915703,76.76775780915703,76.76775780915703,76.76775780915703,0.02181661564992912,-0.005061454830783556,0.0006981317007977319,40.0,2.39,6.299999999999997,1,2,100.0,4,0.02,23.48,-0.02,52.6484685,9.745802,33.59,31.79,52.6484582,9.7458001,0.02600540585471551,-0.016057029118347832,4.242022746972218,-10.655,-20.945,0.05,23.476652,0.030316226,0.39634597
0 days 00:00:05.580000,0.0004717106086471161,-0.290376,0.184428,10.025820000000001,76.64072528883183,76.64072528883183,76.64072528883183,76.64072528883183,0.013788101090755204,0.007853981633974483,0.0017453292519943296,36.0,2.39,7.799999999999997,1,2,100.0,4,0.02,23.48,-0.02,52.6484685,9.745802,33.59,31.79,52.6484564,9.745798599999999,0.02600540585471551,-0.016231562043547264,4.242022746972218,-10.655,-20.945,0.05,23.476582,0.03042277,0.40044203
0 days 00:00:05.590000,0.0004717106086471161,-0.8632800000000002,0.298224,9.590256,76.82793110825845,76.82793110825845,76.82793110825845,76.82793110825845,0.006806784082777885,0.0024434609527920616,0.0020943951023931952,33.0,2.39,9.299999999999997,1,2,100.0,4,0.02,23.47,-0.02,52.6484685,9.745802,33.59,31.79,52.6484545,9.745797,0.026179938779914945,-0.016231562043547264,4.242022746972218,-10.655,-20.945,0.05,23.466583,0.030488413,0.40027446
0 days 00:00:05.600000,0.0004717106086471161,-0.5375880000000001,0.27468000000000004,9.892404,76.59392383397518,76.59392383397518,76.59392383397518,76.59392383397518,0.0006981317007977319,0.009948376736367679,0.002967059728390361,29.0,2.39,10.799999999999997,1,2,100.0,4,0.015,23.47,-0.02,52.6484685,9.745802,33.59,31.79,52.6484526,9.7457954,0.026179938779914945,-0.0164060949687467,4.242022746972218,-10.655,-20.945,0.05,23.466513,0.025597338,0.40449962
0 days 00:00:05.610000,0.0004717106086471161,-1.00062,0.384552,10.190628,76.56049422336329,76.56049422336329,76.56049422336329,76.56049422336329,-0.004886921905584123,0.014835298641951801,0.003490658503988659,25.0,2.39,12.599999999999998,1,2,100.0,4,0.01,23.46,-0.02,52.6484591,9.7457943,33.58,31.8,52.6484507,9.745793899999999,0.026179938779914945,-0.0164060949687467,4.242197279897417,-10.655,-20.92,-0.045,23.456514,0.020594757,0.40446648
0 days 00:00:05.620000,0.0004717106086471161,-1.4832720000000001,-0.047088000000000005,10.182780000000001,76.38666024818143,76.38666024818143,76.38666024818143,76.38666024818143,-0.0010471975511965976,-0.0036651914291880917,0.002617993877991494,21.0,2.39,14.399999999999999,1,2,100.0,4,0.005,23.445,-0.025,52.6484591,9.7457943,33.58,31.8,52.6484488,9.7457923,0.026179938779914945,-0.0164060949687467,4.242197279897417,-10.655,-20.92,-0.045,23.441435,0.015720896,0.40934902
0 days 00:00:05.630000,0.0004717106086471161,-1.2360600000000002,0.41594400000000004,9.107604,76.09247967479675,76.09247967479675,76.09247967479675,76.09247967479675,-0.0019198621771937623,-0.0024434609527920616,0.003316125578789226,18.0,2.39,16.2,1,2,100.0,4,0.01,23.435,-0.02,52.6484591,9.7457943,33.58,31.8,52.648447,9.745790699999999,0.026179938779914945,-0.0164060949687467,4.242197279897417,-10.655,-20.92,-0.045,23.431517,0.02058402,0.4040565
0 days 00:00:05.640000,0.0004717106086471161,-1.3184640000000003,0.32176800000000005,9.566712,75.93201754385966,75.93201754385966,75.93201754385966,75.93201754385966,0.005585053606381855,0.021642082724729686,0.0027925268031909274,14.0,2.39,18.0,1,2,100.0,4,0.01,23.425,-0.015,52.6484591,9.7457943,33.58,31.8,52.648445099999996,9.745789199999999,0.026179938779914945,-0.016580627893946133,4.242197279897417,-10.655,-20.92,-0.045,23.421532,0.020555867,0.40298134
0 days 00:00:05.650000,0.0004717106086471161,-2.04048,0.231516,9.311652,75.69801026957637,75.69801026957637,75.69801026957637,75.69801026957637,0.007504915783575617,0.016057029118347832,0.002617993877991494,12.0,2.39,20.55,1,2,100.0,4,0.005,23.405,-0.01,52.6484591,9.7457943,33.58,31.8,52.648443199999996,9.7457876,0.026354471705114377,-0.016755160819145562,4.242197279897417,-10.655,-20.92,-0.045,23.401548,0.015595086,0.40186337
0 days 00:00:05.660000,0.0004717106086471161,-1.8128880000000003,0.29430000000000006,9.335196,75.77155541292255,75.77155541292255,75.77155541292255,75.77155541292255,0.008377580409572781,0.027925268031909273,0.0017453292519943296,10.0,2.39,23.1,1,2,100.0,4,0.005,23.395,-0.01,52.6484497,9.7457864,33.58,31.810000000000002,52.648441299999995,9.745785999999999,0.026354471705114377,-0.01710422666954443,4.242197279897417,-10.635,-20.925,0.035,23.391407,0.015805835,0.40985823
0 days 00:00:05.670000,0.0004717106086471161,-2.271996,0.47480400000000006,9.500004,75.67795250320924,75.67795250320924,75.67795250320924,75.67795250320924,0.007155849933176751,0.038397243543875255,0.0017453292519943296,8.0,2.39,25.95,1,2,100.0,4,0.005,23.37,-0.005,52.6484497,9.7457864,33.58,31.810000000000002,52.648439499999995,9.7457845,0.02652900463031381,-0.017453292519943295,4.242197279897417,-10.635,-20.925,0.035,23.366354,0.015949773,0.4125841
0 days 00:00:05.680000,0.0005896382608088951,-2.7507240000000004,0.298224,9.539244,75.93201754385966,75.93201754385966,75.93201754385966,75.93201754385966,0.007853981633974483,0.03508111796508603,0.0013962634015954637,7.0,2.39,28.799999999999997,1,2,100.0,4,0.005,23.345,-0.005,52.6484497,9.7457864,33.58,31.810000000000002,52.6484376,9.7457829,0.02652900463031381,-0.01780235837034216,4.242371812822617,-10.635,-20.925,0.035,23.341211,0.016154323,0.42029268
0 days 00:00:05.690000,0.0005896382608088951,-2.58984,0.349236,9.65304,75.74481172443303,75.74481172443303,75.74481172443303,75.74481172443303,0.010471975511965976,0.039269908169872414,0.0027925268031909274,6.0,2.39,32.4,1,2,100.0,4,0.005,23.32,-0.005,52.6484497,9.7457864,33.58,31.810000000000002,52.6484357,9.745781299999999,0.026703537555513242,-0.01832595714594046,4.242371812822617,-10.635,-20.925,0.035,23.315992,0.01654176,0.4320489
0 days 00:00:05.700000,0.0005896382608088951,-2.58984,0.31392000000000003,9.472536,75.48406076166025,75.48406076166025,75.48406076166025,75.48406076166025,0.01064650843716541,0.04991641660703782,0.0006981317007977319,4.0,2.39,36.0,1,2,100.0,4,0.01,23.3,-0.0,52.6484497,9.7457864,33.58,31.810000000000002,52.6484339,9.7457798,0.026703537555513242,-0.018675022996339326,4.242371812822617,-10.635,-20.925,0.035,23.295937,0.021613836,0.43468064
0 days 00:00:05.710000,0.0005896382608088951,-3.2451480000000004,0.17265600000000003,9.464688,74.96255883611468,74.96255883611468,74.96255883611468,74.96255883611468,0.005934119456780722,0.0582939970166106,-0.0006981317007977319,3.0,2.39,40.05,1,2,100.0,4,0.005,23.27,0.005,52.6484403,9.745778699999999,33.58,31.82,52.648432,9.7457782,0.026878070480712675,-0.01937315469713706,4.242371812822617,-10.615,-20.885,0.05,23.265732,0.01697862,0.44549063
0 days 00:00:05.720000,0.0007075659129706742,-4.147668,0.5258160000000001,8.989884,74.62157680787334,74.62157680787334,74.62157680787334,74.62157680787334,0.008028514559173916,0.04782202150464464,-0.0022689280275926286,2.0,2.39,44.099999999999994,1,2,100.0,4,0.01,23.23,0.01,52.6484403,9.745778699999999,33.58,31.82,52.6484301,9.7457767,0.026878070480712675,-0.019896753472735357,4.242371812822617,-10.615,-20.885,0.05,23.2256,0.022148462,0.45174095
0 days 00:00:05.730000,0.000825493565132453,-3.76704,0.6906240000000001,9.201780000000001,74.56140350877193,74.56140350877193,74.56140350877193,74.56140350877193,0.009599310885968814,0.06963863715457375,-0.0005235987755982988,0.0,2.39,48.449999999999996,1,2,100.0,4,0.015,23.19,0.015,52.6484403,9.745778699999999,33.58,31.82,52.6484283,9.7457751,0.027052603405912107,-0.020594885173533087,4.242371812822617,-10.615,-20.885,0.05,23.185392,0.027506568,0.4619898
0 days 00:00:05.740000,0.0009434212172942321,-4.23792,0.258984,9.574560000000002,74.44774283269149,74.44774283269149,74.44774283269149,74.44774283269149,0.010821041362364843,0.08098327729253689,0.0008726646259971648,-1.0,2.39,52.8,1,2,100.0,4,0.015,23.150000000000002,0.015,52.6484403,9.745778699999999,33.58,31.82,52.6484264,9.7457736,0.027052603405912107,-0.02129301687433082,4.242371812822617,-10.615,-20.885,0.05,23.145071,0.02792136,0.47731885
0 days 00:00:05.750000,0.0009434212172942321,-4.987404000000001,0.40809600000000007,8.75052,74.40762729995721,74.40762729995721,74.40762729995721,74.40762729995721,0.006806784082777885,0.06928957130417489,0.0019198621771937623,-2.0,2.39,57.0,1,2,100.0,4,0.015,23.105,0.025,52.6484403,9.745778699999999,33.58,31.82,52.6484246,9.745771999999999,0.027227136331111543,-0.02199114857512855,4.242371812822617,-10.615,-20.885,0.05,23.099962,0.028145444,0.48248318
0 days 00:00:05.760000,0.0010613488694560112,-4.540068000000001,0.357084,9.186084000000001,74.08670303808302,74.08670303808302,74.08670303808302,74.08670303808302,0.0013962634015954637,0.08726646259971647,0.00017453292519943296,-3.0,2.39,61.2,1,2,100.0,4,0.015,23.06,0.03,52.6484308,9.7457698,33.76,31.830000000000002,52.6484227,9.745770499999999,0.027227136331111543,-0.022863813201125717,4.242371812822617,-10.565,-20.785,0.03,23.054659,0.02853014,0.49660882
0 days 00:00:05.770000,0.0010613488694560112,-5.489676,0.51012,9.354816000000001,73.5785729567822,73.5785729567822,73.5785729567822,73.5785729567822,-0.007155849933176751,0.09599310885968812,-0.00017453292519943296,-4.0,2.39,65.1,1,2,100.0,4,0.015,23.01,0.035,52.6484308,9.7457698,33.76,31.830000000000002,52.6484209,9.7457689,0.027052603405912107,-0.023911010752322315,4.242371812822617,-10.565,-20.785,0.03,23.00426,0.02892896,0.5145557
0 days 00:00:05.780000,0.0010613488694560112,-6.176376000000001,0.47088,9.511776000000001,73.3178219940094,73.3178219940094,73.3178219940094,73.3178219940094,-0.008203047484373348,0.08517206749732328,0.0,-5.0,2.39,69.0,1,2,100.0,4,0.02,22.95,0.035,52.6484308,9.7457698,33.76,31.830000000000002,52.648419,9.7457674,0.027052603405912107,-0.024609142453120045,4.242546345747817,-10.565,-20.785,0.03,22.943914,0.034321602,0.5289986
0 days 00:00:05.790000,0.0010613488694560112,-6.3294120000000005,0.47088,9.492156000000001,73.22421908429611,73.22421908429611,73.22421908429611,73.22421908429611,-0.00471238898038469,0.07958701389094143,0.002617993877991494,-5.0,2.39,73.65,1,2,100.0,4,0.02,22.89,0.035,52.6484308,9.7457698,33.76,31.830000000000002,52.6484172,9.7457659,0.026878070480712675,-0.02548180707911721,4.242546345747817,-10.565,-20.785,0.03,22.883461,0.034726277,0.54749125
0 days 00:00:05.800000,0.0011792765216177901,-6.345108000000001,0.30999600000000005,9.14292,72.67597347026101,72.67597347026101,72.67597347026101,72.67597347026101,-0.003490658503988659,0.08569566627292158,0.0038397243543875246,-5.0,2.39,78.3,1,2,100.0,4,0.02,22.825,0.04,52.6484308,9.7457698,33.76,31.830000000000002,52.6484154,9.7457643,0.026878070480712675,-0.026354471705114377,4.242546345747817,-10.565,-20.785,0.03,22.818129,0.035082594,0.56074476
0 days 00:00:05.810000,0.0011792765216177901,-6.611940000000001,0.6749280000000001,9.044820000000001,72.24138853230637,72.24138853230637,72.24138853230637,72.24138853230637,-0.007155849933176751,0.10716321607245184,0.0015707963267948967,-5.0,2.39,82.35,1,2,100.0,4,0.025,22.765,0.05,52.6484215,9.745762,33.76,31.84,52.6484135,9.7457628,0.026878070480712675,-0.027401669256310976,4.242546345747817,-10.515,-20.625,0.05,22.757824,0.040410127,0.5728606
0 days 00:00:05.820000,0.0011792765216177901,-7.789140000000001,0.33354000000000006,9.547092000000001,71.89372058194266,71.89372058194266,71.89372058194266,71.89372058194266,-0.005061454830783556,0.09965830028887622,0.003490658503988659,-5.0,2.39,86.39999999999999,1,2,100.0,4,0.025,22.69,0.05,52.6484215,9.745762,33.76,31.84,52.6484117,9.7457613,0.026703537555513242,-0.028448866807507574,4.2427208786730155,-10.515,-20.625,0.05,22.682241,0.040889498,0.59455824
0 days 00:00:05.830000,0.0011792765216177901,-7.985340000000001,0.7573320000000001,8.989884,71.66639922978177,71.66639922978177,71.66639922978177,71.66639922978177,-0.008028514559173916,0.06649704450098395,0.006981317007977318,-5.0,2.39,90.29999999999998,1,2,100.0,4,0.025,22.61,0.055,52.6484215,9.745762,33.76,31.84,52.6484099,9.7457598,0.026703537555513242,-0.028972465583105872,4.2427208786730155,-10.515,-20.625,0.05,22.602104,0.04101128,0.5991175
0 days 00:00:05.840000,0.0012972041737795694,-7.071048,0.368856,9.178236000000002,70.97774925117672,70.97774925117672,70.97774925117672,70.97774925117672,-0.0019198621771937623,0.0804596785169386,0.009250245035569947,-5.0,2.39,94.19999999999999,1,2,100.0,4,0.025,22.545,0.06,52.6484215,9.745762,33.76,31.84,52.6484081,9.7457583,0.026703537555513242,-0.029845130209103034,4.242895411598215,-10.515,-20.625,0.05,22.53675,0.041352678,0.6118993
0 days 00:00:05.850000,0.0012972041737795694,-7.031808000000001,0.28645200000000004,9.723672,70.00160462130937,70.00160462130937,70.00160462130937,70.00160462130937,-0.007853981633974483,0.11431906600562858,0.004886921905584123,-5.0,2.39,100.05,1,2,100.0,4,0.025,22.475,0.055,52.6484215,9.745762,33.76,31.84,52.6484063,9.7457567,0.02652900463031381,-0.031066860685499065,4.242895411598215,-10.515,-20.625,0.05,22.465864,0.042051118,0.6422525
0 days 00:00:05.860000,0.0010613488694560112,-8.84862,0.49050000000000005,9.758988,69.11906290115532,69.11906290115532,69.11906290115532,69.11906290115532,-0.01117010721276371,0.08429940287132612,0.004014257279586958,-5.0,2.39,105.9,1,2,100.0,4,0.025,22.39,0.055,52.6484124,9.7457543,33.76,31.85,52.6484045,9.7457552,0.02652900463031381,-0.0317649923862968,4.242895411598215,-10.39,-20.35,0.145,22.380451,0.04239554,0.65523225
0 days 00:00:05.870000,0.0010613488694560112,-8.648496000000002,0.875052,9.233172000000001,68.5507595207531,68.5507595207531,68.5507595207531,68.5507595207531,-0.014486232791552938,0.04991641660703782,0.00890117918517108,-5.0,2.39,120.9,1,2,100.0,4,0.03,22.305,0.06,52.6484124,9.7457543,33.76,31.85,52.6484027,9.7457537,0.026354471705114377,-0.0322885911618951,4.243069944523414,-10.39,-20.35,0.145,22.295311,0.04738424,0.6590834
0 days 00:00:05.880000,0.0012972041737795694,-7.243704000000001,0.17658000000000004,9.758988,67.63478818998715,67.63478818998715,67.63478818998715,67.63478818998715,-0.013264502315156903,0.06544984694978735,0.011519173063162576,-5.0,2.39,135.9,1,2,100.0,4,0.025,22.240000000000002,0.055,52.6484124,9.7457543,33.76,31.85,52.6484009,9.7457523,0.026179938779914945,-0.03298672286269283,4.243244477448615,-10.39,-20.35,0.145,22.229715,0.042753056,0.67763466
0 days 00:00:05.890000,0.0014151318259413483,-7.659648000000001,0.34531200000000006,9.009504,65.2211703038083,65.2211703038083,65.2211703038083,65.2211703038083,-0.01884955592153876,0.05009094953223726,0.006632251157578452,-5.0,2.39,140.85,1,2,100.0,4,0.025,22.165,0.06,52.6484124,9.7457543,33.76,31.85,52.6483991,9.7457508,0.02600540585471551,-0.033510321638291124,4.243244477448615,-10.39,-20.35,0.145,22.154568,0.042742163,0.6817701
0 days 00:00:05.900000,0.0011792765216177901,-7.1534520000000015,0.31392000000000003,9.523548,61.41019469405221,61.41019469405221,61.41019469405221,61.41019469405221,-0.023038346126325153,0.045553093477052,0.006283185307179587,-5.0,2.39,145.79999999999998,1,2,100.0,4,0.025,22.095,0.06,52.6484124,9.7457543,33.76,31.85,52.6483974,9.7457493,0.025830872929516076,-0.03385938748868999,4.243419010373813,-10.39,-20.35,0.145,22.084366,0.0427617,0.68713933
0 days 00:00:05.910000,0.0012972041737795694,-6.969024000000001,0.517968,9.896328000000002,58.64222293538725,58.64222293538725,58.64222293538725,58.64222293538725,-0.022165681500327987,0.06649704450098395,0.009773843811168246,-5.0,2.39,153.15,1,2,100.0,4,0.025,22.03,0.06,52.6484035,9.7457469,33.76,31.86,52.6483956,9.7457478,0.02548180707911721,-0.034557519189487726,4.243419010373813,-10.14,-19.98,0.12,22.01892,0.04285745,0.70032185
0 days 00:00:05.920000,0.0015330594781031272,-7.5576240000000015,0.306072,10.896948,58.6890243902439,58.6890243902439,58.6890243902439,58.6890243902439,-0.01884955592153876,0.08936085770210968,0.008552113334772213,-4.0,2.39,160.5,1,2,100.0,4,0.02,21.96,0.045,52.6484035,9.7457469,33.76,31.86,52.6483938,9.7457463,0.02530727415391778,-0.03543018381548489,4.2435935432990135,-10.14,-19.98,0.12,21.947811,0.038539626,0.7321715
0 days 00:00:05.930000,0.0015330594781031272,-9.040896000000002,0.04316400000000001,10.335816000000001,61.30321994009414,61.30321994009414,61.30321994009414,61.30321994009414,-0.020943951023931952,0.012391837689159739,0.009075712110370514,-4.0,2.39,132.45,1,2,100.0,4,0.02,21.87,0.035,52.6484035,9.7457469,33.76,31.86,52.648392099999995,9.7457449,0.025132741228718343,-0.03560471674068432,4.2435935432990135,-10.14,-19.98,0.12,21.857386,0.038678735,0.7427954
0 days 00:00:05.940000,0.0015330594781031272,-7.2829440000000005,0.623916,9.959112000000001,65.56215233204964,65.56215233204964,65.56215233204964,65.56215233204964,-0.019896753472735357,-0.018675022996339326,0.015009831567151233,8.0,2.39,104.4,1,2,100.0,4,0.02,21.8,0.035,52.6484035,9.7457469,33.76,31.86,52.648390299999996,9.7457434,0.02495820830351891,-0.03543018381548489,4.243768076224212,-10.14,-19.98,0.12,21.787558,0.03839201,0.7365097
0 days 00:00:05.950000,0.0015330594781031272,-5.552460000000001,0.894672,11.218716,70.1219512195122,70.1219512195122,70.1219512195122,70.1219512195122,-0.0024434609527920616,0.033859387488689996,0.0158824961931484,8.0,2.39,105.0,1,2,100.0,4,0.02,21.75,0.015,52.6484035,9.7457469,33.76,31.86,52.6483886,9.745742,0.02495820830351891,-0.03577924966588375,4.2439426091494115,-10.14,-19.98,0.12,21.736616,0.039035965,0.76230544
0 days 00:00:05.960000,0.001650987130264906,-6.792444000000001,-0.40024800000000005,10.904796000000003,70.87077449721866,70.87077449721866,70.87077449721866,70.87077449721866,0.014137166941154071,0.005934119456780722,0.00890117918517108,18.0,2.39,105.6,1,2,100.0,4,0.015,21.685,0.005,52.6483943,9.7457382,33.980000000000004,31.87,52.6483868,9.7457405,0.025132741228718343,-0.03577924966588375,4.2439426091494115,-9.865,-19.55,0.05,21.671299,0.0343633,0.77009034
0 days 00:00:05.970000,0.0012972041737795694,-7.082820000000001,0.23936400000000002,8.409132000000001,69.801026957638,69.801026957638,69.801026957638,69.801026957638,0.005585053606381855,-0.04153883619746504,0.0024434609527920616,18.0,2.39,106.5,1,2,100.0,4,0.015,21.62,0.015,52.6483943,9.7457382,33.980000000000004,31.87,52.6483851,9.7457391,0.025132741228718343,-0.03543018381548489,4.244117142074611,-9.865,-19.55,0.05,21.606964,0.03386419,0.7502357
0 days 00:00:05.980000,0.0005896382608088951,-4.82652,0.918216,10.414296000000002,68.11617458279845,68.11617458279845,68.11617458279845,68.11617458279845,-0.013264502315156903,0.02949606435870417,-0.0013962634015954637,28.0,2.39,107.4,1,2,100.0,4,0.02,21.575,0.005,52.6483943,9.7457382,33.980000000000004,31.87,52.6483834,9.7457376,0.02495820830351891,-0.03560471674068432,4.244117142074611,-9.865,-19.55,0.05,21.561504,0.039035223,0.7622759
0 days 00:00:05.990000,0.0003537829564853371,-8.864316,0.8318880000000001,11.932884000000001,68.36355370132648,68.36355370132648,68.36355370132648,68.36355370132648,0.013962634015954637,0.02391101075232232,0.014137166941154071,28.0,2.39,121.65,1,2,100.0,4,0.02,21.490000000000002,-0.015,52.6483943,9.7457382,33.980000000000004,31.87,52.6483816,9.7457362,0.025132741228718343,-0.03595378259108319,4.244117142074611,-9.865,-19.55,0.05,21.47557,0.0397829,0.7867194
0 days 00:00:06,0.0010613488694560112,-9.511776000000001,0.596448,10.112148,69.49347454000855,69.49347454000855,69.49347454000855,69.49347454000855,0.032463124087094536,-0.0317649923862968,0.020071286397934793,15.0,2.99,135.9,1,2,100.0,4,0.02,21.400000000000002,-0.025,52.6483943,9.7457382,33.980000000000004,31.87,52.648379899999995,9.7457348,0.02548180707911721,-0.03560471674068432,4.244291674999811,-9.865,-19.55,0.05,21.385546,0.04003951,0.7859991
0 days 00:00:06.010000,0.0014151318259413483,-6.474600000000001,-0.17265600000000003,9.770760000000001,69.40655755241764,69.40655755241764,69.40655755241764,69.40655755241764,0.030368728984701335,-0.03508111796508603,0.011693705988362009,15.0,2.99,140.1,2,2,100.0,4,0.015,21.335,-0.025,52.6483856,9.7457311,33.96,31.88,52.648378199999996,9.7457333,0.025830872929516076,-0.035255650890285456,4.24446620792501,-9.59,-19.155,-0.125,21.32086,0.035063557,0.7763613
0 days 00:00:06.020000,0.0004717106086471161,-5.933088000000001,-0.090252,10.959732,68.29000855798033,68.29000855798033,68.29000855798033,68.29000855798033,0.02199114857512855,0.005061454830783556,-0.0013962634015954637,2.0,2.99,144.29999999999998,2,2,100.0,4,0.01,21.28,-0.04,52.6483856,9.7457311,33.96,31.88,52.6483765,9.7457319,0.02600540585471551,-0.035255650890285456,4.24446620792501,-9.59,-19.155,-0.125,21.265368,0.030540135,0.78953296
0 days 00:00:06.030000,-0.00023585530432355804,-8.852544000000002,1.3341600000000002,10.767456000000001,67.60804450149764,67.60804450149764,67.60804450149764,67.60804450149764,0.022689280275926284,-0.03543018381548489,0.0027925268031909274,0.0,2.99,144.29999999999998,2,2,100.0,4,0.02,21.195,-0.05,52.6483856,9.7457311,33.96,31.88,52.6483748,9.745730499999999,0.026179938779914945,-0.03490658503988659,4.24446620792501,-9.59,-19.155,-0.125,21.180344,0.04066415,0.7888702
0 days 00:00:06.040000,0.0003537829564853371,-8.385588,0.074556,10.143540000000002,67.83536585365853,67.83536585365853,67.83536585365853,67.83536585365853,0.045029494701453704,-0.07487462491055674,0.012391837689159739,-2.0,2.99,144.29999999999998,2,2,100.0,4,0.015,21.115000000000002,-0.06,52.6483856,9.7457311,33.96,31.88,52.6483731,9.7457291,0.026703537555513242,-0.03420845333908886,4.24464074085021,-9.59,-19.155,-0.125,21.100594,0.035877954,0.7814562
0 days 00:00:06.050000,0.0007075659129706742,-5.387652,0.40809600000000007,9.040896000000002,67.93565468549423,67.93565468549423,67.93565468549423,67.93565468549423,0.029670597283903602,-0.030717794835100197,0.00645771823237902,-4.0,2.99,136.79999999999998,2,2,100.0,4,0.02,21.065,-0.05,52.6483856,9.7457311,33.96,31.88,52.648371399999995,9.7457277,0.027052603405912107,-0.03385938748868999,4.24464074085021,-9.59,-19.155,-0.125,21.051235,0.040633548,0.7622628
0 days 00:00:06.060000,0.0,-6.490296000000001,0.47872800000000004,9.943416000000001,67.08654257595207,67.08654257595207,67.08654257595207,67.08654257595207,0.023038346126325153,-0.00942477796076938,0.0022689280275926286,-5.0,2.99,129.29999999999998,2,2,100.0,4,0.02,21.005,-0.055,52.6483771,9.745724,33.96,31.900000000000002,52.648369699999996,9.7457262,0.027227136331111543,-0.03385938748868999,4.24464074085021,-9.445,-18.815,-0.16,20.991098,0.04084733,0.7652205
0 days 00:00:06.070000,-0.0004717106086471161,-8.401284,0.8829000000000001,10.375056,66.12376979032948,66.12376979032948,66.12376979032948,66.12376979032948,0.03159045946109736,-0.02757620218151041,0.005061454830783556,-5.0,2.99,121.19999999999999,2,2,100.0,4,0.025,20.925,-0.065,52.6483771,9.745724,33.96,31.900000000000002,52.648368,9.7457248,0.02757620218151041,-0.033510321638291124,4.24464074085021,-9.445,-18.815,-0.16,20.911074,0.046112172,0.76505506
0 days 00:00:06.080000,-0.00011792765216177902,-8.605332,0.5493600000000001,9.413676,64.98047710740265,64.98047710740265,64.98047710740265,64.98047710740265,0.03892084231947355,-0.03665191429188092,0.007853981633974483,-5.0,2.99,113.1,2,2,100.0,4,0.025,20.84,-0.065,52.6483771,9.745724,33.96,31.900000000000002,52.6483664,9.7457234,0.027925268031909273,-0.033161255787892266,4.244815273775409,-9.445,-18.815,-0.16,20.826387,0.046096727,0.7549255
0 days 00:00:06.090000,-0.00011792765216177902,-7.553700000000001,-0.258984,9.441144000000001,63.60317715019255,63.60317715019255,63.60317715019255,63.60317715019255,0.031241393610698498,-0.011519173063162576,0.005061454830783556,-6.0,2.99,113.55,2,2,100.0,4,0.02,20.77,-0.06,52.6483771,9.745724,33.96,31.900000000000002,52.648364699999995,9.745721999999999,0.028274333882308142,-0.03298672286269283,4.244815273775409,-9.445,-18.815,-0.16,20.756723,0.041052938,0.7441141
0 days 00:00:06.100000,-0.0004717106086471161,-7.7459760000000015,0.41202000000000005,10.249488,61.436938382541726,61.436938382541726,61.436938382541726,61.436938382541726,0.017453292519943295,-0.008552113334772213,0.0038397243543875246,-10.0,2.99,114.0,2,2,100.0,4,0.02,20.695,-0.07,52.6483771,9.745724,33.96,31.900000000000002,52.648362999999996,9.7457207,0.028448866807507574,-0.03298672286269283,4.244815273775409,-9.445,-18.815,-0.16,20.681433,0.041396745,0.75162494
0 days 00:00:06.110000,-0.0005896382608088951,-7.9617960000000005,0.7573320000000001,9.425448000000001,58.41490158322637,58.41490158322637,58.41490158322637,58.41490158322637,0.015533430342749534,-0.05619960191421742,0.006108652381980153,-22.0,2.99,126.0,2,2,100.0,4,0.025,20.62,-0.065,52.6483688,9.7457167,33.99,31.91,52.6483614,9.7457193,0.028623399732707007,-0.03246312408709453,4.244815273775409,-9.33,-18.45,-0.07,20.607027,0.04600327,0.7332216
0 days 00:00:06.120000,-0.00023585530432355804,-5.674104000000001,0.16873200000000002,9.464688,53.80830124090714,53.80830124090714,53.80830124090714,53.80830124090714,0.015533430342749534,-0.03717551306747922,0.00645771823237902,-26.0,2.99,138.0,2,2,100.0,4,0.02,20.565,-0.065,52.6483688,9.7457167,33.99,31.92,52.6483597,9.745717899999999,0.02879793265790644,-0.032114058236695664,4.244989806700609,-9.33,-18.45,-0.07,20.552309,0.040875345,0.72440195
0 days 00:00:06.130000,-0.0004717106086471161,-5.281704,0.14126400000000003,9.445068000000001,49.81680573384681,49.81680573384681,49.81680573384681,49.81680573384681,0.0019198621771937623,0.00942477796076938,0.0010471975511965976,-29.0,2.99,150.14999999999998,2,2,100.0,4,0.02,20.515,-0.065,52.6483688,9.7457167,33.99,31.92,52.648358099999996,9.7457165,0.02879793265790644,-0.032114058236695664,4.244989806700609,-9.33,-18.45,-0.07,20.502335,0.04082912,0.72279716
0 days 00:00:06.140000,-0.0007075659129706742,-6.572700000000001,0.7180920000000001,9.660888,46.875,46.875,46.875,46.875,-0.011868238913561443,-0.013788101090755204,0.00017453292519943296,-19.0,2.99,162.29999999999998,2,2,100.0,4,0.025,20.45,-0.065,52.6483688,9.7457167,33.99,31.92,52.6483564,9.7457152,0.028623399732707007,-0.031939525311496235,4.244989806700609,-9.33,-18.45,-0.07,20.437496,0.045539103,0.7170095
0 days 00:00:06.150000,-0.0004717106086471161,-6.482448000000001,0.066708,9.476460000000001,45.25700684638425,45.25700684638425,45.25700684638425,45.25700684638425,-0.008377580409572781,-0.045029494701453704,0.004014257279586958,-19.0,2.99,160.35,2,2,100.0,4,0.025,20.39,-0.065,52.6483688,9.7457167,33.99,31.92,52.6483548,9.745713799999999,0.028623399732707007,-0.03159045946109736,4.244989806700609,-9.33,-18.45,-0.07,20.377773,0.045280688,0.707984
0 days 00:00:06.160000,-0.0004717106086471161,-5.4700560000000005,0.43948800000000005,9.178236000000002,44.32766367137356,44.32766367137356,44.32766367137356,44.32766367137356,-0.016231562043547268,-0.011519173063162576,0.0015707963267948967,-19.0,2.99,158.4,2,2,100.0,4,0.025,20.34,-0.06,52.6483603,9.7457105,33.88,31.93,52.648353099999994,9.7457124,0.028448866807507574,-0.031415926535897934,4.244989806700609,-9.195,-18.155,0.055,20.32808,0.044869125,0.6978713
0 days 00:00:06.170000,-0.0007075659129706742,-6.470676000000001,0.623916,8.566092000000001,43.15762729995721,43.15762729995721,43.15762729995721,43.15762729995721,-0.026529004630313806,-0.023038346126325153,-0.0036651914291880917,-19.0,2.99,150.6,2,2,100.0,4,0.03,20.275000000000002,-0.05,52.6483603,9.7457105,33.88,31.93,52.6483515,9.7457111,0.028099800957108706,-0.031241393610698498,4.244989806700609,-9.195,-18.155,0.055,20.263544,0.049185995,0.68217915
0 days 00:00:06.180000,-0.0007075659129706742,-6.513840000000001,0.129492,8.377740000000001,42.997165169020114,42.997165169020114,42.997165169020114,42.997165169020114,-0.033335788713091695,-0.020943951023931952,-0.0038397243543875246,-19.0,2.99,142.79999999999998,2,2,100.0,4,0.03,20.215,-0.035,52.6483603,9.7457105,33.88,31.93,52.6483499,9.745709699999999,0.02775073510670984,-0.031066860685499065,4.244815273775409,-9.195,-18.155,0.055,20.204159,0.048382014,0.661811
0 days 00:00:06.190000,-0.0007075659129706742,-6.10182,0.45126,9.472536,44.481439880188276,44.481439880188276,44.481439880188276,44.481439880188276,-0.039968039870670144,0.004886921905584123,-0.0010471975511965976,-19.0,2.99,139.35,2,2,100.0,4,0.03,20.155,-0.035,52.6483603,9.7457105,33.88,31.93,52.648348299999995,9.7457084,0.027401669256310976,-0.031066860685499065,4.244815273775409,-9.195,-18.155,0.055,20.144188,0.048099935,0.6599649
0 days 00:00:06.200000,-0.0004717106086471161,-7.204464000000001,0.41202000000000005,8.891784000000001,46.246523320496365,46.246523320496365,46.246523320496365,46.246523320496365,-0.02617993877991494,-0.04136430327226561,0.0022689280275926286,-19.0,2.99,135.9,2,2,100.0,4,0.035,20.085,-0.025,52.6483603,9.7457105,33.88,31.93,52.6483467,9.745707099999999,0.027227136331111543,-0.030543261909900768,4.244815273775409,-9.195,-18.155,0.055,20.07487,0.05236544,0.63716495
0 days 00:00:06.210000,-0.0003537829564853371,-5.850684000000001,0.20012400000000002,8.044200000000002,47.58370774497219,47.58370774497219,47.58370774497219,47.58370774497219,-0.017453292519943295,-0.019547687622336492,0.00034906585039886593,-19.0,2.99,139.79999999999998,2,2,100.0,4,0.035,20.03,-0.01,52.6483522,9.7457037,33.9,31.94,52.648345,9.7457057,0.027052603405912107,-0.030368728984701335,4.244815273775409,-9.05,-17.915,0.21,20.020462,0.051708736,0.6170146
0 days 00:00:06.220000,-0.0004717106086471161,-5.489676,0.47088,8.970264,49.268560119811724,49.268560119811724,49.268560119811724,49.268560119811724,-0.02129301687433082,0.02530727415391778,-0.0041887902047863905,-18.0,2.99,143.7,2,2,100.0,4,0.035,19.98,-0.005,52.6483522,9.7457037,33.9,31.94,52.648343399999995,9.7457044,0.026703537555513242,-0.0307177948351002,4.244815273775409,-9.05,-17.915,0.21,19.970419,0.05150551,0.6174876
0 days 00:00:06.230000,-0.0005896382608088951,-7.255476000000001,-0.03531600000000001,10.1043,50.94672657252889,50.94672657252889,50.94672657252889,50.94672657252889,-0.01064650843716541,0.006283185307179587,-0.0031415926535897933,-18.0,2.99,150.75,2,2,100.0,4,0.035,19.91,-0.01,52.6483522,9.7457037,33.9,31.94,52.6483418,9.745702999999999,0.026703537555513242,-0.0307177948351002,4.244815273775409,-9.05,-17.915,0.21,19.9003,0.051581543,0.6203343
0 days 00:00:06.240000,-0.0004717106086471161,-7.2907920000000015,-0.15696000000000002,8.530776000000001,52.52460419341035,52.52460419341035,52.52460419341035,52.52460419341035,-0.0038397243543875246,-0.05777039824101231,0.0008726646259971648,-15.0,2.99,157.79999999999998,2,2,100.0,4,0.03,19.84,-0.0,52.6483522,9.7457037,33.9,31.94,52.6483402,9.7457017,0.026703537555513242,-0.0301941960595019,4.244815273775409,-9.05,-17.915,0.21,19.830957,0.045981806,0.5979473
0 days 00:00:06.250000,-0.0005896382608088951,-4.3870320000000005,0.0,8.648496000000002,54.563810440735985,54.563810440735985,54.563810440735985,54.563810440735985,0.0005235987755982988,0.0038397243543875246,-0.0038397243543875246,-12.0,2.99,153.29999999999998,2,2,100.0,4,0.03,19.8,0.01,52.6483522,9.7457037,33.9,31.94,52.648338599999995,9.745700399999999,0.026703537555513242,-0.0301941960595019,4.24464074085021,-9.05,-17.915,0.21,19.791275,0.045682676,0.58674824
0 days 00:00:06.260000,-0.0007075659129706742,-6.454980000000001,0.7102440000000001,8.656344,56.195175438596486,56.195175438596486,56.195175438596486,56.195175438596486,-0.008203047484373348,0.052185344634630454,-0.008726646259971648,-9.0,2.99,148.79999999999998,2,2,100.0,4,0.035,19.735,0.02,52.648344099999996,9.7456971,33.910000000000004,31.96,52.6483371,9.7456991,0.02652900463031381,-0.0307177948351002,4.24464074085021,-8.86,-17.68,0.13,19.726305,0.0505353,0.5849952
0 days 00:00:06.270000,-0.000825493565132453,-8.71128,0.074556,8.632800000000001,58.27449721865641,58.27449721865641,58.27449721865641,58.27449721865641,-0.011519173063162576,0.0031415926535897933,-0.012042771838760874,-6.0,2.99,141.29999999999998,2,2,100.0,4,0.035,19.650000000000002,0.03,52.648344099999996,9.7456971,33.910000000000004,31.95,52.648335499999995,9.7456977,0.02652900463031381,-0.0307177948351002,4.24446620792501,-8.86,-17.68,0.13,19.641651,0.050200917,0.5723937
0 days 00:00:06.280000,-0.0010613488694560112,-6.439284,0.40417200000000003,9.115452000000001,60.72154471544715,60.72154471544715,60.72154471544715,60.72154471544715,-0.019547687622336492,-0.04276056667386108,-0.008726646259971648,-4.0,2.99,133.79999999999998,2,2,100.0,4,0.04,19.59,0.035,52.648344099999996,9.7456971,33.910000000000004,31.95,52.6483339,9.7456964,0.026179938779914945,-0.030368728984701335,4.24446620792501,-8.86,-17.68,0.13,19.58203,0.054641407,0.5586092
0 days 00:00:06.290000,-0.0009434212172942321,-4.383108000000001,0.604296,9.605952000000002,62.99475823705605,62.99475823705605,62.99475823705605,62.99475823705605,-0.010471975511965976,0.017453292519943295,0.002967059728390361,-1.0,2.99,128.24999999999997,2,2,100.0,4,0.045,19.55,0.035,52.648344099999996,9.7456971,33.910000000000004,31.95,52.6483323,9.745695099999999,0.026179938779914945,-0.030543261909900768,4.24446620792501,-8.86,-17.68,0.13,19.541948,0.059697185,0.56067365
0 days 00:00:06.300000,-0.0007075659129706742,-5.940936000000001,0.258984,9.86886,63.20870774497219,63.20870774497219,63.20870774497219,63.20870774497219,-0.002617993877991494,0.06632251157578452,0.005759586531581288,2.0,2.99,122.69999999999999,2,2,100.0,4,0.04,19.495,0.035,52.648344099999996,9.7456971,33.910000000000004,31.95,52.6483308,9.7456939,0.026179938779914945,-0.031241393610698498,4.24446620792501,-8.86,-17.68,0.13,19.48658,0.05501105,0.57272524
0 days 00:00:06.310000,-0.0007075659129706742,-8.515080000000001,0.306072,8.45622,62.433140778776206,62.433140778776206,62.433140778776206,62.433140778776206,-0.012391837689159739,0.02757620218151041,-0.0012217304763960308,5.0,2.99,117.3,2,2,100.0,4,0.04,19.41,0.045,52.648336199999996,9.7456905,33.9,31.970000000000002,52.6483292,9.745692499999999,0.02600540585471551,-0.031415926535897934,4.24446620792501,-8.775,-17.415,0.06,19.401834,0.054670203,0.56347406
0 days 00:00:06.320000,-0.0014151318259413483,-7.569396000000001,-0.023544000000000002,8.844696,61.39682284980745,61.39682284980745,61.39682284980745,61.39682284980745,-0.02617993877991494,0.0017453292519943296,-0.008203047484373348,8.0,2.99,111.9,2,2,100.0,4,0.04,19.335,0.05,52.648336199999996,9.7456905,33.9,31.96,52.648327599999995,9.7456912,0.025656340004316644,-0.031415926535897934,4.24446620792501,-8.775,-17.415,0.06,19.327028,0.05428487,0.5561421
0 days 00:00:06.330000,-0.0020047700867502436,-6.6472560000000005,0.7965720000000002,9.217476,61.04246897732135,61.04246897732135,61.04246897732135,61.04246897732135,-0.01815142422074103,-0.008028514559173916,-0.0012217304763960308,11.0,2.99,116.25,2,2,100.0,4,0.045,19.275000000000002,0.055,52.648336199999996,9.7456905,33.9,31.96,52.6483261,9.74569,0.02548180707911721,-0.031415926535897934,4.24446620792501,-8.775,-17.415,0.06,19.267216,0.059010834,0.54914427
0 days 00:00:06.340000,-0.0015330594781031272,-6.0822,0.604296,9.912024,61.64420196833547,61.64420196833547,61.64420196833547,61.64420196833547,0.00471238898038469,0.029321531433504733,0.008028514559173916,14.0,2.99,120.6,2,2,100.0,4,0.05,19.215,0.055,52.648336199999996,9.7456905,33.9,31.96,52.648324599999995,9.745688699999999,0.025656340004316644,-0.03159045946109736,4.24446620792501,-8.775,-17.415,0.06,19.20715,0.06414268,0.55047286
0 days 00:00:06.350000,-0.0011792765216177901,-6.815988000000001,0.29430000000000006,9.558864000000002,62.19244758237056,62.19244758237056,62.19244758237056,62.19244758237056,0.007330382858376183,0.03735004599267865,0.008552113334772213,17.0,2.99,137.55,2,2,100.0,4,0.05,19.150000000000002,0.055,52.648336199999996,9.7456905,33.9,31.96,52.648323,9.7456874,0.025656340004316644,-0.032114058236695664,4.24464074085021,-8.775,-17.415,0.06,19.141891,0.06434713,0.5584399
0 days 00:00:06.360000,-0.0017689147824266852,-7.271172000000001,-0.49834800000000007,9.656964,61.617458279845955,61.617458279845955,61.617458279845955,61.617458279845955,0.01291543646475804,0.013788101090755204,0.0017453292519943296,11.0,2.99,154.5,2,2,100.0,4,0.04,19.080000000000002,0.05,52.648328299999996,9.745684899999999,33.77,31.970000000000002,52.648321499999994,9.7456861,0.025830872929516076,-0.032114058236695664,4.24464074085021,-8.620000000000001,-17.18,-0.145,19.071768,0.05451895,0.5614358
0 days 00:00:06.370000,-0.0023585530432355803,-6.874848,0.380628,8.683812000000001,60.928808301240906,60.928808301240906,60.928808301240906,60.928808301240906,0.005585053606381855,-0.005061454830783556,0.0031415926535897933,14.0,2.99,163.64999999999998,2,2,100.0,4,0.04,19.015,0.06,52.648328299999996,9.745684899999999,33.77,31.970000000000002,52.6483199,9.745684899999999,0.025830872929516076,-0.032114058236695664,4.24464074085021,-8.620000000000001,-17.18,-0.145,19.00712,0.054206897,0.549358
0 days 00:00:06.380000,-0.0023585530432355803,-5.862456000000001,0.22759200000000002,10.555560000000002,60.922122379118534,60.922122379118534,60.922122379118534,60.922122379118534,0.010122909661567111,0.03944444109507185,0.00471238898038469,16.0,2.99,172.79999999999998,2,2,100.0,4,0.04,18.96,0.05,52.648328299999996,9.745684899999999,33.77,31.970000000000002,52.6483184,9.7456836,0.02600540585471551,-0.03246312408709453,4.24464074085021,-8.620000000000001,-17.18,-0.145,18.951632,0.05468877,0.56418777
0 days 00:00:06.390000,-0.0021226977389120225,-7.938252,-0.1962,11.261880000000001,60.975609756097555,60.975609756097555,60.975609756097555,60.975609756097555,0.01361356816555577,0.048171087355043496,0.005061454830783556,16.0,2.99,152.25,2,2,100.0,4,0.035,18.885,0.035,52.648328299999996,9.745684899999999,33.77,31.970000000000002,52.6483169,9.7456824,0.026179938779914945,-0.03298672286269283,4.244815273775409,-8.620000000000001,-17.18,-0.145,18.875881,0.050376397,0.5867427
0 days 00:00:06.400000,-0.0021226977389120225,-9.998352000000002,0.15696000000000002,8.648496000000002,60.507595207531025,60.507595207531025,60.507595207531025,60.507595207531025,0.005061454830783556,-0.012566370614359173,0.005585053606381855,16.0,2.99,131.7,2,2,100.0,4,0.03,18.79,0.045,52.648328299999996,9.745684899999999,33.77,31.970000000000002,52.648315399999994,9.745681099999999,0.026179938779914945,-0.0328121899374934,4.244815273775409,-8.620000000000001,-17.18,-0.145,18.781363,0.04494866,0.57047355
0 days 00:00:06.410000,-0.0023585530432355803,-7.950024000000001,0.125568,9.119376,59.64511125374412,59.64511125374412,59.64511125374412,59.64511125374412,0.005759586531581288,0.004537856055185257,-0.003316125578789226,17.0,2.99,123.44999999999999,2,2,100.0,4,0.03,18.71,0.05,52.6483207,9.7456786,33.76,31.98,52.6483139,9.7456798,0.026179938779914945,-0.03298672286269283,4.244815273775409,-8.475,-16.925,-0.22,18.701471,0.044834584,0.56611717
0 days 00:00:06.420000,-0.0024764806953973596,-7.698888000000001,0.64746,9.480384,59.22389816003423,59.22389816003423,59.22389816003423,59.22389816003423,0.0013962634015954637,0.012217304763960306,-0.0054105206811824215,18.0,2.99,115.19999999999999,2,2,100.0,4,0.035,18.635,0.05,52.6483207,9.7456786,33.76,31.98,52.648312399999995,9.7456786,0.026179938779914945,-0.03298672286269283,4.244815273775409,-8.475,-16.925,-0.22,18.626513,0.049768124,0.56351364
0 days 00:00:06.430000,-0.0023585530432355803,-8.138376000000001,-0.04316400000000001,10.586952000000002,58.98320496362857,58.98320496362857,58.98320496362857,58.98320496362857,0.01832595714594046,0.011344640137963142,-0.0031415926535897933,18.0,2.99,119.55,2,2,100.0,4,0.035,18.56,0.04,52.6483207,9.7456786,33.76,31.98,52.6483109,9.7456774,0.026354471705114377,-0.033161255787892266,4.24464074085021,-8.475,-16.925,-0.22,18.55112,0.05014998,0.57425994
0 days 00:00:06.440000,-0.0021226977389120225,-7.859772,0.380628,9.484308,58.876230209670524,58.876230209670524,58.876230209670524,58.876230209670524,0.0005235987755982988,0.0015707963267948967,-0.004014257279586958,9.0,2.99,123.9,2,2,100.0,4,0.035,18.485,0.04,52.6483207,9.7456786,33.76,31.98,52.648309399999995,9.745676099999999,0.026354471705114377,-0.033161255787892266,4.24464074085021,-8.475,-16.925,-0.22,18.476164,0.050084457,0.57177424
0 days 00:00:06.450000,-0.0022406253910738014,-7.530156000000001,0.13734000000000002,10.057212000000002,58.92971758664955,58.92971758664955,58.92971758664955,58.92971758664955,-0.008377580409572781,0.016406094968746697,-0.006806784082777885,-8.0,2.99,140.4,2,2,100.0,4,0.035,18.41,0.035,52.6483207,9.7456786,33.76,31.98,52.6483079,9.7456749,0.026354471705114377,-0.033335788713091695,4.24464074085021,-8.475,-16.925,-0.22,18.40094,0.050235245,0.5774944
0 days 00:00:06.460000,-0.0022406253910738014,-8.460144000000001,1.1301120000000002,10.257336000000002,58.43495934959349,58.43495934959349,58.43495934959349,58.43495934959349,-0.0027925268031909274,0.0027925268031909274,-0.005759586531581288,-29.0,2.99,156.9,2,1,100.0,4,0.045,18.330000000000002,0.025,52.6483132,9.745672299999999,33.76,31.990000000000002,52.648306399999996,9.7456737,0.026354471705114377,-0.033335788713091695,4.24446620792501,-8.32,-16.535,-0.1,18.32065,0.06042488,0.58455646
0 days 00:00:06.470000,-0.0021226977389120225,-8.00496,0.21974400000000002,9.554940000000002,57.64602053915276,57.64602053915276,57.64602053915276,57.64602053915276,-0.00645771823237902,-0.01937315469713706,-0.005585053606381855,-42.0,2.99,168.0,2,1,100.0,4,0.045,18.255,0.025,52.6483132,9.745672299999999,33.76,31.990000000000002,52.648305,9.7456725,0.026179938779914945,-0.033161255787892266,4.24446620792501,-8.32,-16.535,-0.1,18.245792,0.06017406,0.5788847
0 days 00:00:06.480000,-0.0020047700867502436,-7.573320000000001,-0.015696,10.021896000000002,57.779738981600346,57.779738981600346,57.779738981600346,57.779738981600346,-0.015184364492350668,0.03717551306747922,-0.005934119456780722,-42.0,2.99,179.1,2,1,100.0,4,0.045,18.18,0.02,52.6483132,9.745672299999999,33.76,31.990000000000002,52.6483035,9.7456713,0.02600540585471551,-0.033510321638291124,4.24446620792501,-8.32,-16.535,-0.1,18.170464,0.06030323,0.58774555
0 days 00:00:06.490000,-0.0021226977389120225,-9.335196,0.8789760000000001,10.759608,57.08440308087291,57.08440308087291,57.08440308087291,57.08440308087291,-0.016755160819145562,0.04223696789826277,-0.0054105206811824215,-41.0,2.99,159.0,1,1,100.0,4,0.05,18.09,0.01,52.6483132,9.745672299999999,33.76,31.990000000000002,52.648302099999995,9.7456701,0.025830872929516076,-0.034033920413889425,4.24446620792501,-8.32,-16.535,-0.1,18.079863,0.06562374,0.60406715
0 days 00:00:06.500000,-0.0020047700867502436,-10.739988,0.125568,9.633420000000001,55.72047496790756,55.72047496790756,55.72047496790756,55.72047496790756,0.0013962634015954637,-0.033859387488689996,-0.00034906585039886593,-48.0,2.99,138.9,1,1,100.0,4,0.05,17.990000000000002,0.01,52.6483132,9.745672299999999,33.76,31.990000000000002,52.6483006,9.7456689,0.025830872929516076,-0.03368485456349056,4.244291674999811,-8.32,-16.535,-0.1,17.980133,0.06537375,0.5943914
0 days 00:00:06.510000,-0.0020047700867502436,-7.490916000000001,-0.184428,9.068364,54.24288617886179,54.24288617886179,54.24288617886179,54.24288617886179,0.0006981317007977319,-0.01291543646475804,-0.0015707963267948967,-48.0,2.99,127.2,1,1,100.0,4,0.045,17.915,0.015,52.648306,9.7456661,33.9,32.0,52.6482992,9.7456677,0.02600540585471551,-0.033510321638291124,4.244291674999811,-8.155,-16.175,-0.08,17.905445,0.060202304,0.5838655
0 days 00:00:06.520000,-0.0021226977389120225,-6.941556,0.349236,10.908720000000002,52.24379546427043,52.24379546427043,52.24379546427043,52.24379546427043,0.009773843811168246,0.049567350756638956,-0.0031415926535897933,-48.0,2.99,115.5,1,1,100.0,4,0.05,17.85,-0.0,52.648306,9.7456661,33.9,32.0,52.6482977,9.745666499999999,0.02600540585471551,-0.034033920413889425,4.244291674999811,-8.155,-16.175,-0.08,17.839663,0.06577669,0.6058827
0 days 00:00:06.530000,-0.0021226977389120225,-9.264564,-0.24721200000000002,10.053288000000002,48.92757809157039,48.92757809157039,48.92757809157039,48.92757809157039,0.006283185307179587,0.012566370614359173,-0.007155849933176751,-48.0,2.99,113.7,1,2,100.0,4,0.045,17.76,-0.005,52.648306,9.7456661,33.9,32.0,52.6482963,9.745665299999999,0.02600540585471551,-0.03420845333908886,4.244291674999811,-8.155,-16.175,-0.08,17.749437,0.06090924,0.61104363
0 days 00:00:06.540000,-0.0022406253910738014,-8.41698,0.023544000000000002,9.672660000000002,46.286638853230635,46.286638853230635,46.286638853230635,46.286638853230635,0.007155849933176751,-0.027052603405912107,-0.008377580409572781,-47.0,2.99,111.9,1,2,100.0,4,0.045,17.68,-0.005,52.648306,9.7456661,33.9,32.0,52.648294899999996,9.745664099999999,0.026179938779914945,-0.03385938748868999,4.244117142074611,-8.155,-16.175,-0.08,17.669697,0.06078281,0.6021319
0 days 00:00:06.550000,-0.0022406253910738014,-6.627636,0.26290800000000003,9.825696,46.246523320496365,46.246523320496365,46.246523320496365,46.246523320496365,0.012217304763960306,0.004537856055185257,-0.007155849933176751,-47.0,2.99,125.1,1,2,100.0,4,0.045,17.62,-0.01,52.648306,9.7456661,33.9,32.0,52.648293499999994,9.7456629,0.026179938779914945,-0.03385938748868999,4.244117142074611,-8.155,-16.175,-0.08,17.609564,0.060860448,0.60509694
0 days 00:00:06.560000,-0.0017689147824266852,-7.322184000000001,0.33354000000000006,9.825696,47.63050919982884,47.63050919982884,47.63050919982884,47.63050919982884,0.019198621771937627,0.015707963267948967,-0.009075712110370514,-36.0,2.99,138.29999999999998,1,2,100.0,4,0.045,17.55,-0.01,52.6482986,9.7456602,33.910000000000004,32.01,52.648292,9.745661799999999,0.02652900463031381,-0.034033920413889425,4.2439426091494115,-7.97,-15.8,0.01,17.539495,0.061090007,0.6057669
0 days 00:00:06.570000,-0.001650987130264906,-8.322804000000001,-0.08632800000000002,9.743292000000002,50.224646983311935,50.224646983311935,50.224646983311935,50.224646983311935,0.022863813201125717,-0.004363323129985824,-0.011344640137963142,-36.0,2.99,152.39999999999998,1,2,100.0,4,0.045,17.47,-0.015,52.6482986,9.7456602,33.910000000000004,32.01,52.648290599999996,9.745660599999999,0.026703537555513242,-0.034033920413889425,4.2439426091494115,-7.97,-15.8,0.01,17.459372,0.061256472,0.6080303
0 days 00:00:06.580000,-0.0017689147824266852,-8.267868,0.5140440000000001,9.507852000000002,52.54466195977749,52.54466195977749,52.54466195977749,52.54466195977749,0.01064650843716541,0.00471238898038469,-0.01361356816555577,-30.0,2.99,166.5,2,2,100.0,4,0.05,17.39,-0.015,52.6482986,9.7456602,33.910000000000004,32.01,52.6482892,9.7456594,0.026703537555513242,-0.034033920413889425,4.243768076224212,-7.97,-15.8,0.01,17.379417,0.06618201,0.6051756
0 days 00:00:06.590000,-0.001650987130264906,-8.989884,1.1183400000000001,9.048744000000001,55.43966623876765,55.43966623876765,55.43966623876765,55.43966623876765,-0.00471238898038469,-0.006806784082777885,-0.008726646259971648,-30.0,2.99,165.0,2,2,100.0,4,0.06,17.3,-0.01,52.6482986,9.7456602,33.910000000000004,32.01,52.6482878,9.745658299999999,0.026703537555513242,-0.034033920413889425,4.2435935432990135,-7.97,-15.8,0.01,17.28964,0.075963244,0.5968519
0 days 00:00:06.600000,-0.0012972041737795694,-7.906860000000001,0.129492,9.562788000000001,56.68993367565255,56.68993367565255,56.68993367565255,56.68993367565255,-0.004886921905584123,-0.03804817769347638,-0.008028514559173916,-40.0,2.99,163.5,2,2,100.0,4,0.06,17.225,-0.01,52.6482986,9.7456602,33.910000000000004,32.01,52.6482865,9.745657099999999,0.026703537555513242,-0.03368485456349056,4.2435935432990135,-7.97,-15.8,0.01,17.214891,0.07573466,0.58829385
0 days 00:00:06.610000,-0.0014151318259413483,-6.545232,0.12164400000000002,10.371132000000001,55.47978177150192,55.47978177150192,55.47978177150192,55.47978177150192,-0.0031415926535897933,0.00034906585039886593,-0.008377580409572781,-40.0,2.99,137.85,2,2,100.0,4,0.06,17.165,-0.02,52.6482916,9.7456544,33.92,32.02,52.648285099999995,9.745656,0.026703537555513242,-0.03368485456349056,4.243419010373813,-7.83,-15.395,0.145,17.15459,0.07594756,0.5962646
0 days 00:00:06.620000,-0.001650987130264906,-7.977492000000001,0.5650560000000001,8.836848000000002,54.24288617886179,54.24288617886179,54.24288617886179,54.24288617886179,-0.028448866807507574,0.022863813201125717,-0.015707963267948967,-41.0,2.99,112.19999999999999,2,2,100.0,4,0.07,17.085,-0.01,52.6482916,9.7456544,33.92,32.02,52.6482837,9.745654799999999,0.026354471705114377,-0.03385938748868999,4.243244477448615,-7.83,-15.395,0.145,17.07487,0.08548011,0.5863224
0 days 00:00:06.630000,-0.001650987130264906,-9.65304,0.6670800000000001,10.08468,54.02893667094565,54.02893667094565,54.02893667094565,54.02893667094565,-0.02722713633111154,-0.005235987755982988,-0.01902408884673819,-41.0,2.99,104.54999999999998,2,2,100.0,4,0.075,16.995,-0.015,52.6482916,9.7456544,33.92,32.02,52.6482823,9.7456537,0.02600540585471551,-0.03385938748868999,4.243069944523414,-7.83,-15.395,0.145,16.984753,0.09032447,0.5881719
0 days 00:00:06.640000,-0.0014151318259413483,-9.37836,0.5650560000000001,9.5157,54.79781771501926,54.79781771501926,54.79781771501926,54.79781771501926,-0.008028514559173916,-0.05183627878423159,-0.007504915783575617,-43.0,2.99,96.89999999999999,2,2,100.0,4,0.08,16.905,-0.015,52.6482916,9.7456544,33.92,32.02,52.648281,9.7456526,0.02600540585471551,-0.033335788713091695,4.243069944523414,-7.83,-15.395,0.145,16.89511,0.09501353,0.5761531
0 days 00:00:06.650000,-0.0009434212172942321,-5.94486,-0.223668,9.362664,54.690842961061186,54.690842961061186,54.690842961061186,54.690842961061186,-0.009599310885968814,-0.016755160819145562,-0.007679448708775049,-46.0,2.99,108.29999999999998,2,2,100.0,4,0.075,16.85,-0.015,52.6482916,9.7456544,33.92,32.02,52.648279599999995,9.7456515,0.025830872929516076,-0.033161255787892266,4.242895411598215,-7.83,-15.395,0.145,16.840239,0.08979139,0.5715281
0 days 00:00:06.660000,-0.0009434212172942321,-6.349032,-0.5258160000000001,10.47708,54.08910997004706,54.08910997004706,54.08910997004706,54.08910997004706,-0.008028514559173916,0.01815142422074103,-0.01064650843716541,-40.0,2.99,119.69999999999999,2,2,100.0,4,0.07,16.79,-0.025,52.6482848,9.7456487,33.92,32.03,52.648278299999994,9.7456503,0.025830872929516076,-0.033335788713091695,4.242895411598215,-7.62,-15.085,0.115,16.779839,0.085075445,0.5825874
0 days 00:00:06.670000,-0.0015330594781031272,-9.025200000000002,0.07848000000000001,9.162540000000002,53.48737697903295,53.48737697903295,53.48737697903295,53.48737697903295,-0.009599310885968814,-0.032812189937493394,-0.011868238913561443,-40.0,2.99,140.25,2,2,100.0,4,0.07,16.7,-0.02,52.6482848,9.7456487,33.92,32.03,52.6482769,9.745649199999999,0.025656340004316644,-0.03298672286269283,4.2427208786730155,-7.62,-15.085,0.115,16.690256,0.084619164,0.5687839
0 days 00:00:06.680000,-0.0014151318259413483,-7.675344,0.184428,8.428752000000001,53.440575524176296,53.440575524176296,53.440575524176296,53.440575524176296,-0.005585053606381855,-0.060562925044203235,-0.008377580409572781,-33.0,2.99,160.79999999999998,2,2,100.0,4,0.075,16.625,-0.01,52.6482848,9.7456487,33.92,32.03,52.6482756,9.7456481,0.025656340004316644,-0.03246312408709453,4.242546345747817,-7.62,-15.085,0.115,16.615915,0.08907448,0.54749453
0 days 00:00:06.690000,-0.0011792765216177901,-5.956632000000001,-0.27468000000000004,9.637344,52.87895806589645,52.87895806589645,52.87895806589645,52.87895806589645,-0.00471238898038469,0.030019663134302467,-0.010995574287564275,-33.0,2.99,145.79999999999998,2,2,100.0,4,0.07,16.57,-0.01,52.6482848,9.7456487,33.92,32.03,52.648274199999996,9.745647,0.025656340004316644,-0.0328121899374934,4.242546345747817,-7.62,-15.085,0.115,16.560753,0.08417863,0.55161715
0 days 00:00:06.700000,-0.0014151318259413483,-9.743292000000002,-0.011772000000000001,8.942796000000001,51.936243046640996,51.936243046640996,51.936243046640996,51.936243046640996,-0.012566370614359173,0.011693705988362009,-0.015184364492350668,-36.0,2.99,130.79999999999998,2,2,100.0,4,0.07,16.475,-0.0,52.6482848,9.7456487,33.92,32.03,52.648272899999995,9.7456459,0.02548180707911721,-0.0328121899374934,4.242371812822617,-7.62,-15.085,0.115,16.466131,0.08374829,0.53852487
0 days 00:00:06.710000,-0.0017689147824266852,-9.990504,0.5650560000000001,8.781912,50.8464377406932,50.8464377406932,50.8464377406932,50.8464377406932,-0.014311699866353502,-0.07557275661135446,-0.011519173063162576,-36.0,2.99,117.74999999999999,2,2,100.0,4,0.075,16.38,0.005,52.6482779,9.7456433,33.910000000000004,32.04,52.6482716,9.745644799999999,0.02530727415391778,-0.032114058236695664,4.242197279897417,-7.36,-14.74,-0.025,16.371714,0.08815816,0.5188757
0 days 00:00:06.720000,-0.0017689147824266852,-5.725116000000001,0.007848,9.892404,49.22175866495507,49.22175866495507,49.22175866495507,49.22175866495507,-0.007853981633974483,-0.026354471705114374,-0.0036651914291880917,-43.0,2.99,104.69999999999999,2,2,100.0,4,0.075,16.325,-0.0,52.6482779,9.7456433,33.910000000000004,32.04,52.6482703,9.745643699999999,0.02530727415391778,-0.0317649923862968,4.242197279897417,-7.36,-14.74,-0.025,16.316765,0.08809581,0.5164124
0 days 00:00:06.730000,-0.001650987130264906,-6.545232,-0.062784,10.265184,47.510162601626014,47.510162601626014,47.510162601626014,47.510162601626014,-0.005585053606381855,0.03700098014227979,0.00017453292519943296,-43.0,2.99,102.89999999999999,2,2,100.0,4,0.07,16.26,-0.005,52.6482779,9.7456433,33.910000000000004,32.04,52.648269,9.7456427,0.025132741228718343,-0.0322885911618951,4.242197279897417,-7.36,-14.74,-0.025,16.251362,0.0832948,0.5279922
0 days 00:00:06.740000,-0.001650987130264906,-9.197856000000002,-0.003924,9.37836,46.687794180573384,46.687794180573384,46.687794180573384,46.687794180573384,-0.019896753472735357,-0.0019198621771937623,-0.009075712110370514,-46.0,2.99,101.1,2,2,100.0,4,0.07,16.175,-0.005,52.6482779,9.7456433,33.910000000000004,32.04,52.6482677,9.745641599999999,0.02495820830351891,-0.032114058236695664,4.242022746972218,-7.36,-14.74,-0.025,16.166498,0.08306375,0.5224428
0 days 00:00:06.750000,-0.0018868424345884643,-10.159236000000002,0.714168,8.577864000000002,48.867404792468975,48.867404792468975,48.867404792468975,48.867404792468975,-0.03159045946109736,-0.032812189937493394,-0.0041887902047863905,-48.0,2.99,116.39999999999999,2,2,100.0,4,0.075,16.075,0.005,52.6482779,9.7456433,33.910000000000004,32.04,52.6482664,9.7456405,0.024609142453120045,-0.031939525311496235,4.242022746972218,-7.36,-14.74,-0.025,16.066961,0.08748592,0.5063437
0 days 00:00:06.760000,-0.0017689147824266852,-8.860392000000001,0.7416360000000001,10.641888,51.595261018399654,51.595261018399654,51.595261018399654,51.595261018399654,-0.014660765716752367,0.0,0.006283185307179587,-51.0,2.99,131.7,2,2,100.0,4,0.075,15.985000000000001,0.01,52.6482714,9.745638,33.89,32.05,52.648265099999996,9.7456394,0.024609142453120045,-0.03159045946109736,4.242197279897417,-7.22,-14.39,-0.135,15.97734,0.08715499,0.4928992
0 days 00:00:06.770000,-0.0014151318259413483,-7.820532000000001,-0.875052,10.225944,51.581889174154895,51.581889174154895,51.581889174154895,51.581889174154895,0.01117010721276371,-0.08866272600131195,0.011344640137963142,-53.0,2.99,137.85,2,2,100.0,4,0.065,15.91,0.005,52.6482714,9.745638,33.89,32.05,52.648263799999995,9.745638399999999,0.024609142453120045,-0.0307177948351002,4.242197279897417,-7.22,-14.39,-0.135,15.902648,0.07688122,0.48189977
0 days 00:00:06.780000,-0.0015330594781031272,-4.108428,0.266832,8.338500000000002,50.2045892169448,50.2045892169448,50.2045892169448,50.2045892169448,-0.002967059728390361,-0.04537856055185257,0.005585053606381855,-55.0,2.99,144.0,2,2,100.0,4,0.065,15.870000000000001,0.015,52.6482714,9.745638,33.89,32.05,52.648262499999994,9.7456373,0.024609142453120045,-0.0301941960595019,4.242197279897417,-7.22,-14.39,-0.135,15.863219,0.07640066,0.46237594
0 days 00:00:06.790000,-0.0022406253910738014,-4.190832,0.623916,10.139616000000002,48.573224219084295,48.573224219084295,48.573224219084295,48.573224219084295,-0.01884955592153876,0.026354471705114374,0.00034906585039886593,-54.0,2.99,129.14999999999998,2,2,100.0,4,0.07,15.83,0.015,52.6482714,9.745638,33.89,32.05,52.648261299999994,9.7456363,0.024434609527920616,-0.030543261909900768,4.242197279897417,-7.22,-14.39,-0.135,15.823074,0.08142391,0.46658155
0 days 00:00:06.800000,-0.0024764806953973596,-8.263944,0.9810000000000001,10.445688,48.004920838682075,48.004920838682075,48.004920838682075,48.004920838682075,0.0031415926535897933,0.02076941809873252,0.007330382858376183,-54.0,2.99,114.29999999999998,2,2,100.0,4,0.075,15.755,0.005,52.6482714,9.745638,33.89,32.05,52.64826,9.745635199999999,0.024434609527920616,-0.0307177948351002,4.242371812822617,-7.22,-14.39,-0.135,15.747721,0.08667783,0.47690976
0 days 00:00:06.810000,-0.0018868424345884643,-9.072288,-0.49442400000000003,9.935568000000002,46.2665810868635,46.2665810868635,46.2665810868635,46.2665810868635,0.021642082724729686,0.026878070480712675,0.012566370614359173,-54.0,2.99,106.19999999999999,2,2,100.0,4,0.075,15.655000000000001,0.005,52.648264999999995,9.7456327,33.89,32.06,52.6482587,9.7456342,0.024609142453120045,-0.0307177948351002,4.242371812822617,-7.07,-14.030000000000001,-0.055,15.647768,0.086685486,0.47382426
0 days 00:00:06.820000,-0.0018868424345884643,-8.997732000000001,-0.6827760000000002,9.641268,43.97330979888746,43.97330979888746,43.97330979888746,43.97330979888746,0.006283185307179587,0.03089232776029963,0.008028514559173916,-55.0,2.99,98.1,2,2,100.0,4,0.06,15.565,0.005,52.648264999999995,9.7456327,33.89,32.06,52.6482575,9.7456331,0.024609142453120045,-0.030892327760299633,4.242371812822617,-7.07,-14.030000000000001,-0.055,15.557728,0.07168882,0.47414452
0 days 00:00:06.830000,-0.0027123359997209178,-9.229248000000002,0.40024800000000005,9.876708000000002,41.59980744544287,41.59980744544287,41.59980744544287,41.59980744544287,0.00645771823237902,-0.013788101090755204,0.0041887902047863905,-54.0,2.99,97.64999999999999,2,2,100.0,4,0.065,15.48,-0.0,52.648264999999995,9.7456327,33.89,32.06,52.6482562,9.7456321,0.024783675378319478,-0.030892327760299633,4.242546345747817,-7.07,-14.030000000000001,-0.055,15.472613,0.07682882,0.47637954
0 days 00:00:06.840000,-0.0027123359997209178,-7.0239600000000015,0.9299880000000001,9.621648,39.16613179289688,39.16613179289688,39.16613179289688,39.16613179289688,0.012391837689159739,-0.024434609527920613,0.006981317007977318,-50.0,2.99,97.19999999999999,2,2,100.0,4,0.07,15.41,-0.0,52.648264999999995,9.7456327,33.89,32.06,52.648255,9.745631099999999,0.024783675378319478,-0.030543261909900768,4.242546345747817,-7.07,-14.030000000000001,-0.055,15.402813,0.081640474,0.4687193
0 days 00:00:06.850000,-0.0021226977389120225,-5.615244000000001,-0.047088000000000005,11.022516000000001,39.466998288403936,39.466998288403936,39.466998288403936,39.466998288403936,0.009250245035569947,0.054977871437821374,0.006632251157578452,-50.0,2.99,105.14999999999999,2,2,100.0,4,0.065,15.36,-0.015,52.648264999999995,9.7456327,33.89,32.06,52.6482537,9.7456301,0.02495820830351891,-0.031066860685499065,4.242546345747817,-7.07,-14.030000000000001,-0.055,15.352121,0.07726049,0.4903276
0 days 00:00:06.860000,-0.0020047700867502436,-9.500004,0.074556,10.520244,42.03439238339752,42.03439238339752,42.03439238339752,42.03439238339752,0.0019198621771937623,0.02495820830351891,0.003316125578789226,-40.0,2.99,113.1,2,2,100.0,4,0.065,15.26,-0.02,52.6482587,9.7456275,33.89,32.07,52.6482525,9.745629,0.02495820830351891,-0.031066860685499065,4.242546345747817,-6.92,-13.73,-0.085,15.252015,0.077307686,0.49221843
0 days 00:00:06.870000,-0.0021226977389120225,-9.817848000000001,0.5415120000000001,8.079516,44.30760590500642,44.30760590500642,44.30760590500642,44.30760590500642,0.0005235987755982988,-0.07923794804054256,0.005585053606381855,-40.0,2.99,127.8,2,2,100.0,4,0.07,15.165000000000001,-0.005,52.6482587,9.7456275,33.89,32.07,52.6482513,9.745628,0.02495820830351891,-0.030368728984701335,4.242546345747817,-6.92,-13.73,-0.085,15.157856,0.08159426,0.46357682
0 days 00:00:06.880000,-0.0017689147824266852,-5.054112,0.36493200000000003,9.766836000000001,46.48053059477963,46.48053059477963,46.48053059477963,46.48053059477963,0.012740903539558606,0.010821041362364843,0.011344640137963142,-38.0,2.99,142.5,2,2,100.0,4,0.07,15.115,-0.005,52.6482587,9.7456275,33.89,32.07,52.6482501,9.745626999999999,0.02495820830351891,-0.030368728984701335,4.2427208786730155,-6.92,-13.73,-0.085,15.107879,0.08155637,0.46205908
0 days 00:00:06.890000,-0.0015330594781031272,-6.517764000000001,0.49050000000000005,9.982656,47.77759948652118,47.77759948652118,47.77759948652118,47.77759948652118,-0.002617993877991494,0.061435589670200394,0.005235987755982988,-38.0,2.99,123.3,2,2,100.0,4,0.07,15.055,-0.01,52.6482587,9.7456275,33.89,32.07,52.6482489,9.745626,0.02495820830351891,-0.031066860685499065,4.2427208786730155,-6.92,-13.73,-0.085,15.047424,0.08189779,0.47573587
0 days 00:00:06.900000,-0.001650987130264906,-10.108224,-0.32569200000000004,7.742052,47.65056696619598,47.65056696619598,47.65056696619598,47.65056696619598,0.0012217304763960308,-0.053407075111026485,0.0017453292519943296,-48.0,2.99,104.1,2,2,100.0,4,0.065,14.955,0.01,52.6482587,9.7456275,33.89,32.07,52.6482477,9.745625,0.02495820830351891,-0.030543261909900768,4.2427208786730155,-6.92,-13.73,-0.085,14.94833,0.07612763,0.44494691
0 days 00:00:06.910000,-0.001650987130264906,-5.9684040000000005,1.035936,8.538624,46.86831407787761,46.86831407787761,46.86831407787761,46.86831407787761,-0.006806784082777885,0.019722220547535925,0.004886921905584123,-48.0,2.99,102.89999999999999,2,2,100.0,4,0.055,14.905000000000001,0.02,52.6482527,9.745622299999999,33.9,32.08,52.6482465,9.745624,0.02530727415391778,-0.030892327760299633,4.243069944523414,-6.815,-13.435,-0.0,14.898506,0.06612618,0.43885368
0 days 00:00:06.920000,-0.0012972041737795694,-7.267248,0.56898,11.532636,47.30289901583226,47.30289901583226,47.30289901583226,47.30289901583226,-0.00645771823237902,0.11187560505283653,0.006981317007977318,-49.0,2.99,101.69999999999999,2,2,100.0,4,0.06,14.835,-0.0,52.6482527,9.745622299999999,33.9,32.08,52.6482453,9.745623,0.025132741228718343,-0.031939525311496235,4.243244477448615,-6.815,-13.435,-0.0,14.827434,0.07188624,0.47208485
0 days 00:00:06.930000,-0.000825493565132453,-12.109464000000003,-0.37670400000000004,10.092528000000001,47.7374839537869,47.7374839537869,47.7374839537869,47.7374839537869,0.0038397243543875246,-0.0010471975511965976,0.007853981633974483,-49.0,2.99,101.85,2,2,100.0,4,0.05,14.72,-0.005,52.6482527,9.745622299999999,33.9,32.08,52.6482441,9.7456221,0.025132741228718343,-0.031939525311496235,4.243244477448615,-6.815,-13.435,-0.0,14.712334,0.0619227,0.47366083
0 days 00:00:06.940000,-0.0009434212172942321,-9.056592,0.18835200000000002,8.648496000000002,47.28284124946513,47.28284124946513,47.28284124946513,47.28284124946513,0.003316125578789226,-0.06632251157578452,0.005585053606381855,-39.0,2.99,102.0,2,2,100.0,4,0.05,14.63,0.005,52.6482527,9.745622299999999,33.9,32.08,52.6482429,9.7456211,0.02530727415391778,-0.031415926535897934,4.243244477448615,-6.815,-13.435,-0.0,14.622938,0.061485983,0.4531311
0 days 00:00:06.950000,-0.0011792765216177901,-5.391576,0.349236,9.813924,46.667736414206246,46.667736414206246,46.667736414206246,46.667736414206246,0.002617993877991494,0.01815142422074103,0.0027925268031909274,-39.0,2.99,106.35,2,2,100.0,4,0.05,14.58,-0.0,52.6482527,9.745622299999999,33.9,32.08,52.6482417,9.7456201,0.02530727415391778,-0.03159045946109736,4.243244477448615,-6.815,-13.435,-0.0,14.572725,0.06163706,0.4590996
0 days 00:00:06.960000,-0.0010613488694560112,-7.887240000000001,0.007848,10.033668000000002,46.34012623020967,46.34012623020967,46.34012623020967,46.34012623020967,0.006283185307179587,0.03700098014227979,0.0027925268031909274,-30.0,2.99,110.69999999999999,2,2,100.0,4,0.035,14.51,-0.015,52.648246799999995,9.7456177,33.81,32.09,52.6482406,9.745619099999999,0.025656340004316644,-0.0322885911618951,4.2435935432990135,-6.675,-13.075000000000001,0.155,14.501952,0.047389865,0.4823613
0 days 00:00:06.970000,-0.0009434212172942321,-9.782532000000002,0.153036,7.765596000000001,45.55118741976893,45.55118741976893,45.55118741976893,45.55118741976893,0.0022689280275926286,-0.051487212933832724,0.002617993877991494,-30.0,2.99,115.49999999999999,2,2,100.0,4,0.03,14.415000000000001,-0.0,52.648246799999995,9.7456177,33.81,32.09,52.648239399999994,9.7456182,0.025656340004316644,-0.0317649923862968,4.2435935432990135,-6.675,-13.075000000000001,0.155,14.407727,0.041734707,0.45689505
0 days 00:00:06.980000,-0.0010613488694560112,-6.058656000000001,-0.133416,8.742672,44.89596705177578,44.89596705177578,44.89596705177578,44.89596705177578,-0.003316125578789226,-0.01658062789394613,0.0010471975511965976,-27.0,2.99,120.29999999999998,2,2,100.0,4,0.03,14.355,0.01,52.648246799999995,9.7456177,33.81,32.09,52.648238199999994,9.7456172,0.025656340004316644,-0.03159045946109736,4.2435935432990135,-6.675,-13.075000000000001,0.155,14.348153,0.041365173,0.44249505
0 days 00:00:06.990000,-0.0010613488694560112,-6.247008000000001,0.30999600000000005,9.861012,44.60847240051348,44.60847240051348,44.60847240051348,44.60847240051348,-0.007155849933176751,0.04468042885105484,-0.0010471975511965976,-27.0,2.99,128.1,2,2,100.0,4,0.03,14.3,0.01,52.648246799999995,9.7456177,33.81,32.09,52.648237099999996,9.7456163,0.025656340004316644,-0.031939525311496235,4.2435935432990135,-6.675,-13.075000000000001,0.155,14.293026,0.0414486,0.44574603
0 days 00:00:07,-0.0009434212172942321,-8.566092000000001,0.7848,9.201780000000001,44.334349593495936,44.334349593495936,44.334349593495936,44.334349593495936,-0.007155849933176751,-0.01308996938995747,0.0019198621771937623,-37.0,2.99,135.9,2,2,100.0,4,0.035,14.215,0.01,52.648246799999995,9.7456177,33.81,32.09,52.648236,9.745615299999999,0.02548180707911721,-0.0317649923862968,4.2435935432990135,-6.675,-13.075000000000001,0.155,14.208146,0.046236835,0.44043335
0 days 00:00:07.010000,-0.0009434212172942321,-7.39674,0.145188,9.496080000000001,44.18057338468122,44.18057338468122,44.18057338468122,44.18057338468122,-0.004363323129985824,-0.0005235987755982988,0.00942477796076938,-41.0,2.99,123.6,2,2,100.0,4,0.02,14.145,0.01,52.648241,9.7456128,33.81,32.1,52.6482348,9.7456144,0.025656340004316644,-0.031939525311496235,4.2439426091494115,-6.485,-12.71,0.045,14.138105,0.03132491,0.44105443
0 days 00:00:07.020000,-0.0009434212172942321,-8.699508000000002,0.25506,10.245564,44.668645699614885,44.668645699614885,44.668645699614885,44.668645699614885,0.007853981633974483,0.08203047484373349,0.010821041362364843,-37.0,2.99,111.29999999999998,2,2,100.0,4,0.02,14.06,-0.0,52.648241,9.7456128,33.81,32.1,52.6482337,9.7456134,0.025830872929516076,-0.0328121899374934,4.244117142074611,-6.485,-12.71,0.045,14.052432,0.031906664,0.4605862
0 days 00:00:07.030000,-0.000825493565132453,-12.348828000000003,0.6592320000000002,8.515080000000001,44.93608258451005,44.93608258451005,44.93608258451005,44.93608258451005,-0.0027925268031909274,0.04625122517784973,0.0036651914291880917,-37.0,2.99,106.49999999999999,2,2,100.0,4,0.025,13.94,0.01,52.648241,9.7456128,33.81,32.1,52.6482326,9.7456125,0.025830872929516076,-0.033161255787892266,4.244117142074611,-6.485,-12.71,0.045,13.932668,0.036670793,0.45139214
0 days 00:00:07.040000,-0.0009434212172942321,-10.787076000000003,0.027468000000000003,9.217476,44.59510055626872,44.59510055626872,44.59510055626872,44.59510055626872,0.010471975511965976,-0.06911503837897545,0.004363323129985824,-40.0,2.99,101.69999999999999,2,2,100.0,4,0.02,13.835,0.01,52.648241,9.7456128,33.81,32.1,52.6482314,9.7456116,0.025830872929516076,-0.03246312408709453,4.244117142074611,-6.485,-12.71,0.045,13.828034,0.031333208,0.43839064
0 days 00:00:07.050000,-0.0010613488694560112,-5.521068000000001,0.16873200000000002,10.045440000000001,43.73261660248181,43.73261660248181,43.73261660248181,43.73261660248181,0.02199114857512855,-0.009250245035569947,0.009599310885968814,-43.0,2.99,100.35,2,2,100.0,4,0.02,13.785,0.01,52.648241,9.7456128,33.81,32.1,52.648230299999994,9.7456107,0.026179938779914945,-0.03246312408709453,4.244117142074611,-6.485,-12.71,0.045,13.778061,0.031443752,0.43675736
0 days 00:00:07.060000,-0.000825493565132453,-5.183604,0.384552,10.535940000000002,43.839591356439875,43.839591356439875,43.839591356439875,43.839591356439875,0.014137166941154071,0.058468529941810045,0.0017453292519943296,-45.0,2.99,99.0,2,2,100.0,4,0.025,13.74,-0.0,52.648235299999996,9.7456081,33.81,32.11,52.648229199999996,9.7456097,0.026179938779914945,-0.033161255787892266,4.244117142074611,-6.25,-12.44,-0.02,13.732446,0.0369164,0.45474163
0 days 00:00:07.070000,-0.000825493565132453,-8.342424000000001,-0.184428,9.692280000000002,44.16051561831408,44.16051561831408,44.16051561831408,44.16051561831408,0.026529004630313806,-0.02757620218151041,-0.0015707963267948967,-47.0,2.99,102.14999999999999,2,2,100.0,4,0.02,13.66,-0.0,52.648235299999996,9.7456081,33.81,32.11,52.6482281,9.7456088,0.026354471705114377,-0.0328121899374934,4.244117142074611,-6.25,-12.44,-0.02,13.652647,0.031802025,0.44745147
0 days 00:00:07.080000,-0.0011792765216177901,-6.109668,0.054936000000000006,8.471916,44.03348309798887,44.03348309798887,44.03348309798887,44.03348309798887,0.028448866807507574,-0.014311699866353502,0.0006981317007977319,-33.0,2.99,105.29999999999998,2,2,100.0,4,0.02,13.605,0.01,52.648235299999996,9.7456081,33.81,32.11,52.648227,9.7456079,0.026703537555513242,-0.0328121899374934,4.244117142074611,-6.25,-12.44,-0.02,13.598004,0.031643175,0.4356456
0 days 00:00:07.090000,-0.0012972041737795694,-5.787900000000001,0.56898,9.739368,43.177685066324344,43.177685066324344,43.177685066324344,43.177685066324344,0.015009831567151233,0.07417649320975901,-0.0020943951023931952,-33.0,2.99,113.39999999999999,2,2,100.0,4,0.02,13.55,0.01,52.648235299999996,9.7456081,33.81,32.11,52.6482259,9.745607,0.026878070480712675,-0.033510321638291124,4.244117142074611,-6.25,-12.44,-0.02,13.542727,0.031924814,0.4432876
0 days 00:00:07.100000,-0.0015330594781031272,-10.092528000000001,-0.231516,10.351512000000001,42.56258023106547,42.56258023106547,42.56258023106547,42.56258023106547,0.019547687622336492,0.05009094953223726,-0.006283185307179587,-27.0,2.99,121.5,2,2,100.0,4,0.015,13.450000000000001,-0.0,52.648235299999996,9.7456081,33.81,32.11,52.648224899999995,9.7456061,0.027052603405912107,-0.034033920413889425,4.244117142074611,-6.25,-12.44,-0.02,13.44221,0.027374107,0.45709467
0 days 00:00:07.110000,-0.0018868424345884643,-10.739988,0.7180920000000001,7.953948000000001,41.42597347026102,41.42597347026102,41.42597347026102,41.42597347026102,0.010122909661567111,-0.039793506945470715,-0.006632251157578452,-27.0,2.99,115.5,2,2,100.0,4,0.025,13.34,0.02,52.648229699999995,9.7456035,33.79,32.12,52.6482238,9.7456052,0.027052603405912107,-0.033335788713091695,4.2439426091494115,-6.08,-12.045,-0.09,13.333256,0.03647675,0.4237966
0 days 00:00:07.120000,-0.0021226977389120225,-6.745356,0.7808760000000001,9.295956,40.169020111253744,40.169020111253744,40.169020111253744,40.169020111253744,0.006981317007977318,-0.00017453292519943296,-0.0036651914291880917,-34.0,2.99,109.5,2,2,100.0,4,0.03,13.275,0.02,52.648229699999995,9.7456035,33.79,32.12,52.6482227,9.7456043,0.027052603405912107,-0.033335788713091695,4.2439426091494115,-6.08,-12.045,-0.09,13.2682905,0.04141632,0.4214957
0 days 00:00:07.130000,-0.0022406253910738014,-7.074972000000001,0.003924,11.206944000000002,38.41730851519041,38.41730851519041,38.41730851519041,38.41730851519041,0.019198621771937627,0.0619591884457987,0.004014257279586958,-34.0,2.99,106.2,2,2,100.0,4,0.03,13.21,0.005,52.648229699999995,9.7456035,33.79,32.12,52.6482217,9.7456034,0.027401669256310976,-0.034033920413889425,4.2439426091494115,-6.08,-12.045,-0.09,13.202519,0.04216737,0.44351536
0 days 00:00:07.140000,-0.0022406253910738014,-10.598724,0.45126,8.577864000000002,37.22721437740693,37.22721437740693,37.22721437740693,37.22721437740693,0.013962634015954637,0.026529004630313806,0.007155849933176751,-41.0,2.99,102.9,2,2,100.0,4,0.03,13.105,0.015,52.648229699999995,9.7456035,33.79,32.12,52.648220599999995,9.7456026,0.027401669256310976,-0.03420845333908886,4.2439426091494115,-6.08,-12.045,-0.09,13.097845,0.04185829,0.43223858
0 days 00:00:07.150000,-0.0023585530432355803,-9.1233,0.3296160000000001,8.781912,38.91875267436885,38.91875267436885,38.91875267436885,38.91875267436885,-0.005585053606381855,0.01308996938995747,-0.0022689280275926286,-37.0,2.99,108.9,2,2,100.0,4,0.03,13.02,0.02,52.648229699999995,9.7456035,33.79,32.12,52.6482196,9.7456017,0.027401669256310976,-0.03438298626428829,4.2439426091494115,-6.08,-12.045,-0.09,13.012993,0.041703954,0.4266077
0 days 00:00:07.160000,-0.002594408347559139,-8.346348,0.266832,10.61442,41.519576379974325,41.519576379974325,41.519576379974325,41.519576379974325,-0.002617993877991494,0.013788101090755204,-0.0006981317007977319,-31.0,2.99,114.9,2,2,100.0,4,0.02,12.94,0.005,52.6482247,9.7455991,33.84,32.13,52.6482185,9.7456008,0.02757620218151041,-0.034732052114687155,4.244117142074611,-5.955,-11.685,0.02,12.932369,0.0322442,0.443625
0 days 00:00:07.170000,-0.002594408347559139,-8.530776000000001,0.04316400000000001,10.51632,41.787013264869486,41.787013264869486,41.787013264869486,41.787013264869486,0.020071286397934793,-0.009773843811168246,0.005759586531581288,-31.0,2.99,114.9,2,2,100.0,4,0.015,12.86,-0.005,52.6482247,9.7455991,33.84,32.13,52.648217499999994,9.7456,0.02775073510670984,-0.034557519189487726,4.244291674999811,-5.955,-11.685,0.02,12.852149,0.027461536,0.448729
0 days 00:00:07.180000,-0.0022406253910738014,-7.263324000000001,-0.14126400000000003,8.558244,41.4326593923834,41.4326593923834,41.4326593923834,41.4326593923834,0.0024434609527920616,0.003490658503988659,-0.0041887902047863905,-34.0,2.99,114.9,2,2,100.0,4,0.015,12.790000000000001,0.005,52.6482247,9.7455991,33.84,32.13,52.648216399999995,9.7455991,0.02775073510670984,-0.034557519189487726,4.244117142074611,-5.955,-11.685,0.02,12.7825365,0.027117122,0.43632126
0 days 00:00:07.190000,-0.0027123359997209178,-7.698888000000001,-0.09417600000000001,9.256716,40.42977107402653,40.42977107402653,40.42977107402653,40.42977107402653,0.0,-0.0038397243543875246,-0.012740903539558606,-34.0,2.99,111.6,2,2,100.0,4,0.01,12.715,0.01,52.6482247,9.7455991,33.84,32.13,52.6482154,9.7455983,0.02775073510670984,-0.034557519189487726,4.244117142074611,-5.955,-11.685,0.02,12.707754,0.021908492,0.4288746
0 days 00:00:07.200000,-0.003301974260529812,-7.753824000000001,1.290996,8.817228,40.12890457851947,40.12890457851947,40.12890457851947,40.12890457851947,-0.004014257279586958,-0.02426007660272118,-0.011868238913561443,-42.0,2.99,108.29999999999998,2,2,100.0,4,0.025,12.64,0.015,52.6482247,9.7455991,33.84,32.12,52.6482144,9.7455974,0.02775073510670984,-0.03438298626428829,4.2439426091494115,-5.955,-11.685,0.02,12.633045,0.036630984,0.41866904
0 days 00:00:07.210000,-0.0030661189562062544,-6.600168000000001,-0.066708,10.237716,40.5033162173727,40.5033162173727,40.5033162173727,40.5033162173727,0.009948376736367679,0.024783675378319478,-0.008726646259971648,-41.0,2.99,109.35,2,2,100.0,4,0.01,12.58,0.01,52.648219499999996,9.7455947,33.84,32.13,52.648213399999996,9.745596599999999,0.028099800957108706,-0.034732052114687155,4.244117142074611,-5.79,-11.31,0.025,12.572761,0.021988802,0.42639795
0 days 00:00:07.220000,-0.002594408347559139,-8.566092000000001,0.03531600000000001,10.296576000000002,40.77075310226786,40.77075310226786,40.77075310226786,40.77075310226786,0.004537856055185257,0.04136430327226561,-0.007155849933176751,-44.0,2.99,110.4,2,2,100.0,4,0.01,12.5,-0.0,52.648219499999996,9.7455947,33.84,32.13,52.6482124,9.745595699999999,0.028099800957108706,-0.03508111796508603,4.2439426091494115,-5.79,-11.31,0.025,12.492309,0.02231406,0.43797
0 days 00:00:07.230000,-0.0028302636518826967,-10.728216000000002,-0.223668,8.989884,40.07541720154043,40.07541720154043,40.07541720154043,40.07541720154043,0.008377580409572781,-0.016057029118347832,-0.01291543646475804,-44.0,2.99,117.45,2,2,100.0,4,0.005,12.395,0.005,52.648219499999996,9.7455947,33.84,32.13,52.6482114,9.7455949,0.028274333882308142,-0.03490658503988659,4.243768076224212,-5.79,-11.31,0.025,12.387625,0.017085996,0.42727003
0 days 00:00:07.240000,-0.0030661189562062544,-9.127224,1.0791000000000002,8.405208,39.286478391099706,39.286478391099706,39.286478391099706,39.286478391099706,0.004014257279586958,-0.03368485456349056,-0.011519173063162576,-47.0,2.99,124.5,2,2,100.0,4,0.015,12.31,0.015,52.648219499999996,9.7455947,33.84,32.13,52.648210399999996,9.7455941,0.028274333882308142,-0.034557519189487726,4.2435935432990135,-5.79,-11.31,0.025,12.303168,0.026594192,0.4097393
0 days 00:00:07.250000,-0.0029481913040444755,-7.204464000000001,0.46695600000000004,11.144160000000001,39.039099272571676,39.039099272571676,39.039099272571676,39.039099272571676,0.009250245035569947,0.029845130209103034,-0.008028514559173916,-49.0,2.99,123.0,2,2,100.0,4,0.015,12.24,-0.0,52.648219499999996,9.7455947,33.84,32.13,52.6482094,9.7455933,0.028274333882308142,-0.03490658503988659,4.2435935432990135,-5.79,-11.31,0.025,12.232544,0.027070336,0.426575
0 days 00:00:07.260000,-0.0027123359997209178,-9.327348,0.019620000000000002,10.163160000000001,38.99898373983739,38.99898373983739,38.99898373983739,38.99898373983739,0.01064650843716541,-0.010297442586766544,-0.009075712110370514,-52.0,2.99,121.5,2,2,100.0,4,0.015,12.15,-0.01,52.648214499999995,9.7455906,33.84,32.14,52.648208399999994,9.7455924,0.028448866807507574,-0.03490658503988659,4.243419010373813,-5.565,-10.98,0.025,12.142249,0.027339721,0.43342045
0 days 00:00:07.270000,-0.002594408347559139,-8.059896,0.10594800000000001,8.950644,38.36382113821138,38.36382113821138,38.36382113821138,38.36382113821138,0.002967059728390361,-0.058468529941810045,-0.015184364492350668,-54.0,2.99,111.89999999999999,2,2,100.0,4,0.015,12.07,-0.005,52.648214499999995,9.7455906,33.84,32.14,52.6482075,9.7455916,0.028448866807507574,-0.03420845333908886,4.243244477448615,-5.565,-10.98,0.025,12.062767,0.026878621,0.41721684
0 days 00:00:07.280000,-0.0027123359997209178,-5.858532000000001,0.694548,9.594180000000001,38.04289687633718,38.04289687633718,38.04289687633718,38.04289687633718,-0.006981317007977318,0.005585053606381855,-0.017976891295541593,-57.0,2.99,102.29999999999998,2,2,100.0,4,0.025,12.015,-0.005,52.648214499999995,9.7455906,33.84,32.14,52.6482065,9.7455908,0.028448866807507574,-0.03438298626428829,4.243069944523414,-5.565,-10.98,0.025,12.007728,0.036880683,0.417147
0 days 00:00:07.290000,-0.0027123359997209178,-8.181540000000002,0.28645200000000004,10.061136000000001,37.92255027813436,37.92255027813436,37.92255027813436,37.92255027813436,-0.006632251157578452,0.04537856055185257,-0.014137166941154071,-59.0,2.99,103.19999999999999,2,2,100.0,4,0.025,11.94,-0.01,52.648214499999995,9.7455906,33.84,32.14,52.648205499999996,9.74559,0.028274333882308142,-0.034732052114687155,4.243069944523414,-5.565,-10.98,0.025,11.932451,0.03699401,0.4237348
0 days 00:00:07.300000,-0.0024764806953973596,-10.080756000000001,-0.11379600000000001,9.021276000000002,37.581568249893024,37.581568249893024,37.581568249893024,37.581568249893024,-0.014486232791552938,-0.021642082724729686,-0.014311699866353502,-62.0,2.99,104.1,2,2,100.0,4,0.025,11.84,-0.005,52.648214499999995,9.7455906,33.84,32.14,52.6482046,9.7455892,0.028274333882308142,-0.034557519189487726,4.242895411598215,-5.565,-10.98,0.025,11.832758,0.03669619,0.41320434
0 days 00:00:07.310000,-0.0024764806953973596,-8.134452000000001,0.05886,9.284184,37.561510483525886,37.561510483525886,37.561510483525886,37.561510483525886,-0.01937315469713706,-0.009250245035569947,-0.014835298641951801,-64.0,2.99,104.85,2,2,100.0,4,0.02,11.76,-0.0,52.648209599999994,9.745586699999999,33.85,32.15,52.648203599999995,9.7455885,0.028099800957108706,-0.03438298626428829,4.2427208786730155,-5.365,-10.620000000000001,-0.035,11.75305,0.031350356,0.4035428
0 days 00:00:07.320000,-0.002594408347559139,-7.569396000000001,0.9103680000000001,10.775304,37.173727000427895,37.173727000427895,37.173727000427895,37.173727000427895,-0.018675022996339326,0.01815142422074103,-0.016929693744344998,-67.0,2.99,105.6,2,2,100.0,4,0.025,11.69,-0.01,52.648209599999994,9.745586699999999,33.85,32.15,52.6482027,9.7455877,0.027925268031909273,-0.034557519189487726,4.242546345747817,-5.365,-10.620000000000001,-0.035,11.682674,0.03654677,0.4130316
0 days 00:00:07.330000,-0.0023585530432355803,-9.739368,-0.184428,9.166464000000001,36.8528027385537,36.8528027385537,36.8528027385537,36.8528027385537,-0.008552113334772213,-0.01658062789394613,-0.013962634015954637,-69.0,2.99,107.1,2,2,100.0,4,0.025,11.595,-0.01,52.648209599999994,9.745586699999999,33.85,32.15,52.648201799999995,9.7455869,0.02775073510670984,-0.03438298626428829,4.242371812822617,-5.365,-10.620000000000001,-0.035,11.587804,0.03632749,0.40773532
0 days 00:00:07.340000,-0.0022406253910738014,-8.491536,0.26290800000000003,8.67204,36.62548138639281,36.62548138639281,36.62548138639281,36.62548138639281,-0.008377580409572781,-0.017627825445142728,-0.01658062789394613,-67.0,2.99,108.6,2,2,100.0,4,0.025,11.515,-0.0,52.648209599999994,9.745586699999999,33.85,32.15,52.6482008,9.745586099999999,0.02775073510670984,-0.03420845333908886,4.242197279897417,-5.365,-10.620000000000001,-0.035,11.508264,0.03591814,0.3929882
0 days 00:00:07.350000,-0.0022406253910738014,-7.596864000000001,0.23544,9.570636,36.57199400941378,36.57199400941378,36.57199400941378,36.57199400941378,-0.007504915783575617,0.009075712110370514,-0.016231562043547268,-69.0,2.99,105.44999999999999,2,2,100.0,4,0.03,11.44,-0.0,52.648209599999994,9.745586699999999,33.85,32.15,52.648199899999994,9.7455854,0.02757620218151041,-0.03438298626428829,4.242197279897417,-5.365,-10.620000000000001,-0.035,11.433238,0.040831942,0.39228714
0 days 00:00:07.360000,-0.0022406253910738014,-8.389512000000002,0.1962,9.386208000000002,36.19089644843817,36.19089644843817,36.19089644843817,36.19089644843817,-0.0024434609527920616,0.008028514559173916,-0.016231562043547268,-69.0,2.99,102.29999999999998,2,2,100.0,4,0.03,11.36,-0.0,52.648205,9.7455831,33.79,32.160000000000004,52.648199,9.745584599999999,0.02757620218151041,-0.03438298626428829,4.242022746972218,-5.18,-10.265,0.03,11.353286,0.040756118,0.3895381
0 days 00:00:07.370000,-0.0018868424345884643,-8.307108000000001,0.10202400000000002,9.158616000000002,36.03712023962345,36.03712023962345,36.03712023962345,36.03712023962345,-0.0019198621771937623,-0.002967059728390361,-0.012042771838760874,-70.0,2.99,97.64999999999999,2,2,100.0,4,0.03,11.28,0.005,52.648205,9.7455831,33.79,32.160000000000004,52.648198099999995,9.7455838,0.02757620218151041,-0.03438298626428829,4.241848214047018,-5.18,-10.265,0.03,11.273504,0.040542506,0.38179392
0 days 00:00:07.380000,-0.0017689147824266852,-7.549776000000001,-0.40417200000000003,9.519624,35.84991442019683,35.84991442019683,35.84991442019683,35.84991442019683,-0.0013962634015954637,0.015358897417550098,-0.01291543646475804,-69.0,2.99,93.0,2,2,100.0,4,0.025,11.21,0.005,52.648205,9.7455831,33.79,32.160000000000004,52.6481972,9.7455831,0.02757620218151041,-0.034557519189487726,4.241673681121819,-5.18,-10.265,0.03,11.20348,0.035531975,0.381481
0 days 00:00:07.390000,-0.0017689147824266852,-8.197236,0.4434120000000001,9.252792000000001,35.7629974326059,35.7629974326059,35.7629974326059,35.7629974326059,0.0019198621771937623,0.003316125578789226,-0.013264502315156903,-71.0,2.99,96.14999999999999,2,2,100.0,4,0.025,11.13,0.01,52.648205,9.7455831,33.79,32.160000000000004,52.648196299999995,9.7455824,0.02757620218151041,-0.034557519189487726,4.24149914819662,-5.18,-10.265,0.03,11.1237,0.03531798,0.37372288
0 days 00:00:07.400000,-0.0017689147824266852,-8.197236,0.023544000000000002,10.116072,35.28161103979461,35.28161103979461,35.28161103979461,35.28161103979461,0.014137166941154071,0.00942477796076938,-0.008028514559173916,-66.0,2.99,99.29999999999998,2,2,100.0,4,0.025,11.05,-0.0,52.648205,9.7455831,33.79,32.160000000000004,52.6481954,9.7455816,0.02775073510670984,-0.034732052114687155,4.24149914819662,-5.18,-10.265,0.03,11.043336,0.035637297,0.3828706
0 days 00:00:07.410000,-0.0017689147824266852,-8.471916,0.023544000000000002,9.994428000000003,34.63307659392383,34.63307659392383,34.63307659392383,34.63307659392383,0.01291543646475804,0.007330382858376183,-0.008028514559173916,-66.0,2.99,105.6,2,2,100.0,4,0.03,10.965,-0.005,52.6482004,9.7455793,33.8,32.17,52.648194499999995,9.7455809,0.02775073510670984,-0.034732052114687155,4.24132461527142,-4.995,-9.89,0.05,10.958214,0.040692125,0.38477644
0 days 00:00:07.420000,-0.0017689147824266852,-8.777988,0.031392,8.832924000000002,33.890939238339755,33.890939238339755,33.890939238339755,33.890939238339755,0.006283185307179587,-0.018675022996339326,-0.00942477796076938,-60.0,2.99,111.9,2,2,100.0,4,0.03,10.88,-0.0,52.6482004,9.7455793,33.8,32.17,52.6481937,9.7455801,0.02775073510670984,-0.034557519189487726,4.24132461527142,-4.995,-9.89,0.05,10.873504,0.040418915,0.37493384
0 days 00:00:07.430000,-0.0017689147824266852,-7.938252,0.20797200000000002,8.57394,33.102000427899014,33.102000427899014,33.102000427899014,33.102000427899014,0.008552113334772213,-0.020420352248333655,-0.006981317007977318,-60.0,2.99,111.45,2,2,100.0,4,0.03,10.805,0.01,52.6482004,9.7455793,33.8,32.17,52.6481928,9.745579399999999,0.027925268031909273,-0.03438298626428829,4.241150082346221,-4.995,-9.89,0.05,10.798958,0.040080328,0.36046234
0 days 00:00:07.440000,-0.0017689147824266852,-7.373196000000001,0.302148,8.734824000000001,31.70464270432178,31.70464270432178,31.70464270432178,31.70464270432178,0.012391837689159739,0.011519173063162576,-0.005235987755982988,-65.0,2.99,111.0,2,2,100.0,4,0.03,10.735,0.02,52.6482004,9.7455793,33.8,32.17,52.6481919,9.7455787,0.027925268031909273,-0.034557519189487726,4.241150082346221,-4.995,-9.89,0.05,10.729281,0.03978637,0.3499386
0 days 00:00:07.450000,-0.0018868424345884643,-7.636104000000001,0.31392000000000003,9.437220000000002,30.8020432178006,30.8020432178006,30.8020432178006,30.8020432178006,-0.0020943951023931952,0.020245819323134222,-0.005934119456780722,-65.0,2.99,105.45,1,2,100.0,4,0.03,10.66,0.02,52.6482004,9.7455793,33.8,32.17,52.6481911,9.745578,0.027925268031909273,-0.034732052114687155,4.241150082346221,-4.995,-9.89,0.05,10.654265,0.03976594,0.34920713
0 days 00:00:07.460000,-0.0020047700867502436,-8.624952000000002,-0.10594800000000001,10.010124000000001,31.069480102695767,31.069480102695767,31.069480102695767,31.069480102695767,0.0020943951023931952,0.0012217304763960308,0.002617993877991494,-70.0,2.99,99.9,1,2,100.0,4,0.025,10.575000000000001,0.015,52.6481961,9.745575599999999,33.79,32.17,52.648190199999995,9.745577299999999,0.027925268031909273,-0.034732052114687155,4.241150082346221,-4.835,-9.555,0.005,10.569143,0.034824997,0.35139132
0 days 00:00:07.470000,-0.001650987130264906,-8.271792000000001,0.694548,9.558864000000002,33.66361788617886,33.66361788617886,33.66361788617886,33.66361788617886,-0.009773843811168246,0.03508111796508603,0.006283185307179587,-70.0,2.99,104.1,1,2,100.0,4,0.03,10.5,0.015,52.6481961,9.745575599999999,33.79,32.17,52.6481894,9.7455766,0.027925268031909273,-0.03508111796508603,4.241150082346221,-4.835,-9.555,0.005,10.494066,0.03985261,0.35231003
0 days 00:00:07.480000,-0.0014151318259413483,-9.315576,-0.33354000000000006,10.276956000000002,34.191805733846806,34.191805733846806,34.191805733846806,34.191805733846806,-0.00942477796076938,0.015184364492350668,0.002617993877991494,-75.0,2.99,108.29999999999998,1,2,100.0,4,0.025,10.41,0.005,52.6481961,9.745575599999999,33.79,32.17,52.648188499999996,9.7455759,0.02775073510670984,-0.035255650890285456,4.241150082346221,-4.835,-9.555,0.005,10.4037075,0.035033144,0.3611054
0 days 00:00:07.490000,-0.001650987130264906,-9.476460000000001,0.07063200000000001,9.127224,32.995025673940944,32.995025673940944,32.995025673940944,32.995025673940944,-0.010471975511965976,-0.032637657012293965,-0.0012217304763960308,-76.0,5.29,103.79999999999998,1,2,100.0,4,0.02,10.315,0.01,52.6481961,9.745575599999999,33.79,32.17,52.6481877,9.7455752,0.02775073510670984,-0.03490658503988659,4.241150082346221,-4.835,-9.555,0.005,10.309065,0.029703652,0.34930468
0 days 00:00:07.500000,-0.0018868424345884643,-7.836228000000001,0.29430000000000006,9.590256,32.44009413778348,32.44009413778348,32.44009413778348,32.44009413778348,-0.013439035240356337,-0.00942477796076938,-0.004886921905584123,-77.0,5.29,99.29999999999998,1,2,100.0,4,0.025,10.24,0.01,52.6481961,9.745575599999999,33.79,32.17,52.6481869,9.7455745,0.02757620218151041,-0.034732052114687155,4.241150082346221,-4.835,-9.555,0.005,10.234171,0.034519367,0.34477004
0 days 00:00:07.510000,-0.0018868424345884643,-7.388892,0.64746,10.351512000000001,32.78107616602482,32.78107616602482,32.78107616602482,32.78107616602482,-0.004886921905584123,-0.031241393610698498,-0.0022689280275926286,-74.0,5.29,100.94999999999999,1,2,100.0,4,0.02,10.175,-0.0,52.648192699999996,9.7455713,33.8,32.18,52.6481861,9.745573799999999,0.02757620218151041,-0.03438298626428829,4.241150082346221,-4.7,-9.18,-0.0,10.168986,0.029636722,0.34909353
0 days 00:00:07.520000,-0.0015330594781031272,-6.250932000000001,0.251136,8.817228,33.06857081728712,33.06857081728712,33.06857081728712,33.06857081728712,0.003490658503988659,-0.049043751981040655,0.006632251157578452,-74.0,5.29,102.6,2,2,100.0,4,0.02,10.115,0.01,52.648192699999996,9.7455713,33.8,32.18,52.648185299999994,9.7455731,0.02775073510670984,-0.034033920413889425,4.241150082346221,-4.7,-9.18,-0.0,10.109483,0.029265193,0.3335088
0 days 00:00:07.530000,-0.001650987130264906,-4.877532,0.05101200000000001,9.394056,32.35317715019255,32.35317715019255,32.35317715019255,32.35317715019255,-0.0031415926535897933,0.031415926535897934,0.008203047484373348,-74.0,5.29,99.3,2,2,100.0,4,0.015,10.07,0.01,52.648192699999996,9.7455713,33.8,32.18,52.6481845,9.7455724,0.02757620218151041,-0.03420845333908886,4.24132461527142,-4.7,-9.18,-0.0,10.06445,0.0242151,0.33387706
0 days 00:00:07.540000,-0.0018868424345884643,-8.354196,0.6513840000000001,10.127844,31.651155327342746,31.651155327342746,31.651155327342746,31.651155327342746,-0.009599310885968814,0.08342673824532895,0.0008726646259971648,-76.0,5.29,96.0,2,2,100.0,4,0.02,9.99,0.005,52.648192699999996,9.7455713,33.8,32.18,52.6481837,9.745571799999999,0.02757620218151041,-0.03508111796508603,4.24132461527142,-4.7,-9.18,-0.0,9.984029,0.029515777,0.3447088
0 days 00:00:07.550000,-0.0018868424345884643,-12.701988000000002,0.27075600000000005,9.24102,31.390404364569964,31.390404364569964,31.390404364569964,31.390404364569964,0.004886921905584123,0.0006981317007977319,0.0015707963267948967,-69.0,5.29,95.4,2,2,100.0,4,0.02,9.865,0.005,52.648192699999996,9.7455713,33.8,32.18,52.648182899999995,9.7455711,0.02757620218151041,-0.03508111796508603,4.24132461527142,-4.7,-9.18,-0.0,9.859105,0.029394891,0.34032622
0 days 00:00:07.560000,-0.0017689147824266852,-9.766836000000001,0.447336,9.174312,31.724700470688916,31.724700470688916,31.724700470688916,31.724700470688916,0.012391837689159739,-0.04223696789826277,0.004537856055185257,-71.0,5.29,94.8,2,2,100.0,4,0.025,9.765,0.01,52.6481889,9.7455687,33.7,32.19,52.6481821,9.7455705,0.02775073510670984,-0.034557519189487726,4.24132461527142,-4.485,-8.835,-0.03,9.759515,0.034074605,0.32657325
0 days 00:00:07.570000,-0.001650987130264906,-6.349032,0.027468000000000003,10.975428,31.57761018399658,31.57761018399658,31.57761018399658,31.57761018399658,0.012740903539558606,0.04031710572106901,0.00017453292519943296,-73.0,5.29,100.8,2,2,100.0,4,0.02,9.705,-0.005,52.6481889,9.7455687,33.7,32.19,52.6481813,9.7455698,0.02775073510670984,-0.03508111796508603,4.24132461527142,-4.485,-8.835,-0.03,9.698853,0.029575877,0.3447014
0 days 00:00:07.580000,-0.0017689147824266852,-9.354816000000001,0.14126400000000003,10.253412000000003,31.069480102695767,31.069480102695767,31.069480102695767,31.069480102695767,0.01117010721276371,0.005759586531581288,-0.002967059728390361,-74.0,5.29,106.79999999999998,2,2,100.0,4,0.02,9.615,-0.01,52.6481889,9.7455687,33.7,32.19,52.648180499999995,9.7455692,0.027925268031909273,-0.03508111796508603,4.24132461527142,-4.485,-8.835,-0.03,9.608733,0.029687421,0.3465358
0 days 00:00:07.590000,-0.0017689147824266852,-9.021276000000002,0.6160680000000002,8.715204000000002,30.320656824989303,30.320656824989303,30.320656824989303,30.320656824989303,0.005235987755982988,-0.05672320068981571,-0.0041887902047863905,-75.0,5.29,105.14999999999999,2,2,100.0,4,0.025,9.53,-0.005,52.6481889,9.7455687,33.7,32.19,52.648179799999994,9.7455685,0.027925268031909273,-0.034557519189487726,4.24132461527142,-4.485,-8.835,-0.03,9.5241375,0.03432347,0.33343628
0 days 00:00:07.600000,-0.0017689147824266852,-6.4235880000000005,0.298224,9.5157,30.220367993153616,30.220367993153616,30.220367993153616,30.220367993153616,-0.0005235987755982988,0.011344640137963142,0.0,-76.0,5.29,103.5,2,2,100.0,4,0.025,9.47,-0.0,52.6481889,9.7455687,33.7,32.19,52.648179,9.7455679,0.027925268031909273,-0.034557519189487726,4.24132461527142,-4.485,-8.835,-0.03,9.464346,0.034126062,0.326369
0 days 00:00:07.610000,-0.001650987130264906,-7.734204,0.27468000000000004,10.955808000000001,30.220367993153616,30.220367993153616,30.220367993153616,30.220367993153616,-0.004014257279586958,0.04293509959906051,-0.0013962634015954637,-74.0,5.29,100.95,2,2,100.0,4,0.015,9.395,-0.015,52.648185,9.7455654,33.69,32.19,52.6481783,9.7455673,0.028099800957108706,-0.03508111796508603,4.24132461527142,-4.36,-8.505,-0.055,9.388693,0.024673475,0.34395286
0 days 00:00:07.620000,-0.001650987130264906,-10.292652000000002,0.46695600000000004,9.033048,30.11339323919555,30.11339323919555,30.11339323919555,30.11339323919555,-0.005934119456780722,-0.03647738136668148,-0.00034906585039886593,-74.0,5.29,98.4,2,2,100.0,4,0.02,9.295,-0.01,52.648185,9.7455654,33.69,32.19,52.648177499999996,9.7455666,0.027925268031909273,-0.034732052114687155,4.24132461527142,-4.36,-8.505,-0.055,9.289047,0.029283505,0.33207533
0 days 00:00:07.630000,-0.001650987130264906,-7.651800000000001,0.125568,8.860392000000001,29.5852053915276,29.5852053915276,29.5852053915276,29.5852053915276,-0.007679448708775049,-0.017104226669544427,-0.003316125578789226,-72.0,5.29,100.5,2,2,100.0,4,0.02,9.225,-0.0,52.648185,9.7455654,33.69,32.19,52.648176799999995,9.745566,0.027925268031909273,-0.034557519189487726,4.24132461527142,-4.36,-8.505,-0.055,9.219493,0.028891657,0.31804696
0 days 00:00:07.640000,-0.0017689147824266852,-7.624332000000001,0.671004,10.441764000000001,29.33114035087719,29.33114035087719,29.33114035087719,29.33114035087719,-0.013439035240356337,0.05270894341022875,-0.005235987755982988,-70.0,5.29,102.6,2,2,100.0,4,0.025,9.15,-0.01,52.648185,9.7455654,33.69,32.19,52.648176,9.7455654,0.02775073510670984,-0.03508111796508603,4.241150082346221,-4.36,-8.505,-0.055,9.144019,0.03417247,0.33009917
0 days 00:00:07.650000,-0.001650987130264906,-10.865556000000002,0.290376,9.641268,29.090447154471544,29.090447154471544,29.090447154471544,29.090447154471544,-0.01361356816555577,-0.010122909661567111,-0.007155849933176751,-74.0,7.99,99.6,2,2,100.0,4,0.025,9.045,-0.015,52.648185,9.7455654,33.69,32.19,52.6481753,9.7455648,0.02757620218151041,-0.03490658503988659,4.241150082346221,-4.36,-8.505,-0.055,9.038967,0.0341076,0.32984176
0 days 00:00:07.660000,-0.001650987130264906,-8.927100000000001,0.43948800000000005,9.276336,28.782894736842106,28.782894736842106,28.782894736842106,28.782894736842106,-0.016231562043547268,-0.045029494701453704,-0.005759586531581288,-67.0,7.99,96.6,2,2,100.0,4,0.015,8.965,-0.02,52.648181199999996,9.7455623,33.7,32.2,52.6481746,9.745564199999999,0.02757620218151041,-0.034732052114687155,4.241150082346221,-4.2,-8.17,0.125,8.9588995,0.024129085,0.33075863
0 days 00:00:07.670000,-0.001650987130264906,-7.094592000000001,0.16088400000000003,10.057212000000002,28.261392811296535,28.261392811296535,28.261392811296535,28.261392811296535,-0.016231562043547268,0.026354471705114374,-0.005585053606381855,-68.0,7.99,93.75,2,2,100.0,4,0.015,8.895,-0.025,52.648181199999996,9.7455623,33.7,32.2,52.648173899999996,9.745563599999999,0.027401669256310976,-0.03490658503988659,4.241150082346221,-4.2,-8.17,0.125,8.888709,0.024184171,0.3348789
0 days 00:00:07.680000,-0.001650987130264906,-9.739368,0.40024800000000005,9.554940000000002,28.20121951219512,28.20121951219512,28.20121951219512,28.20121951219512,-0.02775073510670984,0.027401669256310976,-0.009250245035569947,-66.0,7.99,90.89999999999999,2,2,100.0,4,0.02,8.805,-0.025,52.648181199999996,9.7455623,33.7,32.2,52.648173199999995,9.745562999999999,0.027227136331111543,-0.035255650890285456,4.240975549421021,-4.2,-8.17,0.125,8.798647,0.029121974,0.33467743
0 days 00:00:07.690000,-0.001650987130264906,-10.692900000000002,0.45126,9.374436000000001,28.13436029097133,28.13436029097133,28.13436029097133,28.13436029097133,-0.02076941809873252,-0.03874630939427412,-0.00645771823237902,-63.0,7.99,91.5,2,2,100.0,4,0.02,8.700000000000001,-0.025,52.648181199999996,9.7455623,33.7,32.2,52.6481725,9.745562399999999,0.026878070480712675,-0.03490658503988659,4.240975549421021,-4.2,-8.17,0.125,8.693828,0.028824124,0.3279542
0 days 00:00:07.700000,-0.001650987130264906,-7.879392000000001,0.48657600000000006,9.276336,27.579428754813865,27.579428754813865,27.579428754813865,27.579428754813865,-0.01815142422074103,-0.011344640137963142,-0.007155849933176751,-60.0,7.99,92.1,2,2,100.0,4,0.025,8.625,-0.02,52.648181199999996,9.7455623,33.7,32.2,52.6481718,9.745561799999999,0.026703537555513242,-0.034732052114687155,4.240975549421021,-4.2,-8.17,0.125,8.619104,0.033521634,0.31871027
0 days 00:00:07.710000,-0.001650987130264906,-7.812684,0.027468000000000003,10.159236000000002,27.118100128369704,27.118100128369704,27.118100128369704,27.118100128369704,-0.01902408884673819,0.03106686068549907,-0.008726646259971648,-58.0,7.99,90.75,2,2,100.0,4,0.015,8.555,-0.03,52.6481777,9.7455593,33.71,32.21,52.6481711,9.7455613,0.026703537555513242,-0.03508111796508603,4.240975549421021,-3.99,-7.775,0.065,8.548684,0.023806814,0.32952082
0 days 00:00:07.720000,-0.0017689147824266852,-10.143540000000002,0.31392000000000003,9.727596,26.68351519041506,26.68351519041506,26.68351519041506,26.68351519041506,-0.01780235837034216,0.0036651914291880917,-0.010821041362364843,-55.0,7.99,89.39999999999999,2,2,100.0,4,0.015,8.455,-0.03,52.6481777,9.7455593,33.71,32.21,52.6481704,9.7455607,0.02652900463031381,-0.035255650890285456,4.240801016495822,-3.99,-7.775,0.065,8.4486885,0.02369538,0.32749286
0 days 00:00:07.730000,-0.0017689147824266852,-9.503928,0.17265600000000003,9.174312,26.663457424047927,26.663457424047927,26.663457424047927,26.663457424047927,-0.014311699866353502,-0.04450589592585541,-0.007679448708775049,-54.0,7.99,89.54999999999998,2,2,100.0,4,0.015,8.365,-0.03,52.6481777,9.7455593,33.71,32.21,52.6481698,9.745560099999999,0.026354471705114377,-0.034732052114687155,4.240801016495822,-3.99,-7.775,0.065,8.358913,0.02343929,0.31995058
0 days 00:00:07.740000,-0.001650987130264906,-7.388892,0.27468000000000004,9.570636,26.549796747967477,26.549796747967477,26.549796747967477,26.549796747967477,-0.004014257279586958,-0.003316125578789226,-0.006283185307179587,-51.0,7.99,89.69999999999999,2,2,100.0,4,0.015,8.295,-0.03,52.6481777,9.7455593,33.71,32.21,52.6481691,9.7455596,0.026354471705114377,-0.034732052114687155,4.240626483570622,-3.99,-7.775,0.065,8.288956,0.023375237,0.31752068
0 days 00:00:07.750000,-0.001650987130264906,-8.530776000000001,0.266832,9.017352,26.168699186991873,26.168699186991873,26.168699186991873,26.168699186991873,-0.00471238898038469,0.013962634015954637,-0.006806784082777885,-50.0,7.99,90.75,2,2,100.0,4,0.015,8.21,-0.025,52.6481777,9.7455593,33.71,32.21,52.648168399999996,9.745559,0.026354471705114377,-0.03490658503988659,4.240626483570622,-3.99,-7.775,0.065,8.204126,0.023203513,0.31100622
0 days 00:00:07.760000,-0.001650987130264906,-9.056592,0.05101200000000001,9.362664,25.87451861360719,25.87451861360719,25.87451861360719,25.87451861360719,-0.0041887902047863905,-0.021467549799530253,-0.006283185307179587,-48.0,7.99,91.8,2,2,100.0,4,0.02,8.125,-0.025,52.6481741,9.745556299999999,33.74,32.21,52.648167799999996,9.7455585,0.026179938779914945,-0.034732052114687155,4.240451950645423,-3.74,-7.41,0.09,8.119232,0.02803277,0.30649737
0 days 00:00:07.770000,-0.001650987130264906,-8.350272,0.302148,9.684432000000001,25.566966195977752,25.566966195977752,25.566966195977752,25.566966195977752,0.007679448708775049,-0.007853981633974483,0.0015707963267948967,-57.0,7.99,91.05,2,2,100.0,4,0.02,8.045,-0.025,52.6481741,9.745556299999999,33.74,32.21,52.648167099999995,9.7455579,0.026354471705114377,-0.034557519189487726,4.240451950645423,-3.74,-7.41,0.09,8.039332,0.027976086,0.30231276
0 days 00:00:07.780000,-0.0012972041737795694,-8.075592,-0.08240400000000002,8.989884,25.359702610183994,25.359702610183994,25.359702610183994,25.359702610183994,0.002967059728390361,0.010297442586766544,0.0020943951023931952,-49.0,7.99,90.3,2,2,100.0,4,0.015,7.965,-0.02,52.6481741,9.745556299999999,33.74,32.21,52.648166499999995,9.7455574,0.026354471705114377,-0.034732052114687155,4.240626483570622,-3.74,-7.41,0.09,7.959502,0.022809915,0.29607487
0 days 00:00:07.790000,-0.0012972041737795694,-8.519004,-0.368856,10.049364,25.25272785622593,25.25272785622593,25.25272785622593,25.25272785622593,0.005235987755982988,0.009075712110370514,0.0024434609527920616,-49.0,7.99,91.5,2,2,100.0,4,0.01,7.885,-0.025,52.6481741,9.745556299999999,33.74,32.22,52.648165899999995,9.7455569,0.026354471705114377,-0.034732052114687155,4.240626483570622,-3.74,-7.41,0.09,7.8793764,0.017870123,0.29842484
0 days 00:00:07.800000,-0.0015330594781031272,-9.472536,0.08632800000000002,9.335196,24.93180359435173,24.93180359435173,24.93180359435173,24.93180359435173,0.008726646259971648,-0.020594885173533087,0.006283185307179587,-31.0,7.99,92.69999999999999,2,2,100.0,4,0.005,7.795,-0.025,52.6481741,9.745556299999999,33.74,32.22,52.6481652,9.745556299999999,0.02652900463031381,-0.034557519189487726,4.240626483570622,-3.74,-7.41,0.09,7.7894826,0.012805005,0.29407117
0 days 00:00:07.810000,-0.001650987130264906,-8.228628,0.180504,9.915948000000002,24.604193410355155,24.604193410355155,24.604193410355155,24.604193410355155,0.006981317007977318,-0.016406094968746697,0.007504915783575617,-28.0,7.99,93.89999999999999,2,2,100.0,4,0.01,7.715,-0.025,52.6481709,9.7455536,33.74,32.22,52.648164599999994,9.7455558,0.02652900463031381,-0.03438298626428829,4.240626483570622,-3.525,-7.015000000000001,0.015,7.709581,0.017694235,0.28983036
0 days 00:00:07.820000,-0.0017689147824266852,-8.88786,-0.11379600000000001,9.551016,23.480958493795466,23.480958493795466,23.480958493795466,23.480958493795466,0.016755160819145562,-0.005585053606381855,0.010122909661567111,-17.0,7.99,95.1,2,2,100.0,4,0.005,7.63,-0.03,52.6481709,9.7455536,33.74,32.22,52.648163999999994,9.7455553,0.026703537555513242,-0.03438298626428829,4.240801016495822,-3.525,-7.015000000000001,0.015,7.6244593,0.012802008,0.29203507
0 days 00:00:07.830000,-0.0018868424345884643,-9.091908000000002,0.49442400000000003,8.008884,22.51149978605049,22.51149978605049,22.51149978605049,22.51149978605049,0.007155849933176751,-0.03822271061867582,0.0031415926535897933,-22.0,7.99,91.8,2,2,100.0,4,0.01,7.54,-0.015,52.6481709,9.7455536,33.74,32.22,52.648163399999994,9.745554799999999,0.026703537555513242,-0.034033920413889425,4.240801016495822,-3.525,-7.015000000000001,0.015,7.5351233,0.01724712,0.27119374
0 days 00:00:07.840000,-0.0021226977389120225,-6.533460000000001,0.306072,9.303804000000001,20.746416345742407,20.746416345742407,20.746416345742407,20.746416345742407,0.005061454830783556,-0.09983283321407564,0.00890117918517108,-12.0,7.99,88.5,2,2,100.0,4,0.01,7.4750000000000005,-0.01,52.6481709,9.7455536,33.74,32.22,52.648162799999994,9.7455543,0.026703537555513242,-0.03298672286269283,4.240801016495822,-3.525,-7.015000000000001,0.015,7.4706035,0.016845763,0.25616714
0 days 00:00:07.850000,-0.0021226977389120225,-4.402728000000001,0.5493600000000001,9.700128000000001,18.42640136927685,18.42640136927685,18.42640136927685,18.42640136927685,0.01361356816555577,-0.014137166941154071,0.024085543677521748,-13.0,7.99,86.85,2,2,100.0,4,0.01,7.4350000000000005,-0.01,52.6481709,9.7455536,33.74,32.22,52.648162199999994,9.7455538,0.026878070480712675,-0.0328121899374934,4.240975549421021,-3.525,-7.015000000000001,0.015,7.43067,0.016820163,0.25354904
0 days 00:00:07.860000,-0.0020047700867502436,-7.184844000000001,-0.04316400000000001,11.359980000000002,17.37002567394095,17.37002567394095,17.37002567394095,17.37002567394095,0.019198621771937627,0.12880529879718153,0.02426007660272118,-16.0,7.99,85.19999999999999,2,2,100.0,4,0.01,7.365,-0.02,52.648167799999996,9.7455511,33.74,32.230000000000004,52.648161599999995,9.7455533,0.027052603405912107,-0.03385938748868999,4.24132461527142,-3.36,-6.59,-0.11,7.360101,0.01728113,0.26894623
0 days 00:00:07.870000,-0.0017689147824266852,-13.737924000000001,-0.07063200000000001,8.303184000000002,17.67757809157039,17.67757809157039,17.67757809157039,17.67757809157039,0.0,-0.005585053606381855,0.01117010721276371,-16.0,7.99,87.29999999999998,2,2,100.0,4,0.005,7.23,-0.01,52.648167799999996,9.7455511,33.74,32.230000000000004,52.648161099999996,9.745552799999999,0.027052603405912107,-0.03385938748868999,4.24132461527142,-3.36,-6.59,-0.11,7.2255177,0.011889004,0.25452238
0 days 00:00:07.880000,-0.0018868424345884643,-10.896948,0.062784,7.016112000000001,19.76358579375267,19.76358579375267,19.76358579375267,19.76358579375267,-0.00471238898038469,-0.13107422682477415,0.005235987755982988,-9.0,7.99,89.39999999999999,2,2,100.0,4,0.005,7.12,0.015,52.648167799999996,9.7455511,33.74,32.230000000000004,52.648160499999996,9.7455523,0.027052603405912107,-0.03246312408709453,4.24132461527142,-3.36,-6.59,-0.11,7.116735,0.010843653,0.21589044
0 days 00:00:07.890000,-0.0021226977389120225,-3.971088,1.1418840000000001,11.124540000000001,22.718763371844247,22.718763371844247,22.718763371844247,22.718763371844247,0.004014257279586958,-0.007679448708775049,0.008028514559173916,-8.0,7.99,90.44999999999999,2,2,100.0,4,0.01,7.085,-0.0,52.648167799999996,9.7455511,33.74,32.230000000000004,52.648159899999996,9.7455518,0.027052603405912107,-0.03246312408709453,4.24149914819662,-3.36,-6.59,-0.11,7.081267,0.01621662,0.22960621
0 days 00:00:07.900000,-0.001650987130264906,-6.831684,-0.1962,12.4587,23.795196833547283,23.795196833547283,23.795196833547283,23.795196833547283,0.02722713633111154,0.0439822971502571,0.007155849933176751,-8.0,7.99,91.5,2,2,100.0,4,0.005,7.0200000000000005,-0.03,52.648167799999996,9.7455511,33.74,32.230000000000004,52.648159299999996,9.7455514,0.027401669256310976,-0.0328121899374934,4.24149914819662,-3.36,-6.59,-0.11,7.015237,0.012129449,0.2600494
0 days 00:00:07.910000,-0.0014151318259413483,-10.626192000000001,-0.41594400000000004,6.910164000000001,23.16003423192127,23.16003423192127,23.16003423192127,23.16003423192127,0.009250245035569947,-0.08028514559173917,-0.0019198621771937623,-6.0,7.99,90.6,2,2,100.0,4,0.01,6.91,-0.0,52.6481649,9.7455486,33.730000000000004,32.24,52.6481588,9.7455509,0.027401669256310976,-0.0317649923862968,4.24132461527142,-3.185,-6.2700000000000005,-0.085,6.9065137,0.01600904,0.21910281
0 days 00:00:07.920000,-0.0018868424345884643,-5.717268,0.8201160000000001,8.471916,22.1571459135644,22.1571459135644,22.1571459135644,22.1571459135644,-0.009948376736367679,-0.05689773361501515,-0.010297442586766544,-6.0,7.99,89.69999999999999,2,2,100.0,4,0.015,6.855,0.015,52.6481649,9.7455486,33.730000000000004,32.24,52.6481583,9.745550399999999,0.027227136331111543,-0.031241393610698498,4.24132461527142,-3.185,-6.2700000000000005,-0.085,6.8521237,0.02041557,0.19865008
0 days 00:00:07.930000,-0.0022406253910738014,-5.524992000000001,1.134036,10.716444000000001,20.87344886606761,20.87344886606761,20.87344886606761,20.87344886606761,-0.01064650843716541,0.02722713633111154,-0.006981317007977318,-7.0,7.99,87.14999999999999,2,2,100.0,4,0.025,6.805,0.005,52.6481649,9.7455486,33.730000000000004,32.24,52.6481577,9.74555,0.027052603405912107,-0.03159045946109736,4.241150082346221,-3.185,-6.2700000000000005,-0.085,6.801762,0.030669577,0.20918678
0 days 00:00:07.940000,-0.0017689147824266852,-9.315576,0.28252800000000006,10.327968,21.060654685494224,21.060654685494224,21.060654685494224,21.060654685494224,-0.0017453292519943296,0.013439035240356337,-0.003490658503988659,-7.0,7.99,84.6,2,2,100.0,4,0.025,6.715,-0.005,52.6481649,9.7455486,33.730000000000004,32.24,52.6481572,9.7455495,0.027052603405912107,-0.0317649923862968,4.241150082346221,-3.185,-6.2700000000000005,-0.085,6.711454,0.030894728,0.21750742
0 days 00:00:07.950000,-0.0015330594781031272,-10.119996,0.52974,8.997732000000001,21.889709028669234,21.889709028669234,21.889709028669234,21.889709028669234,0.005759586531581288,-0.03961897402027128,0.0015707963267948967,-10.0,7.99,86.85,2,2,100.0,4,0.025,6.615,-0.0,52.6481649,9.7455486,33.730000000000004,32.24,52.6481566,9.7455491,0.027227136331111543,-0.031241393610698498,4.241150082346221,-3.185,-6.2700000000000005,-0.085,6.6117716,0.030615933,0.20587102
0 days 00:00:07.960000,-0.0015330594781031272,-7.604712,0.14126400000000003,9.303804000000001,21.568784766795037,21.568784766795037,21.568784766795037,21.568784766795037,0.00034906585039886593,0.006806784082777885,-0.0038397243543875246,-8.0,7.99,89.1,2,2,100.0,4,0.02,6.54,-0.0,52.648162299999996,9.7455464,33.7,32.24,52.648156099999994,9.7455486,0.027227136331111543,-0.031415926535897934,4.241150082346221,-3.035,-5.915,0.025,6.5367727,0.025585068,0.20480576
0 days 00:00:07.970000,-0.0017689147824266852,-8.589636,0.39632400000000007,10.669356000000002,20.766474112109538,20.766474112109538,20.766474112109538,20.766474112109538,-0.0019198621771937623,0.022689280275926284,-0.012217304763960306,-6.0,7.99,90.44999999999999,2,2,100.0,4,0.025,6.46,-0.01,52.648162299999996,9.7455464,33.7,32.24,52.648155599999996,9.7455482,0.027227136331111543,-0.03159045946109736,4.240975549421021,-3.035,-5.915,0.025,6.456461,0.030817589,0.21327552
0 days 00:00:07.980000,-0.0018868424345884643,-10.426068,0.60822,9.570636,20.505723149336756,20.505723149336756,20.505723149336756,20.505723149336756,0.01117010721276371,-0.054105206811824215,-0.00645771823237902,-8.0,7.99,91.8,2,2,100.0,4,0.03,6.36,-0.01,52.648162299999996,9.7455464,33.7,32.24,52.6481551,9.745547799999999,0.027227136331111543,-0.031066860685499065,4.240975549421021,-3.035,-5.915,0.025,6.356621,0.035639137,0.20665498
0 days 00:00:07.990000,-0.0015330594781031272,-7.349652000000002,0.066708,9.766836000000001,20.425492083868203,20.425492083868203,20.425492083868203,20.425492083868203,0.018500490071139894,-0.01117010721276371,-0.003316125578789226,-10.0,7.99,93.9,2,2,100.0,4,0.025,6.29,-0.01,52.648162299999996,9.7455464,33.7,32.24,52.6481546,9.7455474,0.02757620218151041,-0.030892327760299633,4.240975549421021,-3.035,-5.915,0.025,6.2866898,0.030622967,0.20351008
0 days 00:00:08,-0.0012972041737795694,-7.620408000000001,-0.07848000000000001,10.06506,20.458921694480104,20.458921694480104,20.458921694480104,20.458921694480104,0.013962634015954637,0.02722713633111154,-0.008377580409572781,-10.0,7.99,96.0,2,2,100.0,4,0.025,6.215,-0.015,52.648162299999996,9.7455464,33.7,32.24,52.6481541,9.745546899999999,0.02757620218151041,-0.031241393610698498,4.240801016495822,-3.035,-5.915,0.025,6.2114987,0.030756675,0.20835753
0 days 00:00:08.010000,-0.0014151318259413483,-9.5157,0.23936400000000002,8.860392000000001,19.877246469833118,19.877246469833118,19.877246469833118,19.877246469833118,0.008377580409572781,-0.032637657012293965,-0.012217304763960306,-10.0,7.99,93.75,2,2,100.0,4,0.025,6.125,-0.01,52.6481597,9.7455441,33.7,32.25,52.6481536,9.7455465,0.02775073510670984,-0.030892327760299633,4.240801016495822,-2.865,-5.62,0.015,6.1217685,0.030517073,0.19841026
0 days 00:00:08.020000,-0.0015330594781031272,-7.589016000000001,0.49050000000000005,9.162540000000002,18.713896020539153,18.713896020539153,18.713896020539153,18.713896020539153,0.010821041362364843,-0.016057029118347832,-0.00942477796076938,-11.0,7.99,91.5,2,2,100.0,4,0.025,6.05,-0.005,52.6481597,9.7455441,33.7,32.25,52.648153099999995,9.7455461,0.027925268031909273,-0.0307177948351002,4.240626483570622,-2.865,-5.62,0.015,6.0469923,0.03031801,0.19003865
0 days 00:00:08.030000,-0.0014151318259413483,-7.8754680000000015,0.20797200000000002,10.834164000000001,18.88104407359863,18.88104407359863,18.88104407359863,18.88104407359863,0.013962634015954637,0.061435589670200394,-0.006981317007977318,-12.0,7.99,92.55,2,2,100.0,4,0.025,5.9750000000000005,-0.02,52.6481597,9.7455441,33.7,32.25,52.648152599999996,9.7455457,0.027925268031909273,-0.031415926535897934,4.240626483570622,-2.865,-5.62,0.015,5.9714236,0.030788723,0.20689042
0 days 00:00:08.040000,-0.0011792765216177901,-11.089224000000002,-0.054936000000000006,9.527472000000001,19.215340179717586,19.215340179717586,19.215340179717586,19.215340179717586,0.01780235837034216,-0.0012217304763960308,-0.007504915783575617,-13.0,7.99,93.6,2,2,100.0,4,0.02,5.865,-0.02,52.6481597,9.7455441,33.7,32.25,52.6481521,9.7455453,0.028099800957108706,-0.031415926535897934,4.240451950645423,-2.865,-5.62,0.015,5.8614774,0.025729729,0.20357168
0 days 00:00:08.050000,-0.0011792765216177901,-8.805456000000001,0.251136,8.789760000000001,18.73395378690629,18.73395378690629,18.73395378690629,18.73395378690629,0.008377580409572781,-0.034208453339088854,-0.012042771838760874,-13.0,7.99,96.3,1,2,100.0,4,0.025,5.78,-0.01,52.6481597,9.7455441,33.7,32.25,52.6481517,9.745544899999999,0.028274333882308142,-0.031066860685499065,4.240277417720224,-2.865,-5.62,0.015,5.776901,0.030348206,0.18875024
0 days 00:00:08.060000,-0.0014151318259413483,-7.361424000000001,0.37278,10.449612000000002,18.105477107402653,18.105477107402653,18.105477107402653,18.105477107402653,0.008377580409572781,0.05131268000863328,-0.01117010721276371,-14.0,7.99,99.0,1,1,100.0,4,0.015,5.715,-0.025,52.6481573,9.745542,33.7,32.25,52.6481512,9.7455445,0.028448866807507574,-0.0317649923862968,4.240451950645423,-2.73,-5.235,0.085,5.7113233,0.020867651,0.20598355
0 days 00:00:08.070000,-0.0012972041737795694,-10.924416000000003,0.80442,9.672660000000002,17.791238767650835,17.791238767650835,17.791238767650835,17.791238767650835,0.0041887902047863905,0.015184364492350668,-0.011519173063162576,-15.0,7.99,99.3,1,1,100.0,4,0.02,5.61,-0.025,52.6481573,9.745542,33.7,32.25,52.648150799999996,9.7455442,0.028448866807507574,-0.0317649923862968,4.240277417720224,-2.73,-5.235,0.085,5.606376,0.02577077,0.20250793
0 days 00:00:08.080000,-0.0011792765216177901,-9.837468000000001,0.12164400000000002,9.107604,18.03861788617886,18.03861788617886,18.03861788617886,18.03861788617886,0.010122909661567111,-0.04625122517784973,-0.009773843811168246,-16.0,7.99,99.6,1,1,100.0,4,0.02,5.515,-0.025,52.6481573,9.745542,33.7,32.25,52.6481503,9.7455438,0.028623399732707007,-0.031415926535897934,4.240102884795024,-2.73,-5.235,0.085,5.511493,0.025664706,0.19756442
0 days 00:00:08.090000,-0.0012972041737795694,-6.655104000000001,0.7102440000000001,9.633420000000001,17.490372272143777,17.490372272143777,17.490372272143777,17.490372272143777,0.003490658503988659,0.03665191429188092,-0.008203047484373348,-17.0,7.99,98.1,1,1,100.0,4,0.025,5.45,-0.025,52.6481573,9.745542,33.7,32.25,52.6481499,9.745543399999999,0.028623399732707007,-0.0317649923862968,4.240102884795024,-2.73,-5.235,0.085,5.4464564,0.030658638,0.19728084
0 days 00:00:08.100000,-0.0012972041737795694,-9.217476,0.21974400000000002,10.233792000000001,16.935440735986305,16.935440735986305,16.935440735986305,16.935440735986305,-0.006806784082777885,0.04991641660703782,-0.00890117918517108,-18.0,7.99,96.6,1,1,100.0,4,0.025,5.365,-0.03,52.6481573,9.745542,33.7,32.25,52.648149499999995,9.745543099999999,0.028448866807507574,-0.0322885911618951,4.239928351869825,-2.73,-5.235,0.085,5.3612347,0.030769417,0.2023892
0 days 00:00:08.110000,-0.0014151318259413483,-10.995048,0.07063200000000001,9.319500000000001,16.754920838682068,16.754920838682068,16.754920838682068,16.754920838682068,-0.0041887902047863905,-0.030543261909900768,-0.007853981633974483,-19.0,7.99,96.3,1,1,100.0,4,0.015,5.26,-0.035,52.648154999999996,9.7455401,33.7,32.26,52.6481491,9.7455427,0.028623399732707007,-0.032114058236695664,4.239928351869825,-2.5300000000000002,-4.875,0.1,5.256164,0.020828594,0.2033601
0 days 00:00:08.120000,-0.0014151318259413483,-7.899012000000001,0.8318880000000001,8.67204,16.774978605049206,16.774978605049206,16.774978605049206,16.774978605049206,-0.010122909661567111,-0.014486232791552938,-0.0038397243543875246,-19.0,7.99,96.0,1,1,100.0,4,0.025,5.1850000000000005,-0.025,52.648154999999996,9.7455401,33.7,32.26,52.6481486,9.7455424,0.028448866807507574,-0.031939525311496235,4.239928351869825,-2.5300000000000002,-4.875,0.1,5.181557,0.030410526,0.18977727
0 days 00:00:08.130000,-0.0012972041737795694,-6.949404,-0.0981,10.610496000000001,16.333707744972184,16.333707744972184,16.333707744972184,16.333707744972184,-0.010122909661567111,0.053930673886624786,-0.005061454830783556,-20.0,7.99,95.85,1,1,100.0,4,0.02,5.115,-0.035,52.648154999999996,9.7455401,33.7,32.26,52.648148199999994,9.745542,0.028448866807507574,-0.03246312408709453,4.239753818944626,-2.5300000000000002,-4.875,0.1,5.111169,0.025709393,0.20035103
0 days 00:00:08.140000,-0.0014151318259413483,-10.532016000000002,0.38847600000000004,9.221400000000001,15.959296106118956,15.959296106118956,15.959296106118956,15.959296106118956,-0.014311699866353502,0.012042771838760874,-0.005235987755982988,-21.0,7.99,95.69999999999999,1,1,100.0,4,0.02,5.015,-0.035,52.648154999999996,9.7455401,33.7,32.26,52.6481478,9.7455417,0.028274333882308142,-0.032637657012293965,4.239753818944626,-2.5300000000000002,-4.875,0.1,5.011187,0.025607392,0.19798535
0 days 00:00:08.150000,-0.001650987130264906,-9.794304,0.604296,8.409132000000001,15.678487376979032,15.678487376979032,15.678487376979032,15.678487376979032,-0.015533430342749534,-0.03228859116189509,-0.0020943951023931952,-22.0,7.99,95.55,1,1,100.0,4,0.025,4.92,-0.025,52.648154999999996,9.7455401,33.7,32.26,52.6481474,9.7455413,0.028099800957108706,-0.0322885911618951,4.239753818944626,-2.5300000000000002,-4.875,0.1,4.9166284,0.030154737,0.18304428
0 days 00:00:08.160000,-0.001650987130264906,-6.984720000000001,-0.031392,10.131768,15.457851946940522,15.457851946940522,15.457851946940522,15.457851946940522,-0.010122909661567111,0.032637657012293965,-0.0015707963267948967,-23.0,7.99,95.39999999999999,1,1,100.0,4,0.015,4.86,-0.025,52.6481527,9.7455379,33.78,32.27,52.648146999999994,9.745541,0.027925268031909273,-0.032637657012293965,4.239753818944626,-2.29,-4.5200000000000005,0.015,4.856596,0.020119937,0.18308714
0 days 00:00:08.170000,-0.001650987130264906,-9.044820000000001,0.26290800000000003,9.778608,15.337505348737697,15.337505348737697,15.337505348737697,15.337505348737697,-0.014660765716752367,0.03577924966588375,-0.0024434609527920616,-23.0,7.99,94.94999999999999,1,1,100.0,4,0.015,4.7700000000000005,-0.03,52.6481527,9.7455379,33.78,32.27,52.6481467,9.7455407,0.027925268031909273,-0.03298672286269283,4.239753818944626,-2.29,-4.5200000000000005,0.015,4.7664156,0.020223925,0.18680994
0 days 00:00:08.180000,-0.0017689147824266852,-10.355436000000001,0.192276,8.974188000000002,14.94972186563971,14.94972186563971,14.94972186563971,14.94972186563971,-0.010297442586766544,-0.016231562043547268,-0.0015707963267948967,-24.0,7.99,94.5,1,1,100.0,4,0.015,4.67,-0.025,52.6481527,9.7455379,33.78,32.27,52.6481463,9.7455404,0.02775073510670984,-0.0328121899374934,4.239753818944626,-2.29,-4.5200000000000005,0.015,4.666666,0.019938547,0.17770717
0 days 00:00:08.190000,-0.0017689147824266852,-8.240400000000001,0.18835200000000002,9.10368,14.71571459135644,14.71571459135644,14.71571459135644,14.71571459135644,-0.012042771838760874,0.007504915783575617,-0.0019198621771937623,-25.0,7.99,93.44999999999999,1,1,100.0,4,0.015,4.59,-0.02,52.6481527,9.7455379,33.78,32.27,52.648145899999996,9.7455401,0.02757620218151041,-0.03298672286269283,4.239753818944626,-2.29,-4.5200000000000005,0.015,4.5868435,0.019719452,0.17089197
0 days 00:00:08.200000,-0.0017689147824266852,-8.377740000000001,0.4198680000000001,9.92772,14.40147625160462,14.40147625160462,14.40147625160462,14.40147625160462,-0.010995574287564275,0.03089232776029963,-0.0010471975511965976,-26.0,7.99,92.39999999999999,1,1,100.0,4,0.02,4.51,-0.025,52.6481527,9.7455379,33.78,32.27,52.6481455,9.7455397,0.02757620218151041,-0.033335788713091695,4.239753818944626,-2.29,-4.5200000000000005,0.015,4.5066614,0.024825964,0.17468458
0 days 00:00:08.210000,-0.0017689147824266852,-9.700128000000001,0.11379600000000001,9.021276000000002,14.16746897732135,14.16746897732135,14.16746897732135,14.16746897732135,-0.003316125578789226,-0.007853981633974483,-0.0005235987755982988,-27.0,7.99,92.25,1,1,100.0,4,0.015,4.415,-0.02,52.648150799999996,9.7455363,33.78,32.27,52.648145199999995,9.7455394,0.02757620218151041,-0.033161255787892266,4.239753818944626,-2.065,-4.065,-0.015,4.4119096,0.019581543,0.16589227
0 days 00:00:08.220000,-0.0017689147824266852,-8.350272,0.533664,8.946720000000001,13.89334617030381,13.89334617030381,13.89334617030381,13.89334617030381,-0.0031415926535897933,0.010471975511965976,-0.0012217304763960308,-28.0,7.99,92.1,1,1,100.0,4,0.02,4.335,-0.01,52.648150799999996,9.7455363,33.78,32.28,52.6481448,9.7455391,0.027401669256310976,-0.033161255787892266,4.239753818944626,-2.065,-4.065,-0.015,4.3322854,0.02420421,0.15311654
0 days 00:00:08.230000,-0.0017689147824266852,-8.314956,0.031392,10.355436000000001,13.793057338468122,13.793057338468122,13.793057338468122,13.793057338468122,0.00034906585039886593,0.03787364476827695,-0.0010471975511965976,-29.0,7.99,92.1,1,1,100.0,4,0.015,4.255,-0.02,52.648150799999996,9.7455363,33.78,32.28,52.6481445,9.7455389,0.027401669256310976,-0.033510321638291124,4.239753818944626,-2.065,-4.065,-0.015,4.251941,0.019447912,0.16207652
0 days 00:00:08.240000,-0.0017689147824266852,-9.813924,0.17658000000000004,9.233172000000001,13.56573598630723,13.56573598630723,13.56573598630723,13.56573598630723,0.0013962634015954637,-0.0019198621771937623,-0.0006981317007977319,-30.0,7.99,92.1,1,1,100.0,4,0.015,4.16,-0.02,52.648150799999996,9.7455363,33.78,32.28,52.6481442,9.7455386,0.027401669256310976,-0.033510321638291124,4.239579286019426,-2.065,-4.065,-0.015,4.1569943,0.019360706,0.15889482
0 days 00:00:08.250000,-0.0017689147824266852,-8.660268,0.384552,8.923176000000002,13.211382113821138,13.211382113821138,13.211382113821138,13.211382113821138,0.00645771823237902,-0.007155849933176751,0.0008726646259971648,-31.0,7.99,91.95,1,1,100.0,4,0.02,4.075,-0.01,52.648150799999996,9.7455363,33.78,32.28,52.6481438,9.7455383,0.02757620218151041,-0.033510321638291124,4.239753818944626,-2.065,-4.065,-0.015,4.0723767,0.024032442,0.14591622
0 days 00:00:08.260000,-0.0017689147824266852,-8.048124000000001,0.1962,9.82962,12.870400085579805,12.870400085579805,12.870400085579805,12.870400085579805,0.009773843811168246,0.045727626402251434,0.0006981317007977319,-31.0,7.99,91.8,1,1,100.0,4,0.025,3.995,-0.015,52.6481491,9.7455349,33.77,32.28,52.648143499999996,9.745538,0.02757620218151041,-0.03385938748868999,4.239579286019426,-1.83,-3.73,-0.015,3.9922023,0.029132849,0.14948736
0 days 00:00:08.270000,-0.001650987130264906,-9.880632000000002,0.14126400000000003,9.96696,12.796854942233631,12.796854942233631,12.796854942233631,12.796854942233631,0.008552113334772213,0.02076941809873252,-0.0008726646259971648,-32.0,7.99,91.65,1,1,100.0,4,0.02,3.9,-0.02,52.6481491,9.7455349,33.77,32.28,52.6481432,9.7455378,0.02757620218151041,-0.034033920413889425,4.239579286019426,-1.83,-3.73,-0.015,3.897061,0.024202611,0.15208557
0 days 00:00:08.280000,-0.001650987130264906,-9.861012,0.22759200000000002,9.209628,12.569533590072743,12.569533590072743,12.569533590072743,12.569533590072743,0.011344640137963142,-0.007155849933176751,0.00034906585039886593,-33.0,7.99,91.5,1,1,100.0,4,0.02,3.805,-0.015,52.6481491,9.7455349,33.77,32.28,52.648142899999996,9.7455375,0.02775073510670984,-0.034033920413889425,4.239579286019426,-1.83,-3.73,-0.015,3.8022861,0.024000803,0.14385481
0 days 00:00:08.290000,-0.001650987130264906,-8.048124000000001,0.047088000000000005,9.013428000000001,12.101519041506204,12.101519041506204,12.101519041506204,12.101519041506204,0.0010471975511965976,0.009075712110370514,-0.0024434609527920616,-34.0,7.99,91.05,1,1,100.0,4,0.02,3.73,-0.01,52.6481491,9.7455349,33.77,32.28,52.6481426,9.7455372,0.02775073510670984,-0.03420845333908886,4.239579286019426,-1.83,-3.73,-0.015,3.7274756,0.023809388,0.13695888
0 days 00:00:08.300000,-0.001650987130264906,-8.483688,-0.12164400000000002,10.481004,11.894255455712452,11.894255455712452,11.894255455712452,11.894255455712452,0.008552113334772213,0.031939525311496235,-0.0027925268031909274,-34.0,7.99,90.6,1,1,100.0,4,0.015,3.645,-0.02,52.6481491,9.7455349,33.77,32.28,52.648142299999996,9.745536999999999,0.027925268031909273,-0.03438298626428829,4.239579286019426,-1.83,-3.73,-0.015,3.642158,0.019050872,0.144814
0 days 00:00:08.310000,-0.001650987130264906,-9.904176000000001,0.592524,9.244944,11.593388960205392,11.593388960205392,11.593388960205392,11.593388960205392,0.0038397243543875246,-0.0008726646259971648,-0.0017453292519943296,-36.0,7.99,90.45,1,1,100.0,4,0.02,3.5500000000000003,-0.01,52.648147599999994,9.7455334,33.78,32.29,52.648142,9.745536699999999,0.027925268031909273,-0.03438298626428829,4.2394047530942265,-1.67,-3.335,-0.1,3.547558,0.023678688,0.13141973
0 days 00:00:08.320000,-0.001650987130264906,-8.5347,-0.10987200000000001,9.26064,11.473042362002566,11.473042362002566,11.473042362002566,11.473042362002566,-0.0010471975511965976,-0.011519173063162576,-0.004537856055185257,-36.0,7.99,90.3,1,1,100.0,4,0.02,3.465,-0.01,52.648147599999994,9.7455334,33.78,32.29,52.6481417,9.7455365,0.027925268031909273,-0.03420845333908886,4.2394047530942265,-1.67,-3.335,-0.1,3.4626305,0.023580225,0.12789479
0 days 00:00:08.330000,-0.001650987130264906,-7.812684,0.47088,9.970884,11.011713735558407,11.011713735558407,11.011713735558407,11.011713735558407,-0.002617993877991494,0.02181661564992912,-0.005934119456780722,-36.0,7.99,90.15,1,1,100.0,4,0.02,3.39,-0.015,52.648147599999994,9.7455334,33.78,32.29,52.648141499999994,9.7455363,0.02775073510670984,-0.03438298626428829,4.2394047530942265,-1.67,-3.335,-0.1,3.3874807,0.023641787,0.13092093
0 days 00:00:08.340000,-0.001650987130264906,-9.617724,0.52974,9.543168,10.817821994009414,10.817821994009414,10.817821994009414,10.817821994009414,-0.00645771823237902,0.01064650843716541,-0.003316125578789226,-34.0,7.99,90.0,1,1,100.0,4,0.02,3.3000000000000003,-0.015,52.648147599999994,9.7455334,33.78,32.29,52.6481412,9.745536099999999,0.02775073510670984,-0.034557519189487726,4.2394047530942265,-1.67,-3.335,-0.1,3.2975113,0.02357191,0.12840354
0 days 00:00:08.350000,-0.0015330594781031272,-9.598104000000001,-0.145188,9.629496000000001,10.530327342747112,10.530327342747112,10.530327342747112,10.530327342747112,-0.002967059728390361,-0.016755160819145562,-0.0015707963267948967,-34.0,7.99,90.0,1,1,100.0,4,0.02,3.205,-0.015,52.648147599999994,9.7455334,33.78,32.29,52.648140899999994,9.745535799999999,0.02775073510670984,-0.03438298626428829,4.2394047530942265,-1.67,-3.335,-0.1,3.20259,0.023465326,0.12456376
0 days 00:00:08.360000,-0.0015330594781031272,-8.460144000000001,0.32176800000000005,9.570636,10.38992297817715,10.38992297817715,10.38992297817715,10.38992297817715,-0.0054105206811824215,0.002617993877991494,-0.0027925268031909274,-38.0,7.99,90.0,1,1,100.0,4,0.02,3.125,-0.015,52.648146,9.745531999999999,33.8,32.29,52.6481407,9.7455356,0.02775073510670984,-0.03438298626428829,4.239230220169027,-1.48,-2.93,-0.035,3.1226373,0.02338902,0.12181473
0 days 00:00:08.370000,-0.0015330594781031272,-9.182160000000001,0.3924,9.476460000000001,9.935280273855371,9.935280273855371,9.935280273855371,9.935280273855371,-0.004363323129985824,0.0017453292519943296,-0.0020943951023931952,-39.0,7.99,90.0,1,1,100.0,4,0.02,3.035,-0.015,52.648146,9.745531999999999,33.8,32.3,52.6481405,9.7455354,0.02757620218151041,-0.03438298626428829,4.239230220169027,-1.48,-2.93,-0.035,3.0326905,0.023282453,0.11872612
0 days 00:00:08.380000,-0.0015330594781031272,-9.421524000000002,0.26290800000000003,9.602028,9.63441377834831,9.63441377834831,9.63441377834831,9.63441377834831,0.0020943951023931952,-0.007504915783575617,-0.0019198621771937623,-41.0,7.99,90.0,1,1,100.0,4,0.02,2.945,-0.015,52.648146,9.745531999999999,33.8,32.3,52.6481402,9.745535199999999,0.02775073510670984,-0.03438298626428829,4.239230220169027,-1.48,-2.93,-0.035,2.9427435,0.023217328,0.11562939
0 days 00:00:08.390000,-0.0015330594781031272,-9.217476,0.24721200000000002,9.5157,9.467265725288831,9.467265725288831,9.467265725288831,9.467265725288831,0.004363323129985824,-0.00645771823237902,-0.0006981317007977319,-43.0,7.99,89.85,1,1,100.0,4,0.02,2.855,-0.015,52.648146,9.745531999999999,33.8,32.3,52.64814,9.745535,0.02775073510670984,-0.03420845333908886,4.239230220169027,-1.48,-2.93,-0.035,2.8528166,0.023117665,0.112039
0 days 00:00:08.400000,-0.0015330594781031272,-9.00558,0.0,9.845316,9.313489516474112,9.313489516474112,9.313489516474112,9.313489516474112,0.009599310885968814,-0.004014257279586958,0.00034906585039886593,-52.0,7.99,89.69999999999999,1,1,100.0,4,0.015,2.77,-0.015,52.648146,9.745531999999999,33.8,32.3,52.648139799999996,9.7455348,0.02775073510670984,-0.03420845333908886,4.239230220169027,-1.48,-2.93,-0.035,2.7678661,0.018038925,0.109271705
0 days 00:00:08.410000,-0.0015330594781031272,-9.154692,0.21189600000000003,9.503928,8.751872058194264,8.751872058194264,8.751872058194264,8.751872058194264,0.009250245035569947,-0.002967059728390361,-0.0010471975511965976,-52.0,7.99,89.69999999999999,1,1,100.0,4,0.015,2.68,-0.015,52.6481448,9.745531,33.79,32.3,52.6481395,9.7455346,0.027925268031909273,-0.03420845333908886,4.239230220169027,-1.3,-2.54,-0.005,2.677919,0.01797205,0.106191605
0 days 00:00:08.420000,-0.0015330594781031272,-9.052668,0.3296160000000001,9.307728000000001,8.591409927257168,8.591409927257168,8.591409927257168,8.591409927257168,0.007853981633974483,-0.0158824961931484,-0.0019198621771937623,-50.0,7.99,89.69999999999999,1,1,100.0,4,0.015,2.595,-0.015,52.6481448,9.745531,33.79,32.3,52.6481393,9.7455345,0.027925268031909273,-0.034033920413889425,4.239230220169027,-1.3,-2.54,-0.005,2.5929868,0.017878242,0.10283319
0 days 00:00:08.430000,-0.0015330594781031272,-8.460144000000001,0.29430000000000006,9.507852000000002,8.410890029952933,8.410890029952933,8.410890029952933,8.410890029952933,0.009948376736367679,-0.004886921905584123,-0.0024434609527920616,-47.0,7.99,89.69999999999999,1,1,100.0,4,0.015,2.515,-0.015,52.6481448,9.745531,33.79,32.3,52.648139099999995,9.7455343,0.028099800957108706,-0.034033920413889425,4.239230220169027,-1.3,-2.54,-0.005,2.5130332,0.017819706,0.10010896
0 days 00:00:08.440000,-0.0015330594781031272,-8.84862,0.184428,9.649116000000001,8.203626444159177,8.203626444159177,8.203626444159177,8.203626444159177,0.010995574287564275,0.00471238898038469,-0.0015707963267948967,-45.0,7.99,89.69999999999999,1,1,100.0,4,0.015,2.43,-0.015,52.6481448,9.745531,33.79,32.3,52.6481389,9.7455341,0.028274333882308142,-0.034033920413889425,4.239230220169027,-1.3,-2.54,-0.005,2.4280825,0.01775541,0.09721468
0 days 00:00:08.450000,-0.0015330594781031272,-9.519624,0.463032,9.409752000000001,7.949561403508772,7.949561403508772,7.949561403508772,7.949561403508772,0.008377580409572781,-0.0027925268031909274,-0.002617993877991494,-42.0,7.99,89.69999999999999,1,1,100.0,4,0.015,2.335,-0.015,52.6481448,9.745531,33.79,32.3,52.6481387,9.745534,0.028274333882308142,-0.034033920413889425,4.239055687243828,-1.3,-2.54,-0.005,2.3331373,0.017664023,0.09398337
0 days 00:00:08.460000,-0.0015330594781031272,-9.370512000000002,0.317844,9.138996,7.635323063756953,7.635323063756953,7.635323063756953,7.635323063756953,0.006632251157578452,-0.010471975511965976,-0.0038397243543875246,-40.0,7.99,89.69999999999999,1,1,100.0,4,0.02,2.245,-0.01,52.6481437,9.7455302,33.79,32.31,52.648138599999996,9.745533799999999,0.028274333882308142,-0.03385938748868999,4.239055687243828,-1.08,-2.14,-0.035,2.2433746,0.022423105,0.085394286
0 days 00:00:08.470000,-0.0015330594781031272,-8.581788000000001,0.3531600000000001,9.437220000000002,7.347828412494652,7.347828412494652,7.347828412494652,7.347828412494652,0.004363323129985824,-0.007330382858376183,-0.0006981317007977319,-38.0,7.99,89.69999999999999,1,1,100.0,4,0.02,2.16,-0.01,52.6481437,9.7455302,33.79,32.31,52.6481384,9.7455336,0.028448866807507574,-0.03368485456349056,4.239055687243828,-1.08,-2.14,-0.035,2.158438,0.022345442,0.08213747
0 days 00:00:08.480000,-0.0015330594781031272,-8.57394,0.5729040000000001,9.547092000000001,7.046961916987591,7.046961916987591,7.046961916987591,7.046961916987591,0.006283185307179587,0.005585053606381855,-0.0013962634015954637,-36.0,7.99,89.69999999999999,1,1,100.0,4,0.025,2.08,-0.01,52.6481437,9.7455302,33.79,32.31,52.6481382,9.745533499999999,0.028448866807507574,-0.03385938748868999,4.239055687243828,-1.08,-2.14,-0.035,2.0784693,0.027277103,0.07966466
0 days 00:00:08.490000,-0.0015330594781031272,-9.10368,0.24721200000000002,9.166464000000001,6.732723577235772,6.732723577235772,6.732723577235772,6.732723577235772,0.005585053606381855,-0.0020943951023931952,-0.0027925268031909274,-35.0,7.99,89.69999999999999,1,1,100.0,4,0.025,1.99,-0.005,52.6481437,9.7455302,33.79,32.31,52.6481381,9.7455334,0.028448866807507574,-0.03385938748868999,4.239055687243828,-1.08,-2.14,-0.035,1.9886901,0.027048294,0.07162403
0 days 00:00:08.500000,-0.0015330594781031272,-8.954568000000002,0.6396120000000001,9.10368,6.5054022250748815,6.5054022250748815,6.5054022250748815,6.5054022250748815,-0.0005235987755982988,0.0031415926535897933,-0.0019198621771937623,-33.0,7.99,89.69999999999999,1,1,100.0,4,0.025,1.905,-0.0,52.6481437,9.7455302,33.79,32.31,52.648137899999995,9.745533199999999,0.028448866807507574,-0.03385938748868999,4.239055687243828,-1.08,-2.14,-0.035,1.9039081,0.0268243,0.063752584
0 days 00:00:08.510000,-0.0015330594781031272,-8.883936,0.24721200000000002,9.503928,6.184477963200685,6.184477963200685,6.184477963200685,6.184477963200685,0.0017453292519943296,0.0041887902047863905,0.00017453292519943296,-32.0,7.99,89.69999999999999,1,1,100.0,4,0.02,1.82,-0.005,52.648142799999995,9.7455295,33.78,32.31,52.6481378,9.7455331,0.028623399732707007,-0.03385938748868999,4.239055687243828,-0.925,-1.735,0.05,1.8187876,0.021898136,0.06600977
0 days 00:00:08.520000,-0.0015330594781031272,-8.781912,0.231516,9.480384,6.184477963200685,6.184477963200685,6.184477963200685,6.184477963200685,0.0008726646259971648,0.005061454830783556,-0.0008726646259971648,-30.0,7.99,89.69999999999999,1,1,100.0,4,0.02,1.735,-0.0,52.648142799999995,9.7455295,33.78,32.31,52.6481376,9.745533,0.028623399732707007,-0.03385938748868999,4.239055687243828,-0.925,-1.735,0.05,1.7340056,0.021672769,0.058138363
0 days 00:00:08.530000,-0.0015330594781031272,-8.840772000000001,0.40417200000000003,9.10368,5.810066324347454,5.810066324347454,5.810066324347454,5.810066324347454,-0.0020943951023931952,-0.0013962634015954637,-0.002617993877991494,-28.0,7.99,89.55,1,1,100.0,4,0.025,1.6500000000000001,-0.0,52.648142799999995,9.7455295,33.78,32.31,52.6481375,9.745532899999999,0.028623399732707007,-0.03385938748868999,4.239055687243828,-0.925,-1.735,0.05,1.6490543,0.02658837,0.055118944
0 days 00:00:08.540000,-0.0015330594781031272,-8.530776000000001,0.32176800000000005,9.594180000000001,5.522571673085152,5.522571673085152,5.522571673085152,5.522571673085152,-0.0015707963267948967,0.013439035240356337,-0.002967059728390361,-27.0,7.99,89.39999999999999,1,1,100.0,4,0.025,1.565,-0.0,52.648142799999995,9.7455295,33.78,32.31,52.648137399999996,9.7455328,0.028623399732707007,-0.034033920413889425,4.239055687243828,-0.925,-1.735,0.05,1.5640937,0.026513828,0.052515507
0 days 00:00:08.550000,-0.0015330594781031272,-9.421524000000002,0.361008,9.527472000000001,5.368795464270432,5.368795464270432,5.368795464270432,5.368795464270432,-0.003316125578789226,0.015009831567151233,-0.0008726646259971648,-26.0,7.99,89.39999999999999,1,1,100.0,4,0.025,1.475,-0.0,52.648142799999995,9.7455295,33.78,32.31,52.6481372,9.7455327,0.028448866807507574,-0.03420845333908886,4.239055687243828,-0.925,-1.735,0.05,1.4741371,0.026424868,0.049716093
0 days 00:00:08.560000,-0.0015330594781031272,-9.429372,0.027468000000000003,9.1233,5.16153187847668,5.16153187847668,5.16153187847668,5.16153187847668,-0.002967059728390361,-0.017627825445142728,-0.0012217304763960308,-23.0,7.99,89.39999999999999,1,1,100.0,4,0.015,1.385,0.005,52.648142,9.7455281,33.9,32.32,52.6481371,9.745532599999999,0.028623399732707007,-0.034033920413889425,4.239055687243828,-0.74,-1.375,0.01,1.3843681,0.016199619,0.041684225
0 days 00:00:08.570000,-0.0015330594781031272,-7.8676200000000005,0.5846760000000001,9.500004,4.7336328626444155,4.7336328626444155,4.7336328626444155,4.7336328626444155,-0.002617993877991494,0.0041887902047863905,-0.002967059728390361,-20.0,7.99,89.39999999999999,1,1,100.0,4,0.02,1.31,0.005,52.648142,9.7455281,33.9,32.32,52.648137,9.7455325,0.028448866807507574,-0.034033920413889425,4.239055687243828,-0.74,-1.375,0.01,1.3094114,0.021117724,0.038993806
0 days 00:00:08.580000,-0.0015330594781031272,-8.291412000000001,0.278604,9.806076000000001,4.7336328626444155,4.7336328626444155,4.7336328626444155,4.7336328626444155,-0.0027925268031909274,0.019896753472735357,-0.003316125578789226,-17.0,7.99,89.39999999999999,1,1,100.0,4,0.02,1.23,-0.0,52.648142,9.7455281,33.9,32.32,52.6481369,9.7455324,0.028448866807507574,-0.03420845333908886,4.238881154318628,-0.74,-1.375,0.01,1.2292804,0.021188537,0.04148227
0 days 00:00:08.590000,-0.0015330594781031272,-9.433296,0.24328800000000003,9.668736,4.319105691056911,4.319105691056911,4.319105691056911,4.319105691056911,0.0005235987755982988,0.0017453292519943296,-0.0027925268031909274,-15.0,7.99,89.39999999999999,1,1,100.0,4,0.02,1.1400000000000001,-0.0,52.648142,9.7455281,33.9,32.32,52.648136799999996,9.745532299999999,0.028448866807507574,-0.03420845333908886,4.238881154318628,-0.74,-1.375,0.01,1.139333,0.02110098,0.038405355
0 days 00:00:08.600000,-0.0015330594781031272,-9.052668,0.32176800000000005,9.1233,4.319105691056911,4.319105691056911,4.319105691056911,4.319105691056911,0.00034906585039886593,-0.00942477796076938,-0.003316125578789226,-15.0,7.99,89.39999999999999,1,1,100.0,4,0.02,1.05,0.005,52.648142,9.7455281,33.9,32.32,52.648136699999995,9.7455322,0.028448866807507574,-0.03420845333908886,4.238881154318628,-0.74,-1.375,0.01,1.0495567,0.020871278,0.030333385
0 days 00:00:08.610000,-0.0015330594781031272,-8.087364,0.3924,9.633420000000001,3.8444052203679937,3.8444052203679937,3.8444052203679937,3.8444052203679937,-0.0013962634015954637,0.007679448708775049,-0.0020943951023931952,-15.0,7.99,89.39999999999999,1,1,100.0,4,0.02,0.975,-0.0,52.6481414,9.745527899999999,33.86,32.33,52.648136699999995,9.7455321,0.028448866807507574,-0.03420845333908886,4.238881154318628,-0.5,-1.01,0.005,0.97442955,0.020940455,0.032764345
0 days 00:00:08.620000,-0.0015330594781031272,-8.679888,0.28645200000000004,10.218096000000001,3.8444052203679937,3.8444052203679937,3.8444052203679937,3.8444052203679937,-0.0015707963267948967,0.020245819323134222,-0.0022689280275926286,-15.0,7.99,89.39999999999999,1,1,100.0,4,0.02,0.89,-0.005,52.6481414,9.745527899999999,33.86,32.33,52.6481366,9.7455321,0.028448866807507574,-0.03438298626428829,4.238881154318628,-0.5,-1.01,0.005,0.8893021,0.021004317,0.035008572
0 days 00:00:08.630000,-0.0015330594781031272,-9.82962,0.20404800000000003,9.252792000000001,3.26272999572101,3.26272999572101,3.26272999572101,3.26272999572101,0.00017453292519943296,-0.019198621771937627,-0.0020943951023931952,-15.0,7.99,89.39999999999999,1,1,100.0,4,0.02,0.795,-0.005,52.6481414,9.745527899999999,33.86,32.33,52.6481365,9.745531999999999,0.028448866807507574,-0.03420845333908886,4.238881154318628,-0.5,-1.01,0.005,0.79436386,0.02090748,0.031605568
0 days 00:00:08.640000,-0.0015330594781031272,-8.26002,0.47480400000000006,9.452916,3.26272999572101,3.26272999572101,3.26272999572101,3.26272999572101,-0.0012217304763960308,-0.006108652381980153,-0.0015707963267948967,-14.0,7.99,89.39999999999999,1,1,100.0,4,0.025,0.715,-0.0,52.6481414,9.745527899999999,33.86,32.33,52.6481365,9.745531999999999,0.028448866807507574,-0.03420845333908886,4.238881154318628,-0.5,-1.01,0.005,0.71458167,0.025685487,0.023733253
0 days 00:00:08.650000,-0.0015330594781031272,-8.27964,0.278604,9.951264,3.242672229353872,3.242672229353872,3.242672229353872,3.242672229353872,-0.002967059728390361,0.0158824961931484,-0.0006981317007977319,-13.0,7.99,89.25,1,1,100.0,4,0.025,0.64,-0.005,52.6481414,9.745527899999999,33.86,32.33,52.6481364,9.7455319,0.028448866807507574,-0.03438298626428829,4.238706621393429,-0.5,-1.01,0.005,0.63944983,0.025757836,0.02627577
0 days 00:00:08.660000,-0.0015330594781031272,-9.370512000000002,0.266832,9.574560000000002,2.647625160462131,2.647625160462131,2.647625160462131,2.647625160462131,-0.0038397243543875246,-0.01064650843716541,0.00017453292519943296,-13.0,7.99,89.1,1,1,100.0,4,0.025,0.545,-0.005,52.648140999999995,9.745527599999999,33.87,32.33,52.6481364,9.7455319,0.028448866807507574,-0.03420845333908886,4.238706621393429,-0.35000000000000003,-0.655,0.17,0.5445101,0.025662242,0.022916354
0 days 00:00:08.670000,-0.0015330594781031272,-8.609256,0.28252800000000006,9.339120000000001,2.5473363286264443,2.5473363286264443,2.5473363286264443,2.5473363286264443,-0.0038397243543875246,-0.016406094968746697,-0.00017453292519943296,-12.0,7.99,89.1,1,1,100.0,4,0.025,0.465,-0.005,52.648140999999995,9.745527599999999,33.87,32.33,52.6481363,9.7455318,0.028274333882308142,-0.034033920413889425,4.238706621393429,-0.35000000000000003,-0.655,0.17,0.46456057,0.025578596,0.020104736
0 days 00:00:08.680000,-0.0015330594781031272,-7.973568000000001,0.306072,9.65304,2.5473363286264443,2.5473363286264443,2.5473363286264443,2.5473363286264443,-0.005061454830783556,0.006283185307179587,-0.00034906585039886593,-12.0,7.99,89.1,1,1,100.0,4,0.025,0.39,-0.005,52.648140999999995,9.745527599999999,33.87,32.33,52.6481363,9.7455318,0.028274333882308142,-0.03420845333908886,4.238706621393429,-0.35000000000000003,-0.655,0.17,0.3896008,0.02550837,0.017621676
0 days 00:00:08.690000,-0.0015330594781031272,-8.793684,0.302148,9.715824000000001,2.400246041934104,2.400246041934104,2.400246041934104,2.400246041934104,-0.005235987755982988,0.0019198621771937623,-0.00017453292519943296,-11.0,7.99,88.95,1,1,100.0,4,0.025,0.305,-0.01,52.648140999999995,9.745527599999999,33.87,32.33,52.6481363,9.7455318,0.028274333882308142,-0.03420845333908886,4.238706621393429,-0.35000000000000003,-0.655,0.17,0.30447954,0.025567453,0.019710764
0 days 00:00:08.700000,-0.0015330594781031272,-9.036972,0.192276,9.256716,2.059264013692769,2.059264013692769,2.059264013692769,2.059264013692769,-0.00471238898038469,-0.017976891295541593,0.0008726646259971648,-10.0,7.99,88.8,1,1,100.0,4,0.025,0.215,-0.005,52.648140999999995,9.745527599999999,33.87,32.33,52.648136199999996,9.7455318,0.028274333882308142,-0.034033920413889425,4.238706621393429,-0.35000000000000003,-0.655,0.17,0.21470535,0.025338102,0.011601298
0 days 00:00:08.710000,-0.0015330594781031272,-8.052048000000001,0.33746400000000004,9.605952000000002,1.798513050919983,1.798513050919983,1.798513050919983,1.798513050919983,-0.005061454830783556,-0.0022689280275926286,0.00017453292519943296,-7.0,7.99,88.65,1,1,100.0,4,0.025,0.14,-0.005,52.6481408,9.7455275,33.84,32.34,52.648136199999996,9.7455318,0.028099800957108706,-0.034033920413889425,4.238706621393429,-0.095,-0.295,-0.07,0.13974878,0.025264375,0.009054678
0 days 00:00:08.720000,-0.0015330594781031272,-8.467992,0.26290800000000003,9.770760000000001,1.6046213093709882,1.6046213093709882,1.6046213093709882,1.6046213093709882,-0.004363323129985824,0.0015707963267948967,0.0005235987755982988,-1.0,7.99,88.5,1,1,100.0,4,0.025,0.06,-0.01,52.6481408,9.7455275,33.84,32.34,52.648136199999996,9.745531699999999,0.028099800957108706,-0.034033920413889425,4.238706621393429,-0.095,-0.295,-0.07,0.05962498,0.025328292,0.011328695
0 days 00:00:08.730000,-0.0015330594781031272,-8.683812000000001,0.28252800000000006,9.327348,1.4374732563115107,1.4374732563115107,1.4374732563115107,1.4374732563115107,-0.0031415926535897933,-0.019547687622336492,0.0005235987755982988,-1.0,13.09,88.5,1,1,100.0,4,0.025,-0.025,-0.005,52.6481408,9.7455275,33.84,32.34,52.648136199999996,9.745531699999999,0.028099800957108706,-0.03385938748868999,4.238706621393429,-0.095,-0.295,-0.07,-0.025154935,0.025106754,0.0034467701
0 days 00:00:08.740000,-0.001650987130264906,-7.5929400000000005,0.27075600000000005,9.441144000000001,1.3037548138639279,1.3037548138639279,1.3037548138639279,1.3037548138639279,-0.0036651914291880917,-0.012391837689159739,0.0008726646259971648,-1.0,13.09,88.5,1,1,100.0,4,0.025,-0.1,-0.005,52.6481408,9.7455275,33.84,32.34,52.648136199999996,9.7455318,0.028099800957108706,-0.03368485456349056,4.238706621393429,-0.095,-0.295,-0.07,-0.10011166,0.025035908,0.0009262697
0 days 00:00:08.750000,-0.001650987130264906,-7.349652000000002,0.29430000000000006,9.778608,1.1967800599058622,1.1967800599058622,1.1967800599058622,1.1967800599058622,-0.0041887902047863905,-0.0006981317007977319,0.0012217304763960308,-1.0,13.09,88.19999999999999,1,1,100.0,4,0.025,-0.17,-0.01,52.6481408,9.7455275,33.84,32.34,52.648136199999996,9.7455318,0.027925268031909273,-0.03368485456349056,4.238706621393429,-0.095,-0.295,-0.07,-0.17024034,0.025109451,0.0035692798
0 days 00:00:08.760000,-0.001650987130264906,-7.3575,0.290376,9.845316,1.1031771501925547,1.1031771501925547,1.1031771501925547,1.1031771501925547,-0.0024434609527920616,-0.02495820830351891,0.0017453292519943296,-1.0,13.09,87.89999999999999,1,1,100.0,4,0.025,-0.24,-0.01,52.6481408,9.745527899999999,33.730000000000004,32.34,52.6481363,9.7455318,0.027925268031909273,-0.033510321638291124,4.238706621393429,0.09,0.1,-0.045,-0.2402003,0.025044795,0.0012546108
0 days 00:00:08.770000,-0.001650987130264906,-6.02334,0.192276,9.566712,1.022946084724005,1.022946084724005,1.022946084724005,1.022946084724005,-0.002967059728390361,-0.05270894341022875,0.003316125578789226,-1.0,13.09,87.6,1,1,100.0,4,0.025,-0.295,-0.01,52.6481408,9.745527899999999,33.730000000000004,32.34,52.6481363,9.7455318,0.027925268031909273,-0.03298672286269283,4.238706621393429,0.09,0.1,-0.045,-0.2951693,0.02499766,-0.000432902
0 days 00:00:08.780000,-0.001650987130264906,-4.0770360000000005,0.317844,9.990504,0.962772785622593,0.962772785622593,0.962772785622593,0.962772785622593,-0.00471238898038469,-0.04590215932745086,0.0036651914291880917,-1.0,13.09,87.3,1,1,100.0,4,0.025,-0.335,-0.015,52.6481408,9.745527899999999,33.730000000000004,32.34,52.6481363,9.7455318,0.027925268031909273,-0.03246312408709453,4.238881154318628,0.09,0.1,-0.045,-0.33531034,0.025105258,0.003419212
0 days 00:00:08.790000,-0.001650987130264906,-3.4138800000000007,0.29430000000000006,10.324044,0.8959135643988018,0.8959135643988018,0.8959135643988018,0.8959135643988018,-0.005759586531581288,-0.05061454830783556,0.004537856055185257,0.0,13.09,86.69999999999999,1,1,100.0,4,0.025,-0.365,-0.02,52.6481408,9.745527899999999,33.730000000000004,32.34,52.6481363,9.7455318,0.027925268031909273,-0.031939525311496235,4.238881154318628,0.09,0.1,-0.045,-0.36545253,0.025222948,0.0076325634
0 days 00:00:08.800000,-0.001650987130264906,-2.7036360000000004,0.20404800000000003,10.296576000000002,0.8491121095421481,0.8491121095421481,0.8491121095421481,0.8491121095421481,-0.00645771823237902,-0.0736528944341607,0.005061454830783556,1.0,13.09,86.1,1,1,100.0,4,0.025,-0.39,-0.025,52.6481408,9.745527899999999,33.730000000000004,32.34,52.6481364,9.7455319,0.02775073510670984,-0.031241393610698498,4.238881154318628,0.09,0.1,-0.045,-0.39059058,0.025345696,0.01210703
0 days 00:00:08.810000,-0.001650987130264906,-0.875052,0.24328800000000003,10.422144000000001,0.7956247325631151,0.7956247325631151,0.7956247325631151,0.7956247325631151,-0.007155849933176751,-0.06911503837897545,0.005585053606381855,2.0,13.09,84.6,1,1,100.0,4,0.025,-0.395,-0.03,52.648140899999994,9.745528,33.74,32.35,52.6481364,9.7455319,0.02775073510670984,-0.030543261909900768,4.238881154318628,0.245,0.47000000000000003,-0.01,-0.39573193,0.025487695,0.017222712
0 days 00:00:08.820000,-0.001650987130264906,-0.16480800000000004,0.30999600000000005,10.818468000000001,0.7555091998288403,0.7555091998288403,0.7555091998288403,0.7555091998288403,-0.008203047484373348,-0.05724679946541401,0.006108652381980153,3.0,13.09,83.1,1,1,100.0,4,0.025,-0.39,-0.04,52.648140899999994,9.745528,33.74,32.35,52.6481364,9.7455319,0.02757620218151041,-0.030019663134302467,4.238881154318628,0.245,0.47000000000000003,-0.01,-0.3910249,0.025770143,0.027576
0 days 00:00:08.830000,-0.001650987130264906,-0.03531600000000001,0.023544000000000002,11.246184000000001,0.7087077449721865,0.7087077449721865,0.7087077449721865,0.7087077449721865,-0.006108652381980153,-0.06859143960337716,0.005235987755982988,4.0,13.09,81.3,1,1,100.0,4,0.02,-0.39,-0.055,52.648140899999994,9.745528,33.74,32.35,52.6481365,9.7455319,0.02757620218151041,-0.029321531433504737,4.238881154318628,0.245,0.47000000000000003,-0.01,-0.3914448,0.021192983,0.04297459
0 days 00:00:08.840000,-0.001650987130264906,0.290376,0.41594400000000004,10.269108,0.6819640564826701,0.6819640564826701,0.6819640564826701,0.6819640564826701,-0.008726646259971648,-0.09302604913129776,0.01064650843716541,4.0,13.09,79.5,1,1,100.0,4,0.02,-0.385,-0.06,52.648140899999994,9.745528,33.74,32.35,52.6481365,9.745531999999999,0.02757620218151041,-0.028274333882308142,4.239055687243828,0.245,0.47000000000000003,-0.01,-0.38654232,0.02134599,0.04852173
0 days 00:00:08.850000,-0.001650987130264906,2.676168,-0.003924,11.155932,0.6485344458707745,0.6485344458707745,0.6485344458707745,0.6485344458707745,-0.0031415926535897933,-0.08569566627292158,0.007504915783575617,4.0,13.09,76.8,1,1,100.0,4,0.02,-0.355,-0.075,52.648140899999994,9.745528,33.74,32.35,52.6481365,9.745531999999999,0.02757620218151041,-0.027401669256310976,4.239055687243828,0.245,0.47000000000000003,-0.01,-0.35692158,0.02179139,0.064669214
0 days 00:00:08.860000,-0.001650987130264906,2.8802160000000003,0.40809600000000007,11.206944000000002,0.6217907573812581,0.6217907573812581,0.6217907573812581,0.6217907573812581,-0.0036651914291880917,-0.04642575810304917,0.002967059728390361,3.0,13.09,74.1,1,1,100.0,4,0.02,-0.32,-0.085,52.6481411,9.745528199999999,33.730000000000004,32.36,52.6481365,9.745531999999999,0.027401669256310976,-0.027052603405912107,4.239055687243828,0.34500000000000003,0.6900000000000001,0.005,-0.3221821,0.022083338,0.07573651
0 days 00:00:08.870000,-0.001650987130264906,0.28645200000000004,0.16088400000000003,10.806696000000002,0.5950470688917415,0.5950470688917415,0.5950470688917415,0.5950470688917415,-0.0006981317007977319,-0.07330382858376185,0.0027925268031909274,3.0,13.09,71.1,1,1,100.0,4,0.02,-0.315,-0.095,52.6481411,9.745528199999999,33.730000000000004,32.36,52.6481366,9.745531999999999,0.027401669256310976,-0.026354471705114377,4.239055687243828,0.34500000000000003,0.6900000000000001,0.005,-0.31739402,0.022366997,0.08608581
0 days 00:00:08.880000,-0.001650987130264906,0.7534080000000001,0.43948800000000005,9.762912000000002,0.5683033804022251,0.5683033804022251,0.5683033804022251,0.5683033804022251,0.0005235987755982988,-0.10175269539126942,0.0038397243543875246,2.0,13.09,68.1,1,1,100.0,4,0.02,-0.305,-0.095,52.6481411,9.745528199999999,33.730000000000004,32.36,52.6481366,9.7455321,0.027401669256310976,-0.02530727415391778,4.239055687243828,0.34500000000000003,0.6900000000000001,0.005,-0.3073063,0.022383034,0.086670965
0 days 00:00:08.890000,-0.001650987130264906,2.7350280000000002,0.33354000000000006,10.637964,0.5482456140350878,0.5482456140350878,0.5482456140350878,0.5482456140350878,0.0022689280275926286,-0.07644542123735164,0.0036651914291880917,2.0,13.09,65.4,1,1,100.0,4,0.02,-0.275,-0.105,52.6481411,9.745528199999999,33.730000000000004,32.36,52.6481366,9.7455321,0.02757620218151041,-0.024434609527920616,4.239055687243828,0.34500000000000003,0.6900000000000001,0.005,-0.2774833,0.022701407,0.097660996
0 days 00:00:08.900000,-0.001650987130264906,2.181744,0.16088400000000003,10.759608,0.5281878476679503,0.5281878476679503,0.5281878476679503,0.5281878476679503,0.006981317007977318,-0.09477137838329208,0.0031415926535897933,1.0,13.09,62.7,1,1,100.0,4,0.02,-0.25,-0.11,52.6481411,9.745528199999999,33.730000000000004,32.36,52.6481366,9.7455321,0.02757620218151041,-0.02356194490192345,4.239055687243828,0.34500000000000003,0.6900000000000001,0.005,-0.25252217,0.02286215,0.1034885
0 days 00:00:08.910000,-0.001650987130264906,2.3544000000000005,-0.9574560000000001,12.725532000000001,0.5014441591784339,0.5014441591784339,0.5014441591784339,0.5014441591784339,0.04485496177625426,-0.10210176124166828,0.00942477796076938,1.0,13.09,60.75,1,1,100.0,4,0.005,-0.225,-0.14,52.6481412,9.7455284,33.730000000000004,32.37,52.648136699999995,9.7455321,0.028099800957108706,-0.022514747350726852,4.239230220169027,0.315,0.635,0.05,-0.22809477,0.008788166,0.1347054
0 days 00:00:08.920000,-0.001650987130264906,2.4211080000000003,-0.8318880000000001,12.407688000000002,0.4947582370560547,0.4947582370560547,0.4947582370560547,0.4947582370560547,0.07958701389094143,-0.10663961729685353,0.012740903539558606,1.0,13.09,58.8,1,1,100.0,4,-0.005,-0.2,-0.165,52.6481412,9.7455284,33.730000000000004,32.37,52.648136699999995,9.7455321,0.02879793265790644,-0.021467549799530253,4.239230220169027,0.315,0.635,0.05,-0.20349579,-0.00037163703,0.16074616
0 days 00:00:08.930000,-0.001650987130264906,2.487816,-2.2445280000000003,15.766632000000003,0.47470047068891746,0.47470047068891746,0.47470047068891746,0.47470047068891746,0.17226399717184035,-0.09093165402890457,0.016406094968746697,0.0,13.09,58.349999999999994,1,1,100.0,4,-0.035,-0.17,-0.225,52.6481412,9.7455284,33.730000000000004,32.37,52.648136699999995,9.7455321,0.030543261909900768,-0.020594885173533087,4.2394047530942265,0.315,0.635,0.05,-0.17459747,-0.028220879,0.22241697
0 days 00:00:08.940000,-0.001650987130264906,0.34531200000000006,0.39632400000000007,9.091908000000002,0.45464270432178006,0.45464270432178006,0.45464270432178006,0.45464270432178006,0.20088739690454732,-0.14433872913993104,0.020071286397934793,0.0,13.09,57.89999999999999,1,1,100.0,4,-0.03,-0.165,-0.215,52.6481412,9.7455284,33.730000000000004,32.37,52.648136699999995,9.7455321,0.032637657012293965,-0.019198621771937627,4.239579286019426,0.315,0.635,0.05,-0.16909705,-0.02307283,0.21265897
0 days 00:00:08.950000,-0.001650987130264906,3.3785640000000003,5.454360000000001,-3.9593160000000003,0.44127086007702176,0.44127086007702176,0.44127086007702176,0.44127086007702176,0.004886921905584123,-0.21415189921970423,0.0024434609527920616,0.0,13.09,58.05,1,1,100.0,4,0.025,-0.13,-0.08,52.6481412,9.7455284,33.730000000000004,32.37,52.648136699999995,9.7455321,0.032637657012293965,-0.01710422666954443,4.239579286019426,0.315,0.635,0.05,-0.13134925,0.027524298,0.07690764
0 days 00:00:08.960000,-0.001650987130264906,7.616484000000002,-0.11772,12.466548000000001,0.4212130937098844,0.4212130937098844,0.4212130937098844,0.4212130937098844,0.018675022996339326,0.02600540585471551,-0.004537856055185257,0.0,13.09,58.2,1,1,100.0,4,0.02,-0.055,-0.105,52.6481414,9.745527899999999,33.8,32.38,52.648136699999995,9.7455321,0.0328121899374934,-0.017278759594743863,4.2394047530942265,0.18,0.465,0.16,-0.05680597,0.023402207,0.10332191
0 days 00:00:08.970000,-0.001650987130264906,-2.083644,-0.32569200000000004,10.453536000000001,0.4212130937098844,0.4212130937098844,0.4212130937098844,0.4212130937098844,0.010821041362364843,-0.10838494654884787,-0.0038397243543875246,0.0,13.09,58.2,1,1,100.0,4,0.01,-0.075,-0.11,52.6481414,9.745527899999999,33.8,32.38,52.648136699999995,9.7455321,0.03298672286269283,-0.016231562043547264,4.2394047530942265,0.18,0.465,0.16,-0.07677551,0.013581815,0.108379215
0 days 00:00:08.980000,-0.001650987130264906,1.035936,0.08240400000000002,7.3575,0.4145271715875053,0.4145271715875053,0.4145271715875053,0.4145271715875053,0.002967059728390361,-0.20891591146372127,-0.0006981317007977319,0.0,13.09,58.2,1,1,100.0,4,0.01,-0.06,-0.085,52.6481414,9.745527899999999,33.8,32.38,52.648136799999996,9.7455321,0.03298672286269283,-0.014137166941154071,4.239230220169027,0.18,0.465,0.16,-0.06119562,0.012769668,0.08376772
0 days 00:00:08.990000,-0.001650987130264906,6.843456000000001,0.49442400000000003,10.571256000000002,0.3877834830979889,0.3877834830979889,0.3877834830979889,0.3877834830979889,0.0010471975511965976,-0.03316125578789226,-0.006108652381980153,0.0,13.09,58.35,1,1,100.0,4,0.01,0.01,-0.095,52.6481414,9.745527899999999,33.8,32.38,52.648136799999996,9.7455321,0.03298672286269283,-0.013788101090755204,4.239230220169027,0.18,0.465,0.16,0.008689221,0.013131979,0.09474728
0 days 00:00:09,-0.001650987130264906,-0.4316400000000001,0.3531600000000001,10.155312000000002,0.38109756097560976,0.38109756097560976,0.38109756097560976,0.38109756097560976,0.0010471975511965976,-0.08011061266653972,-0.004886921905584123,0.0,13.09,58.5,1,1,100.0,4,0.01,0.005,-0.095,52.6481414,9.745527899999999,33.8,32.38,52.648136699999995,9.7455321,0.03298672286269283,-0.013089969389957472,4.239230220169027,0.18,0.465,0.16,0.0037560598,0.01312962,0.094675794
0 days 00:00:09.010000,-0.001650987130264906,-0.0981,0.1962,7.5066120000000005,0.3677257167308515,0.3677257167308515,0.3677257167308515,0.3677257167308515,0.0010471975511965976,-0.17837264955382048,-0.0006981317007977319,0.0,13.09,58.5,1,1,100.0,4,0.01,0.005,-0.075,52.6481413,9.7455273,33.67,32.39,52.648136799999996,9.7455321,0.03298672286269283,-0.01117010721276371,4.239055687243828,0.095,0.23,0.075,0.0041619474,0.012469804,0.07468054
0 days 00:00:09.020000,-0.001650987130264906,5.25816,0.3531600000000001,9.884556000000002,0.36103979460847235,0.36103979460847235,0.36103979460847235,0.36103979460847235,-0.0006981317007977319,-0.041713369122664476,-0.004537856055185257,0.0,13.09,58.5,1,1,100.0,4,0.01,0.06,-0.075,52.6481413,9.7455273,33.67,32.39,52.648136799999996,9.7455321,0.03298672286269283,-0.010821041362364843,4.239055687243828,0.095,0.23,0.075,0.059184924,0.012489383,0.07527391
0 days 00:00:09.030000,-0.001650987130264906,0.05886,0.22759200000000002,10.037592000000002,0.3476679503637142,0.3476679503637142,0.3476679503637142,0.3476679503637142,-0.0012217304763960308,-0.03944444109507185,-0.004537856055185257,0.0,13.09,58.5,1,1,100.0,4,0.01,0.06,-0.075,52.6481413,9.7455273,33.67,32.39,52.648136699999995,9.7455321,0.03298672286269283,-0.010471975511965976,4.238881154318628,0.095,0.23,0.075,0.059211325,0.012488702,0.07525325
0 days 00:00:09.040000,-0.0015330594781031272,-1.7069400000000003,0.129492,7.832304000000001,0.3476679503637142,0.3476679503637142,0.3476679503637142,0.3476679503637142,-0.0012217304763960308,-0.13631021458075715,0.00017453292519943296,0.0,13.09,58.5,1,1,100.0,4,0.01,0.045,-0.055,52.6481413,9.7455273,33.67,32.39,52.648136699999995,9.7455321,0.03298672286269283,-0.009075712110370514,4.238881154318628,0.095,0.23,0.075,0.044498987,0.011821895,0.055046186
0 days 00:00:09.050000,-0.0015330594781031272,2.7507240000000004,0.361008,8.86824,0.34098202824133506,0.34098202824133506,0.34098202824133506,0.34098202824133506,-0.0019198621771937623,-0.05742133239061344,-0.0010471975511965976,0.0,13.09,58.65,1,1,100.0,4,0.01,0.07,-0.045,52.6481413,9.7455273,33.67,32.39,52.648136699999995,9.7455321,0.03298672286269283,-0.008552113334772215,4.238881154318628,0.095,0.23,0.075,0.0696126,0.011498382,0.04524238
0 days 00:00:09.060000,-0.0014151318259413483,0.36493200000000003,0.380628,9.586332,0.3276101839965768,0.3276101839965768,0.3276101839965768,0.3276101839965768,-0.0038397243543875246,-0.012042771838760874,-0.0019198621771937623,0.0,13.09,58.8,1,1,100.0,4,0.01,0.075,-0.045,52.6481412,9.7455273,33.65,32.39,52.648136699999995,9.7455321,0.03298672286269283,-0.008377580409572781,4.238881154318628,0.03,0.0,-0.04,0.07462039,0.011499363,0.045272104
0 days 00:00:09.070000,-0.0012972041737795694,-2.6447760000000002,1.0398600000000002,6.180300000000001,0.32092426187419765,0.32092426187419765,0.32092426187419765,0.32092426187419765,-0.026529004630313806,-0.09599310885968812,-0.0008726646259971648,0.0,13.09,58.949999999999996,1,1,100.0,4,0.02,0.05,-0.01,52.6481412,9.7455273,33.65,32.39,52.648136699999995,9.7455321,0.032637657012293965,-0.007504915783575617,4.238881154318628,0.03,0.0,-0.04,0.049923543,0.020327903,0.009716798
0 days 00:00:09.080000,-0.0011792765216177901,1.2007440000000003,0.8554320000000001,7.176996000000001,0.30755241762943947,0.30755241762943947,0.30755241762943947,0.30755241762943947,-0.04590215932745086,-0.046949356878647465,-0.003490658503988659,0.0,13.09,59.099999999999994,1,1,100.0,4,0.025,0.065,0.015,52.6481412,9.7455273,33.65,32.39,52.648136699999995,9.7455321,0.0322885911618951,-0.006981317007977318,4.238706621393429,0.03,0.0,-0.04,0.06510313,0.024517385,-0.015345344
0 days 00:00:09.090000,-0.0010613488694560112,0.3531600000000001,1.043784,8.106984,0.30755241762943947,0.30755241762943947,0.30755241762943947,0.30755241762943947,-0.06667157742618339,0.01658062789394613,-0.007504915783575617,0.0,13.09,59.099999999999994,1,1,100.0,4,0.035,0.065,0.035,52.6481412,9.7455273,33.65,32.39,52.648136699999995,9.7455321,0.03159045946109736,-0.007155849933176752,4.238706621393429,0.03,0.0,-0.04,0.06524878,0.033891775,-0.035622228
0 days 00:00:09.100000,-0.0009434212172942321,-2.6094600000000003,-0.737712,10.63404,0.29418057338468123,0.29418057338468123,0.29418057338468123,0.29418057338468123,-0.04642575810304917,-0.016406094968746697,-0.0024434609527920616,0.0,13.09,59.099999999999994,1,1,100.0,4,0.02,0.04,0.025,52.6481412,9.7455273,33.65,32.39,52.648136699999995,9.7455321,0.031066860685499065,-0.006981317007977318,4.238706621393429,0.03,0.0,-0.04,0.040173553,0.019222494,-0.025329448
0 days 00:00:09.110000,-0.0009434212172942321,-2.31516,-0.694548,10.418220000000002,0.2874946512623021,0.2874946512623021,0.2874946512623021,0.2874946512623021,-0.00017453292519943296,-0.041015237421866746,0.0041887902047863905,0.0,13.09,59.24999999999999,1,1,100.0,4,0.01,0.02,0.02,52.6481413,9.7455274,33.62,32.4,52.648136699999995,9.745531999999999,0.031066860685499065,-0.0066322511575784525,4.238706621393429,-0.075,-0.135,0.035,0.020132205,0.009378071,-0.020167947
0 days 00:00:09.120000,-0.000825493565132453,-0.4198680000000001,0.7416360000000001,7.345728,0.2741228070175439,0.2741228070175439,0.2741228070175439,0.2741228070175439,-0.00942477796076938,-0.013962634015954637,0.003316125578789226,0.0,13.09,59.39999999999999,1,1,100.0,4,0.015,0.015,0.045,52.6481413,9.7455274,33.62,32.4,52.648136699999995,9.745531999999999,0.031066860685499065,-0.006457718232379019,4.238706621393429,-0.075,-0.135,0.035,0.015290282,0.0135980155,-0.045346458
0 days 00:00:09.130000,-0.0007075659129706742,-0.306072,0.612144,8.719128000000001,0.2741228070175439,0.2741228070175439,0.2741228070175439,0.2741228070175439,-0.02181661564992912,0.03874630939427412,-0.0008726646259971648,0.0,13.09,59.55,1,1,100.0,4,0.02,0.015,0.055,52.6481413,9.7455274,33.62,32.39,52.648136699999995,9.745531999999999,0.0307177948351002,-0.006806784082777886,4.238706621393429,-0.075,-0.135,0.035,0.015374023,0.018304527,-0.055484984
0 days 00:00:09.140000,-0.0005896382608088951,-2.566296,0.29430000000000006,8.7309,0.2741228070175439,0.2741228070175439,0.2741228070175439,0.2741228070175439,-0.02234021442552742,0.00942477796076938,-0.0006981317007977319,0.0,13.09,59.7,1,1,100.0,4,0.02,-0.01,0.065,52.6481413,9.7455274,33.62,32.39,52.648136699999995,9.745531999999999,0.030543261909900768,-0.006806784082777886,4.238706621393429,-0.075,-0.135,0.035,-0.00955733,0.018003635,-0.065646976
0 days 00:00:09.150000,-0.0004717106086471161,-1.4636520000000002,0.37670400000000004,8.224704000000001,0.26743688489516476,0.26743688489516476,0.26743688489516476,0.26743688489516476,-0.024609142453120045,-0.0012217304763960308,0.0005235987755982988,0.0,13.09,59.85,1,1,100.0,4,0.02,-0.025,0.08,52.6481413,9.7455274,33.62,32.39,52.648136699999995,9.745531999999999,0.030368728984701335,-0.006806784082777886,4.238706621393429,-0.075,-0.135,0.035,-0.024454882,0.017556543,-0.08073863
0 days 00:00:09.160000,-0.0003537829564853371,-0.21582000000000004,1.3734000000000002,6.847380000000001,0.26743688489516476,0.26743688489516476,0.26743688489516476,0.26743688489516476,-0.05113814708343386,0.034732052114687155,-0.004014257279586958,0.0,13.09,60.0,1,1,100.0,4,0.035,-0.025,0.11,52.6481413,9.7455281,33.480000000000004,32.39,52.648136699999995,9.745531999999999,0.029845130209103034,-0.007155849933176752,4.238706621393429,-0.1,-0.17,0.015,-0.024212223,0.03169668,-0.11117144
0 days 00:00:09.170000,-0.0003537829564853371,-0.761256,1.750104,6.243084000000001,0.2540650406504065,0.2540650406504065,0.2540650406504065,0.2540650406504065,-0.10803588069844901,0.04066617157146788,-0.010122909661567111,0.0,13.09,60.3,1,1,100.0,4,0.05,-0.035,0.145,52.6481413,9.7455281,33.480000000000004,32.39,52.648136699999995,9.745531999999999,0.02879793265790644,-0.00767944870877505,4.238532088468229,-0.1,-0.17,0.015,-0.03388546,0.045796532,-0.14664397
0 days 00:00:09.180000,-0.00023585530432355804,-0.6592320000000002,-3.2451480000000004,17.897364,0.2540650406504065,0.2540650406504065,0.2540650406504065,0.2540650406504065,-0.0010471975511965976,0.11065387457644049,-0.0019198621771937623,0.0,13.09,60.599999999999994,1,1,100.0,4,0.01,-0.04,0.065,52.6481413,9.7455281,33.480000000000004,32.39,52.648136699999995,9.745531999999999,0.02879793265790644,-0.008726646259971648,4.238532088468229,-0.1,-0.17,0.015,-0.03943125,0.008114267,-0.06560743
0 days 00:00:09.190000,-0.00023585530432355804,-4.814748000000001,0.52974,7.373196000000001,0.24737911852802735,0.24737911852802735,0.24737911852802735,0.24737911852802735,-0.00017453292519943296,-0.039793506945470715,0.004363323129985824,0.0,13.09,60.599999999999994,1,1,100.0,4,0.015,-0.085,0.09,52.6481413,9.7455281,33.480000000000004,32.39,52.648136699999995,9.7455321,0.02879793265790644,-0.008377580409572781,4.238532088468229,-0.1,-0.17,0.015,-0.08424304,0.012381911,-0.091103226
0 days 00:00:09.200000,-0.00011792765216177902,2.264148,0.8711280000000001,9.080136000000001,0.24737911852802735,0.24737911852802735,0.24737911852802735,0.24737911852802735,0.004363323129985824,0.06230825429619757,0.0022689280275926286,0.0,13.09,60.599999999999994,1,1,100.0,4,0.02,-0.065,0.095,52.6481413,9.7455281,33.480000000000004,32.39,52.648136699999995,9.7455321,0.02879793265790644,-0.00890117918517108,4.238706621393429,-0.1,-0.17,0.015,-0.064151816,0.01723973,-0.09611105
0 days 00:00:09.210000,0.0,-0.3413880000000001,0.27468000000000004,11.179476,0.23400727428326917,0.23400727428326917,0.23400727428326917,0.23400727428326917,0.006108652381980153,0.11484266478122689,0.0006981317007977319,0.0,13.09,60.74999999999999,1,1,100.0,4,0.02,-0.065,0.085,52.6481413,9.745528199999999,33.45,32.39,52.648136699999995,9.745531999999999,0.02879793265790644,-0.010122909661567111,4.238706621393429,-0.05,-0.115,-0.14,-0.06413624,0.017525401,-0.086193986
0 days 00:00:09.220000,0.0,-3.3550200000000006,0.18835200000000002,8.515080000000001,0.23400727428326917,0.23400727428326917,0.23400727428326917,0.23400727428326917,0.004537856055185257,-0.002617993877991494,0.0036651914291880917,0.0,13.09,60.89999999999999,1,1,100.0,4,0.02,-0.1,0.095,52.6481413,9.745528199999999,33.45,32.39,52.648136699999995,9.7455321,0.02879793265790644,-0.010122909661567111,4.238706621393429,-0.05,-0.115,-0.14,-0.099033214,0.017227275,-0.096543476
0 days 00:00:09.230000,0.0,2.2955400000000004,0.4198680000000001,9.617724,0.22732135216089003,0.22732135216089003,0.22732135216089003,0.22732135216089003,-0.00017453292519943296,0.07295476273336296,0.0010471975511965976,0.0,13.09,60.89999999999999,1,1,100.0,4,0.02,-0.075,0.1,52.6481413,9.745528199999999,33.45,32.39,52.648136799999996,9.7455321,0.02879793265790644,-0.010821041362364843,4.238706621393429,-0.05,-0.115,-0.14,-0.07391353,0.017089114,-0.101339795
0 days 00:00:09.240000,0.00011792765216177902,-0.10987200000000001,0.33746400000000004,11.046060000000002,0.22732135216089003,0.22732135216089003,0.22732135216089003,0.22732135216089003,-0.0022689280275926286,0.10786134777324957,0.0,0.0,13.09,60.89999999999999,1,1,100.0,4,0.02,-0.075,0.085,52.6481413,9.745528199999999,33.45,32.39,52.648136799999996,9.7455321,0.02879793265790644,-0.011868238913561441,4.238706621393429,-0.05,-0.115,-0.14,-0.07398594,0.017518764,-0.08642438
0 days 00:00:09.250000,0.00011792765216177902,-2.3073120000000005,0.23936400000000002,8.98596,0.2139495079161318,0.2139495079161318,0.2139495079161318,0.2139495079161318,-0.003490658503988659,0.012042771838760874,0.0024434609527920616,0.0,13.09,60.89999999999999,1,1,100.0,4,0.02,-0.095,0.095,52.6481413,9.745528199999999,33.45,32.39,52.648136799999996,9.7455321,0.02879793265790644,-0.012042771838760876,4.238706621393429,-0.05,-0.115,-0.14,-0.09384907,0.017223539,-0.09667317
0 days 00:00:09.260000,0.00011792765216177902,2.4014880000000005,0.3924,10.08468,0.2139495079161318,0.2139495079161318,0.2139495079161318,0.2139495079161318,-0.006632251157578452,0.07661995416255106,0.00034906585039886593,0.0,13.09,60.89999999999999,1,1,100.0,4,0.025,-0.07,0.09,52.6481413,9.7455284,33.42,32.39,52.648136799999996,9.7455321,0.02879793265790644,-0.012740903539558606,4.238706621393429,-0.01,-0.055,-0.09,-0.06884766,0.022372711,-0.091566704
0 days 00:00:09.270000,0.00011792765216177902,0.32176800000000005,0.29430000000000006,11.053908000000002,0.2139495079161318,0.2139495079161318,0.2139495079161318,0.2139495079161318,-0.008377580409572781,0.0937241808320955,-0.0005235987755982988,0.0,13.09,60.89999999999999,1,1,100.0,4,0.02,-0.065,0.08,52.6481413,9.7455284,33.42,32.39,52.648136799999996,9.7455321,0.028623399732707007,-0.013613568165555772,4.238881154318628,-0.01,-0.055,-0.09,-0.06390492,0.017677136,-0.081416704
0 days 00:00:09.280000,0.00023585530432355804,-1.1222640000000002,0.22759200000000002,9.476460000000001,0.20726358579375265,0.20726358579375265,0.20726358579375265,0.20726358579375265,-0.008028514559173916,0.019547687622336492,0.0010471975511965976,0.0,13.09,60.89999999999999,1,1,100.0,4,0.02,-0.075,0.08,52.6481413,9.7455284,33.42,32.38,52.648136799999996,9.7455321,0.028623399732707007,-0.013962634015954637,4.238881154318628,-0.01,-0.055,-0.09,-0.07387572,0.017672502,-0.08157856
0 days 00:00:09.290000,0.00023585530432355804,2.3073120000000005,0.42379200000000006,10.288728,0.20726358579375265,0.20726358579375265,0.20726358579375265,0.20726358579375265,-0.010297442586766544,0.07260569688296412,-0.0010471975511965976,0.0,13.09,60.89999999999999,1,1,100.0,4,0.025,-0.05,0.075,52.6481413,9.7455284,33.42,32.38,52.648136799999996,9.7455321,0.028448866807507574,-0.014660765716752368,4.238881154318628,-0.01,-0.055,-0.09,-0.04889511,0.022835886,-0.076405436
0 days 00:00:09.300000,0.00023585530432355804,0.4316400000000001,0.278604,11.002896000000002,0.20726358579375265,0.20726358579375265,0.20726358579375265,0.20726358579375265,-0.011344640137963142,0.08325220532012953,-0.0013962634015954637,0.0,13.09,60.89999999999999,1,1,100.0,4,0.025,-0.045,0.065,52.6481413,9.7455284,33.42,32.38,52.648136799999996,9.7455321,0.028274333882308142,-0.0153588974175501,4.238881154318628,-0.01,-0.055,-0.09,-0.043996405,0.0231331,-0.06636397
0 days 00:00:09.310000,0.00023585530432355804,-0.6592320000000002,0.266832,9.735444000000001,0.20726358579375265,0.20726358579375265,0.20726358579375265,0.20726358579375265,-0.010821041362364843,0.019896753472735357,-0.0005235987755982988,0.0,13.09,60.89999999999999,1,1,100.0,4,0.025,-0.05,0.065,52.6481413,9.7455286,33.38,32.38,52.648136799999996,9.7455321,0.028274333882308142,-0.015707963267948967,4.238881154318628,-0.015,-0.035,-0.12,-0.048972856,0.023130445,-0.066457815
0 days 00:00:09.320000,0.00023585530432355804,2.1621240000000004,0.368856,10.559484000000001,0.20726358579375265,0.20726358579375265,0.20726358579375265,0.20726358579375265,-0.010297442586766544,0.06283185307179587,-0.0015707963267948967,0.0,13.09,60.89999999999999,1,1,100.0,4,0.025,-0.025,0.06,52.6481413,9.7455286,33.38,32.38,52.648136799999996,9.7455321,0.028099800957108706,-0.016231562043547264,4.238881154318628,-0.015,-0.035,-0.12,-0.024022857,0.023293186,-0.061076425
0 days 00:00:09.330000,0.00023585530432355804,0.6199920000000001,0.290376,11.163780000000001,0.20726358579375265,0.20726358579375265,0.20726358579375265,0.20726358579375265,-0.009250245035569947,0.07435102613495843,-0.0024434609527920616,0.0,13.09,60.89999999999999,1,1,100.0,4,0.025,-0.02,0.045,52.6481413,9.7455286,33.38,32.38,52.648136799999996,9.7455321,0.028099800957108706,-0.016929693744344994,4.238881154318628,-0.015,-0.035,-0.12,-0.019235333,0.023716476,-0.046016637
0 days 00:00:09.340000,0.00011792765216177902,-0.5846760000000001,0.07848000000000001,10.363284,0.19389174154899444,0.19389174154899444,0.19389174154899444,0.19389174154899444,-0.005235987755982988,0.019198621771937627,-0.0010471975511965976,0.0,13.09,60.89999999999999,1,1,100.0,4,0.02,-0.025,0.04,52.6481413,9.7455286,33.38,32.38,52.648136799999996,9.7455321,0.027925268031909273,-0.017278759594743863,4.238881154318628,-0.015,-0.035,-0.12,-0.024305154,0.018863443,-0.04096865
0 days 00:00:09.350000,0.00011792765216177902,1.4950440000000003,0.16088400000000003,10.857708,0.19389174154899444,0.19389174154899444,0.19389174154899444,0.19389174154899444,0.0024434609527920616,0.04293509959906051,-0.0010471975511965976,0.0,13.09,60.89999999999999,1,1,100.0,4,0.02,-0.005,0.03,52.6481413,9.7455286,33.38,32.38,52.648136799999996,9.7455321,0.027925268031909273,-0.017627825445142728,4.238881154318628,-0.015,-0.035,-0.12,-0.004470416,0.019152222,-0.030630177
0 days 00:00:09.360000,0.00011792765216177902,0.7651800000000001,0.447336,10.47708,0.19389174154899444,0.19389174154899444,0.19389174154899444,0.19389174154899444,-0.005934119456780722,0.05270894341022875,-0.002617993877991494,0.0,13.09,60.89999999999999,1,1,100.0,4,0.02,0.005,0.025,52.6481414,9.7455292,33.29,32.38,52.648136799999996,9.7455321,0.027925268031909273,-0.01815142422074103,4.238706621393429,0.01,-0.04,-0.12,0.005452937,0.01929681,-0.025453852
0 days 00:00:09.370000,0.00011792765216177902,-0.384552,0.20404800000000003,10.469232000000002,0.18051989730423618,0.18051989730423618,0.18051989730423618,0.18051989730423618,-0.004537856055185257,0.023387411976724018,-0.0019198621771937623,0.0,13.09,60.74999999999999,1,1,100.0,4,0.02,0.0,0.015,52.6481414,9.7455292,33.29,32.38,52.648136799999996,9.7455321,0.027925268031909273,-0.01832595714594046,4.238706621393429,0.01,-0.04,-0.12,0.00027487395,0.019573448,-0.015550067
0 days 00:00:09.380000,0.00011792765216177902,0.5493600000000001,0.20012400000000002,10.355436000000001,0.18051989730423618,0.18051989730423618,0.18051989730423618,0.18051989730423618,-0.0038397243543875246,0.022689280275926284,-0.0019198621771937623,0.0,13.09,60.599999999999994,1,1,100.0,4,0.02,0.01,0.01,52.6481414,9.7455292,33.29,32.38,52.648136799999996,9.7455321,0.027925268031909273,-0.018675022996339326,4.238706621393429,0.01,-0.04,-0.12,0.010184996,0.019718248,-0.010366124
0 days 00:00:09.390000,0.00011792765216177902,0.46695600000000004,0.21974400000000002,10.728216000000002,0.18051989730423618,0.18051989730423618,0.18051989730423618,0.18051989730423618,-0.003316125578789226,0.03577924966588375,-0.0022689280275926286,0.0,13.09,60.599999999999994,1,1,100.0,4,0.02,0.015,-0.0,52.6481414,9.7455292,33.29,32.38,52.648136799999996,9.7455321,0.02775073510670984,-0.019024088846738195,4.238706621393429,0.01,-0.04,-0.12,0.014997285,0.020000216,-0.00026970918
0 days 00:00:09.400000,0.00011792765216177902,-0.6278400000000001,0.16873200000000002,10.288728,0.1738339751818571,0.1738339751818571,0.1738339751818571,0.1738339751818571,-0.0031415926535897933,0.011693705988362009,-0.0012217304763960308,0.0,13.09,60.599999999999994,1,1,100.0,4,0.02,0.01,-0.005,52.6481414,9.7455292,33.29,32.38,52.648136799999996,9.7455321,0.02775073510670984,-0.019024088846738195,4.238706621393429,0.01,-0.04,-0.12,0.009903075,0.020136287,0.004632383
0 days 00:00:09.410000,0.00011792765216177902,-0.007848,0.16480800000000004,10.229868,0.1738339751818571,0.1738339751818571,0.1738339751818571,0.1738339751818571,-0.0027925268031909274,0.011344640137963142,-0.0006981317007977319,0.0,13.09,60.449999999999996,1,1,100.0,4,0.015,0.015,-0.005,52.6481414,9.745529099999999,33.29,32.38,52.648136799999996,9.7455321,0.02775073510670984,-0.019198621771937627,4.238706621393429,0.02,-0.06,-0.075,0.014901249,0.015140925,0.0048687966
0 days 00:00:09.420000,0.0,-0.16088400000000003,0.17658000000000004,10.543788000000001,0.1738339751818571,0.1738339751818571,0.1738339751818571,0.1738339751818571,-0.0022689280275926286,0.021118483949131385,-0.0008726646259971648,0.0,13.09,60.3,1,1,100.0,4,0.015,0.015,-0.015,52.6481414,9.745529099999999,33.29,32.38,52.648136799999996,9.7455321,0.02775073510670984,-0.01937315469713706,4.238706621393429,0.02,-0.06,-0.075,0.014706606,0.015418417,0.01486567
0 days 00:00:09.430000,0.0,-1.0791000000000002,0.184428,10.057212000000002,0.1738339751818571,0.1738339751818571,0.1738339751818571,0.1738339751818571,-0.0019198621771937623,-0.0020943951023931952,0.00017453292519943296,0.0,13.09,60.3,1,1,100.0,4,0.015,0.005,-0.015,52.6481414,9.745529099999999,33.29,32.38,52.648136799999996,9.7455321,0.02775073510670984,-0.01937315469713706,4.238706621393429,0.02,-0.06,-0.075,0.0047084824,0.015413041,0.014672025
0 days 00:00:09.440000,0.0,-0.39632400000000007,0.1962,10.072908000000002,0.16046213093709882,0.16046213093709882,0.16046213093709882,0.16046213093709882,-0.0013962634015954637,0.0006981317007977319,0.0010471975511965976,0.0,13.09,60.3,1,1,100.0,4,0.015,0.0,-0.02,52.6481414,9.745529099999999,33.29,32.38,52.648136799999996,9.7455321,0.02775073510670984,-0.01937315469713706,4.238706621393429,0.02,-0.06,-0.075,-0.00038743883,0.015549063,0.01957234
0 days 00:00:09.450000,0.0,-0.5886000000000001,0.153036,10.269108,0.16046213093709882,0.16046213093709882,0.16046213093709882,0.16046213093709882,-0.0010471975511965976,0.007155849933176751,0.0010471975511965976,0.0,13.09,60.3,1,1,100.0,4,0.01,0.0,-0.025,52.6481414,9.745529099999999,33.29,32.38,52.648136799999996,9.7455321,0.02775073510670984,-0.019547687622336492,4.238706621393429,0.02,-0.06,-0.075,-0.0004886611,0.010689696,0.024708128
0 days 00:00:09.460000,0.0,-1.2321360000000003,0.15696000000000002,9.857088000000003,0.16046213093709882,0.16046213093709882,0.16046213093709882,0.16046213093709882,-0.0005235987755982988,-0.011519173063162576,0.0019198621771937623,0.0,13.09,60.3,1,1,100.0,4,0.01,-0.01,-0.025,52.6481413,9.745529099999999,33.29,32.38,52.648136799999996,9.7455321,0.02775073510670984,-0.01937315469713706,4.238706621393429,-0.04,-0.08,0.05,-0.010482422,0.0106843235,0.024514569
0 days 00:00:09.470000,0.0,-0.64746,0.21189600000000003,9.821772000000001,0.16046213093709882,0.16046213093709882,0.16046213093709882,0.16046213093709882,-0.0005235987755982988,-0.008028514559173916,0.0020943951023931952,0.0,13.09,60.3,1,1,100.0,4,0.01,-0.015,-0.025,52.6481413,9.745529099999999,33.29,32.38,52.648136799999996,9.7455321,0.02775073510670984,-0.019198621771937627,4.238706621393429,-0.04,-0.08,0.05,-0.015477171,0.01068171,0.024420446
0 days 00:00:09.480000,0.0,-0.8318880000000001,0.184428,9.915948000000002,0.15377620881471973,0.15377620881471973,0.15377620881471973,0.15377620881471973,0.00034906585039886593,-0.002967059728390361,0.0024434609527920616,0.0,13.09,60.3,1,1,100.0,4,0.01,-0.025,-0.025,52.6481413,9.745529099999999,33.29,32.38,52.648136799999996,9.7455321,0.02775073510670984,-0.019198621771937627,4.238706621393429,-0.04,-0.08,0.05,-0.025475329,0.010676384,0.024228545
0 days 00:00:09.490000,0.0,-1.2556800000000001,0.180504,9.649116000000001,0.15377620881471973,0.15377620881471973,0.15377620881471973,0.15377620881471973,0.0010471975511965976,-0.015009831567151233,0.002967059728390361,0.0,13.09,60.3,1,1,100.0,4,0.01,-0.035,-0.025,52.6481413,9.745529099999999,33.29,32.38,52.648136799999996,9.7455321,0.02775073510670984,-0.019024088846738195,4.238706621393429,-0.04,-0.08,0.05,-0.03546924,0.010671229,0.024042834
0 days 00:00:09.500000,-0.00011792765216177902,-0.8083440000000001,0.27468000000000004,9.531396,0.15377620881471973,0.15377620881471973,0.15377620881471973,0.15377620881471973,0.0,-0.012566370614359173,0.002617993877991494,0.0,13.09,60.3,1,1,100.0,4,0.01,-0.04,-0.02,52.6481413,9.745529099999999,33.29,32.38,52.648136799999996,9.7455321,0.02775073510670984,-0.019024088846738195,4.238881154318628,-0.04,-0.08,0.05,-0.04037322,0.010529879,0.018950583
0 days 00:00:09.510000,-0.00011792765216177902,-0.8240400000000001,0.31392000000000003,9.609876,0.15377620881471973,0.15377620881471973,0.15377620881471973,0.15377620881471973,-0.003490658503988659,-0.007853981633974483,0.0019198621771937623,0.0,13.09,60.3,1,1,100.0,4,0.01,-0.045,-0.02,52.6481413,9.7455292,33.28,32.38,52.648136799999996,9.7455321,0.02757620218151041,-0.01884955592153876,4.238881154318628,-0.015,-0.035,0.11,-0.045368977,0.010524167,0.01886526
0 days 00:00:09.520000,-0.00011792765216177902,-1.2125160000000001,0.054936000000000006,10.057212000000002,0.15377620881471973,0.15377620881471973,0.15377620881471973,0.15377620881471973,0.0036651914291880917,-0.014311699866353502,0.002617993877991494,0.0,13.09,60.3,1,1,100.0,4,0.005,-0.055,-0.025,52.6481413,9.7455292,33.28,32.38,52.648136799999996,9.7455321,0.02775073510670984,-0.018675022996339326,4.238881154318628,-0.015,-0.035,0.11,-0.05545726,0.0056631346,0.02382061
0 days 00:00:09.530000,-0.00011792765216177902,-1.0163160000000002,0.21189600000000003,9.468612,0.1404043645699615,0.1404043645699615,0.1404043645699615,0.1404043645699615,0.004363323129985824,-0.02181661564992912,0.0027925268031909274,0.0,13.09,60.3,1,1,100.0,4,0.005,-0.065,-0.02,52.6481413,9.7455292,33.28,32.38,52.648136799999996,9.7455321,0.02775073510670984,-0.018500490071139894,4.238881154318628,-0.015,-0.035,0.11,-0.06535886,0.005519558,0.018648142
0 days 00:00:09.540000,-0.00011792765216177902,-0.5493600000000001,0.251136,9.711900000000002,0.1404043645699615,0.1404043645699615,0.1404043645699615,0.1404043645699615,0.004537856055185257,-0.009599310885968814,0.0020943951023931952,0.0,13.09,60.3,1,1,100.0,4,0.005,-0.07,-0.02,52.6481413,9.7455292,33.28,32.38,52.648136799999996,9.7455322,0.02775073510670984,-0.018500490071139894,4.238881154318628,-0.015,-0.035,0.11,-0.07035801,0.0055169915,0.01855568
0 days 00:00:09.550000,-0.00011792765216177902,-1.012392,0.23936400000000002,9.668736,0.1404043645699615,0.1404043645699615,0.1404043645699615,0.1404043645699615,0.00471238898038469,-0.016406094968746697,0.0019198621771937623,0.0,13.09,60.3,1,1,100.0,4,0.005,-0.075,-0.02,52.6481413,9.7455292,33.28,32.38,52.648136799999996,9.7455322,0.02775073510670984,-0.01832595714594046,4.238881154318628,-0.015,-0.035,0.11,-0.07535391,0.0055147903,0.018476365
0 days 00:00:09.560000,-0.00011792765216177902,-0.7494840000000002,0.21974400000000002,9.519624,0.1404043645699615,0.1404043645699615,0.1404043645699615,0.1404043645699615,0.006108652381980153,-0.022863813201125717,0.0017453292519943296,0.0,13.09,60.3,1,1,100.0,4,0.005,-0.085,-0.015,52.648141499999994,9.7455299,33.15,32.38,52.6481369,9.7455322,0.027925268031909273,-0.017976891295541596,4.238881154318628,-0.035,0.01,0.055,-0.085255906,0.0053741448,0.013324763
0 days 00:00:09.570000,-0.00023585530432355804,-0.23544,0.25506,9.711900000000002,0.1404043645699615,0.1404043645699615,0.1404043645699615,0.1404043645699615,0.005934119456780722,-0.010821041362364843,0.0006981317007977319,0.0,13.09,60.3,1,1,100.0,4,0.005,-0.085,-0.015,52.648141499999994,9.7455299,33.15,32.38,52.6481369,9.7455322,0.027925268031909273,-0.017976891295541596,4.238881154318628,-0.035,0.01,0.055,-0.085255906,0.0053741448,0.013324763
0 days 00:00:09.580000,-0.00023585530432355804,-0.671004,0.231516,9.704052,0.13371844244758238,0.13371844244758238,0.13371844244758238,0.13371844244758238,0.006108652381980153,-0.015707963267948967,0.0006981317007977319,0.0,13.09,60.3,1,1,100.0,4,0.005,-0.09,-0.015,52.648141499999994,9.7455299,33.15,32.38,52.6481369,9.7455322,0.028099800957108706,-0.01780235837034216,4.238881154318628,-0.035,0.01,0.055,-0.090252765,0.005374387,0.013249727
0 days 00:00:09.590000,-0.00023585530432355804,-0.42379200000000006,0.27468000000000004,9.582408000000001,0.13371844244758238,0.13371844244758238,0.13371844244758238,0.13371844244758238,0.006108652381980153,-0.020420352248333655,0.0005235987755982988,0.0,13.09,60.3,1,1,100.0,4,0.005,-0.09,-0.01,52.648141499999994,9.7455299,33.15,32.38,52.6481369,9.7455322,0.028099800957108706,-0.017627825445142728,4.238881154318628,-0.035,0.01,0.055,-0.090162285,0.005234371,0.008268222
0 days 00:00:09.600000,-0.00023585530432355804,-0.07848000000000001,0.28252800000000006,9.813924,0.13371844244758238,0.13371844244758238,0.13371844244758238,0.13371844244758238,0.005759586531581288,-0.010471975511965976,0.00017453292519943296,0.0,13.09,60.3,1,1,100.0,4,0.005,-0.09,-0.01,52.648141499999994,9.7455299,33.15,32.38,52.6481369,9.7455322,0.028099800957108706,-0.017453292519943295,4.238881154318628,-0.035,0.01,0.055,-0.09016082,0.0052348133,0.008283953
0 days 00:00:09.610000,-0.00023585530432355804,-0.40417200000000003,0.26290800000000003,9.778608,0.13371844244758238,0.13371844244758238,0.13371844244758238,0.13371844244758238,0.005585053606381855,-0.016231562043547268,0.00017453292519943296,0.0,13.09,60.3,1,1,100.0,4,0.005,-0.09,-0.01,52.648141499999994,9.745529999999999,33.14,32.38,52.6481369,9.7455322,0.028274333882308142,-0.017278759594743863,4.238881154318628,0.015,0.09,0.015,-0.09015935,0.005236704,0.008298769
0 days 00:00:09.620000,-0.00023585530432355804,-0.07848000000000001,0.302148,9.680508000000001,0.13371844244758238,0.13371844244758238,0.13371844244758238,0.13371844244758238,0.00471238898038469,-0.01884955592153876,0.0,0.0,13.09,60.3,1,1,100.0,4,0.005,-0.09,-0.01,52.648141499999994,9.745529999999999,33.14,32.38,52.6481369,9.7455322,0.028274333882308142,-0.01710422666954443,4.238881154318628,0.015,0.09,0.015,-0.090157874,0.0052371486,0.008314498
0 days 00:00:09.630000,-0.00023585530432355804,0.21189600000000003,0.3296160000000001,9.880632000000002,0.13371844244758238,0.13371844244758238,0.13371844244758238,0.13371844244758238,0.00471238898038469,-0.011344640137963142,-0.00034906585039886593,0.0,13.09,60.3,1,1,100.0,4,0.005,-0.085,-0.01,52.648141499999994,9.745529999999999,33.14,32.38,52.6481369,9.7455322,0.028274333882308142,-0.01710422666954443,4.238881154318628,0.015,0.09,0.015,-0.0851586,0.0052395663,0.00839998
0 days 00:00:09.640000,-0.00023585530432355804,-0.007848,0.33746400000000004,9.817848000000001,0.13371844244758238,0.13371844244758238,0.13371844244758238,0.13371844244758238,0.0038397243543875246,-0.015533430342749534,-0.00017453292519943296,0.0,13.09,60.3,1,1,100.0,4,0.005,-0.085,-0.01,52.648141499999994,9.745529999999999,33.14,32.38,52.6481369,9.7455322,0.028274333882308142,-0.016929693744344994,4.238881154318628,0.015,0.09,0.015,-0.08515711,0.0052399863,0.0084148375
0 days 00:00:09.650000,-0.00023585530432355804,0.298224,0.32176800000000005,9.739368,0.13371844244758238,0.13371844244758238,0.13371844244758238,0.13371844244758238,0.003490658503988659,-0.016755160819145562,-0.00034906585039886593,0.0,13.09,60.3,1,1,100.0,4,0.005,-0.08,-0.01,52.648141499999994,9.745529999999999,33.14,32.38,52.6481369,9.7455322,0.028448866807507574,-0.016755160819145562,4.238881154318628,0.015,0.09,0.015,-0.08015631,0.0052442607,0.008512517
0 days 00:00:09.660000,-0.00023585530432355804,0.521892,0.33746400000000004,9.904176000000001,0.13371844244758238,0.13371844244758238,0.13371844244758238,0.13371844244758238,0.002967059728390361,-0.009599310885968814,-0.00034906585039886593,0.0,13.09,60.3,1,1,100.0,4,0.005,-0.075,-0.01,52.648141599999995,9.7455293,33.230000000000004,32.38,52.6481369,9.7455322,0.028448866807507574,-0.016580627893946133,4.238881154318628,0.03,0.095,0.05,-0.07515549,0.0052470164,0.008609368
0 days 00:00:09.670000,-0.00023585530432355804,0.258984,0.33746400000000004,9.857088000000003,0.13371844244758238,0.13371844244758238,0.13371844244758238,0.13371844244758238,0.0027925268031909274,-0.011519173063162576,-0.00017453292519943296,0.0,13.09,60.3,1,1,100.0,4,0.005,-0.07,-0.01,52.648141599999995,9.7455293,33.230000000000004,32.38,52.648137,9.7455322,0.028448866807507574,-0.016580627893946133,4.238881154318628,0.03,0.095,0.05,-0.07015618,0.0052493745,0.008692233
0 days 00:00:09.680000,-0.00023585530432355804,0.4316400000000001,0.31392000000000003,9.743292000000002,0.13371844244758238,0.13371844244758238,0.13371844244758238,0.13371844244758238,0.0020943951023931952,-0.014835298641951801,-0.00017453292519943296,0.0,13.09,60.3,1,1,100.0,4,0.005,-0.065,-0.01,52.648141599999995,9.7455293,33.230000000000004,32.38,52.648137,9.745532299999999,0.028448866807507574,-0.0164060949687467,4.238881154318628,0.03,0.095,0.05,-0.065155305,0.0052520563,0.008786466
0 days 00:00:09.690000,-0.00023585530432355804,0.698472,0.32176800000000005,9.959112000000001,0.13371844244758238,0.13371844244758238,0.13371844244758238,0.13371844244758238,0.0017453292519943296,-0.004537856055185257,-0.0006981317007977319,0.0,13.09,60.3,1,1,100.0,4,0.005,-0.055,-0.01,52.648141599999995,9.7455293,33.230000000000004,32.38,52.648137,9.745532299999999,0.028448866807507574,-0.0164060949687467,4.238706621393429,0.03,0.095,0.05,-0.055156652,0.0052567227,0.008950453
0 days 00:00:09.700000,-0.00023585530432355804,0.306072,0.278604,9.892404,0.13371844244758238,0.13371844244758238,0.13371844244758238,0.13371844244758238,0.0012217304763960308,-0.008726646259971648,-0.0006981317007977319,0.0,13.09,60.3,1,1,100.0,4,0.005,-0.05,-0.01,52.648141599999995,9.7455293,33.230000000000004,32.38,52.648137,9.745532299999999,0.028448866807507574,-0.016231562043547264,4.238706621393429,0.03,0.095,0.05,-0.05015572,0.0052593052,0.009041198
0 days 00:00:09.710000,-0.00023585530432355804,0.45518400000000003,0.28645200000000004,9.821772000000001,0.12034659820282413,0.12034659820282413,0.12034659820282413,0.12034659820282413,0.0010471975511965976,-0.009948376736367679,-0.0005235987755982988,0.0,13.09,60.15,1,1,100.0,4,0.005,-0.045,-0.01,52.648141599999995,9.7455293,33.22,32.38,52.648137,9.745532299999999,0.028623399732707007,-0.016057029118347832,4.238706621393429,0.025,0.07,0.03,-0.045154765,0.0052634315,0.009129278
0 days 00:00:09.720000,-0.00023585530432355804,0.6278400000000001,0.28252800000000006,9.923796000000001,0.12034659820282413,0.12034659820282413,0.12034659820282413,0.12034659820282413,0.0008726646259971648,-0.0020943951023931952,-0.0008726646259971648,0.0,13.09,60.0,1,1,100.0,4,0.005,-0.035,-0.015,52.648141599999995,9.7455293,33.22,32.38,52.648137,9.745532299999999,0.028623399732707007,-0.016057029118347832,4.238706621393429,0.025,0.07,0.03,-0.035236333,0.005411105,0.014287083
0 days 00:00:09.730000,-0.00023585530432355804,0.266832,0.30999600000000005,9.837468000000001,0.12034659820282413,0.12034659820282413,0.12034659820282413,0.12034659820282413,0.00017453292519943296,-0.0041887902047863905,-0.0006981317007977319,0.0,13.09,59.85,1,1,100.0,4,0.005,-0.03,-0.015,52.648141599999995,9.7455293,33.22,32.38,52.648137,9.745532299999999,0.028623399732707007,-0.016057029118347832,4.238706621393429,0.025,0.07,0.03,-0.030236978,0.005413403,0.014367333
0 days 00:00:09.740000,-0.00023585530432355804,0.3413880000000001,0.31392000000000003,9.766836000000001,0.12034659820282413,0.12034659820282413,0.12034659820282413,0.12034659820282413,0.0,-0.004886921905584123,-0.0010471975511965976,0.0,13.09,59.7,1,1,100.0,4,0.005,-0.025,-0.015,52.648141599999995,9.7455293,33.22,32.38,52.648137,9.745532299999999,0.028623399732707007,-0.016057029118347832,4.238706621393429,0.025,0.07,0.03,-0.025237624,0.0054157004,0.014447581
0 days 00:00:09.750000,-0.0003537829564853371,0.37670400000000004,0.3296160000000001,9.798228,0.12034659820282413,0.12034659820282413,0.12034659820282413,0.12034659820282413,-0.0012217304763960308,0.0017453292519943296,-0.0008726646259971648,0.0,13.09,59.7,1,1,100.0,4,0.01,-0.02,-0.015,52.648141599999995,9.7455293,33.22,32.38,52.648137,9.745532299999999,0.028623399732707007,-0.016057029118347832,4.238706621393429,0.025,0.07,0.03,-0.020238267,0.010415951,0.014384733
0 days 00:00:09.760000,-0.0003537829564853371,0.062784,0.298224,9.727596,0.12034659820282413,0.12034659820282413,0.12034659820282413,0.12034659820282413,-0.0015707963267948967,0.0005235987755982988,-0.00017453292519943296,0.0,13.09,59.7,1,1,100.0,4,0.01,-0.02,-0.01,52.648141599999995,9.7455296,33.13,32.38,52.648137,9.745532299999999,0.028448866807507574,-0.016057029118347832,4.238706621393429,0.01,0.005,-0.0,-0.020157985,0.010271233,0.009389217
0 days 00:00:09.770000,-0.0003537829564853371,0.07848000000000001,0.33354000000000006,9.649116000000001,0.12034659820282413,0.12034659820282413,0.12034659820282413,0.12034659820282413,-0.0024434609527920616,0.0008726646259971648,0.00017453292519943296,0.0,13.09,59.55,1,1,100.0,4,0.01,-0.015,-0.01,52.648141599999995,9.7455296,33.13,32.38,52.648137,9.745532299999999,0.028448866807507574,-0.016057029118347832,4.238706621393429,0.01,0.005,-0.0,-0.01515863,0.010273516,0.009469466
0 days 00:00:09.780000,-0.0003537829564853371,0.074556,0.30999600000000005,9.743292000000002,0.12034659820282413,0.12034659820282413,0.12034659820282413,0.12034659820282413,-0.002967059728390361,0.006283185307179587,0.0,0.0,13.09,59.39999999999999,1,1,100.0,4,0.01,-0.015,-0.01,52.648141599999995,9.7455296,33.13,32.38,52.648137,9.745532299999999,0.028448866807507574,-0.016057029118347832,4.238706621393429,0.01,0.005,-0.0,-0.01515863,0.010273516,0.009469466
0 days 00:00:09.790000,-0.0003537829564853371,-0.22759200000000002,0.302148,9.664812000000001,0.11366067608044501,0.11366067608044501,0.11366067608044501,0.11366067608044501,-0.0031415926535897933,0.0038397243543875246,0.0005235987755982988,0.0,13.09,59.39999999999999,1,1,100.0,4,0.01,-0.015,-0.01,52.648141599999995,9.7455296,33.13,32.38,52.648137,9.745532299999999,0.028448866807507574,-0.016231562043547264,4.238706621393429,0.01,0.005,-0.0,-0.0151603315,0.010273441,0.009466822
0 days 00:00:09.800000,-0.0003537829564853371,-0.15696000000000002,0.28645200000000004,9.609876,0.11366067608044501,0.11366067608044501,0.11366067608044501,0.11366067608044501,-0.003490658503988659,0.00471238898038469,0.0008726646259971648,0.0,13.09,59.39999999999999,1,1,100.0,4,0.01,-0.015,-0.005,52.648141599999995,9.7455296,33.13,32.38,52.648137,9.745532299999999,0.028448866807507574,-0.016231562043547264,4.238706621393429,0.01,0.005,-0.0,-0.015079178,0.010131234,0.0044695036
0 days 00:00:09.810000,-0.0003537829564853371,-0.21189600000000003,0.26290800000000003,9.735444000000001,0.11366067608044501,0.11366067608044501,0.11366067608044501,0.11366067608044501,-0.0031415926535897933,0.009250245035569947,0.0013962634015954637,0.0,13.09,59.24999999999999,1,1,100.0,4,0.01,-0.015,-0.005,52.648141599999995,9.7455296,33.12,32.37,52.648137,9.745532299999999,0.028448866807507574,-0.0164060949687467,4.238706621393429,-0.015,-0.055,-0.015,-0.015080008,0.01013116,0.0044668727
0 days 00:00:09.820000,-0.0003537829564853371,-0.45126,0.266832,9.621648,0.11366067608044501,0.11366067608044501,0.11366067608044501,0.11366067608044501,-0.002967059728390361,0.0054105206811824215,0.0013962634015954637,0.0,13.09,59.099999999999994,1,1,100.0,4,0.01,-0.015,-0.005,52.648141599999995,9.7455296,33.12,32.37,52.648137,9.745532299999999,0.028274333882308142,-0.0164060949687467,4.238706621393429,-0.015,-0.055,-0.015,-0.015080008,0.010130379,0.0044686412
0 days 00:00:09.830000,-0.0004717106086471161,-0.34531200000000006,0.23936400000000002,9.594180000000001,0.11366067608044501,0.11366067608044501,0.11366067608044501,0.11366067608044501,-0.0027925268031909274,0.006283185307179587,0.0015707963267948967,0.0,13.09,59.099999999999994,1,1,100.0,4,0.01,-0.02,-0.0,52.648141599999995,9.7455296,33.12,32.37,52.648137,9.745532299999999,0.028274333882308142,-0.0164060949687467,4.238706621393429,-0.015,-0.055,-0.015,-0.019997308,0.009986727,-0.0006106817
0 days 00:00:09.840000,-0.0004717106086471161,-0.3531600000000001,0.266832,9.680508000000001,0.11366067608044501,0.11366067608044501,0.11366067608044501,0.11366067608044501,-0.002967059728390361,0.010122909661567111,0.0012217304763960308,0.0,13.09,59.099999999999994,1,1,100.0,4,0.01,-0.02,-0.0,52.648141599999995,9.7455296,33.12,32.37,52.648137,9.745532299999999,0.028274333882308142,-0.016580627893946133,4.238706621393429,-0.015,-0.055,-0.015,-0.01999725,0.009986628,-0.00061417045
0 days 00:00:09.850000,-0.0004717106086471161,-0.580752,0.23936400000000002,9.645192000000002,0.11366067608044501,0.11366067608044501,0.11366067608044501,0.11366067608044501,-0.0024434609527920616,0.006632251157578452,0.0013962634015954637,0.0,13.09,59.099999999999994,1,1,100.0,4,0.01,-0.025,-0.0,52.648141599999995,9.7455296,33.12,32.37,52.648137,9.745532299999999,0.028274333882308142,-0.016580627893946133,4.238706621393429,-0.015,-0.055,-0.015,-0.024996564,0.009984285,-0.0006970367
0 days 00:00:09.860000,-0.0004717106086471161,-0.47088,0.24721200000000002,9.625572000000002,0.11366067608044501,0.11366067608044501,0.11366067608044501,0.11366067608044501,-0.0024434609527920616,0.00645771823237902,0.0013962634015954637,0.0,13.09,59.099999999999994,1,1,100.0,4,0.01,-0.025,-0.0,52.648141599999995,9.7455296,33.13,32.37,52.648137,9.745532299999999,0.028274333882308142,-0.016755160819145562,4.238706621393429,-0.015,-0.045,0.015,-0.024996491,0.009984162,-0.00070139766
0 days 00:00:09.870000,-0.0004717106086471161,-0.4434120000000001,0.258984,9.723672,0.11366067608044501,0.11366067608044501,0.11366067608044501,0.11366067608044501,-0.0022689280275926286,0.00942477796076938,0.0012217304763960308,0.0,13.09,59.099999999999994,1,1,100.0,4,0.01,-0.03,0.005,52.648141599999995,9.7455296,33.13,32.37,52.648137,9.745532299999999,0.028274333882308142,-0.016929693744344994,4.238706621393429,-0.015,-0.045,0.015,-0.029911056,0.009840312,-0.0057876543
0 days 00:00:09.880000,-0.0004717106086471161,-0.6199920000000001,0.24328800000000003,9.684432000000001,0.10028883183568676,0.10028883183568676,0.10028883183568676,0.10028883183568676,-0.0019198621771937623,0.005759586531581288,0.0012217304763960308,0.0,13.09,59.099999999999994,1,1,100.0,4,0.005,-0.035,0.005,52.648141599999995,9.7455296,33.13,32.37,52.648137,9.745532299999999,0.028274333882308142,-0.016929693744344994,4.238881154318628,-0.015,-0.045,0.015,-0.03491034,0.004839918,-0.005730912
0 days 00:00:09.890000,-0.0004717106086471161,-0.506196,0.23936400000000002,9.700128000000001,0.10028883183568676,0.10028883183568676,0.10028883183568676,0.10028883183568676,-0.0017453292519943296,0.004886921905584123,0.0010471975511965976,0.0,13.09,59.099999999999994,1,1,100.0,4,0.005,-0.035,0.005,52.648141599999995,9.7455296,33.13,32.37,52.648137,9.745532299999999,0.028274333882308142,-0.016929693744344994,4.238881154318628,-0.015,-0.045,0.015,-0.03491034,0.004839918,-0.005730912
0 days 00:00:09.900000,-0.0004717106086471161,-0.49442400000000003,0.23544,9.766836000000001,0.10028883183568676,0.10028883183568676,0.10028883183568676,0.10028883183568676,-0.0017453292519943296,0.00645771823237902,0.0008726646259971648,0.0,13.09,59.099999999999994,1,1,100.0,4,0.005,-0.04,0.005,52.648141599999995,9.7455296,33.13,32.37,52.648137,9.745532299999999,0.028099800957108706,-0.01710422666954443,4.238881154318628,-0.015,-0.045,0.015,-0.03990863,0.0048383446,-0.005821641
0 days 00:00:09.910000,-0.0004717106086471161,-0.604296,0.23544,9.743292000000002,0.10028883183568676,0.10028883183568676,0.10028883183568676,0.10028883183568676,-0.0015707963267948967,0.0027925268031909274,0.0010471975511965976,0.0,13.09,59.099999999999994,1,1,100.0,4,0.005,-0.045,0.005,52.6481414,9.745529699999999,33.1,32.37,52.648137,9.745532299999999,0.028099800957108706,-0.01710422666954443,4.238881154318628,-0.02,-0.04,-0.01,-0.0449079,0.0048359423,-0.0059071244
0 days 00:00:09.920000,-0.0004717106086471161,-0.459108,0.23544,9.766836000000001,0.10028883183568676,0.10028883183568676,0.10028883183568676,0.10028883183568676,-0.0013962634015954637,0.0020943951023931952,0.0006981317007977319,0.0,13.09,59.099999999999994,1,1,100.0,4,0.005,-0.045,0.005,52.6481414,9.745529699999999,33.1,32.37,52.648137,9.745532299999999,0.028099800957108706,-0.01710422666954443,4.238881154318628,-0.02,-0.04,-0.01,-0.0449079,0.0048359423,-0.0059071244
0 days 00:00:09.930000,-0.0004717106086471161,-0.42379200000000006,0.24328800000000003,9.845316,0.10028883183568676,0.10028883183568676,0.10028883183568676,0.10028883183568676,-0.0012217304763960308,0.002967059728390361,0.0005235987755982988,0.0,13.09,59.099999999999994,1,1,100.0,4,0.005,-0.05,0.005,52.6481414,9.745529699999999,33.1,32.37,52.648137,9.745532299999999,0.028099800957108706,-0.01710422666954443,4.238881154318628,-0.02,-0.04,-0.01,-0.04990717,0.0048335395,-0.0059926077
0 days 00:00:09.940000,-0.0004717106086471161,-0.502272,0.231516,9.821772000000001,0.10028883183568676,0.10028883183568676,0.10028883183568676,0.10028883183568676,-0.0010471975511965976,-0.0006981317007977319,0.0006981317007977319,0.0,13.09,59.099999999999994,1,1,100.0,4,0.005,-0.05,0.005,52.6481414,9.745529699999999,33.1,32.37,52.648137,9.745532299999999,0.028099800957108706,-0.01710422666954443,4.238881154318628,-0.02,-0.04,-0.01,-0.04990717,0.0048335395,-0.0059926077
0 days 00:00:09.950000,-0.0004717106086471161,-0.3531600000000001,0.22759200000000002,9.833544,0.10028883183568676,0.10028883183568676,0.10028883183568676,0.10028883183568676,-0.0006981317007977319,-0.0013962634015954637,0.0005235987755982988,0.0,13.09,59.099999999999994,1,1,100.0,4,0.005,-0.055,0.005,52.6481414,9.745529699999999,33.1,32.37,52.6481371,9.745532299999999,0.028099800957108706,-0.01710422666954443,4.238881154318628,-0.02,-0.04,-0.01,-0.054906435,0.0048311367,-0.006078091
0 days 00:00:09.960000,-0.0004717106086471161,-0.31392000000000003,0.23936400000000002,9.904176000000001,0.10028883183568676,0.10028883183568676,0.10028883183568676,0.10028883183568676,-0.00034906585039886593,-0.0005235987755982988,0.00034906585039886593,0.0,13.09,59.099999999999994,1,1,100.0,4,0.005,-0.055,0.005,52.6481413,9.745528799999999,33.230000000000004,32.37,52.6481371,9.745532299999999,0.028099800957108706,-0.01710422666954443,4.238881154318628,0.02,-0.015,-0.07,-0.054906435,0.0048311367,-0.006078091
0 days 00:00:09.970000,-0.0004717106086471161,-0.357084,0.22759200000000002,9.888480000000001,0.10028883183568676,0.10028883183568676,0.10028883183568676,0.10028883183568676,0.00017453292519943296,-0.004014257279586958,-0.00017453292519943296,0.0,13.09,59.099999999999994,1,1,100.0,4,0.005,-0.055,0.005,52.6481413,9.745528799999999,33.230000000000004,32.38,52.648137,9.745532299999999,0.028099800957108706,-0.017278759594743863,4.238881154318628,0.02,-0.015,-0.07,-0.0549054,0.004830867,-0.00608767
0 days 00:00:09.980000,-0.0004717106086471161,-0.20404800000000003,0.22759200000000002,9.876708000000002,0.0,0.0,0.0,0.0,0.00034906585039886593,-0.004363323129985824,-0.00017453292519943296,0.0,13.09,59.099999999999994,1,1,100.0,4,0.005,-0.055,-0.0,52.6481413,9.745528799999999,33.230000000000004,32.38,52.648137,9.745532299999999,0.028099800957108706,-0.01710422666954443,4.238881154318628,0.02,-0.015,-0.07,-0.054991953,0.0049715964,-0.0010807958
0 days 00:00:09.990000,-0.0005896382608088951,-0.16480800000000004,0.21582000000000004,9.94734,0.0,0.0,0.0,0.0,0.0006981317007977319,-0.0031415926535897933,-0.00034906585039886593,0.0,13.09,59.099999999999994,1,1,100.0,4,0.005,-0.055,-0.0,52.6481413,9.745528799999999,33.230000000000004,32.38,52.648137,9.745532299999999,0.028099800957108706,-0.01710422666954443,4.238706621393429,0.02,-0.015,-0.07,-0.054991953,0.0049715964,-0.0010807958
0 days 00:00:10,-0.0005896382608088951,-0.20404800000000003,0.22759200000000002,9.912024,0.0,0.0,0.0,0.0,0.0010471975511965976,-0.006283185307179587,-0.00017453292519943296,0.0,13.09,59.099999999999994,1,1,100.0,4,0.0,-0.055,-0.0,52.6481413,9.745528799999999,33.230000000000004,32.38,52.648137,9.745532299999999,0.028099800957108706,-0.01710422666954443,4.238706621393429,0.02,-0.015,-0.07,-0.054991953,-2.6429629e-05,-0.00094031525
0 days 00:00:10.010000,-0.0005896382608088951,-0.03531600000000001,0.23936400000000002,9.904176000000001,0.0,0.0,0.0,0.0,0.0013962634015954637,-0.00645771823237902,-0.0005235987755982988,0.0,13.09,59.099999999999994,1,1,100.0,4,0.0,-0.05,-0.0,52.6481414,9.7455289,33.230000000000004,32.38,52.648137,9.745532299999999,0.028099800957108706,-0.01710422666954443,4.238706621393429,-0.005,0.025,0.055,-0.049992688,-2.4026935e-05,-0.00085483206
0 days 00:00:10.020000,-0.0005896382608088951,-0.011772000000000001,0.23544,9.978732,0.0,0.0,0.0,0.0,0.0019198621771937623,-0.005061454830783556,-0.0005235987755982988,0.0,13.09,59.099999999999994,1,1,100.0,4,0.0,-0.05,-0.005,52.6481414,9.7455289,33.230000000000004,32.38,52.648137,9.745532299999999,0.028099800957108706,-0.016929693744344994,4.238706621393429,-0.005,0.025,0.055,-0.050077483,0.0001166786,0.0041512
0 days 00:00:10.030000,-0.0005896382608088951,-0.047088000000000005,0.24328800000000003,9.915948000000002,0.0,0.0,0.0,0.0,0.0020943951023931952,-0.007679448708775049,-0.00034906585039886593,0.0,13.09,59.099999999999994,1,1,100.0,4,0.0,-0.05,-0.005,52.6481414,9.7455289,33.230000000000004,32.38,52.648137,9.745532299999999,0.028274333882308142,-0.016929693744344994,4.238706621393429,-0.005,0.025,0.055,-0.050077483,0.00011740311,0.0041511795
0 days 00:00:10.040000,-0.0005896382608088951,0.08632800000000002,0.24328800000000003,9.919872000000002,0.0,0.0,0.0,0.0,0.0024434609527920616,-0.006632251157578452,-0.00034906585039886593,0.0,13.09,59.099999999999994,1,1,100.0,4,0.0,-0.045,-0.005,52.6481414,9.7455289,33.230000000000004,32.38,52.648137,9.745532299999999,0.028274333882308142,-0.016929693744344994,4.238706621393429,-0.005,0.025,0.055,-0.0450782,0.00011979606,0.0042357896
0 days 00:00:10.050000,-0.0005896382608088951,0.07848000000000001,0.266832,9.915948000000002,0.0,0.0,0.0,0.0,0.0020943951023931952,-0.005235987755982988,-0.00017453292519943296,0.0,13.09,59.099999999999994,1,1,100.0,4,0.0,-0.04,-0.005,52.6481414,9.7455289,33.230000000000004,32.38,52.648137,9.745532299999999,0.028274333882308142,-0.016755160819145562,4.238706621393429,-0.005,0.025,0.055,-0.040078156,0.00012238677,0.0043273927
0 days 00:00:10.060000,-0.0005896382608088951,0.039240000000000004,0.251136,9.880632000000002,0.0,0.0,0.0,0.0,0.0022689280275926286,-0.00645771823237902,-0.00017453292519943296,0.0,13.09,59.099999999999994,1,1,100.0,4,0.0,-0.04,-0.005,52.6481414,9.7455289,33.24,32.38,52.648137,9.745532299999999,0.028274333882308142,-0.016755160819145562,4.238706621393429,0.005,0.03,0.01,-0.040078156,0.00012238677,0.0043273927
0 days 00:00:10.070000,-0.0005896382608088951,0.11772,0.26290800000000003,9.857088000000003,0.0,0.0,0.0,0.0,0.0019198621771937623,-0.005759586531581288,-0.00017453292519943296,0.0,13.09,59.099999999999994,1,1,100.0,4,0.0,-0.035,-0.01,52.6481414,9.7455289,33.24,32.38,52.648137,9.745532299999999,0.028274333882308142,-0.016755160819145562,4.238706621393429,0.005,0.03,0.01,-0.03516263,0.00026608803,0.009408431
0 days 00:00:10.080000,-0.0005896382608088951,0.125568,0.27075600000000005,9.912024,0.0,0.0,0.0,0.0,0.0017453292519943296,-0.0027925268031909274,-0.00034906585039886593,0.0,13.09,59.099999999999994,1,1,100.0,4,0.0,-0.035,-0.01,52.6481414,9.7455289,33.24,32.38,52.648137,9.745532299999999,0.028274333882308142,-0.016755160819145562,4.238706621393429,0.005,0.03,0.01,-0.03516263,0.00026608803,0.009408431
0 days 00:00:10.090000,-0.0005896382608088951,-0.007848,0.24721200000000002,9.81,0.0,0.0,0.0,0.0,0.0017453292519943296,-0.0054105206811824215,0.00017453292519943296,0.0,13.09,59.099999999999994,1,1,100.0,4,0.0,-0.03,-0.01,52.6481414,9.7455289,33.24,32.38,52.648137,9.745532299999999,0.028274333882308142,-0.016580627893946133,4.238706621393429,0.005,0.03,0.01,-0.030161673,0.00026860513,0.009497432
0 days 00:00:10.100000,-0.0005896382608088951,0.145188,0.290376,9.857088000000003,0.0,0.0,0.0,0.0,0.0013962634015954637,-0.0020943951023931952,0.0,0.0,13.09,59.099999999999994,1,1,100.0,4,0.0,-0.03,-0.01,52.6481414,9.7455289,33.24,32.38,52.648137,9.745532299999999,0.028274333882308142,-0.016580627893946133,4.238706621393429,0.005,0.03,0.01,-0.030161673,0.00026860513,0.009497432
0 days 00:00:10.110000,-0.0005896382608088951,0.0,0.266832,9.837468000000001,0.0,0.0,0.0,0.0,0.0013962634015954637,-0.0015707963267948967,0.00034906585039886593,0.0,13.09,58.949999999999996,1,1,100.0,4,0.0,-0.035,-0.005,52.6481414,9.7455289,33.230000000000004,32.38,52.648137,9.745532299999999,0.028274333882308142,-0.0164060949687467,4.238706621393429,0.025,0.045,-0.005,-0.03507732,0.0001251012,0.0044233706
0 days 00:00:10.120000,-0.0005896382608088951,-0.011772000000000001,0.28252800000000006,9.758988,0.0,0.0,0.0,0.0,0.0013962634015954637,-0.0027925268031909274,0.00034906585039886593,0.0,13.09,58.8,1,1,100.0,4,0.0,-0.03,-0.005,52.6481414,9.7455289,33.230000000000004,32.38,52.648137,9.745532299999999,0.028274333882308142,-0.0164060949687467,4.238706621393429,0.025,0.045,-0.005,-0.030077988,0.00012742013,0.0045053647
0 days 00:00:10.130000,-0.0005896382608088951,0.04316400000000001,0.27075600000000005,9.798228,0.0,0.0,0.0,0.0,0.0012217304763960308,0.0010471975511965976,0.0005235987755982988,0.0,13.09,58.8,1,1,100.0,4,0.0,-0.03,-0.005,52.6481414,9.7455289,33.230000000000004,32.38,52.648137,9.745532299999999,0.028274333882308142,-0.0164060949687467,4.238706621393429,0.025,0.045,-0.005,-0.030077988,0.00012742013,0.0045053647
0 days 00:00:10.140000,-0.0005896382608088951,-0.09417600000000001,0.28645200000000004,9.758988,0.0,0.0,0.0,0.0,0.0008726646259971648,0.0008726646259971648,0.0006981317007977319,0.0,13.09,58.8,1,1,100.0,4,0.0,-0.03,-0.005,52.6481414,9.7455289,33.230000000000004,32.38,52.648137,9.745532299999999,0.028448866807507574,-0.0164060949687467,4.238706621393429,0.025,0.045,-0.005,-0.030077988,0.00012820648,0.0045053423
0 days 00:00:10.150000,-0.0005896382608088951,-0.090252,0.298224,9.727596,0.0,0.0,0.0,0.0,0.0008726646259971648,0.0012217304763960308,0.0008726646259971648,0.0,13.09,58.8,1,1,100.0,4,0.0,-0.025,-0.005,52.6481414,9.7455289,33.230000000000004,32.38,52.648137,9.745532299999999,0.028448866807507574,-0.0164060949687467,4.238706621393429,0.025,0.045,-0.005,-0.025078664,0.00013053973,0.004587336
0 days 00:00:10.160000,-0.0005896382608088951,-0.09417600000000001,0.29430000000000006,9.755064,0.0,0.0,0.0,0.0,0.0010471975511965976,0.003316125578789226,0.0006981317007977319,0.0,13.09,58.8,1,1,100.0,4,0.0,-0.025,-0.0,52.6481411,9.7455266,33.6,32.38,52.648137,9.745532299999999,0.028274333882308142,-0.016580627893946133,4.238706621393429,0.015,0.015,-0.03,-0.024996564,-1.1718057e-05,-0.00041433104
0 days 00:00:10.170000,-0.0005896382608088951,-0.17658000000000004,0.32176800000000005,9.719748000000001,0.0,0.0,0.0,0.0,0.0010471975511965976,0.0031415926535897933,0.0006981317007977319,0.0,13.09,58.8,1,1,100.0,4,0.005,-0.025,-0.0,52.6481411,9.7455266,33.6,32.38,52.648137,9.745532299999999,0.028274333882308142,-0.016580627893946133,4.238706621393429,0.015,0.015,-0.03,-0.024996564,0.0049862834,-0.00055568386
0 days 00:00:10.180000,-0.0005896382608088951,-0.1962,0.290376,9.743292000000002,0.0,0.0,0.0,0.0,0.0010471975511965976,0.004363323129985824,0.0010471975511965976,0.0,13.09,58.8,1,1,100.0,4,0.005,-0.025,-0.0,52.6481411,9.7455266,33.6,32.38,52.648137,9.745532299999999,0.028274333882308142,-0.016580627893946133,4.238706621393429,0.015,0.015,-0.03,-0.024996564,0.0049862834,-0.00055568386
0 days 00:00:10.190000,-0.0005896382608088951,-0.22759200000000002,0.302148,9.684432000000001,0.0,0.0,0.0,0.0,0.0008726646259971648,0.004014257279586958,0.0008726646259971648,0.0,13.09,58.8,1,1,100.0,4,0.005,-0.025,-0.0,52.6481411,9.7455266,33.6,32.38,52.648137,9.745532299999999,0.028274333882308142,-0.016755160819145562,4.238706621393429,0.015,0.015,-0.03,-0.024996491,0.00498616,-0.00056004483
0 days 00:00:10.200000,-0.0005896382608088951,-0.21974400000000002,0.32569200000000004,9.743292000000002,0.0,0.0,0.0,0.0,0.0006981317007977319,0.0054105206811824215,0.0006981317007977319,0.0,13.09,58.8,1,1,100.0,4,0.005,-0.025,-0.0,52.6481411,9.7455266,33.6,32.38,52.648137,9.745532299999999,0.028448866807507574,-0.016755160819145562,4.238706621393429,0.015,0.015,-0.03,-0.024996491,0.004986062,-0.00056091504
0 days 00:00:10.210000,-0.0005896382608088951,-0.31392000000000003,0.29430000000000006,9.711900000000002,0.0,0.0,0.0,0.0,0.0005235987755982988,0.004537856055185257,0.0006981317007977319,0.0,13.09,58.8,1,1,100.0,4,0.0,-0.015,-0.0,52.6481411,9.7455267,33.59,32.38,52.648137,9.745532299999999,0.028623399732707007,-0.01710422666954443,4.238706621393429,-0.03,-0.02,0.02,-0.0149978055,-7.3423557e-06,-0.0002564458
0 days 00:00:10.220000,-0.0005896382608088951,-0.29430000000000006,0.30999600000000005,9.700128000000001,0.0,0.0,0.0,0.0,0.00034906585039886593,0.0041887902047863905,0.0006981317007977319,0.0,13.09,58.8,1,1,100.0,4,0.0,-0.02,-0.0,52.6481411,9.7455267,33.59,32.38,52.648137,9.745532299999999,0.028623399732707007,-0.01710422666954443,4.238706621393429,-0.03,-0.02,0.02,-0.019997073,-9.789807e-06,-0.00034192775
0 days 00:00:10.230000,-0.0005896382608088951,-0.29430000000000006,0.29430000000000006,9.766836000000001,0.0,0.0,0.0,0.0,-0.00017453292519943296,0.005934119456780722,0.0008726646259971648,0.0,13.09,58.8,1,1,100.0,4,0.0,-0.02,-0.0,52.6481411,9.7455267,33.59,32.38,52.648137,9.745532299999999,0.028623399732707007,-0.017278759594743863,4.238706621393429,-0.03,-0.02,0.02,-0.019997014,-9.8896935e-06,-0.00034541643
0 days 00:00:10.240000,-0.0005896382608088951,-0.39632400000000007,0.29430000000000006,9.711900000000002,0.0,0.0,0.0,0.0,-0.0005235987755982988,0.002967059728390361,0.0008726646259971648,0.0,13.09,58.8,1,1,100.0,4,0.0,-0.02,-0.0,52.6481411,9.7455267,33.59,32.38,52.648137,9.745532299999999,0.028623399732707007,-0.017278759594743863,4.238706621393429,-0.03,-0.02,0.02,-0.019997014,-9.8896935e-06,-0.00034541643
0 days 00:00:10.250000,-0.0005896382608088951,-0.28645200000000004,0.290376,9.735444000000001,0.0,0.0,0.0,0.0,-0.0005235987755982988,0.003316125578789226,0.0012217304763960308,0.0,13.09,58.8,1,1,100.0,4,0.0,-0.02,-0.0,52.6481411,9.7455267,33.59,32.38,52.648137,9.745532299999999,0.028448866807507574,-0.017278759594743863,4.238706621393429,-0.03,-0.02,0.02,-0.019997014,-9.829407e-06,-0.0003454181
0 days 00:00:10.260000,-0.0005896382608088951,-0.251136,0.28252800000000006,9.806076000000001,0.0,0.0,0.0,0.0,-0.0006981317007977319,0.005235987755982988,0.0005235987755982988,0.0,13.09,58.8,1,1,100.0,4,0.0,-0.01,-0.0,52.6481411,9.7455267,33.6,32.38,52.648137,9.745532299999999,0.028448866807507574,-0.01780235837034216,4.238706621393429,-0.015,-0.05,0.045,-0.009998416,-5.063618e-06,-0.00017794214
0 days 00:00:10.270000,-0.0005896382608088951,-0.368856,0.27468000000000004,9.747216000000002,0.0,0.0,0.0,0.0,-0.0008726646259971648,0.0019198621771937623,0.00034906585039886593,0.0,13.09,58.8,1,1,100.0,4,0.0,-0.01,-0.0,52.6481411,9.7455267,33.6,32.38,52.648137,9.745532299999999,0.028448866807507574,-0.01780235837034216,4.238706621393429,-0.015,-0.05,0.045,-0.009998416,-5.063618e-06,-0.00017794214
0 days 00:00:10.280000,-0.0005896382608088951,-0.27075600000000005,0.28645200000000004,9.798228,0.0,0.0,0.0,0.0,-0.0012217304763960308,0.0024434609527920616,0.00017453292519943296,0.0,13.09,58.8,1,1,100.0,4,0.0,-0.01,-0.0,52.6481411,9.7455267,33.6,32.38,52.648137,9.745532299999999,0.028448866807507574,-0.01780235837034216,4.238706621393429,-0.015,-0.05,0.045,-0.009998416,-5.063618e-06,-0.00017794214
0 days 00:00:10.290000,-0.0005896382608088951,-0.298224,0.258984,9.837468000000001,0.0,0.0,0.0,0.0,-0.0013962634015954637,0.0019198621771937623,0.0,0.0,13.09,58.8,1,1,100.0,4,0.0,-0.015,-0.0,52.6481411,9.7455267,33.6,32.38,52.648137,9.745532299999999,0.028448866807507574,-0.01780235837034216,4.238706621393429,-0.015,-0.05,0.045,-0.014997623,-7.595427e-06,-0.0002669132
0 days 00:00:10.300000,-0.0005896382608088951,-0.32176800000000005,0.278604,9.806076000000001,0.0,0.0,0.0,0.0,-0.0019198621771937623,0.00034906585039886593,0.00017453292519943296,0.0,13.09,58.8,1,1,100.0,4,0.0,-0.015,-0.0,52.6481411,9.7455267,33.6,32.38,52.648137,9.745532299999999,0.028448866807507574,-0.01780235837034216,4.238706621393429,-0.015,-0.05,0.045,-0.014997623,-7.595427e-06,-0.0002669132
0 days 00:00:10.310000,-0.0005896382608088951,-0.25506,0.258984,9.845316,0.0,0.0,0.0,0.0,-0.0017453292519943296,-0.00017453292519943296,0.0,0.0,13.09,58.8,1,1,100.0,4,-0.005,-0.015,0.005,52.6481411,9.7455265,33.61,32.38,52.648137,9.745532299999999,0.028448866807507574,-0.01780235837034216,4.238706621393429,0.0,0.005,-0.05,-0.0149086155,-0.0051477747,-0.0051218728
0 days 00:00:10.320000,-0.0005896382608088951,-0.21974400000000002,0.27075600000000005,9.845316,0.0,0.0,0.0,0.0,-0.0020943951023931952,0.0,0.0,0.0,13.09,58.8,1,1,100.0,4,-0.005,-0.015,0.005,52.6481411,9.7455265,33.61,32.38,52.648137,9.745532299999999,0.028448866807507574,-0.01780235837034216,4.238706621393429,0.0,0.005,-0.05,-0.0149086155,-0.0051477747,-0.0051218728
0 days 00:00:10.330000,-0.0005896382608088951,-0.28645200000000004,0.231516,9.82962,0.0,0.0,0.0,0.0,-0.0015707963267948967,-0.0024434609527920616,0.00034906585039886593,0.0,13.09,58.8,1,1,100.0,4,-0.005,-0.015,0.005,52.6481411,9.7455265,33.61,32.38,52.648137,9.745532299999999,0.028448866807507574,-0.01780235837034216,4.238706621393429,0.0,0.005,-0.05,-0.0149086155,-0.0051477747,-0.0051218728
0 days 00:00:10.340000,-0.0007075659129706742,-0.16088400000000003,0.25506,9.853164,0.0,0.0,0.0,0.0,-0.0017453292519943296,-0.0020943951023931952,0.00017453292519943296,0.0,13.09,58.8,1,1,100.0,4,-0.005,-0.015,0.005,52.6481411,9.7455265,33.61,32.38,52.648137,9.745532299999999,0.028448866807507574,-0.01780235837034216,4.238706621393429,0.0,0.005,-0.05,-0.0149086155,-0.0051477747,-0.0051218728
0 days 00:00:10.350000,-0.0007075659129706742,-0.16873200000000002,0.25506,9.880632000000002,0.0,0.0,0.0,0.0,-0.0013962634015954637,-0.0022689280275926286,0.00017453292519943296,0.0,13.09,58.8,1,1,100.0,4,-0.005,-0.015,-0.0,52.6481411,9.7455265,33.61,32.38,52.648137,9.745532299999999,0.028448866807507574,-0.01780235837034216,4.238706621393429,0.0,0.005,-0.05,-0.014997623,-0.005005572,-0.00012468806
0 days 00:00:10.360000,-0.0007075659129706742,-0.16873200000000002,0.251136,9.857088000000003,0.0,0.0,0.0,0.0,-0.0013962634015954637,-0.002967059728390361,0.00034906585039886593,0.0,13.09,58.8,1,1,100.0,4,-0.005,-0.01,-0.005,52.6481412,9.7455263,33.63,32.38,52.648137,9.745532299999999,0.028274333882308142,-0.01780235837034216,4.238706621393429,0.0,0.005,0.055,-0.010087423,-0.0048617036,0.0049606194
0 days 00:00:10.370000,-0.0007075659129706742,-0.125568,0.231516,9.872784,0.0,0.0,0.0,0.0,-0.0008726646259971648,-0.003316125578789226,0.00017453292519943296,0.0,13.09,58.8,1,1,100.0,4,-0.005,-0.01,-0.005,52.6481412,9.7455263,33.63,32.38,52.648137,9.745532299999999,0.028274333882308142,-0.01780235837034216,4.238706621393429,0.0,0.005,0.055,-0.010087423,-0.0048617036,0.0049606194
0 days 00:00:10.380000,-0.0007075659129706742,-0.0981,0.25506,9.908100000000001,0.0,0.0,0.0,0.0,-0.0008726646259971648,-0.002617993877991494,0.00034906585039886593,0.0,13.09,58.8,1,1,100.0,4,-0.005,-0.01,-0.005,52.6481412,9.7455263,33.63,32.38,52.648137,9.745532299999999,0.028274333882308142,-0.01780235837034216,4.238706621393429,0.0,0.005,0.055,-0.010087423,-0.0048617036,0.0049606194
0 days 00:00:10.390000,-0.0007075659129706742,-0.13734000000000002,0.23936400000000002,9.845316,0.0,0.0,0.0,0.0,-0.0010471975511965976,-0.0041887902047863905,0.00034906585039886593,0.0,13.09,58.8,1,1,100.0,4,-0.005,-0.005,-0.005,52.6481412,9.7455263,33.63,32.38,52.648137,9.745532299999999,0.028274333882308142,-0.01780235837034216,4.238706621393429,0.0,0.005,0.055,-0.0050882148,-0.004859187,0.005049591
0 days 00:00:10.400000,-0.0007075659129706742,-0.05101200000000001,0.22759200000000002,9.84924,0.0,0.0,0.0,0.0,-0.0006981317007977319,-0.0036651914291880917,0.0005235987755982988,0.0,13.09,58.8,1,1,100.0,4,-0.005,-0.005,-0.005,52.6481412,9.7455263,33.63,32.38,52.648137,9.745532299999999,0.028274333882308142,-0.01780235837034216,4.238706621393429,0.0,0.005,0.055,-0.0050882148,-0.004859187,0.005049591
0 days 00:00:10.410000,-0.0007075659129706742,-0.05101200000000001,0.231516,9.896328000000002,0.0,0.0,0.0,0.0,-0.00017453292519943296,-0.0020943951023931952,0.0005235987755982988,0.0,13.09,58.65,1,1,100.0,4,-0.005,-0.005,-0.01,52.6481412,9.7455264,33.63,32.38,52.648137,9.745532299999999,0.028274333882308142,-0.017627825445142728,4.238706621393429,0.0,0.01,0.01,-0.0051754923,-0.0047178315,0.010047703
0 days 00:00:10.420000,-0.0007075659129706742,-0.125568,0.23544,9.81,0.0,0.0,0.0,0.0,-0.00017453292519943296,-0.0041887902047863905,0.0005235987755982988,0.0,13.09,58.5,1,1,100.0,4,-0.005,-0.005,-0.01,52.6481412,9.7455264,33.63,32.38,52.648137,9.745532299999999,0.028274333882308142,-0.017627825445142728,4.238706621393429,0.0,0.01,0.01,-0.0051754923,-0.0047178315,0.010047703
0 days 00:00:10.430000,-0.0007075659129706742,-0.027468000000000003,0.231516,9.857088000000003,0.0,0.0,0.0,0.0,0.00017453292519943296,-0.0020943951023931952,0.0005235987755982988,0.0,13.09,58.5,1,1,100.0,4,-0.005,-0.005,-0.01,52.6481412,9.7455264,33.63,32.38,52.648137,9.745532299999999,0.028274333882308142,-0.017627825445142728,4.238706621393429,0.0,0.01,0.01,-0.0051754923,-0.0047178315,0.010047703
0 days 00:00:10.440000,-0.0007075659129706742,-0.08632800000000002,0.251136,9.821772000000001,0.0,0.0,0.0,0.0,0.0,-0.0020943951023931952,0.0005235987755982988,0.0,13.09,58.5,1,1,100.0,4,-0.005,0.0,-0.01,52.6481412,9.7455264,33.63,32.38,52.648137,9.745532299999999,0.028274333882308142,-0.017627825445142728,4.238706621393429,0.0,0.01,0.01,-0.00017626912,-0.0047153397,0.010135802
0 days 00:00:10.450000,-0.0007075659129706742,-0.09417600000000001,0.24721200000000002,9.802152000000001,0.0,0.0,0.0,0.0,-0.00017453292519943296,-0.0024434609527920616,0.00034906585039886593,0.0,13.09,58.5,1,1,100.0,4,-0.005,0.0,-0.01,52.6481412,9.7455264,33.63,32.38,52.648137,9.745532299999999,0.028274333882308142,-0.017627825445142728,4.238706621393429,0.0,0.01,0.01,-0.00017626912,-0.0047153397,0.010135802
0 days 00:00:10.460000,-0.0007075659129706742,-0.07848000000000001,0.24328800000000003,9.813924,0.0,0.0,0.0,0.0,-0.00017453292519943296,-0.0010471975511965976,0.0008726646259971648,0.0,13.09,58.5,1,1,100.0,4,0.005,-0.005,-0.0,52.648140399999996,9.745524999999999,33.59,32.38,52.648137,9.745532299999999,0.028099800957108706,-0.017453292519943295,4.238706621393429,0.02,0.005,-0.07,-0.0049992385,0.0049955742,-0.0002277081
0 days 00:00:10.470000,-0.0007075659129706742,-0.066708,0.25506,9.817848000000001,0.0,0.0,0.0,0.0,0.00017453292519943296,0.0,0.0005235987755982988,0.0,13.09,58.5,1,1,100.0,4,0.0,-0.005,-0.0,52.648140399999996,9.745524999999999,33.59,32.38,52.648137,9.745532299999999,0.028274333882308142,-0.017453292519943295,4.238706621393429,0.02,0.005,-0.07,-0.0049992385,-2.4669469e-06,-8.722715e-05
0 days 00:00:10.480000,-0.0007075659129706742,-0.13734000000000002,0.23936400000000002,9.766836000000001,0.0,0.0,0.0,0.0,0.0,-0.0010471975511965976,0.0006981317007977319,0.0,13.09,58.5,1,1,100.0,4,0.0,-0.005,-0.0,52.648140399999996,9.745524999999999,33.59,32.38,52.648137,9.745532299999999,0.028274333882308142,-0.017453292519943295,4.238706621393429,0.02,0.005,-0.07,-0.0049992385,-2.4669469e-06,-8.722715e-05
0 days 00:00:10.490000,-0.0007075659129706742,-0.062784,0.26290800000000003,9.798228,0.0,0.0,0.0,0.0,0.00017453292519943296,0.0010471975511965976,0.0005235987755982988,0.0,13.09,58.5,1,1,100.0,4,0.0,-0.005,-0.0,52.648140399999996,9.745524999999999,33.59,32.38,52.648137,9.745532299999999,0.028274333882308142,-0.017453292519943295,4.238706621393429,0.02,0.005,-0.07,-0.0049992385,-2.4669469e-06,-8.722715e-05
0 days 00:00:10.500000,-0.0007075659129706742,-0.149112,0.251136,9.770760000000001,0.0,0.0,0.0,0.0,0.0005235987755982988,0.0012217304763960308,0.00034906585039886593,0.0,13.09,58.5,1,1,100.0,4,0.0,0.0,-0.0,52.648140399999996,9.745524999999999,33.59,32.38,52.648137,9.745532299999999,0.028274333882308142,-0.017453292519943295,4.238706621393429,0.02,0.005,-0.07,0.0,0.0,0.0
0 days 00:00:10.510000,-0.0007075659129706742,-0.15696000000000002,0.23936400000000002,9.778608,0.0,0.0,0.0,0.0,0.0006981317007977319,0.0012217304763960308,0.00034906585039886593,0.0,13.09,58.5,1,1,100.0,4,0.005,-0.01,0.005,52.648140399999996,9.745524999999999,33.59,32.38,52.648137,9.745532299999999,0.028274333882308142,-0.017453292519943295,4.238706621393429,0.015,0.025,-0.06,-0.009911215,0.004851736,-0.005313047
0 days 00:00:10.520000,-0.0007075659129706742,-0.153036,0.266832,9.751140000000001,0.0,0.0,0.0,0.0,0.0006981317007977319,0.0017453292519943296,0.00034906585039886593,0.0,13.09,58.5,1,1,100.0,4,0.005,-0.01,0.01,52.648140399999996,9.745524999999999,33.59,32.38,52.648137,9.745532299999999,0.028274333882308142,-0.017453292519943295,4.238706621393429,0.015,0.025,-0.06,-0.009823953,0.004710405,-0.010310288
0 days 00:00:10.530000,-0.0007075659129706742,-0.180504,0.27075600000000005,9.758988,0.0,0.0,0.0,0.0,0.0006981317007977319,0.002617993877991494,0.0005235987755982988,0.0,13.09,58.5,1,1,100.0,4,0.005,-0.01,0.01,52.648140399999996,9.745524999999999,33.59,32.38,52.648137,9.745532299999999,0.028274333882308142,-0.017453292519943295,4.238706621393429,0.015,0.025,-0.06,-0.009823953,0.004710405,-0.010310288
0 days 00:00:10.540000,-0.0007075659129706742,-0.23544,0.26290800000000003,9.739368,0.0,0.0,0.0,0.0,0.0008726646259971648,0.0013962634015954637,0.00034906585039886593,0.0,13.09,58.5,1,1,100.0,4,0.005,-0.01,0.01,52.648140399999996,9.745524999999999,33.59,32.38,52.648137,9.745532299999999,0.028274333882308142,-0.017453292519943295,4.238706621393429,0.015,0.025,-0.06,-0.009823953,0.004710405,-0.010310288
0 days 00:00:10.550000,-0.0007075659129706742,-0.15696000000000002,0.266832,9.762912000000002,0.0,0.0,0.0,0.0,0.0012217304763960308,0.002617993877991494,0.0005235987755982988,0.0,13.09,58.35,1,1,100.0,4,0.005,-0.01,0.01,52.648140399999996,9.745524999999999,33.59,32.38,52.648137,9.745532299999999,0.028274333882308142,-0.017453292519943295,4.238706621393429,0.015,0.025,-0.06,-0.009823953,0.004710405,-0.010310288
0 days 00:00:10.560000,-0.0007075659129706742,-0.184428,0.278604,9.786456000000001,0.0,0.0,0.0,0.0,0.0012217304763960308,0.0036651914291880917,0.0,0.0,13.09,58.2,1,1,100.0,4,-0.01,0.005,-0.005,52.6481405,9.7455266,33.31,32.38,52.648137,9.745532299999999,0.028274333882308142,-0.017627825445142728,4.238706621393429,-0.035,-0.015,0.105,0.0049110884,-0.00985218,0.0053680297
0 days 00:00:10.570000,-0.0007075659129706742,-0.29430000000000006,0.27468000000000004,9.719748000000001,0.0,0.0,0.0,0.0,0.0010471975511965976,0.0012217304763960308,0.00034906585039886593,0.0,13.09,58.2,1,1,100.0,4,-0.01,0.0,-0.0,52.6481405,9.7455266,33.31,32.38,52.648137,9.745532299999999,0.028274333882308142,-0.01780235837034216,4.238706621393429,-0.035,-0.015,0.105,0.0,-0.009996003,0.00028270567
0 days 00:00:10.580000,-0.0007075659129706742,-0.17658000000000004,0.28645200000000004,9.778608,0.0,0.0,0.0,0.0,0.0012217304763960308,0.0024434609527920616,0.00034906585039886593,0.0,13.09,58.2,1,1,100.0,4,-0.01,0.0,-0.0,52.6481405,9.7455266,33.31,32.38,52.648137,9.745532299999999,0.028448866807507574,-0.01780235837034216,4.238706621393429,-0.035,-0.015,0.105,0.0,-0.009995953,0.0002844503
0 days 00:00:10.590000,-0.0007075659129706742,-0.231516,0.28252800000000006,9.806076000000001,0.0,0.0,0.0,0.0,0.0010471975511965976,0.002967059728390361,0.00034906585039886593,0.0,13.09,58.2,1,1,100.0,4,-0.01,0.0,-0.0,52.6481405,9.7455266,33.31,32.38,52.648137,9.745532299999999,0.028448866807507574,-0.01780235837034216,4.238706621393429,-0.035,-0.015,0.105,0.0,-0.009995953,0.0002844503
0 days 00:00:10.600000,-0.0007075659129706742,-0.26290800000000003,0.28252800000000006,9.758988,0.0,0.0,0.0,0.0,0.0010471975511965976,0.0008726646259971648,0.00034906585039886593,0.0,13.09,58.2,1,1,100.0,4,-0.01,0.0,-0.0,52.6481405,9.7455266,33.31,32.38,52.648137,9.745532299999999,0.028448866807507574,-0.01780235837034216,4.238706621393429,-0.035,-0.015,0.105,0.0,-0.009995953,0.0002844503
0 days 00:00:10.610000,-0.0007075659129706742,-0.18835200000000002,0.290376,9.798228,0.0,0.0,0.0,0.0,0.0008726646259971648,0.0022689280275926286,0.00017453292519943296,0.0,13.09,58.2,1,1,100.0,4,-0.005,0.0,0.005,52.6481405,9.7455266,33.3,32.38,52.648137,9.745532299999999,0.028274333882308142,-0.01780235837034216,4.238706621393429,0.0,-0.005,-0.04,8.900708e-05,-0.005139332,-0.0048558568
0 days 00:00:10.620000,-0.0007075659129706742,-0.251136,0.28252800000000006,9.798228,0.0,0.0,0.0,0.0,0.0005235987755982988,0.0012217304763960308,0.00034906585039886593,0.0,13.09,58.2,1,1,100.0,4,-0.005,0.0,-0.0,52.6481405,9.7455266,33.3,32.38,52.648137,9.745532299999999,0.028448866807507574,-0.01780235837034216,4.238706621393429,0.0,-0.005,-0.04,0.0,-0.0049979766,0.00014222515
0 days 00:00:10.630000,-0.0007075659129706742,-0.23936400000000002,0.28645200000000004,9.813924,0.0,0.0,0.0,0.0,0.0005235987755982988,0.00017453292519943296,0.00034906585039886593,0.0,13.09,58.2,1,1,100.0,4,-0.005,0.0,-0.0,52.6481405,9.7455266,33.3,32.38,52.648137,9.745532299999999,0.028448866807507574,-0.01780235837034216,4.238706621393429,0.0,-0.005,-0.04,0.0,-0.0049979766,0.00014222515
0 days 00:00:10.640000,-0.0007075659129706742,-0.1962,0.28645200000000004,9.817848000000001,0.0,0.0,0.0,0.0,0.00034906585039886593,0.0008726646259971648,0.00017453292519943296,0.0,13.09,58.2,1,1,100.0,4,-0.005,0.0,-0.0,52.6481405,9.7455266,33.3,32.38,52.648137,9.745532299999999,0.028448866807507574,-0.01780235837034216,4.238706621393429,0.0,-0.005,-0.04,0.0,-0.0049979766,0.00014222515
0 days 00:00:10.650000,-0.0007075659129706742,-0.223668,0.290376,9.813924,0.0,0.0,0.0,0.0,0.0,-0.00017453292519943296,0.00034906585039886593,0.0,13.09,58.2,1,1,100.0,4,-0.005,0.0,-0.0,52.6481405,9.7455266,33.3,32.38,52.648137,9.745532299999999,0.028448866807507574,-0.01780235837034216,4.238706621393429,0.0,-0.005,-0.04,0.0,-0.0049979766,0.00014222515
0 days 00:00:10.660000,-0.0007075659129706742,-0.21582000000000004,0.29430000000000006,9.821772000000001,0.0,0.0,0.0,0.0,0.0,-0.0010471975511965976,0.00034906585039886593,0.0,13.09,58.2,1,1,100.0,4,0.0,0.0,0.005,52.6481405,9.7455266,33.3,32.38,52.648137,9.745532299999999,0.028274333882308142,-0.01780235837034216,4.238706621393429,0.005,-0.005,-0.03,8.900708e-05,-0.00014133043,-0.0049972096
0 days 00:00:10.670000,-0.0007075659129706742,-0.17265600000000003,0.27075600000000005,9.833544,0.0,0.0,0.0,0.0,-0.00017453292519943296,-0.0008726646259971648,0.0005235987755982988,0.0,13.09,58.2,1,1,100.0,4,0.0,0.0,0.005,52.6481405,9.7455266,33.3,32.38,52.648137,9.745532299999999,0.028274333882308142,-0.01780235837034216,4.238706621393429,0.005,-0.005,-0.03,8.900708e-05,-0.00014133043,-0.0049972096
0 days 00:00:10.680000,-0.0007075659129706742,-0.184428,0.28252800000000006,9.841392,0.0,0.0,0.0,0.0,0.0,-0.0013962634015954637,0.0005235987755982988,0.0,13.09,58.2,1,1,100.0,4,0.0,0.0,0.005,52.6481405,9.7455266,33.3,32.38,52.648137,9.745532299999999,0.028274333882308142,-0.01780235837034216,4.238706621393429,0.005,-0.005,-0.03,8.900708e-05,-0.00014133043,-0.0049972096
0 days 00:00:10.690000,-0.0007075659129706742,-0.17658000000000004,0.290376,9.841392,0.0,0.0,0.0,0.0,-0.00034906585039886593,-0.0017453292519943296,0.00034906585039886593,0.0,13.09,58.2,1,1,100.0,4,0.0,0.0,0.005,52.6481405,9.7455266,33.3,32.38,52.648137,9.745532299999999,0.028274333882308142,-0.01780235837034216,4.238706621393429,0.005,-0.005,-0.03,8.900708e-05,-0.00014133043,-0.0049972096
0 days 00:00:10.700000,-0.0007075659129706742,-0.153036,0.266832,9.82962,0.0,0.0,0.0,0.0,-0.00017453292519943296,-0.0020943951023931952,0.0005235987755982988,0.0,13.09,58.2,1,1,100.0,4,0.0,0.0,0.005,52.6481405,9.7455266,33.3,32.38,52.648137,9.745532299999999,0.028274333882308142,-0.01780235837034216,4.238706621393429,0.005,-0.005,-0.03,8.900708e-05,-0.00014133043,-0.0049972096
0 days 00:00:10.710000,-0.0007075659129706742,-0.149112,0.28645200000000004,9.872784,0.0,0.0,0.0,0.0,-0.00017453292519943296,-0.0015707963267948967,0.0006981317007977319,0.0,13.09,58.2,1,1,100.0,4,0.0,0.0,0.005,52.6481405,9.7455267,33.3,32.38,52.648137,9.745532299999999,0.028274333882308142,-0.01780235837034216,4.238706621393429,0.0,0.005,-0.015,8.900708e-05,-0.00014133043,-0.0049972096
0 days 00:00:10.720000,-0.0007075659129706742,-0.16873200000000002,0.28252800000000006,9.833544,0.0,0.0,0.0,0.0,-0.00034906585039886593,-0.0024434609527920616,0.0005235987755982988,0.0,13.09,58.2,1,1,100.0,4,0.0,0.0,0.005,52.6481405,9.7455267,33.3,32.38,52.648137,9.745532299999999,0.028274333882308142,-0.01780235837034216,4.238706621393429,0.0,0.005,-0.015,8.900708e-05,-0.00014133043,-0.0049972096
0 days 00:00:10.730000,-0.0007075659129706742,-0.149112,0.26290800000000003,9.81,0.0,0.0,0.0,0.0,-0.00034906585039886593,-0.0022689280275926286,0.0008726646259971648,0.0,13.09,58.2,1,1,100.0,4,0.0,0.0,0.005,52.6481405,9.7455267,33.3,32.38,52.648137,9.745532299999999,0.028274333882308142,-0.017627825445142728,4.238706621393429,0.0,0.005,-0.015,8.813456e-05,-0.00014133086,-0.0049972245
0 days 00:00:10.740000,-0.0007075659129706742,-0.12164400000000002,0.278604,9.833544,0.0,0.0,0.0,0.0,-0.0006981317007977319,-0.0015707963267948967,0.0006981317007977319,0.0,13.09,58.2,1,1,100.0,4,0.0,0.0,0.005,52.6481405,9.7455267,33.3,32.38,52.648137,9.745532299999999,0.028274333882308142,-0.017627825445142728,4.238706621393429,0.0,0.005,-0.015,8.813456e-05,-0.00014133086,-0.0049972245
0 days 00:00:10.750000,-0.0007075659129706742,-0.14126400000000003,0.27075600000000005,9.825696,0.0,0.0,0.0,0.0,-0.0010471975511965976,-0.0017453292519943296,0.0005235987755982988,0.0,13.09,58.2,1,1,100.0,4,0.0,0.0,0.005,52.6481405,9.7455267,33.3,32.38,52.648137,9.745532299999999,0.028274333882308142,-0.017627825445142728,4.238706621393429,0.0,0.005,-0.015,8.813456e-05,-0.00014133086,-0.0049972245
0 days 00:00:10.760000,-0.0007075659129706742,-0.13734000000000002,0.251136,9.813924,0.0,0.0,0.0,0.0,-0.0008726646259971648,-0.0019198621771937623,0.0006981317007977319,0.0,13.09,58.2,1,1,100.0,4,-0.005,0.0,0.005,52.6481407,9.7455264,33.3,32.38,52.648137,9.745532299999999,0.028274333882308142,-0.017627825445142728,4.238706621393429,0.0,0.015,-0.01,8.813456e-05,-0.0051393323,-0.0048558717
0 days 00:00:10.770000,-0.0007075659129706742,-0.129492,0.28645200000000004,9.813924,0.0,0.0,0.0,0.0,-0.0012217304763960308,-0.0012217304763960308,0.0006981317007977319,0.0,13.09,58.2,1,1,100.0,4,-0.005,0.0,0.005,52.6481407,9.7455264,33.3,32.38,52.648137,9.745532299999999,0.028274333882308142,-0.017627825445142728,4.238706621393429,0.0,0.015,-0.01,8.813456e-05,-0.0051393323,-0.0048558717
0 days 00:00:10.780000,-0.0007075659129706742,-0.14126400000000003,0.23544,9.821772000000001,0.0,0.0,0.0,0.0,-0.0010471975511965976,-0.0010471975511965976,0.0010471975511965976,0.0,13.09,58.2,1,1,100.0,4,-0.005,0.0,0.005,52.6481407,9.7455264,33.3,32.38,52.648137,9.745532299999999,0.028274333882308142,-0.017627825445142728,4.238706621393429,0.0,0.015,-0.01,8.813456e-05,-0.0051393323,-0.0048558717
0 days 00:00:10.790000,-0.0007075659129706742,-0.11772,0.26290800000000003,9.79038,0.0,0.0,0.0,0.0,-0.0012217304763960308,-0.0010471975511965976,0.0006981317007977319,0.0,13.09,58.2,1,1,100.0,4,-0.005,0.0,0.005,52.6481407,9.7455264,33.3,32.38,52.648137,9.745532299999999,0.028274333882308142,-0.017627825445142728,4.238706621393429,0.0,0.015,-0.01,8.813456e-05,-0.0051393323,-0.0048558717
0 days 00:00:10.800000,-0.0007075659129706742,-0.11772,0.258984,9.786456000000001,0.0,0.0,0.0,0.0,-0.0013962634015954637,-0.00017453292519943296,0.0008726646259971648,0.0,13.09,58.2,1,1,100.0,4,-0.005,0.0,0.005,52.6481407,9.7455264,33.3,32.38,52.648137,9.745532299999999,0.028274333882308142,-0.017627825445142728,4.238706621393429,0.0,0.015,-0.01,8.813456e-05,-0.0051393323,-0.0048558717
0 days 00:00:10.810000,-0.0007075659129706742,-0.133416,0.258984,9.79038,0.0,0.0,0.0,0.0,-0.0013962634015954637,0.0,0.00034906585039886593,0.0,13.09,58.2,1,1,100.0,4,-0.005,-0.005,0.01,52.6481407,9.7455263,33.3,32.38,52.648137,9.745532299999999,0.028274333882308142,-0.017627825445142728,4.238706621393429,0.0,0.01,-0.055,-0.004822954,-0.0052831545,-0.009941196
0 days 00:00:10.820000,-0.0007075659129706742,-0.133416,0.251136,9.778608,0.0,0.0,0.0,0.0,-0.0013962634015954637,0.00034906585039886593,0.00034906585039886593,0.0,13.09,58.2,1,1,100.0,4,-0.005,0.0,0.01,52.6481407,9.7455263,33.3,32.38,52.648137,9.745532299999999,0.028274333882308142,-0.017627825445142728,4.238706621393429,0.0,0.01,-0.055,0.00017626912,-0.005280663,-0.009853097
0 days 00:00:10.830000,-0.0007075659129706742,-0.15696000000000002,0.251136,9.782532000000002,0.0,0.0,0.0,0.0,-0.0012217304763960308,0.0006981317007977319,0.0006981317007977319,0.0,13.09,58.2,1,1,100.0,4,-0.005,0.0,0.01,52.6481407,9.7455263,33.3,32.38,52.648137,9.745532299999999,0.028274333882308142,-0.017627825445142728,4.238706621393429,0.0,0.01,-0.055,0.00017626912,-0.005280663,-0.009853097
0 days 00:00:10.840000,-0.0007075659129706742,-0.14126400000000003,0.26290800000000003,9.782532000000002,0.0,0.0,0.0,0.0,-0.0012217304763960308,0.0012217304763960308,0.0005235987755982988,0.0,13.09,58.2,1,1,100.0,4,-0.005,0.0,0.01,52.6481407,9.7455263,33.3,32.38,52.648137,9.745532299999999,0.028274333882308142,-0.017627825445142728,4.238706621393429,0.0,0.01,-0.055,0.00017626912,-0.005280663,-0.009853097
0 days 00:00:10.850000,-0.0007075659129706742,-0.16480800000000004,0.25506,9.766836000000001,0.0,0.0,0.0,0.0,-0.0012217304763960308,0.0008726646259971648,0.00034906585039886593,10.0,13.09,58.2,1,1,100.0,4,-0.005,0.0,0.01,52.6481407,9.7455263,33.3,32.38,52.648137,9.745532299999999,0.028274333882308142,-0.017627825445142728,4.238706621393429,0.0,0.01,-0.055,0.00017626912,-0.005280663,-0.009853097
0 days 00:00:10.860000,-0.0007075659129706742,-0.13734000000000002,0.266832,9.79038,0.0,0.0,0.0,0.0,-0.0013962634015954637,0.0019198621771937623,0.0005235987755982988,10.0,13.09,58.2,1,1,100.0,4,0.0,-0.005,0.01,52.6481407,9.7455263,33.31,32.38,52.648137,9.745532299999999,0.028099800957108706,-0.017627825445142728,4.238706621393429,0.01,0.005,-0.025,-0.004822954,-0.0002833936,-0.010082599
0 days 00:00:10.870000,-0.0007075659129706742,-0.184428,0.251136,9.778608,0.0,0.0,0.0,0.0,-0.0010471975511965976,0.0013962634015954637,0.00034906585039886593,10.0,13.09,58.2,1,1,100.0,4,0.0,-0.005,0.01,52.6481407,9.7455263,33.31,32.38,52.648137,9.745532299999999,0.028099800957108706,-0.017627825445142728,4.238706621393429,0.01,0.005,-0.025,-0.004822954,-0.0002833936,-0.010082599
0 days 00:00:10.880000,-0.0007075659129706742,-0.16480800000000004,0.24721200000000002,9.774684,0.0,0.0,0.0,0.0,-0.00034906585039886593,0.0013962634015954637,0.0,10.0,13.09,58.2,1,1,100.0,4,0.0,-0.005,0.01,52.6481407,9.7455263,33.31,32.38,52.648137,9.745532299999999,0.028099800957108706,-0.017627825445142728,4.238706621393429,0.01,0.005,-0.025,-0.004822954,-0.0002833936,-0.010082599
0 days 00:00:10.890000,-0.0007075659129706742,-0.16480800000000004,0.23544,9.782532000000002,0.0,0.0,0.0,0.0,-0.0008726646259971648,0.002617993877991494,0.00017453292519943296,10.0,13.09,58.05,1,1,100.0,4,0.0,-0.005,0.01,52.6481407,9.7455263,33.31,32.38,52.648137,9.745532299999999,0.028099800957108706,-0.017627825445142728,4.238706621393429,0.01,0.005,-0.025,-0.004822954,-0.0002833936,-0.010082599
0 days 00:00:10.900000,-0.0007075659129706742,-0.23544,0.21974400000000002,9.802152000000001,0.0,0.0,0.0,0.0,0.00017453292519943296,0.0008726646259971648,0.00017453292519943296,10.0,13.09,57.89999999999999,1,1,100.0,4,-0.005,-0.005,0.01,52.6481407,9.7455263,33.31,32.38,52.648137,9.745532299999999,0.028099800957108706,-0.017627825445142728,4.238706621393429,0.01,0.005,-0.025,-0.004822954,-0.0052814195,-0.009942118
0 days 00:00:10.910000,-0.0007075659129706742,-0.16480800000000004,0.24721200000000002,9.786456000000001,0.0,0.0,0.0,0.0,0.00034906585039886593,0.0012217304763960308,0.00017453292519943296,10.0,13.09,58.05,1,1,100.0,4,0.005,0.0,0.01,52.6481405,9.7455263,33.3,32.38,52.648137,9.745532299999999,0.028099800957108706,-0.01780235837034216,4.238706621393429,0.01,-0.015,-0.015,0.00017801416,0.0047171093,-0.010134949
0 days 00:00:10.920000,-0.0007075659129706742,-0.15696000000000002,0.266832,9.817848000000001,0.0,0.0,0.0,0.0,0.00034906585039886593,0.0017453292519943296,-0.00017453292519943296,10.0,13.09,58.2,1,1,100.0,4,0.005,0.0,0.01,52.6481405,9.7455263,33.3,32.38,52.648137,9.745532299999999,0.028099800957108706,-0.01780235837034216,4.238706621393429,0.01,-0.015,-0.015,0.00017801416,0.0047171093,-0.010134949
0 days 00:00:10.930000,-0.0007075659129706742,-0.223668,0.23936400000000002,9.806076000000001,0.0,0.0,0.0,0.0,0.0008726646259971648,0.00017453292519943296,0.0,10.0,13.09,58.2,1,1,100.0,4,0.005,0.0,0.01,52.6481405,9.7455263,33.3,32.38,52.648137,9.745532299999999,0.028099800957108706,-0.01780235837034216,4.238706621393429,0.01,-0.015,-0.015,0.00017801416,0.0047171093,-0.010134949
0 days 00:00:10.940000,-0.0007075659129706742,-0.145188,0.26290800000000003,9.813924,0.0,0.0,0.0,0.0,0.0006981317007977319,0.0010471975511965976,0.0,10.0,13.09,58.2,1,1,100.0,4,0.005,0.0,0.01,52.6481405,9.7455263,33.3,32.38,52.648137,9.745532299999999,0.028099800957108706,-0.01780235837034216,4.238706621393429,0.01,-0.015,-0.015,0.00017801416,0.0047171093,-0.010134949
0 days 00:00:10.950000,-0.0007075659129706742,-0.20012400000000002,0.266832,9.813924,0.0,0.0,0.0,0.0,0.0006981317007977319,0.00034906585039886593,0.0,10.0,13.09,58.2,1,1,100.0,4,0.005,0.0,0.01,52.6481405,9.7455263,33.3,32.38,52.648137,9.745532299999999,0.028099800957108706,-0.01780235837034216,4.238706621393429,0.01,-0.015,-0.015,0.00017801416,0.0047171093,-0.010134949
0 days 00:00:10.960000,-0.0007075659129706742,-0.223668,0.258984,9.81,0.0,0.0,0.0,0.0,0.0008726646259971648,-0.00017453292519943296,0.00017453292519943296,10.0,13.09,58.2,1,1,100.0,4,0.0,0.005,0.01,52.648140399999996,9.7455257,33.410000000000004,32.38,52.648137,9.745532299999999,0.028099800957108706,-0.01780235837034216,4.238706621393429,-0.01,-0.01,-0.005,0.005177222,-0.00027841577,-0.009905497
0 days 00:00:10.970000,-0.0007075659129706742,-0.192276,0.258984,9.81,0.0,0.0,0.0,0.0,0.0006981317007977319,0.0005235987755982988,0.0005235987755982988,10.0,13.09,58.2,1,1,100.0,4,0.0,0.005,0.01,52.648140399999996,9.7455257,33.410000000000004,32.38,52.648137,9.745532299999999,0.028099800957108706,-0.01780235837034216,4.238706621393429,-0.01,-0.01,-0.005,0.005177222,-0.00027841577,-0.009905497
0 days 00:00:10.980000,-0.0007075659129706742,-0.21582000000000004,0.258984,9.81,0.0,0.0,0.0,0.0,0.00017453292519943296,-0.00034906585039886593,0.0005235987755982988,10.0,13.09,58.2,1,1,100.0,4,0.0,0.005,0.01,52.648140399999996,9.7455257,33.410000000000004,32.38,52.648137,9.745532299999999,0.028099800957108706,-0.01780235837034216,4.238706621393429,-0.01,-0.01,-0.005,0.005177222,-0.00027841577,-0.009905497
0 days 00:00:10.990000,-0.0007075659129706742,-0.20012400000000002,0.258984,9.802152000000001,0.0,0.0,0.0,0.0,0.00017453292519943296,-0.0017453292519943296,0.0005235987755982988,10.0,13.09,58.2,1,1,100.0,4,0.0,0.005,0.01,52.648140399999996,9.7455257,33.410000000000004,32.38,52.648137,9.745532299999999,0.028099800957108706,-0.01780235837034216,4.238706621393429,-0.01,-0.01,-0.005,0.005177222,-0.00027841577,-0.009905497
0 days 00:00:11,-0.0007075659129706742,-0.11772,0.24721200000000002,9.821772000000001,0.0,0.0,0.0,0.0,-0.00017453292519943296,0.0,0.00034906585039886593,10.0,13.09,58.2,1,1,100.0,4,0.0,0.005,0.01,52.648140399999996,9.7455257,33.410000000000004,32.38,52.648137,9.745532299999999,0.028099800957108706,-0.01780235837034216,4.238706621393429,-0.01,-0.01,-0.005,0.005177222,-0.00027841577,-0.009905497
0 days 00:00:11.010000,-0.0007075659129706742,-0.184428,0.251136,9.86886,0.0,0.0,0.0,0.0,0.0,0.00034906585039886593,0.0,10.0,13.09,58.05,1,1,100.0,4,-0.005,-0.005,0.005,52.648140399999996,9.745525599999999,33.42,32.38,52.648137,9.745532299999999,0.028274333882308142,-0.01780235837034216,4.238706621393429,-0.005,0.02,0.025,-0.004910201,-0.005141848,-0.0049448283
0 days 00:00:11.020000,-0.0007075659129706742,-0.266832,0.23936400000000002,9.825696,0.0,0.0,0.0,0.0,0.00017453292519943296,-0.003316125578789226,0.00034906585039886593,10.0,13.09,57.89999999999999,1,1,100.0,4,-0.005,-0.005,0.005,52.648140399999996,9.745525599999999,33.42,32.38,52.648137,9.745532299999999,0.028274333882308142,-0.017627825445142728,4.238706621393429,-0.005,0.02,0.025,-0.0049110884,-0.005141824,-0.004943971
0 days 00:00:11.030000,-0.0007075659129706742,-0.08240400000000002,0.266832,9.84924,0.0,0.0,0.0,0.0,0.0006981317007977319,-0.0027925268031909274,0.00017453292519943296,10.0,13.09,57.89999999999999,1,1,100.0,4,-0.005,0.0,0.005,52.648140399999996,9.745525599999999,33.42,32.38,52.648137,9.745532299999999,0.028274333882308142,-0.017627825445142728,4.238706621393429,-0.005,0.02,0.025,8.813456e-05,-0.0051393323,-0.0048558717
0 days 00:00:11.040000,-0.0007075659129706742,-0.10987200000000001,0.290376,9.806076000000001,0.0,0.0,0.0,0.0,0.0010471975511965976,-0.0019198621771937623,0.0005235987755982988,10.0,13.09,57.89999999999999,1,1,100.0,4,-0.005,0.0,0.005,52.648140399999996,9.745525599999999,33.42,32.38,52.648137,9.745532299999999,0.028274333882308142,-0.017627825445142728,4.238706621393429,-0.005,0.02,0.025,8.813456e-05,-0.0051393323,-0.0048558717
0 days 00:00:11.050000,-0.0007075659129706742,-0.16480800000000004,0.306072,9.794304,0.0,0.0,0.0,0.0,0.0013962634015954637,-0.0022689280275926286,0.0008726646259971648,10.0,13.09,57.89999999999999,1,1,100.0,4,-0.005,0.0,0.005,52.648140399999996,9.745525599999999,33.42,32.38,52.648137,9.745532299999999,0.028274333882308142,-0.017627825445142728,4.238706621393429,-0.005,0.02,0.025,8.813456e-05,-0.0051393323,-0.0048558717
0 days 00:00:11.060000,-0.0007075659129706742,-0.16480800000000004,0.302148,9.794304,0.0,0.0,0.0,0.0,0.0013962634015954637,-0.0012217304763960308,0.0010471975511965976,10.0,13.09,57.89999999999999,1,1,100.0,4,-0.005,0.005,0.005,52.648140399999996,9.745525599999999,33.42,32.38,52.648137,9.745532299999999,0.028274333882308142,-0.017627825445142728,4.238706621393429,-0.005,-0.01,-0.015,0.005087358,-0.0051368405,-0.0047677727
0 days 00:00:11.070000,-0.0007075659129706742,-0.1962,0.290376,9.782532000000002,0.0,0.0,0.0,0.0,0.0008726646259971648,-0.0005235987755982988,0.0008726646259971648,10.0,13.09,57.89999999999999,1,1,100.0,4,-0.005,0.005,0.005,52.648140399999996,9.745525599999999,33.42,32.38,52.648137,9.745532299999999,0.028274333882308142,-0.017627825445142728,4.238706621393429,-0.005,-0.01,-0.015,0.005087358,-0.0051368405,-0.0047677727
0 days 00:00:11.080000,-0.0007075659129706742,-0.25506,0.278604,9.758988,0.0,0.0,0.0,0.0,0.0006981317007977319,-0.0006981317007977319,0.0010471975511965976,10.0,13.09,57.89999999999999,1,1,100.0,4,-0.005,0.005,0.01,52.648140399999996,9.745525599999999,33.42,32.38,52.648137,9.745532299999999,0.028274333882308142,-0.017627825445142728,4.238706621393429,-0.005,-0.01,-0.015,0.0051754923,-0.005278171,-0.009764997
0 days 00:00:11.090000,-0.0007075659129706742,-0.21189600000000003,0.251136,9.798228,0.0,0.0,0.0,0.0,0.0006981317007977319,0.00017453292519943296,0.0010471975511965976,10.0,13.09,58.05,1,1,100.0,4,-0.005,0.005,0.01,52.648140399999996,9.745525599999999,33.42,32.38,52.648137,9.745532299999999,0.028274333882308142,-0.017627825445142728,4.238706621393429,-0.005,-0.01,-0.015,0.0051754923,-0.005278171,-0.009764997
0 days 00:00:11.100000,-0.0007075659129706742,-0.20404800000000003,0.251136,9.825696,0.0,0.0,0.0,0.0,0.00034906585039886593,-0.00017453292519943296,0.0006981317007977319,10.0,13.09,58.2,1,1,100.0,4,-0.005,0.0,0.005,52.648140399999996,9.745525599999999,33.42,32.38,52.648137,9.745532299999999,0.028274333882308142,-0.017627825445142728,4.238706621393429,-0.005,-0.01,-0.015,8.813456e-05,-0.0051393323,-0.0048558717
0 days 00:00:11.110000,-0.0007075659129706742,-0.153036,0.23936400000000002,9.82962,0.0,0.0,0.0,0.0,0.0005235987755982988,-0.0008726646259971648,0.0005235987755982988,10.0,13.09,58.05,1,1,100.0,4,-0.005,0.005,0.005,52.648140399999996,9.745525599999999,33.410000000000004,32.38,52.648137,9.745532299999999,0.028274333882308142,-0.017627825445142728,4.238706621393429,-0.015,-0.005,-0.005,0.005087358,-0.0051368405,-0.0047677727
0 days 00:00:11.120000,-0.0007075659129706742,-0.08240400000000002,0.27075600000000005,9.821772000000001,0.0,0.0,0.0,0.0,0.0,-0.00017453292519943296,0.00017453292519943296,10.0,13.09,57.89999999999999,1,1,100.0,4,-0.005,0.005,0.005,52.648140399999996,9.745525599999999,33.410000000000004,32.38,52.648137,9.745532299999999,0.028274333882308142,-0.017627825445142728,4.238706621393429,-0.015,-0.005,-0.005,0.005087358,-0.0051368405,-0.0047677727
0 days 00:00:11.130000,-0.0007075659129706742,-0.10594800000000001,0.27468000000000004,9.813924,0.0,0.0,0.0,0.0,-0.0005235987755982988,-0.0005235987755982988,0.00017453292519943296,10.0,13.09,57.89999999999999,1,1,100.0,4,-0.005,0.01,0.005,52.648140399999996,9.745525599999999,33.410000000000004,32.38,52.648137,9.745532299999999,0.028274333882308142,-0.017627825445142728,4.238706621393429,-0.015,-0.005,-0.005,0.010086581,-0.005134349,-0.0046796734
0 days 00:00:11.140000,-0.0007075659129706742,-0.12164400000000002,0.28252800000000006,9.774684,0.0,0.0,0.0,0.0,-0.0005235987755982988,-0.0012217304763960308,0.00034906585039886593,10.0,13.09,57.89999999999999,1,1,100.0,4,-0.005,0.01,0.005,52.648140399999996,9.745525599999999,33.410000000000004,32.38,52.648137,9.745532299999999,0.028274333882308142,-0.017627825445142728,4.238706621393429,-0.015,-0.005,-0.005,0.010086581,-0.005134349,-0.0046796734
0 days 00:00:11.150000,-0.0007075659129706742,-0.07063200000000001,0.30999600000000005,9.774684,0.0,0.0,0.0,0.0,-0.0008726646259971648,0.0008726646259971648,0.0,10.0,13.09,57.89999999999999,1,1,100.0,4,-0.005,0.01,0.005,52.648140399999996,9.745525599999999,33.410000000000004,32.38,52.648137,9.745532299999999,0.028274333882308142,-0.017627825445142728,4.238706621393429,-0.015,-0.005,-0.005,0.010086581,-0.005134349,-0.0046796734
0 days 00:00:11.160000,-0.0007075659129706742,-0.18835200000000002,0.278604,9.766836000000001,0.0,0.0,0.0,0.0,-0.0005235987755982988,0.0008726646259971648,0.00034906585039886593,0.0,13.09,57.89999999999999,1,1,100.0,4,-0.01,0.0,0.005,52.6481405,9.7455254,33.42,32.38,52.648137,9.745532299999999,0.028274333882308142,-0.017627825445142728,4.238706621393429,-0.005,0.02,-0.0,8.813456e-05,-0.010137334,-0.0047145193
0 days 00:00:11.170000,-0.0007075659129706742,-0.184428,0.28252800000000006,9.751140000000001,0.0,0.0,0.0,0.0,-0.0006981317007977319,0.0006981317007977319,0.0,0.0,13.09,57.89999999999999,1,1,100.0,4,-0.01,0.0,0.005,52.6481405,9.7455254,33.42,32.38,52.648137,9.745532299999999,0.028274333882308142,-0.017627825445142728,4.238706621393429,-0.005,0.02,-0.0,8.813456e-05,-0.010137334,-0.0047145193
0 days 00:00:11.180000,-0.0007075659129706742,-0.15696000000000002,0.278604,9.794304,0.0,0.0,0.0,0.0,-0.0005235987755982988,0.0015707963267948967,-0.00017453292519943296,1.0,13.09,57.89999999999999,1,1,100.0,4,-0.01,0.0,0.005,52.6481405,9.7455254,33.42,32.38,52.648137,9.745532299999999,0.028274333882308142,-0.017627825445142728,4.238706621393429,-0.005,0.02,-0.0,8.813456e-05,-0.010137334,-0.0047145193
0 days 00:00:11.190000,-0.0007075659129706742,-0.20797200000000002,0.266832,9.841392,0.0,0.0,0.0,0.0,-0.00017453292519943296,0.0015707963267948967,0.0,1.0,13.09,57.89999999999999,1,1,100.0,4,-0.01,0.0,0.005,52.6481405,9.7455254,33.42,32.38,52.648137,9.745532299999999,0.028274333882308142,-0.017627825445142728,4.238706621393429,-0.005,0.02,-0.0,8.813456e-05,-0.010137334,-0.0047145193
0 days 00:00:11.200000,-0.0007075659129706742,-0.1962,0.27075600000000005,9.821772000000001,0.0,0.0,0.0,0.0,-0.00017453292519943296,0.0005235987755982988,0.00034906585039886593,1.0,13.09,57.89999999999999,1,1,100.0,4,-0.01,0.0,0.005,52.6481405,9.7455254,33.42,32.38,52.648137,9.745532299999999,0.028274333882308142,-0.017627825445142728,4.238706621393429,-0.005,0.02,-0.0,8.813456e-05,-0.010137334,-0.0047145193
0 days 00:00:11.210000,-0.0007075659129706742,-0.13734000000000002,0.266832,9.861012,0.0,0.0,0.0,0.0,0.0,0.0008726646259971648,0.00017453292519943296,1.0,13.09,57.89999999999999,1,1,100.0,4,0.005,-0.005,0.01,52.6481405,9.7455255,33.410000000000004,32.38,52.648137,9.745532299999999,0.028274333882308142,-0.017627825445142728,4.238706621393429,0.025,-0.005,-0.065,-0.004822954,0.004712848,-0.010223902
0 days 00:00:11.220000,-0.0007075659129706742,-0.149112,0.27075600000000005,9.802152000000001,0.0,0.0,0.0,0.0,-0.0005235987755982988,0.00034906585039886593,0.00017453292519943296,0.0,13.09,57.89999999999999,1,1,100.0,4,0.005,-0.005,0.01,52.6481405,9.7455255,33.410000000000004,32.38,52.648137,9.745532299999999,0.028099800957108706,-0.017627825445142728,4.238706621393429,0.025,-0.005,-0.065,-0.004822954,0.004714633,-0.0102230795
0 days 00:00:11.230000,-0.0007075659129706742,-0.15696000000000002,0.251136,9.794304,0.0,0.0,0.0,0.0,-0.0006981317007977319,0.00017453292519943296,0.00034906585039886593,1.0,13.09,57.89999999999999,1,1,100.0,4,0.005,-0.005,0.01,52.6481405,9.7455255,33.410000000000004,32.38,52.648137,9.745532299999999,0.028099800957108706,-0.017627825445142728,4.238706621393429,0.025,-0.005,-0.065,-0.004822954,0.004714633,-0.0102230795
0 days 00:00:11.240000,-0.0007075659129706742,-0.153036,0.24721200000000002,9.778608,0.0,0.0,0.0,0.0,-0.0006981317007977319,0.0,0.00017453292519943296,-1.0,13.09,57.89999999999999,1,1,100.0,4,0.005,0.0,0.01,52.6481405,9.7455255,33.410000000000004,32.38,52.648137,9.745532299999999,0.028099800957108706,-0.017627825445142728,4.238706621393429,0.025,-0.005,-0.065,0.00017626912,0.004717109,-0.010134979
0 days 00:00:11.250000,-0.0007075659129706742,-0.149112,0.24328800000000003,9.794304,0.0,0.0,0.0,0.0,-0.0005235987755982988,0.0005235987755982988,0.00017453292519943296,-1.0,13.09,57.89999999999999,1,1,100.0,4,0.005,0.0,0.01,52.6481405,9.7455255,33.410000000000004,32.38,52.648137,9.745532299999999,0.028099800957108706,-0.017627825445142728,4.238706621393429,0.025,-0.005,-0.065,0.00017626912,0.004717109,-0.010134979
0 days 00:00:11.260000,-0.0007075659129706742,-0.17265600000000003,0.266832,9.770760000000001,0.0,0.0,0.0,0.0,-0.0006981317007977319,0.0,0.0,-2.0,13.09,57.89999999999999,1,1,100.0,4,0.005,-0.005,0.015,52.6481405,9.745525599999999,33.39,32.38,52.648137,9.745532299999999,0.028099800957108706,-0.017627825445142728,4.238706621393429,0.01,0.005,-0.02,-0.0047348193,0.004574174,-0.015220328
0 days 00:00:11.270000,-0.0007075659129706742,-0.149112,0.23936400000000002,9.837468000000001,0.0,0.0,0.0,0.0,-0.00017453292519943296,0.0008726646259971648,-0.00017453292519943296,-2.0,13.09,57.89999999999999,1,1,100.0,4,0.005,-0.005,0.015,52.6481405,9.745525599999999,33.39,32.38,52.648137,9.745532299999999,0.028099800957108706,-0.017627825445142728,4.238706621393429,0.01,0.005,-0.02,-0.0047348193,0.004574174,-0.015220328
0 days 00:00:11.280000,-0.0007075659129706742,-0.192276,0.258984,9.806076000000001,0.0,0.0,0.0,0.0,-0.00034906585039886593,0.0006981317007977319,0.00017453292519943296,-3.0,13.09,57.89999999999999,1,1,100.0,4,0.005,-0.005,0.015,52.6481405,9.745525599999999,33.39,32.38,52.648137,9.745532299999999,0.028099800957108706,-0.017627825445142728,4.238706621393429,0.01,0.005,-0.02,-0.0047348193,0.004574174,-0.015220328
0 days 00:00:11.290000,-0.0007075659129706742,-0.20012400000000002,0.24721200000000002,9.84924,0.0,0.0,0.0,0.0,0.0,0.00017453292519943296,0.00034906585039886593,-3.0,13.09,57.89999999999999,1,1,100.0,4,0.005,-0.005,0.015,52.6481405,9.745525599999999,33.39,32.38,52.648137,9.745532299999999,0.028099800957108706,-0.017627825445142728,4.238706621393429,0.01,0.005,-0.02,-0.0047348193,0.004574174,-0.015220328
0 days 00:00:11.300000,-0.0007075659129706742,-0.20012400000000002,0.266832,9.813924,0.0,0.0,0.0,0.0,-0.00034906585039886593,-0.0005235987755982988,0.00034906585039886593,-4.0,13.09,57.89999999999999,1,1,100.0,4,0.005,-0.005,0.01,52.6481405,9.745525599999999,33.39,32.37,52.648137,9.745532299999999,0.028099800957108706,-0.017627825445142728,4.238706621393429,0.01,0.005,-0.02,-0.004822954,0.004714633,-0.0102230795
0 days 00:00:11.310000,-0.0007075659129706742,-0.20404800000000003,0.251136,9.82962,0.0,0.0,0.0,0.0,-0.00034906585039886593,-0.0006981317007977319,0.0005235987755982988,-4.0,13.09,57.89999999999999,1,1,100.0,4,0.0,-0.005,0.01,52.6481405,9.7455255,33.4,32.37,52.648137,9.745532299999999,0.028099800957108706,-0.017627825445142728,4.238706621393429,0.0,0.0,-0.0,-0.004822954,-0.0002833936,-0.010082599
0 days 00:00:11.320000,-0.0007075659129706742,-0.20012400000000002,0.251136,9.813924,0.0,0.0,0.0,0.0,0.0,-0.0006981317007977319,0.0008726646259971648,-4.0,13.09,57.89999999999999,1,1,100.0,4,0.0,-0.005,0.01,52.6481405,9.7455255,33.4,32.38,52.648137,9.745532299999999,0.028099800957108706,-0.017627825445142728,4.238706621393429,0.0,0.0,-0.0,-0.004822954,-0.0002833936,-0.010082599
0 days 00:00:11.330000,-0.0007075659129706742,-0.16480800000000004,0.24328800000000003,9.813924,0.0,0.0,0.0,0.0,0.00034906585039886593,-0.0005235987755982988,0.0006981317007977319,-5.0,13.09,57.89999999999999,1,1,100.0,4,0.0,-0.005,0.01,52.6481405,9.7455255,33.4,32.38,52.648137,9.745532299999999,0.028099800957108706,-0.017627825445142728,4.238706621393429,0.0,0.0,-0.0,-0.004822954,-0.0002833936,-0.010082599
0 days 00:00:11.340000,-0.0007075659129706742,-0.18835200000000002,0.24328800000000003,9.774684,0.0,0.0,0.0,0.0,0.0005235987755982988,-0.0010471975511965976,0.0010471975511965976,-5.0,13.09,57.89999999999999,1,1,100.0,4,0.0,-0.005,0.01,52.6481405,9.7455255,33.4,32.38,52.648137,9.745532299999999,0.028099800957108706,-0.017627825445142728,4.238706621393429,0.0,0.0,-0.0,-0.004822954,-0.0002833936,-0.010082599
0 days 00:00:11.350000,-0.0007075659129706742,-0.129492,0.266832,9.806076000000001,0.0,0.0,0.0,0.0,0.0006981317007977319,0.0,0.0006981317007977319,-6.0,13.09,57.89999999999999,1,1,100.0,4,0.0,-0.005,0.01,52.6481405,9.7455255,33.4,32.38,52.648137,9.745532299999999,0.028099800957108706,-0.017627825445142728,4.238706621393429,0.0,0.0,-0.0,-0.004822954,-0.0002833936,-0.010082599
0 days 00:00:11.360000,-0.0007075659129706742,-0.192276,0.23936400000000002,9.786456000000001,0.0,0.0,0.0,0.0,0.0008726646259971648,-0.0005235987755982988,0.0005235987755982988,-6.0,13.09,57.89999999999999,1,1,100.0,4,0.01,0.0,0.01,52.6481406,9.7455243,33.57,32.38,52.648137,9.745532299999999,0.028099800957108706,-0.017627825445142728,4.238706621393429,0.015,-0.01,-0.02,0.00017626912,0.009715134,-0.01027546
0 days 00:00:11.370000,-0.0005896382608088951,-0.16873200000000002,0.27075600000000005,9.758988,0.0,0.0,0.0,0.0,0.0005235987755982988,0.0,0.0006981317007977319,-6.0,13.09,57.89999999999999,1,1,100.0,4,0.01,0.0,0.015,52.6481406,9.7455243,33.57,32.38,52.648137,9.745532299999999,0.028099800957108706,-0.017627825445142728,4.238706621393429,0.015,-0.01,-0.02,0.0002644037,0.009574676,-0.01527271
0 days 00:00:11.380000,-0.0005896382608088951,-0.184428,0.24328800000000003,9.864936,0.0,0.0,0.0,0.0,0.0005235987755982988,0.0012217304763960308,0.0005235987755982988,-6.0,13.09,57.89999999999999,1,1,100.0,4,0.005,0.0,0.01,52.6481406,9.7455243,33.57,32.38,52.648137,9.745532299999999,0.028099800957108706,-0.017627825445142728,4.238706621393429,0.015,-0.01,-0.02,0.00017626912,0.004717109,-0.010134979
0 days 00:00:11.390000,-0.0005896382608088951,-0.231516,0.27075600000000005,9.755064,0.0,0.0,0.0,0.0,0.00017453292519943296,-0.0015707963267948967,0.0005235987755982988,-6.0,13.09,57.89999999999999,1,1,100.0,4,0.005,-0.005,0.01,52.6481406,9.7455243,33.57,32.38,52.648137,9.745532299999999,0.028099800957108706,-0.017627825445142728,4.238706621393429,0.015,-0.01,-0.02,-0.004822954,0.004714633,-0.0102230795
0 days 00:00:11.400000,-0.0005896382608088951,-0.09417600000000001,0.26290800000000003,9.86886,0.0,0.0,0.0,0.0,0.00017453292519943296,0.0020943951023931952,0.00017453292519943296,-6.0,13.09,57.89999999999999,1,1,100.0,4,0.005,0.0,0.01,52.6481406,9.7455243,33.57,32.38,52.648137,9.745532299999999,0.028099800957108706,-0.017627825445142728,4.238706621393429,0.015,-0.01,-0.02,0.00017626912,0.004717109,-0.010134979
0 days 00:00:11.410000,-0.0005896382608088951,-0.278604,0.25506,9.786456000000001,0.0,0.0,0.0,0.0,0.00034906585039886593,-0.0010471975511965976,0.0005235987755982988,-6.0,13.09,57.89999999999999,1,1,100.0,4,0.015,-0.015,0.015,52.6481406,9.7455243,33.56,32.38,52.648137,9.745532299999999,0.028099800957108706,-0.017627825445142728,4.238706621393429,0.03,0.015,-0.025,-0.014733265,0.014565273,-0.01567749
0 days 00:00:11.420000,-0.0005896382608088951,-0.13734000000000002,0.27075600000000005,9.798228,0.0,0.0,0.0,0.0,0.0005235987755982988,-0.00034906585039886593,0.0005235987755982988,-6.0,13.09,57.89999999999999,1,1,100.0,4,0.015,-0.015,0.015,52.6481406,9.7455243,33.56,32.38,52.648137,9.745532299999999,0.028099800957108706,-0.017627825445142728,4.238706621393429,0.03,0.015,-0.025,-0.014733265,0.014565273,-0.01567749
0 days 00:00:11.430000,-0.0005896382608088951,-0.14126400000000003,0.26290800000000003,9.794304,0.0,0.0,0.0,0.0,0.00034906585039886593,0.00034906585039886593,0.00017453292519943296,-6.0,13.09,57.89999999999999,1,1,100.0,4,0.015,-0.015,0.015,52.6481406,9.7455243,33.56,32.38,52.648137,9.745532299999999,0.028099800957108706,-0.017627825445142728,4.238706621393429,0.03,0.015,-0.025,-0.014733265,0.014565273,-0.01567749
0 days 00:00:11.440000,-0.0005896382608088951,-0.17265600000000003,0.290376,9.79038,0.0,0.0,0.0,0.0,0.00034906585039886593,-0.00034906585039886593,0.00017453292519943296,-6.0,13.09,57.89999999999999,1,1,100.0,4,0.015,-0.015,0.015,52.6481406,9.7455243,33.56,32.38,52.648137,9.745532299999999,0.028099800957108706,-0.017627825445142728,4.238706621393429,0.03,0.015,-0.025,-0.014733265,0.014565273,-0.01567749
0 days 00:00:11.450000,-0.0004717106086471161,-0.133416,0.258984,9.770760000000001,0.0,0.0,0.0,0.0,0.00017453292519943296,-0.00017453292519943296,0.00034906585039886593,-3.0,13.09,57.74999999999999,1,1,100.0,4,0.015,-0.01,0.015,52.6481406,9.7455243,33.56,32.37,52.648137,9.745532299999999,0.028099800957108706,-0.017627825445142728,4.238706621393429,0.03,0.015,-0.025,-0.009734043,0.01456775,-0.015589389
0 days 00:00:11.460000,-0.0004717106086471161,-0.090252,0.27468000000000004,9.821772000000001,0.0,0.0,0.0,0.0,0.0005235987755982988,0.0010471975511965976,0.0,-1.0,13.09,57.599999999999994,1,1,100.0,4,0.005,0.0,0.01,52.6481406,9.7455242,33.57,32.37,52.648137,9.745532299999999,0.028274333882308142,-0.017627825445142728,4.238706621393429,-0.02,-0.015,0.015,0.00017626912,0.0047153397,-0.010135802
0 days 00:00:11.470000,-0.0004717106086471161,-0.16873200000000002,0.278604,9.802152000000001,0.0,0.0,0.0,0.0,0.00017453292519943296,0.00017453292519943296,0.00034906585039886593,-1.0,13.09,57.599999999999994,1,1,100.0,4,0.0,0.0,0.01,52.6481406,9.7455242,33.57,32.38,52.648137,9.745532299999999,0.028274333882308142,-0.017627825445142728,4.238706621393429,-0.02,-0.015,0.015,0.00017626912,-0.00028266173,-0.009994449
0 days 00:00:11.480000,-0.0004717106086471161,-0.129492,0.28645200000000004,9.813924,0.0,0.0,0.0,0.0,0.00017453292519943296,0.0006981317007977319,0.0,-1.0,13.09,57.599999999999994,1,1,100.0,4,0.005,0.0,0.01,52.6481406,9.7455242,33.57,32.38,52.648137,9.745532299999999,0.028274333882308142,-0.017627825445142728,4.238706621393429,-0.02,-0.015,0.015,0.00017626912,0.0047153397,-0.010135802
0 days 00:00:11.490000,-0.0003537829564853371,-0.16873200000000002,0.27468000000000004,9.82962,0.0,0.0,0.0,0.0,0.00017453292519943296,0.0005235987755982988,0.0,-1.0,13.09,57.599999999999994,1,1,100.0,4,0.005,0.0,0.01,52.6481406,9.7455242,33.57,32.38,52.648137,9.745532299999999,0.028274333882308142,-0.017627825445142728,4.238706621393429,-0.02,-0.015,0.015,0.00017626912,0.0047153397,-0.010135802
0 days 00:00:11.500000,-0.0003537829564853371,-0.16088400000000003,0.278604,9.802152000000001,0.0,0.0,0.0,0.0,0.0,0.0,0.0,-1.0,13.09,57.599999999999994,1,1,100.0,4,0.005,0.0,0.01,52.6481406,9.7455242,33.57,32.38,52.648137,9.745532299999999,0.028274333882308142,-0.017627825445142728,4.238706621393429,-0.02,-0.015,0.015,0.00017626912,0.0047153397,-0.010135802
0 days 00:00:11.510000,-0.00023585530432355804,-0.14126400000000003,0.258984,9.845316,0.0,0.0,0.0,0.0,0.00017453292519943296,0.0010471975511965976,0.00017453292519943296,-1.0,13.09,57.599999999999994,1,1,100.0,4,-0.005,0.005,0.005,52.6481406,9.7455242,33.57,32.38,52.648137,9.745532299999999,0.028274333882308142,-0.01780235837034216,4.238706621393429,-0.01,0.0,0.02,0.0050882148,-0.0051368154,-0.004766885
0 days 00:00:11.520000,-0.00023585530432355804,-0.20797200000000002,0.28645200000000004,9.762912000000002,0.0,0.0,0.0,0.0,-0.00017453292519943296,-0.0008726646259971648,0.00034906585039886593,-1.0,13.09,57.599999999999994,1,1,100.0,4,-0.005,0.005,0.005,52.6481406,9.7455242,33.57,32.38,52.648137,9.745532299999999,0.028274333882308142,-0.01780235837034216,4.238706621393429,-0.01,0.0,0.02,0.0050882148,-0.0051368154,-0.004766885
0 days 00:00:11.530000,-0.00011792765216177902,-0.12164400000000002,0.29430000000000006,9.806076000000001,0.0,0.0,0.0,0.0,-0.00034906585039886593,0.0006981317007977319,0.00017453292519943296,-1.0,13.09,57.599999999999994,1,1,100.0,4,-0.005,0.005,0.005,52.6481406,9.7455242,33.57,32.38,52.648137,9.745532299999999,0.028274333882308142,-0.01780235837034216,4.238706621393429,-0.01,0.0,0.02,0.0050882148,-0.0051368154,-0.004766885
0 days 00:00:11.540000,0.0,-0.16480800000000004,0.266832,9.798228,0.0,0.0,0.0,0.0,-0.00017453292519943296,0.0006981317007977319,0.00034906585039886593,-1.0,13.09,57.599999999999994,1,1,100.0,4,-0.005,0.005,0.005,52.6481406,9.7455242,33.57,32.38,52.648137,9.745532299999999,0.028274333882308142,-0.01780235837034216,4.238706621393429,-0.01,0.0,0.02,0.0050882148,-0.0051368154,-0.004766885
0 days 00:00:11.550000,0.0,-0.17658000000000004,0.278604,9.81,0.0,0.0,0.0,0.0,-0.00034906585039886593,0.0006981317007977319,0.0005235987755982988,-1.0,13.09,57.599999999999994,1,1,100.0,4,-0.005,0.005,0.005,52.6481406,9.7455242,33.57,32.38,52.648137,9.745532299999999,0.028274333882308142,-0.01780235837034216,4.238706621393429,-0.01,0.0,0.02,0.0050882148,-0.0051368154,-0.004766885
0 days 00:00:11.560000,0.00011792765216177902,-0.17658000000000004,0.27075600000000005,9.794304,0.0,0.0,0.0,0.0,-0.00034906585039886593,-0.00017453292519943296,0.00034906585039886593,-1.0,13.09,57.599999999999994,1,1,100.0,4,-0.01,0.005,0.01,52.64814,9.745522,33.660000000000004,32.38,52.648137,9.745532299999999,0.028274333882308142,-0.01780235837034216,4.238706621393429,-0.015,0.005,-0.015,0.005177222,-0.010276147,-0.0096227415
0 days 00:00:11.570000,0.00023585530432355804,-0.145188,0.266832,9.833544,0.0,0.0,0.0,0.0,-0.00017453292519943296,0.0005235987755982988,0.0005235987755982988,-1.0,13.09,57.599999999999994,1,1,100.0,4,-0.01,0.005,0.005,52.64814,9.745522,33.660000000000004,32.38,52.648137,9.745532299999999,0.028274333882308142,-0.01780235837034216,4.238706621393429,-0.015,0.005,-0.015,0.0050882148,-0.010134816,-0.0046255323
0 days 00:00:11.580000,0.0003537829564853371,-0.18835200000000002,0.278604,9.794304,0.0,0.0,0.0,0.0,-0.00017453292519943296,-0.00017453292519943296,0.00034906585039886593,-1.0,13.09,57.599999999999994,1,1,100.0,4,-0.01,0.005,0.01,52.64814,9.745522,33.660000000000004,32.38,52.648137,9.745532299999999,0.028274333882308142,-0.01780235837034216,4.238706621393429,-0.015,0.005,-0.015,0.005177222,-0.010276147,-0.0096227415
0 days 00:00:11.590000,0.0004717106086471161,-0.17265600000000003,0.278604,9.813924,0.0,0.0,0.0,0.0,-0.00017453292519943296,0.00017453292519943296,0.0005235987755982988,-1.0,13.09,57.599999999999994,1,1,100.0,4,-0.01,0.005,0.01,52.64814,9.745522,33.660000000000004,32.38,52.648137,9.745532299999999,0.028274333882308142,-0.01780235837034216,4.238706621393429,-0.015,0.005,-0.015,0.005177222,-0.010276147,-0.0096227415
0 days 00:00:11.600000,0.0005896382608088951,-0.180504,0.27468000000000004,9.806076000000001,0.0,0.0,0.0,0.0,-0.0005235987755982988,0.0006981317007977319,0.0006981317007977319,-1.0,13.09,57.599999999999994,1,1,100.0,4,-0.01,0.005,0.01,52.64814,9.745522,33.660000000000004,32.38,52.648137,9.745532299999999,0.028274333882308142,-0.01780235837034216,4.238706621393429,-0.015,0.005,-0.015,0.005177222,-0.010276147,-0.0096227415
0 days 00:00:11.610000,0.0007075659129706742,-0.20012400000000002,0.251136,9.79038,0.0,0.0,0.0,0.0,-0.00017453292519943296,-0.00017453292519943296,0.0006981317007977319,-1.0,13.09,57.599999999999994,1,1,100.0,4,0.0,0.005,0.015,52.64814,9.745522099999999,33.660000000000004,32.38,52.648137,9.745532299999999,0.028274333882308142,-0.01780235837034216,4.238706621393429,0.005,-0.01,-0.07,0.005266229,-0.000421475,-0.014902657
0 days 00:00:11.620000,0.000825493565132453,-0.15696000000000002,0.278604,9.782532000000002,0.0,0.0,0.0,0.0,-0.0005235987755982988,0.0005235987755982988,0.0006981317007977319,-1.0,13.09,57.599999999999994,1,1,100.0,4,0.0,0.005,0.015,52.64814,9.745522099999999,33.660000000000004,32.38,52.648137,9.745532299999999,0.028274333882308142,-0.01780235837034216,4.238706621393429,0.005,-0.01,-0.07,0.005266229,-0.000421475,-0.014902657
0 days 00:00:11.630000,0.000825493565132453,-0.180504,0.266832,9.821772000000001,0.0,0.0,0.0,0.0,-0.00034906585039886593,0.0006981317007977319,0.0005235987755982988,-1.0,13.09,57.599999999999994,1,1,100.0,4,0.0,0.005,0.015,52.64814,9.745522099999999,33.660000000000004,32.38,52.648137,9.745532299999999,0.028274333882308142,-0.01780235837034216,4.238706621393429,0.005,-0.01,-0.07,0.005266229,-0.000421475,-0.014902657
0 days 00:00:11.640000,0.0009434212172942321,-0.21582000000000004,0.25506,9.794304,0.0,0.0,0.0,0.0,-0.00017453292519943296,-0.00017453292519943296,0.0006981317007977319,0.0,13.09,57.599999999999994,1,1,100.0,4,0.0,0.005,0.015,52.64814,9.745522099999999,33.660000000000004,32.38,52.648137,9.745532299999999,0.028274333882308142,-0.01780235837034216,4.238706621393429,0.005,-0.01,-0.07,0.005266229,-0.000421475,-0.014902657
0 days 00:00:11.650000,0.0009434212172942321,-0.16088400000000003,0.266832,9.806076000000001,0.0,0.0,0.0,0.0,-0.0005235987755982988,0.0006981317007977319,0.0005235987755982988,0.0,13.09,57.599999999999994,1,1,100.0,4,0.0,0.005,0.015,52.64814,9.745522099999999,33.660000000000004,32.38,52.648137,9.745532299999999,0.028274333882308142,-0.01780235837034216,4.238706621393429,0.005,-0.01,-0.07,0.005266229,-0.000421475,-0.014902657
0 days 00:00:11.660000,0.0009434212172942321,-0.18835200000000002,0.24721200000000002,9.825696,0.0,0.0,0.0,0.0,-0.00034906585039886593,0.00034906585039886593,0.0005235987755982988,0.0,13.09,57.599999999999994,1,1,100.0,4,0.005,0.005,0.015,52.6481399,9.745522099999999,33.660000000000004,32.38,52.648137,9.745532299999999,0.028099800957108706,-0.01780235837034216,4.238706621393429,0.005,-0.02,-0.02,0.005266229,0.0045791524,-0.015043211
0 days 00:00:11.670000,0.0010613488694560112,-0.1962,0.27468000000000004,9.782532000000002,0.0,0.0,0.0,0.0,-0.0008726646259971648,-0.0005235987755982988,0.0005235987755982988,0.0,13.09,57.599999999999994,1,1,100.0,4,0.005,0.005,0.015,52.6481399,9.745522099999999,33.660000000000004,32.38,52.648137,9.745532299999999,0.028099800957108706,-0.01780235837034216,4.238706621393429,0.005,-0.02,-0.02,0.005266229,0.0045791524,-0.015043211
0 days 00:00:11.680000,0.0010613488694560112,-0.13734000000000002,0.26290800000000003,9.813924,0.0,0.0,0.0,0.0,-0.0008726646259971648,0.0006981317007977319,0.00034906585039886593,0.0,13.09,57.599999999999994,1,1,100.0,4,0.005,0.005,0.015,52.6481399,9.745522099999999,33.660000000000004,32.37,52.648137,9.745532299999999,0.028099800957108706,-0.01780235837034216,4.238706621393429,0.005,-0.02,-0.02,0.005266229,0.0045791524,-0.015043211
0 days 00:00:11.690000,0.0010613488694560112,-0.20797200000000002,0.24721200000000002,9.82962,0.0,0.0,0.0,0.0,-0.0005235987755982988,0.00017453292519943296,0.00034906585039886593,0.0,13.09,57.599999999999994,1,1,100.0,4,0.005,0.005,0.015,52.6481399,9.745522099999999,33.660000000000004,32.38,52.648137,9.745532299999999,0.028099800957108706,-0.01780235837034216,4.238706621393429,0.005,-0.02,-0.02,0.005266229,0.0045791524,-0.015043211
0 days 00:00:11.700000,0.0010613488694560112,-0.184428,0.26290800000000003,9.755064,0.0,0.0,0.0,0.0,-0.0008726646259971648,-0.0013962634015954637,0.00034906585039886593,0.0,13.09,57.599999999999994,1,1,100.0,4,0.005,0.005,0.015,52.6481399,9.745522099999999,33.660000000000004,32.38,52.648137,9.745532299999999,0.028099800957108706,-0.01780235837034216,4.238706621393429,0.005,-0.02,-0.02,0.005266229,0.0045791524,-0.015043211
0 days 00:00:11.710000,0.0010613488694560112,-0.125568,0.24328800000000003,9.861012,0.0,0.0,0.0,0.0,-0.00017453292519943296,0.0012217304763960308,0.0005235987755982988,0.0,13.09,57.599999999999994,1,1,100.0,4,0.0,0.005,0.01,52.6481399,9.745522,33.67,32.38,52.648137,9.745532299999999,0.028099800957108706,-0.01780235837034216,4.238706621393429,-0.005,0.0,0.005,0.005177222,-0.00027841577,-0.009905497
0 days 00:00:11.720000,0.0010613488694560112,-0.22759200000000002,0.258984,9.758988,0.0,0.0,0.0,0.0,-0.0005235987755982988,-0.0008726646259971648,0.00034906585039886593,0.0,13.09,57.599999999999994,1,1,100.0,4,0.0,0.005,0.01,52.6481399,9.745522,33.67,32.38,52.648137,9.745532299999999,0.028099800957108706,-0.01780235837034216,4.238706621393429,-0.005,0.0,0.005,0.005177222,-0.00027841577,-0.009905497
0 days 00:00:11.730000,0.0010613488694560112,-0.13734000000000002,0.25506,9.817848000000001,0.0,0.0,0.0,0.0,0.0,-0.00017453292519943296,0.00034906585039886593,0.0,13.09,57.599999999999994,1,1,100.0,4,0.0,0.005,0.01,52.6481399,9.745522,33.67,32.38,52.648137,9.745532299999999,0.028099800957108706,-0.01780235837034216,4.238706621393429,-0.005,0.0,0.005,0.005177222,-0.00027841577,-0.009905497
0 days 00:00:11.740000,0.0010613488694560112,-0.17658000000000004,0.24328800000000003,9.82962,0.0,0.0,0.0,0.0,0.0,0.00034906585039886593,0.0005235987755982988,1.0,13.09,57.599999999999994,1,1,100.0,4,0.0,0.005,0.01,52.6481399,9.745522,33.67,32.38,52.648137,9.745532299999999,0.028099800957108706,-0.01780235837034216,4.238706621393429,-0.005,0.0,0.005,0.005177222,-0.00027841577,-0.009905497
0 days 00:00:11.750000,0.0010613488694560112,-0.192276,0.251136,9.79038,0.0,0.0,0.0,0.0,0.0,-0.0010471975511965976,0.00017453292519943296,1.0,13.09,57.599999999999994,1,1,100.0,4,0.0,0.005,0.01,52.6481399,9.745522,33.67,32.37,52.648137,9.745532299999999,0.028099800957108706,-0.01780235837034216,4.238706621393429,-0.005,0.0,0.005,0.005177222,-0.00027841577,-0.009905497
0 days 00:00:11.760000,0.0010613488694560112,-0.153036,0.266832,9.821772000000001,0.0,0.0,0.0,0.0,0.00017453292519943296,-0.00034906585039886593,0.00017453292519943296,1.0,13.09,57.599999999999994,1,1,100.0,4,0.0,-0.005,0.01,52.6481399,9.745521199999999,33.81,32.37,52.648137,9.745532299999999,0.028099800957108706,-0.017627825445142728,4.238706621393429,0.01,0.03,0.025,-0.004822954,-0.0002833936,-0.010082599
0 days 00:00:11.770000,0.0010613488694560112,-0.180504,0.24721200000000002,9.794304,0.0,0.0,0.0,0.0,0.00034906585039886593,-0.00034906585039886593,0.00017453292519943296,1.0,13.09,57.599999999999994,1,1,100.0,4,0.0,-0.005,0.01,52.6481399,9.745521199999999,33.81,32.38,52.648137,9.745532299999999,0.028099800957108706,-0.017627825445142728,4.238706621393429,0.01,0.03,0.025,-0.004822954,-0.0002833936,-0.010082599
0 days 00:00:11.780000,0.0010613488694560112,-0.16088400000000003,0.25506,9.81,0.0,0.0,0.0,0.0,0.0,-0.00017453292519943296,0.00017453292519943296,1.0,13.09,57.599999999999994,1,1,100.0,4,0.0,-0.005,0.01,52.6481399,9.745521199999999,33.81,32.38,52.648137,9.745532299999999,0.028099800957108706,-0.017627825445142728,4.238706621393429,0.01,0.03,0.025,-0.004822954,-0.0002833936,-0.010082599
0 days 00:00:11.790000,0.0010613488694560112,-0.17658000000000004,0.23544,9.81,0.0,0.0,0.0,0.0,0.0006981317007977319,-0.0008726646259971648,0.00034906585039886593,0.0,13.09,57.449999999999996,1,1,100.0,4,0.0,-0.005,0.01,52.6481399,9.745521199999999,33.81,32.38,52.648137,9.745532299999999,0.028099800957108706,-0.017627825445142728,4.238706621393429,0.01,0.03,0.025,-0.004822954,-0.0002833936,-0.010082599
0 days 00:00:11.800000,0.0010613488694560112,-0.14126400000000003,0.27075600000000005,9.79038,0.0,0.0,0.0,0.0,0.00017453292519943296,0.0,0.00034906585039886593,0.0,13.09,57.3,1,1,100.0,4,0.0,-0.005,0.01,52.6481399,9.745521199999999,33.81,32.38,52.648137,9.745532299999999,0.028099800957108706,-0.017627825445142728,4.238706621393429,0.01,0.03,0.025,-0.004822954,-0.0002833936,-0.010082599
0 days 00:00:11.810000,0.0010613488694560112,-0.153036,0.26290800000000003,9.786456000000001,0.0,0.0,0.0,0.0,-0.00017453292519943296,0.0,0.00017453292519943296,0.0,13.09,57.3,1,1,100.0,4,0.01,-0.015,0.01,52.6481399,9.745521199999999,33.81,32.38,52.648137,9.745532299999999,0.028099800957108706,-0.017627825445142728,4.238706621393429,0.03,0.01,-0.045,-0.014821399,0.009707706,-0.010539759
0 days 00:00:11.820000,0.0010613488694560112,-0.16873200000000002,0.258984,9.806076000000001,0.0,0.0,0.0,0.0,0.00017453292519943296,-0.00034906585039886593,0.00034906585039886593,0.0,13.09,57.3,1,1,100.0,4,0.01,-0.01,0.01,52.6481399,9.745521199999999,33.81,32.38,52.648137,9.745532299999999,0.028099800957108706,-0.017627825445142728,4.238706621393429,0.03,0.01,-0.045,-0.009822177,0.009710182,-0.01045166
0 days 00:00:11.830000,0.0010613488694560112,-0.125568,0.25506,9.817848000000001,0.0,0.0,0.0,0.0,0.00017453292519943296,0.0006981317007977319,0.00017453292519943296,0.0,13.09,57.3,1,1,100.0,4,0.01,-0.01,0.01,52.6481399,9.745521199999999,33.81,32.38,52.648137,9.745532299999999,0.028099800957108706,-0.017627825445142728,4.238706621393429,0.03,0.01,-0.045,-0.009822177,0.009710182,-0.01045166
0 days 00:00:11.840000,0.0010613488694560112,-0.180504,0.25506,9.802152000000001,0.0,0.0,0.0,0.0,0.0,-0.00034906585039886593,0.0005235987755982988,0.0,13.09,57.3,1,1,100.0,4,0.005,-0.01,0.01,52.6481399,9.745521199999999,33.81,32.38,52.648137,9.745532299999999,0.028099800957108706,-0.017627825445142728,4.238706621393429,0.03,0.01,-0.045,-0.009822177,0.0047121565,-0.010311179
0 days 00:00:11.850000,0.0010613488694560112,-0.149112,0.27075600000000005,9.802152000000001,0.0,0.0,0.0,0.0,0.00034906585039886593,-0.0005235987755982988,0.00034906585039886593,0.0,13.09,57.3,1,1,100.0,4,0.005,-0.01,0.01,52.6481399,9.745521199999999,33.81,32.38,52.648137,9.745532299999999,0.028099800957108706,-0.017627825445142728,4.238706621393429,0.03,0.01,-0.045,-0.009822177,0.0047121565,-0.010311179
0 days 00:00:11.860000,0.0010613488694560112,-0.13734000000000002,0.258984,9.82962,0.0,0.0,0.0,0.0,0.0005235987755982988,0.0006981317007977319,0.0005235987755982988,0.0,13.09,57.3,1,1,100.0,4,0.005,-0.01,0.015,52.6481399,9.745521199999999,33.81,32.38,52.648137,9.745532299999999,0.028099800957108706,-0.017627825445142728,4.238706621393429,0.005,0.005,-0.035,-0.009734043,0.0045716977,-0.015308429
0 days 00:00:11.870000,0.0010613488694560112,-0.184428,0.258984,9.786456000000001,0.0,0.0,0.0,0.0,0.00034906585039886593,0.0,0.0005235987755982988,0.0,13.09,57.3,1,1,100.0,4,0.005,-0.01,0.015,52.6481399,9.745521199999999,33.81,32.38,52.648137,9.745532299999999,0.028099800957108706,-0.017627825445142728,4.238706621393429,0.005,0.005,-0.035,-0.009734043,0.0045716977,-0.015308429
0 days 00:00:11.880000,0.0010613488694560112,-0.145188,0.26290800000000003,9.79038,0.0,0.0,0.0,0.0,0.0005235987755982988,-0.00034906585039886593,0.00034906585039886593,0.0,13.09,57.3,1,1,100.0,4,0.005,-0.01,0.015,52.6481399,9.745521199999999,33.81,32.38,52.648137,9.745532299999999,0.028099800957108706,-0.017627825445142728,4.238706621393429,0.005,0.005,-0.035,-0.009734043,0.0045716977,-0.015308429
0 days 00:00:11.890000,0.0010613488694560112,-0.15696000000000002,0.28645200000000004,9.798228,0.0,0.0,0.0,0.0,0.0,0.0008726646259971648,0.0006981317007977319,0.0,13.09,57.3,1,1,100.0,4,0.005,-0.005,0.015,52.6481399,9.745521199999999,33.81,32.38,52.648137,9.745532299999999,0.028099800957108706,-0.017627825445142728,4.238706621393429,0.005,0.005,-0.035,-0.0047348193,0.004574174,-0.015220328
0 days 00:00:11.900000,0.0010613488694560112,-0.18835200000000002,0.27468000000000004,9.798228,0.0,0.0,0.0,0.0,0.0006981317007977319,-0.0008726646259971648,0.00034906585039886593,0.0,13.09,57.3,1,1,100.0,4,0.005,-0.01,0.015,52.6481399,9.745521199999999,33.81,32.37,52.648137,9.745532299999999,0.028099800957108706,-0.017627825445142728,4.238706621393429,0.005,0.005,-0.035,-0.009734043,0.0045716977,-0.015308429
0 days 00:00:11.910000,0.0010613488694560112,-0.12164400000000002,0.28252800000000006,9.821772000000001,0.0,0.0,0.0,0.0,0.0005235987755982988,0.0008726646259971648,0.00034906585039886593,0.0,13.09,57.3,1,1,100.0,4,0.0,-0.005,0.01,52.6481399,9.745521199999999,33.81,32.37,52.648137,9.745532299999999,0.028099800957108706,-0.017627825445142728,4.238706621393429,-0.005,0.005,0.01,-0.004822954,-0.0002833936,-0.010082599
0 days 00:00:11.920000,0.0010613488694560112,-0.1962,0.258984,9.794304,0.0,0.0,0.0,0.0,0.00034906585039886593,0.00034906585039886593,0.0006981317007977319,0.0,13.09,57.3,1,1,100.0,4,0.0,-0.005,0.01,52.6481399,9.745521199999999,33.81,32.38,52.648137,9.745532299999999,0.028099800957108706,-0.017627825445142728,4.238706621393429,-0.005,0.005,0.01,-0.004822954,-0.0002833936,-0.010082599
0 days 00:00:11.930000,0.0010613488694560112,-0.16873200000000002,0.27468000000000004,9.794304,0.0,0.0,0.0,0.0,0.00017453292519943296,0.00017453292519943296,0.0008726646259971648,0.0,13.09,57.3,1,1,100.0,4,0.0,-0.005,0.01,52.6481399,9.745521199999999,33.81,32.38,52.648137,9.745532299999999,0.028274333882308142,-0.017627825445142728,4.238706621393429,-0.005,0.005,0.01,-0.004822954,-0.00028515336,-0.0100825485
0 days 00:00:11.940000,0.0010613488694560112,-0.16480800000000004,0.278604,9.821772000000001,0.0,0.0,0.0,0.0,0.00017453292519943296,0.0006981317007977319,0.0006981317007977319,0.0,13.09,57.3,1,1,100.0,4,0.0,-0.005,0.01,52.6481399,9.745521199999999,33.81,32.38,52.648137,9.745532299999999,0.028274333882308142,-0.01780235837034216,4.238706621393429,-0.005,0.005,0.01,-0.0048211934,-0.00028517714,-0.01008339
0 days 00:00:11.950000,0.0010613488694560112,-0.184428,0.290376,9.782532000000002,0.0,0.0,0.0,0.0,-0.00017453292519943296,-0.00017453292519943296,0.0005235987755982988,0.0,13.09,57.3,1,1,100.0,4,0.0,-0.005,0.01,52.6481399,9.745521199999999,33.81,32.38,52.648137,9.745532299999999,0.028274333882308142,-0.01780235837034216,4.238706621393429,-0.005,0.005,0.01,-0.0048211934,-0.00028517714,-0.01008339
0 days 00:00:11.960000,0.0010613488694560112,-0.17265600000000003,0.278604,9.817848000000001,0.0,0.0,0.0,0.0,-0.00034906585039886593,0.0008726646259971648,0.0005235987755982988,0.0,13.09,57.3,1,1,100.0,4,0.005,-0.005,0.01,52.648139799999996,9.745521199999999,33.81,32.38,52.648137,9.745532299999999,0.028099800957108706,-0.01780235837034216,4.238706621393429,0.01,-0.005,-0.01,-0.0048211934,0.0047146087,-0.010223921
0 days 00:00:11.970000,0.0010613488694560112,-0.18835200000000002,0.27075600000000005,9.802152000000001,0.0,0.0,0.0,0.0,-0.00017453292519943296,-0.00034906585039886593,0.00017453292519943296,0.0,13.09,57.15,1,1,100.0,4,0.005,-0.005,0.01,52.648139799999996,9.745521199999999,33.81,32.38,52.648137,9.745532299999999,0.028099800957108706,-0.01780235837034216,4.238706621393429,0.01,-0.005,-0.01,-0.0048211934,0.0047146087,-0.010223921
0 days 00:00:11.980000,0.0010613488694560112,-0.184428,0.278604,9.806076000000001,0.0,0.0,0.0,0.0,-0.0005235987755982988,0.00017453292519943296,0.0006981317007977319,0.0,13.09,57.0,1,1,100.0,4,0.005,-0.005,0.01,52.648139799999996,9.745521199999999,33.81,32.38,52.648137,9.745532299999999,0.028099800957108706,-0.01780235837034216,4.238706621393429,0.01,-0.005,-0.01,-0.0048211934,0.0047146087,-0.010223921
0 days 00:00:11.990000,0.0010613488694560112,-0.17265600000000003,0.27075600000000005,9.81,0.0,0.0,0.0,0.0,-0.00034906585039886593,0.0,0.0005235987755982988,0.0,13.09,57.0,1,1,100.0,4,0.005,-0.005,0.01,52.648139799999996,9.745521199999999,33.81,32.38,52.648137,9.745532299999999,0.028099800957108706,-0.01780235837034216,4.238706621393429,0.01,-0.005,-0.01,-0.0048211934,0.0047146087,-0.010223921
0 days 00:00:12,0.0010613488694560112,-0.16873200000000002,0.306072,9.802152000000001,0.0,0.0,0.0,0.0,-0.0005235987755982988,0.0,0.00034906585039886593,0.0,13.09,57.0,1,1,100.0,4,0.005,-0.005,0.01,52.648139799999996,9.745521199999999,33.81,32.38,52.648137,9.745532299999999,0.028099800957108706,-0.01780235837034216,4.238706621393429,0.01,-0.005,-0.01,-0.0048211934,0.0047146087,-0.010223921
0 days 00:00:12.010000,0.0011792765216177901,-0.17265600000000003,0.258984,9.821772000000001,0.0,0.0,0.0,0.0,-0.00017453292519943296,0.00017453292519943296,0.0005235987755982988,0.0,13.09,57.15,1,1,100.0,4,0.005,0.0,0.005,52.648139799999996,9.745521199999999,33.82,32.38,52.648137,9.745532299999999,0.028099800957108706,-0.01780235837034216,4.238706621393429,-0.005,-0.01,0.03,8.900708e-05,0.0048575676,-0.0051377146
0 days 00:00:12.020000,0.0011792765216177901,-0.184428,0.28645200000000004,9.798228,0.0,0.0,0.0,0.0,-0.00034906585039886593,0.0,0.00034906585039886593,0.0,13.09,57.3,1,1,100.0,4,0.005,0.0,0.005,52.648139799999996,9.745521199999999,33.82,32.38,52.648137,9.745532299999999,0.028099800957108706,-0.01780235837034216,4.238706621393429,-0.005,-0.01,0.03,8.900708e-05,0.0048575676,-0.0051377146
0 days 00:00:12.030000,0.0011792765216177901,-0.15696000000000002,0.278604,9.825696,0.0,0.0,0.0,0.0,-0.00034906585039886593,0.0,0.00017453292519943296,0.0,13.09,57.15,1,1,100.0,4,0.005,0.0,0.005,52.648139799999996,9.745521199999999,33.82,32.38,52.648137,9.745532299999999,0.028099800957108706,-0.01780235837034216,4.238706621393429,-0.005,-0.01,0.03,8.900708e-05,0.0048575676,-0.0051377146
0 days 00:00:12.040000,0.0011792765216177901,-0.192276,0.27075600000000005,9.798228,0.0,0.0,0.0,0.0,-0.0005235987755982988,0.00017453292519943296,0.0005235987755982988,0.0,13.09,57.0,1,1,100.0,4,0.005,0.0,0.005,52.648139799999996,9.745521199999999,33.82,32.38,52.648137,9.745532299999999,0.028099800957108706,-0.01780235837034216,4.238706621393429,-0.005,-0.01,0.03,8.900708e-05,0.0048575676,-0.0051377146
0 days 00:00:12.050000,0.0011792765216177901,-0.18835200000000002,0.27075600000000005,9.802152000000001,0.0,0.0,0.0,0.0,-0.00034906585039886593,-0.00034906585039886593,0.0005235987755982988,0.0,13.09,57.0,1,1,100.0,4,0.005,0.0,0.005,52.648139799999996,9.745521199999999,33.82,32.38,52.648137,9.745532299999999,0.028099800957108706,-0.01780235837034216,4.238706621393429,-0.005,-0.01,0.03,8.900708e-05,0.0048575676,-0.0051377146
0 days 00:00:12.060000,0.0011792765216177901,-0.149112,0.27075600000000005,9.813924,0.0,0.0,0.0,0.0,-0.0006981317007977319,0.00034906585039886593,0.00017453292519943296,0.0,13.09,57.0,1,1,100.0,4,-0.005,0.005,0.005,52.648139799999996,9.745521199999999,33.81,32.38,52.648137,9.745532299999999,0.028274333882308142,-0.01780235837034216,4.238706621393429,-0.02,-0.005,0.02,0.0050882148,-0.0051368154,-0.004766885
0 days 00:00:12.070000,0.0012972041737795694,-0.18835200000000002,0.258984,9.806076000000001,0.0,0.0,0.0,0.0,-0.0008726646259971648,0.0,0.00034906585039886593,0.0,13.09,57.0,1,1,100.0,4,-0.005,0.005,0.005,52.648139799999996,9.745521199999999,33.81,32.38,52.648137,9.745532299999999,0.028099800957108706,-0.01780235837034216,4.238706621393429,-0.02,-0.005,0.02,0.0050882148,-0.0051359837,-0.0047677816
0 days 00:00:12.080000,0.0012972041737795694,-0.17265600000000003,0.251136,9.821772000000001,0.0,0.0,0.0,0.0,-0.00034906585039886593,-0.0005235987755982988,0.00034906585039886593,0.0,13.09,57.0,1,1,100.0,4,-0.005,0.005,0.005,52.648139799999996,9.745521199999999,33.81,32.38,52.648137,9.745532299999999,0.028099800957108706,-0.01780235837034216,4.238706621393429,-0.02,-0.005,0.02,0.0050882148,-0.0051359837,-0.0047677816
0 days 00:00:12.090000,0.0012972041737795694,-0.15696000000000002,0.28252800000000006,9.794304,0.0,0.0,0.0,0.0,-0.0006981317007977319,0.0,0.00017453292519943296,0.0,13.09,57.0,1,1,100.0,4,-0.005,0.005,0.005,52.648139799999996,9.745521199999999,33.81,32.38,52.648137,9.745532299999999,0.028099800957108706,-0.01780235837034216,4.238706621393429,-0.02,-0.005,0.02,0.0050882148,-0.0051359837,-0.0047677816
0 days 00:00:12.100000,0.0012972041737795694,-0.16873200000000002,0.24721200000000002,9.81,0.0,0.0,0.0,0.0,-0.0006981317007977319,-0.00034906585039886593,0.00034906585039886593,0.0,13.09,57.0,1,1,100.0,4,-0.005,0.005,0.005,52.648139799999996,9.745521199999999,33.81,32.38,52.648137,9.745532299999999,0.028099800957108706,-0.01780235837034216,4.238706621393429,-0.02,-0.005,0.02,0.0050882148,-0.0051359837,-0.0047677816
0 days 00:00:12.110000,0.0012972041737795694,-0.153036,0.266832,9.79038,0.0,0.0,0.0,0.0,-0.0010471975511965976,0.0,0.00017453292519943296,0.0,13.09,57.0,1,1,100.0,4,0.005,-0.005,0.005,52.648139799999996,9.7455214,33.78,32.38,52.648137,9.745532299999999,0.028099800957108706,-0.01780235837034216,4.238706621393429,0.025,0.01,-0.015,-0.004910201,0.004855067,-0.0052266866
0 days 00:00:12.120000,0.0012972041737795694,-0.17265600000000003,0.24721200000000002,9.806076000000001,0.0,0.0,0.0,0.0,-0.0006981317007977319,-0.00034906585039886593,0.00034906585039886593,0.0,13.09,57.0,1,1,100.0,4,0.005,-0.005,0.005,52.648139799999996,9.7455214,33.78,32.38,52.648137,9.745532299999999,0.028099800957108706,-0.01780235837034216,4.238706621393429,0.025,0.01,-0.015,-0.004910201,0.004855067,-0.0052266866
0 days 00:00:12.130000,0.0012972041737795694,-0.153036,0.25506,9.813924,0.0,0.0,0.0,0.0,-0.0005235987755982988,-0.00034906585039886593,0.00034906585039886593,0.0,13.09,57.0,1,1,100.0,4,0.005,-0.005,0.005,52.648139799999996,9.7455214,33.78,32.38,52.648137,9.745532299999999,0.028099800957108706,-0.01780235837034216,4.238706621393429,0.025,0.01,-0.015,-0.004910201,0.004855067,-0.0052266866
0 days 00:00:12.140000,0.0012972041737795694,-0.153036,0.26290800000000003,9.802152000000001,0.0,0.0,0.0,0.0,-0.0005235987755982988,0.0,0.00034906585039886593,0.0,13.09,57.0,1,1,100.0,4,0.005,-0.005,0.005,52.648139799999996,9.7455214,33.78,32.38,52.648137,9.745532299999999,0.028099800957108706,-0.01780235837034216,4.238706621393429,0.025,0.01,-0.015,-0.004910201,0.004855067,-0.0052266866
0 days 00:00:12.150000,0.0012972041737795694,-0.16480800000000004,0.24721200000000002,9.81,0.0,0.0,0.0,0.0,-0.00034906585039886593,0.0,0.0005235987755982988,0.0,13.09,57.0,1,1,100.0,4,0.0,-0.005,0.005,52.648139799999996,9.7455214,33.78,32.38,52.648137,9.745532299999999,0.028099800957108706,-0.01780235837034216,4.238706621393429,0.025,0.01,-0.015,-0.004910201,-0.000142959,-0.0050862064
0 days 00:00:12.160000,0.0012972041737795694,-0.17265600000000003,0.25506,9.798228,0.0,0.0,0.0,0.0,0.0,-0.00034906585039886593,0.00034906585039886593,0.0,13.09,57.0,1,1,100.0,4,-0.005,0.005,0.005,52.6481399,9.745521499999999,33.77,32.38,52.648137,9.745532299999999,0.028099800957108706,-0.01780235837034216,4.238706621393429,-0.02,0.0,-0.0,0.0050882148,-0.0051359837,-0.0047677816
0 days 00:00:12.170000,0.0012972041737795694,-0.14126400000000003,0.251136,9.802152000000001,0.0,0.0,0.0,0.0,0.0,0.00017453292519943296,0.0005235987755982988,0.0,13.09,57.0,1,1,100.0,4,-0.005,0.005,0.005,52.6481399,9.745521499999999,33.77,32.38,52.648137,9.745532299999999,0.028099800957108706,-0.01780235837034216,4.238706621393429,-0.02,0.0,-0.0,0.0050882148,-0.0051359837,-0.0047677816
0 days 00:00:12.180000,0.0012972041737795694,-0.16873200000000002,0.26290800000000003,9.802152000000001,0.0,0.0,0.0,0.0,-0.00017453292519943296,0.00017453292519943296,0.00034906585039886593,0.0,13.09,57.0,1,1,100.0,4,-0.005,0.005,0.005,52.6481399,9.745521499999999,33.77,32.38,52.648137,9.745532299999999,0.028099800957108706,-0.01780235837034216,4.238706621393429,-0.02,0.0,-0.0,0.0050882148,-0.0051359837,-0.0047677816
0 days 00:00:12.190000,0.0012972041737795694,-0.16088400000000003,0.25506,9.798228,0.0,0.0,0.0,0.0,-0.00017453292519943296,-0.00017453292519943296,0.0005235987755982988,0.0,13.09,56.85,1,1,100.0,4,-0.005,0.005,0.005,52.6481399,9.745521499999999,33.77,32.38,52.648137,9.745532299999999,0.028099800957108706,-0.01780235837034216,4.238706621393429,-0.02,0.0,-0.0,0.0050882148,-0.0051359837,-0.0047677816
0 days 00:00:12.200000,0.0012972041737795694,-0.153036,0.24721200000000002,9.79038,0.0,0.0,0.0,0.0,-0.00017453292519943296,0.00034906585039886593,0.0005235987755982988,0.0,13.09,56.7,1,1,100.0,4,-0.01,0.005,0.005,52.6481399,9.745521499999999,33.77,32.38,52.648137,9.745532299999999,0.028099800957108706,-0.01780235837034216,4.238706621393429,-0.02,0.0,-0.0,0.0050882148,-0.01013401,-0.0046273014
0 days 00:00:12.210000,0.0012972041737795694,-0.184428,0.25506,9.813924,0.0,0.0,0.0,0.0,0.0,-0.00017453292519943296,0.0005235987755982988,0.0,13.09,56.7,1,1,100.0,4,0.005,0.0,0.005,52.6481399,9.7455216,33.76,32.38,52.648137,9.745532299999999,0.028099800957108706,-0.01780235837034216,4.238706621393429,0.02,-0.005,-0.015,8.900708e-05,0.0048575676,-0.0051377146
0 days 00:00:12.220000,0.0012972041737795694,-0.145188,0.258984,9.813924,0.0,0.0,0.0,0.0,0.00017453292519943296,0.00017453292519943296,0.00034906585039886593,0.0,13.09,56.7,1,1,100.0,4,0.005,0.0,0.005,52.6481399,9.7455216,33.76,32.38,52.648137,9.745532299999999,0.028099800957108706,-0.01780235837034216,4.238706621393429,0.02,-0.005,-0.015,8.900708e-05,0.0048575676,-0.0051377146
0 days 00:00:12.230000,0.0012972041737795694,-0.17265600000000003,0.25506,9.798228,0.0,0.0,0.0,0.0,0.0,0.0,0.00034906585039886593,0.0,13.09,56.7,1,1,100.0,4,0.005,0.0,0.005,52.6481399,9.7455216,33.76,32.38,52.648137,9.745532299999999,0.028099800957108706,-0.01780235837034216,4.238706621393429,0.02,-0.005,-0.015,8.900708e-05,0.0048575676,-0.0051377146
0 days 00:00:12.240000,0.0012972041737795694,-0.15696000000000002,0.251136,9.794304,0.0,0.0,0.0,0.0,-0.00017453292519943296,0.00034906585039886593,0.00034906585039886593,0.0,13.09,56.7,1,1,100.0,4,0.005,0.0,0.005,52.6481399,9.7455216,33.76,32.38,52.648137,9.745532299999999,0.028099800957108706,-0.01780235837034216,4.238706621393429,0.02,-0.005,-0.015,8.900708e-05,0.0048575676,-0.0051377146
0 days 00:00:12.250000,0.0012972041737795694,-0.184428,0.24721200000000002,9.833544,0.0,0.0,0.0,0.0,0.00034906585039886593,0.00034906585039886593,0.0005235987755982988,0.0,13.09,56.7,1,1,100.0,4,0.005,0.0,0.005,52.6481399,9.7455216,33.76,32.38,52.648137,9.745532299999999,0.028099800957108706,-0.01780235837034216,4.238706621393429,0.02,-0.005,-0.015,8.900708e-05,0.0048575676,-0.0051377146
0 days 00:00:12.260000,0.0012972041737795694,-0.16088400000000003,0.251136,9.774684,0.0,0.0,0.0,0.0,0.0005235987755982988,0.00034906585039886593,0.00017453292519943296,0.0,13.09,56.7,1,1,100.0,4,0.005,0.0,0.01,52.6481399,9.7455216,33.76,32.38,52.648137,9.745532299999999,0.028099800957108706,-0.01780235837034216,4.238706621393429,0.005,-0.005,-0.04,0.00017801416,0.0047171093,-0.010134949
0 days 00:00:12.270000,0.0012972041737795694,-0.180504,0.266832,9.825696,0.0,0.0,0.0,0.0,0.00034906585039886593,0.0008726646259971648,0.00034906585039886593,0.0,13.09,56.7,1,1,100.0,4,0.005,0.0,0.01,52.6481399,9.7455216,33.76,32.38,52.648137,9.745532299999999,0.028099800957108706,-0.01780235837034216,4.238706621393429,0.005,-0.005,-0.04,0.00017801416,0.0047171093,-0.010134949
0 days 00:00:12.280000,0.0012972041737795694,-0.20012400000000002,0.26290800000000003,9.798228,0.0,0.0,0.0,0.0,0.0005235987755982988,-0.0008726646259971648,0.0,0.0,13.09,56.7,1,1,100.0,4,0.005,0.0,0.01,52.6481399,9.7455216,33.76,32.38,52.648137,9.745532299999999,0.028099800957108706,-0.01780235837034216,4.238706621393429,0.005,-0.005,-0.04,0.00017801416,0.0047171093,-0.010134949
0 days 00:00:12.290000,0.0012972041737795694,-0.133416,0.258984,9.81,0.0,0.0,0.0,0.0,0.00017453292519943296,0.0008726646259971648,0.00034906585039886593,0.0,13.09,56.7,1,1,100.0,4,0.005,0.0,0.01,52.6481399,9.7455216,33.76,32.38,52.648137,9.745532299999999,0.028099800957108706,-0.01780235837034216,4.238706621393429,0.005,-0.005,-0.04,0.00017801416,0.0047171093,-0.010134949
0 days 00:00:12.300000,0.0012972041737795694,-0.17658000000000004,0.27075600000000005,9.813924,0.0,0.0,0.0,0.0,0.00017453292519943296,0.0005235987755982988,0.00017453292519943296,0.0,13.09,56.7,1,1,100.0,4,0.005,0.0,0.01,52.6481399,9.7455216,33.76,32.38,52.648137,9.745532299999999,0.028099800957108706,-0.01780235837034216,4.238706621393429,0.005,-0.005,-0.04,0.00017801416,0.0047171093,-0.010134949
0 days 00:00:12.310000,0.0012972041737795694,-0.20797200000000002,0.27075600000000005,9.798228,0.0,0.0,0.0,0.0,0.00034906585039886593,-0.0008726646259971648,0.00017453292519943296,0.0,13.09,56.7,1,1,100.0,4,0.0,-0.005,0.005,52.648139799999996,9.7455216,33.75,32.38,52.648137,9.745532299999999,0.028099800957108706,-0.01780235837034216,4.238706621393429,0.0,0.015,0.035,-0.004910201,-0.000142959,-0.0050862064
0 days 00:00:12.320000,0.0012972041737795694,-0.13734000000000002,0.266832,9.81,0.0,0.0,0.0,0.0,0.00017453292519943296,0.0005235987755982988,0.0,0.0,13.09,56.7,1,1,100.0,4,0.0,-0.005,0.005,52.648139799999996,9.7455216,33.75,32.38,52.648137,9.745532299999999,0.028099800957108706,-0.01780235837034216,4.238706621393429,0.0,0.015,0.035,-0.004910201,-0.000142959,-0.0050862064
0 days 00:00:12.330000,0.0012972041737795694,-0.18835200000000002,0.266832,9.813924,0.0,0.0,0.0,0.0,0.00017453292519943296,0.0006981317007977319,0.00017453292519943296,0.0,13.09,56.55,1,1,100.0,4,0.0,-0.005,0.005,52.648139799999996,9.7455216,33.75,32.38,52.648137,9.745532299999999,0.028099800957108706,-0.01780235837034216,4.238706621393429,0.0,0.015,0.035,-0.004910201,-0.000142959,-0.0050862064
0 days 00:00:12.340000,0.0012972041737795694,-0.20404800000000003,0.27075600000000005,9.806076000000001,0.0,0.0,0.0,0.0,0.0,-0.0006981317007977319,0.00017453292519943296,0.0,13.09,56.39999999999999,1,1,100.0,4,0.0,-0.005,0.005,52.648139799999996,9.7455216,33.75,32.38,52.648137,9.745532299999999,0.028099800957108706,-0.01780235837034216,4.238706621393429,0.0,0.015,0.035,-0.004910201,-0.000142959,-0.0050862064
0 days 00:00:12.350000,0.0012972041737795694,-0.145188,0.27468000000000004,9.806076000000001,0.0,0.0,0.0,0.0,0.0,0.00017453292519943296,0.00017453292519943296,0.0,13.09,56.39999999999999,1,1,100.0,4,0.0,-0.005,0.005,52.648139799999996,9.7455216,33.75,32.38,52.648137,9.745532299999999,0.028099800957108706,-0.01780235837034216,4.238706621393429,0.0,0.015,0.035,-0.004910201,-0.000142959,-0.0050862064
0 days 00:00:12.360000,0.0012972041737795694,-0.184428,0.27468000000000004,9.798228,0.0,0.0,0.0,0.0,-0.0005235987755982988,0.00034906585039886593,0.00034906585039886593,0.0,13.09,56.39999999999999,1,1,100.0,4,0.005,-0.005,0.01,52.648139699999994,9.745521499999999,33.76,32.38,52.648137,9.745532299999999,0.028099800957108706,-0.01780235837034216,4.238706621393429,0.015,-0.005,-0.06,-0.0048211934,0.0047146087,-0.010223921
0 days 00:00:12.370000,0.0012972041737795694,-0.192276,0.258984,9.806076000000001,0.0,0.0,0.0,0.0,-0.00034906585039886593,-0.00034906585039886593,0.00034906585039886593,0.0,13.09,56.39999999999999,1,1,100.0,4,0.005,-0.005,0.01,52.648139699999994,9.745521499999999,33.76,32.38,52.648137,9.745532299999999,0.028099800957108706,-0.01780235837034216,4.238706621393429,0.015,-0.005,-0.06,-0.0048211934,0.0047146087,-0.010223921
0 days 00:00:12.380000,0.0012972041737795694,-0.149112,0.278604,9.802152000000001,0.0,0.0,0.0,0.0,0.0,-0.00017453292519943296,0.00017453292519943296,0.0,13.09,56.39999999999999,1,1,100.0,4,0.005,-0.005,0.01,52.648139699999994,9.745521499999999,33.76,32.38,52.648137,9.745532299999999,0.028099800957108706,-0.01780235837034216,4.238706621393429,0.015,-0.005,-0.06,-0.0048211934,0.0047146087,-0.010223921
0 days 00:00:12.390000,0.0012972041737795694,-0.17265600000000003,0.27075600000000005,9.813924,0.0,0.0,0.0,0.0,0.0,0.00017453292519943296,0.0,0.0,13.09,56.39999999999999,1,1,100.0,4,0.005,-0.005,0.01,52.648139699999994,9.745521499999999,33.76,32.38,52.648137,9.745532299999999,0.028099800957108706,-0.01780235837034216,4.238706621393429,0.015,-0.005,-0.06,-0.0048211934,0.0047146087,-0.010223921
0 days 00:00:12.400000,0.0012972041737795694,-0.1962,0.278604,9.794304,0.0,0.0,0.0,0.0,0.00017453292519943296,-0.0010471975511965976,0.00017453292519943296,0.0,13.09,56.39999999999999,1,1,100.0,4,0.005,-0.005,0.01,52.648139699999994,9.745521499999999,33.76,32.38,52.648137,9.745532299999999,0.028099800957108706,-0.01780235837034216,4.238706621393429,0.015,-0.005,-0.06,-0.0048211934,0.0047146087,-0.010223921
0 days 00:00:12.410000,0.0014151318259413483,-0.133416,0.27075600000000005,9.817848000000001,0.0,0.0,0.0,0.0,0.00017453292519943296,0.00017453292519943296,0.00034906585039886593,0.0,13.09,56.39999999999999,1,1,100.0,4,0.005,-0.005,0.01,52.648139699999994,9.745521499999999,33.76,32.38,52.648137,9.745532299999999,0.028099800957108706,-0.01780235837034216,4.238706621393429,0.0,0.005,-0.025,-0.0048211934,0.0047146087,-0.010223921
0 days 00:00:12.420000,0.0014151318259413483,-0.18835200000000002,0.28252800000000006,9.802152000000001,0.0,0.0,0.0,0.0,0.0,0.00017453292519943296,0.00034906585039886593,0.0,13.09,56.39999999999999,1,1,100.0,4,0.005,-0.005,0.01,52.648139699999994,9.745521499999999,33.76,32.38,52.648137,9.745532299999999,0.028099800957108706,-0.01780235837034216,4.238706621393429,0.0,0.005,-0.025,-0.0048211934,0.0047146087,-0.010223921
0 days 00:00:12.430000,0.0014151318259413483,-0.17265600000000003,0.27075600000000005,9.79038,0.0,0.0,0.0,0.0,-0.00017453292519943296,-0.0008726646259971648,0.00034906585039886593,0.0,13.09,56.39999999999999,1,1,100.0,4,0.005,-0.005,0.01,52.648139699999994,9.745521499999999,33.76,32.38,52.648137,9.745532299999999,0.028099800957108706,-0.01780235837034216,4.238706621393429,0.0,0.005,-0.025,-0.0048211934,0.0047146087,-0.010223921
0 days 00:00:12.440000,0.0014151318259413483,-0.145188,0.278604,9.806076000000001,0.0,0.0,0.0,0.0,-0.00017453292519943296,0.00017453292519943296,0.0005235987755982988,0.0,13.09,56.39999999999999,1,1,100.0,4,0.005,-0.005,0.01,52.648139699999994,9.745521499999999,33.76,32.38,52.648137,9.745532299999999,0.028099800957108706,-0.01780235837034216,4.238706621393429,0.0,0.005,-0.025,-0.0048211934,0.0047146087,-0.010223921
0 days 00:00:12.450000,0.0014151318259413483,-0.17265600000000003,0.266832,9.825696,0.0,0.0,0.0,0.0,0.00017453292519943296,0.0,0.0005235987755982988,0.0,13.09,56.39999999999999,1,1,100.0,4,0.005,-0.005,0.01,52.648139699999994,9.745521499999999,33.76,32.38,52.648137,9.745532299999999,0.028099800957108706,-0.01780235837034216,4.238706621393429,0.0,0.005,-0.025,-0.0048211934,0.0047146087,-0.010223921
0 days 00:00:12.460000,0.0014151318259413483,-0.18835200000000002,0.26290800000000003,9.778608,0.0,0.0,0.0,0.0,0.0,-0.0008726646259971648,0.0005235987755982988,0.0,13.09,56.39999999999999,1,1,100.0,4,0.0,-0.005,0.01,52.648139699999994,9.7455214,33.77,32.38,52.648137,9.745532299999999,0.028099800957108706,-0.01780235837034216,4.238706621393429,-0.005,0.005,0.015,-0.0048211934,-0.00028341726,-0.010083441
0 days 00:00:12.470000,0.0014151318259413483,-0.13734000000000002,0.27075600000000005,9.806076000000001,0.0,0.0,0.0,0.0,0.0,-0.00017453292519943296,0.0005235987755982988,0.0,13.09,56.24999999999999,1,1,100.0,4,0.0,-0.005,0.01,52.648139699999994,9.7455214,33.77,32.38,52.648137,9.745532299999999,0.028099800957108706,-0.01780235837034216,4.238706621393429,-0.005,0.005,0.015,-0.0048211934,-0.00028341726,-0.010083441
0 days 00:00:12.480000,0.0015330594781031272,-0.16088400000000003,0.278604,9.821772000000001,0.0,0.0,0.0,0.0,-0.00017453292519943296,0.0005235987755982988,0.0005235987755982988,0.0,13.09,56.099999999999994,1,1,100.0,4,0.0,-0.005,0.01,52.648139699999994,9.7455214,33.77,32.38,52.648137,9.745532299999999,0.028099800957108706,-0.01780235837034216,4.238706621393429,-0.005,0.005,0.015,-0.0048211934,-0.00028341726,-0.010083441
0 days 00:00:12.490000,0.0015330594781031272,-0.20012400000000002,0.26290800000000003,9.778608,0.0,0.0,0.0,0.0,-0.00017453292519943296,-0.0010471975511965976,0.0005235987755982988,0.0,13.09,56.24999999999999,1,1,100.0,4,0.0,-0.005,0.01,52.648139699999994,9.7455214,33.77,32.38,52.648137,9.745532299999999,0.028099800957108706,-0.01780235837034216,4.238706621393429,-0.005,0.005,0.015,-0.0048211934,-0.00028341726,-0.010083441
0 days 00:00:12.500000,0.001650987130264906,-0.12164400000000002,0.27075600000000005,9.813924,0.0,0.0,0.0,0.0,-0.00034906585039886593,0.0006981317007977319,0.0005235987755982988,0.0,13.09,56.39999999999999,1,1,100.0,4,0.0,-0.005,0.01,52.648139699999994,9.7455214,33.77,32.38,52.648137,9.745532299999999,0.028099800957108706,-0.01780235837034216,4.238706621393429,-0.005,0.005,0.015,-0.0048211934,-0.00028341726,-0.010083441
0 days 00:00:12.510000,0.0017689147824266852,-0.1962,0.258984,9.802152000000001,0.0,0.0,0.0,0.0,-0.0005235987755982988,0.0005235987755982988,0.0006981317007977319,0.0,13.09,56.24999999999999,1,1,100.0,4,-0.01,0.0,0.005,52.6481396,9.7455214,33.77,32.38,52.648137,9.745532299999999,0.028099800957108706,-0.01780235837034216,4.238706621393429,-0.025,0.0,0.045,8.900708e-05,-0.01013651,-0.0047162734
0 days 00:00:12.520000,0.0018868424345884643,-0.17658000000000004,0.27468000000000004,9.778608,0.0,0.0,0.0,0.0,-0.0005235987755982988,-0.0006981317007977319,0.0006981317007977319,0.0,13.09,56.099999999999994,1,1,100.0,4,-0.01,0.0,0.005,52.6481396,9.7455214,33.77,32.38,52.648137,9.745532299999999,0.028099800957108706,-0.01780235837034216,4.238706621393429,-0.025,0.0,0.045,8.900708e-05,-0.01013651,-0.0047162734
0 days 00:00:12.530000,0.0020047700867502436,-0.11379600000000001,0.266832,9.821772000000001,0.0,0.0,0.0,0.0,-0.00034906585039886593,0.0010471975511965976,0.0005235987755982988,0.0,13.09,56.099999999999994,1,1,100.0,4,-0.01,0.005,0.005,52.6481396,9.7455214,33.77,32.38,52.648137,9.745532299999999,0.028099800957108706,-0.01780235837034216,4.238706621393429,-0.025,0.0,0.045,0.0050882148,-0.01013401,-0.0046273014
0 days 00:00:12.540000,0.0021226977389120225,-0.18835200000000002,0.26290800000000003,9.81,0.0,0.0,0.0,0.0,0.0,0.0,0.00017453292519943296,0.0,13.09,56.099999999999994,1,1,100.0,4,-0.01,0.005,0.005,52.6481396,9.7455214,33.77,32.38,52.648137,9.745532299999999,0.028099800957108706,-0.01780235837034216,4.238706621393429,-0.025,0.0,0.045,0.0050882148,-0.01013401,-0.0046273014
0 days 00:00:12.550000,0.0022406253910738014,-0.16088400000000003,0.266832,9.778608,0.0,0.0,0.0,0.0,-0.00034906585039886593,0.0,0.00017453292519943296,0.0,13.09,55.949999999999996,1,1,100.0,4,-0.01,0.005,0.005,52.6481396,9.7455214,33.77,32.38,52.648137,9.745532299999999,0.028099800957108706,-0.01780235837034216,4.238706621393429,-0.025,0.0,0.045,0.0050882148,-0.01013401,-0.0046273014
0 days 00:00:12.560000,0.0024764806953973596,-0.16480800000000004,0.251136,9.821772000000001,0.0,0.0,0.0,0.0,0.00017453292519943296,0.0006981317007977319,0.00034906585039886593,0.0,13.09,55.8,1,1,100.0,4,-0.005,0.0,0.005,52.6481393,9.7455204,33.57,32.38,52.648137,9.745532299999999,0.028099800957108706,-0.01780235837034216,4.238706621393429,0.005,-0.005,-0.0,8.900708e-05,-0.0051384843,-0.0048567536
0 days 00:00:12.570000,0.002594408347559139,-0.184428,0.27468000000000004,9.786456000000001,0.0,0.0,0.0,0.0,-0.00034906585039886593,0.00017453292519943296,0.00034906585039886593,0.0,13.09,55.8,1,1,100.0,4,-0.005,0.0,0.005,52.6481393,9.7455204,33.57,32.38,52.648137,9.745532299999999,0.028099800957108706,-0.01780235837034216,4.238706621393429,0.005,-0.005,-0.0,8.900708e-05,-0.0051384843,-0.0048567536
0 days 00:00:12.580000,0.0028302636518826967,-0.180504,0.23936400000000002,9.825696,0.0,0.0,0.0,0.0,0.00017453292519943296,0.00034906585039886593,0.00034906585039886593,0.0,13.09,55.8,1,1,100.0,4,-0.005,0.0,0.005,52.6481393,9.7455204,33.57,32.38,52.648137,9.745532299999999,0.028099800957108706,-0.01780235837034216,4.238706621393429,0.005,-0.005,-0.0,8.900708e-05,-0.0051384843,-0.0048567536
0 days 00:00:12.590000,0.0029481913040444755,-0.16088400000000003,0.258984,9.794304,0.0,0.0,0.0,0.0,0.00017453292519943296,0.0,0.00034906585039886593,0.0,13.09,55.65,1,1,100.0,4,-0.005,0.0,0.005,52.6481393,9.7455204,33.57,32.38,52.648137,9.745532299999999,0.028099800957108706,-0.01780235837034216,4.238706621393429,0.005,-0.005,-0.0,8.900708e-05,-0.0051384843,-0.0048567536
0 days 00:00:12.600000,0.0031840466083680333,-0.17265600000000003,0.251136,9.82962,0.0,0.0,0.0,0.0,0.00017453292519943296,0.0008726646259971648,0.0005235987755982988,0.0,13.09,55.5,1,1,100.0,4,-0.005,0.0,0.005,52.6481393,9.7455204,33.57,32.38,52.648137,9.745532299999999,0.028099800957108706,-0.01780235837034216,4.238706621393429,0.005,-0.005,-0.0,8.900708e-05,-0.0051384843,-0.0048567536
0 days 00:00:12.610000,0.003301974260529812,-0.192276,0.24721200000000002,9.782532000000002,0.0,0.0,0.0,0.0,0.00034906585039886593,-0.0010471975511965976,0.0,0.0,13.09,55.35,1,1,100.0,4,0.005,0.0,0.01,52.6481393,9.7455205,33.56,32.38,52.648137,9.745532299999999,0.028099800957108706,-0.01780235837034216,4.238706621393429,0.015,-0.015,-0.06,0.00017801416,0.0047171093,-0.010134949
0 days 00:00:12.620000,0.0035378295648533704,-0.129492,0.266832,9.821772000000001,0.0,0.0,0.0,0.0,0.0,0.0010471975511965976,0.00034906585039886593,0.0,13.09,55.2,1,1,100.0,4,0.005,0.005,0.01,52.6481393,9.7455205,33.56,32.38,52.648137,9.745532299999999,0.028099800957108706,-0.01780235837034216,4.238706621393429,0.015,-0.015,-0.06,0.005177222,0.0047196103,-0.010045977
0 days 00:00:12.630000,0.0036557572170151493,-0.21582000000000004,0.251136,9.794304,0.0,0.0,0.0,0.0,0.00017453292519943296,-0.00034906585039886593,0.00034906585039886593,0.0,13.09,54.75,1,1,100.0,4,0.005,0.0,0.01,52.6481393,9.7455205,33.56,32.38,52.648137,9.745532299999999,0.028099800957108706,-0.01780235837034216,4.238706621393429,0.015,-0.015,-0.06,0.00017801416,0.0047171093,-0.010134949
0 days 00:00:12.640000,0.0038916125213387075,-0.16873200000000002,0.28645200000000004,9.770760000000001,0.0,0.0,0.0,0.0,-0.00034906585039886593,-0.0006981317007977319,0.00017453292519943296,0.0,13.09,54.3,1,1,100.0,4,0.005,0.0,0.01,52.6481393,9.7455205,33.56,32.38,52.648137,9.745532299999999,0.028099800957108706,-0.01780235837034216,4.238706621393429,0.015,-0.015,-0.06,0.00017801416,0.0047171093,-0.010134949
0 days 00:00:12.650000,0.004009540173500487,-0.153036,0.231516,9.853164,0.0,0.0,0.0,0.0,0.0,0.0008726646259971648,0.00034906585039886593,0.0,13.09,54.0,1,1,100.0,4,0.005,0.005,0.01,52.6481393,9.7455205,33.56,32.38,52.648137,9.745532299999999,0.028099800957108706,-0.01780235837034216,4.238706621393429,0.015,-0.015,-0.06,0.005177222,0.0047196103,-0.010045977
0 days 00:00:12.660000,0.004127467825662266,-0.21582000000000004,0.266832,9.786456000000001,0.0,0.0,0.0,0.0,0.0,-0.0008726646259971648,0.00034906585039886593,0.0,13.09,53.7,1,1,100.0,4,0.005,0.0,0.015,52.6481393,9.7455205,33.55,32.38,52.648137,9.745532299999999,0.028099800957108706,-0.01780235837034216,4.238706621393429,0.01,0.0,-0.065,0.00026702124,0.0045766514,-0.015132183
0 days 00:00:12.670000,0.004363323129985823,-0.149112,0.24721200000000002,9.794304,0.0,0.0,0.0,0.0,-0.00017453292519943296,0.00017453292519943296,0.0005235987755982988,0.0,13.09,53.1,1,1,100.0,4,0.005,0.0,0.015,52.6481393,9.7455205,33.55,32.38,52.648137,9.745532299999999,0.028099800957108706,-0.01780235837034216,4.238706621393429,0.01,0.0,-0.065,0.00026702124,0.0045766514,-0.015132183
0 days 00:00:12.680000,0.004481250782147603,-0.15696000000000002,0.28252800000000006,9.813924,0.0,0.0,0.0,0.0,0.00017453292519943296,0.0,0.00017453292519943296,0.0,13.09,52.5,1,1,100.0,4,0.005,0.0,0.015,52.6481393,9.7455205,33.55,32.38,52.648137,9.745532299999999,0.028099800957108706,-0.01780235837034216,4.238706621393429,0.01,0.0,-0.065,0.00026702124,0.0045766514,-0.015132183
0 days 00:00:12.690000,0.0047171060864711605,-0.180504,0.251136,9.825696,0.0,0.0,0.0,0.0,0.00017453292519943296,0.0,0.00034906585039886593,0.0,13.09,51.75,1,1,100.0,4,0.005,0.0,0.015,52.6481393,9.7455205,33.55,32.38,52.648137,9.745532299999999,0.028099800957108706,-0.01780235837034216,4.238706621393429,0.01,0.0,-0.065,0.00026702124,0.0045766514,-0.015132183
0 days 00:00:12.700000,0.00483503373863294,-0.17658000000000004,0.26290800000000003,9.762912000000002,0.0,0.0,0.0,0.0,0.00034906585039886593,-0.0010471975511965976,0.00017453292519943296,0.0,13.09,51.0,1,1,100.0,4,0.005,0.0,0.015,52.6481393,9.7455205,33.55,32.38,52.648137,9.745532299999999,0.028099800957108706,-0.01780235837034216,4.238706621393429,0.01,0.0,-0.065,0.00026702124,0.0045766514,-0.015132183
0 days 00:00:12.710000,0.004952961390794719,-0.129492,0.27075600000000005,9.845316,0.0,0.0,0.0,0.0,0.0005235987755982988,0.0013962634015954637,0.0005235987755982988,0.0,13.09,50.1,1,1,100.0,4,0.005,0.0,0.01,52.6481393,9.7455205,33.55,32.38,52.648137,9.745532299999999,0.028099800957108706,-0.01780235837034216,4.238706621393429,0.0,-0.005,-0.0,0.00017801416,0.0047171093,-0.010134949
0 days 00:00:12.720000,0.005070889042956497,-0.231516,0.25506,9.778608,0.0,0.0,0.0,0.0,0.0005235987755982988,-0.0012217304763960308,0.00034906585039886593,0.0,13.09,49.2,1,1,100.0,4,0.005,0.0,0.015,52.6481393,9.7455205,33.55,32.38,52.648137,9.745532299999999,0.028099800957108706,-0.01780235837034216,4.238706621393429,0.0,-0.005,-0.0,0.00026702124,0.0045766514,-0.015132183
0 days 00:00:12.730000,0.005306744347280056,-0.125568,0.28645200000000004,9.794304,0.0,0.0,0.0,0.0,0.0005235987755982988,-0.00017453292519943296,0.00034906585039886593,0.0,13.09,48.3,1,1,100.0,4,0.005,0.0,0.015,52.6481393,9.7455205,33.55,32.37,52.648137,9.745532299999999,0.028099800957108706,-0.01780235837034216,4.238706621393429,0.0,-0.005,-0.0,0.00026702124,0.0045766514,-0.015132183
0 days 00:00:12.740000,0.0054246719994418355,-0.15696000000000002,0.266832,9.853164,0.0,0.0,0.0,0.0,0.00034906585039886593,0.0010471975511965976,0.00034906585039886593,0.0,13.09,47.39999999999999,1,1,100.0,4,0.005,0.0,0.01,52.6481393,9.7455205,33.55,32.38,52.648137,9.745532299999999,0.028099800957108706,-0.01780235837034216,4.238706621393429,0.0,-0.005,-0.0,0.00017801416,0.0047171093,-0.010134949
0 days 00:00:12.750000,0.005542599651603614,-0.22759200000000002,0.26290800000000003,9.774684,0.0,0.0,0.0,0.0,0.0006981317007977319,-0.0019198621771937623,0.0005235987755982988,0.0,13.09,46.64999999999999,1,1,100.0,4,0.005,0.0,0.01,52.6481393,9.7455205,33.55,32.38,52.648137,9.745532299999999,0.028099800957108706,-0.01780235837034216,4.238706621393429,0.0,-0.005,-0.0,0.00017801416,0.0047171093,-0.010134949
0 days 00:00:12.760000,0.005542599651603614,-0.0981,0.28645200000000004,9.798228,0.0,0.0,0.0,0.0,0.00017453292519943296,0.00034906585039886593,0.0005235987755982988,0.0,13.09,45.89999999999999,1,1,100.0,4,0.0,0.005,0.005,52.6481394,9.745520299999999,33.58,32.38,52.648137,9.745532299999999,0.028099800957108706,-0.01780235837034216,4.238706621393429,-0.01,-0.005,0.07,0.0050882148,-0.00013795751,-0.0049082623
0 days 00:00:12.770000,0.005660527303765393,-0.17265600000000003,0.27468000000000004,9.84924,0.0,0.0,0.0,0.0,0.0005235987755982988,0.0008726646259971648,0.00017453292519943296,0.0,13.09,44.99999999999999,1,1,100.0,4,0.0,0.005,0.005,52.6481394,9.745520299999999,33.58,32.38,52.648137,9.745532299999999,0.028099800957108706,-0.01780235837034216,4.238706621393429,-0.01,-0.005,0.07,0.0050882148,-0.00013795751,-0.0049082623
0 days 00:00:12.780000,0.005778454955927172,-0.21582000000000004,0.26290800000000003,9.755064,0.0,0.0,0.0,0.0,0.00034906585039886593,-0.0019198621771937623,0.0005235987755982988,0.0,13.09,44.099999999999994,1,1,100.0,4,0.0,0.005,0.005,52.6481394,9.745520299999999,33.58,32.38,52.648137,9.745532299999999,0.028099800957108706,-0.01780235837034216,4.238706621393429,-0.01,-0.005,0.07,0.0050882148,-0.00013795751,-0.0049082623
0 days 00:00:12.790000,0.005896382608088951,-0.08240400000000002,0.251136,9.861012,0.0,0.0,0.0,0.0,0.0005235987755982988,0.0017453292519943296,0.0005235987755982988,0.0,13.09,43.349999999999994,1,1,100.0,4,0.0,0.005,0.005,52.6481394,9.745520299999999,33.58,32.38,52.648137,9.745532299999999,0.028099800957108706,-0.01780235837034216,4.238706621393429,-0.01,-0.005,0.07,0.0050882148,-0.00013795751,-0.0049082623
0 days 00:00:12.800000,0.005896382608088951,-0.22759200000000002,0.298224,9.770760000000001,0.0,0.0,0.0,0.0,-0.0005235987755982988,-0.00017453292519943296,0.0005235987755982988,0.0,13.09,42.599999999999994,1,1,100.0,4,0.0,0.005,0.005,52.6481394,9.745520299999999,33.58,32.38,52.648137,9.745532299999999,0.028099800957108706,-0.01780235837034216,4.238706621393429,-0.01,-0.005,0.07,0.0050882148,-0.00013795751,-0.0049082623
0 days 00:00:12.810000,0.006014310260250731,-0.16873200000000002,0.26290800000000003,9.81,0.0,0.0,0.0,0.0,0.0,-0.0010471975511965976,0.00017453292519943296,0.0,13.09,41.849999999999994,1,1,100.0,4,-0.01,0.01,0.005,52.6481394,9.7455202,33.59,32.38,52.648137,9.745532299999999,0.028099800957108706,-0.01780235837034216,4.238706621393429,-0.025,-0.005,-0.02,0.010087423,-0.010131509,-0.0045383293
0 days 00:00:12.820000,0.006132237912412509,-0.129492,0.28252800000000006,9.802152000000001,0.0,0.0,0.0,0.0,-0.00017453292519943296,0.0006981317007977319,0.00034906585039886593,0.0,13.09,41.099999999999994,1,1,100.0,4,-0.01,0.01,0.005,52.6481394,9.7455202,33.59,32.38,52.648137,9.745532299999999,0.028099800957108706,-0.01780235837034216,4.238706621393429,-0.025,-0.005,-0.02,0.010087423,-0.010131509,-0.0045383293
0 days 00:00:12.830000,0.006132237912412509,-0.192276,0.266832,9.833544,0.0,0.0,0.0,0.0,-0.00034906585039886593,0.00034906585039886593,0.00034906585039886593,0.0,13.09,40.349999999999994,1,1,100.0,4,-0.01,0.01,0.005,52.6481394,9.7455202,33.59,32.38,52.648137,9.745532299999999,0.028099800957108706,-0.01780235837034216,4.238706621393429,-0.025,-0.005,-0.02,0.010087423,-0.010131509,-0.0045383293
0 days 00:00:12.840000,0.006250165564574289,-0.192276,0.28252800000000006,9.770760000000001,0.0,0.0,0.0,0.0,-0.00034906585039886593,-0.0010471975511965976,0.00017453292519943296,0.0,13.09,39.599999999999994,1,1,100.0,4,-0.01,0.01,0.005,52.6481394,9.7455202,33.59,32.38,52.648137,9.745532299999999,0.028099800957108706,-0.01780235837034216,4.238706621393429,-0.025,-0.005,-0.02,0.010087423,-0.010131509,-0.0045383293
0 days 00:00:12.850000,0.006250165564574289,-0.12164400000000002,0.27075600000000005,9.817848000000001,0.0,0.0,0.0,0.0,-0.00034906585039886593,0.0008726646259971648,0.00017453292519943296,0.0,13.09,38.849999999999994,1,1,100.0,4,-0.01,0.01,0.005,52.6481394,9.7455202,33.59,32.38,52.648137,9.745532299999999,0.028099800957108706,-0.01780235837034216,4.238706621393429,-0.025,-0.005,-0.02,0.010087423,-0.010131509,-0.0045383293
0 days 00:00:12.860000,0.006368093216736067,-0.20797200000000002,0.26290800000000003,9.813924,0.0,0.0,0.0,0.0,0.0,0.00017453292519943296,0.0005235987755982988,0.0,13.09,38.099999999999994,1,1,100.0,4,-0.01,-0.005,-0.0,52.6481394,9.745520299999999,33.59,32.38,52.648137,9.745532299999999,0.028099800957108706,-0.01780235837034216,4.238706621393429,0.005,0.03,0.045,-0.004999208,-0.0099985525,0.0001919891
0 days 00:00:12.870000,0.006368093216736067,-0.16873200000000002,0.26290800000000003,9.762912000000002,0.0,0.0,0.0,0.0,-0.00034906585039886593,-0.00034906585039886593,0.0006981317007977319,0.0,13.09,37.199999999999996,1,1,100.0,4,-0.01,-0.005,-0.0,52.6481394,9.745520299999999,33.59,32.38,52.648137,9.745532299999999,0.028099800957108706,-0.01780235837034216,4.238706621393429,0.005,0.03,0.045,-0.004999208,-0.0099985525,0.0001919891
0 days 00:00:12.880000,0.006368093216736067,-0.125568,0.266832,9.833544,0.0,0.0,0.0,0.0,-0.00017453292519943296,0.0013962634015954637,0.0005235987755982988,0.0,13.09,36.3,1,1,100.0,4,-0.01,-0.005,-0.0,52.6481394,9.745520299999999,33.59,32.38,52.648137,9.745532299999999,0.028099800957108706,-0.01780235837034216,4.238706621393429,0.005,0.03,0.045,-0.004999208,-0.0099985525,0.0001919891
0 days 00:00:12.890000,0.0064860208688978455,-0.21582000000000004,0.28645200000000004,9.794304,0.0,0.0,0.0,0.0,-0.00034906585039886593,-0.00034906585039886593,0.0005235987755982988,0.0,13.09,35.25,1,1,100.0,4,-0.01,-0.005,-0.0,52.6481394,9.745520299999999,33.59,32.38,52.648137,9.745532299999999,0.028099800957108706,-0.01780235837034216,4.238706621393429,0.005,0.03,0.045,-0.004999208,-0.0099985525,0.0001919891
0 days 00:00:12.900000,0.0064860208688978455,-0.14126400000000003,0.251136,9.802152000000001,0.0,0.0,0.0,0.0,0.0,-0.00017453292519943296,0.00034906585039886593,0.0,13.09,34.2,1,1,100.0,4,-0.01,-0.005,-0.0,52.6481394,9.745520299999999,33.59,32.38,52.648137,9.745532299999999,0.028099800957108706,-0.01780235837034216,4.238706621393429,0.005,0.03,0.045,-0.004999208,-0.0099985525,0.0001919891
0 days 00:00:12.910000,0.0064860208688978455,-0.145188,0.27075600000000005,9.817848000000001,0.0,0.0,0.0,0.0,-0.00017453292519943296,0.0008726646259971648,0.00034906585039886593,0.0,13.09,33.15,1,1,100.0,4,-0.01,0.005,-0.0,52.6481395,9.7455202,33.6,32.38,52.648137,9.745532299999999,0.028099800957108706,-0.01780235837034216,4.238706621393429,-0.015,-0.02,0.02,0.004999208,-0.009993551,0.00036993297
0 days 00:00:12.920000,0.006603948521059624,-0.20012400000000002,0.266832,9.817848000000001,0.0,0.0,0.0,0.0,0.0,0.0,0.0005235987755982988,0.0,13.09,32.099999999999994,1,1,100.0,4,-0.01,0.005,-0.0,52.6481395,9.7455202,33.6,32.38,52.648137,9.745532299999999,0.028099800957108706,-0.01780235837034216,4.238706621393429,-0.015,-0.02,0.02,0.004999208,-0.009993551,0.00036993297
0 days 00:00:12.930000,0.006603948521059624,-0.17265600000000003,0.266832,9.774684,0.0,0.0,0.0,0.0,-0.00017453292519943296,-0.0005235987755982988,0.00034906585039886593,0.0,13.09,31.049999999999997,1,1,100.0,4,-0.01,0.005,-0.0,52.6481395,9.7455202,33.6,32.38,52.648137,9.745532299999999,0.028099800957108706,-0.01780235837034216,4.238706621393429,-0.015,-0.02,0.02,0.004999208,-0.009993551,0.00036993297
0 days 00:00:12.940000,0.006603948521059624,-0.13734000000000002,0.26290800000000003,9.833544,0.0,0.0,0.0,0.0,0.0,0.0010471975511965976,0.00017453292519943296,0.0,13.09,30.0,1,1,100.0,4,-0.01,0.005,-0.0,52.6481395,9.7455202,33.6,32.38,52.648137,9.745532299999999,0.028099800957108706,-0.01780235837034216,4.238706621393429,-0.015,-0.02,0.02,0.004999208,-0.009993551,0.00036993297
0 days 00:00:12.950000,0.006721876173221405,-0.223668,0.24721200000000002,9.770760000000001,0.0,0.0,0.0,0.0,-0.0005235987755982988,-0.0006981317007977319,0.0005235987755982988,0.0,13.09,28.95,1,1,100.0,4,-0.01,0.005,-0.0,52.6481395,9.7455202,33.6,32.38,52.648137,9.745532299999999,0.028099800957108706,-0.01780235837034216,4.238706621393429,-0.015,-0.02,0.02,0.004999208,-0.009993551,0.00036993297
0 days 00:00:12.960000,0.006839803825383184,-0.14126400000000003,0.27075600000000005,9.798228,0.0,0.0,0.0,0.0,-0.00034906585039886593,-0.00017453292519943296,0.00034906585039886593,0.0,13.09,27.9,1,1,100.0,4,0.01,0.005,0.005,52.6481395,9.745520599999999,33.51,32.38,52.648137,9.745532299999999,0.027925268031909273,-0.01780235837034216,4.238706621393429,0.025,-0.02,-0.04,0.0050882148,0.009859,-0.0051875026
0 days 00:00:12.970000,0.006839803825383184,-0.16088400000000003,0.258984,9.833544,0.0,0.0,0.0,0.0,-0.00017453292519943296,0.0005235987755982988,0.00034906585039886593,0.0,13.09,27.299999999999997,1,1,100.0,4,0.01,0.005,-0.0,52.6481395,9.745520599999999,33.51,32.38,52.648137,9.745532299999999,0.027925268031909273,-0.01780235837034216,4.238706621393429,0.025,-0.02,-0.04,0.004999208,0.009998586,-0.00019024401
0 days 00:00:12.980000,0.006957731477544963,-0.20012400000000002,0.266832,9.774684,0.0,0.0,0.0,0.0,-0.0005235987755982988,-0.0005235987755982988,0.0005235987755982988,0.0,13.09,26.699999999999996,1,1,100.0,4,0.01,0.005,0.005,52.6481395,9.745520599999999,33.51,32.38,52.648137,9.745532299999999,0.027925268031909273,-0.01780235837034216,4.238706621393429,0.025,-0.02,-0.04,0.0050882148,0.009859,-0.0051875026
0 days 00:00:12.990000,0.006957731477544963,-0.15696000000000002,0.25506,9.841392,0.0,0.0,0.0,0.0,-0.00034906585039886593,0.0006981317007977319,0.0005235987755982988,0.0,13.09,26.099999999999998,1,1,100.0,4,0.005,0.005,-0.0,52.6481395,9.745520599999999,33.51,32.38,52.648137,9.745532299999999,0.027925268031909273,-0.01780235837034216,4.238706621393429,0.025,-0.02,-0.04,0.004999208,0.005000536,-5.0635812e-05
0 days 00:00:13,0.007075659129706741,-0.192276,0.258984,9.774684,0.0,0.0,0.0,0.0,-0.00034906585039886593,-0.0006981317007977319,0.00034906585039886593,0.0,13.09,25.5,1,1,100.0,4,0.005,0.005,0.005,52.6481395,9.745520599999999,33.51,32.38,52.648137,9.745532299999999,0.027925268031909273,-0.01780235837034216,4.238706621393429,0.025,-0.02,-0.04,0.0050882148,0.0048609497,-0.0050478945
0 days 00:00:13.010000,0.0071935867818685205,-0.16088400000000003,0.26290800000000003,9.82962,0.0,0.0,0.0,0.0,-0.00017453292519943296,0.00017453292519943296,0.0005235987755982988,0.0,13.09,25.05,1,1,100.0,4,0.005,0.005,0.005,52.6481395,9.745520599999999,33.51,32.38,52.648137,9.745532299999999,0.028099800957108706,-0.01780235837034216,4.238706621393429,0.0,0.0,-0.005,0.0050882148,0.0048600687,-0.005048743
0 days 00:00:13.020000,0.0073115144340302985,-0.184428,0.25506,9.81,0.0,0.0,0.0,0.0,-0.00017453292519943296,0.00017453292519943296,0.0005235987755982988,0.0,13.09,24.6,1,1,100.0,4,0.005,0.005,0.005,52.6481395,9.745520599999999,33.51,32.38,52.648137,9.745532299999999,0.028099800957108706,-0.01780235837034216,4.238706621393429,0.0,0.0,-0.005,0.0050882148,0.0048600687,-0.005048743
0 days 00:00:13.030000,0.007429442086192079,-0.1962,0.27075600000000005,9.786456000000001,0.0,0.0,0.0,0.0,-0.00017453292519943296,-0.0008726646259971648,0.0005235987755982988,0.0,13.09,24.15,1,1,100.0,4,0.005,0.005,0.005,52.6481395,9.745520599999999,33.51,32.38,52.648137,9.745532299999999,0.028099800957108706,-0.01780235837034216,4.238706621393429,0.0,0.0,-0.005,0.0050882148,0.0048600687,-0.005048743
0 days 00:00:13.040000,0.007547369738353857,-0.133416,0.26290800000000003,9.821772000000001,0.0,0.0,0.0,0.0,0.00017453292519943296,0.0005235987755982988,0.00034906585039886593,0.0,13.09,23.699999999999996,1,1,100.0,4,0.005,0.005,0.005,52.6481395,9.745520599999999,33.51,32.38,52.648137,9.745532299999999,0.028099800957108706,-0.01780235837034216,4.238706621393429,0.0,0.0,-0.005,0.0050882148,0.0048600687,-0.005048743
0 days 00:00:13.050000,0.007665297390515637,-0.192276,0.258984,9.798228,0.0,0.0,0.0,0.0,0.00034906585039886593,-0.00034906585039886593,0.00017453292519943296,0.0,13.09,23.4,1,1,100.0,4,0.005,0.005,0.005,52.6481395,9.745520599999999,33.51,32.38,52.648137,9.745532299999999,0.028099800957108706,-0.01780235837034216,4.238706621393429,0.0,0.0,-0.005,0.0050882148,0.0048600687,-0.005048743
0 days 00:00:13.060000,0.007783225042677415,-0.16873200000000002,0.25506,9.802152000000001,0.0,0.0,0.0,0.0,0.00034906585039886593,-0.0005235987755982988,0.00034906585039886593,0.0,13.09,23.1,1,1,100.0,4,-0.005,0.005,-0.005,52.6481395,9.745520599999999,33.51,32.38,52.648137,9.745532299999999,0.028099800957108706,-0.01780235837034216,4.238706621393429,-0.015,0.005,0.06,0.004910201,-0.004855067,0.0052266866
0 days 00:00:13.070000,0.007901152694839195,-0.13734000000000002,0.26290800000000003,9.821772000000001,0.0,0.0,0.0,0.0,0.0006981317007977319,0.0005235987755982988,0.00034906585039886593,0.0,13.09,22.8,1,1,100.0,4,-0.005,0.005,-0.005,52.6481395,9.745520599999999,33.51,32.38,52.648137,9.745532299999999,0.028099800957108706,-0.01780235837034216,4.238706621393429,-0.015,0.005,0.06,0.004910201,-0.004855067,0.0052266866
0 days 00:00:13.080000,0.008019080347000974,-0.184428,0.266832,9.806076000000001,0.0,0.0,0.0,0.0,0.0005235987755982988,0.0,0.00034906585039886593,0.0,13.09,22.5,1,1,100.0,4,-0.005,0.005,-0.005,52.6481395,9.745520599999999,33.51,32.38,52.648137,9.745532299999999,0.028099800957108706,-0.01780235837034216,4.238706621393429,-0.015,0.005,0.06,0.004910201,-0.004855067,0.0052266866
0 days 00:00:13.090000,0.008137007999162752,-0.180504,0.26290800000000003,9.817848000000001,0.0,0.0,0.0,0.0,0.0005235987755982988,-0.00017453292519943296,0.00034906585039886593,0.0,13.09,22.2,1,1,100.0,4,-0.005,0.005,-0.005,52.6481395,9.745520599999999,33.51,32.38,52.648137,9.745532299999999,0.028099800957108706,-0.01780235837034216,4.238706621393429,-0.015,0.005,0.06,0.004910201,-0.004855067,0.0052266866
0 days 00:00:13.100000,0.008254935651324532,-0.153036,0.26290800000000003,9.802152000000001,0.0,0.0,0.0,0.0,0.00017453292519943296,0.00017453292519943296,0.00034906585039886593,0.0,13.09,21.9,1,1,100.0,4,-0.005,0.005,-0.005,52.6481395,9.745520599999999,33.51,32.38,52.648137,9.745532299999999,0.028099800957108706,-0.01780235837034216,4.238706621393429,-0.015,0.005,0.06,0.004910201,-0.004855067,0.0052266866
0 days 00:00:13.110000,0.00837286330348631,-0.192276,0.266832,9.837468000000001,0.0,0.0,0.0,0.0,0.00017453292519943296,0.0,0.0005235987755982988,0.0,13.09,21.299999999999997,1,1,100.0,4,0.005,0.005,-0.0,52.6481395,9.7455207,33.49,32.38,52.648137,9.745532299999999,0.028099800957108706,-0.01780235837034216,4.238706621393429,0.005,-0.015,-0.04,0.004999208,0.005000527,-5.150857e-05
0 days 00:00:13.120000,0.00849079095564809,-0.180504,0.27075600000000005,9.770760000000001,0.0,0.0,0.0,0.0,0.00017453292519943296,-0.0008726646259971648,0.0005235987755982988,0.0,13.09,20.699999999999996,1,1,100.0,4,0.005,0.005,-0.0,52.6481395,9.7455207,33.49,32.38,52.648137,9.745532299999999,0.028099800957108706,-0.01780235837034216,4.238706621393429,0.005,-0.015,-0.04,0.004999208,0.005000527,-5.150857e-05
0 days 00:00:13.130000,0.00860871860780987,-0.14126400000000003,0.258984,9.813924,0.0,0.0,0.0,0.0,0.00034906585039886593,0.00017453292519943296,0.00034906585039886593,0.0,13.09,20.099999999999998,1,1,100.0,4,0.0,0.005,-0.0,52.6481395,9.7455207,33.49,32.38,52.648137,9.745532299999999,0.028099800957108706,-0.01780235837034216,4.238706621393429,0.005,-0.015,-0.04,0.004999208,2.5007523e-06,8.8971945e-05
0 days 00:00:13.140000,0.00860871860780987,-0.184428,0.28252800000000006,9.817848000000001,0.0,0.0,0.0,0.0,0.0,0.0,0.0005235987755982988,0.0,13.09,19.5,1,1,100.0,4,0.005,0.005,-0.0,52.6481395,9.7455207,33.49,32.38,52.648137,9.745532299999999,0.028099800957108706,-0.01780235837034216,4.238706621393429,0.005,-0.015,-0.04,0.004999208,0.005000527,-5.150857e-05
0 days 00:00:13.150000,0.008844573912133426,-0.153036,0.251136,9.762912000000002,0.0,0.0,0.0,0.0,0.0,-0.0005235987755982988,0.00034906585039886593,0.0,13.09,18.9,1,1,100.0,4,0.0,0.005,-0.0,52.6481395,9.7455207,33.49,32.38,52.648137,9.745532299999999,0.028099800957108706,-0.01780235837034216,4.238706621393429,0.005,-0.015,-0.04,0.004999208,2.5007523e-06,8.8971945e-05
0 days 00:00:13.160000,0.008844573912133426,-0.129492,0.266832,9.833544,0.0,0.0,0.0,0.0,0.0,0.0012217304763960308,0.00034906585039886593,0.0,13.09,18.299999999999997,1,1,100.0,4,-0.005,0.0,-0.005,52.6481395,9.7455207,33.47,32.38,52.648137,9.745532299999999,0.028099800957108706,-0.01780235837034216,4.238706621393429,-0.005,0.015,0.04,-8.900708e-05,-0.0048575676,0.0051377146
0 days 00:00:13.170000,0.008962501564295206,-0.223668,0.27468000000000004,9.774684,0.0,0.0,0.0,0.0,-0.00017453292519943296,-0.0006981317007977319,0.0005235987755982988,0.0,13.09,17.849999999999998,1,1,100.0,4,-0.005,0.0,-0.005,52.6481395,9.7455207,33.47,32.38,52.648137,9.745532299999999,0.028099800957108706,-0.01780235837034216,4.238706621393429,-0.005,0.015,0.04,-8.900708e-05,-0.0048575676,0.0051377146
0 days 00:00:13.180000,0.009080429216456985,-0.12164400000000002,0.27468000000000004,9.806076000000001,0.0,0.0,0.0,0.0,-0.00034906585039886593,0.00034906585039886593,0.00017453292519943296,0.0,13.09,17.4,1,1,100.0,4,-0.005,0.0,-0.005,52.6481395,9.7455207,33.47,32.38,52.648137,9.745532299999999,0.028099800957108706,-0.01780235837034216,4.238706621393429,-0.005,0.015,0.04,-8.900708e-05,-0.0048575676,0.0051377146
0 days 00:00:13.190000,0.009080429216456985,-0.16873200000000002,0.24328800000000003,9.845316,0.0,0.0,0.0,0.0,0.0005235987755982988,0.0006981317007977319,0.00034906585039886593,0.0,13.09,16.049999999999997,1,1,100.0,4,-0.005,0.0,-0.005,52.6481395,9.7455207,33.47,32.38,52.648137,9.745532299999999,0.028099800957108706,-0.01780235837034216,4.238706621393429,-0.005,0.015,0.04,-8.900708e-05,-0.0048575676,0.0051377146
0 days 00:00:13.200000,0.009198356868618765,-0.18835200000000002,0.29430000000000006,9.755064,0.0,0.0,0.0,0.0,-0.00034906585039886593,-0.0008726646259971648,0.00034906585039886593,0.0,13.09,14.699999999999996,1,1,100.0,4,-0.005,0.0,-0.005,52.6481395,9.7455207,33.47,32.38,52.648137,9.745532299999999,0.028099800957108706,-0.01780235837034216,4.238706621393429,-0.005,0.015,0.04,-8.900708e-05,-0.0048575676,0.0051377146
0 days 00:00:13.210000,0.009316284520780543,-0.12164400000000002,0.266832,9.802152000000001,0.0,0.0,0.0,0.0,0.0,0.00034906585039886593,0.00017453292519943296,0.0,13.09,11.699999999999996,1,1,100.0,4,0.005,-0.005,-0.0,52.6481395,9.7455208,33.46,32.38,52.648137,9.745532299999999,0.028099800957108706,-0.01780235837034216,4.238706621393429,0.015,0.01,-0.0,-0.004999208,0.0049955253,-0.00022945246
0 days 00:00:13.220000,0.009434212172942321,-0.20404800000000003,0.25506,9.81,0.0,0.0,0.0,0.0,0.00034906585039886593,0.00034906585039886593,0.0005235987755982988,0.0,13.09,8.699999999999996,1,1,100.0,4,0.0,-0.005,-0.005,52.6481395,9.7455208,33.46,32.38,52.648137,9.745532299999999,0.028099800957108706,-0.01780235837034216,4.238706621393429,0.015,0.01,-0.0,-0.0050882148,0.00013795751,0.0049082623
0 days 00:00:13.230000,0.009434212172942321,-0.180504,0.290376,9.762912000000002,0.0,0.0,0.0,0.0,0.0,-0.0006981317007977319,0.00034906585039886593,0.0,13.09,6.899999999999999,1,1,100.0,4,0.005,-0.005,-0.0,52.6481395,9.7455208,33.46,32.38,52.648137,9.745532299999999,0.028099800957108706,-0.01780235837034216,4.238706621393429,0.015,0.01,-0.0,-0.004999208,0.0049955253,-0.00022945246
0 days 00:00:13.240000,0.009552139825104099,-0.13734000000000002,0.24328800000000003,9.853164,0.0,0.0,0.0,0.0,0.0005235987755982988,0.0013962634015954637,0.00034906585039886593,0.0,13.09,5.100000000000001,1,1,100.0,4,0.0,-0.005,-0.0,52.6481395,9.7455208,33.46,32.38,52.648137,9.745532299999999,0.028099800957108706,-0.01780235837034216,4.238706621393429,0.015,0.01,-0.0,-0.004999208,-2.5007523e-06,-8.8971945e-05
0 days 00:00:13.250000,0.00967006747726588,-0.21582000000000004,0.28252800000000006,9.770760000000001,0.0,0.0,0.0,0.0,0.0,-0.00034906585039886593,0.00017453292519943296,0.0,13.09,4.5,1,1,100.0,4,0.0,-0.005,-0.0,52.6481395,9.7455208,33.46,32.38,52.648137,9.745532299999999,0.028099800957108706,-0.01780235837034216,4.238706621393429,0.015,0.01,-0.0,-0.004999208,-2.5007523e-06,-8.8971945e-05
0 days 00:00:13.260000,0.00967006747726588,-0.192276,0.27075600000000005,9.794304,0.0,0.0,0.0,0.0,-0.00017453292519943296,0.0,0.0006981317007977319,0.0,13.09,3.8999999999999986,1,1,100.0,4,0.0,-0.01,-0.0,52.6481395,9.7455208,33.46,32.38,52.648137,9.745532299999999,0.028099800957108706,-0.01780235837034216,4.238706621393429,0.005,0.015,-0.02,-0.009998416,-5.0015046e-06,-0.00017794389
0 days 00:00:13.270000,0.009787995129427659,-0.17658000000000004,0.266832,9.825696,0.0,0.0,0.0,0.0,0.00017453292519943296,0.0005235987755982988,0.0005235987755982988,0.0,13.09,3.599999999999998,1,1,100.0,4,0.0,-0.01,-0.0,52.6481395,9.7455208,33.46,32.38,52.648137,9.745532299999999,0.028099800957108706,-0.01780235837034216,4.238706621393429,0.005,0.015,-0.02,-0.009998416,-5.0015046e-06,-0.00017794389
0 days 00:00:13.280000,0.009905922781589438,-0.21189600000000003,0.27075600000000005,9.786456000000001,0.0,0.0,0.0,0.0,-0.00017453292519943296,-0.00034906585039886593,0.0005235987755982988,0.0,13.09,3.299999999999997,1,1,100.0,4,0.0,-0.01,-0.0,52.6481395,9.7455208,33.46,32.38,52.648137,9.745532299999999,0.028099800957108706,-0.01780235837034216,4.238706621393429,0.005,0.015,-0.02,-0.009998416,-5.0015046e-06,-0.00017794389
0 days 00:00:13.290000,0.009905922781589438,-0.17658000000000004,0.25506,9.806076000000001,0.0,0.0,0.0,0.0,0.0,0.00017453292519943296,0.0005235987755982988,0.0,13.09,2.849999999999998,1,1,100.0,4,0.0,-0.01,-0.0,52.6481395,9.7455208,33.46,32.38,52.648137,9.745532299999999,0.028099800957108706,-0.01780235837034216,4.238706621393429,0.005,0.015,-0.02,-0.009998416,-5.0015046e-06,-0.00017794389
0 days 00:00:13.300000,0.010023850433751218,-0.20012400000000002,0.27075600000000005,9.778608,0.0,0.0,0.0,0.0,-0.00017453292519943296,0.0,0.0006981317007977319,0.0,13.09,2.3999999999999986,1,1,100.0,4,0.0,-0.01,-0.0,52.6481395,9.7455208,33.46,32.38,52.648137,9.745532299999999,0.028099800957108706,-0.01780235837034216,4.238706621393429,0.005,0.015,-0.02,-0.009998416,-5.0015046e-06,-0.00017794389
0 days 00:00:13.310000,0.010141778085912994,-0.21974400000000002,0.27468000000000004,9.794304,0.0,0.0,0.0,0.0,-0.00017453292519943296,-0.00017453292519943296,0.0005235987755982988,0.0,13.09,1.3499999999999979,1,1,100.0,4,0.005,-0.015,0.005,52.6481395,9.7455208,33.46,32.38,52.648137,9.745532299999999,0.028099800957108706,-0.01780235837034216,4.238706621393429,0.025,0.01,-0.06,-0.0149086155,0.0048500653,-0.0054046307
0 days 00:00:13.320000,0.010259705738074776,-0.21189600000000003,0.25506,9.782532000000002,0.0,0.0,0.0,0.0,0.0,-0.00034906585039886593,0.00034906585039886593,2.0,13.09,0.29999999999999716,1,1,100.0,4,0.005,-0.015,0.005,52.6481395,9.7455208,33.46,32.38,52.648137,9.745532299999999,0.028099800957108706,-0.01780235837034216,4.238706621393429,0.025,0.01,-0.06,-0.0149086155,0.0048500653,-0.0054046307
0 days 00:00:13.330000,0.010377633390236556,-0.20404800000000003,0.258984,9.802152000000001,0.0,0.0,0.0,0.0,0.0,0.0,0.0006981317007977319,4.0,13.09,0.29999999999999716,1,1,100.0,4,0.005,-0.015,0.005,52.6481395,9.7455208,33.46,32.38,52.648137,9.745532299999999,0.028099800957108706,-0.01780235837034216,4.238706621393429,0.025,0.01,-0.06,-0.0149086155,0.0048500653,-0.0054046307
0 days 00:00:13.340000,0.010495561042398332,-0.20404800000000003,0.27468000000000004,9.782532000000002,0.0,0.0,0.0,0.0,-0.00017453292519943296,-0.0005235987755982988,0.00034906585039886593,6.0,13.09,0.29999999999999716,1,1,100.0,4,0.005,-0.015,0.005,52.6481395,9.7455208,33.46,32.38,52.648137,9.745532299999999,0.028099800957108706,-0.01780235837034216,4.238706621393429,0.025,0.01,-0.06,-0.0149086155,0.0048500653,-0.0054046307
0 days 00:00:13.350000,0.010613488694560112,-0.223668,0.27468000000000004,9.770760000000001,0.0,0.0,0.0,0.0,-0.00034906585039886593,-0.0008726646259971648,0.00034906585039886593,8.0,13.09,0.29999999999999716,1,1,100.0,4,0.005,-0.015,0.01,52.6481395,9.7455208,33.46,32.38,52.648137,9.745532299999999,0.027925268031909273,-0.01780235837034216,4.238706621393429,0.025,0.01,-0.06,-0.014819609,0.0047114226,-0.010401043
0 days 00:00:13.360000,0.010613488694560112,-0.21189600000000003,0.266832,9.794304,0.0,0.0,0.0,0.0,-0.00017453292519943296,-0.0010471975511965976,0.0005235987755982988,10.0,13.09,0.29999999999999716,1,1,100.0,4,-0.015,-0.005,-0.0,52.6481396,9.7455208,33.43,32.38,52.648137,9.745532299999999,0.028099800957108706,-0.01780235837034216,4.238706621393429,-0.04,0.01,0.065,-0.004999208,-0.014996579,0.00033246962
0 days 00:00:13.370000,0.010849343998883671,-0.20797200000000002,0.251136,9.806076000000001,0.0,0.0,0.0,0.0,-0.00034906585039886593,-0.0008726646259971648,0.0006981317007977319,11.0,13.09,0.29999999999999716,1,1,100.0,4,-0.015,-0.005,-0.0,52.6481396,9.7455208,33.43,32.38,52.648137,9.745532299999999,0.028099800957108706,-0.01780235837034216,4.238706621393429,-0.04,0.01,0.065,-0.004999208,-0.014996579,0.00033246962
0 days 00:00:13.380000,0.010967271651045449,-0.21974400000000002,0.28252800000000006,9.758988,0.0,0.0,0.0,0.0,-0.00034906585039886593,-0.002617993877991494,0.00034906585039886593,13.0,13.09,0.29999999999999716,1,1,100.0,4,-0.015,-0.005,-0.0,52.6481396,9.7455208,33.43,32.38,52.648137,9.745532299999999,0.028099800957108706,-0.01780235837034216,4.238706621393429,-0.04,0.01,0.065,-0.004999208,-0.014996579,0.00033246962
0 days 00:00:13.390000,0.011085199303207229,-0.16480800000000004,0.26290800000000003,9.81,0.0,0.0,0.0,0.0,-0.00017453292519943296,-0.0012217304763960308,0.0005235987755982988,15.0,13.09,0.29999999999999716,1,1,100.0,4,-0.015,-0.005,-0.0,52.6481396,9.7455208,33.43,32.38,52.648137,9.745532299999999,0.028099800957108706,-0.01780235837034216,4.238706621393429,-0.04,0.01,0.065,-0.004999208,-0.014996579,0.00033246962
0 days 00:00:13.400000,0.011203126955369005,-0.21189600000000003,0.266832,9.762912000000002,0.0,0.0,0.0,0.0,-0.00034906585039886593,-0.0024434609527920616,0.0005235987755982988,17.0,13.09,0.29999999999999716,1,1,100.0,4,-0.015,-0.005,-0.0,52.6481396,9.7455208,33.43,32.38,52.648137,9.745532299999999,0.028099800957108706,-0.017627825445142728,4.238706621393429,-0.04,0.01,0.065,-0.004999223,-0.014996555,0.00033334177
0 days 00:00:13.410000,0.011321054607530787,-0.13734000000000002,0.266832,9.782532000000002,0.0,0.0,0.0,0.0,-0.00034906585039886593,-0.002967059728390361,0.00034906585039886593,18.0,13.09,0.29999999999999716,1,1,100.0,4,0.0,-0.005,0.005,52.6481396,9.7455208,33.43,32.38,52.648137,9.745532299999999,0.028099800957108706,-0.017627825445142728,4.238706621393429,0.02,-0.01,-0.02,-0.0049110884,-0.00014293492,-0.005085349
0 days 00:00:13.420000,0.011438982259692566,-0.11772,0.26290800000000003,9.802152000000001,0.0,0.0,0.0,0.0,-0.00034906585039886593,-0.002967059728390361,0.00017453292519943296,17.0,13.09,0.29999999999999716,1,1,100.0,4,0.0,-0.005,0.005,52.6481396,9.7455208,33.43,32.38,52.648137,9.745532299999999,0.028099800957108706,-0.017627825445142728,4.238706621393429,0.02,-0.01,-0.02,-0.0049110884,-0.00014293492,-0.005085349
0 days 00:00:13.430000,0.011556909911854344,-0.11379600000000001,0.25506,9.778608,0.0,0.0,0.0,0.0,-0.00017453292519943296,-0.004363323129985824,0.00034906585039886593,15.0,13.09,0.1499999999999986,1,1,100.0,4,0.0,0.0,0.005,52.6481396,9.7455208,33.43,32.38,52.648137,9.745532299999999,0.028099800957108706,-0.017627825445142728,4.238706621393429,0.02,-0.01,-0.02,8.813456e-05,-0.00014045868,-0.004997249
0 days 00:00:13.440000,0.011674837564016124,-0.039240000000000004,0.28252800000000006,9.82962,0.0,0.0,0.0,0.0,-0.00017453292519943296,-0.0031415926535897933,0.0,13.0,13.09,0.0,1,1,100.0,4,0.0,0.0,0.005,52.6481396,9.7455208,33.43,32.38,52.648137,9.745532299999999,0.028099800957108706,-0.017627825445142728,4.238706621393429,0.02,-0.01,-0.02,8.813456e-05,-0.00014045868,-0.004997249
0 days 00:00:13.450000,0.011910692868339682,-0.16480800000000004,0.258984,9.802152000000001,0.0,0.0,0.0,0.0,0.0,-0.004537856055185257,0.00034906585039886593,12.0,13.09,-0.15000000000000036,1,1,100.0,4,0.0,0.0,0.005,52.6481396,9.7455208,33.43,32.38,52.648137,9.745532299999999,0.028099800957108706,-0.017453292519943295,4.238706621393429,0.02,-0.01,-0.02,8.726203e-05,-0.00014045913,-0.004997265
0 days 00:00:13.460000,0.011910692868339682,-0.13734000000000002,0.28252800000000006,9.786456000000001,0.0,0.0,0.0,0.0,-0.00017453292519943296,-0.006108652381980153,0.0005235987755982988,10.0,13.09,-0.3000000000000007,1,1,100.0,4,0.0,0.005,0.005,52.6481396,9.7455208,33.44,32.38,52.648137,9.745532299999999,0.028099800957108706,-0.017453292519943295,4.238706621393429,0.0,-0.01,-0.03,0.0050865007,-0.0001380074,-0.0049100374
0 days 00:00:13.470000,0.012146548172663241,-0.062784,0.27075600000000005,9.802152000000001,0.0,0.0,0.0,0.0,-0.00017453292519943296,-0.005235987755982988,0.0005235987755982988,8.0,13.09,-0.45000000000000107,1,1,100.0,4,0.0,0.005,0.005,52.6481396,9.7455208,33.44,32.38,52.648137,9.745532299999999,0.028099800957108706,-0.017453292519943295,4.238706621393429,0.0,-0.01,-0.03,0.0050865007,-0.0001380074,-0.0049100374
0 days 00:00:13.480000,0.012146548172663241,-0.062784,0.28645200000000004,9.79038,0.0,0.0,0.0,0.0,0.0,-0.005934119456780722,0.0005235987755982988,7.0,13.09,-0.6000000000000014,1,1,100.0,4,0.0,0.005,0.005,52.6481396,9.7455208,33.44,32.38,52.648137,9.745532299999999,0.028099800957108706,-0.017453292519943295,4.238706621393429,0.0,-0.01,-0.03,0.0050865007,-0.0001380074,-0.0049100374
0 days 00:00:13.490000,0.012264475824825018,-0.031392,0.27468000000000004,9.778608,0.0,0.0,0.0,0.0,-0.00017453292519943296,-0.005235987755982988,0.0008726646259971648,7.0,13.09,-0.6000000000000014,1,1,100.0,4,0.0,0.01,0.01,52.6481396,9.7455208,33.44,32.38,52.648137,9.745532299999999,0.028099800957108706,-0.017278759594743863,4.238706621393429,0.0,-0.01,-0.03,0.010171286,-0.0002760647,-0.00982185
0 days 00:00:13.500000,0.012382403476986797,-0.09417600000000001,0.266832,9.778608,0.0,0.0,0.0,0.0,-0.00034906585039886593,-0.005235987755982988,0.0012217304763960308,6.0,13.09,-0.6000000000000014,1,1,100.0,4,0.0,0.01,0.01,52.6481396,9.7455208,33.44,32.38,52.648137,9.745532299999999,0.028099800957108706,-0.017278759594743863,4.238706621393429,0.0,-0.01,-0.03,0.010171286,-0.0002760647,-0.00982185
0 days 00:00:13.510000,0.012382403476986797,-0.10594800000000001,0.258984,9.758988,0.0,0.0,0.0,0.0,-0.0012217304763960308,-0.004537856055185257,0.0013962634015954637,6.0,13.09,-0.45000000000000107,1,1,100.0,4,0.01,0.0,0.015,52.6481396,9.745520899999999,33.42,32.38,52.648137,9.745532299999999,0.027925268031909273,-0.01710422666954443,4.238706621393429,0.025,0.015,-0.045,0.00025655088,0.009577338,-0.015271175
0 days 00:00:13.520000,0.012500331129148577,-0.153036,0.251136,9.774684,0.0,0.0,0.0,0.0,-0.0015707963267948967,-0.0041887902047863905,0.0010471975511965976,6.0,13.09,-0.3000000000000007,1,1,100.0,4,0.01,0.0,0.015,52.6481396,9.745520899999999,33.42,32.38,52.648137,9.745532299999999,0.027925268031909273,-0.01710422666954443,4.238706621393429,0.025,0.015,-0.045,0.00025655088,0.009577338,-0.015271175
0 days 00:00:13.530000,0.012618258781310357,-0.133416,0.251136,9.794304,0.0,0.0,0.0,0.0,-0.0017453292519943296,-0.00471238898038469,0.0008726646259971648,6.0,13.09,-0.3000000000000007,1,1,100.0,4,0.01,0.0,0.015,52.6481396,9.745520899999999,33.42,32.38,52.648137,9.745532299999999,0.027925268031909273,-0.01710422666954443,4.238706621393429,0.025,0.015,-0.045,0.00025655088,0.009577338,-0.015271175
0 days 00:00:13.540000,0.012618258781310357,-0.10987200000000001,0.24328800000000003,9.817848000000001,0.0,0.0,0.0,0.0,-0.0019198621771937623,-0.0041887902047863905,0.0008726646259971648,6.0,13.09,-0.3000000000000007,1,1,100.0,4,0.005,0.0,0.015,52.6481396,9.745520899999999,33.42,32.38,52.648137,9.745532299999999,0.027925268031909273,-0.01710422666954443,4.238706621393429,0.025,0.015,-0.045,0.00025655088,0.0045792875,-0.015131567
0 days 00:00:13.550000,0.012618258781310357,-0.05101200000000001,0.251136,9.837468000000001,0.0,0.0,0.0,0.0,-0.0017453292519943296,-0.004363323129985824,0.0005235987755982988,6.0,13.09,-0.3000000000000007,1,1,100.0,4,0.005,0.0,0.01,52.6481396,9.745520899999999,33.42,32.38,52.648137,9.745532299999999,0.027925268031909273,-0.016929693744344994,4.238706621393429,0.025,0.015,-0.045,0.00016928885,0.004718874,-0.010134277
0 days 00:00:13.560000,0.012618258781310357,-0.039240000000000004,0.27075600000000005,9.821772000000001,0.0,0.0,0.0,0.0,-0.0019198621771937623,-0.003316125578789226,0.0006981317007977319,6.0,13.09,-0.3000000000000007,1,1,100.0,4,0.005,0.01,0.015,52.648139799999996,9.745521199999999,33.35,32.38,52.648137,9.745532299999999,0.027925268031909273,-0.016929693744344994,4.238706621393429,0.005,-0.015,-0.01,0.0102525,0.004584013,-0.014962388
0 days 00:00:13.570000,0.012736186433472133,-0.08240400000000002,0.28645200000000004,9.782532000000002,0.0,0.0,0.0,0.0,-0.0020943951023931952,-0.0038397243543875246,0.00034906585039886593,7.0,13.09,-0.3000000000000007,1,1,100.0,4,0.005,0.01,0.015,52.648139799999996,9.745521199999999,33.35,32.38,52.648137,9.745532299999999,0.027925268031909273,-0.016929693744344994,4.238706621393429,0.005,-0.015,-0.01,0.0102525,0.004584013,-0.014962388
0 days 00:00:13.580000,0.012736186433472133,-0.066708,0.27468000000000004,9.81,0.0,0.0,0.0,0.0,-0.0017453292519943296,-0.002967059728390361,0.0006981317007977319,7.0,13.09,-0.3000000000000007,1,1,100.0,4,0.005,0.01,0.015,52.648139799999996,9.745521199999999,33.35,32.38,52.648137,9.745532299999999,0.02775073510670984,-0.016929693744344994,4.238706621393429,0.005,-0.015,-0.01,0.0102525,0.004586624,-0.014961588
0 days 00:00:13.590000,0.012736186433472133,-0.090252,0.27468000000000004,9.802152000000001,0.0,0.0,0.0,0.0,-0.0015707963267948967,-0.0022689280275926286,0.0006981317007977319,6.0,13.09,-0.3000000000000007,1,1,100.0,4,0.005,0.01,0.015,52.648139799999996,9.745521199999999,33.35,32.37,52.648137,9.745532299999999,0.02775073510670984,-0.016929693744344994,4.238706621393429,0.005,-0.015,-0.01,0.0102525,0.004586624,-0.014961588
0 days 00:00:13.600000,0.012736186433472133,-0.125568,0.23936400000000002,9.841392,0.0,0.0,0.0,0.0,-0.0006981317007977319,-0.0022689280275926286,0.0006981317007977319,6.0,13.09,-0.3000000000000007,1,1,100.0,4,0.005,0.01,0.015,52.648139799999996,9.745521199999999,33.35,32.37,52.648137,9.745532299999999,0.02775073510670984,-0.016929693744344994,4.238706621393429,0.005,-0.015,-0.01,0.0102525,0.004586624,-0.014961588
0 days 00:00:13.610000,0.012736186433472133,-0.11772,0.290376,9.798228,0.0,0.0,0.0,0.0,-0.0008726646259971648,-0.0020943951023931952,0.0006981317007977319,6.0,13.09,-0.3000000000000007,1,1,100.0,4,0.01,0.005,0.015,52.648139799999996,9.745521199999999,33.35,32.37,52.648137,9.745532299999999,0.02775073510670984,-0.016929693744344994,4.238706621393429,0.01,0.005,-0.02,0.0052532167,0.00958235,-0.015184935
0 days 00:00:13.620000,0.012854114085633915,-0.11379600000000001,0.25506,9.837468000000001,0.0,0.0,0.0,0.0,-0.00034906585039886593,-0.0010471975511965976,0.0005235987755982988,6.0,13.09,-0.3000000000000007,1,1,100.0,4,0.01,0.005,0.01,52.648139799999996,9.745521199999999,33.35,32.38,52.648137,9.745532299999999,0.02775073510670984,-0.016755160819145562,4.238706621393429,0.01,0.005,-0.02,0.0051668417,0.009721041,-0.010188478
0 days 00:00:13.630000,0.012854114085633915,-0.129492,0.266832,9.872784,0.0,0.0,0.0,0.0,0.00017453292519943296,-0.0012217304763960308,0.0005235987755982988,6.0,13.09,-0.3000000000000007,1,1,100.0,4,0.01,0.005,0.01,52.648139799999996,9.745521199999999,33.35,32.38,52.648137,9.745532299999999,0.02775073510670984,-0.016755160819145562,4.238706621393429,0.01,0.005,-0.02,0.0051668417,0.009721041,-0.010188478
0 days 00:00:13.640000,0.012854114085633915,-0.125568,0.251136,9.857088000000003,0.0,0.0,0.0,0.0,0.00034906585039886593,-0.0017453292519943296,0.00017453292519943296,7.0,13.09,-0.3000000000000007,1,1,100.0,4,0.005,0.005,0.01,52.648139799999996,9.745521199999999,33.35,32.38,52.648137,9.745532299999999,0.02775073510670984,-0.016755160819145562,4.238706621393429,0.01,0.005,-0.02,0.0051668417,0.0047229663,-0.010049743
0 days 00:00:13.650000,0.012854114085633915,-0.08240400000000002,0.278604,9.82962,0.0,0.0,0.0,0.0,0.00017453292519943296,-0.0012217304763960308,0.00034906585039886593,7.0,13.09,-0.3000000000000007,1,1,100.0,4,0.01,0.005,0.01,52.648139799999996,9.745521199999999,33.35,32.38,52.648137,9.745532299999999,0.02775073510670984,-0.016755160819145562,4.238706621393429,0.01,0.005,-0.02,0.0051668417,0.009721041,-0.010188478
0 days 00:00:13.660000,0.012854114085633915,-0.0981,0.26290800000000003,9.872784,0.0,0.0,0.0,0.0,0.00017453292519943296,-0.0008726646259971648,0.0,7.0,13.09,-0.3000000000000007,1,1,100.0,4,0.0,0.005,0.01,52.648139799999996,9.745521199999999,33.36,32.37,52.648137,9.745532299999999,0.027925268031909273,-0.016755160819145562,4.238706621393429,-0.005,0.01,0.015,0.0051668417,-0.00027683814,-0.009910959
0 days 00:00:13.670000,0.012854114085633915,-0.11379600000000001,0.25506,9.837468000000001,0.0,0.0,0.0,0.0,0.0,-0.0020943951023931952,0.0,7.0,13.09,-0.15000000000000036,1,1,100.0,4,0.0,0.005,0.005,52.648139799999996,9.745521199999999,33.36,32.37,52.648137,9.745532299999999,0.027925268031909273,-0.016755160819145562,4.238706621393429,-0.005,0.01,0.015,0.00508307,-0.00013724955,-0.00491361
0 days 00:00:13.680000,0.012854114085633915,-0.05886,0.223668,9.853164,0.0,0.0,0.0,0.0,0.00017453292519943296,-0.0006981317007977319,0.00017453292519943296,7.0,13.09,0.0,1,1,100.0,4,0.0,0.005,0.005,52.648139799999996,9.745521199999999,33.36,32.37,52.648137,9.745532299999999,0.027925268031909273,-0.016755160819145562,4.238706621393429,-0.005,0.01,0.015,0.00508307,-0.00013724955,-0.00491361
0 days 00:00:13.690000,0.012972041737795691,-0.0981,0.251136,9.845316,0.0,0.0,0.0,0.0,-0.00017453292519943296,-0.0005235987755982988,0.00017453292519943296,7.0,13.09,0.14999999999999855,1,1,100.0,4,0.0,0.005,0.005,52.648139799999996,9.745521199999999,33.36,32.38,52.648137,9.745532299999999,0.027925268031909273,-0.016755160819145562,4.238706621393429,-0.005,0.01,0.015,0.00508307,-0.00013724955,-0.00491361
0 days 00:00:13.700000,0.012972041737795691,-0.129492,0.24721200000000002,9.806076000000001,0.0,0.0,0.0,0.0,-0.0005235987755982988,-0.0019198621771937623,0.00034906585039886593,7.0,13.09,0.29999999999999716,1,1,100.0,4,0.0,0.005,0.005,52.648139799999996,9.745521199999999,33.36,32.38,52.648137,9.745532299999999,0.027925268031909273,-0.016755160819145562,4.238706621393429,-0.005,0.01,0.015,0.00508307,-0.00013724955,-0.00491361
0 days 00:00:13.710000,0.013089969389957472,-0.047088000000000005,0.28252800000000006,9.853164,0.0,0.0,0.0,0.0,-0.0006981317007977319,0.0,0.00017453292519943296,7.0,13.09,0.1499999999999986,1,1,100.0,4,-0.005,0.01,0.005,52.6481399,9.7455213,33.34,32.38,52.648137,9.745532299999999,0.027925268031909273,-0.016755160819145562,4.238706621393429,-0.01,-0.01,-0.02,0.010082368,-0.005132961,-0.0046902625
0 days 00:00:13.720000,0.013089969389957472,-0.125568,0.25506,9.857088000000003,0.0,0.0,0.0,0.0,-0.0006981317007977319,-0.00034906585039886593,0.0,8.0,13.09,0.0,1,1,100.0,4,-0.005,0.01,0.005,52.6481399,9.7455213,33.34,32.38,52.648137,9.745532299999999,0.027925268031909273,-0.016755160819145562,4.238706621393429,-0.01,-0.01,-0.02,0.010082368,-0.005132961,-0.0046902625
0 days 00:00:13.730000,0.013207897042119249,-0.12164400000000002,0.24721200000000002,9.82962,0.0,0.0,0.0,0.0,-0.0006981317007977319,-0.0013962634015954637,0.00034906585039886593,8.0,13.09,0.0,1,1,100.0,4,-0.005,0.015,0.005,52.6481399,9.7455213,33.34,32.38,52.648137,9.745532299999999,0.027925268031909273,-0.016755160819145562,4.238706621393429,-0.01,-0.01,-0.02,0.0150816655,-0.005130622,-0.004606523
0 days 00:00:13.740000,0.013325824694281029,-0.047088000000000005,0.27075600000000005,9.845316,0.0,0.0,0.0,0.0,-0.0013962634015954637,0.0,0.00017453292519943296,8.0,13.09,0.0,1,1,100.0,4,-0.005,0.015,0.005,52.6481399,9.7455213,33.34,32.38,52.648137,9.745532299999999,0.02775073510670984,-0.016755160819145562,4.238706621393429,-0.01,-0.01,-0.02,0.0150816655,-0.005129818,-0.0046074186
0 days 00:00:13.750000,0.01344375234644281,-0.0981,0.251136,9.837468000000001,0.0,0.0,0.0,0.0,-0.0012217304763960308,-0.0012217304763960308,0.00017453292519943296,8.0,13.09,0.0,1,1,100.0,4,-0.005,0.015,0.005,52.6481399,9.7455213,33.34,32.38,52.648137,9.745532299999999,0.02775073510670984,-0.016755160819145562,4.238706621393429,-0.01,-0.01,-0.02,0.0150816655,-0.005129818,-0.0046074186
0 days 00:00:13.760000,0.01344375234644281,-0.074556,0.266832,9.821772000000001,0.0,0.0,0.0,0.0,-0.0005235987755982988,-0.0019198621771937623,0.00017453292519943296,8.0,13.09,0.0,1,1,100.0,4,0.005,0.02,0.005,52.648139799999996,9.7455211,33.37,32.37,52.648137,9.745532299999999,0.02775073510670984,-0.016755160819145562,4.238706621393429,0.005,-0.035,-0.005,0.020080965,0.004868656,-0.0048011504
0 days 00:00:13.770000,0.013679607650766368,-0.019620000000000002,0.26290800000000003,9.81,0.0,0.0,0.0,0.0,-0.00034906585039886593,-0.0005235987755982988,0.00017453292519943296,8.0,13.09,0.0,1,1,100.0,4,0.005,0.02,0.005,52.648139799999996,9.7455211,33.37,32.38,52.648137,9.745532299999999,0.02775073510670984,-0.016755160819145562,4.238706621393429,0.005,-0.035,-0.005,0.020080965,0.004868656,-0.0048011504
0 days 00:00:13.780000,0.013797535302928146,-0.07848000000000001,0.25506,9.821772000000001,0.0,0.0,0.0,0.0,0.00017453292519943296,-0.0005235987755982988,0.0005235987755982988,9.0,13.09,0.0,1,1,100.0,4,0.005,0.02,0.005,52.648139799999996,9.7455211,33.37,32.38,52.648137,9.745532299999999,0.02775073510670984,-0.016755160819145562,4.238706621393429,0.005,-0.035,-0.005,0.020080965,0.004868656,-0.0048011504
0 days 00:00:13.790000,0.013915462955089926,-0.07063200000000001,0.266832,9.762912000000002,0.0,0.0,0.0,0.0,0.00017453292519943296,-0.0017453292519943296,0.00034906585039886593,9.0,13.09,0.0,1,1,100.0,4,0.005,0.025,0.005,52.648139799999996,9.7455211,33.37,32.38,52.648137,9.745532299999999,0.02775073510670984,-0.016755160819145562,4.238706621393429,0.005,-0.035,-0.005,0.025080264,0.0048709805,-0.004717411
0 days 00:00:13.800000,0.014033390607251702,-0.023544000000000002,0.27468000000000004,9.817848000000001,0.0,0.0,0.0,0.0,0.00034906585039886593,0.0,0.00017453292519943296,9.0,13.09,0.0,1,1,100.0,4,0.005,0.025,0.005,52.648139799999996,9.7455211,33.37,32.38,52.648137,9.745532299999999,0.02775073510670984,-0.016755160819145562,4.238706621393429,0.005,-0.035,-0.005,0.025080264,0.0048709805,-0.004717411
0 days 00:00:13.810000,0.014151318259413482,-0.08632800000000002,0.26290800000000003,9.79038,0.0,0.0,0.0,0.0,0.00034906585039886593,-0.00017453292519943296,0.0005235987755982988,9.0,13.09,0.0,1,1,100.0,4,-0.005,0.025,-0.0,52.648139199999996,9.7455201,33.21,32.38,52.648137,9.745532299999999,0.02775073510670984,-0.016755160819145562,4.238706621393429,-0.02,-0.01,0.05,0.024996491,-0.0049864524,0.000557434
0 days 00:00:13.820000,0.014387173563737041,-0.062784,0.258984,9.81,0.0,0.0,0.0,0.0,0.0006981317007977319,-0.0005235987755982988,0.00034906585039886593,9.0,13.09,0.0,1,1,100.0,4,-0.005,0.025,-0.0,52.648139199999996,9.7455201,33.21,32.38,52.648137,9.745532299999999,0.02775073510670984,-0.016755160819145562,4.238706621393429,-0.02,-0.01,0.05,0.024996491,-0.0049864524,0.000557434
0 days 00:00:13.830000,0.01450510121589882,-0.039240000000000004,0.27075600000000005,9.802152000000001,0.0,0.0,0.0,0.0,0.00034906585039886593,0.00017453292519943296,0.00034906585039886593,9.0,13.09,0.0,1,1,100.0,4,-0.005,0.025,-0.0,52.648139199999996,9.7455201,33.21,32.38,52.648137,9.745532299999999,0.02775073510670984,-0.016755160819145562,4.238706621393429,-0.02,-0.01,0.05,0.024996491,-0.0049864524,0.000557434
0 days 00:00:13.840000,0.014623028868060597,-0.07848000000000001,0.27468000000000004,9.813924,0.0,0.0,0.0,0.0,0.0005235987755982988,-0.00017453292519943296,0.00017453292519943296,9.0,13.09,0.0,1,1,100.0,4,-0.005,0.025,-0.0,52.648139199999996,9.7455201,33.21,32.38,52.648137,9.745532299999999,0.02775073510670984,-0.016755160819145562,4.238706621393429,-0.02,-0.01,0.05,0.024996491,-0.0049864524,0.000557434
0 days 00:00:13.850000,0.014740956520222377,-0.062784,0.27468000000000004,9.766836000000001,0.0,0.0,0.0,0.0,0.00017453292519943296,-0.0008726646259971648,0.00017453292519943296,10.0,13.09,0.0,1,1,100.0,4,-0.005,0.025,-0.0,52.648139199999996,9.7455201,33.21,32.38,52.648137,9.745532299999999,0.02775073510670984,-0.016580627893946133,4.238706621393429,-0.02,-0.01,0.05,0.024996564,-0.0049865735,0.00055307295
0 days 00:00:13.860000,0.014976811824545938,-0.023544000000000002,0.28252800000000006,9.794304,0.0,0.0,0.0,0.0,-0.00034906585039886593,0.0,0.00034906585039886593,10.0,13.09,0.0,1,1,100.0,4,-0.005,0.035,-0.0,52.648139099999995,9.7455202,33.2,32.38,52.648137,9.745532299999999,0.027925268031909273,-0.016755160819145562,4.238706621393429,-0.03,-0.03,0.03,0.034995086,-0.004981677,0.00072578277
0 days 00:00:13.870000,0.014976811824545938,-0.047088000000000005,0.26290800000000003,9.782532000000002,0.0,0.0,0.0,0.0,-0.0005235987755982988,-0.0008726646259971648,0.0005235987755982988,10.0,13.09,0.0,1,1,100.0,4,-0.005,0.035,-0.0,52.648139099999995,9.7455202,33.2,32.38,52.648137,9.745532299999999,0.027925268031909273,-0.016755160819145562,4.238706621393429,-0.03,-0.03,0.03,0.034995086,-0.004981677,0.00072578277
0 days 00:00:13.880000,0.015094739476707714,-0.011772000000000001,0.278604,9.79038,0.0,0.0,0.0,0.0,-0.0008726646259971648,-0.0008726646259971648,0.0005235987755982988,10.0,13.09,0.0,1,1,100.0,4,-0.005,0.035,-0.0,52.648139099999995,9.7455202,33.2,32.38,52.648137,9.745532299999999,0.027925268031909273,-0.016755160819145562,4.238706621393429,-0.03,-0.03,0.03,0.034995086,-0.004981677,0.00072578277
0 days 00:00:13.890000,0.015212667128869494,-0.011772000000000001,0.26290800000000003,9.782532000000002,0.0,0.0,0.0,0.0,-0.0006981317007977319,-0.0005235987755982988,0.0005235987755982988,10.0,13.09,0.0,1,1,100.0,4,-0.005,0.04,-0.0,52.648139099999995,9.7455202,33.2,32.38,52.648137,9.745532299999999,0.02775073510670984,-0.016755160819145562,4.238706621393429,-0.03,-0.03,0.03,0.039994385,-0.004979479,0.00080865284
0 days 00:00:13.900000,0.015330594781031274,-0.019620000000000002,0.27075600000000005,9.802152000000001,0.0,0.0,0.0,0.0,-0.0006981317007977319,-0.00017453292519943296,0.0005235987755982988,11.0,13.09,0.0,1,1,100.0,4,-0.005,0.04,-0.0,52.648139099999995,9.7455202,33.2,32.38,52.648137,9.745532299999999,0.02775073510670984,-0.016580627893946133,4.238706621393429,-0.03,-0.03,0.03,0.0399945,-0.004979673,0.00080167525
0 days 00:00:13.910000,0.015448522433193052,-0.027468000000000003,0.25506,9.79038,0.0,0.0,0.0,0.0,-0.0005235987755982988,-0.0008726646259971648,0.0006981317007977319,11.0,13.09,0.0,1,1,100.0,4,-0.005,0.04,-0.0,52.648139199999996,9.7455201,33.21,32.38,52.648137,9.745532299999999,0.02775073510670984,-0.016580627893946133,4.238706621393429,-0.005,-0.03,-0.03,0.0399945,-0.004979673,0.00080167525
0 days 00:00:13.920000,0.015448522433193052,0.027468000000000003,0.28252800000000006,9.802152000000001,0.0,0.0,0.0,0.0,-0.0005235987755982988,-0.00034906585039886593,0.00034906585039886593,11.0,13.09,0.0,1,1,100.0,4,-0.005,0.04,-0.0,52.648139199999996,9.7455201,33.21,32.38,52.648137,9.745532299999999,0.02775073510670984,-0.016580627893946133,4.238706621393429,-0.005,-0.03,-0.03,0.0399945,-0.004979673,0.00080167525
0 days 00:00:13.930000,0.015448522433193052,-0.015696,0.266832,9.813924,0.0,0.0,0.0,0.0,-0.0005235987755982988,-0.0005235987755982988,0.0005235987755982988,12.0,13.09,0.0,1,1,100.0,4,-0.005,0.04,-0.0,52.648139199999996,9.7455201,33.21,32.38,52.648137,9.745532299999999,0.02775073510670984,-0.016580627893946133,4.238706621393429,-0.005,-0.03,-0.03,0.0399945,-0.004979673,0.00080167525
0 days 00:00:13.940000,0.01556645008535483,0.0,0.27075600000000005,9.798228,0.0,0.0,0.0,0.0,-0.0006981317007977319,-0.0010471975511965976,0.00034906585039886593,12.0,13.09,0.0,1,1,100.0,4,-0.005,0.045,-0.0,52.648139199999996,9.7455201,33.21,32.38,52.648137,9.745532299999999,0.02775073510670984,-0.016580627893946133,4.238706621393429,-0.005,-0.03,-0.03,0.044993818,-0.0049773725,0.0008845427
0 days 00:00:13.950000,0.01556645008535483,0.011772000000000001,0.27468000000000004,9.81,0.0,0.0,0.0,0.0,-0.0008726646259971648,-0.0005235987755982988,0.0005235987755982988,12.0,13.09,0.0,1,1,100.0,4,-0.005,0.045,-0.0,52.648139199999996,9.7455201,33.21,32.38,52.648137,9.745532299999999,0.02775073510670984,-0.016580627893946133,4.238706621393429,-0.005,-0.03,-0.03,0.044993818,-0.0049773725,0.0008845427
0 days 00:00:13.960000,0.01556645008535483,0.0,0.258984,9.798228,0.0,0.0,0.0,0.0,-0.0008726646259971648,-0.0012217304763960308,0.0006981317007977319,12.0,13.09,0.0,1,1,100.0,4,0.0,0.045,-0.0,52.648139199999996,9.7455205,33.12,32.38,52.648137,9.745532299999999,0.02775073510670984,-0.016580627893946133,4.238706621393429,-0.005,-0.035,-0.03,0.044993818,2.0702002e-05,0.00074580684
0 days 00:00:13.970000,0.01556645008535483,0.03531600000000001,0.266832,9.817848000000001,0.0,0.0,0.0,0.0,-0.0006981317007977319,-0.0012217304763960308,0.0006981317007977319,13.0,13.09,0.0,1,1,100.0,4,0.0,0.045,-0.0,52.648139199999996,9.7455205,33.12,32.38,52.648137,9.745532299999999,0.02775073510670984,-0.016580627893946133,4.238706621393429,-0.005,-0.035,-0.03,0.044993818,2.0702002e-05,0.00074580684
0 days 00:00:13.980000,0.01556645008535483,0.031392,0.25506,9.802152000000001,0.0,0.0,0.0,0.0,-0.0008726646259971648,-0.0019198621771937623,0.0006981317007977319,13.0,13.09,0.0,1,1,100.0,4,0.0,0.045,-0.0,52.648139199999996,9.7455205,33.12,32.38,52.648137,9.745532299999999,0.02775073510670984,-0.016580627893946133,4.238706621393429,-0.005,-0.035,-0.03,0.044993818,2.0702002e-05,0.00074580684
0 days 00:00:13.990000,0.01556645008535483,0.05886,0.28252800000000006,9.802152000000001,0.0,0.0,0.0,0.0,-0.0006981317007977319,-0.0022689280275926286,0.0005235987755982988,14.0,13.09,0.0,1,1,100.0,4,0.0,0.05,-0.0,52.648139199999996,9.7455205,33.12,32.38,52.648137,9.745532299999999,0.02775073510670984,-0.016580627893946133,4.238706621393429,-0.005,-0.035,-0.03,0.049993128,2.3002225e-05,0.00082867424
0 days 00:00:14,0.01556645008535483,0.08240400000000002,0.258984,9.821772000000001,0.0,0.0,0.0,0.0,-0.0008726646259971648,-0.0017453292519943296,0.0005235987755982988,14.0,13.09,0.0,1,1,100.0,4,0.0,0.05,-0.0,52.648139199999996,9.7455205,33.12,32.38,52.648137,9.745532299999999,0.02775073510670984,-0.016580627893946133,4.238706621393429,-0.005,-0.035,-0.03,0.049993128,2.3002225e-05,0.00082867424
0 days 00:00:14.010000,0.01556645008535483,0.062784,0.258984,9.813924,0.0,0.0,0.0,0.0,-0.0006981317007977319,-0.0022689280275926286,0.0008726646259971648,14.0,13.09,0.0,1,1,100.0,4,0.0,0.055,-0.0,52.648139199999996,9.7455205,33.12,32.38,52.648137,9.745532299999999,0.02775073510670984,-0.016580627893946133,4.238706621393429,-0.025,-0.04,0.01,0.05499244,2.5302446e-05,0.0009115417
0 days 00:00:14.020000,0.01556645008535483,0.0981,0.26290800000000003,9.806076000000001,0.0,0.0,0.0,0.0,-0.0008726646259971648,-0.0020943951023931952,0.0005235987755982988,14.0,13.09,0.0,1,1,100.0,4,0.0,0.055,-0.0,52.648139199999996,9.7455205,33.12,32.38,52.648137,9.745532299999999,0.02775073510670984,-0.0164060949687467,4.238706621393429,-0.025,-0.04,0.01,0.054992598,2.5036128e-05,0.0009019473
0 days 00:00:14.030000,0.01556645008535483,0.074556,0.25506,9.81,0.0,0.0,0.0,0.0,-0.0006981317007977319,-0.0022689280275926286,0.00034906585039886593,15.0,13.09,0.0,1,1,100.0,4,0.0,0.06,-0.0,52.648139199999996,9.7455205,33.12,32.38,52.648137,9.745532299999999,0.02775073510670984,-0.0164060949687467,4.238706621393429,-0.025,-0.04,0.01,0.059991922,2.7312139e-05,0.0009839425
0 days 00:00:14.040000,0.01556645008535483,0.05886,0.26290800000000003,9.79038,0.0,0.0,0.0,0.0,-0.0008726646259971648,-0.0024434609527920616,0.0005235987755982988,15.0,13.09,0.0,1,1,100.0,4,0.0,0.06,-0.0,52.648139199999996,9.7455205,33.12,32.38,52.648137,9.745532299999999,0.02775073510670984,-0.0164060949687467,4.238706621393429,-0.025,-0.04,0.01,0.059991922,2.7312139e-05,0.0009839425
0 days 00:00:14.050000,0.01556645008535483,0.066708,0.25506,9.825696,0.0,0.0,0.0,0.0,-0.0006981317007977319,-0.0019198621771937623,0.0006981317007977319,16.0,13.09,0.14999999999999855,1,1,100.0,4,0.0,0.06,-0.0,52.648139199999996,9.7455205,33.12,32.38,52.648137,9.745532299999999,0.02775073510670984,-0.0164060949687467,4.238706621393429,-0.025,-0.04,0.01,0.059991922,2.7312139e-05,0.0009839425
0 days 00:00:14.060000,0.01556645008535483,0.03531600000000001,0.251136,9.806076000000001,0.0,0.0,0.0,0.0,-0.0005235987755982988,-0.002617993877991494,0.0008726646259971648,16.0,13.09,0.29999999999999716,1,1,100.0,4,0.0,0.06,-0.0,52.648139099999995,9.745520599999999,33.11,32.38,52.648137,9.745532299999999,0.02757620218151041,-0.0164060949687467,4.238706621393429,-0.01,-0.05,-0.0,0.059991922,2.714041e-05,0.0009839472
0 days 00:00:14.070000,0.01556645008535483,0.08632800000000002,0.251136,9.817848000000001,0.0,0.0,0.0,0.0,-0.00034906585039886593,-0.002617993877991494,0.0008726646259971648,17.0,13.09,0.1499999999999986,1,1,100.0,4,0.0,0.065,-0.0,52.648139099999995,9.745520599999999,33.11,32.38,52.648137,9.745532299999999,0.02757620218151041,-0.0164060949687467,4.238706621393429,-0.01,-0.05,-0.0,0.06499125,2.940211e-05,0.0010659428
0 days 00:00:14.080000,0.01556645008535483,0.08632800000000002,0.278604,9.82962,0.0,0.0,0.0,0.0,-0.0006981317007977319,-0.0017453292519943296,0.0008726646259971648,16.0,13.09,0.0,1,1,100.0,4,0.0,0.065,-0.0,52.648139099999995,9.745520599999999,33.11,32.38,52.648137,9.745532299999999,0.02757620218151041,-0.0164060949687467,4.238706621393429,-0.01,-0.05,-0.0,0.06499125,2.940211e-05,0.0010659428
0 days 00:00:14.090000,0.01556645008535483,0.054936000000000006,0.251136,9.770760000000001,0.0,0.0,0.0,0.0,-0.0010471975511965976,-0.0031415926535897933,0.0006981317007977319,17.0,13.09,0.0,1,1,100.0,4,0.0,0.07,-0.0,52.648139099999995,9.745520599999999,33.11,32.38,52.648137,9.745532299999999,0.02757620218151041,-0.016231562043547264,4.238706621393429,-0.01,-0.05,-0.0,0.06999078,3.1326992e-05,0.0011357275
0 days 00:00:14.100000,0.01556645008535483,0.0981,0.26290800000000003,9.817848000000001,0.0,0.0,0.0,0.0,-0.0008726646259971648,-0.0020943951023931952,0.0008726646259971648,17.0,13.09,0.0,1,1,100.0,4,0.0,0.07,-0.0,52.648139099999995,9.745520599999999,33.11,32.38,52.648137,9.745532299999999,0.02757620218151041,-0.016231562043547264,4.238706621393429,-0.01,-0.05,-0.0,0.06999078,3.1326992e-05,0.0011357275
0 days 00:00:14.110000,0.01556645008535483,0.08240400000000002,0.231516,9.813924,0.0,0.0,0.0,0.0,-0.0006981317007977319,-0.0017453292519943296,0.0008726646259971648,17.0,13.09,0.0,1,1,100.0,4,0.005,0.07,0.005,52.648139199999996,9.7455205,33.12,32.38,52.648137,9.745532299999999,0.02757620218151041,-0.016231562043547264,4.238706621393429,-0.02,-0.06,-0.02,0.07007193,0.0048915804,-0.0039995764
0 days 00:00:14.120000,0.01556645008535483,0.08632800000000002,0.258984,9.786456000000001,0.0,0.0,0.0,0.0,-0.0005235987755982988,-0.0024434609527920616,0.0006981317007977319,17.0,13.09,0.0,1,1,100.0,4,0.005,0.075,0.005,52.648139199999996,9.7455205,33.12,32.38,52.648137,9.745532299999999,0.02757620218151041,-0.016231562043547264,4.238706621393429,-0.02,-0.06,-0.02,0.075071275,0.004893818,-0.003918453
0 days 00:00:14.130000,0.01556645008535483,0.125568,0.258984,9.833544,0.0,0.0,0.0,0.0,-0.0005235987755982988,-0.0006981317007977319,0.0005235987755982988,18.0,13.09,0.0,1,1,100.0,4,0.005,0.075,0.005,52.648139199999996,9.7455205,33.12,32.38,52.648137,9.745532299999999,0.02757620218151041,-0.016231562043547264,4.238706621393429,-0.02,-0.06,-0.02,0.075071275,0.004893818,-0.003918453
0 days 00:00:14.140000,0.01556645008535483,0.04316400000000001,0.251136,9.798228,0.0,0.0,0.0,0.0,-0.00034906585039886593,-0.0024434609527920616,0.0008726646259971648,18.0,13.09,0.0,1,1,100.0,4,0.0,0.08,0.005,52.648139199999996,9.7455205,33.12,32.38,52.648137,9.745532299999999,0.02757620218151041,-0.016231562043547264,4.238706621393429,-0.02,-0.06,-0.02,0.080070615,-0.0001020431,-0.0036994661
0 days 00:00:14.150000,0.01556645008535483,0.13734000000000002,0.258984,9.806076000000001,0.0,0.0,0.0,0.0,-0.00034906585039886593,-0.0017453292519943296,0.0008726646259971648,19.0,13.09,0.0,1,1,100.0,4,0.0,0.08,0.005,52.648139199999996,9.7455205,33.12,32.38,52.648137,9.745532299999999,0.02757620218151041,-0.016231562043547264,4.238706621393429,-0.02,-0.06,-0.02,0.080070615,-0.0001020431,-0.0036994661
0 days 00:00:14.160000,0.01556645008535483,0.145188,0.24721200000000002,9.825696,0.0,0.0,0.0,0.0,-0.00017453292519943296,-0.0008726646259971648,0.0006981317007977319,18.0,13.09,0.0,1,1,100.0,4,0.0,0.085,0.005,52.648139099999995,9.7455204,33.14,32.38,52.648137,9.745532299999999,0.02757620218151041,-0.016231562043547264,4.238706621393429,-0.035,-0.065,-0.0,0.085069954,-9.980545e-05,-0.0036183428
0 days 00:00:14.170000,0.01556645008535483,0.090252,0.26290800000000003,9.802152000000001,0.0,0.0,0.0,0.0,-0.00017453292519943296,-0.0024434609527920616,0.0006981317007977319,19.0,13.09,0.0,1,1,100.0,4,0.0,0.085,0.005,52.648139099999995,9.7455204,33.14,32.38,52.648137,9.745532299999999,0.02757620218151041,-0.016057029118347832,4.238706621393429,-0.035,-0.065,-0.0,0.08506932,-0.00010021484,-0.0036331846
0 days 00:00:14.180000,0.01556645008535483,0.16088400000000003,0.258984,9.825696,0.0,0.0,0.0,0.0,0.0,-0.0012217304763960308,0.0006981317007977319,19.0,13.09,0.0,1,1,100.0,4,0.0,0.085,0.005,52.648139099999995,9.7455204,33.14,32.38,52.648137,9.745532299999999,0.02757620218151041,-0.016057029118347832,4.238706621393429,-0.035,-0.065,-0.0,0.08506932,-0.00010021484,-0.0036331846
0 days 00:00:14.190000,0.01556645008535483,0.125568,0.24721200000000002,9.806076000000001,0.0,0.0,0.0,0.0,0.0,-0.0015707963267948967,0.0008726646259971648,19.0,13.09,0.0,1,1,100.0,4,0.0,0.09,0.005,52.648139099999995,9.7455204,33.14,32.38,52.648137,9.745532299999999,0.02757620218151041,-0.016057029118347832,4.238706621393429,-0.035,-0.065,-0.0,0.09006868,-9.8001256e-05,-0.0035529335
0 days 00:00:14.200000,0.01556645008535483,0.14126400000000003,0.27468000000000004,9.798228,0.0,0.0,0.0,0.0,0.00017453292519943296,-0.0019198621771937623,0.0005235987755982988,20.0,13.09,0.0,1,1,100.0,4,0.0,0.095,0.005,52.648139099999995,9.7455204,33.14,32.38,52.648137,9.745532299999999,0.02757620218151041,-0.016057029118347832,4.238706621393429,-0.035,-0.065,-0.0,0.09506803,-9.578768e-05,-0.0034726823
0 days 00:00:14.210000,0.01556645008535483,0.145188,0.251136,9.821772000000001,0.0,0.0,0.0,0.0,0.00017453292519943296,-0.0010471975511965976,0.0006981317007977319,20.0,13.09,0.0,1,1,100.0,4,-0.005,0.105,-0.0,52.648139,9.745520299999999,33.15,32.38,52.648137,9.745532299999999,0.02757620218151041,-0.016057029118347832,4.238706621393429,-0.08,-0.1,0.035,0.10498646,-0.0049516135,0.0018231381
0 days 00:00:14.220000,0.01556645008535483,0.12164400000000002,0.258984,9.786456000000001,0.0,0.0,0.0,0.0,0.0,-0.0020943951023931952,0.0008726646259971648,21.0,13.09,0.0,1,1,100.0,4,-0.01,0.105,-0.0,52.648139,9.745520299999999,33.15,32.38,52.648137,9.745532299999999,0.02757620218151041,-0.016057029118347832,4.238706621393429,-0.08,-0.1,0.035,0.10498646,-0.009949712,0.0019610017
0 days 00:00:14.230000,0.01556645008535483,0.17265600000000003,0.27468000000000004,9.81,0.0,0.0,0.0,0.0,-0.00017453292519943296,-0.0013962634015954637,0.0006981317007977319,21.0,13.09,0.0,1,1,100.0,4,-0.005,0.11,-0.0,52.648139,9.745520299999999,33.15,32.38,52.648137,9.745532299999999,0.02757620218151041,-0.016057029118347832,4.238706621393429,-0.08,-0.1,0.035,0.10998582,-0.0049493997,0.0019033893
0 days 00:00:14.240000,0.01556645008535483,0.153036,0.23936400000000002,9.82962,0.0,0.0,0.0,0.0,-0.00017453292519943296,-0.0012217304763960308,0.0008726646259971648,21.0,13.09,0.0,1,1,100.0,4,-0.01,0.115,-0.0,52.648139,9.745520299999999,33.15,32.38,52.6481369,9.7455322,0.02757620218151041,-0.016057029118347832,4.238706621393429,-0.08,-0.1,0.035,0.114985175,-0.0099452855,0.0021215042
0 days 00:00:14.250000,0.01556645008535483,0.145188,0.27468000000000004,9.802152000000001,0.0,0.0,0.0,0.0,0.00017453292519943296,-0.0020943951023931952,0.0005235987755982988,21.0,13.09,0.0,1,1,100.0,4,-0.01,0.115,-0.0,52.648139,9.745520299999999,33.15,32.38,52.648137,9.745532299999999,0.02757620218151041,-0.016057029118347832,4.238706621393429,-0.08,-0.1,0.035,0.114985175,-0.0099452855,0.0021215042
0 days 00:00:14.260000,0.01556645008535483,0.149112,0.251136,9.833544,0.0,0.0,0.0,0.0,-0.00017453292519943296,-0.0012217304763960308,0.0008726646259971648,24.0,13.09,0.0,1,1,100.0,4,-0.01,0.12,-0.0,52.648139,9.745520299999999,33.15,32.38,52.648137,9.745532299999999,0.02757620218151041,-0.016057029118347832,4.238706621393429,-0.06,-0.1,0.035,0.11998453,-0.009943072,0.002201755
0 days 00:00:14.270000,0.01556645008535483,0.149112,0.28645200000000004,9.806076000000001,0.0,0.0,0.0,0.0,-0.00034906585039886593,-0.0015707963267948967,0.0006981317007977319,24.0,13.09,0.0,1,1,100.0,4,-0.005,0.12,-0.0,52.648139,9.745520299999999,33.15,32.38,52.648137,9.745532299999999,0.02757620218151041,-0.016057029118347832,4.238706621393429,-0.06,-0.1,0.035,0.11998453,-0.0049449727,0.0020638916
0 days 00:00:14.280000,0.01556645008535483,0.180504,0.26290800000000003,9.817848000000001,0.0,0.0,0.0,0.0,-0.00034906585039886593,-0.0013962634015954637,0.0005235987755982988,24.0,13.09,0.0,1,1,100.0,4,-0.01,0.125,-0.0,52.648139,9.745520299999999,33.15,32.38,52.648137,9.745532299999999,0.02757620218151041,-0.016057029118347832,4.238706621393429,-0.06,-0.1,0.035,0.124983884,-0.009940858,0.0022820064
0 days 00:00:14.290000,0.01556645008535483,0.14126400000000003,0.266832,9.806076000000001,0.0,0.0,0.0,0.0,-0.00034906585039886593,-0.0022689280275926286,0.0008726646259971648,25.0,13.09,0.0,1,1,100.0,4,-0.01,0.125,-0.0,52.648139,9.745520299999999,33.15,32.38,52.648137,9.7455322,0.02757620218151041,-0.016057029118347832,4.238706621393429,-0.06,-0.1,0.035,0.124983884,-0.009940858,0.0022820064
0 days 00:00:14.300000,0.01568437773751661,0.21189600000000003,0.290376,9.817848000000001,0.0,0.0,0.0,0.0,-0.0005235987755982988,-0.0008726646259971648,0.0006981317007977319,25.0,13.09,0.0,1,1,100.0,4,-0.005,0.13,-0.0,52.648139,9.745520299999999,33.15,32.38,52.6481369,9.7455322,0.02757620218151041,-0.016057029118347832,4.238706621393429,-0.06,-0.1,0.035,0.12998323,-0.0049405457,0.002224394
0 days 00:00:14.310000,0.01568437773751661,0.16873200000000002,0.25506,9.79038,0.0,0.0,0.0,0.0,-0.0008726646259971648,-0.0017453292519943296,0.0008726646259971648,24.0,13.09,0.0,1,1,100.0,4,-0.005,0.13,-0.0,52.648139,9.745520299999999,33.15,32.38,52.6481369,9.7455322,0.02757620218151041,-0.0158824961931484,4.238706621393429,-0.055,-0.095,-0.03,0.1299836,-0.004941171,0.0022017162
0 days 00:00:14.320000,0.01568437773751661,0.21974400000000002,0.290376,9.833544,0.0,0.0,0.0,0.0,-0.0006981317007977319,-0.0013962634015954637,0.0006981317007977319,24.0,13.09,0.0,1,1,100.0,4,-0.005,0.135,-0.0,52.648139,9.745520299999999,33.15,32.38,52.6481369,9.7455322,0.02757620218151041,-0.0158824961931484,4.238706621393429,-0.055,-0.095,-0.03,0.13498297,-0.0049389815,0.0022810951
0 days 00:00:14.330000,0.01568437773751661,0.20404800000000003,0.27075600000000005,9.837468000000001,0.0,0.0,0.0,0.0,-0.0005235987755982988,-0.0013962634015954637,0.0008726646259971648,26.0,13.09,0.0,1,1,100.0,4,-0.005,0.135,-0.0,52.648139,9.745520299999999,33.15,32.38,52.648137,9.745532299999999,0.02757620218151041,-0.0158824961931484,4.238706621393429,-0.055,-0.095,-0.03,0.13498297,-0.0049389815,0.0022810951
0 days 00:00:14.340000,0.01568437773751661,0.20012400000000002,0.27075600000000005,9.81,0.0,0.0,0.0,0.0,-0.00034906585039886593,-0.0017453292519943296,0.0012217304763960308,26.0,13.09,0.0,1,1,100.0,4,-0.005,0.14,-0.0,52.648139,9.745520299999999,33.15,32.38,52.648137,9.745532299999999,0.02757620218151041,-0.0158824961931484,4.238706621393429,-0.055,-0.095,-0.03,0.13998234,-0.004936792,0.002360474
0 days 00:00:14.350000,0.01580230538967839,0.24721200000000002,0.266832,9.82962,0.2139495079161318,0.2139495079161318,0.2139495079161318,0.2139495079161318,-0.00034906585039886593,-0.0019198621771937623,0.0010471975511965976,26.0,13.09,0.0,1,1,100.0,4,-0.005,0.14,-0.0,52.648139,9.745520299999999,33.15,32.38,52.648137,9.745532299999999,0.02757620218151041,-0.0158824961931484,4.238706621393429,-0.055,-0.095,-0.03,0.13998234,-0.004936792,0.002360474
