,Steer_Angle,Acc_Body_X,Acc_Body_Y,Acc_Body_Z,Tire_Rate_FL,Tire_Rate_FR,Tire_Rate_RL,Tire_Rate_RR,Rate_Body_X,Rate_Body_Y,Rate_Body_Z,Engine_Torque,Gear_Transmission,Break_Pressure,RCS1,RCS2,Rain,Temp,INS_Vel_Hor_X_POI1,INS_Vel_Hor_Y_POI1,INS_Vel_Hor_Z_POI1,GNSS_Lat_Abs,GNSS_Long_Abs,GNSS_Height,INS_Height_POI1,INS_Lat_Abs_POI1,INS_Long_Abs_POI1,INS_Roll,INS_Pitch,INS_Yaw,GNSS_Vel_Frame_X,GNSS_Vel_Frame_Y,GNSS_Vel_Frame_Z,INS_Vel_Body_X,INS_Vel_Body_Y,INS_Vel_Body_Z
0 days 00:00:00,0.010023850433751218,-0.33746400000000004,1.0320120000000002,10.732140000000001,77.29594565682498,77.29594565682498,77.29594565682498,77.29594565682498,0.08482300164692441,-0.041189770347066175,0.05759586531581287,63.0,2.39,0.0,1,1,20.0,4,0.075,23.650000000000002,0.145,52.6497362,9.746668,34.68,33.69,52.649718099999994,9.746658199999999,-0.033335788713091695,-0.025132741228718343,4.187393941384796,-11.945,-20.445,-0.24,23.646173,0.05998092,0.4516226
0 days 00:00:00.010000,0.010023850433751218,-0.18835200000000002,1.3655520000000003,10.551636000000002,77.31600342319211,77.31600342319211,77.31600342319211,77.31600342319211,0.07749261878854824,-0.038571776469074684,0.0582939970166106,63.0,2.39,0.0,1,1,20.5,4,0.08,23.650000000000002,0.14,52.6497362,9.746668,34.68,33.69,52.649716299999994,9.7466565,-0.032637657012293965,-0.024783675378319478,4.187917540160393,-11.945,-20.445,-0.24,23.646206,0.065399766,0.44848987
0 days 00:00:00.020000,0.010023850433751218,-0.26290800000000003,1.2753,10.991124000000001,77.42966409927257,77.42966409927257,77.42966409927257,77.42966409927257,0.07347836150896127,-0.039269908169872414,0.05899212871740834,61.0,2.39,0.0,1,1,21.0,4,0.08,23.650000000000002,0.13,52.6497271,9.7466592,34.660000000000004,33.69,52.649714499999995,9.746654699999999,-0.0317649923862968,-0.024434609527920616,4.188441138935992,-11.865,-20.445,-0.215,23.646116,0.06573577,0.4501747
0 days 00:00:00.030000,0.010023850433751218,-0.41202000000000005,1.012392,11.159856,77.78401797175866,77.78401797175866,77.78401797175866,77.78401797175866,0.07452555906015788,-0.0439822971502571,0.05916666164260777,60.0,2.39,0.0,1,1,21.5,4,0.08,23.650000000000002,0.115,52.6497271,9.7466592,34.660000000000004,33.68,52.649712699999995,9.746653,-0.031066860685499065,-0.02408554367752175,4.18913927063679,-11.865,-20.445,-0.215,23.64591,0.06584063,0.456867
0 days 00:00:00.040000,0.010023850433751218,-0.20012400000000002,1.0830240000000002,9.786456000000001,77.81744758237055,77.81744758237055,77.81744758237055,77.81744758237055,0.06283185307179587,-0.05480333851262195,0.05969026041820607,58.0,2.39,0.0,1,1,22.0,4,0.08,23.650000000000002,0.12,52.6497271,9.7466592,34.660000000000004,33.68,52.6497108,9.7466513,-0.030368728984701335,-0.02356194490192345,4.189662869412388,-11.865,-20.445,-0.215,23.646261,0.066687286,0.4394493
0 days 00:00:00.050000,0.010023850433751218,0.23544,1.035936,10.806696000000002,77.95785194694052,77.95785194694052,77.95785194694052,77.95785194694052,0.06178465552059926,-0.031241393610698498,0.05794493116621175,58.0,2.39,0.0,1,1,22.5,4,0.08,23.655,0.11,52.6497271,9.7466592,34.660000000000004,33.68,52.649708999999994,9.7466495,-0.029845130209103034,-0.023212879051524585,4.190361001113185,-11.865,-20.445,-0.215,23.651182,0.06686189,0.4412728
0 days 00:00:00.060000,0.010023850433751218,-0.8554320000000001,1.1222640000000002,10.210248,77.38286264441591,77.38286264441591,77.38286264441591,77.38286264441591,0.06213372137099814,-0.054977871437821374,0.05759586531581287,58.0,2.39,0.0,1,1,23.0,4,0.08,23.650000000000002,0.105,52.6497271,9.7466592,34.660000000000004,33.68,52.6497071,9.7466478,-0.0291469985083053,-0.022689280275926284,4.1908845998887845,-11.865,-20.445,-0.215,23.646296,0.06738847,0.43373066
0 days 00:00:00.070000,0.010023850433751218,0.32569200000000004,1.404792,10.579104000000001,77.46309370988446,77.46309370988446,77.46309370988446,77.46309370988446,0.05707226654021458,-0.03682644721708035,0.05742133239061344,58.0,2.39,0.0,1,1,23.5,4,0.085,23.66,0.1,52.6497178,9.7466504,34.660000000000004,33.68,52.6497053,9.7466461,-0.028623399732707007,-0.02234021442552742,4.191582731589582,-11.795,-20.51,-0.105,23.65633,0.072700284,0.43080753
0 days 00:00:00.080000,0.010023850433751218,-0.317844,0.9221400000000001,11.140236000000002,77.06193838254171,77.06193838254171,77.06193838254171,77.06193838254171,0.05951572749300663,-0.032812189937493394,0.05759586531581287,58.0,2.39,0.0,1,1,24.0,4,0.08,23.655,0.085,52.6497178,9.7466504,34.660000000000004,33.68,52.6497035,9.7466444,-0.027925268031909273,-0.02199114857512855,4.1921063303651795,-11.795,-20.51,-0.105,23.65115,0.06781789,0.4372433
0 days 00:00:00.090000,0.010023850433751218,-0.7494840000000002,1.1732760000000002,10.406448000000001,77.54332477535301,77.54332477535301,77.54332477535301,77.54332477535301,0.060388392119003806,-0.054977871437821374,0.05811946409141117,58.0,2.39,0.0,1,1,24.5,4,0.08,23.650000000000002,0.08,52.6497178,9.7466504,34.660000000000004,33.68,52.6497016,9.746642699999999,-0.027227136331111543,-0.021467549799530253,4.192629929140779,-11.795,-20.51,-0.105,23.646267,0.0683271,0.42970642
0 days 00:00:00.100000,0.010023850433751218,0.14126400000000003,1.342008,10.426068,77.40960633290543,77.40960633290543,77.40960633290543,77.40960633290543,0.06021385919380437,-0.03438298626428829,0.058468529941810045,58.0,2.39,0.0,1,1,25.0,4,0.085,23.655,0.075,52.6497178,9.7466504,34.660000000000004,33.68,52.6496998,9.7466409,-0.026703537555513242,-0.02111848394913139,4.193328060841576,-11.795,-20.51,-0.105,23.65131,0.0736344,0.42665553
0 days 00:00:00.110000,0.009905922781589438,-0.11772,1.3812480000000003,10.237716,77.91105049208386,77.91105049208386,77.91105049208386,77.91105049208386,0.052185344634630454,-0.0317649923862968,0.06073745796940267,58.0,2.39,0.0,1,1,25.5,4,0.085,23.655,0.07,52.6497178,9.7466504,34.660000000000004,33.68,52.6496979,9.746639199999999,-0.026179938779914945,-0.020943951023931952,4.193851659617174,-11.795,-20.51,-0.105,23.65128,0.073834985,0.42748758
0 days 00:00:00.120000,0.009905922781589438,-0.251136,0.7180920000000001,10.555560000000002,77.63024176294394,77.63024176294394,77.63024176294394,77.63024176294394,0.04066617157146788,-0.025132741228718346,0.05899212871740834,57.0,2.39,0.0,1,1,26.0,4,0.085,23.655,0.065,52.649708499999996,9.746641499999999,34.77,33.68,52.6496961,9.7466375,-0.025830872929516076,-0.020594885173533087,4.194549791317972,-11.69,-20.525000000000002,-0.155,23.651323,0.07406832,0.42420593
0 days 00:00:00.130000,0.009787995129427659,-0.60822,1.6127640000000003,10.363284,77.63024176294394,77.63024176294394,77.63024176294394,77.63024176294394,0.03508111796508603,-0.040491638646268445,0.05899212871740834,57.0,2.39,0.0,1,1,26.5,4,0.09,23.650000000000002,0.06,52.649708499999996,9.746641499999999,34.77,33.68,52.6496943,9.7466358,-0.02548180707911721,-0.020245819323134222,4.195073390093571,-11.69,-20.525000000000002,-0.155,23.646368,0.07930033,0.4209503
0 days 00:00:00.140000,0.00967006747726588,0.12164400000000002,0.9339120000000001,10.794924000000002,77.57675438596492,77.57675438596492,77.57675438596492,77.57675438596492,0.04852015320544236,-0.0291469985083053,0.058468529941810045,57.0,2.39,0.0,1,1,27.0,4,0.085,23.655,0.05,52.649708499999996,9.746641499999999,34.77,33.68,52.6496924,9.7466341,-0.02495820830351891,-0.019896753472735357,4.195771521794368,-11.69,-20.525000000000002,-0.155,23.651314,0.07447629,0.42262676
0 days 00:00:00.150000,0.00967006747726588,-0.14126400000000003,0.90252,10.355436000000001,77.46309370988446,77.46309370988446,77.46309370988446,77.46309370988446,0.05759586531581287,-0.030194196059501903,0.05689773361501515,57.0,2.39,0.0,1,1,27.5,4,0.085,23.655,0.045,52.649708499999996,9.746641499999999,34.77,33.68,52.6496906,9.7466324,-0.024260076602721184,-0.019722220547535925,4.196295120569967,-11.69,-20.525000000000002,-0.155,23.651287,0.074750185,0.42344552
0 days 00:00:00.160000,0.00967006747726588,-0.16088400000000003,0.80442,10.076832000000001,77.57675438596492,77.57675438596492,77.57675438596492,77.57675438596492,0.058468529941810045,-0.024434609527920613,0.054279739737023644,57.0,2.39,0.0,1,1,28.0,4,0.08,23.655,0.045,52.649708499999996,9.746641499999999,34.77,33.67,52.6496887,9.746630699999999,-0.023736477827122883,-0.019547687622336492,4.196818719345565,-11.69,-20.525000000000002,-0.155,23.651361,0.07007127,0.4191609
0 days 00:00:00.170000,0.009552139825104099,-0.20012400000000002,1.5735240000000001,9.861012,77.21571459135643,77.21571459135643,77.21571459135643,77.21571459135643,0.048171087355043496,-0.01937315469713706,0.055326937288220246,57.0,2.39,0.0,1,1,28.5,4,0.09,23.655,0.045,52.649699399999996,9.746631599999999,34.45,33.67,52.6496869,9.746629,-0.023212879051524585,-0.019198621771937627,4.197342318121163,-11.645,-20.575,-0.2,23.651505,0.08047967,0.41110253
0 days 00:00:00.180000,0.009434212172942321,-0.29430000000000006,1.7422560000000002,9.668736,77.21571459135643,77.21571459135643,77.21571459135643,77.21571459135643,0.031241393610698498,-0.013439035240356337,0.05794493116621175,56.0,2.39,0.0,1,1,29.0,4,0.095,23.650000000000002,0.05,52.649699399999996,9.746631599999999,34.45,33.67,52.6496851,9.7466273,-0.022863813201125717,-0.019198621771937627,4.198040449821961,-11.645,-20.575,-0.2,23.6466,0.08573834,0.406095
0 days 00:00:00.190000,0.009198356868618765,-0.1962,1.0320120000000002,10.739988,77.34943303380402,77.34943303380402,77.34943303380402,77.34943303380402,0.02775073510670984,-0.0031415926535897933,0.05707226654021458,56.0,2.39,0.0,1,1,29.5,4,0.095,23.650000000000002,0.04,52.649699399999996,9.746631599999999,34.45,33.67,52.6496832,9.7466256,-0.022689280275926284,-0.019198621771937627,4.198564048597559,-11.645,-20.575,-0.2,23.64641,0.08558238,0.41607562
0 days 00:00:00.200000,0.009080429216456985,-0.6867000000000001,0.875052,11.155932,77.76396020539153,77.76396020539153,77.76396020539153,77.76396020539153,0.03647738136668148,-0.013962634015954637,0.05689773361501515,56.0,2.39,0.0,1,1,30.0,4,0.09,23.650000000000002,0.025,52.649699399999996,9.746631599999999,34.45,33.67,52.6496814,9.7466238,-0.02234021442552742,-0.019024088846738195,4.199087647373157,-11.645,-20.575,-0.2,23.646194,0.08048605,0.42680153
0 days 00:00:00.210000,0.008962501564295206,-0.066708,1.0830240000000002,11.034288,78.14505776636713,78.14505776636713,78.14505776636713,78.14505776636713,0.04014257279586959,-0.01658062789394613,0.05515240436302082,56.0,2.39,0.0,1,1,30.0,4,0.09,23.650000000000002,0.015,52.649699399999996,9.746631599999999,34.45,33.67,52.6496795,9.7466221,-0.02181661564992912,-0.01884955592153876,4.199611246148756,-11.645,-20.575,-0.2,23.646082,0.08058142,0.4326291
0 days 00:00:00.220000,0.008962501564295206,-0.32569200000000004,0.992772,10.320120000000001,77.87762088147197,77.87762088147197,77.87762088147197,77.87762088147197,0.04206243497306335,-0.031415926535897934,0.053407075111026485,56.0,2.39,0.0,1,1,30.0,4,0.09,23.650000000000002,0.01,52.649690199999995,9.7466229,34.44,33.67,52.6496777,9.746620499999999,-0.021467549799530253,-0.018500490071139894,4.200134844924355,-11.585,-20.625,-0.095,23.646137,0.08080231,0.4293467
0 days 00:00:00.230000,0.008844573912133426,0.27075600000000005,0.9456840000000001,9.915948000000002,77.65029952931107,77.65029952931107,77.65029952931107,77.65029952931107,0.039968039870670144,-0.02495820830351891,0.04991641660703782,56.0,2.39,0.0,1,1,30.0,4,0.09,23.655,0.01,52.649690199999995,9.7466229,34.44,33.67,52.6496758,9.7466188,-0.020943951023931952,-0.01832595714594046,4.200658443699952,-11.585,-20.625,-0.095,23.651213,0.08111161,0.42526984
0 days 00:00:00.240000,0.00860871860780987,-0.30999600000000005,1.5617520000000003,9.723672,77.14885537013264,77.14885537013264,77.14885537013264,77.14885537013264,0.027925268031909273,-0.010995574287564275,0.05131268000863328,56.0,2.39,0.0,1,1,30.0,4,0.095,23.650000000000002,0.015,52.649690199999995,9.7466229,34.44,33.67,52.649674,9.7466171,-0.02076941809873252,-0.01815142422074103,4.201182042475551,-11.585,-20.625,-0.095,23.646376,0.08637619,0.41614372
0 days 00:00:00.250000,0.00837286330348631,-0.827964,1.263528,9.692280000000002,76.97502139495079,76.97502139495079,76.97502139495079,76.97502139495079,0.03804817769347638,-0.028274333882308142,0.051487212933832724,56.0,2.39,0.0,1,1,30.0,4,0.1,23.645,0.015,52.649690199999995,9.7466229,34.44,33.67,52.6496721,9.7466154,-0.020420352248333655,-0.017976891295541596,4.201705641251149,-11.585,-20.625,-0.095,23.641449,0.091606505,0.41199955
0 days 00:00:00.260000,0.008254935651324532,0.3531600000000001,1.0869480000000002,10.390752000000003,77.31600342319211,77.31600342319211,77.31600342319211,77.31600342319211,0.051487212933832724,-0.007679448708775049,0.05235987755982988,56.0,2.39,0.0,1,1,30.0,4,0.1,23.650000000000002,0.01,52.649690199999995,9.7466229,34.44,33.67,52.6496703,9.7466137,-0.019896753472735357,-0.017976891295541596,4.202229240026748,-11.585,-20.625,-0.095,23.646357,0.09172097,0.41703954
0 days 00:00:00.270000,0.008137007999162752,-0.10594800000000001,0.8554320000000001,11.030364,77.68372913992297,77.68372913992297,77.68372913992297,77.68372913992297,0.056025068989017976,0.0041887902047863905,0.05096361415823442,56.0,2.39,0.0,1,1,30.0,4,0.105,23.650000000000002,-0.005,52.6496809,9.7466144,34.44,33.67,52.6496685,9.746611999999999,-0.01937315469713706,-0.017976891295541596,4.202752838802345,-11.495000000000001,-20.675,-0.02,23.646088,0.09664785,0.43208313
0 days 00:00:00.280000,0.008019080347000974,-1.047708,0.8554320000000001,9.711900000000002,77.91105049208386,77.91105049208386,77.91105049208386,77.91105049208386,0.04642575810304917,-0.030194196059501903,0.0497418836818384,56.0,2.39,0.0,1,1,30.0,4,0.1,23.64,-0.0,52.6496809,9.7466144,34.44,33.67,52.649666599999996,9.7466103,-0.01884955592153876,-0.017627825445142728,4.203276437577944,-11.495000000000001,-20.675,-0.02,23.636326,0.09212809,0.41851103
0 days 00:00:00.290000,0.007901152694839195,0.46695600000000004,0.80442,10.178856000000001,77.87762088147197,77.87762088147197,77.87762088147197,77.87762088147197,0.03316125578789226,-0.016057029118347832,0.046076692252650306,56.0,2.39,0.0,1,1,30.0,4,0.1,23.650000000000002,-0.005,52.6496809,9.7466144,34.44,33.67,52.6496648,9.7466086,-0.018500490071139894,-0.017453292519943295,4.203800036353542,-11.495000000000001,-20.675,-0.02,23.64631,0.09225477,0.4195271
0 days 00:00:00.300000,0.007665297390515637,-0.7337880000000001,1.0791000000000002,10.088604,77.54332477535301,77.54332477535301,77.54332477535301,77.54332477535301,0.027052603405912107,-0.028623399732707003,0.0466002910282486,56.0,2.39,0.0,1,1,30.0,4,0.1,23.64,-0.01,52.6496809,9.7466144,34.44,33.67,52.649662899999996,9.7466069,-0.01815142422074103,-0.017278759594743863,4.204149102203941,-11.495000000000001,-20.675,-0.02,23.636297,0.09238852,0.42019415
0 days 00:00:00.310000,0.007547369738353857,-0.3413880000000001,1.283148,9.656964,77.32937526743689,77.32937526743689,77.32937526743689,77.32937526743689,0.03298672286269283,-0.04206243497306335,0.04852015320544236,56.0,2.39,0.0,1,1,30.0,4,0.105,23.64,-0.005,52.6496809,9.7466144,34.44,33.67,52.649660999999995,9.7466052,-0.01780235837034216,-0.016755160819145562,4.20467270097954,-11.495000000000001,-20.675,-0.02,23.636597,0.0978437,0.40287834
0 days 00:00:00.320000,0.007429442086192079,0.9064440000000001,0.9692280000000001,11.544408,77.21571459135643,77.21571459135643,77.21571459135643,77.21571459135643,0.04031710572106901,0.011344640137963142,0.046774823953448036,56.0,2.39,0.0,1,1,30.0,4,0.1,23.655,-0.025,52.6496717,9.746606,34.39,33.67,52.649659199999995,9.7466036,-0.017453292519943295,-0.01710422666954443,4.205196299755137,-11.5,-20.7,0.065,23.651114,0.09248762,0.43125695
0 days 00:00:00.330000,0.0073115144340302985,-1.377324,0.714168,10.857708,77.27588789045785,77.27588789045785,77.27588789045785,77.27588789045785,0.039095375244672985,-0.024085543677521748,0.04520402762665313,56.0,2.39,0.0,1,1,30.0,4,0.1,23.645,-0.035,52.6496717,9.746606,34.39,33.67,52.649657399999995,9.7466019,-0.016929693744344994,-0.016755160819145562,4.205719898530736,-11.5,-20.7,0.065,23.641096,0.09268675,0.43278342
0 days 00:00:00.340000,0.0071935867818685205,-0.37670400000000004,0.9064440000000001,9.547092000000001,77.61018399657681,77.61018399657681,77.61018399657681,77.61018399657681,0.032463124087094536,-0.0317649923862968,0.04520402762665313,56.0,2.39,0.0,1,1,30.0,4,0.1,23.64,-0.035,52.6496717,9.746606,34.39,33.67,52.649655499999994,9.7466002,-0.016580627893946133,-0.0164060949687467,4.206068964381135,-11.5,-20.7,0.065,23.636244,0.092976,0.42441782
0 days 00:00:00.350000,0.007075659129706741,0.39632400000000007,0.9535320000000002,10.143540000000002,77.78401797175866,77.78401797175866,77.78401797175866,77.78401797175866,0.026878070480712675,-0.003490658503988659,0.045029494701453704,56.0,2.39,0.0,1,1,30.0,4,0.1,23.650000000000002,-0.035,52.6496717,9.746606,34.39,33.67,52.6496536,9.7465985,-0.0164060949687467,-0.0164060949687467,4.206592563156733,-11.5,-20.7,0.065,23.646242,0.093047366,0.42456564
0 days 00:00:00.360000,0.006957731477544963,-0.769104,1.114416,10.237716,77.76396020539153,77.76396020539153,77.76396020539153,77.76396020539153,0.02617993877991494,-0.02234021442552742,0.0466002910282486,56.0,2.39,0.0,1,1,30.0,4,0.1,23.64,-0.04,52.6496717,9.746606,34.39,33.67,52.6496518,9.746596799999999,-0.016057029118347832,-0.016231562043547264,4.207116161932332,-11.5,-20.7,0.065,23.636236,0.09318417,0.42524302
0 days 00:00:00.370000,0.006839803825383184,0.1962,0.9064440000000001,10.26126,77.54332477535301,77.54332477535301,77.54332477535301,77.54332477535301,0.02181661564992912,-0.014137166941154071,0.04485496177625426,56.0,2.39,0.0,1,1,30.0,4,0.095,23.650000000000002,-0.045,52.649662,9.7465979,34.29,33.67,52.649649999999994,9.7465952,-0.0158824961931484,-0.016231562043547264,4.2074652277827305,-11.44,-20.715,0.04,23.646154,0.08817704,0.43030834
0 days 00:00:00.380000,0.006603948521059624,-0.07063200000000001,1.024164,10.229868,77.24245827984595,77.24245827984595,77.24245827984595,77.24245827984595,0.016231562043547268,-0.004537856055185257,0.04415683007545654,56.0,2.39,0.0,1,1,30.0,4,0.1,23.650000000000002,-0.05,52.649662,9.7465979,34.29,33.67,52.6496481,9.7465935,-0.015707963267948967,-0.016057029118347832,4.207988826558328,-11.44,-20.715,0.04,23.646147,0.093237825,0.4312437
0 days 00:00:00.390000,0.0064860208688978455,-0.42771600000000004,0.8240400000000001,9.633420000000001,77.31600342319211,77.31600342319211,77.31600342319211,77.31600342319211,0.00942477796076938,-0.020594885173533087,0.04310963252425994,56.0,2.39,0.0,1,1,30.0,4,0.1,23.645,-0.045,52.649662,9.7465979,34.29,33.67,52.6496462,9.7465918,-0.015533430342749533,-0.0158824961931484,4.208337892408728,-11.44,-20.715,0.04,23.641302,0.09345608,0.4220227
0 days 00:00:00.400000,0.006368093216736067,-0.039240000000000004,0.9849240000000001,10.080756000000001,77.38286264441591,77.38286264441591,77.38286264441591,77.38286264441591,0.007504915783575617,-0.005759586531581288,0.041887902047863905,56.0,2.39,0.0,1,1,30.0,4,0.1,23.645,-0.05,52.649662,9.7465979,34.29,33.67,52.6496444,9.7465902,-0.015533430342749533,-0.0158824961931484,4.208861491184326,-11.44,-20.715,0.04,23.641224,0.093378425,0.42702147
0 days 00:00:00.410000,0.006368093216736067,-0.7769520000000001,1.071252,9.715824000000001,77.46309370988446,77.46309370988446,77.46309370988446,77.46309370988446,0.010995574287564275,-0.018500490071139894,0.04136430327226561,56.0,2.39,0.0,1,1,30.0,4,0.1,23.64,-0.05,52.649662,9.7465979,34.29,33.67,52.6496425,9.7465885,-0.0153588974175501,-0.015707963267948967,4.209210557034725,-11.44,-20.715,0.04,23.636297,0.09351753,0.42280096
0 days 00:00:00.420000,0.006132237912412509,0.062784,0.7416360000000001,9.888480000000001,77.61018399657681,77.61018399657681,77.61018399657681,77.61018399657681,0.009250245035569947,-0.008726646259971648,0.039095375244672985,55.0,2.39,0.0,1,1,30.0,4,0.1,23.64,-0.05,52.6496491,9.7465922,33.49,33.660000000000004,52.6496406,9.746586899999999,-0.015184364492350668,-0.015533430342749533,4.2095596228851235,-11.34,-20.73,0.045,23.636372,0.09365396,0.41865975
0 days 00:00:00.430000,0.006014310260250731,-0.1962,0.965304,10.637964,77.54332477535301,77.54332477535301,77.54332477535301,77.54332477535301,0.004363323129985824,0.0019198621771937623,0.03682644721708035,55.0,2.39,0.0,1,1,30.0,4,0.105,23.64,-0.055,52.6496491,9.7465922,33.49,33.660000000000004,52.6496388,9.7465852,-0.015184364492350668,-0.015707963267948967,4.210083221660722,-11.34,-20.73,0.045,23.636219,0.09851483,0.42785937
0 days 00:00:00.440000,0.005896382608088951,-0.714168,0.894672,9.978732,77.61018399657681,77.61018399657681,77.61018399657681,77.61018399657681,-0.0027925268031909274,-0.022689280275926284,0.03630284844148206,55.0,2.39,0.0,1,1,30.0,4,0.105,23.635,-0.06,52.6496491,9.7465922,33.49,33.660000000000004,52.6496369,9.7465835,-0.015184364492350668,-0.0153588974175501,4.210432287511121,-11.34,-20.73,0.045,23.63129,0.09856536,0.42453176
0 days 00:00:00.450000,0.005896382608088951,0.580752,1.0634040000000002,9.923796000000001,77.42966409927257,77.42966409927257,77.42966409927257,77.42966409927257,-0.006806784082777885,-0.002617993877991494,0.03647738136668148,55.0,2.39,0.0,1,1,30.0,4,0.11,23.645,-0.06,52.6496491,9.7465922,33.49,33.660000000000004,52.649634999999996,9.746581899999999,-0.0153588974175501,-0.0153588974175501,4.2107813533615195,-11.34,-20.73,0.045,23.64129,0.10348832,0.4247793
0 days 00:00:00.460000,0.005896382608088951,-0.10202400000000002,1.071252,10.072908000000002,77.5165810868635,77.5165810868635,77.5165810868635,77.5165810868635,-0.011693705988362009,0.012566370614359173,0.03665191429188092,54.0,2.39,0.0,1,1,30.0,4,0.115,23.645,-0.06,52.6496491,9.7465922,33.49,33.660000000000004,52.6496332,9.7465802,-0.0153588974175501,-0.015533430342749533,4.211130419211918,-11.34,-20.73,0.045,23.641214,0.108424366,0.42898178
0 days 00:00:00.470000,0.005778454955927172,-0.8161920000000001,0.6435360000000001,9.762912000000002,77.48315147625159,77.48315147625159,77.48315147625159,77.48315147625159,-0.014137166941154071,-0.012042771838760874,0.03490658503988659,54.0,2.39,0.0,1,1,30.0,4,0.11,23.635,-0.06,52.649639799999996,9.7465839,33.49,33.65,52.649631299999996,9.7465786,-0.015533430342749533,-0.0153588974175501,4.211479485062317,-11.285,-20.75,0.035,23.63129,0.10341657,0.4246438
0 days 00:00:00.480000,0.005778454955927172,0.015696,0.8711280000000001,9.696204000000002,77.5165810868635,77.5165810868635,77.5165810868635,77.5165810868635,-0.01658062789394613,-0.00034906585039886593,0.030717794835100197,54.0,2.39,0.0,1,1,30.0,4,0.115,23.635,-0.06,52.649639799999996,9.7465839,33.49,33.65,52.649629399999995,9.746576899999999,-0.015707963267948967,-0.0153588974175501,4.211828550912716,-11.285,-20.75,0.035,23.63129,0.108341835,0.42474037
0 days 00:00:00.490000,0.005660527303765393,-0.41594400000000004,0.8711280000000001,9.649116000000001,77.31600342319211,77.31600342319211,77.31600342319211,77.31600342319211,-0.01884955592153876,0.0010471975511965976,0.02809980095710871,54.0,2.39,0.0,1,1,30.0,4,0.12,23.635,-0.055,52.649639799999996,9.7465839,33.49,33.65,52.649627599999995,9.7465753,-0.0158824961931484,-0.0153588974175501,4.212003083837915,-11.285,-20.75,0.035,23.631367,0.11334647,0.4198399
0 days 00:00:00.500000,0.005660527303765393,-0.41594400000000004,0.992772,9.099756000000001,77.35611895592639,77.35611895592639,77.35611895592639,77.35611895592639,-0.01902408884673819,-0.014486232791552938,0.029321531433504733,54.0,2.39,0.0,1,1,30.0,4,0.12,23.63,-0.05,52.649639799999996,9.7465839,33.49,33.65,52.649625699999994,9.7465736,-0.016057029118347832,-0.015184364492350668,4.212352149688314,-11.285,-20.75,0.035,23.626516,0.1134209,0.410661
0 days 00:00:00.510000,0.005660527303765393,0.7534080000000001,0.9810000000000001,10.198476000000001,77.40960633290543,77.40960633290543,77.40960633290543,77.40960633290543,-0.018500490071139894,0.02583087292951608,0.027925268031909273,54.0,2.39,0.0,1,1,30.0,4,0.125,23.64,-0.055,52.649639799999996,9.7465839,33.49,33.65,52.6496238,9.746571999999999,-0.016231562043547264,-0.015533430342749533,4.212526682613515,-11.285,-20.75,0.035,23.636293,0.11813105,0.42416212
0 days 00:00:00.520000,0.005660527303765393,-1.15758,0.835812,9.645192000000002,77.57675438596492,77.57675438596492,77.57675438596492,77.57675438596492,-0.015009831567151233,-0.0010471975511965976,0.030019663134302467,54.0,2.39,0.0,1,1,30.0,4,0.135,23.625,-0.05,52.6496298,9.7465753,33.64,33.64,52.649622,9.7465704,-0.0164060949687467,-0.0153588974175501,4.2128757484639126,-11.195,-20.795,-0.02,23.621445,0.12820914,0.414993
0 days 00:00:00.530000,0.005660527303765393,0.298224,0.737712,9.307728000000001,77.54332477535301,77.54332477535301,77.54332477535301,77.54332477535301,-0.017278759594743863,0.0041887902047863905,0.0291469985083053,54.0,2.39,0.0,1,1,30.0,4,0.135,23.63,-0.045,52.6496298,9.7465753,33.64,33.65,52.6496201,9.7465687,-0.016580627893946133,-0.0153588974175501,4.213224814314311,-11.195,-20.795,-0.02,23.626522,0.12821834,0.41009337
0 days 00:00:00.540000,0.005660527303765393,0.317844,0.8083440000000001,10.598724,77.63024176294394,77.63024176294394,77.63024176294394,77.63024176294394,-0.02076941809873252,0.03769911184307752,0.02809980095710871,54.0,2.39,0.0,1,1,30.0,4,0.14,23.635,-0.05,52.6496298,9.7465753,33.64,33.65,52.6496182,9.746566999999999,-0.016755160819145562,-0.015707963267948967,4.213399347239511,-11.195,-20.795,-0.02,23.631298,0.1329228,0.42352277
0 days 00:00:00.550000,0.005660527303765393,-1.5813720000000002,0.49050000000000005,9.429372,77.48315147625159,77.48315147625159,77.48315147625159,77.48315147625159,-0.016231562043547268,-0.016406094968746697,0.026529004630313806,54.0,2.39,0.0,1,1,30.0,4,0.14,23.62,-0.045,52.6496298,9.7465753,33.64,33.65,52.6496164,9.7465654,-0.016929693744344994,-0.015707963267948967,4.21374841308991,-11.195,-20.795,-0.02,23.616379,0.1329375,0.41831174
0 days 00:00:00.560000,0.005660527303765393,0.5415120000000001,0.827964,8.57394,77.38286264441591,77.38286264441591,77.38286264441591,77.38286264441591,-0.013264502315156903,-0.0019198621771937623,0.02548180707911721,54.0,2.39,0.0,1,1,30.0,4,0.14,23.625,-0.035,52.6496298,9.7465753,33.64,33.65,52.6496145,9.7465637,-0.01710422666954443,-0.015533430342749533,4.213922946015109,-11.195,-20.795,-0.02,23.621607,0.13310467,0.40429398
0 days 00:00:00.570000,0.005660527303765393,0.6749280000000001,0.9103680000000001,9.554940000000002,77.14885537013264,77.14885537013264,77.14885537013264,77.14885537013264,-0.014486232791552938,0.046076692252650306,0.024434609527920613,54.0,2.39,0.0,1,1,30.0,4,0.15,23.64,-0.035,52.649620399999996,9.7465671,33.65,33.64,52.6496126,9.7465621,-0.017278759594743863,-0.016231562043547264,4.214272011865509,-11.175,-20.875,0.125,23.636316,0.1427435,0.42122185
0 days 00:00:00.580000,0.005660527303765393,-1.424412,0.7494840000000002,9.876708000000002,77.19565682498931,77.19565682498931,77.19565682498931,77.19565682498931,-0.012391837689159739,0.015009831567151233,0.026529004630313806,54.0,2.39,0.0,1,1,30.0,4,0.155,23.625,-0.035,52.649620399999996,9.7465671,33.65,33.64,52.6496107,9.7465605,-0.017278759594743863,-0.016231562043547264,4.214446544790707,-11.175,-20.875,0.125,23.621319,0.14774695,0.4210648
0 days 00:00:00.590000,0.005542599651603614,-0.13734000000000002,0.42771600000000004,10.524168,77.44303594351734,77.44303594351734,77.44303594351734,77.44303594351734,-0.011519173063162576,0.016406094968746697,0.02583087292951608,54.0,2.39,0.0,1,1,30.0,4,0.155,23.625,-0.04,52.649620399999996,9.7465671,33.65,33.64,52.6496089,9.7465589,-0.017453292519943295,-0.0164060949687467,4.214795610641106,-11.175,-20.875,0.125,23.621164,0.14751425,0.43021125
0 days 00:00:00.600000,0.005542599651603614,-0.231516,0.6867000000000001,10.206324,77.65029952931107,77.65029952931107,77.65029952931107,77.65029952931107,-0.015184364492350668,0.013788101090755204,0.02600540585471551,54.0,2.39,0.0,1,1,30.0,4,0.155,23.625,-0.045,52.649620399999996,9.7465671,33.65,33.64,52.649606999999996,9.7465572,-0.017627825445142728,-0.016580627893946133,4.214970143566306,-11.175,-20.875,0.125,23.621008,0.14727837,0.4393575
0 days 00:00:00.610000,0.005542599651603614,-0.21582000000000004,0.40809600000000007,9.578484000000001,77.78401797175866,77.78401797175866,77.78401797175866,77.78401797175866,-0.026354471705114374,0.0020943951023931952,0.02617993877991494,54.0,2.39,0.0,1,1,30.0,4,0.155,23.625,-0.045,52.649620399999996,9.7465671,33.65,33.64,52.649605099999995,9.746555599999999,-0.01780235837034216,-0.016580627893946133,4.215319209416705,-11.175,-20.875,0.125,23.621008,0.14720169,0.43938327
0 days 00:00:00.620000,0.0054246719994418355,0.03531600000000001,0.7102440000000001,9.138996,77.57675438596492,77.57675438596492,77.57675438596492,77.57675438596492,-0.028274333882308142,0.0024434609527920616,0.026354471705114374,54.0,2.39,0.0,1,1,30.0,4,0.16,23.635,-0.04,52.649611699999994,9.746558199999999,33.84,33.63,52.649603299999995,9.746554,-0.01815142422074103,-0.016755160819145562,4.215493742341904,-11.14,-20.935,0.135,23.631014,0.15206034,0.43881628
0 days 00:00:00.630000,0.005306744347280056,0.09417600000000001,0.557208,8.597484000000001,77.40960633290543,77.40960633290543,77.40960633290543,77.40960633290543,-0.028448866807507574,0.010122909661567111,0.02548180707911721,54.0,2.39,0.0,1,1,30.0,4,0.16,23.635,-0.03,52.649611699999994,9.746558199999999,33.84,33.63,52.649601399999995,9.7465523,-0.01832595714594046,-0.016929693744344994,4.215842808192303,-11.14,-20.935,0.135,23.631105,0.1520914,0.4329697
0 days 00:00:00.640000,0.005306744347280056,-0.4198680000000001,0.7534080000000001,9.111528000000002,77.08199614890886,77.08199614890886,77.08199614890886,77.08199614890886,-0.01832595714594046,0.008726646259971648,0.02600540585471551,54.0,2.39,0.0,1,1,30.0,4,0.16,23.635,-0.02,52.649611699999994,9.746558199999999,33.84,33.63,52.6495995,9.7465507,-0.018500490071139894,-0.016929693744344994,4.216017341117503,-11.14,-20.935,0.135,23.631273,0.15220079,0.42299938
0 days 00:00:00.650000,0.005070889042956497,-0.258984,0.604296,10.331892000000002,77.31600342319211,77.31600342319211,77.31600342319211,77.31600342319211,-0.007504915783575617,0.016929693744344998,0.02600540585471551,54.0,2.39,0.0,1,1,30.0,4,0.165,23.635,-0.025,52.649611699999994,9.746558199999999,33.84,33.63,52.6495977,9.746549,-0.018675022996339326,-0.01710422666954443,4.216366406967902,-11.14,-20.935,0.135,23.631115,0.15695573,0.4322414
0 days 00:00:00.660000,0.004952961390794719,-0.8868240000000002,0.24328800000000003,11.363904000000002,77.35611895592639,77.35611895592639,77.35611895592639,77.35611895592639,0.003490658503988659,0.004014257279586958,0.02530727415391778,54.0,2.39,0.0,1,1,30.0,4,0.165,23.625,-0.045,52.649611699999994,9.746558199999999,33.84,33.63,52.6495958,9.746547399999999,-0.018675022996339326,-0.017278759594743863,4.2165409398931,-11.14,-20.935,0.135,23.620695,0.15650852,0.45618585
0 days 00:00:00.670000,0.00483503373863294,-0.6592320000000002,0.517968,9.919872000000002,77.78401797175866,77.78401797175866,77.78401797175866,77.78401797175866,0.005585053606381855,-0.0291469985083053,0.02530727415391778,54.0,2.39,0.0,1,1,30.0,4,0.165,23.62,-0.045,52.6496024,9.74655,33.83,33.62,52.6495939,9.7465458,-0.018500490071139894,-0.016929693744344994,4.216890005743499,-11.11,-20.86,0.04,23.615856,0.15674223,0.44783014
0 days 00:00:00.680000,0.0047171060864711605,0.482652,0.361008,10.076832000000001,77.931108258451,77.931108258451,77.931108258451,77.931108258451,0.00034906585039886593,-0.0158824961931484,0.024434609527920613,54.0,2.39,0.0,1,1,30.0,4,0.165,23.625,-0.045,52.6496024,9.74655,33.83,33.62,52.649592,9.746544199999999,-0.018500490071139894,-0.016755160819145562,4.2170645386687,-11.11,-20.86,0.04,23.62093,0.15681691,0.4437928
0 days 00:00:00.690000,0.0045991784343093825,-0.8397360000000001,0.42771600000000004,8.931024,77.76396020539153,77.76396020539153,77.76396020539153,77.76396020539153,-0.0005235987755982988,-0.048171087355043496,0.02548180707911721,54.0,2.39,0.0,1,1,30.0,4,0.165,23.62,-0.04,52.6496024,9.74655,33.83,33.62,52.6495902,9.7465425,-0.018500490071139894,-0.016231562043547264,4.217413604519098,-11.11,-20.86,0.04,23.616241,0.15713972,0.42634737
0 days 00:00:00.700000,0.004481250782147603,0.7102440000000001,0.9142920000000001,9.060516000000002,77.50320924261874,77.50320924261874,77.50320924261874,77.50320924261874,-0.0010471975511965976,-0.018675022996339326,0.02600540585471551,54.0,2.39,0.0,1,1,30.0,4,0.17,23.63,-0.03,52.6496024,9.74655,33.83,33.62,52.6495883,9.7465409,-0.018500490071139894,-0.016057029118347832,4.217588137444297,-11.11,-20.86,0.04,23.62647,0.16239712,0.41248226
0 days 00:00:00.710000,0.004363323129985823,0.145188,0.34531200000000006,9.923796000000001,77.19565682498931,77.19565682498931,77.19565682498931,77.19565682498931,-0.01361356816555577,0.012740903539558606,0.02583087292951608,54.0,2.39,0.0,1,1,30.0,4,0.17,23.63,-0.03,52.6496024,9.74655,33.83,33.62,52.6495864,9.7465393,-0.018675022996339326,-0.016231562043547264,4.217937203294697,-11.11,-20.86,0.04,23.6264,0.1622481,0.4166335
0 days 00:00:00.720000,0.004127467825662266,-1.60884,0.149112,9.484308,77.12211168164313,77.12211168164313,77.12211168164313,77.12211168164313,-0.0158824961931484,-0.03560471674068432,0.024609142453120045,54.0,2.39,0.0,1,1,30.0,4,0.165,23.605,-0.025,52.6495928,9.7465417,33.88,33.61,52.6495846,9.7465377,-0.01884955592153876,-0.015707963267948967,4.218111736219896,-11.06,-20.805,-0.015,23.601694,0.15751109,0.39880782
0 days 00:00:00.730000,0.004009540173500487,0.4316400000000001,0.517968,9.570636,77.35611895592639,77.35611895592639,77.35611895592639,77.35611895592639,-0.01361356816555577,-0.01937315469713706,0.02391101075232232,54.0,2.39,0.0,1,1,30.0,4,0.165,23.615000000000002,-0.025,52.6495928,9.7465417,33.88,33.61,52.649582699999996,9.746535999999999,-0.019024088846738195,-0.015533430342749533,4.218286269145095,-11.06,-20.805,-0.015,23.611761,0.15751688,0.39487207
0 days 00:00:00.740000,0.0038916125213387075,-0.258984,0.41594400000000004,10.371132000000001,77.40960633290543,77.40960633290543,77.40960633290543,77.40960633290543,0.004363323129985824,-0.007330382858376183,0.022863813201125717,54.0,2.39,0.0,1,1,30.0,4,0.165,23.61,-0.03,52.6495928,9.7465417,33.88,33.61,52.649580799999995,9.7465344,-0.01884955592153876,-0.015533430342749533,4.2186353349954935,-11.06,-20.805,-0.015,23.606688,0.15749304,0.39976546
0 days 00:00:00.750000,0.0036557572170151493,-0.7416360000000001,0.007848,9.307728000000001,77.63692768506633,77.63692768506633,77.63692768506633,77.63692768506633,0.016231562043547268,-0.03630284844148206,0.02391101075232232,54.0,2.39,0.0,1,1,30.0,4,0.16,23.605,-0.025,52.6495928,9.7465417,33.88,33.61,52.649578899999995,9.746532799999999,-0.018675022996339326,-0.015009831567151233,4.218809867920694,-11.06,-20.805,-0.015,23.601965,0.15288925,0.38221264
0 days 00:00:00.760000,0.0035378295648533704,0.8161920000000001,0.15696000000000002,10.159236000000002,77.78401797175866,77.78401797175866,77.78401797175866,77.78401797175866,0.017627825445142728,0.0038397243543875246,0.024085543677521748,54.0,2.39,0.0,1,1,30.0,4,0.16,23.615000000000002,-0.025,52.6495928,9.7465417,33.88,33.61,52.649577099999995,9.7465311,-0.018500490071139894,-0.015184364492350668,4.218984400845892,-11.06,-20.805,-0.015,23.611898,0.15287694,0.38645637
0 days 00:00:00.770000,0.003419901912691592,-1.071252,0.11379600000000001,9.609876,77.50320924261874,77.50320924261874,77.50320924261874,77.50320924261874,0.023736477827122886,-0.017278759594743863,0.02426007660272118,54.0,2.39,0.0,1,1,30.0,4,0.165,23.605,-0.025,52.6495835,9.7465335,33.88,33.6,52.6495752,9.746529599999999,-0.01832595714594046,-0.015009831567151233,4.219333466696291,-11.035,-20.87,-0.005,23.601965,0.15802182,0.38225088
0 days 00:00:00.780000,0.003301974260529812,0.33746400000000004,0.4316400000000001,8.609256,77.40960633290543,77.40960633290543,77.40960633290543,77.40960633290543,0.023387411976724018,-0.007504915783575617,0.024609142453120045,54.0,2.39,0.0,1,1,30.0,4,0.165,23.61,-0.01,52.6495835,9.7465335,33.88,33.6,52.6495733,9.7465279,-0.01815142422074103,-0.014835298641951801,4.2195079996214915,-11.035,-20.87,-0.005,23.607254,0.15843418,0.36318296
0 days 00:00:00.790000,0.0030661189562062544,0.9770760000000002,0.10987200000000001,9.288108000000001,77.14216944801026,77.14216944801026,77.14216944801026,77.14216944801026,0.021642082724729686,0.053232542185827056,0.023038346126325153,54.0,2.39,0.0,1,1,30.0,4,0.16,23.62,-0.005,52.6495835,9.7465335,33.88,33.6,52.6495714,9.7465263,-0.017976891295541596,-0.0153588974175501,4.219682532546691,-11.035,-20.87,-0.005,23.617138,0.15336327,0.37057903
0 days 00:00:00.800000,0.0029481913040444755,-1.043784,0.349236,8.876088000000001,76.95496362858366,76.95496362858366,76.95496362858366,76.95496362858366,0.022689280275926284,0.031241393610698498,0.02234021442552742,54.0,2.39,0.0,1,1,30.0,4,0.16,23.61,0.005,52.6495835,9.7465335,33.88,33.6,52.6495696,9.7465247,-0.017627825445142728,-0.015707963267948967,4.220031598397089,-11.035,-20.87,-0.005,23.607166,0.15352632,0.3686139
0 days 00:00:00.810000,0.0028302636518826967,0.12164400000000002,0.22759200000000002,8.326728000000001,76.99507916131792,76.99507916131792,76.99507916131792,76.99507916131792,0.017278759594743863,0.041015237421866746,0.02234021442552742,54.0,2.39,0.0,1,1,30.0,4,0.16,23.615000000000002,0.02,52.6495835,9.7465335,33.88,33.6,52.6495677,9.746523,-0.017453292519943295,-0.016057029118347832,4.220206131322289,-11.035,-20.87,-0.005,23.612276,0.15370719,0.36191073
0 days 00:00:00.820000,0.002594408347559139,0.090252,0.27075600000000005,9.433296,77.08199614890886,77.08199614890886,77.08199614890886,77.08199614890886,0.012566370614359173,0.06963863715457375,0.02076941809873252,54.0,2.39,0.0,1,1,30.0,4,0.155,23.615000000000002,0.02,52.649574199999996,9.7465251,33.910000000000004,33.59,52.6495658,9.7465215,-0.017278759594743863,-0.016755160819145562,4.220380664247488,-11.065,-20.89,0.01,23.61202,0.1484863,0.37827942
0 days 00:00:00.830000,0.0023585530432355803,-1.15758,0.41202000000000005,9.817848000000001,77.46309370988446,77.46309370988446,77.46309370988446,77.46309370988446,0.01937315469713706,0.04014257279586959,0.02199114857512855,54.0,2.39,0.0,1,1,30.0,4,0.16,23.605,0.02,52.649574199999996,9.7465251,33.910000000000004,33.59,52.6495639,9.7465198,-0.01710422666954443,-0.017278759594743863,4.220555197172688,-11.065,-20.89,0.01,23.601822,0.15334308,0.39052758
0 days 00:00:00.840000,0.0022406253910738014,0.13734000000000002,-0.062784,10.076832000000001,77.61018399657681,77.61018399657681,77.61018399657681,77.61018399657681,0.027052603405912107,0.052185344634630454,0.020594885173533087,54.0,2.39,0.0,1,1,30.0,4,0.155,23.605,0.015,52.649574199999996,9.7465251,33.910000000000004,33.59,52.6495621,9.746518199999999,-0.016929693744344994,-0.01780235837034216,4.220729730097887,-11.065,-20.89,0.01,23.601526,0.14811812,0.40777075
0 days 00:00:00.850000,0.0021226977389120225,-0.36493200000000003,-0.0981,8.675964,77.73053059477962,77.73053059477962,77.73053059477962,77.73053059477962,0.03508111796508603,0.034208453339088854,0.020594885173533087,54.0,2.39,0.0,1,1,30.0,4,0.15,23.605,0.03,52.649574199999996,9.7465251,33.910000000000004,33.59,52.649560199999996,9.7465166,-0.016580627893946133,-0.01815142422074103,4.220904263023087,-11.065,-20.89,0.01,23.601654,0.1433732,0.400878
0 days 00:00:00.860000,0.0018868424345884643,0.580752,0.090252,7.796988000000001,77.5165810868635,77.5165810868635,77.5165810868635,77.5165810868635,0.03560471674068432,0.047647488579445195,0.019198621771937627,54.0,2.39,0.0,1,1,30.0,4,0.15,23.61,0.05,52.649574199999996,9.7465251,33.910000000000004,33.59,52.649558299999995,9.746514999999999,-0.016231562043547264,-0.018500490071139894,4.221253328873486,-11.065,-20.89,0.01,23.606886,0.14370246,0.38916388
0 days 00:00:00.870000,0.0017689147824266852,0.27468000000000004,0.21974400000000002,8.801532,77.24245827984595,77.24245827984595,77.24245827984595,77.24245827984595,0.04310963252425994,0.07819075048934597,0.01780235837034216,54.0,2.39,0.0,1,1,30.0,4,0.145,23.62,0.06,52.6495648,9.746516999999999,33.910000000000004,33.58,52.649556499999996,9.7465134,-0.015707963267948967,-0.01937315469713706,4.221427861798685,-11.075000000000001,-20.93,-0.055,23.61673,0.13873725,0.39980504
0 days 00:00:00.880000,0.001650987130264906,-1.0751760000000001,0.066708,8.479764000000001,77.14216944801026,77.14216944801026,77.14216944801026,77.14216944801026,0.053407075111026485,0.04782202150464464,0.016929693744344998,54.0,2.39,0.0,1,1,30.0,4,0.145,23.61,0.07,52.6495648,9.746516999999999,33.910000000000004,33.58,52.649554599999995,9.7465117,-0.015184364492350668,-0.019896753472735357,4.221427861798685,-11.075000000000001,-20.93,-0.055,23.60672,0.13891365,0.40190077
0 days 00:00:00.890000,0.0015330594781031272,0.43948800000000005,0.015696,7.510536000000001,77.06193838254171,77.06193838254171,77.06193838254171,77.06193838254171,0.05445427266222308,0.05096361415823442,0.015533430342749534,54.0,2.39,0.0,1,1,30.0,4,0.145,23.615000000000002,0.095,52.6495648,9.746516999999999,33.910000000000004,33.58,52.6495527,9.7465101,-0.014660765716752368,-0.020420352248333655,4.2216023947238845,-11.075000000000001,-20.93,-0.055,23.612017,0.13930778,0.38929704
0 days 00:00:00.900000,0.0015330594781031272,0.357084,0.180504,8.369892000000002,77.14216944801026,77.14216944801026,77.14216944801026,77.14216944801026,0.05009094953223726,0.07644542123735164,0.01361356816555577,54.0,2.39,0.0,1,1,30.0,4,0.145,23.62,0.11,52.6495648,9.746516999999999,33.910000000000004,33.58,52.6495508,9.7465085,-0.014137166941154071,-0.02111848394913139,4.221776927649084,-11.075000000000001,-20.93,-0.055,23.617058,0.13948907,0.390817
0 days 00:00:00.910000,0.0014151318259413483,-1.2556800000000001,0.16480800000000004,8.762292,77.38286264441591,77.38286264441591,77.38286264441591,77.38286264441591,0.048869219055841226,0.038571776469074684,0.01308996938995747,54.0,2.39,0.0,1,1,30.0,4,0.145,23.61,0.12,52.6495648,9.746516999999999,33.910000000000004,33.57,52.6495489,9.7465069,-0.013613568165555772,-0.021467549799530253,4.221951460574283,-11.075000000000001,-20.93,-0.055,23.607138,0.13972047,0.38877568
0 days 00:00:00.920000,0.0014151318259413483,-0.3531600000000001,0.14126400000000003,8.675964,77.54332477535301,77.54332477535301,77.54332477535301,77.54332477535301,0.042411500823462206,0.02583087292951608,0.012217304763960306,54.0,2.39,0.0,1,1,30.0,4,0.14,23.61,0.125,52.6495557,9.7465089,33.82,33.56,52.6495471,9.746505299999999,-0.013089969389957472,-0.02181661564992912,4.222125993499482,-11.09,-20.92,-0.09,23.60711,0.13488202,0.39187837
0 days 00:00:00.930000,0.0014151318259413483,0.0,0.24721200000000002,8.84862,77.63024176294394,77.63024176294394,77.63024176294394,77.63024176294394,0.029321531433504733,0.02617993877991494,0.012042771838760874,54.0,2.39,0.0,1,1,30.0,4,0.14,23.615000000000002,0.135,52.6495557,9.7465089,33.82,33.56,52.6495452,9.7465037,-0.012915436464758038,-0.022165681500327987,4.222125993499482,-11.09,-20.92,-0.09,23.612192,0.1349717,0.3902086
0 days 00:00:00.940000,0.0014151318259413483,-0.521892,0.11772,8.683812000000001,77.50320924261874,77.50320924261874,77.50320924261874,77.50320924261874,0.020420352248333655,0.0015707963267948967,0.011519173063162576,54.0,2.39,0.0,1,1,30.0,4,0.14,23.61,0.145,52.6495557,9.7465089,33.82,33.56,52.6495433,9.746502,-0.012566370614359171,-0.022165681500327987,4.222300526424682,-11.09,-20.92,-0.09,23.607414,0.13523489,0.3800539
0 days 00:00:00.950000,0.0012972041737795694,0.361008,0.28252800000000006,8.719128000000001,77.35611895592639,77.35611895592639,77.35611895592639,77.35611895592639,0.017976891295541593,0.009250245035569947,0.010995574287564275,54.0,2.39,0.0,1,1,30.0,4,0.14,23.615000000000002,0.16,52.6495557,9.7465089,33.82,33.56,52.6495414,9.7465004,-0.012391837689159739,-0.022165681500327987,4.222475059349882,-11.09,-20.92,-0.09,23.612745,0.1354857,0.36514592
0 days 00:00:00.960000,0.0012972041737795694,0.003924,0.251136,8.84862,77.27588789045785,77.27588789045785,77.27588789045785,77.27588789045785,0.01361356816555577,0.02757620218151041,0.010297442586766544,54.0,2.39,0.0,1,1,30.0,4,0.14,23.62,0.17,52.6495557,9.7465089,33.82,33.55,52.6495396,9.7464988,-0.012391837689159739,-0.022514747350726852,4.222475059349882,-11.09,-20.92,-0.09,23.617842,0.13550605,0.36350352
0 days 00:00:00.970000,0.0012972041737795694,-0.8829000000000001,0.074556,8.781912,77.21571459135643,77.21571459135643,77.21571459135643,77.21571459135643,0.01937315469713706,0.005759586531581288,0.010297442586766544,54.0,2.39,0.0,1,1,30.0,4,0.125,23.615000000000002,0.17500000000000002,52.6495463,9.7465007,33.81,33.54,52.649537699999996,9.7464972,-0.012042771838760876,-0.022689280275926284,4.222649592275081,-11.105,-20.91,-0.18,23.612892,0.120645925,0.36228555
0 days 00:00:00.980000,0.0012972041737795694,0.17658000000000004,0.0981,9.001656,77.32937526743689,77.32937526743689,77.32937526743689,77.32937526743689,0.024434609527920613,0.017627825445142728,0.009250245035569947,54.0,2.39,0.0,1,1,30.0,4,0.125,23.62,0.185,52.6495463,9.7465007,33.81,33.54,52.649535799999995,9.7464956,-0.011693705988362009,-0.022863813201125717,4.2228241252002805,-11.105,-20.91,-0.18,23.618055,0.12083976,0.356482
0 days 00:00:00.990000,0.0012972041737795694,-0.11379600000000001,0.145188,10.551636000000002,77.50320924261874,77.50320924261874,77.50320924261874,77.50320924261874,0.030368728984701335,0.032114058236695664,0.008028514559173916,54.0,2.39,0.0,1,1,30.0,4,0.125,23.62,0.18,52.6495463,9.7465007,33.81,33.54,52.649533999999996,9.746494,-0.011344640137963142,-0.02303834612632515,4.2228241252002805,-11.105,-20.91,-0.18,23.61788,0.12086072,0.36556
0 days 00:00:01,0.0012972041737795694,-1.0280880000000001,-0.29430000000000006,9.951264,77.59681215233205,77.59681215233205,77.59681215233205,77.59681215233205,0.034557519189487726,-0.005585053606381855,0.00645771823237902,54.0,2.39,0.0,1,1,30.0,4,0.125,23.615000000000002,0.17500000000000002,52.6495463,9.7465007,33.81,33.54,52.649532099999995,9.7464923,-0.010995574287564275,-0.02303834612632515,4.2228241252002805,-11.105,-20.91,-0.18,23.612766,0.12093462,0.37040102
0 days 00:00:01.010000,0.0012972041737795694,0.231516,0.08632800000000002,9.131148000000001,77.71047282841249,77.71047282841249,77.71047282841249,77.71047282841249,0.028972465583105875,0.0019198621771937623,0.005585053606381855,54.0,2.39,0.0,1,1,30.0,4,0.125,23.62,0.185,52.6495463,9.7465007,33.81,33.53,52.6495302,9.746490699999999,-0.010821041362364843,-0.02303834612632515,4.22299865812548,-11.105,-20.91,-0.18,23.617994,0.1211062,0.36049834
0 days 00:00:01.020000,0.0012972041737795694,0.019620000000000002,0.266832,9.598104000000001,77.54332477535301,77.54332477535301,77.54332477535301,77.54332477535301,0.020594885173533087,0.014311699866353502,0.004886921905584123,54.0,2.39,0.0,1,1,30.0,4,0.125,23.63,0.19,52.6495368,9.7464926,33.78,33.52,52.6495283,9.7464891,-0.01064650843716541,-0.023387411976724018,4.22299865812548,-11.045,-20.945,-0.26,23.627981,0.12113207,0.3639563
0 days 00:00:01.030000,0.0012972041737795694,-0.851508,0.129492,9.594180000000001,77.49652332049635,77.49652332049635,77.49652332049635,77.49652332049635,0.014311699866353502,-0.00942477796076938,0.0054105206811824215,54.0,2.39,0.0,1,1,30.0,4,0.125,23.625,0.19,52.6495368,9.7464926,33.78,33.52,52.6495265,9.746487499999999,-0.010471975511965976,-0.023212879051524585,4.22299865812548,-11.045,-20.945,-0.26,23.623045,0.12124,0.35969558
0 days 00:00:01.040000,0.0012972041737795694,0.223668,0.054936000000000006,9.864936,77.40960633290543,77.40960633290543,77.40960633290543,77.40960633290543,0.0054105206811824215,-0.0010471975511965976,0.0036651914291880917,54.0,2.39,0.0,1,1,30.0,4,0.125,23.625,0.19,52.6495368,9.7464926,33.78,33.52,52.6495246,9.7464859,-0.010297442586766544,-0.023212879051524585,4.223173191050679,-11.045,-20.945,-0.26,23.623045,0.12130277,0.35967442
0 days 00:00:01.050000,0.0012972041737795694,-0.21582000000000004,0.27075600000000005,10.068984,77.29594565682498,77.29594565682498,77.29594565682498,77.29594565682498,-0.007330382858376183,0.005759586531581288,0.0022689280275926286,54.0,2.39,0.0,1,1,30.0,4,0.13,23.63,0.19,52.6495368,9.7464926,33.78,33.51,52.6495227,9.746484299999999,-0.010471975511965976,-0.023212879051524585,4.223173191050679,-11.045,-20.945,-0.26,23.628042,0.1262385,0.3598639
0 days 00:00:01.060000,0.0012972041737795694,-0.761256,0.302148,9.719748000000001,77.38286264441591,77.38286264441591,77.38286264441591,77.38286264441591,-0.0158824961931484,-0.013788101090755204,0.0020943951023931952,54.0,2.39,0.0,1,1,30.0,4,0.135,23.62,0.19,52.6495368,9.7464926,33.78,33.51,52.6495208,9.7464826,-0.01064650843716541,-0.023212879051524585,4.223173191050679,-11.045,-20.945,-0.26,23.618048,0.13117789,0.35970715
0 days 00:00:01.070000,0.0012972041737795694,0.10202400000000002,0.302148,9.864936,77.44303594351734,77.44303594351734,77.44303594351734,77.44303594351734,-0.02129301687433082,-0.00645771823237902,0.0024434609527920616,54.0,2.39,0.0,1,1,30.0,4,0.135,23.625,0.195,52.6495269,9.7464844,33.79,33.5,52.6495189,9.746481099999999,-0.010821041362364843,-0.02303834612632515,4.223173191050679,-10.985,-20.905,-0.245,23.623222,0.13121255,0.3507249
0 days 00:00:01.080000,0.0012972041737795694,-0.302148,0.27075600000000005,10.163160000000001,77.65029952931107,77.65029952931107,77.65029952931107,77.65029952931107,-0.024609142453120045,-0.0005235987755982988,0.0022689280275926286,54.0,2.39,0.0,1,1,30.0,4,0.135,23.625,0.19,52.6495269,9.7464844,33.79,33.5,52.6495171,9.7464794,-0.010995574287564275,-0.02303834612632515,4.223173191050679,-10.985,-20.905,-0.245,23.623108,0.13109638,0.35574624
0 days 00:00:01.090000,0.0012972041737795694,-0.769104,0.13734000000000002,9.586332,77.71047282841249,77.71047282841249,77.71047282841249,77.71047282841249,-0.02548180707911721,-0.02530727415391778,0.0036651914291880917,54.0,2.39,0.0,1,1,30.0,4,0.14,23.62,0.19,52.6495269,9.7464844,33.79,33.49,52.649515199999996,9.7464778,-0.011344640137963142,-0.022863813201125717,4.223173191050679,-10.985,-20.905,-0.245,23.61817,0.13601993,0.35161164
0 days 00:00:01.100000,0.0012972041737795694,0.521892,0.09417600000000001,10.147464000000001,77.68372913992297,77.68372913992297,77.68372913992297,77.68372913992297,-0.027052603405912107,-0.002617993877991494,0.0027925268031909274,54.0,2.39,0.0,1,1,30.0,4,0.14,23.63,0.19,52.6495269,9.7464844,33.79,33.49,52.649513299999995,9.7464762,-0.011519173063162575,-0.022863813201125717,4.223347723975879,-10.985,-20.905,-0.245,23.628166,0.13595593,0.3518639
0 days 00:00:01.110000,0.0012972041737795694,-0.37670400000000004,0.20012400000000002,10.457460000000001,77.49652332049635,77.49652332049635,77.49652332049635,77.49652332049635,-0.029321531433504733,-0.003316125578789226,0.0024434609527920616,54.0,2.39,0.0,1,1,30.0,4,0.145,23.625,0.18,52.6495269,9.7464844,33.79,33.49,52.649511399999994,9.746474599999999,-0.011868238913561441,-0.022863813201125717,4.223347723975879,-10.985,-20.905,-0.245,23.622942,0.14071545,0.361853
0 days 00:00:01.120000,0.0012972041737795694,-0.655308,-0.129492,9.857088000000003,77.44303594351734,77.44303594351734,77.44303594351734,77.44303594351734,-0.02949606435870417,-0.02617993877991494,0.0019198621771937623,54.0,2.39,0.0,1,1,30.0,4,0.14,23.61,0.185,52.6495189,9.746476699999999,33.49,33.47,52.649509599999995,9.746473,-0.012217304763960308,-0.02234021442552742,4.223347723975879,-10.935,-20.855,-0.255,23.608244,0.13580579,0.34413952
0 days 00:00:01.130000,0.0012972041737795694,0.349236,0.231516,9.73152,77.35611895592639,77.35611895592639,77.35611895592639,77.35611895592639,-0.02775073510670984,-0.007155849933176751,0.0006981317007977319,54.0,2.39,0.0,1,1,30.0,4,0.145,23.615000000000002,0.185,52.6495189,9.746476699999999,33.49,33.47,52.6495077,9.746471399999999,-0.012391837689159739,-0.02234021442552742,4.223347723975879,-10.935,-20.855,-0.255,23.613241,0.14074394,0.34433684
0 days 00:00:01.140000,0.0012972041737795694,-0.31392000000000003,0.17658000000000004,10.143540000000002,77.35611895592639,77.35611895592639,77.35611895592639,77.35611895592639,-0.020071286397934793,0.0027925268031909274,-0.00017453292519943296,54.0,2.39,0.0,1,1,30.0,4,0.15,23.615000000000002,0.185,52.6495189,9.746476699999999,33.49,33.47,52.6495058,9.7464698,-0.012566370614359171,-0.02234021442552742,4.223347723975879,-10.935,-20.855,-0.255,23.613241,0.14568345,0.34442422
0 days 00:00:01.150000,0.0012972041737795694,-0.722016,0.007848,9.990504,77.54332477535301,77.54332477535301,77.54332477535301,77.54332477535301,-0.010297442586766544,-0.015358897417550098,0.0005235987755982988,54.0,2.39,0.0,1,1,30.0,4,0.15,23.61,0.18,52.6495189,9.746476699999999,33.49,33.47,52.6495039,9.7464681,-0.012740903539558606,-0.022165681500327987,4.223347723975879,-10.935,-20.855,-0.255,23.60819,0.14561357,0.3452164
0 days 00:00:01.160000,0.0012972041737795694,0.3924,0.011772000000000001,10.63404,77.63024176294394,77.63024176294394,77.63024176294394,77.63024176294394,-0.0036651914291880917,0.007853981633974483,-0.00017453292519943296,54.0,2.39,0.0,1,1,30.0,4,0.15,23.615000000000002,0.17500000000000002,52.6495189,9.746476699999999,33.49,33.46,52.6495021,9.7464665,-0.012740903539558606,-0.02234021442552742,4.223347723975879,-10.935,-20.855,-0.255,23.613018,0.14549597,0.35444635
0 days 00:00:01.170000,0.0012972041737795694,-0.5532840000000001,-0.062784,10.649736000000003,77.74390243902438,77.74390243902438,77.74390243902438,77.74390243902438,-0.002617993877991494,0.0036651914291880917,-0.00017453292519943296,54.0,2.39,0.0,1,1,30.0,4,0.16,23.61,0.17,52.6495094,9.7464687,33.49,33.45,52.6495002,9.7464649,-0.012915436464758038,-0.02234021442552742,4.223173191050679,-10.93,-20.94,-0.225,23.607908,0.15537015,0.35948762
0 days 00:00:01.180000,0.0012972041737795694,-0.49442400000000003,-0.11772,10.265184,77.68372913992297,77.68372913992297,77.68372913992297,77.68372913992297,-0.0006981317007977319,-0.01117010721276371,-0.0008726646259971648,54.0,2.39,0.0,1,1,30.0,4,0.16,23.61,0.165,52.6495094,9.7464687,33.49,33.45,52.6494983,9.7464633,-0.012915436464758038,-0.022165681500327987,4.223173191050679,-10.93,-20.94,-0.225,23.607857,0.1553588,0.36036605
0 days 00:00:01.190000,0.0012972041737795694,0.13734000000000002,0.10594800000000001,10.622268,77.56338254172015,77.56338254172015,77.56338254172015,77.56338254172015,0.0019198621771937623,0.00471238898038469,-0.0006981317007977319,54.0,2.39,0.0,1,1,30.0,4,0.165,23.615000000000002,0.155,52.6495094,9.7464687,33.49,33.44,52.6494965,9.7464617,-0.012915436464758038,-0.022165681500327987,4.223173191050679,-10.93,-20.94,-0.225,23.612635,0.16022785,0.37053806
0 days 00:00:01.200000,0.0012972041737795694,-0.5650560000000001,-0.11379600000000001,10.429992000000002,77.44303594351734,77.44303594351734,77.44303594351734,77.44303594351734,0.006283185307179587,-0.005585053606381855,-0.00017453292519943296,54.0,2.39,0.0,1,1,30.0,4,0.165,23.61,0.15,52.6495094,9.7464687,33.49,33.44,52.6494946,9.7464601,-0.012740903539558606,-0.022165681500327987,4.223173191050679,-10.93,-20.94,-0.225,23.607525,0.16023023,0.37539768
0 days 00:00:01.210000,0.0012972041737795694,-0.23544,-0.039240000000000004,10.092528000000001,77.5165810868635,77.5165810868635,77.5165810868635,77.5165810868635,0.007679448708775049,-0.008726646259971648,0.0,54.0,2.39,0.0,1,1,30.5,4,0.165,23.61,0.145,52.6495094,9.7464687,33.49,33.44,52.649492699999996,9.7464585,-0.012740903539558606,-0.022165681500327987,4.223173191050679,-10.93,-20.94,-0.225,23.607414,0.16016655,0.38039607
0 days 00:00:01.220000,0.0012972041737795694,0.003924,-0.019620000000000002,10.119996,77.35611895592639,77.35611895592639,77.35611895592639,77.35611895592639,0.007504915783575617,0.0020943951023931952,-0.0006981317007977319,54.0,2.39,0.0,1,1,31.0,4,0.17,23.615000000000002,0.145,52.649498799999996,9.746461499999999,33.22,33.42,52.649490799999995,9.7464569,-0.012740903539558606,-0.022165681500327987,4.223173191050679,-10.94,-20.955000000000002,-0.19,23.612413,0.16516472,0.3805706
0 days 00:00:01.230000,0.0012972041737795694,-0.463032,0.21189600000000003,8.962416000000001,77.31600342319211,77.31600342319211,77.31600342319211,77.31600342319211,0.005585053606381855,-0.005585053606381855,0.0024434609527920616,54.0,2.39,0.0,1,1,31.5,4,0.17500000000000002,23.615000000000002,0.155,52.649498799999996,9.746461499999999,33.22,33.42,52.649488899999994,9.7464553,-0.012566370614359171,-0.022165681500327987,4.223173191050679,-10.94,-20.955000000000002,-0.19,23.612635,0.17035636,0.37060776
0 days 00:00:01.240000,0.0012972041737795694,0.41594400000000004,0.05886,9.908100000000001,77.46309370988446,77.46309370988446,77.46309370988446,77.46309370988446,0.004537856055185257,0.024609142453120045,0.004014257279586958,54.0,2.39,0.0,1,1,32.0,4,0.17500000000000002,23.62,0.155,52.649498799999996,9.746461499999999,33.22,33.42,52.649487099999995,9.7464537,-0.012566370614359171,-0.02234021442552742,4.223347723975879,-10.94,-20.955000000000002,-0.19,23.617569,0.17030318,0.37484023
0 days 00:00:01.250000,0.0012972041737795694,-0.8789760000000001,0.011772000000000001,10.265184,77.50320924261874,77.50320924261874,77.50320924261874,77.50320924261874,0.012566370614359173,0.007330382858376183,0.00645771823237902,54.0,2.39,0.0,1,1,32.5,4,0.17500000000000002,23.615000000000002,0.15,52.649498799999996,9.746461499999999,33.22,33.410000000000004,52.6494852,9.746452099999999,-0.012391837689159739,-0.022514747350726852,4.223347723975879,-10.94,-20.955000000000002,-0.19,23.61239,0.17025699,0.38381806
0 days 00:00:01.260000,0.0012972041737795694,-0.039240000000000004,-0.40024800000000005,10.583028,77.73053059477962,77.73053059477962,77.73053059477962,77.73053059477962,0.0158824961931484,0.007330382858376183,0.00645771823237902,54.0,2.39,0.0,1,1,33.0,4,0.17,23.615000000000002,0.14,52.649498799999996,9.746461499999999,33.22,33.410000000000004,52.6494833,9.746450399999999,-0.012217304763960308,-0.022514747350726852,4.223347723975879,-10.94,-20.955000000000002,-0.19,23.612165,0.16520222,0.393724
0 days 00:00:01.270000,0.0012972041737795694,-0.45126,-0.1962,10.951884000000002,77.65029952931107,77.65029952931107,77.65029952931107,77.65029952931107,0.021118483949131385,0.005061454830783556,0.005585053606381855,54.0,2.39,0.0,1,1,33.5,4,0.165,23.61,0.125,52.6494894,9.7464535,33.21,33.39,52.6494814,9.746448899999999,-0.012042771838760876,-0.022514747350726852,4.223522256901078,-10.955,-20.895,-0.09,23.60683,0.16009204,0.40851745
0 days 00:00:01.280000,0.0012972041737795694,-0.592524,-0.21189600000000003,10.010124000000001,77.54332477535301,77.54332477535301,77.54332477535301,77.54332477535301,0.026529004630313806,-0.02076941809873252,0.006283185307179587,54.0,2.39,0.0,1,1,34.0,4,0.165,23.605,0.125,52.6494894,9.7464535,33.21,33.39,52.6494795,9.7464473,-0.011868238913561441,-0.02234021442552742,4.223522256901078,-10.955,-20.895,-0.09,23.601902,0.16021357,0.4042579
0 days 00:00:01.290000,0.0012972041737795694,0.49834800000000007,-0.10594800000000001,9.94734,77.35611895592639,77.35611895592639,77.35611895592639,77.35611895592639,0.028623399732707003,0.0006981317007977319,0.00645771823237902,54.0,2.39,0.0,1,1,34.5,4,0.165,23.615000000000002,0.125,52.6494894,9.7464535,33.21,33.39,52.6494777,9.746445699999999,-0.011519173063162575,-0.02234021442552742,4.223522256901078,-10.955,-20.895,-0.09,23.6119,0.16035211,0.40442535
0 days 00:00:01.300000,0.0012972041737795694,-0.4434120000000001,-0.133416,9.782532000000002,77.18228498074454,77.18228498074454,77.18228498074454,77.18228498074454,0.03089232776029963,0.005934119456780722,0.007330382858376183,54.0,2.39,0.0,1,1,35.0,4,0.16,23.61,0.125,52.6494894,9.7464535,33.21,33.39,52.6494758,9.746444,-0.01117010721276371,-0.02234021442552742,4.223696789826278,-10.955,-20.895,-0.09,23.606903,0.15549481,0.40420187
0 days 00:00:01.310000,0.0012972041737795694,-0.463032,0.05101200000000001,9.390132000000001,77.27588789045785,77.27588789045785,77.27588789045785,77.27588789045785,0.03316125578789226,0.0,0.00942477796076938,54.0,2.39,0.0,1,1,35.5,4,0.16,23.61,0.125,52.6494894,9.7464535,33.21,33.39,52.6494739,9.7464424,-0.010821041362364843,-0.02234021442552742,4.223696789826278,-10.955,-20.895,-0.09,23.606903,0.1556359,0.40414757
0 days 00:00:01.320000,0.0012972041737795694,0.21974400000000002,-0.14126400000000003,10.253412000000003,77.49652332049635,77.49652332049635,77.49652332049635,77.49652332049635,0.039269908169872414,0.032463124087094536,0.009075712110370514,54.0,2.39,0.0,1,1,36.0,4,0.16,23.615000000000002,0.125,52.6494797,9.7464452,33.29,33.37,52.649471999999996,9.7464409,-0.010471975511965976,-0.022689280275926284,4.223871322751476,-10.975,-20.93,-0.17,23.611757,0.15568948,0.41244656
0 days 00:00:01.330000,0.0012972041737795694,-0.635688,-0.12164400000000002,10.520244,77.63692768506633,77.63692768506633,77.63692768506633,77.63692768506633,0.03700098014227979,0.016929693744344998,0.00890117918517108,54.0,2.39,0.0,1,1,36.5,4,0.16,23.61,0.12,52.6494797,9.7464452,33.29,33.37,52.649470099999995,9.7464392,-0.010122909661567111,-0.022863813201125717,4.223871322751476,-10.975,-20.93,-0.17,23.606573,0.15574229,0.42139712
0 days 00:00:01.340000,0.0012972041737795694,-0.180504,-0.34531200000000006,10.053288000000002,77.68372913992297,77.68372913992297,77.68372913992297,77.68372913992297,0.031939525311496235,-0.003490658503988659,0.009075712110370514,54.0,2.39,0.0,1,1,37.0,4,0.155,23.61,0.115,52.6494797,9.7464452,33.29,33.37,52.649468299999995,9.7464376,-0.009773843811168246,-0.022863813201125717,4.2240458556766765,-10.975,-20.93,-0.17,23.606459,0.15084076,0.42629233
0 days 00:00:01.350000,0.0012972041737795694,0.290376,0.17265600000000003,10.598724,77.50320924261874,77.50320924261874,77.50320924261874,77.50320924261874,0.026703537555513242,0.01902408884673819,0.008726646259971648,54.0,2.39,0.0,1,1,37.5,4,0.155,23.62,0.105,52.6494797,9.7464452,33.29,33.36,52.649466399999994,9.746436,-0.00942477796076938,-0.02303834612632515,4.2240458556766765,-10.975,-20.93,-0.17,23.616152,0.15085432,0.4405868
0 days 00:00:01.360000,0.0012972041737795694,-1.208592,-0.16873200000000002,10.273032000000002,77.42966409927257,77.42966409927257,77.42966409927257,77.42966409927257,0.01902408884673819,-0.00645771823237902,0.009599310885968814,54.0,2.39,0.0,1,1,38.0,4,0.15,23.61,0.105,52.6494797,9.7464452,33.29,33.36,52.6494645,9.7464344,-0.009250245035569947,-0.02303834612632515,4.224220388601876,-10.975,-20.93,-0.17,23.606153,0.14593357,0.4402839
0 days 00:00:01.370000,0.0012972041737795694,-0.42379200000000006,0.223668,8.919252,77.27588789045785,77.27588789045785,77.27588789045785,77.27588789045785,0.012042771838760874,-0.023387411976724018,0.01117010721276371,54.0,2.39,0.0,1,1,38.5,4,0.145,23.61,0.115,52.649470199999996,9.746437,33.27,33.34,52.6494626,9.7464328,-0.009075712110370514,-0.022863813201125717,4.224394921527075,-10.985,-20.935,-0.18,23.606459,0.14113873,0.42609614
0 days 00:00:01.380000,0.0012972041737795694,1.0791000000000002,0.302148,9.802152000000001,77.18228498074454,77.18228498074454,77.18228498074454,77.18228498074454,0.004886921905584123,0.027401669256310976,0.011344640137963142,54.0,2.39,0.0,1,1,39.0,4,0.15,23.625,0.115,52.649470199999996,9.746437,33.27,33.34,52.6494607,9.7464312,-0.009075712110370514,-0.02303834612632515,4.224394921527075,-10.985,-20.935,-0.18,23.62138,0.146098,0.43060693
0 days 00:00:01.390000,0.0012972041737795694,-1.043784,0.192276,9.613800000000001,77.24245827984595,77.24245827984595,77.24245827984595,77.24245827984595,-0.0013962634015954637,0.00890117918517108,0.011693705988362009,54.0,2.39,0.0,1,1,39.5,4,0.15,23.615000000000002,0.115,52.649470199999996,9.746437,33.27,33.34,52.6494589,9.746429599999999,-0.009075712110370514,-0.023212879051524585,4.224569454452275,-10.985,-20.935,-0.18,23.611305,0.1460627,0.4344974
0 days 00:00:01.400000,0.0012972041737795694,-0.48657600000000006,0.05886,8.927100000000001,77.50320924261874,77.50320924261874,77.50320924261874,77.50320924261874,0.0019198621771937623,-0.005759586531581288,0.011868238913561443,54.0,2.39,0.0,1,1,40.0,4,0.145,23.615000000000002,0.125,52.649470199999996,9.746437,33.27,33.34,52.649457,9.746428,-0.009075712110370514,-0.023212879051524585,4.224743987377474,-10.985,-20.935,-0.18,23.611538,0.14115363,0.42445514
0 days 00:00:01.410000,0.0014151318259413483,0.8201160000000001,0.10202400000000002,10.681128000000001,77.65029952931107,77.65029952931107,77.65029952931107,77.65029952931107,0.0013962634015954637,0.04293509959906051,0.010122909661567111,54.0,2.39,0.0,1,1,40.0,4,0.145,23.625,0.12,52.649470199999996,9.746437,33.27,33.34,52.6494551,9.746426399999999,-0.009075712110370514,-0.02356194490192345,4.224743987377474,-10.985,-20.935,-0.18,23.62127,0.14103132,0.43793076
0 days 00:00:01.420000,0.0014151318259413483,-1.5735240000000001,-0.05886,10.375056,77.71047282841249,77.71047282841249,77.71047282841249,77.71047282841249,0.0020943951023931952,-0.0041887902047863905,0.01117010721276371,54.0,2.39,0.0,1,1,40.0,4,0.13,23.61,0.105,52.6494593,9.74643,32.92,33.32,52.649453199999996,9.7464248,-0.00890117918517108,-0.02356194490192345,4.224918520302674,-11.015,-20.935,-0.05,23.60592,0.12597801,0.4524145
0 days 00:00:01.430000,0.0014151318259413483,0.03531600000000001,0.011772000000000001,9.480384,77.50320924261874,77.50320924261874,77.50320924261874,77.50320924261874,0.0013962634015954637,-0.021118483949131385,0.010122909661567111,54.0,2.39,0.0,1,1,40.0,4,0.13,23.615000000000002,0.11,52.6494593,9.74643,32.92,33.31,52.649451299999996,9.746423199999999,-0.00890117918517108,-0.023387411976724018,4.225093053227873,-11.015,-20.935,-0.05,23.611115,0.12605813,0.44341308
0 days 00:00:01.440000,0.0014151318259413483,0.8632800000000002,0.23544,10.010124000000001,77.35611895592639,77.35611895592639,77.35611895592639,77.35611895592639,-0.002967059728390361,0.02600540585471551,0.00890117918517108,54.0,2.39,0.0,1,1,40.0,4,0.13,23.625,0.11,52.6494593,9.74643,32.92,33.31,52.649449399999995,9.7464216,-0.00890117918517108,-0.02356194490192345,4.225093053227873,-11.015,-20.935,-0.05,23.621035,0.12601936,0.4477695
0 days 00:00:01.450000,0.0015330594781031272,-1.5617520000000003,0.21582000000000004,9.182160000000001,77.28925973470261,77.28925973470261,77.28925973470261,77.28925973470261,-0.004886921905584123,-0.007853981633974483,0.00942477796076938,54.0,2.39,0.0,1,1,40.0,4,0.135,23.61,0.115,52.6494593,9.74643,32.92,33.31,52.6494475,9.746419999999999,-0.00890117918517108,-0.02356194490192345,4.225267586153072,-11.015,-20.935,-0.05,23.606155,0.13106681,0.44246215
0 days 00:00:01.460000,0.0015330594781031272,0.04316400000000001,0.26290800000000003,9.24102,77.27588789045785,77.27588789045785,77.27588789045785,77.27588789045785,-0.0036651914291880917,-0.004363323129985824,0.008203047484373348,54.0,2.39,0.0,1,1,40.0,4,0.135,23.615000000000002,0.12,52.6494593,9.74643,32.92,33.31,52.6494457,9.7464184,-0.009075712110370514,-0.023387411976724018,4.225267586153072,-11.015,-20.935,-0.05,23.611347,0.13107128,0.43348363
0 days 00:00:01.470000,0.001650987130264906,0.38847600000000004,0.125568,10.426068,77.40960633290543,77.40960633290543,77.40960633290543,77.40960633290543,-0.00017453292519943296,0.030194196059501903,0.005585053606381855,54.0,2.39,0.0,1,1,40.0,4,0.13,23.625,0.115,52.6494499,9.746421999999999,32.9,33.29,52.6494438,9.7464168,-0.00890117918517108,-0.023736477827122883,4.225442119078272,-10.975,-20.94,-0.17,23.621075,0.12602717,0.44689345
0 days 00:00:01.480000,0.001650987130264906,-1.283148,0.16480800000000004,9.319500000000001,77.54332477535301,77.54332477535301,77.54332477535301,77.54332477535301,-0.0006981317007977319,-0.014660765716752367,0.005235987755982988,54.0,2.39,0.0,1,1,40.0,4,0.13,23.615000000000002,0.12,52.6494499,9.746421999999999,32.9,33.29,52.6494419,9.7464152,-0.00890117918517108,-0.023736477827122883,4.225442119078272,-10.975,-20.94,-0.17,23.611195,0.12607376,0.44165778
0 days 00:00:01.490000,0.001650987130264906,0.52974,0.278604,9.743292000000002,77.65029952931107,77.65029952931107,77.65029952931107,77.65029952931107,0.0038397243543875246,0.0006981317007977319,0.0041887902047863905,54.0,2.39,0.0,1,1,40.0,4,0.13,23.62,0.125,52.6494499,9.746421999999999,32.9,33.28,52.64944,9.7464136,-0.00890117918517108,-0.023736477827122883,4.225442119078272,-10.975,-20.94,-0.17,23.616314,0.1261172,0.43677807
0 days 00:00:01.500000,0.001650987130264906,-0.149112,0.11772,10.606572000000002,77.63692768506633,77.63692768506633,77.63692768506633,77.63692768506633,0.010122909661567111,0.012566370614359173,0.004537856055185257,54.0,2.39,0.0,1,1,40.0,4,0.135,23.625,0.115,52.6494499,9.746421999999999,32.9,33.28,52.6494381,9.746412,-0.008726646259971648,-0.023736477827122883,4.225616652003471,-10.975,-20.94,-0.17,23.621075,0.13110498,0.4469151
0 days 00:00:01.510000,0.0017689147824266852,-1.2007440000000003,0.08240400000000002,9.625572000000002,77.59681215233205,77.59681215233205,77.59681215233205,77.59681215233205,0.014137166941154071,-0.03159045946109736,0.005585053606381855,54.0,2.39,0.0,1,1,40.0,4,0.135,23.615000000000002,0.115,52.6494499,9.746421999999999,32.9,33.28,52.6494362,9.7464104,-0.008726646259971648,-0.02356194490192345,4.225616652003471,-10.975,-20.94,-0.17,23.611153,0.13114302,0.44255704
0 days 00:00:01.520000,0.0017689147824266852,0.49442400000000003,0.066708,9.656964,77.42966409927257,77.42966409927257,77.42966409927257,77.42966409927257,0.016057029118347832,-0.00890117918517108,0.005061454830783556,54.0,2.39,0.0,1,1,40.0,4,0.135,23.62,0.12,52.649442199999996,9.7464145,32.5,33.25,52.6494344,9.7464088,-0.008552113334772215,-0.023387411976724018,4.225616652003471,-10.93,-20.91,-0.135,23.616346,0.13129723,0.43353185
0 days 00:00:01.530000,0.0017689147824266852,-0.4198680000000001,0.20012400000000002,10.426068,77.40960633290543,77.40960633290543,77.40960633290543,77.40960633290543,0.016755160819145562,-0.0024434609527920616,0.004363323129985824,54.0,2.39,0.0,1,1,40.0,4,0.135,23.62,0.115,52.649442199999996,9.7464145,32.5,33.25,52.649432499999996,9.7464072,-0.008377580409572781,-0.023387411976724018,4.225616652003471,-10.93,-20.91,-0.135,23.61623,0.13133103,0.43850735
0 days 00:00:01.540000,0.0017689147824266852,-1.0869480000000002,0.066708,9.507852000000002,77.38286264441591,77.38286264441591,77.38286264441591,77.38286264441591,0.017976891295541593,-0.03892084231947355,0.004886921905584123,54.0,2.39,0.0,1,1,40.0,4,0.135,23.61,0.115,52.649442199999996,9.7464145,32.5,33.25,52.649430599999995,9.7464056,-0.00820304748437335,-0.02303834612632515,4.225791184928671,-10.93,-20.91,-0.135,23.606384,0.13147707,0.43001074
0 days 00:00:01.550000,0.0017689147824266852,0.5768280000000001,0.1962,10.080756000000001,77.40960633290543,77.40960633290543,77.40960633290543,77.40960633290543,0.021118483949131385,-0.010995574287564275,0.004363323129985824,54.0,2.39,0.0,1,1,40.0,4,0.14,23.62,0.115,52.649442199999996,9.7464145,32.5,33.25,52.649428699999994,9.746404,-0.008028514559173916,-0.022863813201125717,4.225791184928671,-10.93,-20.91,-0.135,23.616455,0.1365832,0.42613652
0 days 00:00:01.560000,0.0017689147824266852,-0.64746,0.17265600000000003,10.324044,77.59681215233205,77.59681215233205,77.59681215233205,77.59681215233205,0.023736477827122886,-0.019722220547535925,0.005061454830783556,54.0,2.39,0.0,1,1,40.0,4,0.14,23.615000000000002,0.11,52.649442199999996,9.7464145,32.5,33.25,52.6494268,9.7464024,-0.00767944870877505,-0.022689280275926284,4.225791184928671,-10.93,-20.91,-0.135,23.611416,0.13672607,0.42685226
0 days 00:00:01.570000,0.0017689147824266852,-0.714168,-0.05886,10.08468,77.73053059477962,77.73053059477962,77.73053059477962,77.73053059477962,0.031939525311496235,-0.0439822971502571,0.005759586531581288,54.0,2.39,0.0,1,1,40.0,4,0.14,23.605,0.11,52.6494329,9.7464064,32.49,33.22,52.6494249,9.7464008,-0.007330382858376184,-0.022165681500327987,4.225791184928671,-10.92,-20.905,-0.185,23.601639,0.13696732,0.41422027
0 days 00:00:01.580000,0.0017689147824266852,0.45518400000000003,0.023544000000000002,10.586952000000002,77.78401797175866,77.78401797175866,77.78401797175866,77.78401797175866,0.0317649923862968,-0.024783675378319478,0.005759586531581288,54.0,2.39,0.0,1,1,40.0,4,0.14,23.615000000000002,0.1,52.6494329,9.7464064,32.49,33.22,52.6494231,9.746399199999999,-0.007155849933176752,-0.02199114857512855,4.22596571785387,-10.92,-20.905,-0.185,23.611488,0.13699597,0.42029434
0 days 00:00:01.590000,0.0017689147824266852,-0.580752,-0.10987200000000001,10.728216000000002,77.63024176294394,77.63024176294394,77.63024176294394,77.63024176294394,0.03106686068549907,-0.03944444109507185,0.005585053606381855,54.0,2.39,0.0,1,1,40.0,4,0.14,23.61,0.095,52.6494329,9.7464064,32.49,33.22,52.6494212,9.7463976,-0.006806784082777886,-0.021642082724729686,4.22596571785387,-10.92,-20.905,-0.185,23.606527,0.13716549,0.4168953
0 days 00:00:01.600000,0.0017689147824266852,-0.47480400000000006,0.066708,9.892404,77.42966409927257,77.42966409927257,77.42966409927257,77.42966409927257,0.026354471705114374,-0.05567600313861911,0.006806784082777885,54.0,2.39,0.0,1,1,40.0,4,0.14,23.61,0.09,52.6494329,9.7464064,32.49,33.22,52.6494193,9.746395999999999,-0.006457718232379019,-0.02111848394913139,4.2261402507790695,-10.92,-20.905,-0.185,23.606636,0.13735853,0.40948594
0 days 00:00:01.610000,0.0017689147824266852,0.10987200000000001,0.003924,10.445688,77.38286264441591,77.38286264441591,77.38286264441591,77.38286264441591,0.027925268031909273,-0.03543018381548489,0.006981317007977318,54.0,2.39,0.0,1,1,40.0,4,0.14,23.61,0.085,52.6494329,9.7464064,32.49,33.21,52.6494174,9.7463944,-0.006283185307179586,-0.02076941809873252,4.2261402507790695,-10.92,-20.905,-0.185,23.606676,0.13745037,0.40622067
0 days 00:00:01.620000,0.0017689147824266852,-0.894672,0.07848000000000001,10.174932000000002,77.40960633290543,77.40960633290543,77.40960633290543,77.40960633290543,0.033335788713091695,-0.053930673886624786,0.007330382858376183,54.0,2.39,0.0,1,1,40.0,4,0.14,23.605,0.09,52.6494254,9.7463968,32.94,33.19,52.6494156,9.746392799999999,-0.005934119456780721,-0.020245819323134222,4.2261402507790695,-10.92,-20.925,-0.17500000000000002,23.601984,0.13769577,0.38871226
0 days 00:00:01.630000,0.0017689147824266852,-0.054936000000000006,0.023544000000000002,10.343664,77.50320924261874,77.50320924261874,77.50320924261874,77.50320924261874,0.03822271061867582,-0.05201081170943102,0.007679448708775049,54.0,2.39,0.0,1,1,40.0,4,0.14,23.61,0.085,52.6494254,9.7463968,32.94,33.19,52.6494137,9.7463912,-0.005585053606381855,-0.019722220547535925,4.226314783704269,-10.92,-20.925,-0.17500000000000002,23.607086,0.137872,0.381404
0 days 00:00:01.640000,0.0017689147824266852,-0.05886,-0.0981,11.097072,77.65029952931107,77.65029952931107,77.65029952931107,77.65029952931107,0.041713369122664476,-0.04031710572106901,0.007504915783575617,54.0,2.39,0.0,1,1,40.0,4,0.135,23.61,0.07,52.6494254,9.7463968,32.94,33.19,52.649411799999996,9.746389599999999,-0.005061454830783556,-0.01937315469713706,4.226314783704269,-10.92,-20.925,-0.17500000000000002,23.606926,0.13303755,0.38806304
0 days 00:00:01.650000,0.0017689147824266852,-0.812268,0.019620000000000002,10.524168,77.73053059477962,77.73053059477962,77.73053059477962,77.73053059477962,0.03874630939427412,-0.06300638599699529,0.00890117918517108,54.0,2.39,0.0,1,1,40.0,4,0.135,23.605,0.065,52.6494254,9.7463968,32.94,33.19,52.649409899999995,9.746388,-0.00471238898038469,-0.018675022996339326,4.226489316629468,-10.92,-20.925,-0.17500000000000002,23.602097,0.13322756,0.37644163
0 days 00:00:01.660000,0.0017689147824266852,0.08632800000000002,0.07848000000000001,10.720368,77.71047282841249,77.71047282841249,77.71047282841249,77.71047282841249,0.03612831551628262,-0.05131268000863328,0.009075712110370514,54.0,2.39,0.0,1,1,40.0,4,0.135,23.605,0.055,52.6494254,9.7463968,32.94,33.19,52.649408099999995,9.746386399999999,-0.004363323129985824,-0.01815142422074103,4.226489316629468,-10.92,-20.925,-0.17500000000000002,23.602108,0.13336924,0.3740354
0 days 00:00:01.670000,0.0017689147824266852,-0.21582000000000004,-0.039240000000000004,11.281500000000001,77.63024176294394,77.63024176294394,77.63024176294394,77.63024176294394,0.030543261909900768,-0.04590215932745086,0.00942477796076938,54.0,2.39,0.0,1,1,40.0,4,0.13,23.605,0.04,52.649416099999996,9.746388699999999,32.93,33.17,52.649406199999994,9.7463848,-0.004014257279586958,-0.017627825445142728,4.226663849554669,-10.92,-20.865000000000002,-0.1,23.602037,0.12848923,0.3766083
0 days 00:00:01.680000,0.0017689147824266852,-0.7298640000000001,0.05886,10.787076000000003,77.49652332049635,77.49652332049635,77.49652332049635,77.49652332049635,0.02495820830351891,-0.06649704450098395,0.010297442586766544,54.0,2.39,0.0,1,1,40.0,4,0.13,23.6,0.035,52.649416099999996,9.746388699999999,32.93,33.17,52.6494043,9.7463832,-0.003839724354387525,-0.01710422666954443,4.226838382479867,-10.92,-20.865000000000002,-0.1,23.597147,0.12858354,0.3691416
0 days 00:00:01.690000,0.0017689147824266852,0.047088000000000005,-0.027468000000000003,10.473156000000001,77.48315147625159,77.48315147625159,77.48315147625159,77.48315147625159,0.02426007660272118,-0.05707226654021458,0.010122909661567111,54.0,2.39,0.0,1,1,40.0,4,0.125,23.6,0.025,52.649416099999996,9.746388699999999,32.93,33.17,52.6494025,9.7463816,-0.003490658503988659,-0.0164060949687467,4.226838382479867,-10.92,-20.865000000000002,-0.1,23.597235,0.12373503,0.36260396
0 days 00:00:01.700000,0.0017689147824266852,-0.125568,0.192276,10.159236000000002,77.35611895592639,77.35611895592639,77.35611895592639,77.35611895592639,0.019722220547535925,-0.048869219055841226,0.010122909661567111,54.0,2.39,0.0,1,1,40.0,4,0.125,23.605,0.025,52.649416099999996,9.746388699999999,32.93,33.17,52.6494006,9.74638,-0.0033161255787892262,-0.016057029118347832,4.227012915405067,-10.92,-20.865000000000002,-0.1,23.602356,0.12382537,0.35442573
0 days 00:00:01.710000,0.0017689147824266852,-0.42379200000000006,0.317844,10.598724,77.38286264441591,77.38286264441591,77.38286264441591,77.38286264441591,0.01658062789394613,-0.045553093477052,0.01064650843716541,54.0,2.39,0.0,1,1,40.0,4,0.13,23.6,0.015,52.649416099999996,9.746388699999999,32.93,33.17,52.6493987,9.7463784,-0.003141592653589793,-0.015533430342749533,4.227012915405067,-10.92,-20.865000000000002,-0.1,23.597385,0.12889485,0.35198268
0 days 00:00:01.720000,0.0017689147824266852,-0.361008,-0.054936000000000006,10.912644,77.5165810868635,77.5165810868635,77.5165810868635,77.5165810868635,0.015533430342749534,-0.048171087355043496,0.010821041362364843,54.0,2.39,0.0,1,1,40.0,4,0.12,23.6,0.005,52.6494058,9.7463803,33.13,33.15,52.6493968,9.7463768,-0.0029670597283903604,-0.015009831567151233,4.227187448330266,-10.925,-20.88,-0.045,23.597416,0.118963316,0.3495738
0 days 00:00:01.730000,0.0017689147824266852,-0.21582000000000004,0.27468000000000004,10.743912,77.63024176294394,77.63024176294394,77.63024176294394,77.63024176294394,0.01361356816555577,-0.046949356878647465,0.011519173063162576,54.0,2.39,0.0,1,1,40.0,4,0.12,23.6,-0.005,52.6494058,9.7463803,33.13,33.15,52.6493949,9.7463752,-0.0027925268031909274,-0.014660765716752368,4.227361981255466,-10.925,-20.88,-0.045,23.597391,0.11901941,0.35131487
0 days 00:00:01.740000,0.0017689147824266852,0.07848000000000001,0.29430000000000006,10.375056,77.61018399657681,77.61018399657681,77.61018399657681,77.61018399657681,0.010122909661567111,-0.039095375244672985,0.01308996938995747,54.0,2.39,0.0,1,1,40.0,4,0.12,23.6,-0.01,52.6494058,9.7463803,33.13,33.15,52.6493931,9.7463736,-0.002617993877991494,-0.014137166941154071,4.227361981255466,-10.925,-20.88,-0.045,23.5975,0.11909999,0.343938
0 days 00:00:01.750000,0.0017689147824266852,0.05101200000000001,0.10202400000000002,10.484928,77.5165810868635,77.5165810868635,77.5165810868635,77.5165810868635,0.004014257279586958,-0.027052603405912107,0.012740903539558606,54.0,2.39,0.0,1,1,40.0,4,0.12,23.605,-0.015,52.6494058,9.7463803,33.13,33.15,52.6493912,9.746372,-0.002617993877991494,-0.013962634015954637,4.227536514180665,-10.925,-20.88,-0.045,23.60249,0.11909749,0.34488878
0 days 00:00:01.760000,0.0017689147824266852,-0.49442400000000003,0.21582000000000004,10.386828,77.28925973470261,77.28925973470261,77.28925973470261,77.28925973470261,-0.0027925268031909274,-0.029321531433504733,0.013264502315156903,54.0,2.39,0.0,1,1,40.0,4,0.115,23.6,-0.02,52.6494058,9.7463803,33.13,33.15,52.649389299999996,9.7463704,-0.002617993877991494,-0.013613568165555772,4.227711047105864,-10.925,-20.88,-0.045,23.59754,0.11410617,0.34156832
0 days 00:00:01.770000,0.0017689147824266852,-0.32176800000000005,0.447336,10.375056,77.32937526743689,77.32937526743689,77.32937526743689,77.32937526743689,-0.008377580409572781,-0.022863813201125717,0.01291543646475804,54.0,2.39,0.0,1,1,40.0,4,0.115,23.59,-0.025,52.6493964,9.746372299999999,33.13,33.14,52.649387399999995,9.746368799999999,-0.002617993877991494,-0.013439035240356337,4.227885580031064,-10.9,-20.86,0.005,23.587534,0.11410422,0.34231493
0 days 00:00:01.780000,0.0017689147824266852,-0.047088000000000005,-0.05886,10.390752000000003,77.32937526743689,77.32937526743689,77.32937526743689,77.32937526743689,-0.009250245035569947,-0.014311699866353502,0.012042771838760874,54.0,2.39,0.0,1,1,40.0,4,0.11,23.595,-0.03,52.6493964,9.746372299999999,33.13,33.14,52.649385599999995,9.7463672,-0.0027925268031909274,-0.013264502315156905,4.227885580031064,-10.9,-20.86,0.005,23.592525,0.10904184,0.34326994
0 days 00:00:01.790000,0.0017689147824266852,-0.28252800000000006,0.16480800000000004,10.159236000000002,77.34943303380402,77.34943303380402,77.34943303380402,77.34943303380402,-0.00471238898038469,-0.010995574287564275,0.010821041362364843,54.0,2.39,0.0,1,1,40.0,4,0.11,23.59,-0.035,52.6493964,9.746372299999999,33.13,33.14,52.649383699999994,9.746365599999999,-0.0027925268031909274,-0.013089969389957472,4.228060112956263,-10.9,-20.86,0.005,23.587523,0.10903956,0.34408644
0 days 00:00:01.800000,0.0017689147824266852,-0.13734000000000002,0.47480400000000006,9.570636,77.38286264441591,77.38286264441591,77.38286264441591,77.38286264441591,0.00017453292519943296,-0.009773843811168246,0.010995574287564275,54.0,2.39,0.0,1,1,40.0,4,0.11,23.59,-0.03,52.6493964,9.746372299999999,33.13,33.14,52.6493818,9.746364,-0.0027925268031909274,-0.013089969389957472,4.228234645881463,-10.9,-20.86,0.005,23.587587,0.10905352,0.3390869
0 days 00:00:01.810000,0.0017689147824266852,0.41594400000000004,0.27075600000000005,10.2024,77.48315147625159,77.48315147625159,77.48315147625159,77.48315147625159,0.0024434609527920616,0.022514747350726852,0.010471975511965976,54.0,2.39,0.0,1,1,40.0,4,0.115,23.595,-0.035,52.6493964,9.746372299999999,33.13,33.14,52.6493799,9.746362399999999,-0.0027925268031909274,-0.013264502315156905,4.228234645881463,-10.9,-20.86,0.005,23.59246,0.11402786,0.34828347
0 days 00:00:01.820000,0.0017689147824266852,-0.671004,0.21974400000000002,9.951264,77.40960633290543,77.40960633290543,77.40960633290543,77.40960633290543,0.0005235987755982988,0.01308996938995747,0.01117010721276371,54.0,2.39,0.0,1,1,40.0,4,0.115,23.59,-0.035,52.6493872,9.7463641,33.14,33.12,52.6493781,9.7463608,-0.0027925268031909274,-0.013264502315156905,4.228409178806663,-10.895,-20.935,-0.0,23.587461,0.114028044,0.34821716
0 days 00:00:01.830000,0.0017689147824266852,0.039240000000000004,0.43948800000000005,10.057212000000002,77.42966409927257,77.42966409927257,77.42966409927257,77.42966409927257,-0.004886921905584123,0.021467549799530253,0.01064650843716541,54.0,2.39,0.0,1,1,40.0,4,0.115,23.59,-0.04,52.6493872,9.7463641,33.14,33.13,52.6493762,9.746359199999999,-0.0027925268031909274,-0.013613568165555772,4.228409178806663,-10.895,-20.935,-0.0,23.58727,0.11399109,0.3614502
0 days 00:00:01.840000,0.0017689147824266852,-0.047088000000000005,0.25506,9.900252000000002,77.24245827984595,77.24245827984595,77.24245827984595,77.24245827984595,-0.011868238913561443,0.028623399732707003,0.009948376736367679,54.0,2.39,0.0,1,1,40.0,4,0.115,23.59,-0.04,52.6493872,9.7463641,33.14,33.13,52.6493743,9.7463576,-0.0029670597283903604,-0.013788101090755204,4.228583711731861,-10.895,-20.935,-0.0,23.587206,0.113915786,0.36558682
0 days 00:00:01.850000,0.0017689147824266852,-0.36493200000000003,0.37670400000000004,9.425448000000001,77.21571459135643,77.21571459135643,77.21571459135643,77.21571459135643,-0.017278759594743863,0.022165681500327987,0.00942477796076938,54.0,2.39,0.0,1,1,40.0,4,0.12,23.59,-0.035,52.6493872,9.7463641,33.14,33.13,52.6493724,9.746355999999999,-0.003141592653589793,-0.014137166941154071,4.228583711731861,-10.895,-20.935,-0.0,23.587149,0.11884178,0.36885634
0 days 00:00:01.860000,0.0017689147824266852,-0.03531600000000001,0.5650560000000001,9.547092000000001,77.24245827984595,77.24245827984595,77.24245827984595,77.24245827984595,-0.021642082724729686,0.034732052114687155,0.007853981633974483,54.0,2.39,0.0,1,1,40.0,4,0.12,23.59,-0.035,52.6493872,9.7463641,33.14,33.13,52.649370499999996,9.7463544,-0.0033161255787892262,-0.014486232791552936,4.228758244657061,-10.895,-20.935,-0.0,23.587019,0.11875011,0.37711045
0 days 00:00:01.870000,0.0018868424345884643,-0.5493600000000001,0.40809600000000007,9.295956,77.19565682498931,77.19565682498931,77.19565682498931,77.19565682498931,-0.020943951023931952,0.031415926535897934,0.006806784082777885,54.0,2.39,0.0,1,1,40.0,4,0.125,23.585,-0.03,52.6493774,9.7463578,32.85,33.11,52.6493687,9.7463529,-0.003490658503988659,-0.014660765716752368,4.228758244657061,-10.870000000000001,-20.96,0.035,23.582024,0.123687595,0.37619257
0 days 00:00:01.880000,0.0018868424345884643,-0.090252,0.368856,8.538624,77.21571459135643,77.21571459135643,77.21571459135643,77.21571459135643,-0.023387411976724018,0.028972465583105875,0.007155849933176751,54.0,2.39,0.0,1,1,40.0,4,0.125,23.585,-0.015,52.6493774,9.7463578,32.85,33.11,52.649366799999996,9.746351299999999,-0.003839724354387525,-0.015009831567151233,4.22893277758226,-10.870000000000001,-20.96,0.035,23.582117,0.12358226,0.36946914
0 days 00:00:01.890000,0.0018868424345884643,0.4316400000000001,0.40024800000000005,9.346968000000002,77.32937526743689,77.32937526743689,77.32937526743689,77.32937526743689,-0.02199114857512855,0.05707226654021458,0.007679448708775049,54.0,2.39,0.0,1,1,40.0,4,0.13,23.59,-0.01,52.6493774,9.7463578,32.85,33.11,52.649364899999995,9.7463496,-0.004014257279586958,-0.015533430342749533,4.22893277758226,-10.870000000000001,-20.96,0.035,23.587,0.12848791,0.3769365
0 days 00:00:01.900000,0.0018868424345884643,-0.463032,0.42771600000000004,9.417600000000002,77.35611895592639,77.35611895592639,77.35611895592639,77.35611895592639,-0.01884955592153876,0.0497418836818384,0.008028514559173916,54.0,2.39,0.0,1,1,40.0,4,0.13,23.585,-0.005,52.6493774,9.7463578,32.85,33.11,52.649363,9.746348,-0.0041887902047863905,-0.016057029118347832,4.22893277758226,-10.870000000000001,-20.96,0.035,23.581879,0.12839168,0.3842293
0 days 00:00:01.910000,0.0018868424345884643,-0.019620000000000002,0.10202400000000002,9.217476,77.44303594351734,77.44303594351734,77.44303594351734,77.44303594351734,-0.02234021442552742,0.04921828490624009,0.007330382858376183,54.0,2.39,0.0,1,1,40.0,4,0.13,23.59,-0.0,52.6493774,9.7463578,32.85,33.11,52.649361199999994,9.7463464,-0.004363323129985824,-0.016580627893946133,4.229107310507461,-10.870000000000001,-20.96,0.035,23.586758,0.12829219,0.3916826
0 days 00:00:01.920000,0.0018868424345884643,-0.066708,0.278604,9.645192000000002,77.32937526743689,77.32937526743689,77.32937526743689,77.32937526743689,-0.02199114857512855,0.05864306286700947,0.005934119456780722,54.0,2.39,0.0,1,1,40.0,4,0.13,23.585,-0.01,52.6493669,9.746349799999999,33.03,33.09,52.6493593,9.7463449,-0.004537856055185257,-0.01710422666954443,4.229107310507461,-10.855,-20.975,0.125,23.581377,0.12812279,0.41396767
0 days 00:00:01.930000,0.0018868424345884643,-0.8161920000000001,0.090252,9.523548,77.28925973470261,77.28925973470261,77.28925973470261,77.28925973470261,-0.023736477827122886,0.03717551306747922,0.004886921905584123,54.0,2.39,0.0,1,1,40.0,4,0.13,23.580000000000002,-0.005,52.6493669,9.746349799999999,33.03,33.09,52.6493574,9.7463433,-0.004886921905584123,-0.017453292519943295,4.229107310507461,-10.855,-20.975,0.125,23.57632,0.12796292,0.4171573
0 days 00:00:01.940000,0.0018868424345884643,-0.22759200000000002,0.39632400000000007,8.511156000000001,77.24245827984595,77.24245827984595,77.24245827984595,77.24245827984595,-0.023561944901923447,0.027052603405912107,0.004886921905584123,54.0,2.39,0.0,1,1,40.0,4,0.135,23.580000000000002,0.005,52.6493669,9.746349799999999,33.03,33.09,52.6493555,9.7463417,-0.005061454830783556,-0.01780235837034216,4.229281843432659,-10.855,-20.975,0.125,23.576353,0.132899,0.41543624
0 days 00:00:01.950000,0.0018868424345884643,0.596448,0.21582000000000004,8.96634,77.08199614890886,77.08199614890886,77.08199614890886,77.08199614890886,-0.022689280275926284,0.059341194567807204,0.0020943951023931952,54.0,2.39,0.0,1,1,40.0,4,0.135,23.585,0.015,52.6493669,9.746349799999999,33.03,33.09,52.6493536,9.7463401,-0.005235987755982988,-0.01832595714594046,4.229281843432659,-10.855,-20.975,0.125,23.581314,0.13281374,0.4178971
0 days 00:00:01.960000,0.0018868424345884643,-0.9299880000000001,0.6003720000000001,8.617104000000001,77.1622272143774,77.1622272143774,77.1622272143774,77.1622272143774,-0.02583087292951608,0.04136430327226561,0.004014257279586958,54.0,2.39,0.0,1,1,40.0,4,0.14,23.580000000000002,0.025,52.6493669,9.746349799999999,33.03,33.09,52.6493517,9.7463385,-0.005585053606381855,-0.018675022996339326,4.229281843432659,-10.855,-20.975,0.125,23.576357,0.13767815,0.4161112
0 days 00:00:01.970000,0.0018868424345884643,-0.133416,0.22759200000000002,8.660268,77.32937526743689,77.32937526743689,77.32937526743689,77.32937526743689,-0.023736477827122886,0.041887902047863905,0.004014257279586958,54.0,2.39,0.0,1,1,40.0,4,0.14,23.59,0.025,52.6493574,9.7463418,33.04,33.07,52.6493499,9.746336999999999,-0.005759586531581287,-0.019198621771937627,4.229456376357859,-10.865,-21.035,0.145,23.586134,0.13753332,0.42867154
0 days 00:00:01.980000,0.0018868424345884643,0.31392000000000003,0.24328800000000003,9.672660000000002,77.50320924261874,77.50320924261874,77.50320924261874,77.50320924261874,-0.024609142453120045,0.06440264939859076,0.003490658503988659,54.0,2.39,0.0,1,1,40.0,4,0.14,23.595,0.025,52.6493574,9.7463418,33.04,33.07,52.649347999999996,9.7463354,-0.005934119456780721,-0.019896753472735357,4.229456376357859,-10.865,-21.035,0.145,23.590826,0.13736022,0.4452608
0 days 00:00:01.990000,0.0018868424345884643,-0.9770760000000002,0.24328800000000003,9.602028,77.5165810868635,77.5165810868635,77.5165810868635,77.5165810868635,-0.028274333882308142,0.033510321638291124,0.004537856055185257,54.0,2.39,0.0,1,1,40.0,4,0.145,23.585,0.03,52.6493574,9.7463418,33.04,33.07,52.649346099999995,9.7463338,-0.006283185307179586,-0.020245819323134222,4.229456376357859,-10.865,-21.035,0.145,23.580772,0.14218561,0.44837335
0 days 00:00:02,0.0018868424345884643,-0.07848000000000001,0.251136,9.127224,77.44303594351734,77.44303594351734,77.44303594351734,77.44303594351734,-0.026354471705114374,0.021467549799530253,0.0038397243543875246,54.0,2.39,0.0,1,1,40.0,4,0.145,23.585,0.035,52.6493574,9.7463418,33.04,33.07,52.649344199999994,9.7463322,-0.006457718232379019,-0.020420352248333655,4.229456376357859,-10.865,-21.035,0.145,23.580797,0.14211306,0.44751483
0 days 00:00:02.010000,0.0018868424345884643,0.20012400000000002,0.180504,9.5157,77.29594565682498,77.29594565682498,77.29594565682498,77.29594565682498,-0.028623399732707003,0.044331363000655974,0.004014257279586958,54.0,2.39,0.0,1,1,40.0,4,0.145,23.59,0.04,52.6493574,9.7463418,33.04,33.07,52.6493423,9.7463306,-0.006806784082777886,-0.02076941809873252,4.229456376357859,-10.865,-21.035,0.145,23.585745,0.14193413,0.45090044
0 days 00:00:02.020000,0.0018868424345884643,-1.161504,0.16480800000000004,9.1233,77.1622272143774,77.1622272143774,77.1622272143774,77.1622272143774,-0.024609142453120045,0.012042771838760874,0.0054105206811824215,54.0,2.39,0.0,1,1,40.0,4,0.145,23.585,0.045,52.649347299999995,9.746334,32.910000000000004,33.04,52.6493404,9.746329099999999,-0.006981317007977318,-0.02111848394913139,4.229630909283058,-10.845,-21.045,-0.035,23.58069,0.14183359,0.4540537
0 days 00:00:02.030000,0.0018868424345884643,0.192276,0.32569200000000004,8.872164000000001,77.21571459135643,77.21571459135643,77.21571459135643,77.21571459135643,-0.023736477827122886,0.0158824961931484,0.004886921905584123,54.0,2.39,0.0,1,1,40.0,4,0.145,23.59,0.055,52.649347299999995,9.746334,32.910000000000004,33.04,52.6493385,9.7463275,-0.007330382858376184,-0.02111848394913139,4.229630909283058,-10.845,-21.045,-0.035,23.585901,0.1417476,0.44421124
0 days 00:00:02.040000,0.0018868424345884643,-0.090252,0.192276,9.613800000000001,77.24245827984595,77.24245827984595,77.24245827984595,77.24245827984595,-0.017976891295541593,0.03560471674068432,0.0054105206811824215,54.0,2.39,0.0,1,1,40.0,4,0.15,23.59,0.055,52.649347299999995,9.746334,32.910000000000004,33.04,52.6493367,9.7463259,-0.007504915783575617,-0.021467549799530253,4.229630909283058,-10.845,-21.045,-0.035,23.585745,0.14660814,0.45250633
0 days 00:00:02.050000,0.0018868424345884643,-0.9142920000000001,0.090252,9.178236000000002,77.48315147625159,77.48315147625159,77.48315147625159,77.48315147625159,-0.00942477796076938,0.004537856055185257,0.006108652381980153,54.0,2.39,0.0,1,1,40.0,4,0.15,23.585,0.06,52.649347299999995,9.746334,32.910000000000004,33.04,52.6493348,9.7463243,-0.007504915783575617,-0.021642082724729686,4.229805442208257,-10.845,-21.045,-0.035,23.580774,0.14661558,0.4515158
0 days 00:00:02.060000,0.0018868424345884643,0.368856,0.129492,9.472536,77.56338254172015,77.56338254172015,77.56338254172015,77.56338254172015,-0.006806784082777885,0.017278759594743863,0.006283185307179587,54.0,2.39,0.0,1,1,40.0,4,0.15,23.59,0.065,52.649347299999995,9.746334,32.910000000000004,33.04,52.6493329,9.7463227,-0.00767944870877505,-0.02181661564992912,4.229805442208257,-10.845,-21.045,-0.035,23.585802,0.14654271,0.45076725
0 days 00:00:02.070000,0.0018868424345884643,-0.306072,-0.10987200000000001,10.210248,77.54332477535301,77.54332477535301,77.54332477535301,77.54332477535301,-0.002967059728390361,0.013788101090755204,0.005934119456780722,54.0,2.39,0.0,1,1,40.0,4,0.155,23.59,0.065,52.649337499999994,9.7463252,32.77,33.01,52.649331,9.746321199999999,-0.00767944870877505,-0.02199114857512855,4.229979975133457,-10.795,-21.015,-0.085,23.585724,0.15151095,0.45492202
0 days 00:00:02.080000,0.0018868424345884643,-0.8475840000000001,0.003924,9.484308,77.40960633290543,77.40960633290543,77.40960633290543,77.40960633290543,-0.0024434609527920616,-0.019198621771937627,0.007155849933176751,54.0,2.39,0.0,1,1,40.0,4,0.155,23.585,0.065,52.649337499999994,9.7463252,32.77,33.01,52.649329099999996,9.7463196,-0.00767944870877505,-0.02181661564992912,4.229979975133457,-10.795,-21.015,-0.085,23.580803,0.1515434,0.4506965
0 days 00:00:02.090000,0.0018868424345884643,0.28645200000000004,0.10987200000000001,10.053288000000002,77.35611895592639,77.35611895592639,77.35611895592639,77.35611895592639,-0.0022689280275926286,0.0,0.00645771823237902,54.0,2.39,0.0,1,1,40.0,4,0.155,23.59,0.065,52.649337499999994,9.7463252,32.77,33.01,52.649327199999995,9.746317999999999,-0.00767944870877505,-0.02181661564992912,4.229979975133457,-10.795,-21.015,-0.085,23.585802,0.15154256,0.45080563
0 days 00:00:02.100000,0.0018868424345884643,-0.8672040000000001,-0.047088000000000005,9.688356,77.21571459135643,77.21571459135643,77.21571459135643,77.21571459135643,0.0,-0.018500490071139894,0.006283185307179587,54.0,2.39,0.0,1,1,40.0,4,0.155,23.585,0.065,52.649337499999994,9.7463252,32.77,33.01,52.6493253,9.7463164,-0.00767944870877505,-0.021467549799530253,4.230154508058657,-10.795,-21.015,-0.085,23.580961,0.1516066,0.4424655
0 days 00:00:02.110000,0.0018868424345884643,-0.42379200000000006,0.08240400000000002,8.872164000000001,77.35611895592639,77.35611895592639,77.35611895592639,77.35611895592639,0.007330382858376183,-0.033510321638291124,0.007853981633974483,54.0,2.39,0.0,1,1,40.0,4,0.155,23.580000000000002,0.075,52.649337499999994,9.7463252,32.77,33.01,52.6493234,9.7463148,-0.00767944870877505,-0.02129301687433082,4.230154508058657,-10.795,-21.015,-0.085,23.576252,0.15171582,0.42824608
0 days 00:00:02.120000,0.0018868424345884643,0.5493600000000001,0.3296160000000001,9.908100000000001,77.32937526743689,77.32937526743689,77.32937526743689,77.32937526743689,0.013439035240356337,0.004537856055185257,0.007679448708775049,54.0,2.39,0.0,1,1,40.0,4,0.16,23.59,0.08,52.649328499999996,9.7463173,32.7,32.980000000000004,52.6493215,9.7463132,-0.007504915783575617,-0.02129301687433082,4.230329040983856,-10.78,-20.97,-0.155,23.586355,0.15682633,0.4234713
0 days 00:00:02.130000,0.0017689147824266852,-0.9378360000000001,-0.16873200000000002,10.190628,77.57675438596492,77.57675438596492,77.57675438596492,77.57675438596492,0.01902408884673819,-0.017976891295541593,0.008552113334772213,54.0,2.39,0.0,1,1,40.0,4,0.155,23.585,0.08,52.649328499999996,9.7463173,32.7,32.980000000000004,52.6493197,9.7463117,-0.007330382858376184,-0.02111848394913139,4.230503573909056,-10.78,-20.97,-0.155,23.58143,0.15193133,0.4191852
0 days 00:00:02.140000,0.0017689147824266852,-0.3924,-0.054936000000000006,10.002276000000002,77.49652332049635,77.49652332049635,77.49652332049635,77.49652332049635,0.019198621771937627,-0.030543261909900768,0.008726646259971648,54.0,2.39,0.0,1,1,40.0,4,0.155,23.580000000000002,0.075,52.649328499999996,9.7463173,32.7,32.980000000000004,52.6493178,9.746310099999999,-0.007155849933176752,-0.02076941809873252,4.230503573909056,-10.78,-20.97,-0.155,23.576473,0.15202835,0.41582233
0 days 00:00:02.150000,0.0017689147824266852,0.28645200000000004,0.09417600000000001,10.35936,77.61018399657681,77.61018399657681,77.61018399657681,77.61018399657681,0.01658062789394613,-0.013264502315156903,0.00890117918517108,54.0,2.39,0.0,1,1,40.0,4,0.155,23.585,0.07,52.649328499999996,9.7463173,32.7,32.980000000000004,52.6493159,9.7463085,-0.006981317007977318,-0.02076941809873252,4.2306781068342545,-10.78,-20.97,-0.155,23.581366,0.1520653,0.4208984
0 days 00:00:02.160000,0.0017689147824266852,-0.7573320000000001,-0.027468000000000003,10.728216000000002,77.46309370988446,77.46309370988446,77.46309370988446,77.46309370988446,0.01780235837034216,-0.029845130209103034,0.009773843811168246,54.0,2.39,0.0,1,1,40.0,4,0.15,23.580000000000002,0.06,52.649328499999996,9.7463173,32.7,32.980000000000004,52.649314,9.7463069,-0.006806784082777886,-0.020420352248333655,4.2306781068342545,-10.78,-20.97,-0.155,23.576307,0.14712755,0.4225022
0 days 00:00:02.170000,0.0017689147824266852,-0.40417200000000003,-0.090252,10.194552000000002,77.40960633290543,77.40960633290543,77.40960633290543,77.40960633290543,0.015533430342749534,-0.04345869837465881,0.009948376736367679,54.0,2.39,0.0,1,1,40.0,4,0.15,23.575,0.06,52.6493191,9.746309199999999,32.69,32.95,52.649312099999996,9.7463053,-0.0066322511575784525,-0.019896753472735357,4.230852639759455,-10.785,-20.92,-0.115,23.571527,0.14728382,0.41003272
0 days 00:00:02.180000,0.0017689147824266852,0.011772000000000001,0.062784,9.935568000000002,77.28925973470261,77.28925973470261,77.28925973470261,77.28925973470261,0.010297442586766544,-0.031415926535897934,0.010122909661567111,54.0,2.39,0.0,1,1,40.0,4,0.15,23.580000000000002,0.06,52.6493191,9.746309199999999,32.69,32.95,52.649310199999995,9.7463037,-0.0066322511575784525,-0.019547687622336492,4.231027172684653,-10.785,-20.92,-0.115,23.576668,0.14733775,0.40190262
0 days 00:00:02.190000,0.0017689147824266852,-0.40024800000000005,0.0981,9.076212,77.21571459135643,77.21571459135643,77.21571459135643,77.21571459135643,0.0027925268031909274,-0.033859387488689996,0.010297442586766544,54.0,2.39,0.0,1,1,40.0,4,0.15,23.575,0.07,52.6493191,9.746309199999999,32.69,32.95,52.649308299999994,9.746302199999999,-0.006457718232379019,-0.01937315469713706,4.231027172684653,-10.785,-20.92,-0.115,23.571934,0.14749965,0.38766727
0 days 00:00:02.200000,0.0017689147824266852,0.003924,0.357084,9.417600000000002,77.12211168164313,77.12211168164313,77.12211168164313,77.12211168164313,-0.003316125578789226,-0.017278759594743863,0.010821041362364843,54.0,2.39,0.0,1,1,40.0,4,0.15,23.580000000000002,0.07,52.6493191,9.746309199999999,32.69,32.95,52.649306499999994,9.7463006,-0.0066322511575784525,-0.019198621771937627,4.231201705609854,-10.785,-20.92,-0.115,23.577,0.14745864,0.383675
0 days 00:00:02.210000,0.001650987130264906,-0.46695600000000004,-0.031392,9.939492000000001,77.29594565682498,77.29594565682498,77.29594565682498,77.29594565682498,0.0019198621771937623,-0.01902408884673819,0.011519173063162576,54.0,2.39,0.0,1,1,40.0,4,0.15,23.575,0.07,52.6493191,9.746309199999999,32.69,32.95,52.6493046,9.746298999999999,-0.006457718232379019,-0.01884955592153876,4.231201705609854,-10.785,-20.92,-0.115,23.572134,0.14757934,0.37532526
0 days 00:00:02.220000,0.001650987130264906,-0.133416,0.019620000000000002,9.65304,77.48315147625159,77.48315147625159,77.48315147625159,77.48315147625159,0.002967059728390361,-0.021467549799530253,0.012740903539558606,54.0,2.39,0.0,1,1,40.0,4,0.135,23.57,0.085,52.64931,9.7463011,32.72,32.93,52.6493027,9.7462974,-0.006457718232379019,-0.018675022996339326,4.231376238535052,-10.805,-20.895,-0.21,23.567478,0.13270369,0.3560239
0 days 00:00:02.230000,0.0015330594781031272,0.12164400000000002,0.184428,10.167084000000001,77.63024176294394,77.63024176294394,77.63024176294394,77.63024176294394,0.006981317007977318,-0.004537856055185257,0.012217304763960306,54.0,2.39,0.0,1,1,40.0,4,0.135,23.575,0.08,52.64931,9.7463011,32.72,32.93,52.6493008,9.7462958,-0.006283185307179586,-0.018675022996339326,4.2315507714602525,-10.805,-20.895,-0.21,23.572384,0.13273382,0.36109316
0 days 00:00:02.240000,0.0015330594781031272,-0.3924,-0.062784,10.433916000000002,77.46309370988446,77.46309370988446,77.46309370988446,77.46309370988446,0.003316125578789226,-0.008028514559173916,0.011868238913561443,54.0,2.39,0.0,1,1,40.0,4,0.13,23.575,0.075,52.64931,9.7463011,32.72,32.92,52.6492989,9.7462942,-0.006283185307179586,-0.018500490071139894,4.231725304385451,-10.805,-20.895,-0.21,23.572353,0.12772836,0.3619467
0 days 00:00:02.250000,0.0015330594781031272,-0.3924,-0.023544000000000002,9.613800000000001,77.21571459135643,77.21571459135643,77.21571459135643,77.21571459135643,-0.006283185307179587,-0.019198621771937627,0.011693705988362009,54.0,2.39,0.0,1,1,40.0,4,0.13,23.57,0.075,52.64931,9.7463011,32.72,32.92,52.649297,9.7462927,-0.006457718232379019,-0.01832595714594046,4.231725304385451,-10.805,-20.895,-0.21,23.567417,0.12769234,0.35776326
0 days 00:00:02.260000,0.0015330594781031272,0.133416,0.251136,9.386208000000002,77.10873983739837,77.10873983739837,77.10873983739837,77.10873983739837,-0.013264502315156903,-0.002617993877991494,0.011868238913561443,54.0,2.39,0.0,1,1,40.0,4,0.13,23.575,0.08,52.64931,9.7463011,32.72,32.92,52.649295099999996,9.746291099999999,-0.006457718232379019,-0.01832595714594046,4.231899837310651,-10.805,-20.895,-0.21,23.57251,0.12772404,0.35285583
0 days 00:00:02.270000,0.0015330594781031272,-0.223668,0.26290800000000003,9.739368,77.08199614890886,77.08199614890886,77.08199614890886,77.08199614890886,-0.017278759594743863,0.01064650843716541,0.01117010721276371,54.0,2.39,0.0,1,1,40.0,4,0.125,23.57,0.085,52.6493007,9.7462921,32.89,32.9,52.6492933,9.7462895,-0.0066322511575784525,-0.018500490071139894,4.23207437023585,-10.8,-20.94,-0.095,23.567537,0.12266904,0.3518675
0 days 00:00:02.280000,0.0015330594781031272,-0.6592320000000002,0.184428,9.672660000000002,77.14216944801026,77.14216944801026,77.14216944801026,77.14216944801026,-0.02181661564992912,0.013264502315156903,0.01064650843716541,54.0,2.39,0.0,1,1,40.0,4,0.12,23.57,0.085,52.6493007,9.7462921,32.89,32.9,52.649291399999996,9.746287899999999,-0.006806784082777886,-0.018675022996339326,4.23224890316105,-10.8,-20.94,-0.095,23.567478,0.117579736,0.35596815
0 days 00:00:02.290000,0.0015330594781031272,-0.21582000000000004,0.090252,9.704052,77.42966409927257,77.42966409927257,77.42966409927257,77.42966409927257,-0.022514747350726852,0.011344640137963142,0.009250245035569947,54.0,2.39,0.0,1,1,40.0,4,0.12,23.565,0.085,52.6493007,9.7462921,32.89,32.9,52.649289499999995,9.7462863,-0.006981317007977318,-0.018675022996339326,4.23224890316105,-10.8,-20.94,-0.095,23.562479,0.11751826,0.35589528
0 days 00:00:02.300000,0.0015330594781031272,0.21974400000000002,0.317844,9.817848000000001,77.40960633290543,77.40960633290543,77.40960633290543,77.40960633290543,-0.024434609527920613,0.022689280275926284,0.009250245035569947,54.0,2.39,0.0,1,1,40.0,4,0.125,23.57,0.085,52.6493007,9.7462921,32.89,32.9,52.6492876,9.7462847,-0.007330382858376184,-0.019024088846738195,4.232423436086249,-10.8,-20.94,-0.095,23.567352,0.12233291,0.36429262
0 days 00:00:02.310000,0.0015330594781031272,-0.17658000000000004,0.4198680000000001,9.696204000000002,77.49652332049635,77.49652332049635,77.49652332049635,77.49652332049635,-0.028274333882308142,0.017976891295541593,0.010471975511965976,54.0,2.39,0.0,1,1,40.0,4,0.125,23.57,0.09,52.6493007,9.7462921,32.89,32.9,52.6492857,9.7462831,-0.007504915783575617,-0.019198621771937627,4.232423436086249,-10.8,-20.94,-0.095,23.567385,0.12227598,0.36342826
0 days 00:00:02.320000,0.0014151318259413483,-0.23936400000000002,-0.28252800000000006,10.068984,77.44303594351734,77.44303594351734,77.44303594351734,77.44303594351734,-0.02530727415391778,0.01902408884673819,0.008726646259971648,54.0,2.39,0.0,1,1,40.0,4,0.12,23.57,0.08,52.649290799999996,9.7462842,32.97,32.88,52.6492838,9.7462816,-0.007853981633974483,-0.01937315469713706,4.232597969011449,-10.775,-20.97,-0.025,23.567127,0.11703843,0.37754256
0 days 00:00:02.330000,0.0014151318259413483,-0.678852,0.46695600000000004,8.98596,77.29594565682498,77.29594565682498,77.29594565682498,77.29594565682498,-0.023387411976724018,0.0020943951023931952,0.009250245035569947,54.0,2.39,0.0,1,1,40.0,4,0.12,23.565,0.09,52.649290799999996,9.7462842,32.97,32.88,52.6492819,9.746279999999999,-0.008028514559173916,-0.01937315469713706,4.232772501936648,-10.775,-20.97,-0.025,23.562323,0.117053576,0.36746833
0 days 00:00:02.340000,0.0014151318259413483,0.17658000000000004,0.368856,9.276336,77.29594565682498,77.29594565682498,77.29594565682498,77.29594565682498,-0.020245819323134222,0.020245819323134222,0.008203047484373348,54.0,2.39,0.0,1,1,40.0,4,0.12,23.57,0.095,52.649290799999996,9.7462842,32.97,32.88,52.6492801,9.7462784,-0.00820304748437335,-0.019547687622336492,4.232772501936648,-10.775,-20.97,-0.025,23.567354,0.11699591,0.36669984
0 days 00:00:02.350000,0.0014151318259413483,-0.251136,0.062784,9.013428000000001,77.06193838254171,77.06193838254171,77.06193838254171,77.06193838254171,-0.021118483949131385,0.01291543646475804,0.007155849933176751,54.0,2.39,0.0,1,1,40.0,4,0.12,23.565,0.1,52.649290799999996,9.7462842,32.97,32.88,52.6492782,9.7462768,-0.008377580409572781,-0.019722220547535925,4.232772501936648,-10.775,-20.97,-0.025,23.56239,0.116940156,0.36573598
0 days 00:00:02.360000,0.0014151318259413483,-0.07063200000000001,0.557208,8.707356,77.14216944801026,77.14216944801026,77.14216944801026,77.14216944801026,-0.02757620218151041,0.017278759594743863,0.006632251157578452,54.0,2.39,0.0,1,1,40.0,4,0.125,23.57,0.115,52.649290799999996,9.7462842,32.97,32.87,52.6492763,9.7462752,-0.008726646259971648,-0.019896753472735357,4.232947034861848,-10.775,-20.97,-0.025,23.567623,0.121906415,0.3550356
0 days 00:00:02.370000,0.0014151318259413483,-0.20012400000000002,0.180504,9.711900000000002,77.14885537013264,77.14885537013264,77.14885537013264,77.14885537013264,-0.029321531433504733,0.031241393610698498,0.005585053606381855,54.0,2.39,0.0,1,1,40.0,4,0.13,23.575,0.105,52.6492813,9.7462763,32.980000000000004,32.86,52.649274399999996,9.7462737,-0.00890117918517108,-0.020245819323134222,4.232947034861848,-10.76,-21.04,-0.02,23.572294,0.12668112,0.37342644
0 days 00:00:02.380000,0.0014151318259413483,-0.8907480000000001,0.18835200000000002,9.688356,77.38286264441591,77.38286264441591,77.38286264441591,77.38286264441591,-0.02757620218151041,0.006981317007977318,0.006632251157578452,54.0,2.39,0.0,1,1,40.0,4,0.13,23.57,0.11,52.6492813,9.7462763,32.980000000000004,32.85,52.649272499999995,9.746272099999999,-0.009250245035569947,-0.020245819323134222,4.233121567787046,-10.76,-21.04,-0.02,23.567398,0.12659794,0.36837068
0 days 00:00:02.390000,0.0014151318259413483,0.149112,0.361008,10.316196000000001,77.54332477535301,77.54332477535301,77.54332477535301,77.54332477535301,-0.022165681500327987,0.012566370614359173,0.006806784082777885,54.0,2.39,0.0,1,1,40.0,4,0.13,23.57,0.105,52.6492813,9.7462763,32.980000000000004,32.85,52.649270599999994,9.7462705,-0.00942477796076938,-0.020420352248333655,4.233121567787046,-10.76,-21.04,-0.02,23.56723,0.12644777,0.37750462
0 days 00:00:02.400000,0.0014151318259413483,-0.039240000000000004,0.0,10.288728,77.54332477535301,77.54332477535301,77.54332477535301,77.54332477535301,-0.021118483949131385,0.014137166941154071,0.006108652381980153,54.0,2.39,0.0,1,1,40.0,4,0.13,23.575,0.1,52.6492813,9.7462763,32.980000000000004,32.85,52.6492687,9.746268899999999,-0.009773843811168246,-0.020594885173533087,4.233296100712247,-10.76,-21.04,-0.02,23.572062,0.12622592,0.3867635
0 days 00:00:02.410000,0.0014151318259413483,-0.596448,-0.007848,9.645192000000002,77.40960633290543,77.40960633290543,77.40960633290543,77.40960633290543,-0.021642082724729686,-0.0013962634015954637,0.005235987755982988,54.0,2.39,0.0,1,1,40.0,4,0.13,23.57,0.1,52.6492813,9.7462763,32.980000000000004,32.85,52.6492669,9.7462673,-0.009948376736367679,-0.020594885173533087,4.233296100712247,-10.76,-21.04,-0.02,23.56706,0.12615944,0.3866825
0 days 00:00:02.420000,0.0014151318259413483,-0.4198680000000001,0.15696000000000002,9.574560000000002,77.28925973470261,77.28925973470261,77.28925973470261,77.28925973470261,-0.01815142422074103,-0.0015707963267948967,0.0041887902047863905,54.0,2.39,0.0,1,1,40.0,4,0.135,23.575,0.095,52.649271299999995,9.7462685,32.86,32.83,52.6492649,9.7462657,-0.010122909661567111,-0.020594885173533087,4.233470633637445,-10.735,-21.05,-0.01,23.571959,0.13104005,0.39185676
0 days 00:00:02.430000,0.0014151318259413483,-0.031392,0.090252,9.762912000000002,77.19565682498931,77.19565682498931,77.19565682498931,77.19565682498931,-0.011519173063162576,0.005934119456780722,0.00471238898038469,54.0,2.39,0.0,1,1,40.0,4,0.135,23.575,0.095,52.649271299999995,9.7462685,32.86,32.83,52.6492631,9.746264199999999,-0.010297442586766544,-0.020594885173533087,4.233470633637445,-10.735,-21.05,-0.01,23.571959,0.13097167,0.39187968
0 days 00:00:02.440000,0.0014151318259413483,-0.251136,0.11772,9.853164,77.14885537013264,77.14885537013264,77.14885537013264,77.14885537013264,-0.007504915783575617,0.009948376736367679,0.004014257279586958,54.0,2.39,0.0,1,1,40.0,4,0.135,23.575,0.095,52.649271299999995,9.7462685,32.86,32.83,52.6492612,9.7462626,-0.010297442586766544,-0.02076941809873252,4.233470633637445,-10.735,-21.05,-0.01,23.57189,0.13092929,0.3959935
0 days 00:00:02.450000,0.0014151318259413483,-0.47872800000000004,0.027468000000000003,9.696204000000002,77.27588789045785,77.27588789045785,77.27588789045785,77.27588789045785,-0.002617993877991494,-0.0031415926535897933,0.004537856055185257,54.0,2.39,0.0,1,1,40.0,4,0.135,23.575,0.095,52.649271299999995,9.7462685,32.86,32.83,52.6492593,9.746260999999999,-0.010297442586766544,-0.02076941809873252,4.233645166562646,-10.735,-21.05,-0.01,23.57189,0.13092929,0.3959935
0 days 00:00:02.460000,0.0014151318259413483,0.16480800000000004,0.33746400000000004,10.500624,77.46309370988446,77.46309370988446,77.46309370988446,77.46309370988446,-0.004886921905584123,0.015358897417550098,0.0038397243543875246,54.0,2.39,0.0,1,1,40.0,4,0.14,23.580000000000002,0.09,52.649271299999995,9.7462685,32.86,32.83,52.649257399999996,9.7462594,-0.010297442586766544,-0.020943951023931952,4.233645166562646,-10.735,-21.05,-0.01,23.576712,0.13583411,0.4052622
0 days 00:00:02.470000,0.0014151318259413483,-0.8789760000000001,-0.09417600000000001,10.280880000000002,77.57675438596492,77.57675438596492,77.57675438596492,77.57675438596492,-0.009948376736367679,-0.007504915783575617,0.004537856055185257,54.0,2.39,0.0,2,1,40.0,4,0.145,23.57,0.09,52.6492618,9.7462612,32.74,32.8,52.649255499999995,9.7462579,-0.010471975511965976,-0.02076941809873252,4.233645166562646,-10.71,-21.015,-0.155,23.566786,0.14080837,0.40101588
0 days 00:00:02.480000,0.0012972041737795694,-0.22759200000000002,0.07848000000000001,9.98658,77.49652332049635,77.49652332049635,77.49652332049635,77.49652332049635,-0.014660765716752367,-0.024609142453120045,0.005235987755982988,54.0,2.39,0.0,2,1,40.0,4,0.145,23.565,0.09,52.6492618,9.7462612,32.74,32.8,52.649253599999994,9.746256299999999,-0.01064650843716541,-0.020594885173533087,4.233819699487845,-10.71,-21.015,-0.155,23.561857,0.14078327,0.39682454
0 days 00:00:02.490000,0.0012972041737795694,0.24721200000000002,0.180504,10.422144000000001,77.38286264441591,77.38286264441591,77.38286264441591,77.38286264441591,-0.01884955592153876,-0.0038397243543875246,0.005585053606381855,54.0,2.39,0.0,2,1,40.0,4,0.15,23.57,0.08,52.6492618,9.7462612,32.74,32.8,52.6492517,9.7462547,-0.010821041362364843,-0.020420352248333655,4.233819699487845,-10.71,-21.015,-0.155,23.56672,0.14564893,0.40289053
0 days 00:00:02.500000,0.0011792765216177901,-1.1222640000000002,0.062784,9.845316,77.21571459135643,77.21571459135643,77.21571459135643,77.21571459135643,-0.02076941809873252,-0.028448866807507574,0.00645771823237902,54.0,2.39,0.0,2,1,40.0,4,0.15,23.565,0.08,52.6492618,9.7462612,32.74,32.8,52.6492498,9.746253099999999,-0.010995574287564275,-0.020245819323134222,4.233994232413044,-10.71,-21.015,-0.155,23.56179,0.14562495,0.3987018
0 days 00:00:02.510000,0.0011792765216177901,-0.31392000000000003,0.13734000000000002,9.802152000000001,77.28925973470261,77.28925973470261,77.28925973470261,77.28925973470261,-0.020071286397934793,-0.031415926535897934,0.00645771823237902,54.0,2.39,0.0,2,2,40.0,4,0.15,23.56,0.08,52.6492618,9.7462612,32.74,32.8,52.6492479,9.7462515,-0.011344640137963142,-0.019896753472735357,4.233994232413044,-10.71,-21.015,-0.155,23.556927,0.14558019,0.39042902
0 days 00:00:02.520000,0.0011792765216177901,0.380628,-0.17265600000000003,10.881252,77.24245827984595,77.24245827984595,77.24245827984595,77.24245827984595,-0.016755160819145562,-0.007679448708775049,0.0054105206811824215,54.0,2.39,0.0,2,2,40.0,4,0.145,23.575,0.07,52.649252399999995,9.7462533,32.72,32.78,52.649246,9.74625,-0.011344640137963142,-0.019896753472735357,4.233994232413044,-10.705,-20.995,-0.065,23.571726,0.1404637,0.4006681
0 days 00:00:02.530000,0.0010613488694560112,-1.15758,0.184428,9.676584000000002,77.38286264441591,77.38286264441591,77.38286264441591,77.38286264441591,-0.015533430342749534,-0.039095375244672985,0.006981317007977318,54.0,2.39,0.0,2,2,40.0,4,0.145,23.565,0.075,52.649252399999995,9.7462533,32.72,32.78,52.6492441,9.746248399999999,-0.011519173063162575,-0.019547687622336492,4.234168765338243,-10.705,-20.995,-0.065,23.561966,0.1405484,0.38727093
0 days 00:00:02.540000,0.0010613488694560112,0.43556400000000006,0.12164400000000002,9.346968000000002,77.48315147625159,77.48315147625159,77.48315147625159,77.48315147625159,-0.008028514559173916,-0.02548180707911721,0.006806784082777885,54.0,2.39,0.0,2,2,40.0,4,0.145,23.57,0.08,52.649252399999995,9.7462533,32.72,32.78,52.6492423,9.7462468,-0.011693705988362009,-0.019198621771937627,4.234343298263443,-10.705,-20.995,-0.065,23.567192,0.1406343,0.37416855
0 days 00:00:02.550000,0.0010613488694560112,0.37278,-0.007848,10.916568,77.38286264441591,77.38286264441591,77.38286264441591,77.38286264441591,-0.004363323129985824,0.01291543646475804,0.006981317007977318,54.0,2.39,0.0,2,2,40.0,4,0.145,23.575,0.065,52.649252399999995,9.7462533,32.72,32.78,52.6492404,9.746245199999999,-0.011693705988362009,-0.01937315469713706,4.234343298263443,-10.705,-20.995,-0.065,23.571836,0.1404097,0.3933745
0 days 00:00:02.560000,0.0009434212172942321,-1.624536,-0.16480800000000004,9.594180000000001,77.40960633290543,77.40960633290543,77.40960633290543,77.40960633290543,-0.003490658503988659,-0.03717551306747922,0.008552113334772213,54.0,2.39,0.0,2,2,40.0,4,0.14,23.56,0.07,52.649252399999995,9.7462533,32.72,32.78,52.649238499999996,9.746243699999999,-0.011693705988362009,-0.019024088846738195,4.234517831188642,-10.705,-20.995,-0.065,23.557068,0.13556804,0.37980437
0 days 00:00:02.570000,0.0009434212172942321,0.6631560000000001,0.039240000000000004,9.751140000000001,77.19565682498931,77.19565682498931,77.19565682498931,77.19565682498931,-0.0054105206811824215,-0.007330382858376183,0.007679448708775049,54.0,2.39,0.0,2,2,40.0,4,0.14,23.56,0.07,52.649243,9.7462454,32.72,32.76,52.649236599999995,9.7462421,-0.011693705988362009,-0.01884955592153876,4.234517831188642,-10.685,-20.915,-0.06,23.557135,0.13561614,0.37569317
0 days 00:00:02.580000,0.000825493565132453,-0.047088000000000005,-0.27468000000000004,10.500624,77.21571459135643,77.21571459135643,77.21571459135643,77.21571459135643,-0.007330382858376183,0.017627825445142728,0.00645771823237902,54.0,2.39,0.0,2,2,40.0,4,0.14,23.565,0.065,52.649243,9.7462454,32.72,32.75,52.6492347,9.746240499999999,-0.011868238913561441,-0.019024088846738195,4.234692364113842,-10.685,-20.915,-0.06,23.561972,0.1354413,0.38492188
0 days 00:00:02.590000,0.000825493565132453,-1.4597280000000001,-0.039240000000000004,9.225324,77.08199614890886,77.08199614890886,77.08199614890886,77.08199614890886,-0.007853981633974483,-0.028972465583105875,0.00645771823237902,54.0,2.39,0.0,2,2,40.0,4,0.135,23.55,0.07,52.649243,9.7462454,32.72,32.75,52.6492328,9.746239,-0.011868238913561441,-0.01884955592153876,4.234692364113842,-10.685,-20.915,-0.06,23.547136,0.13055314,0.375469
0 days 00:00:02.600000,0.000825493565132453,0.8436600000000001,0.180504,9.405828000000001,77.10873983739837,77.10873983739837,77.10873983739837,77.10873983739837,-0.005585053606381855,0.00942477796076938,0.0054105206811824215,54.0,2.39,0.0,2,2,40.0,4,0.14,23.56,0.075,52.649243,9.7462454,32.72,32.75,52.6492309,9.7462374,-0.011868238913561441,-0.01884955592153876,4.234692364113842,-10.685,-20.915,-0.06,23.557228,0.13560988,0.37071806
0 days 00:00:02.610000,0.000825493565132453,-0.231516,0.15696000000000002,10.045440000000001,77.08199614890886,77.08199614890886,77.08199614890886,77.08199614890886,0.0005235987755982988,0.030717794835100197,0.006283185307179587,54.0,2.39,0.0,2,2,40.0,4,0.14,23.56,0.07,52.649243,9.7462454,32.72,32.75,52.649229,9.7462358,-0.011868238913561441,-0.019198621771937627,4.2348668970390415,-10.685,-20.915,-0.06,23.557003,0.13545296,0.38393924
0 days 00:00:02.620000,0.000825493565132453,-1.0320120000000002,-0.13734000000000002,9.480384,77.35611895592639,77.35611895592639,77.35611895592639,77.35611895592639,0.006632251157578452,0.005235987755982988,0.007155849933176751,54.0,2.39,0.0,2,2,40.0,4,0.145,23.545,0.075,52.649235,9.7462371,32.94,32.74,52.6492272,9.7462342,-0.011868238913561441,-0.019198621771937627,4.2348668970390415,-10.700000000000001,-20.990000000000002,-0.075,23.5421,0.14051534,0.37871194
0 days 00:00:02.630000,0.000825493565132453,0.5532840000000001,0.031392,10.335816000000001,77.34943303380402,77.34943303380402,77.34943303380402,77.34943303380402,0.011519173063162576,0.03804817769347638,0.006632251157578452,54.0,2.39,0.0,2,2,40.0,4,0.14,23.555,0.07,52.649235,9.7462371,32.94,32.74,52.6492253,9.7462327,-0.011868238913561441,-0.019547687622336492,4.2348668970390415,-10.700000000000001,-20.990000000000002,-0.075,23.551868,0.13535655,0.3920639
0 days 00:00:02.640000,0.0007075659129706742,-0.7063200000000002,-0.26290800000000003,10.630116000000001,77.5165810868635,77.5165810868635,77.5165810868635,77.5165810868635,0.014835298641951801,0.033335788713091695,0.006981317007977318,54.0,2.39,0.0,2,2,40.0,4,0.14,23.55,0.06,52.649235,9.7462371,32.94,32.74,52.6492234,9.7462311,-0.011693705988362009,-0.019896753472735357,4.235041429964241,-10.700000000000001,-20.990000000000002,-0.075,23.546532,0.13521309,0.4101586
0 days 00:00:02.650000,0.0007075659129706742,-0.7730280000000002,0.003924,9.115452000000001,77.32937526743689,77.32937526743689,77.32937526743689,77.32937526743689,0.02234021442552742,-0.004363323129985824,0.007679448708775049,54.0,2.39,0.0,2,2,40.0,4,0.14,23.545,0.065,52.649235,9.7462371,32.94,32.730000000000004,52.649221499999996,9.7462295,-0.011344640137963142,-0.019896753472735357,4.235041429964241,-10.700000000000001,-20.990000000000002,-0.075,23.541632,0.13541408,0.40501323
0 days 00:00:02.660000,0.0007075659129706742,1.15758,-0.07848000000000001,10.010124000000001,77.28925973470261,77.28925973470261,77.28925973470261,77.28925973470261,0.0291469985083053,0.05305800926062761,0.00645771823237902,54.0,2.39,0.0,2,2,40.0,4,0.14,23.555,0.065,52.649235,9.7462371,32.94,32.730000000000004,52.649219599999995,9.7462279,-0.01117010721276371,-0.020420352248333655,4.2352159628894395,-10.700000000000001,-20.990000000000002,-0.075,23.551416,0.1353448,0.41751936
0 days 00:00:02.670000,0.0007075659129706742,-1.5303600000000002,-0.20797200000000002,9.711900000000002,77.21571459135643,77.21571459135643,77.21571459135643,77.21571459135643,0.03543018381548489,0.02234021442552742,0.005585053606381855,54.0,2.39,0.0,2,2,40.0,4,0.145,23.535,0.06,52.6492254,9.746229399999999,32.89,32.72,52.649217699999994,9.7462264,-0.010821041362364843,-0.020594885173533087,4.2352159628894395,-10.71,-20.995,-0.04,23.531244,0.14039613,0.42622325
0 days 00:00:02.680000,0.0007075659129706742,-0.545436,-0.40024800000000005,9.280260000000002,77.12211168164313,77.12211168164313,77.12211168164313,77.12211168164313,0.03944444109507185,-0.00017453292519943296,0.004014257279586958,54.0,2.39,0.0,2,2,40.0,4,0.135,23.535,0.065,52.6492254,9.746229399999999,32.89,32.72,52.6492158,9.7462248,-0.010471975511965976,-0.020594885173533087,4.2352159628894395,-10.71,-20.995,-0.04,23.531347,0.1305978,0.42107084
0 days 00:00:02.690000,0.0007075659129706742,0.623916,0.090252,10.198476000000001,77.19565682498931,77.19565682498931,77.19565682498931,77.19565682498931,0.03228859116189509,0.03874630939427412,0.0019198621771937623,54.0,2.39,0.0,2,2,40.0,4,0.14,23.54,0.06,52.6492254,9.746229399999999,32.89,32.72,52.649214,9.7462232,-0.010122909661567111,-0.020943951023931952,4.2352159628894395,-10.71,-20.995,-0.04,23.536095,0.1356097,0.43439275
0 days 00:00:02.700000,0.0007075659129706742,-1.1536560000000002,0.6435360000000001,8.856468000000001,77.18228498074454,77.18228498074454,77.18228498074454,77.18228498074454,0.017278759594743863,-0.0036651914291880917,0.005759586531581288,54.0,2.39,0.0,2,2,40.0,4,0.145,23.53,0.07,52.6492254,9.746229399999999,32.89,32.72,52.6492121,9.7462217,-0.009948376736367679,-0.020943951023931952,4.23539049581464,-10.71,-20.995,-0.04,23.526306,0.14078681,0.4242121
0 days 00:00:02.710000,0.0005896382608088951,0.502272,0.023544000000000002,9.821772000000001,77.21571459135643,77.21571459135643,77.21571459135643,77.21571459135643,0.00645771823237902,0.017627825445142728,0.006108652381980153,54.0,2.39,0.0,2,2,40.0,4,0.145,23.54,0.07,52.6492254,9.746229399999999,32.89,32.71,52.6492102,9.7462201,-0.009773843811168246,-0.02111848394913139,4.23539049581464,-10.71,-20.995,-0.04,23.53623,0.14081866,0.42850462
0 days 00:00:02.720000,0.0005896382608088951,-0.517968,-0.133416,10.088604,77.38286264441591,77.38286264441591,77.38286264441591,77.38286264441591,-0.0010471975511965976,0.012566370614359173,0.007330382858376183,54.0,2.39,0.0,2,2,40.0,4,0.125,23.545,0.07,52.6492152,9.746221499999999,33.01,32.7,52.6492083,9.7462185,-0.009773843811168246,-0.02129301687433082,4.235565028739839,-10.755,-21.0,-0.08,23.541153,0.12077842,0.43252313
0 days 00:00:02.730000,0.0005896382608088951,-1.0516320000000001,-0.33746400000000004,8.950644,77.63692768506633,77.63692768506633,77.63692768506633,77.63692768506633,-0.0008726646259971648,-0.025132741228718346,0.007155849933176751,54.0,2.39,0.0,2,2,40.0,4,0.12,23.535,0.075,52.6492152,9.746221499999999,33.01,32.7,52.6492064,9.746217,-0.009773843811168246,-0.02111848394913139,4.235565028739839,-10.755,-21.0,-0.08,23.531336,0.11586974,0.423156
0 days 00:00:02.740000,0.0005896382608088951,0.42771600000000004,0.38847600000000004,8.617104000000001,77.24245827984595,77.24245827984595,77.24245827984595,77.24245827984595,0.0,-0.010821041362364843,0.006108652381980153,54.0,2.39,0.0,2,2,40.0,4,0.125,23.545,0.09,52.6492152,9.746221499999999,33.01,32.7,52.649204499999996,9.746215399999999,-0.009773843811168246,-0.020943951023931952,4.235739561665039,-10.755,-21.0,-0.08,23.54172,0.121054165,0.40431148
0 days 00:00:02.750000,0.0004717106086471161,0.5532840000000001,-0.011772000000000001,8.448372,76.92153401797175,76.92153401797175,76.92153401797175,76.92153401797175,-0.012740903539558606,0.01937315469713706,0.005585053606381855,54.0,2.39,0.0,2,2,40.0,4,0.125,23.55,0.1,52.6492152,9.746221499999999,33.01,32.7,52.649202599999995,9.7462138,-0.009948376736367679,-0.02111848394913139,4.235739561665039,-10.755,-21.0,-0.08,23.54686,0.121041134,0.3985495
0 days 00:00:02.760000,0.0004717106086471161,-0.655308,0.11772,8.644572000000002,76.3331728712024,76.3331728712024,76.3331728712024,76.3331728712024,-0.026354471705114374,0.015184364492350668,0.006981317007977318,54.0,2.39,0.0,2,2,40.0,4,0.125,23.545,0.115,52.6492152,9.746221499999999,33.01,32.7,52.649200799999996,9.7462122,-0.010122909661567111,-0.02129301687433082,4.235739561665039,-10.755,-21.0,-0.08,23.542112,0.12108285,0.3875778
0 days 00:00:02.770000,0.0003537829564853371,-0.517968,0.463032,9.10368,76.50032092426187,76.50032092426187,76.50032092426187,76.50032092426187,-0.03822271061867582,0.022514747350726852,0.008028514559173916,54.0,2.39,0.0,2,2,40.0,4,0.115,23.545,0.12,52.6492058,9.746213599999999,33.01,32.68,52.649198899999995,9.746210699999999,-0.010471975511965976,-0.021467549799530253,4.235914094590238,-10.735,-20.975,-0.095,23.54215,0.11095743,0.38662544
0 days 00:00:02.780000,0.00011792765216177902,-0.5493600000000001,-0.05886,11.034288,76.89479032948223,76.89479032948223,76.89479032948223,76.89479032948223,-0.045553093477052,0.04084070449666731,0.006981317007977318,54.0,2.39,0.0,2,2,40.0,4,0.115,23.54,0.105,52.6492058,9.746213599999999,33.01,32.68,52.649197,9.7462091,-0.010821041362364843,-0.02199114857512855,4.2360886275154375,-10.735,-20.975,-0.095,23.53662,0.110528,0.41387555
0 days 00:00:02.790000,0.0,-1.5185880000000003,-0.184428,11.352132000000001,77.8040757381258,77.8040757381258,77.8040757381258,77.8040757381258,-0.045727626402251434,0.007155849933176751,0.006108652381980153,54.0,2.39,0.0,2,2,40.0,4,0.11,23.53,0.09,52.6492058,9.746213599999999,33.01,32.68,52.6491951,9.746207499999999,-0.011344640137963142,-0.02199114857512855,4.2360886275154375,-10.735,-20.975,-0.095,23.52629,0.105143964,0.42865217
0 days 00:00:02.800000,0.0,-0.231516,-0.153036,10.959732,78.29214805305948,78.29214805305948,78.29214805305948,78.29214805305948,-0.04328416544945937,-0.004363323129985824,0.002967059728390361,54.0,2.39,0.0,2,2,40.0,4,0.11,23.53,0.08,52.6492058,9.746213599999999,33.01,32.68,52.6491932,9.7462059,-0.011693705988362009,-0.02199114857512855,4.2360886275154375,-10.735,-20.975,-0.095,23.52607,0.10487743,0.43868572
0 days 00:00:02.810000,0.00011792765216177902,0.671004,0.14126400000000003,9.813924,78.21191698759094,78.21191698759094,78.21191698759094,78.21191698759094,-0.05096361415823442,0.0,0.00034906585039886593,54.0,2.39,0.0,2,2,40.0,4,0.115,23.535,0.08,52.6492058,9.746213599999999,33.01,32.68,52.6491913,9.7462044,-0.012217304763960308,-0.02199114857512855,4.2360886275154375,-10.735,-20.975,-0.095,23.531067,0.109646,0.4389116
0 days 00:00:02.820000,0.0,-0.23936400000000002,-0.15696000000000002,8.805456000000001,77.57675438596492,77.57675438596492,77.57675438596492,77.57675438596492,-0.045029494701453704,-0.006283185307179587,-0.0017453292519943296,54.0,2.39,0.0,2,2,40.0,4,0.105,23.55,0.095,52.6491958,9.7462059,32.92,32.660000000000004,52.6491894,9.746202799999999,-0.012566370614359171,-0.02199114857512855,4.2360886275154375,-10.69,-21.03,-0.115,23.546392,0.09967787,0.4241588
0 days 00:00:02.830000,-0.00023585530432355804,-0.04316400000000001,0.49050000000000005,8.150148000000002,76.9415917843389,76.9415917843389,76.9415917843389,76.9415917843389,-0.039793506945470715,0.006283185307179587,-0.0027925268031909274,54.0,2.39,0.0,2,2,40.0,4,0.11,23.55,0.11,52.6491958,9.7462059,32.92,32.660000000000004,52.6491875,9.7462012,-0.013089969389957472,-0.02199114857512855,4.236263160440636,-10.69,-21.03,-0.115,23.546722,0.10465164,0.40928128
0 days 00:00:02.840000,-0.0003537829564853371,-0.10202400000000002,0.40024800000000005,9.562788000000001,76.43346170303809,76.43346170303809,76.43346170303809,76.43346170303809,-0.03577924966588375,0.04380776422505767,-0.0036651914291880917,54.0,2.39,0.0,2,2,40.0,4,0.115,23.55,0.115,52.6491958,9.7462059,32.92,32.660000000000004,52.649185599999996,9.7461997,-0.013439035240356337,-0.022514747350726852,4.2360886275154375,-10.69,-21.03,-0.115,23.54662,0.10940981,0.41671464
0 days 00:00:02.850000,-0.0003537829564853371,-1.2753,0.0981,10.457460000000001,76.76107188703466,76.76107188703466,76.76107188703466,76.76107188703466,-0.03316125578789226,0.015184364492350668,-0.00471238898038469,54.0,2.39,0.0,2,2,40.0,4,0.12,23.54,0.105,52.6491958,9.7462059,32.92,32.660000000000004,52.649183799999996,9.746198099999999,-0.013788101090755204,-0.022689280275926284,4.2360886275154375,-10.69,-21.03,-0.115,23.536325,0.11407249,0.4307006
0 days 00:00:02.860000,-0.0004717106086471161,-0.49834800000000007,0.08240400000000002,9.806076000000001,77.27588789045785,77.27588789045785,77.27588789045785,77.27588789045785,-0.04031710572106901,-0.019547687622336492,-0.006283185307179587,54.0,2.39,0.0,2,2,40.0,4,0.125,23.535,0.105,52.6491958,9.7462059,32.92,32.660000000000004,52.649181899999995,9.7461965,-0.014137166941154071,-0.022514747350726852,4.2360886275154375,-10.69,-21.03,-0.115,23.531399,0.1189813,0.4265911
0 days 00:00:02.870000,-0.0004717106086471161,0.12164400000000002,-0.05101200000000001,10.547712000000002,78.00465340179717,78.00465340179717,78.00465340179717,78.00465340179717,-0.04293509959906051,-0.009948376736367679,-0.007679448708775049,54.0,2.39,0.0,2,2,40.0,4,0.13,23.545,0.09,52.6491866,9.7461969,33.12,32.65,52.649179999999994,9.746194899999999,-0.014486232791552936,-0.02234021442552742,4.235914094590238,-10.635,-20.995,0.01,23.541136,0.12367088,0.4378164
0 days 00:00:02.880000,-0.0005896382608088951,-1.2988440000000003,-0.192276,10.324044,78.09825631151048,78.09825631151048,78.09825631151048,78.09825631151048,-0.05201081170943102,-0.04485496177625426,-0.007330382858376183,54.0,2.39,0.0,2,2,40.0,4,0.125,23.535,0.085,52.6491866,9.7461969,33.12,32.65,52.6491781,9.7461934,-0.015009831567151233,-0.02199114857512855,4.235914094590238,-10.635,-20.995,0.01,23.531178,0.1184938,0.43436795
0 days 00:00:02.890000,-0.0005896382608088951,-0.43948800000000005,-0.074556,10.135692000000002,77.84419127086008,77.84419127086008,77.84419127086008,77.84419127086008,-0.05358160803622592,-0.07120943348136864,-0.007853981633974483,54.0,2.39,0.0,2,2,40.0,4,0.13,23.53,0.085,52.6491866,9.7461969,33.12,32.65,52.6491762,9.7461918,-0.015533430342749533,-0.02129301687433082,4.235914094590238,-10.635,-20.995,0.01,23.526478,0.12352257,0.4179752
0 days 00:00:02.900000,-0.0005896382608088951,0.6435360000000001,-0.13734000000000002,10.606572000000002,77.31600342319211,77.31600342319211,77.31600342319211,77.31600342319211,-0.04799655442984406,-0.04345869837465881,-0.010297442586766544,54.0,2.39,0.0,2,2,40.0,4,0.13,23.54,0.075,52.6491866,9.7461969,33.12,32.65,52.6491743,9.7461902,-0.016057029118347832,-0.02076941809873252,4.235739561665039,-10.635,-20.995,0.01,23.536484,0.12333763,0.4159271
0 days 00:00:02.910000,-0.0007075659129706742,-0.6199920000000001,-0.003924,9.963036,76.9415917843389,76.9415917843389,76.9415917843389,76.9415917843389,-0.0439822971502571,-0.05550147021341968,-0.009948376736367679,54.0,2.39,0.0,2,2,40.0,4,0.135,23.535,0.075,52.6491866,9.7461969,33.12,32.65,52.6491724,9.7461886,-0.016580627893946133,-0.020245819323134222,4.235739561665039,-10.635,-20.995,0.01,23.531694,0.12832516,0.4036512
0 days 00:00:02.920000,-0.0005896382608088951,0.10594800000000001,-0.047088000000000005,9.998352000000002,76.92153401797175,76.92153401797175,76.92153401797175,76.92153401797175,-0.03612831551628262,-0.04590215932745086,-0.010471975511965976,54.0,2.39,0.0,2,2,40.0,4,0.145,23.545,0.075,52.6491784,9.746189,32.93,32.63,52.6491705,9.7461871,-0.016929693744344994,-0.019896753472735357,4.235565028739839,-10.615,-21.01,-0.085,23.54183,0.1383185,0.39585128
0 days 00:00:02.930000,-0.0005896382608088951,-0.37670400000000004,-0.14126400000000003,10.473156000000001,77.1622272143774,77.1622272143774,77.1622272143774,77.1622272143774,-0.027401669256310976,-0.024085543677521748,-0.009599310885968814,54.0,2.39,0.0,2,2,40.0,4,0.145,23.545,0.07,52.6491784,9.746189,32.93,32.63,52.6491687,9.7461855,-0.017278759594743863,-0.019547687622336492,4.235565028739839,-10.615,-21.01,-0.085,23.54187,0.13823593,0.39268145
0 days 00:00:02.940000,-0.0005896382608088951,-1.538208,-0.5140440000000001,11.108844000000001,77.63692768506633,77.63692768506633,77.63692768506633,77.63692768506633,-0.019896753472735357,-0.05270894341022875,-0.008726646259971648,54.0,2.39,0.0,2,2,40.0,4,0.14,23.53,0.055,52.6491784,9.746189,32.93,32.63,52.649166799999996,9.7461839,-0.017453292519943295,-0.019024088846738195,4.235565028739839,-10.615,-21.01,-0.085,23.52679,0.13312653,0.39500335
0 days 00:00:02.950000,-0.0005896382608088951,-0.25506,-0.5611320000000001,11.583648000000002,77.81744758237055,77.81744758237055,77.81744758237055,77.81744758237055,-0.009075712110370514,-0.06894050545377602,-0.008377580409572781,54.0,2.39,0.0,2,2,40.0,4,0.14,23.53,0.04,52.6491784,9.746189,32.93,32.63,52.649164899999995,9.7461823,-0.017453292519943295,-0.01832595714594046,4.235565028739839,-10.615,-21.01,-0.085,23.526783,0.13315144,0.39357615
0 days 00:00:02.960000,-0.0005896382608088951,0.384552,-0.4198680000000001,11.618964000000002,77.71047282841249,77.71047282841249,77.71047282841249,77.71047282841249,-0.007155849933176751,-0.049567350756638956,-0.008726646259971648,54.0,2.39,0.0,2,2,40.0,4,0.14,23.535,0.02,52.6491784,9.746189,32.93,32.63,52.649162999999994,9.7461808,-0.017627825445142728,-0.017976891295541596,4.23539049581464,-10.615,-21.01,-0.085,23.531555,0.13287343,0.4054717
0 days 00:00:02.970000,-0.0005896382608088951,-0.60822,-0.42771600000000004,11.034288,77.48315147625159,77.48315147625159,77.48315147625159,77.48315147625159,-0.005061454830783556,-0.06841690667817771,-0.008377580409572781,54.0,2.39,0.0,2,2,40.0,4,0.16,23.53,0.02,52.6491689,9.7461813,32.93,32.62,52.6491611,9.7461792,-0.01780235837034216,-0.017278759594743863,4.2352159628894395,-10.57,-20.975,-0.155,23.526834,0.15309347,0.38933894
0 days 00:00:02.980000,-0.0005896382608088951,-0.21582000000000004,-0.290376,10.316196000000001,77.1622272143774,77.1622272143774,77.1622272143774,77.1622272143774,-0.0024434609527920616,-0.06300638599699529,-0.008377580409572781,54.0,2.39,0.0,2,2,40.0,4,0.16,23.53,0.015,52.6491689,9.7461813,32.93,32.62,52.6491592,9.7461776,-0.01780235837034216,-0.016580627893946133,4.23539049581464,-10.57,-20.975,-0.155,23.527014,0.15329687,0.37791517
0 days 00:00:02.990000,-0.0005896382608088951,-0.223668,-0.4434120000000001,10.171008,77.18228498074454,77.18228498074454,77.18228498074454,77.18228498074454,-0.0020943951023931952,-0.04415683007545654,-0.006981317007977318,54.0,2.39,0.0,2,2,40.0,4,0.155,23.53,0.015,52.6491689,9.7461813,32.93,32.62,52.6491574,9.7461761,-0.01780235837034216,-0.016057029118347832,4.2352159628894395,-10.57,-20.975,-0.155,23.527208,0.14851695,0.36550936
0 days 00:00:03,-0.0005896382608088951,-0.5729040000000001,-0.298224,10.410372000000002,77.14216944801026,77.14216944801026,77.14216944801026,77.14216944801026,-0.00471238898038469,-0.047647488579445195,-0.005759586531581288,54.0,2.39,0.0,2,2,40.0,4,0.16,23.525000000000002,0.01,52.6491689,9.7461813,32.93,32.62,52.6491555,9.7461745,-0.01780235837034216,-0.015707963267948967,4.2352159628894395,-10.57,-20.975,-0.155,23.522253,0.15357476,0.36230716
0 days 00:00:03.010000,-0.0005896382608088951,-0.17658000000000004,-0.317844,11.155932,77.24245827984595,77.24245827984595,77.24245827984595,77.24245827984595,0.0019198621771937623,-0.04345869837465881,-0.003490658503988659,54.0,2.39,0.0,2,2,40.5,4,0.155,23.525000000000002,-0.005,52.6491689,9.7461813,32.93,32.62,52.6491536,9.7461729,-0.01780235837034216,-0.015184364492350668,4.2352159628894395,-10.57,-20.975,-0.155,23.522211,0.14852782,0.36489967
0 days 00:00:03.020000,-0.0004717106086471161,-0.08632800000000002,-0.506196,11.238336,77.38286264441591,77.38286264441591,77.38286264441591,77.38286264441591,0.007679448708775049,-0.03752457891787808,-0.002617993877991494,54.0,2.39,0.0,2,2,41.0,4,0.165,23.52,-0.015,52.649158899999996,9.746173599999999,32.82,32.6,52.6491517,9.7461714,-0.01780235837034216,-0.014835298641951801,4.235041429964241,-10.6,-20.915,-0.065,23.517189,0.15849571,0.36679134
0 days 00:00:03.030000,-0.0004717106086471161,-0.40417200000000003,-0.557208,10.818468000000001,77.42966409927257,77.42966409927257,77.42966409927257,77.42966409927257,0.010471975511965976,-0.04153883619746504,-0.0019198621771937623,54.0,2.39,0.0,2,2,41.5,4,0.16,23.515,-0.025,52.649158899999996,9.746173599999999,32.82,32.6,52.649149799999996,9.746169799999999,-0.01780235837034216,-0.014311699866353503,4.2352159628894395,-10.6,-20.915,-0.065,23.512234,0.15353897,0.36431652
0 days 00:00:03.040000,-0.0004717106086471161,-0.07063200000000001,-0.39632400000000007,10.481004,77.38286264441591,77.38286264441591,77.38286264441591,77.38286264441591,0.009599310885968814,-0.033335788713091695,-0.0006981317007977319,54.0,2.39,0.0,2,2,42.0,4,0.155,23.515,-0.03,52.649158899999996,9.746173599999999,32.82,32.6,52.649147899999996,9.7461682,-0.017627825445142728,-0.014137166941154071,4.2352159628894395,-10.6,-20.915,-0.065,23.512226,0.14858755,0.36509722
0 days 00:00:03.050000,-0.0004717106086471161,-0.34531200000000006,-0.3531600000000001,10.210248,77.29594565682498,77.29594565682498,77.29594565682498,77.29594565682498,0.007330382858376183,-0.027052603405912107,0.0006981317007977319,54.0,2.39,0.0,2,2,42.5,4,0.155,23.515,-0.035,52.649158899999996,9.746173599999999,32.82,32.6,52.649145999999995,9.746166599999999,-0.017627825445142728,-0.013788101090755204,4.2352159628894395,-10.6,-20.915,-0.065,23.512281,0.14864409,0.36188996
0 days 00:00:03.060000,-0.0004717106086471161,-0.317844,-0.24328800000000003,10.33974,77.1622272143774,77.1622272143774,77.1622272143774,77.1622272143774,0.005585053606381855,-0.023561944901923447,0.0020943951023931952,54.0,2.39,0.0,2,2,43.0,4,0.155,23.51,-0.04,52.649158899999996,9.746173599999999,32.82,32.6,52.649144199999995,9.746165099999999,-0.017453292519943295,-0.013613568165555772,4.2352159628894395,-10.6,-20.915,-0.065,23.507278,0.14869282,0.36269167
0 days 00:00:03.070000,-0.0004717106086471161,-0.153036,-0.517968,10.433916000000002,77.08199614890886,77.08199614890886,77.08199614890886,77.08199614890886,0.005235987755982988,-0.016057029118347832,0.0024434609527920616,54.0,2.39,0.0,2,2,43.5,4,0.145,23.505,-0.05,52.6491489,9.7461659,32.72,32.59,52.649142299999994,9.7461635,-0.017278759594743863,-0.013264502315156905,4.2352159628894395,-10.67,-20.85,0.13,23.502268,0.13872775,0.36421987
0 days 00:00:03.080000,-0.0004717106086471161,-0.278604,-0.41202000000000005,10.253412000000003,77.06193838254171,77.06193838254171,77.06193838254171,77.06193838254171,0.006632251157578452,-0.01291543646475804,0.0024434609527920616,54.0,2.39,0.0,2,2,44.0,4,0.14,23.5,-0.055,52.6491489,9.7461659,32.72,32.59,52.6491404,9.746161899999999,-0.017278759594743863,-0.013089969389957472,4.2352159628894395,-10.67,-20.85,0.13,23.497269,0.13371412,0.3649656
0 days 00:00:03.090000,-0.0004717106086471161,-0.10202400000000002,-0.33746400000000004,10.394676000000002,77.06193838254171,77.06193838254171,77.06193838254171,77.06193838254171,0.008377580409572781,-0.0017453292519943296,0.0020943951023931952,54.0,2.39,0.0,2,2,44.5,4,0.135,23.5,-0.065,52.6491489,9.7461659,32.72,32.59,52.6491385,9.746160399999999,-0.017278759594743863,-0.013089969389957472,4.23539049581464,-10.67,-20.85,0.13,23.497137,0.12854211,0.37487686
0 days 00:00:03.100000,-0.0004717106086471161,-0.45518400000000003,-0.38847600000000004,10.233792000000001,77.1622272143774,77.1622272143774,77.1622272143774,77.1622272143774,0.011519173063162576,-0.002617993877991494,0.002617993877991494,54.0,2.39,0.0,2,2,45.0,4,0.135,23.5,-0.065,52.6491489,9.7461659,32.72,32.59,52.6491366,9.7461588,-0.01710422666954443,-0.013089969389957472,4.23539049581464,-10.67,-20.85,0.13,23.497137,0.12860754,0.3748544
0 days 00:00:03.110000,-0.0004717106086471161,-0.090252,-0.45518400000000003,10.135692000000002,77.24245827984595,77.24245827984595,77.24245827984595,77.24245827984595,0.014660765716752367,0.0031415926535897933,0.0022689280275926286,54.0,2.39,0.0,2,2,45.5,4,0.13,23.5,-0.07,52.6491489,9.7461659,32.72,32.59,52.6491347,9.746157199999999,-0.016929693744344994,-0.013089969389957472,4.23539049581464,-10.67,-20.85,0.13,23.497072,0.12358903,0.37974617
0 days 00:00:03.120000,-0.0004717106086471161,-0.09417600000000001,-0.149112,10.127844,77.29594565682498,77.29594565682498,77.29594565682498,77.29594565682498,0.01361356816555577,0.01361356816555577,0.002967059728390361,54.0,2.39,0.0,2,2,46.0,4,0.11,23.5,-0.08,52.6491398,9.746158,32.69,32.58,52.6491328,9.7461556,-0.016580627893946133,-0.013264502315156905,4.23539049581464,-10.755,-20.865000000000002,0.165,23.496872,0.103490554,0.39346954
0 days 00:00:03.130000,-0.0004717106086471161,-0.43948800000000005,-0.278604,9.94734,77.21571459135643,77.21571459135643,77.21571459135643,77.21571459135643,0.014660765716752367,0.010995574287564275,0.0036651914291880917,54.0,2.39,0.0,2,2,46.5,4,0.11,23.495,-0.085,52.6491398,9.746158,32.69,32.58,52.649131,9.7461541,-0.0164060949687467,-0.013439035240356337,4.23539049581464,-10.755,-20.865000000000002,0.165,23.491737,0.10341103,0.4024836
0 days 00:00:03.140000,-0.0004717106086471161,-0.0981,-0.20404800000000003,9.73152,77.02850877192982,77.02850877192982,77.02850877192982,77.02850877192982,0.014486232791552938,0.014311699866353502,0.0038397243543875246,54.0,2.39,0.0,2,2,47.0,4,0.105,23.495,-0.085,52.6491398,9.746158,32.69,32.58,52.649129099999996,9.746152499999999,-0.0164060949687467,-0.013613568165555772,4.235565028739839,-10.755,-20.865000000000002,0.165,23.491665,0.09834444,0.40650114
0 days 00:00:03.150000,-0.0003537829564853371,-0.027468000000000003,-0.27468000000000004,10.029744,77.06193838254171,77.06193838254171,77.06193838254171,77.06193838254171,0.015533430342749534,0.028623399732707003,0.0031415926535897933,54.0,2.39,0.0,2,2,47.5,4,0.105,23.495,-0.085,52.6491398,9.746158,32.69,32.58,52.649127199999995,9.7461509,-0.016231562043547264,-0.013788101090755204,4.235565028739839,-10.755,-20.865000000000002,0.165,23.491596,0.09834883,0.4105835
0 days 00:00:03.160000,-0.0003537829564853371,-0.8711280000000001,-0.34531200000000006,9.507852000000002,76.99507916131792,76.99507916131792,76.99507916131792,76.99507916131792,0.018675022996339326,0.009599310885968814,0.003490658503988659,54.0,2.39,0.0,2,2,48.0,4,0.1,23.490000000000002,-0.08,52.6491398,9.746158,32.69,32.58,52.649125299999994,9.746149299999999,-0.016057029118347832,-0.013962634015954637,4.235565028739839,-10.755,-20.865000000000002,0.165,23.486593,0.0934367,0.40951684
0 days 00:00:03.170000,-0.00023585530432355804,0.07848000000000001,-0.125568,9.166464000000001,76.97502139495079,76.97502139495079,76.97502139495079,76.97502139495079,0.02234021442552742,0.015358897417550098,0.0031415926535897933,54.0,2.39,0.0,2,2,48.5,4,0.095,23.5,-0.085,52.649130299999996,9.7461501,32.7,32.56,52.6491234,9.7461478,-0.015707963267948967,-0.014137166941154071,4.235565028739839,-10.75,-20.965,0.16,23.496449,0.08843513,0.41864458
0 days 00:00:03.180000,-0.00023585530432355804,0.0981,-0.074556,9.719748000000001,77.01513692768506,77.01513692768506,77.01513692768506,77.01513692768506,0.023038346126325153,0.04031710572106901,0.003316125578789226,54.0,2.39,0.0,2,2,49.0,4,0.095,23.505,-0.085,52.649130299999996,9.7461501,32.7,32.57,52.6491215,9.7461462,-0.015533430342749533,-0.014660765716752368,4.235739561665039,-10.75,-20.965,0.16,23.501228,0.08831596,0.43100357
0 days 00:00:03.190000,-0.00011792765216177902,-0.918216,-0.361008,9.676584000000002,77.14216944801026,77.14216944801026,77.14216944801026,77.14216944801026,0.02600540585471551,0.018500490071139894,0.0036651914291880917,54.0,2.39,0.0,2,2,49.5,4,0.09,23.495,-0.08,52.649130299999996,9.7461501,32.7,32.57,52.6491197,9.7461446,-0.015184364492350668,-0.014835298641951801,4.235739561665039,-10.75,-20.965,0.16,23.49123,0.08348286,0.4298509
0 days 00:00:03.200000,0.0,0.13734000000000002,-0.054936000000000006,9.594180000000001,77.21571459135643,77.21571459135643,77.21571459135643,77.21571459135643,0.02426007660272118,0.024085543677521748,0.0027925268031909274,54.0,2.39,0.0,2,2,50.0,4,0.09,23.5,-0.08,52.649130299999996,9.7461501,32.7,32.57,52.6491178,9.746143,-0.015009831567151233,-0.015009831567151233,4.235739561665039,-10.75,-20.965,0.16,23.496151,0.08349522,0.43401086
0 days 00:00:03.210000,0.0,-0.039240000000000004,-0.125568,10.108224,77.24245827984595,77.24245827984595,77.24245827984595,77.24245827984595,0.01902408884673819,0.03717551306747922,0.002617993877991494,54.0,2.39,0.0,2,2,50.0,4,0.09,23.5,-0.08,52.649130299999996,9.7461501,32.7,32.57,52.6491159,9.746141399999999,-0.014835298641951801,-0.0153588974175501,4.235739561665039,-10.75,-20.965,0.16,23.496,0.083449304,0.4421971
0 days 00:00:03.220000,0.00011792765216177902,-0.8201160000000001,-0.20797200000000002,9.354816000000001,77.06193838254171,77.06193838254171,77.06193838254171,77.06193838254171,0.014835298641951801,0.008726646259971648,0.0031415926535897933,54.0,2.39,0.0,2,2,50.0,4,0.09,23.495,-0.075,52.649120599999996,9.746142299999999,32.63,32.55,52.649114,9.7461399,-0.014660765716752368,-0.015533430342749533,4.235739561665039,-10.735,-20.965,0.025,23.491001,0.08354079,0.44120637
0 days 00:00:03.230000,0.00011792765216177902,0.18835200000000002,-0.05101200000000001,9.146844,76.9415917843389,76.9415917843389,76.9415917843389,76.9415917843389,0.00890117918517108,0.022165681500327987,0.0024434609527920616,54.0,2.39,0.0,2,2,50.0,4,0.09,23.5,-0.07,52.649120599999996,9.746142299999999,32.63,32.55,52.649112099999996,9.7461383,-0.014486232791552936,-0.015707963267948967,4.235914094590238,-10.735,-20.965,0.025,23.496002,0.08362969,0.44037095
0 days 00:00:03.240000,0.00023585530432355804,-0.41202000000000005,0.047088000000000005,9.197856000000002,76.85467479674796,76.85467479674796,76.85467479674796,76.85467479674796,0.005235987755982988,0.02617993877991494,0.0019198621771937623,54.0,2.39,0.0,2,2,50.0,4,0.09,23.495,-0.065,52.649120599999996,9.746142299999999,32.63,32.55,52.649110199999996,9.7461367,-0.014486232791552936,-0.016057029118347832,4.235914094590238,-10.735,-20.965,0.025,23.490929,0.083584465,0.44349265
0 days 00:00:03.250000,0.0003537829564853371,-0.6749280000000001,0.05886,8.766216000000002,76.80787334189132,76.80787334189132,76.80787334189132,76.80787334189132,0.0027925268031909274,0.009948376736367679,0.0022689280275926286,54.0,2.39,0.0,2,2,50.0,4,0.095,23.490000000000002,-0.055,52.649120599999996,9.746142299999999,32.63,32.55,52.649108399999996,9.7461351,-0.014486232791552936,-0.016057029118347832,4.235914094590238,-10.735,-20.965,0.025,23.486088,0.08872994,0.43348715
0 days 00:00:03.260000,0.0003537829564853371,0.223668,0.09417600000000001,9.221400000000001,76.99507916131792,76.99507916131792,76.99507916131792,76.99507916131792,0.002967059728390361,0.02949606435870417,0.0019198621771937623,54.0,2.39,0.0,2,2,50.0,4,0.095,23.495,-0.045,52.649120599999996,9.746142299999999,32.63,32.55,52.649106499999995,9.7461336,-0.014486232791552936,-0.0164060949687467,4.235914094590238,-10.735,-20.965,0.025,23.4911,0.088754825,0.43176886
0 days 00:00:03.270000,0.0003537829564853371,-0.40024800000000005,-0.003924,9.401904,77.14885537013264,77.14885537013264,77.14885537013264,77.14885537013264,0.00890117918517108,0.026354471705114374,0.0020943951023931952,54.0,2.39,0.0,2,2,50.0,4,0.08,23.5,-0.05,52.6491111,9.7461349,32.54,32.54,52.6491046,9.746132,-0.014311699866353503,-0.016755160819145562,4.235914094590238,-10.77,-20.935,0.11,23.495865,0.07364163,0.44482026
0 days 00:00:03.280000,0.0003537829564853371,-0.266832,-0.10202400000000002,9.425448000000001,77.27588789045785,77.27588789045785,77.27588789045785,77.27588789045785,0.014137166941154071,0.023736477827122886,0.0024434609527920616,54.0,2.39,0.0,2,2,50.0,4,0.08,23.495,-0.045,52.6491111,9.7461349,32.54,32.54,52.6491027,9.7461304,-0.014137166941154071,-0.016929693744344994,4.235914094590238,-10.77,-20.935,0.11,23.490873,0.07373315,0.4438244
0 days 00:00:03.290000,0.0003537829564853371,-0.25506,-0.23936400000000002,9.766836000000001,77.31600342319211,77.31600342319211,77.31600342319211,77.31600342319211,0.01937315469713706,0.02391101075232232,0.0015707963267948967,54.0,2.39,0.0,2,2,50.0,4,0.08,23.495,-0.045,52.6491111,9.7461349,32.54,32.54,52.6491008,9.7461289,-0.013962634015954637,-0.01710422666954443,4.235914094590238,-10.77,-20.935,0.11,23.490793,0.07375338,0.44791102
0 days 00:00:03.300000,0.0004717106086471161,-0.38847600000000004,-0.12164400000000002,9.590256,77.1622272143774,77.1622272143774,77.1622272143774,77.1622272143774,0.020594885173533087,0.014660765716752367,0.00017453292519943296,54.0,2.39,0.0,2,2,50.0,4,0.08,23.495,-0.045,52.6491111,9.7461349,32.54,32.54,52.6490989,9.7461273,-0.013613568165555772,-0.017278759594743863,4.235914094590238,-10.77,-20.935,0.11,23.490717,0.07385391,0.45198476
0 days 00:00:03.310000,0.0004717106086471161,-0.38847600000000004,-0.07063200000000001,9.370512000000002,76.99507916131792,76.99507916131792,76.99507916131792,76.99507916131792,0.020245819323134222,0.014311699866353502,0.00034906585039886593,54.0,2.39,0.0,2,2,50.0,4,0.08,23.490000000000002,-0.04,52.6491111,9.7461349,32.54,32.54,52.6490971,9.7461257,-0.013439035240356337,-0.017453292519943295,4.235914094590238,-10.77,-20.935,0.11,23.485723,0.07394605,0.45098537
0 days 00:00:03.320000,0.0004717106086471161,-0.298224,0.027468000000000003,9.044820000000001,76.89479032948223,76.89479032948223,76.89479032948223,76.89479032948223,0.015358897417550098,0.012042771838760874,0.0,54.0,2.39,0.0,2,2,50.0,4,0.07,23.495,-0.045,52.649102799999994,9.746127,32.39,32.52,52.6490952,9.746124199999999,-0.013264502315156905,-0.017627825445142728,4.2360886275154375,-10.775,-20.905,0.195,23.490557,0.06390379,0.46002543
0 days 00:00:03.330000,0.0004717106086471161,-0.11379600000000001,0.09417600000000001,9.331272,76.82793110825845,76.82793110825845,76.82793110825845,76.82793110825845,0.01117010721276371,0.016929693744344998,-0.00017453292519943296,54.0,2.39,0.0,2,2,50.0,4,0.07,23.495,-0.04,52.649102799999994,9.746127,32.39,32.52,52.6490933,9.7461226,-0.013089969389957472,-0.01780235837034216,4.2360886275154375,-10.775,-20.905,0.195,23.490566,0.06399585,0.459115
0 days 00:00:03.340000,0.0004717106086471161,-0.40024800000000005,0.11379600000000001,9.472536,76.97502139495079,76.97502139495079,76.97502139495079,76.97502139495079,0.010471975511965976,0.016231562043547268,0.0005235987755982988,54.0,2.39,0.0,2,2,50.0,4,0.075,23.490000000000002,-0.035,52.649102799999994,9.746127,32.39,32.52,52.649091399999996,9.746120999999999,-0.013089969389957472,-0.017976891295541596,4.2360886275154375,-10.775,-20.905,0.195,23.485575,0.06900838,0.4581913
0 days 00:00:03.350000,0.0004717106086471161,-0.40417200000000003,-0.03531600000000001,9.464688,77.19565682498931,77.19565682498931,77.19565682498931,77.19565682498931,0.008377580409572781,0.00942477796076938,0.0,54.0,2.39,0.0,2,2,50.0,4,0.075,23.490000000000002,-0.035,52.649102799999994,9.746127,32.39,32.52,52.649089499999995,9.7461194,-0.012915436464758038,-0.017976891295541596,4.2360886275154375,-10.775,-20.905,0.195,23.485575,0.06908835,0.45817924
0 days 00:00:03.360000,0.0004717106086471161,-0.23544,-0.08632800000000002,9.751140000000001,77.34943303380402,77.34943303380402,77.34943303380402,77.34943303380402,0.007330382858376183,0.009250245035569947,-0.00034906585039886593,54.0,2.39,0.0,2,2,50.0,4,0.075,23.490000000000002,-0.035,52.649102799999994,9.746127,32.39,32.52,52.649087699999995,9.7461178,-0.012915436464758038,-0.01815142422074103,4.2360886275154375,-10.775,-20.905,0.195,23.485495,0.06903541,0.46227795
0 days 00:00:03.370000,0.0003537829564853371,-0.317844,-0.10202400000000002,9.382284,77.27588789045785,77.27588789045785,77.27588789045785,77.27588789045785,0.0015707963267948967,-0.00034906585039886593,-0.0005235987755982988,54.0,2.39,0.0,2,2,50.0,4,0.06,23.495,-0.045,52.6490934,9.746118899999999,32.39,32.5,52.649085799999995,9.746116299999999,-0.012740903539558606,-0.01815142422074103,4.2360886275154375,-10.78,-20.915,0.2,23.490314,0.05398876,0.47216308
0 days 00:00:03.380000,0.0003537829564853371,-0.17265600000000003,-0.039240000000000004,9.386208000000002,77.08199614890886,77.08199614890886,77.08199614890886,77.08199614890886,-0.002967059728390361,-0.0008726646259971648,0.00017453292519943296,55.0,2.39,0.0,2,2,50.0,4,0.06,23.495,-0.04,52.6490934,9.746118899999999,32.39,32.5,52.6490839,9.7461147,-0.012740903539558606,-0.01815142422074103,4.2360886275154375,-10.78,-20.915,0.2,23.490404,0.05405245,0.4671643
0 days 00:00:03.390000,0.0003537829564853371,-0.41202000000000005,-0.054936000000000006,9.680508000000001,76.9415917843389,76.9415917843389,76.9415917843389,76.9415917843389,-0.0015707963267948967,-0.0022689280275926286,0.0006981317007977319,55.0,2.39,0.0,2,2,50.0,4,0.06,23.495,-0.04,52.6490934,9.746118899999999,32.39,32.5,52.649082,9.746113099999999,-0.012740903539558606,-0.01815142422074103,4.2360886275154375,-10.78,-20.915,0.2,23.490404,0.05405245,0.4671643
0 days 00:00:03.400000,0.0003537829564853371,-0.517968,-0.007848,9.256716,76.89479032948223,76.89479032948223,76.89479032948223,76.89479032948223,-0.0031415926535897933,-0.009948376736367679,0.0015707963267948967,55.0,2.39,0.0,2,2,50.0,4,0.06,23.490000000000002,-0.03,52.6490934,9.746118899999999,32.39,32.5,52.6490802,9.7461115,-0.012740903539558606,-0.01815142422074103,4.2360886275154375,-10.78,-20.915,0.2,23.485586,0.05418099,0.45707598
0 days 00:00:03.410000,0.0003537829564853371,0.09417600000000001,0.066708,9.586332,76.89479032948223,76.89479032948223,76.89479032948223,76.89479032948223,-0.010995574287564275,0.004014257279586958,0.0017453292519943296,55.0,2.39,0.0,2,2,50.0,4,0.065,23.495,-0.03,52.6490934,9.746118899999999,32.39,32.5,52.6490783,9.7461099,-0.012915436464758038,-0.01815142422074103,4.2360886275154375,-10.78,-20.915,0.2,23.490587,0.059099626,0.45724076
0 days 00:00:03.420000,0.0003537829564853371,-0.6160680000000002,0.047088000000000005,10.135692000000002,76.95496362858366,76.95496362858366,76.95496362858366,76.95496362858366,-0.016231562043547268,-0.0022689280275926286,0.0017453292519943296,55.0,2.39,0.0,2,2,50.0,4,0.065,23.485,-0.035,52.6490839,9.7461111,32.38,32.49,52.6490764,9.746108399999999,-0.013089969389957472,-0.017976891295541596,4.2360886275154375,-10.700000000000001,-20.875,0.06,23.480576,0.059010405,0.45797056
0 days 00:00:03.430000,0.00023585530432355804,-0.612144,-0.129492,9.719748000000001,77.21571459135643,77.21571459135643,77.21571459135643,77.21571459135643,-0.017453292519943295,-0.023561944901923447,0.0006981317007977319,55.0,2.39,0.0,2,2,50.0,4,0.065,23.48,-0.035,52.6490839,9.7461111,32.38,32.49,52.6490745,9.7461068,-0.013264502315156905,-0.01780235837034216,4.2360886275154375,-10.700000000000001,-20.875,0.06,23.475657,0.058986012,0.45379406
0 days 00:00:03.440000,0.00023585530432355804,0.10594800000000001,-0.10594800000000001,9.087984,77.24245827984595,77.24245827984595,77.24245827984595,77.24245827984595,-0.017278759594743863,-0.012566370614359173,0.00034906585039886593,55.0,2.39,0.0,2,2,50.0,4,0.065,23.48,-0.025,52.6490839,9.7461111,32.38,32.49,52.6490726,9.746105199999999,-0.013439035240356337,-0.017627825445142728,4.2360886275154375,-10.700000000000001,-20.875,0.06,23.47591,0.059096236,0.4397099
0 days 00:00:03.450000,0.00023585530432355804,0.031392,0.18835200000000002,8.852544000000002,77.14885537013264,77.14885537013264,77.14885537013264,77.14885537013264,-0.020420352248333655,-0.002967059728390361,0.0015707963267948967,55.0,2.39,0.0,2,2,50.0,4,0.065,23.485,-0.02,52.6490839,9.7461111,32.38,32.49,52.6490708,9.7461036,-0.013613568165555772,-0.017627825445142728,4.2360886275154375,-10.700000000000001,-20.875,0.06,23.480999,0.05908634,0.4348096
0 days 00:00:03.460000,0.00023585530432355804,-0.380628,-0.153036,9.664812000000001,76.92153401797175,76.92153401797175,76.92153401797175,76.92153401797175,-0.019722220547535925,0.0024434609527920616,0.0024434609527920616,55.0,2.39,0.0,2,2,50.0,4,0.065,23.48,-0.015,52.6490839,9.7461111,32.38,32.49,52.649068899999996,9.7461021,-0.013788101090755204,-0.017627825445142728,4.236263160440636,-10.700000000000001,-20.875,0.06,23.476086,0.059080597,0.42973298
0 days 00:00:03.470000,0.00011792765216177902,-0.533664,-0.011772000000000001,9.755064,76.99507916131792,76.99507916131792,76.99507916131792,76.99507916131792,-0.015358897417550098,-0.005235987755982988,0.0017453292519943296,55.0,2.39,0.0,2,2,50.0,4,0.08,23.47,-0.01,52.6490747,9.7461024,32.52,32.47,52.649066999999995,9.746100499999999,-0.013962634015954637,-0.017627825445142728,4.2360886275154375,-10.635,-20.91,-0.035,23.466177,0.0740764,0.42477775
0 days 00:00:03.480000,0.00011792765216177902,-0.21189600000000003,-0.33746400000000004,10.445688,77.02850877192982,77.02850877192982,77.02850877192982,77.02850877192982,-0.011344640137963142,0.00471238898038469,-0.0005235987755982988,55.0,2.39,0.0,2,2,50.0,4,0.075,23.47,-0.015,52.6490747,9.7461024,32.52,32.47,52.649065099999994,9.7460989,-0.014137166941154071,-0.017627825445142728,4.236263160440636,-10.635,-20.91,-0.035,23.466087,0.068932086,0.4297187
0 days 00:00:03.490000,0.00011792765216177902,-0.635688,-0.298224,9.896328000000002,77.01513692768506,77.01513692768506,77.01513692768506,77.01513692768506,-0.016231562043547268,-0.013439035240356337,-0.0020943951023931952,55.0,2.39,0.0,2,2,50.0,4,0.075,23.465,-0.02,52.6490747,9.7461024,32.52,32.47,52.6490632,9.746097299999999,-0.014311699866353503,-0.017453292519943295,4.236263160440636,-10.635,-20.91,-0.035,23.461077,0.0688454,0.43054703
0 days 00:00:03.500000,0.0,-0.08240400000000002,0.11379600000000001,9.095832000000001,76.92153401797175,76.92153401797175,76.92153401797175,76.92153401797175,-0.022514747350726852,-0.014660765716752367,-0.0024434609527920616,55.0,2.39,0.0,2,2,50.0,4,0.08,23.465,-0.01,52.6490747,9.7461024,32.52,32.47,52.6490614,9.746095799999999,-0.014486232791552936,-0.017278759594743863,4.2360886275154375,-10.635,-20.91,-0.035,23.461325,0.07397388,0.41653967
0 days 00:00:03.510000,0.0,0.266832,0.357084,9.029124000000001,76.89479032948223,76.89479032948223,76.89479032948223,76.89479032948223,-0.0291469985083053,0.008726646259971648,-0.0015707963267948967,55.0,2.39,0.0,2,2,50.0,4,0.085,23.47,-0.005,52.6490747,9.7461024,32.52,32.47,52.6490595,9.7460942,-0.014835298641951801,-0.017453292519943295,4.2360886275154375,-10.635,-20.91,-0.035,23.466337,0.078840055,0.41582254
0 days 00:00:03.520000,0.0,-0.612144,0.16480800000000004,9.386208000000002,76.97502139495079,76.97502139495079,76.97502139495079,76.97502139495079,-0.030019663134302467,0.009773843811168246,0.00017453292519943296,55.0,2.39,0.0,2,2,50.0,4,0.11,23.46,0.02,52.6490659,9.7460945,32.42,32.45,52.6490576,9.746092599999999,-0.0153588974175501,-0.017453292519943295,4.2360886275154375,-10.575000000000001,-20.93,-0.185,23.456776,0.10400595,0.39107996
0 days 00:00:03.530000,0.0,-0.49442400000000003,-0.03531600000000001,9.92772,77.18228498074454,77.18228498074454,77.18228498074454,77.18228498074454,-0.02617993877991494,0.01064650843716541,0.0010471975511965976,55.0,2.39,0.0,2,2,50.0,4,0.105,23.455000000000002,0.015,52.6490659,9.7460945,32.42,32.45,52.6490557,9.746091,-0.015533430342749533,-0.017627825445142728,4.236263160440636,-10.575000000000001,-20.93,-0.185,23.45162,0.09879842,0.4000244
0 days 00:00:03.540000,-0.00011792765216177902,-0.31392000000000003,-0.37278,10.371132000000001,77.32937526743689,77.32937526743689,77.32937526743689,77.32937526743689,-0.017104226669544427,0.013439035240356337,-0.0006981317007977319,55.0,2.39,0.0,2,2,50.0,4,0.105,23.455000000000002,0.01,52.6490659,9.7460945,32.42,32.45,52.6490539,9.7460895,-0.015707963267948967,-0.017627825445142728,4.236263160440636,-10.575000000000001,-20.93,-0.185,23.45153,0.09865007,0.40504026
0 days 00:00:03.550000,-0.00011792765216177902,-0.223668,-0.27468000000000004,9.821772000000001,77.27588789045785,77.27588789045785,77.27588789045785,77.27588789045785,-0.008726646259971648,0.0013962634015954637,-0.0015707963267948967,55.0,2.39,0.0,2,2,50.0,4,0.105,23.455000000000002,0.01,52.6490659,9.7460945,32.42,32.45,52.649052,9.7460879,-0.0158824961931484,-0.01780235837034216,4.2360886275154375,-10.575000000000001,-20.93,-0.185,23.451462,0.09851437,0.40915003
0 days 00:00:03.560000,-0.00011792765216177902,0.12164400000000002,-0.17658000000000004,9.464688,77.01513692768506,77.01513692768506,77.01513692768506,77.01513692768506,-0.005061454830783556,0.004886921905584123,-0.0027925268031909274,55.0,2.39,0.0,2,2,50.0,4,0.105,23.455000000000002,0.015,52.6490659,9.7460945,32.42,32.45,52.6490501,9.7460863,-0.0158824961931484,-0.01780235837034216,4.2360886275154375,-10.575000000000001,-20.93,-0.185,23.451551,0.098593764,0.40415147
0 days 00:00:03.570000,-0.00011792765216177902,-0.368856,-0.39632400000000007,9.186084000000001,76.72764227642276,76.72764227642276,76.72764227642276,76.72764227642276,-0.005235987755982988,0.0022689280275926286,-0.0041887902047863905,55.0,2.39,0.0,2,2,50.0,4,0.125,23.445,0.035,52.6490565,9.746086799999999,32.42,32.44,52.649048199999996,9.7460848,-0.016057029118347832,-0.017627825445142728,4.2360886275154375,-10.56,-20.915,-0.15,23.441973,0.118910275,0.3802267
0 days 00:00:03.580000,-0.00011792765216177902,-0.592524,0.07063200000000001,9.315576,76.66746897732135,76.66746897732135,76.66746897732135,76.66746897732135,-0.004014257279586958,0.0017453292519943296,-0.0031415926535897933,55.0,2.39,0.0,2,2,50.0,4,0.13,23.44,0.04,52.6490565,9.746086799999999,32.42,32.44,52.649046399999996,9.7460832,-0.016057029118347832,-0.01780235837034216,4.2360886275154375,-10.56,-20.915,-0.15,23.436998,0.123925634,0.37931025
0 days 00:00:03.590000,-0.00011792765216177902,-0.25506,0.07848000000000001,10.186704,76.92153401797175,76.92153401797175,76.92153401797175,76.92153401797175,-0.0006981317007977319,0.013962634015954637,-0.0015707963267948967,55.0,2.39,0.0,2,2,50.0,4,0.13,23.44,0.035,52.6490565,9.746086799999999,32.42,32.44,52.649044499999995,9.7460816,-0.016057029118347832,-0.01780235837034216,4.2360886275154375,-10.56,-20.915,-0.15,23.43691,0.12384537,0.38430882
0 days 00:00:03.600000,-0.00011792765216177902,-0.46695600000000004,-0.459108,10.308348,77.14885537013264,77.14885537013264,77.14885537013264,77.14885537013264,0.00471238898038469,0.0008726646259971648,-0.0017453292519943296,55.0,2.39,0.0,2,2,50.0,4,0.13,23.44,0.03,52.6490565,9.746086799999999,32.42,32.43,52.649042599999994,9.74608,-0.016057029118347832,-0.01780235837034216,4.2360886275154375,-10.56,-20.915,-0.15,23.436821,0.123765096,0.38930738
0 days 00:00:03.610000,-0.00011792765216177902,0.20797200000000002,-0.302148,9.554940000000002,77.32937526743689,77.32937526743689,77.32937526743689,77.32937526743689,-0.00471238898038469,-0.0010471975511965976,-0.0038397243543875246,55.0,2.39,0.0,2,2,50.0,4,0.13,23.44,0.03,52.6490565,9.746086799999999,32.42,32.43,52.6490407,9.7460785,-0.016057029118347832,-0.01780235837034216,4.2360886275154375,-10.56,-20.915,-0.15,23.436821,0.123765096,0.38930738
0 days 00:00:03.620000,-0.00011792765216177902,-0.20797200000000002,-0.23544,9.727596,77.14885537013264,77.14885537013264,77.14885537013264,77.14885537013264,-0.014311699866353502,0.0019198621771937623,-0.0041887902047863905,55.0,2.39,0.0,2,2,50.0,4,0.125,23.445,0.03,52.6490472,9.7460788,32.44,32.42,52.6490389,9.7460769,-0.016231562043547264,-0.017976891295541596,4.235914094590238,-10.64,-20.91,-0.025,23.441751,0.11862996,0.39342764
0 days 00:00:03.630000,-0.00011792765216177902,-0.7534080000000001,0.05886,9.684432000000001,76.92153401797175,76.92153401797175,76.92153401797175,76.92153401797175,-0.012566370614359173,-0.017627825445142728,-0.002967059728390361,55.0,2.39,0.0,2,2,50.0,4,0.125,23.44,0.035,52.6490472,9.7460788,32.44,32.42,52.649037,9.7460753,-0.0164060949687467,-0.01780235837034216,4.2360886275154375,-10.64,-20.91,-0.025,23.43691,0.11871189,0.38427
0 days 00:00:03.640000,-0.00011792765216177902,-0.24328800000000003,-0.33354000000000006,10.049364,76.82793110825845,76.82793110825845,76.82793110825845,76.82793110825845,-0.003316125578789226,-0.010297442586766544,-0.002617993877991494,55.0,2.39,0.0,2,2,50.0,4,0.125,23.44,0.03,52.6490472,9.7460788,32.44,32.42,52.6490351,9.7460738,-0.0164060949687467,-0.017627825445142728,4.235914094590238,-10.64,-20.91,-0.025,23.436886,0.11869697,0.3851786
0 days 00:00:03.650000,-0.00011792765216177902,-0.43556400000000006,-0.3531600000000001,9.994428000000003,76.80787334189132,76.80787334189132,76.80787334189132,76.80787334189132,0.008203047484373348,-0.017976891295541593,-0.0006981317007977319,55.0,2.39,0.0,2,2,50.0,4,0.125,23.435,0.03,52.6490472,9.7460788,32.44,32.42,52.6490332,9.7460722,-0.0164060949687467,-0.017453292519943295,4.235914094590238,-10.64,-20.91,-0.025,23.431955,0.11876552,0.38100135
0 days 00:00:03.660000,-0.00011792765216177902,-0.05101200000000001,-0.23936400000000002,10.194552000000002,76.95496362858366,76.95496362858366,76.95496362858366,76.95496362858366,0.016231562043547268,-0.011344640137963142,-0.0010471975511965976,55.0,2.39,0.0,2,2,50.0,4,0.125,23.44,0.025,52.6490472,9.7460788,32.44,32.42,52.6490314,9.7460706,-0.016231562043547264,-0.017278759594743863,4.235914094590238,-10.64,-20.91,-0.025,23.436934,0.118815854,0.3819765
0 days 00:00:03.670000,-0.00011792765216177902,-0.368856,-0.23544,9.794304,76.99507916131792,76.99507916131792,76.99507916131792,76.99507916131792,0.017627825445142728,-0.01117010721276371,-0.0008726646259971648,55.0,2.39,0.0,2,2,50.0,4,0.115,23.445,0.02,52.6490381,9.7460697,32.65,32.4,52.6490295,9.7460691,-0.0158824961931484,-0.017278759594743863,4.235914094590238,-10.685,-20.92,0.025,23.441845,0.10886967,0.38686115
0 days 00:00:03.680000,-0.00011792765216177902,-0.361008,-0.39632400000000007,9.386208000000002,77.14216944801026,77.14216944801026,77.14216944801026,77.14216944801026,0.015009831567151233,-0.011519173063162576,-0.0006981317007977319,55.0,2.39,0.0,2,2,50.0,4,0.115,23.445,0.025,52.6490381,9.7460697,32.65,32.4,52.6490276,9.746067499999999,-0.015707963267948967,-0.017278759594743863,4.2360886275154375,-10.685,-20.92,0.025,23.44193,0.10901571,0.38184354
0 days 00:00:03.690000,-0.00011792765216177902,-0.145188,-0.10594800000000001,9.770760000000001,77.08199614890886,77.08199614890886,77.08199614890886,77.08199614890886,0.016231562043547268,-0.0038397243543875246,0.00017453292519943296,55.0,2.39,0.0,2,2,50.0,4,0.115,23.445,0.025,52.6490381,9.7460697,32.65,32.4,52.6490258,9.7460659,-0.015707963267948967,-0.017278759594743863,4.2360886275154375,-10.685,-20.92,0.025,23.44193,0.10901571,0.38184354
0 days 00:00:03.700000,0.0,-0.306072,-0.258984,10.637964,77.14216944801026,77.14216944801026,77.14216944801026,77.14216944801026,0.018675022996339326,-0.0008726646259971648,0.0010471975511965976,55.0,2.39,0.0,2,2,50.0,4,0.115,23.445,0.02,52.6490381,9.7460697,32.65,32.4,52.649023899999996,9.746064299999999,-0.0153588974175501,-0.017278759594743863,4.2360886275154375,-10.685,-20.92,0.025,23.441845,0.109072216,0.3868041
0 days 00:00:03.710000,0.0,-0.33746400000000004,-0.459108,10.975428,76.99507916131792,76.99507916131792,76.99507916131792,76.99507916131792,0.021118483949131385,-0.011344640137963142,0.0008726646259971648,55.0,2.39,0.0,2,2,50.0,4,0.11,23.44,0.005,52.6490381,9.7460697,32.65,32.4,52.649021999999995,9.746062799999999,-0.015184364492350668,-0.01710422666954443,4.2360886275154375,-10.685,-20.92,0.025,23.436657,0.103976,0.39752886
0 days 00:00:03.720000,0.0,-0.16873200000000002,-0.43556400000000006,10.253412000000003,76.9415917843389,76.9415917843389,76.9415917843389,76.9415917843389,0.018500490071139894,-0.014137166941154071,0.0008726646259971648,55.0,2.39,0.0,2,2,50.0,4,0.1,23.45,-0.005,52.649028799999996,9.7460618,32.64,32.39,52.649020099999994,9.7460612,-0.015009831567151233,-0.016929693744344994,4.2360886275154375,-10.695,-20.88,0.025,23.446556,0.093955286,0.4034373
0 days 00:00:03.730000,0.0,-0.3296160000000001,-0.29430000000000006,9.912024,76.82793110825845,76.82793110825845,76.82793110825845,76.82793110825845,0.012217304763960306,-0.010995574287564275,0.00034906585039886593,55.0,2.39,0.0,2,2,50.0,4,0.1,23.445,-0.005,52.649028799999996,9.7460618,32.64,32.39,52.649018299999994,9.746059599999999,-0.014835298641951801,-0.016929693744344994,4.2360886275154375,-10.695,-20.88,0.025,23.441557,0.09402695,0.40333626
0 days 00:00:03.740000,0.0,-0.5846760000000001,-0.11772,9.688356,76.8413029525032,76.8413029525032,76.8413029525032,76.8413029525032,0.010122909661567111,-0.019198621771937627,0.00034906585039886593,56.0,2.39,0.0,2,2,50.0,4,0.1,23.44,-0.0,52.649028799999996,9.7460618,32.64,32.39,52.6490164,9.746058,-0.014835298641951801,-0.016755160819145562,4.2360886275154375,-10.695,-20.88,0.025,23.43671,0.09416305,0.39416283
0 days 00:00:03.750000,0.0,-0.14126400000000003,-0.16873200000000002,9.982656,76.89479032948223,76.89479032948223,76.89479032948223,76.89479032948223,0.01064650843716541,-0.008203047484373348,0.0008726646259971648,56.0,2.39,0.0,2,2,50.0,4,0.1,23.44,-0.005,52.649028799999996,9.7460618,32.64,32.39,52.6490145,9.7460565,-0.014660765716752368,-0.016580627893946133,4.2360886275154375,-10.695,-20.88,0.025,23.436697,0.09421852,0.39505515
0 days 00:00:03.760000,0.0,-0.14126400000000003,-0.11379600000000001,9.982656,77.06193838254171,77.06193838254171,77.06193838254171,77.06193838254171,0.010297442586766544,-0.006108652381980153,0.0019198621771937623,57.0,2.39,0.0,2,2,50.0,4,0.1,23.445,-0.005,52.649028799999996,9.7460618,32.64,32.39,52.6490126,9.746054899999999,-0.014486232791552936,-0.016580627893946133,4.2360886275154375,-10.695,-20.88,0.025,23.441694,0.09428627,0.39512157
0 days 00:00:03.770000,0.0,0.027468000000000003,-0.16873200000000002,10.422144000000001,77.12211168164313,77.12211168164313,77.12211168164313,77.12211168164313,0.009075712110370514,0.005759586531581288,0.0019198621771937623,57.0,2.39,0.0,2,2,50.0,4,0.095,23.44,-0.005,52.649019499999994,9.7460538,32.63,32.38,52.6490108,9.7460533,-0.014486232791552936,-0.016580627893946133,4.2360886275154375,-10.665000000000001,-20.85,-0.05,23.436697,0.089288,0.39496627
0 days 00:00:03.780000,0.0,-0.4316400000000001,-0.33746400000000004,10.508472000000001,77.10873983739837,77.10873983739837,77.10873983739837,77.10873983739837,0.006806784082777885,-0.004537856055185257,0.0015707963267948967,57.0,2.39,0.0,2,2,50.0,4,0.095,23.44,-0.015,52.649019499999994,9.7460538,32.63,32.38,52.6490089,9.746051699999999,-0.014311699866353503,-0.016580627893946133,4.236263160440636,-10.665000000000001,-20.85,-0.05,23.436531,0.08921384,0.4049483
0 days 00:00:03.790000,0.0,-0.3531600000000001,-0.16088400000000003,9.990504,76.95496362858366,76.95496362858366,76.95496362858366,76.95496362858366,0.003490658503988659,-0.01064650843716541,0.0020943951023931952,57.0,2.39,0.0,2,2,50.0,4,0.095,23.44,-0.015,52.649019499999994,9.7460538,32.63,32.38,52.649007,9.7460501,-0.014311699866353503,-0.0164060949687467,4.236263160440636,-10.665000000000001,-20.85,-0.05,23.4366,0.08927238,0.40085822
0 days 00:00:03.800000,0.0,-0.12164400000000002,-0.031392,10.182780000000001,76.8413029525032,76.8413029525032,76.8413029525032,76.8413029525032,0.003316125578789226,-0.0054105206811824215,0.0019198621771937623,58.0,2.39,0.0,2,2,50.0,4,0.095,23.44,-0.02,52.649019499999994,9.7460538,32.63,32.38,52.6490051,9.7460486,-0.014311699866353503,-0.0164060949687467,4.236263160440636,-10.665000000000001,-20.85,-0.05,23.436518,0.08920083,0.40585706
0 days 00:00:03.810000,0.0,-0.51012,-0.27075600000000005,10.171008,76.76107188703466,76.76107188703466,76.76107188703466,76.76107188703466,0.0019198621771937623,-0.009250245035569947,0.0019198621771937623,58.0,2.39,0.0,2,2,50.0,4,0.09,23.435,-0.025,52.649019499999994,9.7460538,32.63,32.38,52.6490033,9.746046999999999,-0.014311699866353503,-0.0164060949687467,4.236263160440636,-10.665000000000001,-20.85,-0.05,23.431435,0.08413097,0.4107023
0 days 00:00:03.820000,0.0,-0.37278,-0.07063200000000001,9.672660000000002,76.72764227642276,76.72764227642276,76.72764227642276,76.72764227642276,-0.0036651914291880917,-0.01658062789394613,0.0019198621771937623,58.0,2.39,0.0,2,2,50.0,4,0.1,23.425,-0.015,52.6490102,9.7460459,32.63,32.37,52.649001399999996,9.7460454,-0.014311699866353503,-0.016057029118347832,4.236263160440636,-10.620000000000001,-20.845,-0.09,23.42174,0.09439239,0.39250886
0 days 00:00:03.830000,0.0,0.011772000000000001,0.007848,10.041516000000001,76.89479032948223,76.89479032948223,76.89479032948223,76.89479032948223,-0.005759586531581288,-0.0024434609527920616,0.0020943951023931952,58.0,2.39,0.0,2,2,50.0,4,0.1,23.425,-0.015,52.6490102,9.7460459,32.63,32.37,52.648999499999995,9.746043799999999,-0.014486232791552936,-0.016057029118347832,4.236263160440636,-10.620000000000001,-20.845,-0.09,23.42174,0.09432388,0.39252537
0 days 00:00:03.840000,0.0,-0.45126,-0.18835200000000002,9.888480000000001,77.01513692768506,77.01513692768506,77.01513692768506,77.01513692768506,-0.0027925268031909274,-0.010122909661567111,0.0020943951023931952,58.0,2.39,0.0,2,2,50.0,4,0.1,23.425,-0.015,52.6490102,9.7460459,32.63,32.37,52.648997699999995,9.7460423,-0.014486232791552936,-0.0158824961931484,4.236263160440636,-10.620000000000001,-20.845,-0.09,23.421806,0.0943831,0.38843793
0 days 00:00:03.850000,0.0,0.133416,-0.133416,9.837468000000001,77.10873983739837,77.10873983739837,77.10873983739837,77.10873983739837,0.0005235987755982988,-0.002617993877991494,0.0013962634015954637,58.0,2.39,0.0,2,2,50.0,4,0.1,23.425,-0.015,52.6490102,9.7460459,32.63,32.37,52.648995799999994,9.7460407,-0.014486232791552936,-0.0158824961931484,4.236437693365836,-10.620000000000001,-20.845,-0.09,23.421806,0.0943831,0.38843793
0 days 00:00:03.860000,0.0,-0.054936000000000006,-0.20404800000000003,10.233792000000001,77.08199614890886,77.08199614890886,77.08199614890886,77.08199614890886,0.0024434609527920616,0.010122909661567111,0.0010471975511965976,58.0,2.39,0.0,2,2,50.0,4,0.1,23.43,-0.02,52.6490102,9.7460459,32.63,32.37,52.6489939,9.746039099999999,-0.014486232791552936,-0.016057029118347832,4.236437693365836,-10.620000000000001,-20.845,-0.09,23.426659,0.0942503,0.3976045
0 days 00:00:03.870000,0.0,-0.60822,-0.090252,10.1043,76.86136071887034,76.86136071887034,76.86136071887034,76.86136071887034,-0.0017453292519943296,-0.007679448708775049,0.0005235987755982988,58.0,2.39,0.0,2,2,50.0,4,0.105,23.415,-0.01,52.6490006,9.746039,32.47,32.35,52.648992,9.7460376,-0.014486232791552936,-0.0158824961931484,4.236263160440636,-10.63,-20.85,-0.145,23.41189,0.099457294,0.38335273
0 days 00:00:03.880000,0.0,-0.066708,-0.039240000000000004,9.994428000000003,76.63403936670946,76.63403936670946,76.63403936670946,76.63403936670946,-0.005934119456780722,0.0,0.0,58.0,2.39,0.0,2,2,50.0,4,0.105,23.42,-0.01,52.6490006,9.746039,32.47,32.35,52.6489902,9.746036,-0.014486232791552936,-0.0158824961931484,4.236437693365836,-10.63,-20.85,-0.145,23.416887,0.09945614,0.38343212
0 days 00:00:03.890000,0.0,-0.49442400000000003,0.027468000000000003,9.935568000000002,76.8413029525032,76.8413029525032,76.8413029525032,76.8413029525032,-0.005235987755982988,0.002617993877991494,0.0010471975511965976,58.0,2.39,0.0,2,2,50.0,4,0.105,23.415,-0.01,52.6490006,9.746039,32.47,32.35,52.6489883,9.7460344,-0.014660765716752368,-0.0158824961931484,4.236437693365836,-10.63,-20.85,-0.145,23.41189,0.09939038,0.38337007
0 days 00:00:03.900000,0.0,-0.45126,-0.266832,9.880632000000002,76.76775780915703,76.76775780915703,76.76775780915703,76.76775780915703,0.0008726646259971648,-0.009250245035569947,0.00017453292519943296,58.0,2.39,0.0,2,2,50.0,4,0.105,23.41,-0.015,52.6490006,9.746039,32.47,32.35,52.6489864,9.7460328,-0.014486232791552936,-0.0158824961931484,4.236437693365836,-10.63,-20.85,-0.145,23.406809,0.09938602,0.38827214
0 days 00:00:03.910000,0.0,0.11379600000000001,-0.129492,9.433296,76.9415917843389,76.9415917843389,76.9415917843389,76.9415917843389,0.006981317007977318,-0.0012217304763960308,0.00017453292519943296,58.0,2.39,0.0,2,2,50.0,4,0.105,23.415,-0.01,52.6490006,9.746039,32.47,32.36,52.6489846,9.7460313,-0.014486232791552936,-0.0158824961931484,4.236437693365836,-10.63,-20.85,-0.145,23.41189,0.099457294,0.38335273
0 days 00:00:03.920000,0.0,-0.03531600000000001,-0.047088000000000005,9.500004,76.92153401797175,76.92153401797175,76.92153401797175,76.92153401797175,0.009250245035569947,0.012217304763960306,-0.0015707963267948967,58.0,2.39,0.0,2,2,50.0,4,0.095,23.42,-0.01,52.6489906,9.7460311,32.58,32.34,52.6489827,9.7460297,-0.014311699866353503,-0.016057029118347832,4.236437693365836,-10.685,-20.85,0.07,23.41682,0.089465596,0.38735822
0 days 00:00:03.930000,0.0,-0.36493200000000003,-0.07063200000000001,9.719748000000001,76.9415917843389,76.9415917843389,76.9415917843389,76.9415917843389,0.006283185307179587,0.012566370614359173,-0.0020943951023931952,58.0,2.39,0.0,2,2,50.0,4,0.095,23.42,-0.01,52.6489906,9.7460311,32.58,32.34,52.6489808,9.7460281,-0.014311699866353503,-0.016057029118347832,4.236437693365836,-10.685,-20.85,0.07,23.41682,0.089465596,0.38735822
0 days 00:00:03.940000,0.00011792765216177902,-0.21582000000000004,-0.05886,10.108224,76.89479032948223,76.89479032948223,76.89479032948223,76.89479032948223,0.0024434609527920616,0.014311699866353502,-0.0024434609527920616,58.0,2.39,0.0,2,2,50.0,4,0.1,23.42,-0.015,52.6489906,9.7460311,32.58,32.34,52.648978899999996,9.7460266,-0.014137166941154071,-0.016231562043547264,4.236437693365836,-10.685,-20.85,0.07,23.416672,0.09440425,0.3964987
0 days 00:00:03.950000,0.00011792765216177902,-0.349236,0.03531600000000001,9.864936,76.86136071887034,76.86136071887034,76.86136071887034,76.86136071887034,0.0008726646259971648,0.004363323129985824,-0.0006981317007977319,58.0,2.39,0.0,2,2,50.0,4,0.1,23.415,-0.015,52.6489906,9.7460311,32.58,32.34,52.648977099999996,9.746025,-0.014137166941154071,-0.016231562043547264,4.236437693365836,-10.685,-20.85,0.07,23.411673,0.0944054,0.39641756
0 days 00:00:03.960000,0.00011792765216177902,0.15696000000000002,-0.12164400000000002,10.096452000000001,76.85467479674796,76.85467479674796,76.85467479674796,76.85467479674796,0.0008726646259971648,0.014486232791552938,0.00034906585039886593,58.0,2.39,0.0,2,2,50.0,4,0.1,23.42,-0.015,52.6489906,9.7460311,32.58,32.34,52.648975199999995,9.7460234,-0.014137166941154071,-0.0164060949687467,4.236437693365836,-10.685,-20.85,0.07,23.416601,0.09434648,0.40058526
0 days 00:00:03.970000,0.00011792765216177902,-0.6160680000000002,-0.21974400000000002,9.963036,76.86136071887034,76.86136071887034,76.86136071887034,76.86136071887034,0.0036651914291880917,0.008552113334772213,-0.00017453292519943296,58.0,2.39,0.0,2,2,50.0,4,0.095,23.42,-0.025,52.648981199999994,9.7460233,32.59,32.33,52.648973299999994,9.746021899999999,-0.014137166941154071,-0.016580627893946133,4.236437693365836,-10.67,-20.88,0.105,23.416367,0.08914785,0.41459876
0 days 00:00:03.980000,0.00011792765216177902,-0.5493600000000001,-0.074556,9.503928,76.82793110825845,76.82793110825845,76.82793110825845,76.82793110825845,0.0008726646259971648,-0.0027925268031909274,-0.0008726646259971648,58.0,2.39,0.0,2,2,50.0,4,0.095,23.415,-0.025,52.648981199999994,9.7460233,32.59,32.33,52.6489714,9.7460203,-0.014137166941154071,-0.016580627893946133,4.236437693365836,-10.67,-20.88,0.105,23.41137,0.08914902,0.41451588
0 days 00:00:03.990000,0.00011792765216177902,0.125568,-0.10987200000000001,9.582408000000001,76.70758451005563,76.70758451005563,76.70758451005563,76.70758451005563,-0.005061454830783556,0.008203047484373348,-0.0027925268031909274,58.0,2.39,0.0,2,2,50.0,4,0.095,23.415,-0.02,52.648981199999994,9.7460233,32.59,32.33,52.6489696,9.746018699999999,-0.014137166941154071,-0.016580627893946133,4.236437693365836,-10.67,-20.88,0.105,23.411451,0.08921969,0.40951705
0 days 00:00:04,0.00011792765216177902,-0.6513840000000001,0.07063200000000001,9.170388,76.85467479674796,76.85467479674796,76.85467479674796,76.85467479674796,-0.007853981633974483,-0.0012217304763960308,-0.0010471975511965976,58.0,2.39,0.0,2,2,50.0,4,0.1,23.41,-0.015,52.648981199999994,9.7460233,32.59,32.33,52.6489677,9.7460171,-0.014311699866353503,-0.016580627893946133,4.236437693365836,-10.67,-20.88,0.105,23.406534,0.094220445,0.4045225
0 days 00:00:04.010000,0.00011792765216177902,0.10594800000000001,0.05101200000000001,9.582408000000001,76.92153401797175,76.92153401797175,76.92153401797175,76.92153401797175,-0.0022689280275926286,0.004537856055185257,0.0010471975511965976,58.0,2.39,0.0,2,2,50.0,4,0.1,23.415,-0.01,52.648981199999994,9.7460233,32.59,32.33,52.6489658,9.7460156,-0.014311699866353503,-0.016755160819145562,4.236437693365836,-10.67,-20.88,0.105,23.411547,0.09423233,0.40369225
0 days 00:00:04.020000,0.00011792765216177902,0.184428,-0.11379600000000001,10.143540000000002,77.06193838254171,77.06193838254171,77.06193838254171,77.06193838254171,0.0027925268031909274,0.02234021442552742,0.0012217304763960308,58.0,2.39,0.0,2,2,50.0,4,0.085,23.415,-0.03,52.6489714,9.7460138,32.660000000000004,32.32,52.6489639,9.746013999999999,-0.014137166941154071,-0.016929693744344994,4.236437693365836,-10.700000000000001,-20.8,0.155,23.411139,0.078963816,0.4275446
0 days 00:00:04.030000,0.00011792765216177902,-0.7808760000000001,-0.38847600000000004,10.088604,77.06193838254171,77.06193838254171,77.06193838254171,77.06193838254171,0.004886921905584123,0.0022689280275926286,0.0008726646259971648,58.0,2.39,0.0,2,2,50.0,4,0.08,23.41,-0.03,52.6489714,9.7460138,32.660000000000004,32.32,52.6489621,9.7460124,-0.013962634015954637,-0.016929693744344994,4.236437693365836,-10.700000000000001,-20.8,0.155,23.406137,0.074040115,0.42737633
0 days 00:00:04.040000,0.00011792765216177902,-0.298224,-0.26290800000000003,9.543168,76.89479032948223,76.89479032948223,76.89479032948223,76.89479032948223,0.005061454830783556,-0.010821041362364843,0.0,58.0,2.39,0.0,2,2,50.0,4,0.08,23.41,-0.03,52.6489714,9.7460138,32.660000000000004,32.32,52.6489602,9.746010799999999,-0.013962634015954637,-0.016755160819145562,4.236437693365836,-10.700000000000001,-20.8,0.155,23.40621,0.07409715,0.42329153
0 days 00:00:04.050000,0.00011792765216177902,0.20797200000000002,-0.09417600000000001,9.935568000000002,76.72764227642276,76.72764227642276,76.72764227642276,76.72764227642276,0.002617993877991494,0.01291543646475804,-0.0008726646259971648,58.0,2.39,0.0,2,2,50.0,4,0.08,23.415,-0.03,52.6489714,9.7460138,32.660000000000004,32.32,52.6489583,9.7460092,-0.013962634015954637,-0.016929693744344994,4.236437693365836,-10.700000000000001,-20.8,0.155,23.411139,0.07403893,0.42746097
0 days 00:00:04.060000,0.00011792765216177902,-1.1497320000000002,-0.12164400000000002,9.401904,76.6206675224647,76.6206675224647,76.6206675224647,76.6206675224647,-0.0013962634015954637,-0.017453292519943295,0.00017453292519943296,58.0,2.39,0.0,2,2,50.0,4,0.08,23.405,-0.025,52.6489714,9.7460138,32.660000000000004,32.32,52.648956399999996,9.7460077,-0.013962634015954637,-0.016755160819145562,4.236437693365836,-10.700000000000001,-20.8,0.155,23.401297,0.074168116,0.41820896
0 days 00:00:04.070000,0.00011792765216177902,0.231516,0.039240000000000004,9.401904,76.63403936670946,76.63403936670946,76.63403936670946,76.63403936670946,-0.0017453292519943296,-0.011519173063162576,0.0008726646259971648,58.0,2.39,0.0,2,2,50.0,4,0.085,23.41,-0.02,52.6489617,9.7460074,32.45,32.31,52.648954599999996,9.746006099999999,-0.013962634015954637,-0.016755160819145562,4.236437693365836,-10.64,-20.865000000000002,0.01,23.406378,0.07923627,0.41336372
0 days 00:00:04.080000,0.00011792765216177902,0.074556,0.011772000000000001,10.218096000000001,76.8413029525032,76.8413029525032,76.8413029525032,76.8413029525032,0.0006981317007977319,0.017278759594743863,0.00034906585039886593,58.0,2.39,0.0,2,2,50.0,4,0.085,23.415,-0.025,52.6489617,9.7460074,32.45,32.31,52.648952699999995,9.7460045,-0.013962634015954637,-0.016929693744344994,4.236437693365836,-10.64,-20.865000000000002,0.01,23.411222,0.079108246,0.422532
0 days 00:00:04.090000,0.00011792765216177902,-1.2753,-0.24328800000000003,9.248868000000002,77.01513692768506,77.01513692768506,77.01513692768506,77.01513692768506,0.004537856055185257,-0.021118483949131385,0.0017453292519943296,58.0,2.39,0.0,2,2,50.0,4,0.085,23.405,-0.02,52.6489617,9.7460074,32.45,32.31,52.648950799999994,9.746003,-0.013962634015954637,-0.016580627893946133,4.236437693365836,-10.64,-20.865000000000002,0.01,23.401451,0.079294465,0.4091961
0 days 00:00:04.100000,0.00011792765216177902,0.8711280000000001,0.03531600000000001,9.519624,77.10873983739837,77.10873983739837,77.10873983739837,77.10873983739837,0.0017453292519943296,0.006108652381980153,0.0013962634015954637,58.0,2.39,0.0,2,2,50.0,4,0.085,23.415,-0.015,52.6489617,9.7460074,32.45,32.31,52.6489489,9.746001399999999,-0.013962634015954637,-0.016755160819145562,4.236437693365836,-10.64,-20.865000000000002,0.01,23.411463,0.0793049,0.4084487
0 days 00:00:04.110000,0.00011792765216177902,-0.133416,-0.145188,10.335816000000001,76.92153401797175,76.92153401797175,76.92153401797175,76.92153401797175,-0.00034906585039886593,0.020245819323134222,0.0012217304763960308,58.0,2.39,0.0,2,2,50.0,4,0.085,23.415,-0.02,52.6489617,9.7460074,32.45,32.31,52.6489471,9.7459998,-0.013962634015954637,-0.016929693744344994,4.236437693365836,-10.64,-20.865000000000002,0.01,23.411306,0.07917805,0.4175332
0 days 00:00:04.120000,0.00011792765216177902,-1.338084,-0.07063200000000001,9.068364,76.76107188703466,76.76107188703466,76.76107188703466,76.76107188703466,-0.002967059728390361,-0.02775073510670984,0.0031415926535897933,58.0,2.39,0.0,2,2,50.0,4,0.1,23.395,-0.01,52.6489525,9.7459995,32.42,32.3,52.6489452,9.745998199999999,-0.014137166941154071,-0.016580627893946133,4.236437693365836,-10.6,-20.86,-0.01,23.391619,0.09436523,0.39925855
0 days 00:00:04.130000,0.00011792765216177902,0.8004960000000001,-0.023544000000000002,9.82962,76.70758451005563,76.70758451005563,76.70758451005563,76.70758451005563,0.0017453292519943296,0.012042771838760874,0.0017453292519943296,58.0,2.39,0.0,2,2,50.0,4,0.1,23.405,-0.01,52.6489525,9.7459995,32.42,32.3,52.6489433,9.7459967,-0.014137166941154071,-0.016755160819145562,4.236612226291036,-10.6,-20.86,-0.01,23.401548,0.09430515,0.40350828
0 days 00:00:04.140000,0.00011792765216177902,-0.80442,-0.22759200000000002,10.100376,76.67415489944372,76.67415489944372,76.67415489944372,76.67415489944372,0.00471238898038469,0.012740903539558606,0.0020943951023931952,58.0,2.39,0.0,2,2,50.0,4,0.095,23.395,-0.015,52.6489525,9.7459995,32.42,32.3,52.6489414,9.7459951,-0.013962634015954637,-0.016755160819145562,4.236612226291036,-10.6,-20.86,-0.01,23.391464,0.0893086,0.40825325
0 days 00:00:04.150000,0.00011792765216177902,-0.9221400000000001,-0.145188,8.96634,76.70758451005563,76.70758451005563,76.70758451005563,76.70758451005563,0.004886921905584123,-0.02548180707911721,0.0027925268031909274,58.0,2.39,0.0,2,2,50.0,4,0.095,23.39,-0.005,52.6489525,9.7459995,32.42,32.3,52.6489396,9.745993499999999,-0.013962634015954637,-0.016580627893946133,4.236612226291036,-10.6,-20.86,-0.01,23.386702,0.08950636,0.3940906
0 days 00:00:04.160000,0.00011792765216177902,1.134036,0.0,9.778608,76.80787334189132,76.80787334189132,76.80787334189132,76.80787334189132,0.003490658503988659,0.02199114857512855,0.0019198621771937623,59.0,2.39,0.0,2,2,50.0,4,0.095,23.400000000000002,-0.005,52.6489525,9.7459995,32.42,32.3,52.6489377,9.745992,-0.013962634015954637,-0.016755160819145562,4.236612226291036,-10.6,-20.86,-0.01,23.396631,0.08944703,0.3983394
0 days 00:00:04.170000,0.00023585530432355804,-0.761256,-0.10987200000000001,10.08468,76.92153401797175,76.92153401797175,76.92153401797175,76.92153401797175,0.0005235987755982988,0.016929693744344998,0.0017453292519943296,59.0,2.39,0.0,2,2,50.0,4,0.095,23.395,-0.005,52.6489432,9.7459917,32.42,32.28,52.6489358,9.7459904,-0.013962634015954637,-0.016929693744344994,4.236612226291036,-10.655,-20.845,-0.015,23.391563,0.089391194,0.40233788
0 days 00:00:04.180000,0.00023585530432355804,-0.8789760000000001,-0.039240000000000004,9.233172000000001,76.9415917843389,76.9415917843389,76.9415917843389,76.9415917843389,-0.0024434609527920616,-0.016231562043547268,0.0022689280275926286,60.0,2.39,0.0,2,2,50.0,4,0.095,23.39,-0.0,52.6489432,9.7459917,32.42,32.28,52.648933899999996,9.7459888,-0.013962634015954637,-0.016755160819145562,4.236786759216235,-10.655,-20.845,-0.015,23.386717,0.08951917,0.39317304
0 days 00:00:04.190000,0.00023585530432355804,0.851508,-0.10987200000000001,10.24164,76.95496362858366,76.95496362858366,76.95496362858366,76.95496362858366,-0.0041887902047863905,0.026703537555513242,0.0017453292519943296,60.0,2.39,0.0,2,2,50.0,4,0.095,23.400000000000002,-0.005,52.6489432,9.7459917,32.42,32.28,52.648932099999996,9.7459873,-0.013962634015954637,-0.01710422666954443,4.236786759216235,-10.655,-20.845,-0.015,23.396492,0.089333005,0.40650555
0 days 00:00:04.200000,0.00023585530432355804,-0.926064,-0.10594800000000001,10.041516000000001,76.78112965340179,76.78112965340179,76.78112965340179,76.78112965340179,-0.004886921905584123,0.00471238898038469,0.0024434609527920616,61.0,2.39,0.0,2,2,50.0,4,0.09,23.39,-0.01,52.6489432,9.7459917,32.42,32.28,52.648930199999995,9.7459857,-0.013962634015954637,-0.01710422666954443,4.236786759216235,-10.655,-20.845,-0.015,23.386406,0.08426608,0.41126353
0 days 00:00:04.210000,0.00023585530432355804,-0.43556400000000006,-0.08632800000000002,9.386208000000002,76.72764227642276,76.72764227642276,76.72764227642276,76.72764227642276,-0.004363323129985824,-0.013264502315156903,0.0020943951023931952,61.0,2.39,0.0,2,2,50.0,4,0.09,23.39,-0.005,52.6489432,9.7459917,32.42,32.28,52.648928299999994,9.7459841,-0.013962634015954637,-0.016929693744344994,4.236786759216235,-10.655,-20.845,-0.015,23.386564,0.08439287,0.4021834
0 days 00:00:04.220000,0.00023585530432355804,0.40417200000000003,-0.07848000000000001,10.119996,76.72764227642276,76.72764227642276,76.72764227642276,76.72764227642276,-0.0038397243543875246,0.01815142422074103,0.0008726646259971648,61.0,2.39,0.0,2,2,50.0,4,0.095,23.405,-0.0,52.6489343,9.745983599999999,32.5,32.27,52.648926499999995,9.7459825,-0.014137166941154071,-0.017278759594743863,4.236786759216235,-10.63,-20.885,-0.06,23.401508,0.08927377,0.4056918
0 days 00:00:04.230000,0.00023585530432355804,-1.1301120000000002,-0.066708,9.880632000000002,76.70758451005563,76.70758451005563,76.70758451005563,76.70758451005563,-0.0027925268031909274,-0.008726646259971648,0.0012217304763960308,61.0,2.39,0.0,2,2,50.0,4,0.095,23.395,-0.0,52.6489343,9.745983599999999,32.5,32.27,52.6489246,9.745980999999999,-0.014137166941154071,-0.01710422666954443,4.236786759216235,-10.63,-20.885,-0.06,23.391579,0.08933393,0.40143687
0 days 00:00:04.240000,0.00023585530432355804,-0.25506,-0.10594800000000001,9.641268,76.86136071887034,76.86136071887034,76.86136071887034,76.86136071887034,0.0006981317007977319,-0.01884955592153876,0.0013962634015954637,61.0,2.39,0.0,2,2,50.0,4,0.095,23.395,-0.0,52.6489343,9.745983599999999,32.5,32.27,52.6489227,9.7459794,-0.014137166941154071,-0.016929693744344994,4.236786759216235,-10.63,-20.885,-0.06,23.391647,0.08939165,0.3973547
0 days 00:00:04.250000,0.00023585530432355804,0.49442400000000003,-0.07848000000000001,10.24164,76.92153401797175,76.92153401797175,76.92153401797175,76.92153401797175,0.0019198621771937623,0.005061454830783556,0.0,61.0,2.39,0.0,2,2,50.0,4,0.095,23.400000000000002,-0.005,52.6489343,9.745983599999999,32.5,32.27,52.6489208,9.7459778,-0.014137166941154071,-0.01710422666954443,4.236786759216235,-10.63,-20.885,-0.06,23.396492,0.089262046,0.4065211
0 days 00:00:04.260000,0.00023585530432355804,-0.7180920000000001,0.16480800000000004,9.876708000000002,76.89479032948223,76.89479032948223,76.89479032948223,76.89479032948223,-0.004014257279586958,-0.011868238913561443,0.0013962634015954637,61.0,2.39,0.0,2,2,50.0,4,0.095,23.395,-0.005,52.6489343,9.745983599999999,32.5,32.27,52.648919,9.745976299999999,-0.014137166941154071,-0.016929693744344994,4.236961292141434,-10.63,-20.885,-0.06,23.391563,0.08932097,0.40235347
0 days 00:00:04.270000,0.00023585530432355804,-0.192276,-0.149112,9.998352000000002,77.06193838254171,77.06193838254171,77.06193838254171,77.06193838254171,-0.01291543646475804,-0.01064650843716541,0.0012217304763960308,61.0,2.39,0.0,2,2,50.0,4,0.095,23.400000000000002,-0.005,52.6489249,9.745975999999999,32.46,32.26,52.6489171,9.7459747,-0.014311699866353503,-0.016929693744344994,4.236961292141434,-10.63,-20.875,-0.005,23.396563,0.08924954,0.40245366
0 days 00:00:04.280000,0.00023585530432355804,-0.223668,-0.153036,9.237096000000001,76.60060975609755,76.60060975609755,76.60060975609755,76.60060975609755,-0.012566370614359173,-0.023038346126325153,0.0013962634015954637,61.0,2.39,0.0,2,2,50.0,4,0.095,23.400000000000002,-0.0,52.6489249,9.745975999999999,32.46,32.26,52.6489152,9.745973099999999,-0.014311699866353503,-0.016580627893946133,4.236961292141434,-10.63,-20.875,-0.005,23.396784,0.08943797,0.38928875
0 days 00:00:04.290000,0.00023585530432355804,0.502272,0.231516,8.652420000000001,76.72764227642276,76.72764227642276,76.72764227642276,76.72764227642276,-0.017976891295541593,-0.00034906585039886593,0.002617993877991494,61.0,2.39,0.0,2,2,50.0,4,0.095,23.405,0.015,52.6489249,9.745975999999999,32.46,32.26,52.6489133,9.745971599999999,-0.014486232791552936,-0.016580627893946133,4.236961292141434,-10.63,-20.875,-0.005,23.40203,0.08958608,0.3743909
0 days 00:00:04.300000,0.00023585530432355804,-0.56898,0.145188,9.970884,76.41340393667095,76.41340393667095,76.41340393667095,76.41340393667095,-0.01658062789394613,0.011344640137963142,0.003316125578789226,61.0,2.39,0.0,2,2,50.0,4,0.1,23.400000000000002,0.01,52.6489249,9.745975999999999,32.46,32.26,52.6489115,9.74597,-0.014660765716752368,-0.016755160819145562,4.236961292141434,-10.63,-20.875,-0.005,23.396883,0.094388254,0.38347876
0 days 00:00:04.310000,0.00023585530432355804,-0.8436600000000001,-0.33746400000000004,9.837468000000001,76.50032092426187,76.50032092426187,76.50032092426187,76.50032092426187,-0.016406094968746697,-0.012391837689159739,0.0027925268031909274,61.0,2.39,0.0,2,2,50.0,4,0.095,23.395,0.01,52.6489249,9.745975999999999,32.46,32.26,52.648909599999996,9.745968399999999,-0.014835298641951801,-0.016580627893946133,4.236961292141434,-10.63,-20.875,-0.005,23.39195,0.08938368,0.37925515
0 days 00:00:04.320000,0.00023585530432355804,0.24721200000000002,-0.223668,11.034288,76.72764227642276,76.72764227642276,76.72764227642276,76.72764227642276,-0.016929693744344998,0.012391837689159739,-0.00017453292519943296,61.0,2.39,0.0,2,2,50.0,4,0.085,23.400000000000002,-0.01,52.6489146,9.7459682,32.61,32.25,52.648907699999995,9.745966899999999,-0.015009831567151233,-0.016755160819145562,4.237135825066634,-10.635,-20.815,0.075,23.396547,0.07895593,0.40328148
0 days 00:00:04.330000,0.00023585530432355804,-1.4950440000000003,-0.05101200000000001,10.37898,77.02850877192982,77.02850877192982,77.02850877192982,77.02850877192982,-0.013962634015954637,-0.02530727415391778,0.0006981317007977319,61.0,2.39,0.0,2,2,50.0,4,0.085,23.385,-0.015,52.6489146,9.7459682,32.61,32.25,52.648905799999994,9.7459653,-0.015009831567151233,-0.016580627893946133,4.237135825066634,-10.635,-20.815,0.075,23.381538,0.07894593,0.40394858
0 days 00:00:04.340000,0.00023585530432355804,0.223668,-0.03531600000000001,10.025820000000001,77.18228498074454,77.18228498074454,77.18228498074454,77.18228498074454,-0.007853981633974483,-0.027401669256310976,0.0005235987755982988,61.0,2.39,0.0,2,2,50.0,4,0.09,23.39,-0.015,52.6489146,9.7459682,32.61,32.25,52.648903999999995,9.745963699999999,-0.015184364492350668,-0.016231562043547264,4.237135825066634,-10.635,-20.815,0.075,23.386675,0.08399754,0.39595863
0 days 00:00:04.350000,0.00023585530432355804,1.00062,-0.21974400000000002,10.763532,77.14216944801026,77.14216944801026,77.14216944801026,77.14216944801026,-0.006283185307179587,0.014311699866353502,0.0,61.0,2.39,0.0,2,2,50.0,4,0.085,23.400000000000002,-0.025,52.6489146,9.7459682,32.61,32.25,52.6489021,9.7459621,-0.015184364492350668,-0.0164060949687467,4.237135825066634,-10.635,-20.815,0.075,23.39644,0.07878183,0.41012552
0 days 00:00:04.360000,0.00023585530432355804,-1.1418840000000001,-0.184428,9.602028,76.76775780915703,76.76775780915703,76.76775780915703,76.76775780915703,-0.007679448708775049,-0.016755160819145562,0.0017453292519943296,61.0,2.39,0.0,2,2,50.0,4,0.085,23.39,-0.025,52.6489146,9.7459682,32.61,32.25,52.6489002,9.7459606,-0.0153588974175501,-0.016231562043547264,4.237135825066634,-10.635,-20.815,0.075,23.386513,0.07877545,0.40589398
0 days 00:00:04.370000,0.00023585530432355804,0.258984,0.20012400000000002,8.660268,76.59392383397518,76.59392383397518,76.59392383397518,76.59392383397518,-0.014835298641951801,-0.005585053606381855,0.0017453292519943296,61.0,2.39,0.0,2,2,50.0,4,0.09,23.395,-0.01,52.648905299999996,9.745960199999999,32.61,32.24,52.6488983,9.745959,-0.0153588974175501,-0.016057029118347832,4.237135825066634,-10.61,-20.81,0.035,23.391825,0.08406666,0.38697353
0 days 00:00:04.380000,0.00023585530432355804,0.16480800000000004,-0.047088000000000005,10.622268,76.50032092426187,76.50032092426187,76.50032092426187,76.50032092426187,-0.013962634015954637,0.04328416544945937,0.0,62.0,2.39,0.0,2,2,50.0,4,0.09,23.395,-0.02,52.648905299999996,9.745960199999999,32.61,32.24,52.6488965,9.7459574,-0.015533430342749533,-0.016580627893946133,4.237135825066634,-10.61,-20.81,0.035,23.391453,0.08365357,0.40923202
0 days 00:00:04.390000,0.00023585530432355804,-1.871748,-0.16873200000000002,9.876708000000002,76.59392383397518,76.59392383397518,76.59392383397518,76.59392383397518,-0.008552113334772213,-0.028623399732707003,0.0012217304763960308,62.0,2.39,0.0,2,2,50.0,4,0.09,23.38,-0.02,52.648905299999996,9.745960199999999,32.61,32.24,52.6488946,9.7459559,-0.015707963267948967,-0.016231562043547264,4.237135825066634,-10.61,-20.81,0.035,23.376595,0.083714224,0.400839
0 days 00:00:04.400000,0.00023585530432355804,1.21644,0.278604,9.229248000000002,76.70758451005563,76.70758451005563,76.70758451005563,76.70758451005563,-0.014311699866353502,-0.004886921905584123,0.00034906585039886593,62.0,2.39,0.0,2,2,50.0,4,0.095,23.395,-0.015,52.648905299999996,9.745960199999999,32.61,32.24,52.6488927,9.7459543,-0.0158824961931484,-0.016231562043547264,4.237135825066634,-10.61,-20.81,0.035,23.391674,0.08871916,0.39617777
0 days 00:00:04.410000,0.00023585530432355804,-0.12164400000000002,0.062784,10.410372000000002,76.92153401797175,76.92153401797175,76.92153401797175,76.92153401797175,-0.013439035240356337,0.024783675378319478,0.0008726646259971648,62.0,2.39,0.0,2,2,50.0,4,0.095,23.395,-0.02,52.648905299999996,9.745960199999999,32.61,32.24,52.6488908,9.7459527,-0.0158824961931484,-0.0164060949687467,4.237135825066634,-10.61,-20.81,0.035,23.391523,0.08857492,0.40525854
0 days 00:00:04.420000,0.00023585530432355804,-1.8639000000000001,-0.258984,9.727596,76.95496362858366,76.95496362858366,76.95496362858366,76.95496362858366,-0.010995574287564275,-0.03717551306747922,0.0022689280275926286,62.0,2.39,0.0,2,2,50.0,4,0.1,23.37,-0.025,52.648895599999996,9.7459525,32.55,32.230000000000004,52.648889,9.7459512,-0.016057029118347832,-0.016057029118347832,4.237135825066634,-10.595,-20.86,0.035,23.366587,0.09356082,0.40178752
0 days 00:00:04.430000,0.00023585530432355804,0.8632800000000002,-0.023544000000000002,9.739368,76.99507916131792,76.99507916131792,76.99507916131792,76.99507916131792,-0.020071286397934793,-0.010821041362364843,0.0031415926535897933,62.0,2.39,0.0,2,2,50.0,4,0.1,23.38,-0.02,52.648895599999996,9.7459525,32.55,32.230000000000004,52.648887099999996,9.7459496,-0.016231562043547264,-0.0158824961931484,4.237310357991833,-10.595,-20.86,0.035,23.376732,0.09363546,0.3928862
0 days 00:00:04.440000,0.00023585530432355804,0.20012400000000002,-0.16480800000000004,10.590876000000002,76.82793110825845,76.82793110825845,76.82793110825845,76.82793110825845,-0.023038346126325153,0.013264502315156903,0.0020943951023931952,62.0,2.39,0.0,2,2,50.0,4,0.1,23.385,-0.03,52.648895599999996,9.7459525,32.55,32.230000000000004,52.648885199999995,9.745948,-0.016580627893946133,-0.016057029118347832,4.237310357991833,-10.595,-20.86,0.035,23.381502,0.09326355,0.4070759
0 days 00:00:04.450000,0.00023585530432355804,-1.2753,-0.16480800000000004,9.158616000000002,76.70758451005563,76.70758451005563,76.70758451005563,76.70758451005563,-0.021642082724729686,-0.030717794835100197,0.0031415926535897933,62.0,2.39,0.0,2,2,50.0,4,0.1,23.375,-0.025,52.648895599999996,9.7459525,32.55,32.230000000000004,52.648883299999994,9.745946499999999,-0.016755160819145562,-0.015707963267948967,4.237310357991833,-10.595,-20.86,0.035,23.371723,0.09341565,0.39377585
0 days 00:00:04.460000,0.00023585530432355804,0.9339120000000001,0.25506,8.84862,76.63403936670946,76.63403936670946,76.63403936670946,76.63403936670946,-0.017453292519943295,0.005934119456780722,0.0012217304763960308,62.0,2.39,0.0,2,2,50.0,4,0.1,23.385,-0.015,52.648895599999996,9.7459525,32.55,32.230000000000004,52.648881499999995,9.7459449,-0.016929693744344994,-0.0158824961931484,4.237310357991833,-10.595,-20.86,0.035,23.381813,0.093444444,0.3880322
0 days 00:00:04.470000,0.00023585530432355804,0.015696,0.11772,8.69166,76.21951219512195,76.21951219512195,76.21951219512195,76.21951219512195,-0.019547687622336492,0.028972465583105875,0.0036651914291880917,62.0,2.39,0.0,2,2,50.0,4,0.11,23.39,-0.0,52.6488863,9.745944,32.65,32.22,52.6488796,9.7459433,-0.01710422666954443,-0.016057029118347832,4.237310357991833,-10.58,-20.875,0.01,23.386984,0.1035606,0.37738422
0 days 00:00:04.480000,0.00023585530432355804,-0.7534080000000001,-0.153036,9.272412000000001,76.31311510483526,76.31311510483526,76.31311510483526,76.31311510483526,-0.0158824961931484,0.020420352248333655,0.0054105206811824215,62.0,2.39,0.0,2,2,50.0,4,0.105,23.38,0.005,52.6488863,9.745944,32.65,32.22,52.6488777,9.745941799999999,-0.017278759594743863,-0.0164060949687467,4.237484890917033,-10.58,-20.875,0.01,23.376934,0.098443635,0.3803156
0 days 00:00:04.490000,0.00023585530432355804,0.027468000000000003,-0.251136,9.86886,76.50700684638424,76.50700684638424,76.50700684638424,76.50700684638424,-0.009773843811168246,0.027052603405912107,0.005235987755982988,62.0,2.39,0.0,2,2,50.0,4,0.105,23.385,0.005,52.6488863,9.745944,32.65,32.22,52.6488758,9.7459402,-0.017453292519943295,-0.016580627893946133,4.237484890917033,-10.58,-20.875,0.01,23.381868,0.09830461,0.3844951
0 days 00:00:04.500000,0.00023585530432355804,-0.15696000000000002,-0.192276,10.661508,76.95496362858366,76.95496362858366,76.95496362858366,76.95496362858366,-0.006283185307179587,0.04782202150464464,0.003490658503988659,62.0,2.39,0.0,2,2,50.0,4,0.105,23.385,-0.005,52.6488863,9.745944,32.65,32.22,52.648874,9.745938599999999,-0.017453292519943295,-0.01710422666954443,4.237484890917033,-10.58,-20.875,0.01,23.381495,0.09791645,0.40673298
0 days 00:00:04.510000,0.00023585530432355804,-1.342008,-0.5415120000000001,10.508472000000001,77.10873983739837,77.10873983739837,77.10873983739837,77.10873983739837,-0.008028514559173916,0.016406094968746697,0.0013962634015954637,62.0,2.39,0.0,2,2,50.0,4,0.1,23.37,-0.01,52.6488863,9.745944,32.65,32.22,52.6488721,9.745937099999999,-0.017627825445142728,-0.017278759594743863,4.237484890917033,-10.58,-20.875,0.01,23.366339,0.09269074,0.41548142
0 days 00:00:04.520000,0.00023585530432355804,-0.023544000000000002,-0.290376,9.272412000000001,77.14885537013264,77.14885537013264,77.14885537013264,77.14885537013264,-0.011519173063162576,-0.0022689280275926286,0.00017453292519943296,62.0,2.39,0.0,2,2,50.0,4,0.095,23.37,-0.015,52.6488769,9.7459362,32.68,32.21,52.6488702,9.7459355,-0.017627825445142728,-0.01710422666954443,4.237484890917033,-10.615,-20.815,0.115,23.366325,0.08767529,0.41631424
0 days 00:00:04.530000,0.00023585530432355804,1.0516320000000001,0.3924,9.001656,76.72764227642276,76.72764227642276,76.72764227642276,76.72764227642276,-0.02129301687433082,0.040491638646268445,0.0,62.0,2.39,0.0,2,2,50.0,4,0.1,23.385,-0.01,52.6488769,9.7459362,32.68,32.21,52.6488683,9.745933899999999,-0.01780235837034216,-0.017627825445142728,4.237484890917033,-10.615,-20.815,0.115,23.381191,0.09246833,0.42391708
0 days 00:00:04.540000,0.00023585530432355804,-0.8161920000000001,0.37278,8.16192,76.41340393667095,76.41340393667095,76.41340393667095,76.41340393667095,-0.01815142422074103,0.024783675378319478,0.003316125578789226,62.0,2.39,0.0,2,2,50.0,4,0.1,23.375,0.01,52.6488769,9.7459362,32.68,32.21,52.6488665,9.7459324,-0.017976891295541596,-0.01780235837034216,4.237659423842232,-10.615,-20.815,0.115,23.371473,0.09268364,0.40784168
0 days 00:00:04.550000,0.00023585530432355804,0.46695600000000004,-0.074556,8.522928,76.25294180573384,76.25294180573384,76.25294180573384,76.25294180573384,-0.018675022996339326,0.049043751981040655,0.005061454830783556,62.0,2.39,0.0,2,2,50.0,4,0.1,23.38,0.02,52.6488769,9.7459362,32.68,32.21,52.648864599999996,9.7459308,-0.01815142422074103,-0.01832595714594046,4.237659423842232,-10.615,-20.815,0.115,23.37644,0.09257016,0.410188
0 days 00:00:04.560000,0.00023585530432355804,-0.18835200000000002,-0.149112,9.656964,76.37328840393667,76.37328840393667,76.37328840393667,76.37328840393667,-0.016231562043547268,0.07312929565856242,0.0041887902047863905,62.0,2.39,0.0,2,2,50.0,4,0.1,23.38,0.02,52.6488769,9.7459362,32.68,32.21,52.648862699999995,9.745929199999999,-0.01832595714594046,-0.019024088846738195,4.237659423842232,-10.615,-20.815,0.115,23.376148,0.09219952,0.42652112
0 days 00:00:04.570000,0.00023585530432355804,-1.3459320000000001,-0.05101200000000001,10.092528000000001,76.70758451005563,76.70758451005563,76.70758451005563,76.70758451005563,-0.01361356816555577,0.03892084231947355,0.0017453292519943296,62.0,2.39,0.0,2,2,50.0,4,0.105,23.365000000000002,0.01,52.648867499999994,9.7459283,32.68,32.21,52.648860799999994,9.7459277,-0.018500490071139894,-0.01937315469713706,4.237659423842232,-10.61,-20.88,0.03,23.36081,0.096793674,0.44449395
0 days 00:00:04.580000,0.00011792765216177902,-0.4198680000000001,-0.25506,8.891784000000001,76.99507916131792,76.99507916131792,76.99507916131792,76.99507916131792,-0.008552113334772213,0.010995574287564275,0.0006981317007977319,62.0,2.39,0.0,2,2,50.0,4,0.1,23.365000000000002,0.02,52.648867499999994,9.7459283,32.68,32.21,52.648858999999995,9.7459261,-0.018500490071139894,-0.019547687622336492,4.237659423842232,-10.61,-20.88,0.03,23.360928,0.09190407,0.43848166
0 days 00:00:04.590000,0.00011792765216177902,0.612144,-0.09417600000000001,9.782532000000002,77.08199614890886,77.08199614890886,77.08199614890886,77.08199614890886,-0.010821041362364843,0.048869219055841226,-0.0005235987755982988,62.0,2.39,0.0,2,2,50.0,4,0.1,23.37,0.02,52.648867499999994,9.7459283,32.68,32.2,52.6488571,9.7459245,-0.018675022996339326,-0.020071286397934793,4.237659423842232,-10.61,-20.88,0.03,23.365694,0.091597244,0.4508276
0 days 00:00:04.600000,0.00011792765216177902,-1.3655520000000003,-0.298224,9.237096000000001,76.95496362858366,76.95496362858366,76.95496362858366,76.95496362858366,-0.00942477796076938,-0.0041887902047863905,0.0008726646259971648,62.0,2.39,0.0,2,2,50.0,4,0.1,23.36,0.025,52.648867499999994,9.7459283,32.68,32.2,52.6488552,9.745923,-0.018675022996339326,-0.019896753472735357,4.237659423842232,-10.61,-20.88,0.03,23.355875,0.09177047,0.44155315
0 days 00:00:04.610000,0.00011792765216177902,0.258984,0.10202400000000002,8.515080000000001,76.70758451005563,76.70758451005563,76.70758451005563,76.70758451005563,-0.006283185307179587,-0.0031415926535897933,0.002967059728390361,62.0,2.39,0.0,2,2,50.0,4,0.105,23.365000000000002,0.04,52.648867499999994,9.7459283,32.68,32.2,52.6488533,9.7459214,-0.01884955592153876,-0.019896753472735357,4.237659423842232,-10.61,-20.88,0.03,23.36117,0.09697331,0.4267685
0 days 00:00:04.620000,0.00011792765216177902,0.9810000000000001,-0.10594800000000001,9.857088000000003,76.54043645699615,76.54043645699615,76.54043645699615,76.54043645699615,-0.0024434609527920616,0.04642575810304917,0.0024434609527920616,62.0,2.39,0.0,2,2,50.0,4,0.105,23.385,0.045,52.6488581,9.7459204,32.65,32.2,52.6488515,9.7459198,-0.01884955592153876,-0.020420352248333655,4.237833956767432,-10.595,-20.875,-0.105,23.381044,0.09682928,0.43440837
0 days 00:00:04.630000,0.00011792765216177902,-1.310616,-0.18835200000000002,9.174312,76.46689131364998,76.46689131364998,76.46689131364998,76.46689131364998,-0.008552113334772213,0.01291543646475804,0.0022689280275926286,62.0,2.39,0.0,2,2,50.0,4,0.1,23.37,0.055,52.6488581,9.7459204,32.65,32.2,52.6488496,9.7459183,-0.01884955592153876,-0.020594885173533087,4.237833956767432,-10.595,-20.875,-0.105,23.366179,0.091947526,0.42808923
0 days 00:00:04.640000,0.00011792765216177902,-0.17658000000000004,-0.32176800000000005,9.044820000000001,76.50032092426187,76.50032092426187,76.50032092426187,76.50032092426187,-0.005585053606381855,0.009599310885968814,0.00034906585039886593,64.0,2.39,0.0,2,2,50.0,4,0.1,23.37,0.06,52.6488581,9.7459204,32.65,32.19,52.6488477,9.7459167,-0.019024088846738195,-0.02076941809873252,4.237833956767432,-10.595,-20.875,-0.105,23.366207,0.09189032,0.4271846
0 days 00:00:04.650000,0.00011792765216177902,-0.04316400000000001,-0.090252,9.719748000000001,76.72764227642276,76.72764227642276,76.72764227642276,76.72764227642276,0.0031415926535897933,0.023736477827122886,-0.0017453292519943296,64.0,2.39,0.0,2,2,50.0,4,0.1,23.375,0.06,52.6488581,9.7459204,32.65,32.19,52.6488458,9.7459151,-0.019024088846738195,-0.020943951023931952,4.237833956767432,-10.595,-20.875,-0.105,23.37113,0.09181075,0.43136677
0 days 00:00:04.660000,0.00011792765216177902,-1.228212,-0.231516,9.919872000000002,76.95496362858366,76.95496362858366,76.95496362858366,76.95496362858366,0.01361356816555577,-0.009773843811168246,-0.0006981317007977319,65.0,2.39,0.0,2,2,50.0,4,0.1,23.365000000000002,0.06,52.6488581,9.7459204,32.65,32.19,52.648844,9.7459136,-0.01884955592153876,-0.02076941809873252,4.237833956767432,-10.595,-20.875,-0.105,23.361206,0.09196684,0.4270648
0 days 00:00:04.670000,0.00011792765216177902,0.027468000000000003,-0.29430000000000006,10.12392,77.02850877192982,77.02850877192982,77.02850877192982,77.02850877192982,0.018500490071139894,-0.014137166941154071,-0.0006981317007977319,65.0,2.39,0.0,2,2,50.0,4,0.11,23.37,0.065,52.648848799999996,9.745911999999999,32.74,32.19,52.648842099999996,9.745911999999999,-0.018675022996339326,-0.02076941809873252,4.237833956767432,-10.575000000000001,-20.85,-0.14,23.366312,0.10213104,0.42234123
0 days 00:00:04.680000,0.00011792765216177902,0.357084,-0.357084,10.669356000000002,76.99507916131792,76.99507916131792,76.99507916131792,76.99507916131792,0.016231562043547268,0.004363323129985824,-0.0010471975511965976,66.0,2.39,0.0,2,2,50.0,4,0.105,23.375,0.055,52.648848799999996,9.745911999999999,32.74,32.19,52.648840199999995,9.7459104,-0.018500490071139894,-0.02076941809873252,4.237833956767432,-10.575000000000001,-20.85,-0.14,23.371101,0.097018726,0.43233085
0 days 00:00:04.690000,0.00011792765216177902,-1.15758,-0.062784,9.645192000000002,76.86136071887034,76.86136071887034,76.86136071887034,76.86136071887034,0.015009831567151233,-0.030019663134302467,0.0013962634015954637,66.0,2.39,0.0,2,2,50.0,4,0.105,23.365000000000002,0.055,52.648848799999996,9.745911999999999,32.74,32.18,52.648838299999994,9.7459089,-0.01832595714594046,-0.020420352248333655,4.237833956767432,-10.575000000000001,-20.85,-0.14,23.361252,0.097247414,0.42395306
0 days 00:00:04.700000,0.00011792765216177902,0.45518400000000003,-0.38847600000000004,9.319500000000001,76.70758451005563,76.70758451005563,76.70758451005563,76.70758451005563,0.016755160819145562,-0.016755160819145562,0.0006981317007977319,68.0,2.39,0.0,2,2,50.0,4,0.105,23.37,0.06,52.648848799999996,9.745911999999999,32.74,32.18,52.648836499999994,9.745907299999999,-0.01815142422074103,-0.020245819323134222,4.237833956767432,-10.575000000000001,-20.85,-0.14,23.366426,0.09748431,0.41496247
0 days 00:00:04.710000,0.00011792765216177902,-0.011772000000000001,-0.20012400000000002,9.919872000000002,76.56049422336329,76.56049422336329,76.56049422336329,76.56049422336329,0.019547687622336492,0.00471238898038469,-0.00034906585039886593,68.0,2.39,0.0,2,2,50.0,4,0.105,23.37,0.06,52.648848799999996,9.745911999999999,32.74,32.18,52.6488346,9.7459057,-0.017976891295541596,-0.020420352248333655,4.237833956767432,-10.575000000000001,-20.85,-0.14,23.366352,0.09748342,0.41902307
0 days 00:00:04.720000,0.00011792765216177902,-1.0751760000000001,-0.1962,9.421524000000002,76.56049422336329,76.56049422336329,76.56049422336329,76.56049422336329,0.01902408884673819,-0.030543261909900768,0.00034906585039886593,69.0,2.39,0.0,2,2,50.0,4,0.1,23.365000000000002,0.06,52.6488394,9.745904099999999,32.75,32.18,52.6488327,9.7459042,-0.01780235837034216,-0.020071286397934793,4.237833956767432,-10.63,-20.84,-0.035,23.361498,0.09270433,0.41066158
0 days 00:00:04.730000,0.00011792765216177902,0.43948800000000005,-0.10594800000000001,10.775304,76.64072528883183,76.64072528883183,76.64072528883183,76.64072528883183,0.015184364492350668,-0.0027925268031909274,0.00034906585039886593,69.0,2.39,0.0,2,2,50.0,4,0.1,23.375,0.05,52.6488394,9.745904099999999,32.75,32.18,52.6488308,9.745902599999999,-0.017627825445142728,-0.020071286397934793,4.237833956767432,-10.63,-20.84,-0.035,23.371296,0.092596225,0.4208425
0 days 00:00:04.740000,0.00011792765216177902,-1.0320120000000002,-0.20404800000000003,11.226564000000002,76.92153401797175,76.92153401797175,76.92153401797175,76.92153401797175,0.013788101090755204,-0.02548180707911721,0.0017453292519943296,69.0,2.39,0.0,2,2,50.0,4,0.095,23.365000000000002,0.04,52.6488394,9.745904099999999,32.75,32.18,52.648829,9.745901,-0.017453292519943295,-0.019722220547535925,4.237833956767432,-10.63,-20.84,-0.035,23.361246,0.087641776,0.42238155
0 days 00:00:04.750000,0.00011792765216177902,-0.5375880000000001,-0.3413880000000001,10.174932000000002,77.02850877192982,77.02850877192982,77.02850877192982,77.02850877192982,0.01291543646475804,-0.06021385919380437,0.0031415926535897933,69.0,2.39,0.0,2,2,50.0,4,0.095,23.36,0.035,52.6488394,9.745904099999999,32.75,32.18,52.6488271,9.7458995,-0.017278759594743863,-0.019198621771937627,4.23800848969263,-10.63,-20.84,-0.035,23.356367,0.08784212,0.41503844
0 days 00:00:04.760000,0.00011792765216177902,1.126188,-0.24721200000000002,10.402524000000001,77.06193838254171,77.06193838254171,77.06193838254171,77.06193838254171,0.006283185307179587,-0.015707963267948967,0.0024434609527920616,69.0,2.39,0.0,2,2,50.0,4,0.095,23.375,0.03,52.6488394,9.745904099999999,32.75,32.17,52.6488252,9.7458979,-0.017278759594743863,-0.019024088846738195,4.23800848969263,-10.63,-20.84,-0.035,23.37134,0.087821245,0.4162462
0 days 00:00:04.770000,0.00011792765216177902,-1.161504,-0.16480800000000004,9.974808000000001,76.8413029525032,76.8413029525032,76.8413029525032,76.8413029525032,0.00471238898038469,-0.03508111796508603,0.003316125578789226,69.0,2.39,0.0,2,2,50.0,4,0.075,23.365000000000002,0.025,52.6488301,9.7458963,32.75,32.17,52.6488233,9.7458963,-0.01710422666954443,-0.018675022996339326,4.23800848969263,-10.66,-20.745,-0.005,23.361393,0.06795405,0.4125435
0 days 00:00:04.780000,0.00011792765216177902,-0.302148,-0.302148,9.476460000000001,76.70758451005563,76.70758451005563,76.70758451005563,76.70758451005563,0.0036651914291880917,-0.05044001538263612,0.0031415926535897933,69.0,2.39,0.0,2,2,50.0,4,0.07,23.365000000000002,0.03,52.6488301,9.7458963,32.75,32.17,52.6488215,9.7458947,-0.016929693744344994,-0.01815142422074103,4.23800848969263,-10.66,-20.745,-0.005,23.361694,0.06331847,0.39521825
0 days 00:00:04.790000,0.00011792765216177902,0.769104,-0.21974400000000002,10.904796000000003,76.56049422336329,76.56049422336329,76.56049422336329,76.56049422336329,-0.0008726646259971648,-0.0041887902047863905,0.0015707963267948967,69.0,2.39,0.0,2,2,50.0,4,0.07,23.375,0.02,52.6488301,9.7458963,32.75,32.17,52.648819599999996,9.7458932,-0.016929693744344994,-0.01815142422074103,4.23800848969263,-10.66,-20.745,-0.005,23.371511,0.06314614,0.40539667
0 days 00:00:04.800000,0.00011792765216177902,-1.5264360000000001,-0.12164400000000002,10.210248,76.56049422336329,76.56049422336329,76.56049422336329,76.56049422336329,-0.005585053606381855,-0.0466002910282486,0.0036651914291880917,69.0,2.39,0.0,2,2,50.0,4,0.07,23.36,0.015,52.6488301,9.7458963,32.75,32.17,52.648817699999995,9.7458916,-0.01710422666954443,-0.017627825445142728,4.2381830226178305,-10.66,-20.745,-0.005,23.356636,0.0632037,0.39790624
0 days 00:00:04.810000,0.00011792765216177902,0.3413880000000001,-0.17265600000000003,10.131768,76.67415489944372,76.67415489944372,76.67415489944372,76.67415489944372,-0.003490658503988659,-0.04066617157146788,0.0038397243543875246,69.0,2.39,0.0,2,2,50.0,4,0.07,23.365000000000002,0.01,52.6488301,9.7458963,32.75,32.17,52.648815799999994,9.74589,-0.01710422666954443,-0.017278759594743863,4.2381830226178305,-10.66,-20.745,-0.005,23.361687,0.06325616,0.39483923
0 days 00:00:04.820000,0.00011792765216177902,0.502272,-0.12164400000000002,11.085300000000002,76.85467479674796,76.85467479674796,76.85467479674796,76.85467479674796,-0.0017453292519943296,-0.0024434609527920616,0.003316125578789226,70.0,2.39,0.0,2,2,50.0,4,0.06,23.375,-0.005,52.6488205,9.7458885,32.7,32.160000000000004,52.648813999999994,9.7458885,-0.016929693744344994,-0.017278759594743863,4.2381830226178305,-10.63,-20.77,0.055,23.371426,0.053069685,0.40982726
0 days 00:00:04.830000,0.00011792765216177902,-1.4361840000000001,-0.40417200000000003,10.433916000000002,76.97502139495079,76.97502139495079,76.97502139495079,76.97502139495079,0.0,-0.04590215932745086,0.0036651914291880917,70.0,2.39,0.0,2,2,50.0,4,0.055,23.365000000000002,-0.01,52.6488205,9.7458885,32.7,32.160000000000004,52.6488121,9.7458869,-0.016929693744344994,-0.016755160819145562,4.23835755554303,-10.63,-20.77,0.055,23.361551,0.048195772,0.40233812
0 days 00:00:04.840000,0.00011792765216177902,0.32176800000000005,-0.180504,10.088604,76.95496362858366,76.95496362858366,76.95496362858366,76.95496362858366,-0.006981317007977318,-0.03577924966588375,0.002617993877991494,70.0,2.39,0.0,2,2,50.0,4,0.055,23.37,-0.015,52.6488205,9.7458885,32.7,32.160000000000004,52.6488102,9.7458853,-0.01710422666954443,-0.0164060949687467,4.23835755554303,-10.63,-20.77,0.055,23.36661,0.048178114,0.39927366
0 days 00:00:04.850000,0.00011792765216177902,0.20797200000000002,0.023544000000000002,10.955808000000001,76.80787334189132,76.80787334189132,76.80787334189132,76.80787334189132,-0.011693705988362009,-0.004537856055185257,0.0017453292519943296,70.0,2.39,0.0,2,2,50.0,4,0.055,23.37,-0.025,52.6488205,9.7458885,32.7,32.160000000000004,52.6488083,9.7458838,-0.01710422666954443,-0.0164060949687467,4.23835755554303,-10.63,-20.77,0.055,23.366446,0.048007105,0.40927085
0 days 00:00:04.860000,0.00011792765216177902,-1.228212,-0.090252,9.586332,76.60060975609755,76.60060975609755,76.60060975609755,76.60060975609755,-0.012566370614359173,-0.04747295565424577,0.0036651914291880917,70.0,2.39,0.0,2,2,50.0,4,0.055,23.36,-0.025,52.6488205,9.7458885,32.7,32.160000000000004,52.6488065,9.745882199999999,-0.017278759594743863,-0.0158824961931484,4.23835755554303,-10.63,-20.77,0.055,23.356657,0.048149806,0.39688754
0 days 00:00:04.870000,0.00011792765216177902,0.94176,0.015696,9.857088000000003,76.56049422336329,76.56049422336329,76.56049422336329,76.56049422336329,-0.008552113334772213,-0.012566370614359173,0.003490658503988659,70.0,2.39,0.0,2,2,50.0,4,0.055,23.375,-0.02,52.648811099999996,9.7458809,32.67,32.15,52.6488046,9.7458806,-0.017278759594743863,-0.0158824961931484,4.23835755554303,-10.6,-20.795,0.035,23.371733,0.04823207,0.3921271
0 days 00:00:04.880000,0.00011792765216177902,-0.10594800000000001,-0.145188,10.543788000000001,76.56049422336329,76.56049422336329,76.56049422336329,76.56049422336329,-0.0031415926535897933,0.006806784082777885,0.003490658503988659,70.0,2.39,0.0,2,2,50.0,4,0.055,23.375,-0.03,52.648811099999996,9.7458809,32.67,32.15,52.6488027,9.745879,-0.017453292519943295,-0.0158824961931484,4.238532088468229,-10.6,-20.795,0.035,23.371574,0.047989123,0.40213278
0 days 00:00:04.890000,0.00011792765216177902,-1.1222640000000002,-0.125568,9.656964,76.6206675224647,76.6206675224647,76.6206675224647,76.6206675224647,0.0005235987755982988,-0.0291469985083053,0.0041887902047863905,70.0,2.39,0.0,2,2,50.0,4,0.055,23.365000000000002,-0.03,52.648811099999996,9.7458809,32.67,32.160000000000004,52.6488008,9.745877499999999,-0.017453292519943295,-0.015707963267948967,4.238532088468229,-10.6,-20.795,0.035,23.361647,0.04806306,0.39789718
0 days 00:00:04.900000,0.00011792765216177902,0.7337880000000001,-0.10202400000000002,10.335816000000001,76.76775780915703,76.76775780915703,76.76775780915703,76.76775780915703,0.0010471975511965976,0.006283185307179587,0.002617993877991494,70.0,2.39,0.0,2,2,50.0,4,0.055,23.375,-0.035,52.648811099999996,9.7458809,32.67,32.160000000000004,52.648799,9.7458759,-0.017453292519943295,-0.015707963267948967,4.238532088468229,-10.6,-20.795,0.035,23.371567,0.047973067,0.40305287
0 days 00:00:04.910000,0.00011792765216177902,-0.5886000000000001,-0.09417600000000001,10.418220000000002,76.8413029525032,76.8413029525032,76.8413029525032,76.8413029525032,0.0015707963267948967,0.0020943951023931952,0.002617993877991494,70.0,2.39,0.0,2,2,50.0,4,0.055,23.37,-0.04,52.648811099999996,9.7458809,32.67,32.160000000000004,52.648797099999996,9.745874299999999,-0.017278759594743863,-0.015707963267948967,4.238532088468229,-10.6,-20.795,0.035,23.36649,0.04795839,0.4079646
0 days 00:00:04.920000,0.00011792765216177902,-0.49050000000000005,-0.153036,9.394056,76.78781557552418,76.78781557552418,76.78781557552418,76.78781557552418,-0.00034906585039886593,-0.021118483949131385,0.0031415926535897933,70.0,2.39,0.0,2,2,50.0,4,0.08,23.355,-0.025,52.648801999999996,9.745873099999999,32.61,32.15,52.648795199999995,9.7458727,-0.017627825445142728,-0.0153588974175501,4.238532088468229,-10.515,-20.830000000000002,-0.095,23.351862,0.0732243,0.38504055
0 days 00:00:04.930000,0.00011792765216177902,0.80442,-0.09417600000000001,10.194552000000002,76.76107188703466,76.76107188703466,76.76107188703466,76.76107188703466,-0.00034906585039886593,0.019547687622336492,0.0020943951023931952,70.0,2.39,0.0,2,2,50.0,4,0.08,23.365000000000002,-0.03,52.648801999999996,9.745873099999999,32.61,32.15,52.648793399999995,9.7458712,-0.017627825445142728,-0.015533430342749533,4.238706621393429,-10.515,-20.830000000000002,-0.095,23.361715,0.07306159,0.39426947
0 days 00:00:04.940000,0.00011792765216177902,-0.9103680000000001,-0.07063200000000001,9.888480000000001,76.63403936670946,76.63403936670946,76.63403936670946,76.63403936670946,0.0008726646259971648,0.00471238898038469,0.003316125578789226,70.0,2.39,0.0,2,2,50.0,4,0.08,23.355,-0.03,52.648801999999996,9.745873099999999,32.61,32.15,52.648791499999994,9.745869599999999,-0.017627825445142728,-0.015707963267948967,4.238706621393429,-10.515,-20.830000000000002,-0.095,23.351646,0.07299249,0.3981892
0 days 00:00:04.950000,0.00011792765216177902,-0.290376,-0.23544,9.547092000000001,76.6206675224647,76.6206675224647,76.6206675224647,76.6206675224647,0.0054105206811824215,-0.004363323129985824,0.0027925268031909274,70.0,2.39,0.0,2,2,50.0,4,0.08,23.355,-0.025,52.648801999999996,9.745873099999999,32.61,32.15,52.6487896,9.7458681,-0.017627825445142728,-0.015533430342749533,4.238706621393429,-10.515,-20.830000000000002,-0.095,23.351793,0.07315245,0.38911554
0 days 00:00:04.960000,0.00011792765216177902,0.5650560000000001,-0.16088400000000003,9.704052,76.48026315789473,76.48026315789473,76.48026315789473,76.48026315789473,0.0031415926535897933,0.024085543677521748,0.0013962634015954637,70.0,2.39,0.0,2,2,50.0,4,0.08,23.365000000000002,-0.025,52.648801999999996,9.745873099999999,32.61,32.15,52.6487877,9.7458665,-0.017453292519943295,-0.0158824961931484,4.238706621393429,-10.515,-20.830000000000002,-0.095,23.361656,0.07307534,0.39741164
0 days 00:00:04.970000,0.00011792765216177902,-0.5768280000000001,-0.03531600000000001,9.429372,76.50700684638424,76.50700684638424,76.50700684638424,76.50700684638424,0.0010471975511965976,0.012740903539558606,0.0015707963267948967,70.0,2.39,0.0,2,2,50.0,4,0.095,23.355,-0.01,52.648792699999994,9.7458654,32.61,32.14,52.6487859,9.745864899999999,-0.017627825445142728,-0.0158824961931484,4.238706621393429,-10.540000000000001,-20.87,-0.1,23.351896,0.08827081,0.3825342
0 days 00:00:04.980000,0.00011792765216177902,-0.16480800000000004,0.07063200000000001,9.425448000000001,76.60060975609755,76.60060975609755,76.60060975609755,76.60060975609755,0.002617993877991494,0.013788101090755204,0.0019198621771937623,70.0,2.39,0.0,2,2,50.0,4,0.095,23.355,-0.005,52.648792699999994,9.7458654,32.61,32.14,52.648784,9.7458634,-0.017627825445142728,-0.016057029118347832,4.238706621393429,-10.540000000000001,-20.87,-0.1,23.351908,0.08828709,0.3816107
0 days 00:00:04.990000,0.00011792765216177902,0.11772,-0.09417600000000001,9.86886,76.78112965340179,76.78112965340179,76.78112965340179,76.78112965340179,0.006806784082777885,0.030194196059501903,0.0017453292519943296,70.0,2.39,0.0,2,2,50.0,4,0.095,23.36,-0.005,52.648792699999994,9.7458654,32.61,32.14,52.6487821,9.7458618,-0.017627825445142728,-0.0164060949687467,4.238706621393429,-10.540000000000001,-20.87,-0.1,23.356775,0.08814196,0.38984275
0 days 00:00:05,0.00011792765216177902,-0.447336,-0.09417600000000001,9.633420000000001,76.82793110825845,76.82793110825845,76.82793110825845,76.82793110825845,0.006108652381980153,0.022863813201125717,0.0022689280275926286,70.0,2.39,0.0,2,2,50.0,4,0.095,23.355,-0.005,52.648792699999994,9.7458654,32.61,32.14,52.6487802,9.7458602,-0.017453292519943295,-0.016580627893946133,4.238706621393429,-10.540000000000001,-20.87,-0.1,23.351707,0.08814031,0.39382038
0 days 00:00:05.010000,0.00011792765216177902,-0.13734000000000002,-0.18835200000000002,9.456840000000001,76.80787334189132,76.80787334189132,76.80787334189132,76.80787334189132,0.004537856055185257,0.020594885173533087,0.0020943951023931952,70.0,2.39,0.0,2,2,50.0,4,0.095,23.355,-0.0,52.648792699999994,9.7458654,32.61,32.14,52.6487784,9.7458587,-0.017453292519943295,-0.016755160819145562,4.238881154318628,-10.540000000000001,-20.87,-0.1,23.35172,0.08815643,0.39289683
0 days 00:00:05.020000,0.0,-0.039240000000000004,0.066708,9.272412000000001,76.56049422336329,76.56049422336329,76.56049422336329,76.56049422336329,0.0015707963267948967,0.024434609527920613,0.0024434609527920616,70.0,2.39,0.0,2,2,50.0,4,0.105,23.355,0.015,52.6487835,9.7458575,32.63,32.13,52.6487765,9.7458571,-0.017453292519943295,-0.01710422666954443,4.238881154318628,-10.56,-20.87,-0.125,23.351841,0.098274395,0.3862259
0 days 00:00:05.030000,0.0,-0.231516,-0.11772,9.633420000000001,76.50700684638424,76.50700684638424,76.50700684638424,76.50700684638424,0.003490658503988659,0.02722713633111154,0.0017453292519943296,70.0,2.39,0.0,2,2,50.0,4,0.105,23.355,0.015,52.6487835,9.7458575,32.63,32.13,52.648774599999996,9.7458555,-0.017453292519943295,-0.017278759594743863,4.238881154318628,-10.56,-20.87,-0.125,23.351772,0.098203264,0.39030087
0 days 00:00:05.040000,0.0,-0.45518400000000003,-0.25506,9.311652,76.48026315789473,76.48026315789473,76.48026315789473,76.48026315789473,0.0041887902047863905,0.01832595714594046,0.0022689280275926286,70.0,2.39,0.0,2,2,50.0,4,0.1,23.355,0.02,52.6487835,9.7458575,32.63,32.13,52.648772699999995,9.745854,-0.017453292519943295,-0.017627825445142728,4.238881154318628,-10.56,-20.87,-0.125,23.351723,0.09314902,0.39336526
0 days 00:00:05.050000,0.0,0.062784,-0.011772000000000001,9.452916,76.48694908001711,76.48694908001711,76.48694908001711,76.48694908001711,0.0022689280275926286,0.02530727415391778,0.0015707963267948967,70.0,2.39,0.0,2,2,50.0,4,0.105,23.355,0.025,52.6487835,9.7458575,32.63,32.13,52.648770899999995,9.7458524,-0.017453292519943295,-0.01780235837034216,4.238881154318628,-10.56,-20.87,-0.125,23.351744,0.09816437,0.39252907
0 days 00:00:05.060000,0.0,-0.30999600000000005,-0.10987200000000001,9.696204000000002,76.63403936670946,76.63403936670946,76.63403936670946,76.63403936670946,0.004014257279586958,0.022863813201125717,0.0012217304763960308,70.0,2.39,0.0,2,2,50.0,4,0.105,23.355,0.025,52.6487835,9.7458575,32.63,32.13,52.648768999999994,9.745850899999999,-0.017278759594743863,-0.017976891295541596,4.238881154318628,-10.56,-20.87,-0.125,23.351675,0.098162465,0.39658698
0 days 00:00:05.070000,0.0,-0.306072,-0.17658000000000004,9.468612,76.78112965340179,76.78112965340179,76.78112965340179,76.78112965340179,0.004014257279586958,0.014660765716752367,0.0013962634015954637,70.0,2.39,0.0,2,2,50.0,4,0.095,23.365000000000002,0.02,52.6487749,9.745847999999999,32.92,32.13,52.6487671,9.7458493,-0.017278759594743863,-0.01832595714594046,4.238881154318628,-10.620000000000001,-20.895,0.035,23.361443,0.08793358,0.40974584
0 days 00:00:05.080000,0.0,0.027468000000000003,-0.066708,9.5157,76.82793110825845,76.82793110825845,76.82793110825845,76.82793110825845,0.0010471975511965976,0.022689280275926284,0.0010471975511965976,70.0,2.39,0.0,2,2,50.0,4,0.095,23.365000000000002,0.025,52.6487749,9.745847999999999,32.92,32.13,52.6487653,9.745847699999999,-0.017278759594743863,-0.018500490071139894,4.239055687243828,-10.620000000000001,-20.895,0.035,23.361464,0.08794951,0.40882418
0 days 00:00:05.090000,0.0,-0.368856,-0.16480800000000004,9.554940000000002,76.8413029525032,76.8413029525032,76.8413029525032,76.8413029525032,-0.0015707963267948967,0.01658062789394613,0.0005235987755982988,70.0,2.39,0.29999999999999893,2,2,50.0,4,0.095,23.365000000000002,0.03,52.6487749,9.745847999999999,32.92,32.13,52.6487634,9.7458461,-0.017278759594743863,-0.018675022996339326,4.239055687243828,-10.620000000000001,-20.895,0.035,23.361486,0.08796544,0.40790254
0 days 00:00:05.100000,0.0,-0.3296160000000001,0.023544000000000002,9.323424000000001,76.63403936670946,76.63403936670946,76.63403936670946,76.63403936670946,-0.003316125578789226,0.005759586531581288,0.0015707963267948967,70.0,2.39,0.5999999999999979,2,2,50.0,4,0.095,23.365000000000002,0.03,52.6487749,9.745847999999999,32.92,32.13,52.6487615,9.7458446,-0.017278759594743863,-0.018675022996339326,4.239055687243828,-10.620000000000001,-20.895,0.035,23.361486,0.08796544,0.40790254
0 days 00:00:05.110000,0.0,0.10202400000000002,-0.11379600000000001,9.872784,76.54043645699615,76.54043645699615,76.54043645699615,76.54043645699615,-0.002617993877991494,0.018675022996339326,0.00017453292519943296,70.0,2.39,0.5999999999999979,2,2,50.0,4,0.095,23.365000000000002,0.03,52.6487749,9.745847999999999,32.92,32.13,52.6487596,9.745842999999999,-0.017278759594743863,-0.01884955592153876,4.239055687243828,-10.620000000000001,-20.895,0.035,23.361414,0.08789499,0.41197926
0 days 00:00:05.120000,0.0,-0.7337880000000001,-0.13734000000000002,9.531396,76.50032092426187,76.50032092426187,76.50032092426187,76.50032092426187,-0.0013962634015954637,-0.0010471975511965976,0.00017453292519943296,71.0,2.39,0.5999999999999979,2,2,50.0,4,0.08,23.36,0.025,52.6487646,9.7458402,33.07,32.13,52.6487578,9.7458414,-0.01710422666954443,-0.01884955592153876,4.239055687243828,-10.635,-20.785,0.06,23.356323,0.072885185,0.41661155
0 days 00:00:05.130000,0.0,-0.10202400000000002,-0.039240000000000004,9.382284,76.56049422336329,76.56049422336329,76.56049422336329,76.56049422336329,-0.0020943951023931952,-0.0024434609527920616,0.0008726646259971648,71.0,2.39,0.5999999999999979,2,2,50.0,4,0.08,23.36,0.03,52.6487646,9.7458402,33.07,32.13,52.6487559,9.7458399,-0.01710422666954443,-0.01884955592153876,4.239055687243828,-10.635,-20.785,0.06,23.356417,0.07297069,0.41161317
0 days 00:00:05.140000,0.0,-0.027468000000000003,-0.062784,9.786456000000001,76.66746897732135,76.66746897732135,76.66746897732135,76.66746897732135,-0.00017453292519943296,0.006108652381980153,0.00034906585039886593,71.0,2.39,0.5999999999999979,2,2,50.0,4,0.08,23.36,0.03,52.6487646,9.7458402,33.07,32.13,52.648754,9.745838299999999,-0.01710422666954443,-0.01884955592153876,4.239055687243828,-10.635,-20.785,0.06,23.356417,0.07297069,0.41161317
0 days 00:00:05.150000,0.0,-0.60822,-0.066708,9.617724,76.8413029525032,76.8413029525032,76.8413029525032,76.8413029525032,0.0013962634015954637,-0.009773843811168246,0.0006981317007977319,71.0,2.39,0.5999999999999979,2,2,50.0,4,0.08,23.355,0.03,52.6487646,9.7458402,33.07,32.13,52.648752099999996,9.7458367,-0.01710422666954443,-0.01884955592153876,4.239055687243828,-10.635,-20.785,0.06,23.351416,0.072972305,0.4115189
0 days 00:00:05.160000,0.0,0.066708,-0.145188,9.84924,76.85467479674796,76.85467479674796,76.85467479674796,76.85467479674796,0.0013962634015954637,-0.003316125578789226,0.0010471975511965976,71.0,2.39,0.5999999999999979,2,2,50.0,4,0.08,23.36,0.03,52.6487646,9.7458402,33.07,32.13,52.648750299999996,9.7458352,-0.01710422666954443,-0.01884955592153876,4.239055687243828,-10.635,-20.785,0.06,23.356417,0.07297069,0.41161317
0 days 00:00:05.170000,0.0,-0.0981,-0.14126400000000003,10.061136000000001,76.8413029525032,76.8413029525032,76.8413029525032,76.8413029525032,-0.0012217304763960308,0.0017453292519943296,0.0008726646259971648,71.0,2.39,0.5999999999999979,2,2,50.0,4,0.085,23.36,0.03,52.6487552,9.7458324,33.06,32.13,52.648748399999995,9.7458336,-0.01710422666954443,-0.01884955592153876,4.239055687243828,-10.575000000000001,-20.835,-0.055,23.356417,0.07796996,0.41169867
0 days 00:00:05.180000,0.0,-0.6199920000000001,-0.21582000000000004,9.994428000000003,76.76775780915703,76.76775780915703,76.76775780915703,76.76775780915703,-0.00017453292519943296,-0.01361356816555577,0.0008726646259971648,71.0,2.39,0.5999999999999979,2,2,50.0,4,0.08,23.355,0.03,52.6487552,9.7458324,33.06,32.13,52.648746499999994,9.745832,-0.01710422666954443,-0.018675022996339326,4.239055687243828,-10.575000000000001,-20.835,-0.055,23.351488,0.073042005,0.40744394
0 days 00:00:05.190000,0.0,-0.09417600000000001,-0.22759200000000002,9.892404,76.64072528883183,76.64072528883183,76.64072528883183,76.64072528883183,0.0010471975511965976,-0.014311699866353502,0.00017453292519943296,71.0,2.39,0.4499999999999975,2,2,50.0,4,0.08,23.36,0.03,52.6487552,9.7458324,33.06,32.13,52.6487446,9.7458304,-0.01710422666954443,-0.018500490071139894,4.239055687243828,-10.575000000000001,-20.835,-0.055,23.356558,0.07311014,0.4034614
0 days 00:00:05.200000,0.0,-0.153036,-0.07848000000000001,10.017972000000002,76.60060975609755,76.60060975609755,76.60060975609755,76.60060975609755,-0.0015707963267948967,-0.009075712110370514,-0.00034906585039886593,72.0,2.39,0.29999999999999716,2,2,50.0,4,0.08,23.36,0.025,52.6487552,9.7458324,33.06,32.13,52.6487428,9.7458289,-0.01710422666954443,-0.018500490071139894,4.239055687243828,-10.575000000000001,-20.835,-0.055,23.356464,0.07302464,0.40845978
0 days 00:00:05.210000,0.0,-0.6003720000000001,-0.15696000000000002,9.711900000000002,76.50700684638424,76.50700684638424,76.50700684638424,76.50700684638424,-0.00471238898038469,-0.02600540585471551,0.00034906585039886593,72.0,2.39,0.29999999999999716,2,2,50.0,4,0.08,23.355,0.03,52.6487552,9.7458324,33.06,32.13,52.6487409,9.7458273,-0.01710422666954443,-0.01815142422074103,4.239055687243828,-10.575000000000001,-20.835,-0.055,23.351696,0.07325113,0.39521888
0 days 00:00:05.220000,0.0,0.07063200000000001,0.03531600000000001,9.527472000000001,76.63403936670946,76.63403936670946,76.63403936670946,76.63403936670946,-0.004014257279586958,-0.021118483949131385,0.0005235987755982988,72.0,2.39,0.29999999999999716,2,2,50.0,4,0.085,23.36,0.035,52.6487464,9.7458244,33.13,32.13,52.648739,9.7458257,-0.017278759594743863,-0.017976891295541596,4.239055687243828,-10.565,-20.825,-0.085,23.356855,0.07833665,0.38633442
0 days 00:00:05.230000,0.0,-0.039240000000000004,-0.027468000000000003,9.912024,76.78112965340179,76.78112965340179,76.78112965340179,76.78112965340179,0.0,-0.008377580409572781,0.0008726646259971648,72.0,2.39,0.4499999999999975,2,2,50.0,4,0.085,23.36,0.035,52.6487464,9.7458244,33.13,32.13,52.6487371,9.7458242,-0.017278759594743863,-0.017976891295541596,4.239230220169027,-10.565,-20.825,-0.085,23.356855,0.07833665,0.38633442
0 days 00:00:05.240000,0.0,-0.6670800000000001,-0.20012400000000002,9.888480000000001,76.89479032948223,76.89479032948223,76.89479032948223,76.89479032948223,0.00471238898038469,-0.023038346126325153,0.0017453292519943296,72.0,2.39,0.5999999999999979,2,2,50.0,4,0.085,23.355,0.035,52.6487464,9.7458244,33.13,32.12,52.6487353,9.7458226,-0.01710422666954443,-0.01780235837034216,4.239230220169027,-10.565,-20.825,-0.085,23.351923,0.07847533,0.38215572
0 days 00:00:05.250000,0.0,0.180504,-0.22759200000000002,10.092528000000001,76.89479032948223,76.89479032948223,76.89479032948223,76.89479032948223,0.006108652381980153,-0.015707963267948967,0.0008726646259971648,72.0,2.39,0.5999999999999979,2,2,50.0,4,0.08,23.36,0.035,52.6487464,9.7458244,33.13,32.12,52.6487334,9.745821,-0.01710422666954443,-0.017627825445142728,4.239230220169027,-10.565,-20.825,-0.085,23.356987,0.07354425,0.37808332
0 days 00:00:05.260000,0.0,-0.066708,-0.20404800000000003,10.583028,76.76775780915703,76.76775780915703,76.76775780915703,76.76775780915703,0.005585053606381855,-0.008377580409572781,0.0005235987755982988,72.0,2.39,0.5999999999999979,2,2,50.0,4,0.08,23.36,0.025,52.6487464,9.7458244,33.13,32.12,52.6487315,9.7458195,-0.01710422666954443,-0.017453292519943295,4.239230220169027,-10.565,-20.825,-0.085,23.35688,0.073442966,0.38400432
0 days 00:00:05.270000,0.0,-0.7534080000000001,-0.20797200000000002,9.923796000000001,76.59392383397518,76.59392383397518,76.59392383397518,76.59392383397518,0.0013962634015954637,-0.02949606435870417,0.0010471975511965976,72.0,2.39,0.8999999999999986,2,2,50.0,4,0.08,23.355,0.025,52.648737,9.7458169,33.08,32.12,52.6487297,9.745817899999999,-0.016929693744344994,-0.017278759594743863,4.239230220169027,-10.575000000000001,-20.830000000000002,-0.055,23.351944,0.07358046,0.37982914
0 days 00:00:05.280000,0.0,-0.047088000000000005,-0.13734000000000002,10.22202,76.60060975609755,76.60060975609755,76.60060975609755,76.60060975609755,0.0024434609527920616,-0.021467549799530253,0.0010471975511965976,72.0,2.39,1.1999999999999993,2,2,50.0,4,0.08,23.36,0.02,52.648737,9.7458169,33.08,32.12,52.648727799999996,9.7458163,-0.016929693744344994,-0.016929693744344994,4.239230220169027,-10.575000000000001,-20.830000000000002,-0.055,23.356993,0.07363239,0.37676215
0 days 00:00:05.290000,0.0,-0.30999600000000005,-0.18835200000000002,10.312272000000002,76.59392383397518,76.59392383397518,76.59392383397518,76.59392383397518,0.00017453292519943296,-0.018500490071139894,0.0010471975511965976,70.0,2.39,1.3499999999999996,2,2,50.0,4,0.08,23.355,0.015,52.648737,9.7458169,33.08,32.12,52.648725899999995,9.7458148,-0.016929693744344994,-0.016755160819145562,4.239230220169027,-10.575000000000001,-20.830000000000002,-0.055,23.351973,0.07361819,0.3776009
0 days 00:00:05.300000,0.0,-0.45126,-0.17265600000000003,9.84924,76.66746897732135,76.66746897732135,76.66746897732135,76.66746897732135,0.0,-0.032637657012293965,0.0010471975511965976,67.0,2.39,1.5,2,2,50.0,4,0.08,23.355,0.015,52.648737,9.7458169,33.08,32.12,52.648723999999994,9.745813199999999,-0.016929693744344994,-0.0164060949687467,4.239230220169027,-10.575000000000001,-20.830000000000002,-0.055,23.352102,0.07375618,0.36945072
0 days 00:00:05.310000,0.0,0.28252800000000006,-0.09417600000000001,9.782532000000002,76.78112965340179,76.78112965340179,76.78112965340179,76.78112965340179,0.0008726646259971648,-0.015707963267948967,0.0006981317007977319,64.0,2.39,1.6499999999999986,2,2,50.0,4,0.08,23.36,0.015,52.648737,9.7458169,33.08,32.12,52.648722199999995,9.7458116,-0.016929693744344994,-0.0164060949687467,4.239230220169027,-10.575000000000001,-20.830000000000002,-0.055,23.357103,0.073754795,0.36953273
0 days 00:00:05.320000,0.0,-0.184428,-0.16480800000000004,9.94734,76.82793110825845,76.82793110825845,76.82793110825845,76.82793110825845,0.0019198621771937623,-0.009075712110370514,0.00034906585039886593,62.0,2.39,1.7999999999999972,2,2,50.0,4,0.075,23.36,0.01,52.6487274,9.745809099999999,33.11,32.12,52.6487203,9.745809999999999,-0.016929693744344994,-0.016231562043547264,4.239230220169027,-10.585,-20.805,0.08,23.357086,0.06873989,0.37037072
0 days 00:00:05.330000,0.0,-0.49442400000000003,-0.153036,9.978732,76.8413029525032,76.8413029525032,76.8413029525032,76.8413029525032,0.002617993877991494,-0.016406094968746697,0.0013962634015954637,59.0,2.39,1.6499999999999986,2,2,50.0,4,0.075,23.355,0.005,52.6487274,9.745809099999999,33.11,32.12,52.6487184,9.745808499999999,-0.016929693744344994,-0.016057029118347832,4.2394047530942265,-10.585,-20.805,0.08,23.352068,0.06872562,0.37121314
0 days 00:00:05.340000,0.0,-0.023544000000000002,-0.20797200000000002,10.465308,76.78781557552418,76.78781557552418,76.78781557552418,76.78781557552418,0.006981317007977318,-0.009250245035569947,0.0013962634015954637,57.0,2.39,1.5,2,2,50.0,4,0.075,23.355,-0.0,52.6487274,9.745809099999999,33.11,32.12,52.6487165,9.7458069,-0.016755160819145562,-0.016057029118347832,4.2394047530942265,-10.585,-20.805,0.08,23.351988,0.068706654,0.37619975
0 days 00:00:05.350000,0.0,-0.380628,-0.184428,10.210248,76.64072528883183,76.64072528883183,76.64072528883183,76.64072528883183,0.009948376736367679,-0.014486232791552938,0.0019198621771937623,53.0,2.39,2.099999999999998,2,2,50.0,4,0.075,23.355,-0.005,52.6487274,9.745809099999999,33.11,32.12,52.6487147,9.745805299999999,-0.016755160819145562,-0.0158824961931484,4.2394047530942265,-10.585,-20.805,0.08,23.351974,0.06869118,0.37712327
0 days 00:00:05.360000,0.0,-0.31392000000000003,-0.149112,9.951264,76.50032092426187,76.50032092426187,76.50032092426187,76.50032092426187,0.012042771838760874,-0.013788101090755204,0.0015707963267948967,50.0,2.39,2.6999999999999957,2,2,50.0,4,0.075,23.355,-0.005,52.6487274,9.745809099999999,33.11,32.12,52.6487128,9.7458038,-0.016580627893946133,-0.015707963267948967,4.2394047530942265,-10.585,-20.805,0.08,23.35204,0.068824574,0.37303618
0 days 00:00:05.370000,0.0,-0.27468000000000004,-0.0981,9.837468000000001,76.41340393667095,76.41340393667095,76.41340393667095,76.41340393667095,0.008377580409572781,-0.006632251157578452,0.0013962634015954637,47.0,2.39,2.849999999999998,2,2,50.0,4,0.07,23.35,-0.005,52.648718099999996,9.7458013,33.11,32.12,52.6487109,9.7458022,-0.0164060949687467,-0.015707963267948967,4.2394047530942265,-10.585,-20.79,0.025,23.347042,0.063891634,0.3728636
0 days 00:00:05.380000,0.0,-0.5493600000000001,-0.10987200000000001,9.821772000000001,76.37328840393667,76.37328840393667,76.37328840393667,76.37328840393667,0.00471238898038469,-0.009948376736367679,0.0019198621771937623,45.0,2.39,3.0,2,2,50.0,4,0.07,23.345,-0.005,52.648718099999996,9.7458013,33.11,32.12,52.6487091,9.745800599999999,-0.0164060949687467,-0.015533430342749533,4.2394047530942265,-10.585,-20.79,0.025,23.342104,0.06395976,0.36871162
0 days 00:00:05.390000,0.0,-0.37278,-0.125568,9.939492000000001,76.50700684638424,76.50700684638424,76.50700684638424,76.50700684638424,0.0041887902047863905,-0.004014257279586958,0.0022689280275926286,43.0,2.39,3.75,2,2,50.0,4,0.07,23.345,-0.01,52.648718099999996,9.7458013,33.11,32.12,52.6487072,9.7457991,-0.0164060949687467,-0.015533430342749533,4.2394047530942265,-10.585,-20.79,0.025,23.342028,0.06387775,0.37371036
0 days 00:00:05.400000,0.0,-0.3924,-0.14126400000000003,9.994428000000003,76.66746897732135,76.66746897732135,76.66746897732135,76.66746897732135,0.004014257279586958,0.003490658503988659,0.0027925268031909274,39.0,2.39,4.5,2,2,50.0,4,0.07,23.34,-0.01,52.648718099999996,9.7458013,33.11,32.12,52.648705299999996,9.7457975,-0.0164060949687467,-0.015533430342749533,4.2394047530942265,-10.585,-20.79,0.025,23.33703,0.06387902,0.37363273
0 days 00:00:05.410000,0.0,-0.459108,-0.20404800000000003,10.092528000000001,76.70758451005563,76.70758451005563,76.70758451005563,76.70758451005563,0.002617993877991494,0.007155849933176751,0.002967059728390361,36.0,2.39,4.800000000000001,2,2,50.5,4,0.07,23.34,-0.015,52.648718099999996,9.7458013,33.11,32.12,52.648703399999995,9.7457959,-0.016231562043547264,-0.015533430342749533,4.239579286019426,-10.585,-20.79,0.025,23.336952,0.06386308,0.3786203
0 days 00:00:05.420000,0.0,-0.5375880000000001,-0.184428,9.959112000000001,76.56049422336329,76.56049422336329,76.56049422336329,76.56049422336329,0.0024434609527920616,0.006981317007977318,0.002967059728390361,32.0,2.39,5.100000000000001,2,2,51.0,4,0.085,23.330000000000002,-0.01,52.648708799999994,9.7457935,33.12,32.12,52.648701599999995,9.7457944,-0.0164060949687467,-0.015533430342749533,4.239579286019426,-10.515,-20.830000000000002,-0.065,23.32703,0.07887955,0.37372348
0 days 00:00:05.430000,0.0,-0.46695600000000004,0.011772000000000001,9.476460000000001,76.35323063756952,76.35323063756952,76.35323063756952,76.35323063756952,0.0006981317007977319,0.008377580409572781,0.0041887902047863905,29.0,2.39,5.850000000000001,2,2,51.5,4,0.085,23.325,-0.005,52.648708799999994,9.7457935,33.12,32.12,52.648699699999995,9.7457928,-0.0164060949687467,-0.015707963267948967,4.239579286019426,-10.515,-20.830000000000002,-0.065,23.322044,0.07889606,0.37271705
0 days 00:00:05.440000,-0.00011792765216177902,-0.42379200000000006,-0.17658000000000004,10.155312000000002,76.21951219512195,76.21951219512195,76.21951219512195,76.21951219512195,0.0022689280275926286,0.025132741228718346,0.004014257279586958,25.0,2.39,6.600000000000001,2,2,52.0,4,0.085,23.325,-0.01,52.648708799999994,9.7457935,33.12,32.12,52.6486978,9.7457912,-0.0164060949687467,-0.0158824961931484,4.239579286019426,-10.515,-20.830000000000002,-0.065,23.321901,0.078747265,0.38178563
0 days 00:00:05.450000,-0.00011792765216177902,-1.338084,-0.24328800000000003,9.892404,76.06573598630723,76.06573598630723,76.06573598630723,76.06573598630723,0.0054105206811824215,0.010995574287564275,0.00471238898038469,22.0,2.39,8.399999999999999,2,2,52.5,4,0.08,23.31,-0.01,52.648708799999994,9.7457935,33.12,32.12,52.648696,9.7457897,-0.0164060949687467,-0.016057029118347832,4.239753818944626,-10.515,-20.830000000000002,-0.065,23.306833,0.07368511,0.3855327
0 days 00:00:05.460000,-0.00011792765216177902,-0.8397360000000001,-0.074556,9.370512000000002,75.95876123234916,75.95876123234916,75.95876123234916,75.95876123234916,0.005061454830783556,0.01308996938995747,0.004886921905584123,19.0,2.39,10.199999999999996,2,2,53.0,4,0.08,23.305,-0.005,52.648708799999994,9.7457935,33.12,32.12,52.6486941,9.7457881,-0.016231562043547264,-0.016231562043547264,4.239753818944626,-10.515,-20.830000000000002,-0.065,23.301847,0.07376883,0.38450727
0 days 00:00:05.470000,-0.00011792765216177902,-0.6827760000000002,-0.015696,9.602028,75.93201754385966,75.93201754385966,75.93201754385966,75.93201754385966,0.005061454830783556,0.0317649923862968,0.00471238898038469,16.0,2.39,11.549999999999997,2,2,53.5,4,0.075,23.3,-0.01,52.6486995,9.745785399999999,33.160000000000004,32.13,52.6486922,9.7457865,-0.016231562043547264,-0.016580627893946133,4.239753818944626,-10.57,-20.785,0.06,23.29663,0.06855768,0.39747462
0 days 00:00:05.480000,-0.00011792765216177902,-1.60884,0.007848,9.527472000000001,75.84510055626872,75.84510055626872,75.84510055626872,75.84510055626872,0.006283185307179587,0.02775073510670984,0.005235987755982988,12.0,2.39,12.899999999999999,2,2,54.0,4,0.08,23.285,-0.005,52.6486995,9.745785399999999,33.160000000000004,32.13,52.6486904,9.745785,-0.016057029118347832,-0.016755160819145562,4.239753818944626,-10.57,-20.785,0.06,23.281647,0.07364542,0.3963585
0 days 00:00:05.490000,-0.00011792765216177902,-1.4479560000000002,0.047088000000000005,9.794304,75.86515832263585,75.86515832263585,75.86515832263585,75.86515832263585,0.007330382858376183,0.03769911184307752,0.005061454830783556,11.0,2.39,14.7,2,2,54.5,4,0.08,23.27,-0.005,52.6486995,9.745785399999999,33.160000000000004,32.13,52.6486885,9.745783399999999,-0.016057029118347832,-0.01710422666954443,4.239928351869825,-10.57,-20.785,0.06,23.26651,0.07351905,0.40422776
0 days 00:00:05.500000,-0.00011792765216177902,-1.8756720000000002,-0.20797200000000002,10.524168,75.90527385537013,75.90527385537013,75.90527385537013,75.90527385537013,0.009075712110370514,0.04747295565424577,0.0031415926535897933,8.0,2.39,16.5,2,2,55.0,4,0.08,23.255,-0.015,52.6486995,9.745785399999999,33.160000000000004,32.13,52.6486866,9.745781899999999,-0.0158824961931484,-0.017627825445142728,4.239928351869825,-10.57,-20.785,0.06,23.25112,0.07324154,0.42612845
0 days 00:00:05.510000,-0.00011792765216177902,-2.715408,-0.019620000000000002,9.464688,75.72475395806589,75.72475395806589,75.72475395806589,75.72475395806589,0.011344640137963142,0.012740903539558606,0.0041887902047863905,7.0,2.39,18.599999999999998,2,2,55.5,4,0.08,23.23,-0.01,52.6486995,9.745785399999999,33.160000000000004,32.13,52.6486848,9.7457803,-0.0158824961931484,-0.01780235837034216,4.239928351869825,-10.57,-20.785,0.06,23.226141,0.07326355,0.42474246
0 days 00:00:05.520000,-0.00011792765216177902,-1.0869480000000002,-0.054936000000000006,9.841392,75.58434959349593,75.58434959349593,75.58434959349593,75.58434959349593,0.010995574287564275,0.04206243497306335,0.003490658503988659,6.0,2.39,20.699999999999996,2,2,56.0,4,0.065,23.235,-0.02,52.6486897,9.7457776,33.24,32.13,52.6486829,9.745778699999999,-0.015533430342749533,-0.01832595714594046,4.239928351869825,-10.61,-20.79,0.075,23.230734,0.058068,0.44673225
0 days 00:00:05.530000,-0.00011792765216177902,-2.444652,-0.145188,9.743292000000002,75.39714377406932,75.39714377406932,75.39714377406932,75.39714377406932,0.012217304763960306,0.049043751981040655,0.003316125578789226,5.0,2.39,23.4,2,2,56.5,4,0.065,23.21,-0.02,52.6486897,9.7457776,33.24,32.13,52.648680999999996,9.7457772,-0.015533430342749533,-0.01884955592153876,4.240102884795024,-10.61,-20.79,0.075,23.2055,0.057886384,0.45842314
0 days 00:00:05.540000,-0.00011792765216177902,-3.268692,0.003924,8.409132000000001,75.22330979888746,75.22330979888746,75.22330979888746,75.22330979888746,0.014660765716752367,0.027401669256310976,0.003316125578789226,4.0,2.39,26.1,2,2,57.0,4,0.065,23.18,-0.005,52.6486897,9.7457776,33.24,32.13,52.6486792,9.7457756,-0.0153588974175501,-0.019024088846738195,4.240102884795024,-10.61,-20.79,0.075,23.17571,0.058143284,0.44689655
0 days 00:00:05.550000,-0.00011792765216177902,-1.9266840000000003,0.11772,9.272412000000001,75.21662387676508,75.21662387676508,75.21662387676508,75.21662387676508,0.009075712110370514,0.07068583470577033,0.0013962634015954637,2.0,2.39,28.2,2,2,57.5,4,0.065,23.16,-0.0,52.6486897,9.7457776,33.24,32.13,52.648677299999996,9.7457741,-0.015184364492350668,-0.019722220547535925,4.240102884795024,-10.61,-20.79,0.075,23.155495,0.05805751,0.45767134
0 days 00:00:05.560000,-0.00023585530432355804,-3.70818,-0.015696,10.583028,75.21662387676508,75.21662387676508,75.21662387676508,75.21662387676508,0.004363323129985824,0.07033676885537149,0.00017453292519943296,1.0,2.39,30.299999999999997,2,2,58.0,4,0.07,23.125,-0.01,52.6486897,9.7457776,33.24,32.13,52.648675499999996,9.7457725,-0.015184364492350668,-0.020420352248333655,4.240102884795024,-10.61,-20.79,0.075,23.119974,0.06267053,0.483193
0 days 00:00:05.570000,-0.00023585530432355804,-4.339944,0.14126400000000003,9.539244,75.18988018827557,75.18988018827557,75.18988018827557,75.18988018827557,0.00034906585039886593,0.017976891295541593,0.0020943951023931952,0.0,2.39,32.849999999999994,2,2,58.5,4,0.07,23.085,-0.005,52.648680399999996,9.745769899999999,33.24,32.13,52.648673599999995,9.745771,-0.015184364492350668,-0.02076941809873252,4.240102884795024,-10.535,-20.785,-0.015,23.079918,0.06263651,0.48543346
0 days 00:00:05.580000,-0.00023585530432355804,-2.311236,-0.011772000000000001,9.656964,75.14976465554129,75.14976465554129,75.14976465554129,75.14976465554129,0.0036651914291880917,0.05009094953223726,0.0027925268031909274,-1.0,2.39,35.39999999999999,2,2,59.0,4,0.07,23.065,-0.005,52.648680399999996,9.745769899999999,33.24,32.13,52.648671699999994,9.7457694,-0.015184364492350668,-0.02111848394913139,4.240102884795024,-10.535,-20.785,-0.015,23.059753,0.06252059,0.49306664
0 days 00:00:05.590000,-0.00023585530432355804,-3.6493200000000003,0.05101200000000001,8.997732000000001,74.93581514762516,74.93581514762516,74.93581514762516,74.93581514762516,0.011519173063162576,0.06161012259539984,0.0031415926535897933,-3.0,2.39,37.8,2,2,59.5,4,0.07,23.03,-0.0,52.648680399999996,9.745769899999999,33.24,32.13,52.648669899999994,9.745767899999999,-0.015009831567151233,-0.02181661564992912,4.240102884795024,-10.535,-20.785,-0.015,23.024519,0.062451508,0.50339085
0 days 00:00:05.600000,-0.00023585530432355804,-4.351716000000001,-0.17265600000000003,8.7309,74.66169234060762,74.66169234060762,74.66169234060762,74.66169234060762,0.017278759594743863,0.05131268000863328,0.0022689280275926286,-4.0,2.39,40.2,2,2,60.0,4,0.07,22.990000000000002,0.01,52.648680399999996,9.745769899999999,33.24,32.13,52.648668,9.7457663,-0.014835298641951801,-0.02234021442552742,4.240102884795024,-10.535,-20.785,-0.015,22.984488,0.06252209,0.50454426
0 days 00:00:05.610000,-0.00023585530432355804,-3.9867840000000005,0.054936000000000006,9.441144000000001,74.36082584510055,74.36082584510055,74.36082584510055,74.36082584510055,0.017278759594743863,0.06911503837897545,0.0005235987755982988,-5.0,2.39,43.35,2,2,60.0,4,0.075,22.95,0.015,52.648680399999996,9.745769899999999,33.24,32.13,52.6486662,9.7457648,-0.014660765716752368,-0.02303834612632515,4.240102884795024,-10.535,-20.785,-0.015,22.944256,0.06746116,0.51473165
0 days 00:00:05.620000,-0.0003537829564853371,-4.673484000000001,-0.031392,9.857088000000003,74.11344672657253,74.11344672657253,74.11344672657253,74.11344672657253,0.01308996938995747,0.06946410422937431,-0.0008726646259971648,-6.0,2.39,46.5,2,2,60.0,4,0.075,22.905,0.015,52.6486714,9.7457621,33.28,32.13,52.648664399999994,9.745763199999999,-0.014486232791552936,-0.023736477827122883,4.240102884795024,-10.455,-20.62,0.03,22.898905,0.067334436,0.5296681
0 days 00:00:05.630000,-0.0003537829564853371,-5.06196,0.031392,9.566712,74.05327342747111,74.05327342747111,74.05327342747111,74.05327342747111,0.010471975511965976,0.053407075111026485,-0.0006981317007977319,-13.0,2.39,49.199999999999996,2,2,60.0,4,0.075,22.86,0.015,52.6486714,9.7457621,33.28,32.13,52.6486625,9.7457617,-0.014486232791552936,-0.024260076602721184,4.240102884795024,-10.455,-20.62,0.03,22.853638,0.06717657,0.54056513
0 days 00:00:05.640000,-0.0003537829564853371,-4.6185480000000005,-0.023544000000000002,9.782532000000002,74.11344672657253,74.11344672657253,74.11344672657253,74.11344672657253,0.012740903539558606,0.0609119908946021,-0.0006981317007977319,-19.0,2.39,51.89999999999999,2,2,60.0,4,0.08,22.815,0.015,52.6486714,9.7457621,33.28,32.13,52.6486607,9.7457602,-0.014311699866353503,-0.024783675378319478,4.240102884795024,-10.455,-20.62,0.03,22.808367,0.07211511,0.5514748
0 days 00:00:05.650000,-0.0004717106086471161,-4.9795560000000005,-0.192276,9.641268,73.9931001283697,73.9931001283697,73.9931001283697,73.9931001283697,0.013788101090755204,0.06702064327658225,-0.0012217304763960308,-25.0,2.39,55.05,2,2,60.0,4,0.08,22.765,0.015,52.6486714,9.7457621,33.28,32.13,52.6486589,9.7457587,-0.014137166941154071,-0.02548180707911721,4.240102884795024,-10.455,-20.62,0.03,22.75799,0.07200427,0.56610996
0 days 00:00:05.660000,-0.0004717106086471161,-5.556384,0.11772,9.064440000000001,73.78583654257595,73.78583654257595,73.78583654257595,73.78583654257595,0.007679448708775049,0.07609635538695277,-0.004014257279586958,-31.0,2.39,58.2,2,2,60.0,4,0.08,22.715,0.02,52.6486714,9.7457621,33.28,32.13,52.648657,9.745757099999999,-0.014137166941154071,-0.026354471705114377,4.240102884795024,-10.455,-20.62,0.03,22.707638,0.0718128,0.5796526
0 days 00:00:05.670000,-0.0007075659129706742,-6.074352000000001,0.090252,9.963036,73.5117137355584,73.5117137355584,73.5117137355584,73.5117137355584,-0.0008726646259971648,0.08098327729253689,-0.005759586531581288,-37.0,2.39,60.75,2,2,60.0,4,0.085,22.655,0.015,52.6486622,9.7457543,33.31,32.13,52.6486552,9.745755599999999,-0.014137166941154071,-0.027052603405912107,4.239928351869825,-10.370000000000001,-20.445,-0.01,22.647118,0.076540485,0.5989494
0 days 00:00:05.680000,-0.0007075659129706742,-6.812064,0.10594800000000001,9.79038,73.22421908429611,73.22421908429611,73.22421908429611,73.22421908429611,-0.006981317007977318,0.046949356878647465,-0.003490658503988659,-35.0,2.39,63.3,2,2,60.0,4,0.09,22.59,0.015,52.6486622,9.7457543,33.31,32.13,52.6486534,9.7457541,-0.014137166941154071,-0.02757620218151041,4.239928351869825,-10.370000000000001,-20.445,-0.01,22.581825,0.08139769,0.6090848
0 days 00:00:05.690000,-0.0007075659129706742,-5.933088000000001,0.08240400000000002,9.166464000000001,72.88992297817715,72.88992297817715,72.88992297817715,72.88992297817715,-0.011519173063162576,0.03804817769347638,-0.0022689280275926286,-30.0,2.39,66.6,2,2,60.0,4,0.09,22.535,0.02,52.6486622,9.7457543,33.31,32.13,52.6486516,9.7457526,-0.014311699866353503,-0.027925268031909273,4.239928351869825,-10.370000000000001,-20.445,-0.01,22.526773,0.08127208,0.6104476
0 days 00:00:05.700000,-0.000825493565132453,-5.748660000000001,0.153036,8.825076000000001,72.60242832691485,72.60242832691485,72.60242832691485,72.60242832691485,-0.007330382858376183,0.06230825429619757,-0.0024434609527920616,-26.0,2.39,69.89999999999999,2,2,60.0,4,0.095,22.48,0.03,52.6486622,9.7457543,33.31,32.13,52.6486498,9.7457511,-0.014486232791552936,-0.028623399732707007,4.239928351869825,-10.370000000000001,-20.445,-0.01,22.47165,0.086104795,0.61469024
0 days 00:00:05.710000,-0.0009434212172942321,-6.35688,0.125568,9.594180000000001,72.32161959777493,72.32161959777493,72.32161959777493,72.32161959777493,0.0005235987755982988,0.09616764178488756,-0.004537856055185257,-21.0,2.39,72.75,2,2,60.0,4,0.1,22.42,0.03,52.6486622,9.7457543,33.31,32.13,52.648647999999994,9.7457496,-0.014486232791552936,-0.02949606435870417,4.239928351869825,-10.370000000000001,-20.445,-0.01,22.411133,0.090845846,0.63260126
0 days 00:00:05.720000,-0.0009434212172942321,-7.804836000000002,0.180504,9.864936,72.17452931108258,72.17452931108258,72.17452931108258,72.17452931108258,0.0015707963267948967,0.08883725892651137,-0.006108652381980153,-15.0,2.39,75.6,2,2,60.0,4,0.105,22.345,0.025,52.648652999999996,9.7457467,33.34,32.14,52.648646199999995,9.7457481,-0.014311699866353503,-0.030368728984701335,4.239753818944626,-10.23,-20.205000000000002,0.035,22.335455,0.09563692,0.65493226
0 days 00:00:05.730000,-0.0009434212172942321,-8.401284,-0.039240000000000004,9.578484000000001,72.12772785622593,72.12772785622593,72.12772785622593,72.12772785622593,-0.003316125578789226,0.04031710572106901,-0.005759586531581288,-10.0,2.39,78.6,2,2,60.0,4,0.105,22.26,0.025,52.648652999999996,9.7457467,33.34,32.14,52.648644399999995,9.7457466,-0.014486232791552936,-0.0307177948351002,4.239753818944626,-10.23,-20.205000000000002,0.035,22.250267,0.09544749,0.66013426
0 days 00:00:05.740000,-0.0010613488694560112,-7.286868,0.0981,9.095832000000001,71.69982884039366,71.69982884039366,71.69982884039366,71.69982884039366,-0.006283185307179587,0.027925268031909273,-0.002967059728390361,-10.0,2.39,81.6,2,2,60.0,4,0.11,22.19,0.03,52.648652999999996,9.7457467,33.34,32.14,52.648642599999995,9.745745099999999,-0.014486232791552936,-0.031066860685499065,4.239753818944626,-10.23,-20.205000000000002,0.035,22.180225,0.10043835,0.66080153
0 days 00:00:05.750000,-0.0010613488694560112,-6.282324000000001,0.05886,10.072908000000002,71.2719298245614,71.2719298245614,71.2719298245614,71.2719298245614,-0.014137166941154071,0.08656833089891874,-0.004886921905584123,-9.0,2.39,84.14999999999999,2,2,60.0,4,0.115,22.135,0.025,52.648652999999996,9.7457467,33.34,32.14,52.648640799999995,9.745743599999999,-0.014660765716752368,-0.031939525311496235,4.239579286019426,-10.23,-20.205000000000002,0.035,22.12451,0.10499121,0.6834866
0 days 00:00:05.760000,-0.0011792765216177901,-8.538624,-0.05101200000000001,10.080756000000001,70.89083226358579,70.89083226358579,70.89083226358579,70.89083226358579,-0.010471975511965976,0.07103490055616922,-0.007679448708775049,-9.0,2.39,86.69999999999999,2,2,60.0,4,0.115,22.05,0.02,52.648652999999996,9.7457467,33.34,32.14,52.6486391,9.7457421,-0.014835298641951801,-0.032637657012293965,4.239579286019426,-10.23,-20.205000000000002,0.035,22.038908,0.1046098,0.70117223
0 days 00:00:05.770000,-0.0011792765216177901,-9.099756000000001,0.015696,8.703432000000001,70.58996576807874,70.58996576807874,70.58996576807874,70.58996576807874,-0.008028514559173916,0.027925268031909273,-0.005759586531581288,-9.0,2.39,89.39999999999999,2,2,60.0,4,0.12,21.96,0.03,52.648644,9.7457392,33.34,32.14,52.6486373,9.7457406,-0.014835298641951801,-0.03298672286269283,4.2394047530942265,-10.05,-19.925,0.025,21.949043,0.10968742,0.69597715
0 days 00:00:05.780000,-0.0011792765216177901,-7.388892,-0.251136,9.688356,70.15538083012407,70.15538083012407,70.15538083012407,70.15538083012407,-0.005061454830783556,0.05899212871740834,-0.005585053606381855,-8.0,2.39,92.1,2,2,60.0,4,0.12,21.89,0.03,52.648644,9.7457392,33.34,32.14,52.6486355,9.7457392,-0.014835298641951801,-0.033510321638291124,4.2394047530942265,-10.05,-19.925,0.025,21.878716,0.10955172,0.7051232
0 days 00:00:05.790000,-0.0011792765216177901,-8.193312,-0.133416,9.94734,70.07514976465555,70.07514976465555,70.07514976465555,70.07514976465555,-0.00645771823237902,0.07819075048934597,-0.008552113334772213,-8.0,2.39,94.64999999999999,2,2,60.0,4,0.12,21.815,0.025,52.648644,9.7457392,33.34,32.14,52.6486338,9.7457377,-0.015009831567151233,-0.03420845333908886,4.2394047530942265,-10.05,-19.925,0.025,21.803091,0.1091629,0.72284645
0 days 00:00:05.800000,-0.0012972041737795694,-9.448992,0.11772,9.637344,69.46004492939667,69.46004492939667,69.46004492939667,69.46004492939667,0.00017453292519943296,0.040491638646268445,-0.008552113334772213,-8.0,2.39,97.19999999999999,2,2,60.0,4,0.125,21.72,0.02,52.648644,9.7457392,33.34,32.14,52.648632,9.745736299999999,-0.015009831567151233,-0.034732052114687155,4.239230220169027,-10.05,-19.925,0.025,21.707594,0.113965504,0.73603404
0 days 00:00:05.810000,-0.0012972041737795694,-8.460144000000001,-0.28645200000000004,9.248868000000002,69.08563329054344,69.08563329054344,69.08563329054344,69.08563329054344,0.00034906585039886593,0.022165681500327987,-0.008203047484373348,-8.0,2.39,98.99999999999999,2,2,60.0,4,0.125,21.64,0.025,52.648644,9.7457392,33.34,32.14,52.6486303,9.7457348,-0.015009831567151233,-0.03490658503988659,4.239230220169027,-10.05,-19.925,0.025,21.62769,0.11402555,0.7320342
0 days 00:00:05.820000,-0.0012972041737795694,-7.914708000000001,-0.184428,9.617724,68.60424689773212,68.60424689773212,68.60424689773212,68.60424689773212,0.0031415926535897933,0.0486946861306418,-0.008552113334772213,-7.0,2.39,100.79999999999998,2,2,60.0,4,0.125,21.565,0.025,52.648634799999996,9.745732,33.28,32.14,52.6486285,9.745733399999999,-0.015009831567151233,-0.03543018381548489,4.239055687243828,-9.86,-19.605,0.045,21.552351,0.11389545,0.7407007
0 days 00:00:05.830000,-0.0012972041737795694,-8.774064000000001,0.28645200000000004,9.464688,67.40746683782628,67.40746683782628,67.40746683782628,67.40746683782628,0.006632251157578452,0.04276056667386108,-0.00942477796076938,-7.0,2.39,108.14999999999999,2,2,60.0,4,0.13,21.48,0.025,52.648634799999996,9.745732,33.28,32.14,52.648626799999995,9.7457319,-0.014835298641951801,-0.03577924966588375,4.239055687243828,-9.86,-19.605,0.045,21.467146,0.118957676,0.74523693
0 days 00:00:05.840000,-0.0012972041737795694,-8.734824000000001,-0.306072,9.531396,66.13714163457423,66.13714163457423,66.13714163457423,66.13714163457423,0.0019198621771937623,0.03717551306747922,-0.009250245035569947,-7.0,2.39,115.5,2,2,60.0,4,0.135,21.395,0.025,52.648634799999996,9.745732,33.28,32.14,52.6486251,9.745730499999999,-0.014835298641951801,-0.03612831551628262,4.238881154318628,-9.86,-19.605,0.045,21.38194,0.123891525,0.74973387
0 days 00:00:05.850000,-0.0012972041737795694,-8.738748000000001,-0.090252,10.265184,65.6691270860077,65.6691270860077,65.6691270860077,65.6691270860077,0.0024434609527920616,0.053232542185827056,-0.009773843811168246,-6.0,2.39,117.89999999999999,2,2,60.0,4,0.135,21.315,0.015,52.648634799999996,9.745732,33.28,32.14,52.6486234,9.7457291,-0.014835298641951801,-0.03665191429188092,4.238881154318628,-9.86,-19.605,0.045,21.301233,0.12362068,0.7679891
0 days 00:00:05.860000,-0.0012972041737795694,-9.417600000000002,0.007848,9.405828000000001,64.10462130937098,64.10462130937098,64.10462130937098,64.10462130937098,0.007853981633974483,-0.006108652381980153,-0.009075712110370514,-6.0,2.39,120.29999999999998,2,2,60.0,4,0.14,21.225,0.02,52.648634799999996,9.745732,33.28,32.14,52.6486217,9.7457277,-0.014835298641951801,-0.03665191429188092,4.238706621393429,-9.86,-19.605,0.045,21.211477,0.12874317,0.7597696
0 days 00:00:05.870000,-0.0014151318259413483,-7.118136000000001,-0.6513840000000001,9.284184,61.62414420196833,61.62414420196833,61.62414420196833,61.62414420196833,0.007504915783575617,0.00645771823237902,-0.008203047484373348,-6.0,2.39,120.6,2,2,60.0,4,0.135,21.155,0.02,52.648626199999995,9.745725199999999,33.22,32.14,52.64862,9.7457262,-0.014660765716752368,-0.03665191429188092,4.238706621393429,-9.635,-19.13,0.04,21.141525,0.12391392,0.75710905
0 days 00:00:05.880000,-0.0015330594781031272,-6.753204,0.129492,9.825696,58.17420838682071,58.17420838682071,58.17420838682071,58.17420838682071,0.0020943951023931952,0.04747295565424577,-0.015533430342749534,-6.0,2.39,120.9,2,2,60.0,4,0.14,21.09,0.02,52.648626199999995,9.745725199999999,33.22,32.14,52.648618299999995,9.7457248,-0.014660765716752368,-0.03717551306747922,4.238532088468229,-9.635,-19.13,0.04,21.076172,0.12878652,0.7658352
0 days 00:00:05.890000,-0.0015330594781031272,-8.844696,0.031392,9.295956,55.67367351305092,55.67367351305092,55.67367351305092,55.67367351305092,0.01308996938995747,-0.0006981317007977319,-0.016231562043547268,-6.0,2.39,115.2,2,2,60.0,4,0.145,21.005,0.02,52.648626199999995,9.745725199999999,33.22,32.14,52.6486166,9.7457234,-0.014486232791552936,-0.03717551306747922,4.23835755554303,-9.635,-19.13,0.04,20.99123,0.13396542,0.76272625
0 days 00:00:05.900000,-0.0014151318259413483,-7.565472000000001,-0.0981,10.014048000000003,54.450149764655535,54.450149764655535,54.450149764655535,54.450149764655535,0.018500490071139894,0.010471975511965976,-0.014137166941154071,-4.0,2.39,109.5,2,2,60.0,4,0.15,20.935,0.015,52.648626199999995,9.745725199999999,33.22,32.14,52.6486149,9.745721999999999,-0.014311699866353503,-0.03735004599267865,4.2381830226178305,-9.635,-19.13,0.04,20.92096,0.1390115,0.76882005
0 days 00:00:05.910000,-0.0015330594781031272,-7.761672000000001,-0.184428,10.465308,54.8780487804878,54.8780487804878,54.8780487804878,54.8780487804878,0.013962634015954637,0.011868238913561443,-0.019198621771937627,-4.0,2.39,102.75,2,2,60.0,4,0.155,20.86,0.005,52.648626199999995,9.745725199999999,33.22,32.14,52.6486132,9.7457206,-0.014311699866353503,-0.03735004599267865,4.23800848969263,-9.635,-19.13,0.04,20.845638,0.14390805,0.7760834
0 days 00:00:05.920000,-0.001650987130264906,-9.570636,-0.062784,9.405828000000001,56.2553487376979,56.2553487376979,56.2553487376979,56.2553487376979,0.016231562043547268,-0.014835298641951801,-0.021467549799530253,2.0,2.39,96.0,2,2,60.0,4,0.16,20.77,0.005,52.6486174,9.745718199999999,33.27,32.14,52.648611499999994,9.7457192,-0.014137166941154071,-0.03735004599267865,4.237833956767432,-9.44,-18.685,-0.05,20.755701,0.1490905,0.7727685
0 days 00:00:05.930000,-0.0015330594781031272,-8.499384000000001,0.47480400000000006,9.095832000000001,57.853284124946505,57.853284124946505,57.853284124946505,57.853284124946505,0.012217304763960306,-0.022689280275926284,-0.02391101075232232,2.0,2.39,101.7,2,2,60.0,4,0.17,20.685,0.01,52.6486174,9.745718199999999,33.27,32.14,52.6486099,9.745717899999999,-0.013962634015954637,-0.03700098014227979,4.237659423842232,-9.44,-18.685,-0.05,20.671211,0.15943922,0.75749743
0 days 00:00:05.940000,-0.0015330594781031272,-7.424208000000001,-0.16873200000000002,9.519624,59.1704107830552,59.1704107830552,59.1704107830552,59.1704107830552,0.005585053606381855,-0.022514747350726852,-0.021118483949131385,-1.0,2.39,107.4,2,2,60.0,4,0.17500000000000002,20.615000000000002,0.01,52.6486174,9.745718199999999,33.27,32.14,52.6486082,9.7457165,-0.013962634015954637,-0.03682644721708035,4.237484890917033,-9.44,-18.685,-0.05,20.60139,0.1645251,0.7513828
0 days 00:00:05.950000,-0.0015330594781031272,-6.04296,-0.7926480000000001,10.963656000000002,60.30033162173727,60.30033162173727,60.30033162173727,60.30033162173727,-0.015533430342749534,-0.03944444109507185,-0.015707963267948967,-1.0,2.39,105.3,2,2,60.0,4,0.17,20.56,-0.005,52.6486174,9.745718199999999,33.27,32.14,52.6486066,9.7457151,-0.014137166941154071,-0.03647738136668149,4.237310357991833,-9.44,-18.685,-0.05,20.546139,0.15931256,0.7571331
0 days 00:00:05.960000,-0.0015330594781031272,-6.557004,-0.3296160000000001,11.214792000000001,62.21919127086008,62.21919127086008,62.21919127086008,62.21919127086008,-0.014137166941154071,0.0,-0.01064650843716541,6.0,2.39,103.19999999999999,2,2,60.0,4,0.17,20.5,-0.02,52.6486174,9.745718199999999,33.27,32.14,52.648604899999995,9.7457137,-0.014137166941154071,-0.03647738136668149,4.237135825066634,-9.44,-18.685,-0.05,20.485634,0.15913159,0.76993376
0 days 00:00:05.970000,-0.0010613488694560112,-8.754444000000001,0.4316400000000001,9.696204000000002,65.2211703038083,65.2211703038083,65.2211703038083,65.2211703038083,-0.024434609527920613,0.0006981317007977319,-0.017278759594743863,6.0,2.39,98.54999999999998,2,2,60.0,4,0.18,20.415,-0.02,52.648609099999994,9.7457113,33.26,32.14,52.6486033,9.7457124,-0.014486232791552936,-0.03647738136668149,4.236961292141434,-9.23,-18.245,-0.045,20.400692,0.16890669,0.7670346
0 days 00:00:05.980000,-0.0011792765216177901,-9.346968000000002,-1.4793480000000003,8.923176000000002,66.59847026101839,66.59847026101839,66.59847026101839,66.59847026101839,-0.027052603405912107,-0.06544984694978735,-0.020943951023931952,1.0,2.39,93.89999999999999,2,2,60.0,4,0.17,20.325,-0.015,52.648609099999994,9.7457113,33.26,32.14,52.6486016,9.745711,-0.014660765716752368,-0.03577924966588375,4.236786759216235,-9.23,-18.245,-0.045,20.311457,0.15910313,0.744461
0 days 00:00:05.990000,-0.001650987130264906,-6.819912,-0.28252800000000006,8.766216000000002,65.87639067180145,65.87639067180145,65.87639067180145,65.87639067180145,-0.035255650890285456,-0.03647738136668148,-0.021467549799530253,1.0,2.39,97.79999999999998,2,2,60.0,4,0.17,20.26,-0.01,52.648609099999994,9.7457113,33.26,32.14,52.648599999999995,9.745709699999999,-0.015009831567151233,-0.03543018381548489,4.236612226291036,-9.23,-18.245,-0.045,20.246931,0.15905923,0.7301287
0 days 00:00:06,-0.0015330594781031272,-6.855228000000001,-0.17265600000000003,10.488852000000001,64.68629653401797,64.68629653401797,64.68629653401797,64.68629653401797,-0.039269908169872414,0.022514747350726852,-0.020943951023931952,-5.0,2.39,101.69999999999999,2,2,60.0,4,0.17500000000000002,20.195,-0.015,52.648609099999994,9.7457113,33.26,32.14,52.6485984,9.7457083,-0.015533430342749533,-0.03560471674068432,4.236437693365836,-9.23,-18.245,-0.045,20.181667,0.16357973,0.7365055
0 days 00:00:06.010000,-0.0014151318259413483,-9.554940000000002,-0.48657600000000006,9.715824000000001,64.50577663671373,64.50577663671373,64.50577663671373,64.50577663671373,-0.02722713633111154,-0.05009094953223726,-0.0158824961931484,-5.0,2.39,119.85,2,2,60.0,4,0.17500000000000002,20.1,-0.02,52.648609099999994,9.7457113,33.26,32.14,52.6485968,9.745707,-0.015707963267948967,-0.03508111796508603,4.236263160440636,-9.23,-18.245,-0.045,20.086931,0.16359101,0.7276329
0 days 00:00:06.020000,-0.0012972041737795694,-6.678648000000001,-0.192276,8.26002,64.8668164313222,64.8668164313222,64.8668164313222,64.8668164313222,-0.024609142453120045,-0.08185594191853407,-0.009773843811168246,2.0,2.39,138.0,2,2,60.0,4,0.17500000000000002,20.04,-0.005,52.6486011,9.7457045,33.58,32.15,52.648595099999994,9.745705599999999,-0.016057029118347832,-0.03438298626428829,4.2360886275154375,-9.015,-17.945,0.06,20.027985,0.163836,0.6966168
0 days 00:00:06.030000,-0.0011792765216177901,-3.743496,-0.32176800000000005,9.794304,65.04733632862644,65.04733632862644,65.04733632862644,65.04733632862644,-0.026703537555513242,0.020420352248333655,-0.009948376736367679,2.0,2.39,142.5,2,2,60.0,4,0.17500000000000002,20.005,-0.005,52.6486011,9.7457045,33.58,32.15,52.6485935,9.7457043,-0.016231562043547264,-0.034557519189487726,4.2360886275154375,-9.015,-17.945,0.06,19.992882,0.1636773,0.6989312
0 days 00:00:06.040000,-0.0011792765216177901,-7.47522,-0.9810000000000001,11.218716,64.61943731279418,64.61943731279418,64.61943731279418,64.61943731279418,-0.010471975511965976,0.053232542185827056,-0.008028514559173916,7.0,2.39,147.0,2,2,60.0,4,0.17,19.935,-0.025,52.6486011,9.7457045,33.58,32.15,52.6485919,9.7457029,-0.0164060949687467,-0.03508111796508603,4.2360886275154375,-9.015,-17.945,0.06,19.921856,0.15809663,0.72687477
0 days 00:00:06.050000,-0.0011792765216177901,-10.720368,-0.16088400000000003,8.369892000000002,63.52963200684639,63.52963200684639,63.52963200684639,63.52963200684639,-0.012566370614359173,-0.06335545184739416,-0.003490658503988659,7.0,2.39,133.2,2,2,60.0,4,0.17,19.830000000000002,-0.015,52.6486011,9.7457045,33.58,32.15,52.648590299999995,9.7457016,-0.016580627893946133,-0.03438298626428829,4.2360886275154375,-9.015,-17.945,0.06,19.817764,0.15842591,0.69939435
0 days 00:00:06.060000,-0.0011792765216177901,-6.097896,-0.9103680000000001,9.162540000000002,62.92121309370989,62.92121309370989,62.92121309370989,62.92121309370989,-0.005585053606381855,-0.06544984694978735,0.002617993877991494,17.0,2.39,119.4,2,2,60.0,4,0.16,19.77,-0.01,52.6486011,9.7457045,33.58,32.15,52.6485887,9.7457003,-0.016580627893946133,-0.03368485456349056,4.2360886275154375,-9.015,-17.945,0.06,19.758448,0.14877303,0.6783778
0 days 00:00:06.070000,-0.0011792765216177901,-4.775508,-0.43556400000000006,10.135692000000002,62.01192768506633,62.01192768506633,62.01192768506633,62.01192768506633,0.006806784082777885,0.0158824961931484,0.006981317007977318,17.0,2.39,111.15,2,2,60.0,4,0.16,19.725,-0.015,52.6485931,9.7456978,33.59,32.160000000000004,52.6485871,9.745699,-0.0164060949687467,-0.03385938748868999,4.2360886275154375,-8.86,-17.6,-0.07,19.713188,0.14877786,0.6852732
0 days 00:00:06.080000,-0.0011792765216177901,-7.989264,-0.37278,8.864316,60.53433889602054,60.53433889602054,60.53433889602054,60.53433889602054,0.00645771823237902,0.010821041362364843,0.005934119456780722,28.0,2.39,102.9,2,2,60.0,4,0.155,19.650000000000002,-0.005,52.6485931,9.7456978,33.59,32.160000000000004,52.6485856,9.7456976,-0.0164060949687467,-0.034033920413889425,4.236263160440636,-8.86,-17.6,-0.07,19.63845,0.14392792,0.6760867
0 days 00:00:06.090000,-0.0014151318259413483,-8.440524000000002,-0.6278400000000001,8.758368,58.98320496362857,58.98320496362857,58.98320496362857,58.98320496362857,0.008377580409572781,-0.03961897402027128,0.006108652381980153,28.0,2.99,105.45,2,2,60.0,4,0.145,19.57,-0.0,52.6485931,9.7456978,33.59,32.160000000000004,52.648584,9.745696299999999,-0.016231562043547264,-0.03368485456349056,4.236263160440636,-8.86,-17.6,-0.07,19.558899,0.13428333,0.66135454
0 days 00:00:06.100000,-0.0014151318259413483,-6.144984000000001,-0.031392,9.127224,56.85708172871202,56.85708172871202,56.85708172871202,56.85708172871202,0.013264502315156903,-0.017104226669544427,0.010122909661567111,36.0,2.99,108.0,2,2,60.0,4,0.145,19.51,0.005,52.6485931,9.7456978,33.59,32.160000000000004,52.648582399999995,9.745695,-0.016231562043547264,-0.033510321638291124,4.236437693365836,-8.86,-17.6,-0.07,19.499214,0.13445248,0.6509349
0 days 00:00:06.110000,-0.0014151318259413483,-6.050808000000001,-0.149112,9.806076000000001,55.626872058194266,55.626872058194266,55.626872058194266,55.626872058194266,0.014660765716752367,0.045029494701453704,0.009075712110370514,36.0,2.99,119.85,2,2,60.0,4,0.145,19.455000000000002,0.005,52.6485931,9.7456978,33.59,32.160000000000004,52.6485809,9.7456937,-0.016057029118347832,-0.03385938748868999,4.236437693365836,-8.86,-17.6,-0.07,19.44402,0.1344867,0.65585524
0 days 00:00:06.120000,-0.0014151318259413483,-8.471916,-0.5768280000000001,10.080756000000001,56.195175438596486,56.195175438596486,56.195175438596486,56.195175438596486,0.020420352248333655,0.0027925268031909274,0.006981317007977318,42.0,2.99,131.7,2,2,60.0,4,0.14,19.37,-0.0,52.6485851,9.7456912,33.61,32.17,52.648579299999994,9.7456924,-0.0158824961931484,-0.03385938748868999,4.236612226291036,-8.795,-17.34,0.06,19.358898,0.12956813,0.6578718
0 days 00:00:06.130000,-0.0014151318259413483,-8.036352,-0.290376,8.80938,57.44544287548138,57.44544287548138,57.44544287548138,57.44544287548138,0.026529004630313806,-0.05672320068981571,0.009773843811168246,42.0,2.99,139.35,2,2,60.0,4,0.135,19.295,0.005,52.6485851,9.7456912,33.61,32.17,52.6485777,9.7456911,-0.015533430342749533,-0.033335788713091695,4.236786759216235,-8.795,-17.34,0.06,19.284447,0.12507227,0.64011776
0 days 00:00:06.140000,-0.0014151318259413483,-5.301324,-0.33354000000000006,9.715824000000001,58.80937098844672,58.80937098844672,58.80937098844672,58.80937098844672,0.026703537555513242,0.022165681500327987,0.008377580409572781,46.0,2.99,147.0,2,2,60.0,4,0.13,19.245,0.005,52.6485851,9.7456912,33.61,32.17,52.6485762,9.7456898,-0.0153588974175501,-0.03368485456349056,4.236786759216235,-8.795,-17.34,0.06,19.234251,0.12010705,0.64506596
0 days 00:00:06.150000,-0.0014151318259413483,-7.5066120000000005,-0.580752,10.053288000000002,59.75208600770219,59.75208600770219,59.75208600770219,59.75208600770219,0.01937315469713706,0.03368485456349056,0.003316125578789226,47.0,2.99,136.5,2,2,60.0,4,0.125,19.175,-0.0,52.6485851,9.7456912,33.61,32.17,52.648574599999996,9.7456886,-0.015009831567151233,-0.034033920413889425,4.236786759216235,-8.795,-17.34,0.06,19.163895,0.115192756,0.6542771
0 days 00:00:06.160000,-0.001650987130264906,-8.695584000000002,0.149112,8.27964,60.975609756097555,60.975609756097555,60.975609756097555,60.975609756097555,-0.003316125578789226,-0.0609119908946021,0.0008726646259971648,46.0,2.99,126.0,2,2,60.0,4,0.13,19.09,0.01,52.6485851,9.7456912,33.61,32.160000000000004,52.6485731,9.7456873,-0.015184364492350668,-0.033335788713091695,4.236786759216235,-8.795,-17.34,0.06,19.079727,0.120475896,0.62816966
0 days 00:00:06.170000,-0.001650987130264906,-5.242464,-0.145188,9.700128000000001,61.28316217372701,61.28316217372701,61.28316217372701,61.28316217372701,0.010821041362364843,-0.039793506945470715,0.007853981633974483,46.0,2.99,115.5,2,2,60.0,4,0.125,19.04,0.01,52.6485773,9.745684599999999,33.62,32.17,52.6485716,9.745686,-0.015009831567151233,-0.03298672286269283,4.236961292141434,-8.76,-17.045,0.16,19.029972,0.11571081,0.61976534
0 days 00:00:06.180000,-0.0014151318259413483,-4.991328,-0.023544000000000002,10.214172000000001,61.69100342319213,61.69100342319213,61.69100342319213,61.69100342319213,0.012042771838760874,0.047123889803846894,0.010297442586766544,25.0,2.99,105.0,2,2,60.0,4,0.125,18.995,0.005,52.6485773,9.745684599999999,33.62,32.17,52.64857,9.7456847,-0.014835298641951801,-0.033335788713091695,4.237135825066634,-8.76,-17.045,0.16,18.984613,0.11566855,0.6298842
0 days 00:00:06.190000,-0.0014151318259413483,-8.86824,-0.49834800000000007,8.954568000000002,61.356707317073166,61.356707317073166,61.356707317073166,61.356707317073166,0.0054105206811824215,0.017104226669544427,0.005585053606381855,24.0,2.99,109.05,2,2,60.0,4,0.12,18.91,0.01,52.6485773,9.745684599999999,33.62,32.17,52.648568499999996,9.745683399999999,-0.014835298641951801,-0.033510321638291124,4.237135825066634,-8.76,-17.045,0.16,18.89972,0.110736325,0.62527865
0 days 00:00:06.200000,-0.0017689147824266852,-8.515080000000001,0.015696,8.636724000000001,61.089270432178004,61.089270432178004,61.089270432178004,61.089270432178004,-0.0031415926535897933,-0.033859387488689996,-0.00034906585039886593,1.0,2.99,113.1,2,2,60.0,4,0.125,18.825,0.02,52.6485773,9.745684599999999,33.62,32.17,52.648567,9.7456822,-0.014835298641951801,-0.033335788713091695,4.237135825066634,-8.76,-17.045,0.16,18.815208,0.11597501,0.60922873
0 days 00:00:06.210000,-0.001650987130264906,-5.909544,-0.023544000000000002,10.041516000000001,60.768346170303815,60.768346170303815,60.768346170303815,60.768346170303815,0.0006981317007977319,-0.016929693744344998,-0.0005235987755982988,0.0,2.99,125.1,2,2,60.5,4,0.125,18.77,0.015,52.6485773,9.745684599999999,33.62,32.17,52.6485655,9.7456809,-0.014835298641951801,-0.033161255787892266,4.237135825066634,-8.76,-17.045,0.16,18.76018,0.11597664,0.6091186
0 days 00:00:06.220000,-0.0014151318259413483,-6.294096000000001,-0.13734000000000002,10.469232000000002,60.79508985879332,60.79508985879332,60.79508985879332,60.79508985879332,0.005759586531581288,0.01832595714594046,0.00017453292519943296,-3.0,2.99,137.1,2,2,61.0,4,0.125,18.71,0.01,52.6485699,9.7456782,33.660000000000004,32.18,52.648564,9.745679599999999,-0.014835298641951801,-0.033335788713091695,4.237135825066634,-8.665000000000001,-16.685,0.29,18.699938,0.1158836,0.6153896
0 days 00:00:06.230000,-0.0014151318259413483,-7.891164000000001,-0.368856,9.656964,60.53433889602054,60.53433889602054,60.53433889602054,60.53433889602054,0.00471238898038469,-0.019547687622336492,-0.0022689280275926286,-5.0,2.99,143.1,2,2,61.5,4,0.125,18.635,0.005,52.6485699,9.7456782,33.660000000000004,32.18,52.6485625,9.7456784,-0.014660765716752368,-0.033161255787892266,4.237135825066634,-8.665000000000001,-16.685,0.29,18.62492,0.116002046,0.6146163
0 days 00:00:06.240000,-0.0014151318259413483,-6.949404,-0.054936000000000006,9.370512000000002,60.507595207531025,60.507595207531025,60.507595207531025,60.507595207531025,0.0013962634015954637,-0.03874630939427412,-0.002967059728390361,-6.0,2.99,149.1,2,2,62.0,4,0.125,18.57,0.01,52.6485699,9.7456782,33.660000000000004,32.18,52.648561,9.7456772,-0.014660765716752368,-0.032637657012293965,4.236961292141434,-8.665000000000001,-16.685,0.29,18.560436,0.11624937,0.5977475
0 days 00:00:06.250000,-0.0014151318259413483,-5.729040000000001,-0.145188,10.143540000000002,60.16661317928968,60.16661317928968,60.16661317928968,60.16661317928968,0.004014257279586958,-0.005235987755982988,-0.004537856055185257,-6.0,2.99,136.2,2,2,62.5,4,0.125,18.515,0.005,52.6485699,9.7456782,33.660000000000004,32.18,52.6485595,9.7456759,-0.014660765716752368,-0.032637657012293965,4.236961292141434,-8.665000000000001,-16.685,0.29,18.505302,0.11620242,0.60094976
0 days 00:00:06.260000,-0.0012972041737795694,-7.098516000000001,-0.09417600000000001,9.307728000000001,59.9994651262302,59.9994651262302,59.9994651262302,59.9994651262302,0.0008726646259971648,-0.0005235987755982988,-0.0054105206811824215,-6.0,2.99,123.29999999999998,2,2,63.0,4,0.125,18.445,0.005,52.6485699,9.7456782,33.660000000000004,32.18,52.648557999999994,9.7456747,-0.014660765716752368,-0.032637657012293965,4.236961292141434,-8.665000000000001,-16.685,0.29,18.43534,0.116235904,0.59866583
0 days 00:00:06.270000,-0.0011792765216177901,-7.361424000000001,-0.5650560000000001,9.193932,59.79220154043645,59.79220154043645,59.79220154043645,59.79220154043645,-0.005585053606381855,-0.012217304763960306,-0.00890117918517108,-6.0,2.99,111.74999999999999,2,2,63.5,4,0.125,18.375,0.01,52.648562399999996,9.7456721,33.62,32.18,52.6485565,9.7456734,-0.014660765716752368,-0.03246312408709453,4.236786759216235,-8.485,-16.425,0.17,18.365643,0.11638965,0.58817995
0 days 00:00:06.280000,-0.0011792765216177901,-7.443828000000001,-0.03531600000000001,9.496080000000001,59.337558836114674,59.337558836114674,59.337558836114674,59.337558836114674,-0.007504915783575617,-0.002617993877991494,-0.008726646259971648,-5.0,2.99,100.19999999999999,2,2,64.0,4,0.125,18.305,0.01,52.648562399999996,9.7456721,33.62,32.18,52.648555099999996,9.7456722,-0.014835298641951801,-0.03246312408709453,4.236786759216235,-8.485,-16.425,0.17,18.29568,0.11632069,0.5859285
0 days 00:00:06.290000,-0.0010613488694560112,-7.859772,-0.15696000000000002,9.409752000000001,58.849486521181,58.849486521181,58.849486521181,58.849486521181,-0.009075712110370514,0.002967059728390361,-0.010995574287564275,-5.0,2.99,105.14999999999999,2,2,64.5,4,0.13,18.23,0.015,52.648562399999996,9.7456721,33.62,32.18,52.6485536,9.745671,-0.014835298641951801,-0.03246312408709453,4.236612226291036,-8.485,-16.425,0.17,18.22088,0.12143039,0.57857174
0 days 00:00:06.300000,-0.0010613488694560112,-7.985340000000001,0.04316400000000001,9.472536,58.48176080445014,58.48176080445014,58.48176080445014,58.48176080445014,-0.011344640137963142,-0.012740903539558606,-0.013439035240356337,-2.0,2.99,110.1,2,2,65.0,4,0.135,18.150000000000002,0.015,52.648562399999996,9.7456721,33.62,32.18,52.6485522,9.7456698,-0.015009831567151233,-0.03246312408709453,4.236437693365836,-8.485,-16.425,0.17,18.140923,0.12636782,0.5760717
0 days 00:00:06.310000,-0.0009434212172942321,-7.118136000000001,-0.05886,9.700128000000001,58.43495934959349,58.43495934959349,58.43495934959349,58.43495934959349,-0.00890117918517108,-0.013962634015954637,-0.013962634015954637,1.0,2.99,121.8,2,2,65.5,4,0.135,18.085,0.015,52.648562399999996,9.7456721,33.62,32.18,52.648550699999994,9.7456686,-0.015009831567151233,-0.0322885911618951,4.236437693365836,-8.485,-16.425,0.17,18.076057,0.12644684,0.5708077
0 days 00:00:06.320000,-0.000825493565132453,-6.827760000000001,-0.145188,9.817848000000001,58.22769576379974,58.22769576379974,58.22769576379974,58.22769576379974,-0.005061454830783556,0.0031415926535897933,-0.013439035240356337,4.0,2.99,133.5,2,2,66.0,4,0.14,18.02,0.01,52.648555599999995,9.745666,33.52,32.19,52.6485492,9.7456673,-0.015184364492350668,-0.0322885911618951,4.236263160440636,-8.28,-16.11,0.06,18.01093,0.13130261,0.57380444
0 days 00:00:06.330000,-0.0009434212172942321,-7.761672000000001,-0.357084,9.484308,57.94688703465982,57.94688703465982,57.94688703465982,57.94688703465982,-0.0031415926535897933,0.002967059728390361,-0.016057029118347832,7.0,2.99,115.19999999999999,2,2,66.5,4,0.14,17.945,0.01,52.648555599999995,9.745666,33.52,32.19,52.648547799999996,9.7456661,-0.015184364492350668,-0.0322885911618951,4.2360886275154375,-8.28,-16.11,0.06,17.935968,0.13133937,0.5713834
0 days 00:00:06.340000,-0.0009434212172942321,-8.405208,-0.007848,8.515080000000001,56.95068463842534,56.95068463842534,56.95068463842534,56.95068463842534,0.0020943951023931952,-0.010995574287564275,-0.016057029118347832,10.0,2.99,96.89999999999999,2,2,67.0,4,0.145,17.865000000000002,0.02,52.648555599999995,9.745666,33.52,32.19,52.6485464,9.7456649,-0.015184364492350668,-0.032114058236695664,4.235914094590238,-8.28,-16.11,0.06,17.85643,0.1365771,0.5557671
0 days 00:00:06.350000,-0.0007075659129706742,-7.467372,0.074556,9.135072000000001,56.475984167736414,56.475984167736414,56.475984167736414,56.475984167736414,0.008203047484373348,0.022514747350726852,-0.01658062789394613,13.0,2.99,95.85,2,2,67.5,4,0.15,17.79,0.025,52.648555599999995,9.745666,33.52,32.19,52.6485449,9.745663799999999,-0.015009831567151233,-0.03246312408709453,4.235739561665039,-8.28,-16.11,0.06,17.781439,0.14169152,0.5546199
0 days 00:00:06.360000,-0.0007075659129706742,-8.201160000000002,-0.21582000000000004,9.327348,55.626872058194266,55.626872058194266,55.626872058194266,55.626872058194266,0.01117010721276371,0.029845130209103034,-0.015533430342749534,16.0,2.99,94.8,2,2,68.0,4,0.15,17.715,0.03,52.648555599999995,9.745666,33.52,32.19,52.648543499999995,9.7456626,-0.015009831567151233,-0.032637657012293965,4.235565028739839,-8.28,-16.11,0.06,17.706545,0.1417567,0.550279
0 days 00:00:06.370000,-0.000825493565132453,-8.609256,-0.3924,10.061136000000001,55.760590500641854,55.760590500641854,55.760590500641854,55.760590500641854,0.009948376736367679,0.04939281783143952,-0.01832595714594046,12.0,2.99,112.35,2,2,68.5,4,0.155,17.63,0.025,52.648548399999996,9.7456601,33.51,32.19,52.6485421,9.7456614,-0.014835298641951801,-0.033161255787892266,4.23539049581464,-8.01,-15.905000000000001,-0.12,17.621136,0.14668232,0.56177735
0 days 00:00:06.380000,-0.000825493565132453,-9.303804000000001,-0.25506,10.959732,55.82076379974327,55.82076379974327,55.82076379974327,55.82076379974327,0.012042771838760874,0.023212879051524585,-0.02199114857512855,4.0,2.99,129.9,2,2,69.0,4,0.155,17.54,0.01,52.648548399999996,9.7456601,33.51,32.19,52.6485407,9.7456602,-0.014835298641951801,-0.033510321638291124,4.2352159628894395,-8.01,-15.905000000000001,-0.12,17.530489,0.1464134,0.5799024
0 days 00:00:06.390000,-0.000825493565132453,-9.26064,-0.41202000000000005,9.543168,55.84082156611039,55.84082156611039,55.84082156611039,55.84082156611039,0.015184364492350668,-0.01902408884673819,-0.01832595714594046,3.0,2.99,146.85,2,2,69.5,4,0.155,17.45,0.01,52.648548399999996,9.7456601,33.51,32.19,52.648539299999996,9.745659,-0.014660765716752368,-0.033161255787892266,4.235041429964241,-8.01,-15.905000000000001,-0.12,17.440739,0.14664806,0.5707747
0 days 00:00:06.400000,-0.000825493565132453,-6.929784000000001,-0.223668,10.210248,56.161745827984596,56.161745827984596,56.161745827984596,56.161745827984596,0.014137166941154071,0.021118483949131385,-0.01884955592153876,2.0,2.99,163.79999999999998,2,2,70.0,4,0.16,17.385,-0.0,52.648548399999996,9.7456601,33.51,32.19,52.6485379,9.7456579,-0.014486232791552936,-0.033510321638291124,4.2348668970390415,-8.01,-15.905000000000001,-0.12,17.37524,0.15154575,0.58472455
0 days 00:00:06.410000,-0.000825493565132453,-8.652420000000001,-0.3413880000000001,9.668736,55.252460419341034,55.252460419341034,55.252460419341034,55.252460419341034,0.00890117918517108,0.03560471674068432,-0.01937315469713706,2.0,2.99,135.89999999999998,2,2,70.0,4,0.16,17.3,-0.0,52.648548399999996,9.7456601,33.51,32.19,52.6485365,9.7456567,-0.014486232791552936,-0.03385938748868999,4.234692364113842,-8.01,-15.905000000000001,-0.12,17.290083,0.15149957,0.5879117
0 days 00:00:06.420000,-0.000825493565132453,-9.817848000000001,-0.37670400000000004,8.946720000000001,54.65072742832691,54.65072742832691,54.65072742832691,54.65072742832691,0.005585053606381855,0.017627825445142728,-0.022863813201125717,1.0,2.99,108.0,2,2,70.0,4,0.16,17.205000000000002,0.005,52.648541699999996,9.7456541,33.54,32.2,52.6485351,9.7456555,-0.014311699866353503,-0.034033920413889425,4.234343298263443,-7.815,-15.55,-0.17500000000000002,17.195206,0.15167676,0.5826738
0 days 00:00:06.430000,-0.000825493565132453,-8.409132000000001,-0.05886,9.65304,54.54375267436884,54.54375267436884,54.54375267436884,54.54375267436884,-0.0041887902047863905,0.007679448708775049,-0.027052603405912107,-5.0,2.99,100.65,2,2,70.0,4,0.165,17.125,0.005,52.648541699999996,9.7456541,33.54,32.2,52.648533699999994,9.7456544,-0.014486232791552936,-0.034033920413889425,4.234168765338243,-7.815,-15.55,-0.17500000000000002,17.115252,0.15661399,0.58005077
0 days 00:00:06.440000,-0.000825493565132453,-7.942176,-0.42771600000000004,10.214172000000001,54.79781771501926,54.79781771501926,54.79781771501926,54.79781771501926,-0.0017453292519943296,0.026878070480712675,-0.027401669256310976,-5.0,2.99,93.3,2,2,70.0,4,0.17,17.05,-0.0,52.648541699999996,9.7456541,33.54,32.2,52.6485324,9.745653299999999,-0.014486232791552936,-0.03438298626428829,4.233819699487845,-7.815,-15.55,-0.17500000000000002,17.039923,0.16149187,0.5885155
0 days 00:00:06.450000,-0.0009434212172942321,-8.644572000000002,-0.011772000000000001,9.86886,54.590554129225495,54.590554129225495,54.590554129225495,54.590554129225495,-0.009075712110370514,0.02757620218151041,-0.032812189937493394,-5.0,2.99,109.35,2,2,70.0,4,0.17500000000000002,16.965,-0.005,52.648541699999996,9.7456541,33.54,32.2,52.648531,9.7456521,-0.014486232791552936,-0.034557519189487726,4.233470633637445,-7.815,-15.55,-0.17500000000000002,16.954697,0.16641842,0.5936216
0 days 00:00:06.460000,-0.0009434212172942321,-9.350892000000002,0.011772000000000001,9.998352000000002,54.450149764655535,54.450149764655535,54.450149764655535,54.450149764655535,-0.014311699866353502,0.0041887902047863905,-0.035953782591083186,-5.0,2.99,125.4,2,2,70.0,4,0.185,16.875,-0.01,52.648541699999996,9.7456541,33.54,32.2,52.648529599999996,9.745650999999999,-0.014660765716752368,-0.034557519189487726,4.233121567787046,-7.815,-15.55,-0.17500000000000002,16.86458,0.17628607,0.59568447
0 days 00:00:06.470000,-0.0009434212172942321,-8.825076000000001,0.03531600000000001,9.637344,54.122539580658966,54.122539580658966,54.122539580658966,54.122539580658966,-0.011519173063162576,-0.01937315469713706,-0.030019663134302467,-5.0,2.99,142.8,2,2,70.0,4,0.19,16.79,-0.01,52.6485347,9.7456487,33.5,32.2,52.648528299999995,9.745649799999999,-0.014835298641951801,-0.03438298626428829,4.232947034861848,-7.67,-15.195,-0.115,16.779734,0.18126856,0.5899248
0 days 00:00:06.480000,-0.0009434212172942321,-7.098516000000001,-0.14126400000000003,10.547712000000002,52.85890029952931,52.85890029952931,52.85890029952931,52.85890029952931,-0.0158824961931484,0.028972465583105875,-0.02583087292951608,-5.0,2.99,160.2,2,2,70.0,4,0.195,16.725,-0.02,52.6485347,9.7456487,33.5,32.2,52.6485269,9.7456487,-0.015009831567151233,-0.034732052114687155,4.232597969011449,-7.67,-15.195,-0.115,16.71422,0.18596098,0.60362387
0 days 00:00:06.490000,-0.0011792765216177901,-8.883936,-0.90252,9.817848000000001,50.39179503637141,50.39179503637141,50.39179503637141,50.39179503637141,-0.024434609527920613,0.018675022996339326,-0.02775073510670984,-5.0,2.99,147.89999999999998,2,2,70.0,4,0.19,16.64,-0.025,52.6485347,9.7456487,33.5,32.2,52.6485256,9.7456476,-0.015184364492350668,-0.03490658503988659,4.23224890316105,-7.67,-15.195,-0.115,16.628992,0.18078108,0.6085275
0 days 00:00:06.500000,-0.0012972041737795694,-8.789760000000001,-0.43556400000000006,8.766216000000002,46.66105049208387,46.66105049208387,46.66105049208387,46.66105049208387,-0.022514747350726852,-0.04276056667386108,-0.026354471705114374,-5.0,2.99,135.6,2,2,70.0,4,0.195,16.555,-0.015,52.6485347,9.7456487,33.5,32.2,52.6485243,9.7456465,-0.015533430342749533,-0.03438298626428829,4.23207437023585,-7.67,-15.195,-0.115,16.5447,0.18590392,0.5870478
0 days 00:00:06.510000,-0.0011792765216177901,-5.889924000000001,0.007848,9.558864000000002,43.45849379546427,43.45849379546427,43.45849379546427,43.45849379546427,-0.017453292519943295,-0.011519173063162576,-0.027401669256310976,-5.0,2.99,115.35,2,2,70.0,4,0.2,16.5,-0.015,52.6485347,9.7456487,33.5,32.2,52.648523,9.745645399999999,-0.015707963267948967,-0.03438298626428829,4.231725304385451,-7.67,-15.195,-0.115,16.489733,0.19083054,0.58526826
0 days 00:00:06.520000,-0.0009434212172942321,-5.819292000000001,-0.6906240000000001,10.524168,42.07450791613179,42.07450791613179,42.07450791613179,42.07450791613179,-0.016929693744344998,0.04310963252425994,-0.03089232776029963,-5.0,2.99,95.1,2,2,70.0,4,0.2,16.445,-0.025,52.648528,9.745643099999999,33.51,32.21,52.648521599999995,9.7456443,-0.0158824961931484,-0.034732052114687155,4.2315507714602525,-7.47,-14.780000000000001,-0.07,16.434214,0.1905086,0.5991399
0 days 00:00:06.530000,-0.0007075659129706742,-8.45622,-0.7063200000000002,10.320120000000001,42.16142490372272,42.16142490372272,42.16142490372272,42.16142490372272,-0.01308996938995747,0.0036651914291880917,-0.027401669256310976,-5.0,2.99,97.5,2,2,70.0,4,0.2,16.365000000000002,-0.035,52.648528,9.745643099999999,33.51,32.21,52.648520299999994,9.7456432,-0.0158824961931484,-0.034732052114687155,4.231201705609854,-7.47,-14.780000000000001,-0.07,16.353916,0.19039398,0.6063549
0 days 00:00:06.540000,-0.0007075659129706742,-7.946100000000001,-0.737712,9.609876,42.729728284124946,42.729728284124946,42.729728284124946,42.729728284124946,-0.014835298641951801,-0.02495820830351891,-0.02199114857512855,-5.0,2.99,99.9,2,2,70.0,4,0.195,16.285,-0.035,52.648528,9.745643099999999,33.51,32.21,52.648519,9.7456421,-0.016057029118347832,-0.034557519189487726,4.231027172684653,-7.47,-14.780000000000001,-0.07,16.274067,0.185379,0.6006902
0 days 00:00:06.550000,-0.000825493565132453,-6.808140000000001,-0.3531600000000001,8.927100000000001,43.76604621309371,43.76604621309371,43.76604621309371,43.76604621309371,-0.012566370614359173,-0.016755160819145562,-0.015533430342749534,-5.0,2.99,121.35,2,2,70.0,4,0.195,16.22,-0.03,52.648528,9.745643099999999,33.51,32.21,52.6485177,9.745640999999999,-0.016231562043547264,-0.03438298626428829,4.230852639759455,-7.47,-14.780000000000001,-0.07,16.209381,0.18543763,0.59065205
0 days 00:00:06.560000,-0.0005896382608088951,-6.874848,-0.28252800000000006,9.417600000000002,45.611360718870344,45.611360718870344,45.611360718870344,45.611360718870344,-0.002617993877991494,0.018500490071139894,-0.012217304763960306,-5.0,2.99,142.79999999999998,2,2,70.0,4,0.195,16.155,-0.025,52.648528,9.745643099999999,33.51,32.21,52.6485164,9.745639899999999,-0.016231562043547264,-0.034557519189487726,4.2306781068342545,-7.47,-14.780000000000001,-0.07,16.144491,0.18550926,0.58623886
0 days 00:00:06.570000,-0.0004717106086471161,-7.957872000000001,-0.9103680000000001,9.641268,48.26567180145486,48.26567180145486,48.26567180145486,48.26567180145486,0.00645771823237902,-0.010122909661567111,-0.009599310885968814,-5.0,2.99,151.04999999999998,2,2,70.0,4,0.19,16.080000000000002,-0.03,52.6485214,9.7456376,33.52,32.21,52.6485151,9.7456388,-0.016231562043547264,-0.03438298626428829,4.2306781068342545,-7.32,-14.4,0.11,16.069464,0.1805164,0.5857589
0 days 00:00:06.580000,-0.0004717106086471161,-7.530156000000001,-0.7259400000000001,9.284184,51.013585793752675,51.013585793752675,51.013585793752675,51.013585793752675,0.013962634015954637,-0.01117010721276371,-0.0036651914291880917,-5.0,2.99,159.29999999999998,2,2,70.0,4,0.185,16.01,-0.025,52.6485214,9.7456376,33.52,32.21,52.648513799999996,9.745637799999999,-0.016057029118347832,-0.03438298626428829,4.2306781068342545,-7.32,-14.4,0.11,15.999679,0.17573817,0.5782446
0 days 00:00:06.590000,-0.0004717106086471161,-6.623712,-0.8083440000000001,9.539244,52.517918271287975,52.517918271287975,52.517918271287975,52.517918271287975,0.010471975511965976,0.0008726646259971648,-0.00471238898038469,-5.0,2.99,139.5,2,2,70.0,4,0.18,15.945,-0.025,52.6485214,9.7456376,33.52,32.21,52.648512499999995,9.7456367,-0.016057029118347832,-0.03438298626428829,4.2306781068342545,-7.32,-14.4,0.11,15.934716,0.17077468,0.5759302
0 days 00:00:06.600000,-0.0005896382608088951,-7.467372,-0.9339120000000001,8.777988,51.63537655113394,51.63537655113394,51.63537655113394,51.63537655113394,0.012042771838760874,-0.014660765716752367,-0.003316125578789226,-5.0,2.99,119.69999999999999,2,2,70.0,4,0.17,15.875,-0.015,52.6485214,9.7456376,33.52,32.21,52.648511299999996,9.7456356,-0.0158824961931484,-0.03420845333908886,4.230503573909056,-7.32,-14.4,0.11,15.865199,0.16111737,0.56057405
0 days 00:00:06.610000,-0.0005896382608088951,-6.984720000000001,-0.349236,9.492156000000001,50.71271929824561,50.71271929824561,50.71271929824561,50.71271929824561,0.0031415926535897933,0.016929693744344998,-0.004014257279586958,-5.0,2.99,107.1,2,2,70.0,4,0.17,15.805,-0.015,52.6485214,9.7456376,33.52,32.21,52.648509999999995,9.745634599999999,-0.0158824961931484,-0.03438298626428829,4.230503573909056,-7.32,-14.4,0.11,15.795143,0.16111162,0.56093675
0 days 00:00:06.620000,-0.0003537829564853371,-8.134452000000001,-0.506196,10.033668000000002,49.99732563115105,49.99732563115105,49.99732563115105,49.99732563115105,0.003490658503988659,-0.007504915783575617,0.00034906585039886593,-5.0,2.99,94.5,2,2,70.0,4,0.155,15.73,-0.06,52.6485147,9.745632299999999,33.480000000000004,32.22,52.6485087,9.7456335,-0.015533430342749533,-0.034732052114687155,4.230852639759455,-7.23,-13.99,0.27,15.71843,0.14556548,0.60852355
0 days 00:00:06.630000,-0.00023585530432355804,-7.7302800000000005,-0.5258160000000001,9.044820000000001,49.58279845956354,49.58279845956354,49.58279845956354,49.58279845956354,0.005934119456780722,-0.032812189937493394,0.00471238898038469,-5.0,2.99,99.89999999999999,2,2,70.0,4,0.15,15.655000000000001,-0.055,52.6485147,9.745632299999999,33.480000000000004,32.22,52.6485075,9.7456324,-0.015533430342749533,-0.03438298626428829,4.230852639759455,-7.23,-13.99,0.27,15.643856,0.14076898,0.59538555
0 days 00:00:06.640000,-0.0003537829564853371,-6.215616000000001,-0.5768280000000001,9.209628,49.549368848951644,49.549368848951644,49.549368848951644,49.549368848951644,-0.0013962634015954637,0.0022689280275926286,0.004886921905584123,-5.0,2.99,105.29999999999998,2,2,70.0,4,0.145,15.595,-0.055,52.6485147,9.745632299999999,33.480000000000004,32.22,52.6485062,9.745631399999999,-0.015533430342749533,-0.03438298626428829,4.231027172684653,-7.23,-13.99,0.27,15.583892,0.1358016,0.59324557
0 days 00:00:06.650000,-0.0004717106086471161,-7.918632000000001,-0.463032,9.613800000000001,49.33541934103552,49.33541934103552,49.33541934103552,49.33541934103552,-0.005585053606381855,0.040491638646268445,0.0015707963267948967,-5.0,2.99,120.74999999999999,2,2,70.0,4,0.14,15.52,-0.055,52.6485147,9.745632299999999,33.480000000000004,32.22,52.648505,9.7456303,-0.015533430342749533,-0.034732052114687155,4.231027172684653,-7.23,-13.99,0.27,15.508731,0.13075818,0.5960029
0 days 00:00:06.660000,-0.0004717106086471161,-9.813924,0.04316400000000001,8.675964,48.847347026101836,48.847347026101836,48.847347026101836,48.847347026101836,-0.016057029118347832,-0.025132741228718346,0.0006981317007977319,-5.0,2.99,136.2,2,2,70.0,4,0.14,15.425,-0.045,52.6485147,9.745632299999999,33.480000000000004,32.22,52.6485038,9.7456293,-0.015707963267948967,-0.034557519189487726,4.231027172684653,-7.23,-13.99,0.27,15.414236,0.13090521,0.58004457
0 days 00:00:06.670000,-0.0003537829564853371,-7.585092,-0.40024800000000005,9.056592,48.76043003851091,48.76043003851091,48.76043003851091,48.76043003851091,-0.006806784082777885,-0.06597344572538566,0.009250245035569947,-5.0,2.99,126.3,2,2,70.0,4,0.11,15.36,-0.055,52.6485085,9.7456268,33.51,32.230000000000004,52.6485025,9.745628199999999,-0.015184364492350668,-0.03420845333908886,4.2315507714602525,-7.13,-13.715,0.15,15.349133,0.10117606,0.58191055
0 days 00:00:06.680000,0.0,-5.501448000000001,-0.223668,9.551016,49.13484167736414,49.13484167736414,49.13484167736414,49.13484167736414,0.004537856055185257,0.041887902047863905,0.012740903539558606,-5.0,2.99,116.4,2,2,70.0,4,0.105,15.305,-0.055,52.6485085,9.7456268,33.51,32.230000000000004,52.6485013,9.7456272,-0.015184364492350668,-0.034557519189487726,4.231725304385451,-7.13,-13.715,0.15,15.293962,0.09612414,0.58529174
0 days 00:00:06.690000,0.00011792765216177902,-8.844696,-0.51012,9.429372,49.37553487376979,49.37553487376979,49.37553487376979,49.37553487376979,-0.0017453292519943296,0.04345869837465881,0.0013962634015954637,-5.0,2.99,105.45,2,2,70.0,4,0.1,15.22,-0.05,52.6485085,9.7456268,33.51,32.230000000000004,52.6485001,9.7456262,-0.015184364492350668,-0.03508111796508603,4.231725304385451,-7.13,-13.715,0.15,15.208881,0.09112427,0.5852455
0 days 00:00:06.700000,-0.00011792765216177902,-9.574560000000002,-0.6670800000000001,8.507232000000002,49.1482135216089,49.1482135216089,49.1482135216089,49.1482135216089,0.0005235987755982988,-0.08028514559173917,-0.0041887902047863905,-5.0,2.99,94.5,2,2,70.0,4,0.095,15.13,-0.04,52.6485085,9.7456268,33.51,32.230000000000004,52.6484989,9.7456252,-0.015184364492350668,-0.03420845333908886,4.231725304385451,-7.13,-13.715,0.15,15.11978,0.08652485,0.55882776
0 days 00:00:06.710000,-0.00011792765216177902,-4.901076000000001,0.011772000000000001,9.327348,48.74037227214377,48.74037227214377,48.74037227214377,48.74037227214377,0.008377580409572781,-0.023212879051524585,0.002617993877991494,-5.0,2.99,96.3,2,2,70.0,4,0.1,15.085,-0.04,52.6485085,9.7456268,33.51,32.230000000000004,52.6484976,9.745624099999999,-0.015184364492350668,-0.034033920413889425,4.231725304385451,-7.13,-13.715,0.15,15.0749035,0.0915876,0.554734
0 days 00:00:06.720000,0.0004717106086471161,-5.756508,-0.32176800000000005,10.645812,48.7002567394095,48.7002567394095,48.7002567394095,48.7002567394095,0.0158824961931484,0.07278022980816354,0.0031415926535897933,-5.0,2.99,98.1,2,2,70.0,4,0.085,15.030000000000001,-0.05,52.6485026,9.7456216,33.47,32.230000000000004,52.6484964,9.7456231,-0.014835298641951801,-0.034732052114687155,4.231899837310651,-6.955,-13.42,0.05,15.019198,0.07650684,0.57308567
0 days 00:00:06.730000,0.0005896382608088951,-10.626192000000001,-1.05948,8.597484000000001,48.51305091998288,48.51305091998288,48.51305091998288,48.51305091998288,0.016755160819145562,-0.008552113334772213,-0.0019198621771937623,-5.0,2.99,109.5,2,2,70.0,4,0.075,14.93,-0.04,52.6485026,9.7456216,33.47,32.230000000000004,52.6484952,9.7456221,-0.014660765716752368,-0.034732052114687155,4.231899837310651,-6.955,-13.42,0.05,14.919608,0.066805355,0.5594607
0 days 00:00:06.740000,0.00023585530432355804,-8.39736,-0.37278,7.993188000000001,48.24561403508771,48.24561403508771,48.24561403508771,48.24561403508771,0.020420352248333655,-0.059341194567807204,-0.0017453292519943296,-5.0,2.99,120.9,2,2,70.0,4,0.075,14.845,-0.025,52.6485026,9.7456216,33.47,32.230000000000004,52.6484941,9.7456211,-0.014486232791552936,-0.03420845333908886,4.231899837310651,-6.955,-13.42,0.05,14.83546,0.06727543,0.53374135
0 days 00:00:06.750000,0.0003537829564853371,-5.446512,-0.133416,10.685052,47.59039366709457,47.59039366709457,47.59039366709457,47.59039366709457,0.022689280275926284,0.05183627878423159,-0.0013962634015954637,-5.0,2.99,122.4,2,2,70.0,4,0.075,14.795,-0.035,52.6485026,9.7456216,33.47,32.230000000000004,52.6484929,9.7456201,-0.014137166941154071,-0.034732052114687155,4.231899837310651,-6.955,-13.42,0.05,14.7848625,0.06723519,0.5497417
0 days 00:00:06.760000,0.0005896382608088951,-10.249488,-0.49050000000000005,9.594180000000001,47.095635430038506,47.095635430038506,47.095635430038506,47.095635430038506,0.030717794835100197,0.033859387488689996,-0.00471238898038469,-5.0,2.99,123.9,2,2,70.0,4,0.07,14.695,-0.035,52.6485026,9.7456216,33.47,32.230000000000004,52.6484917,9.745619099999999,-0.013788101090755204,-0.03508111796508603,4.231899837310651,-6.955,-13.42,0.05,14.684731,0.062404756,0.55130255
0 days 00:00:06.770000,0.0003537829564853371,-10.433916000000002,0.28252800000000006,7.4634480000000005,46.286638853230635,46.286638853230635,46.286638853230635,46.286638853230635,0.011344640137963142,-0.07173303225696695,-0.013264502315156903,-5.0,2.99,118.95,2,2,70.0,4,0.085,14.59,-0.01,52.648496599999994,9.7456166,33.480000000000004,32.24,52.648490499999994,9.7456181,-0.013962634015954637,-0.034033920413889425,4.2315507714602525,-6.745,-13.105,-0.035,14.58121,0.077920526,0.5075907
0 days 00:00:06.780000,0.00011792765216177902,-5.018796000000001,0.22759200000000002,10.041516000000001,44.84247967479674,44.84247967479674,44.84247967479674,44.84247967479674,0.008203047484373348,-0.06283185307179587,-0.007853981633974483,-5.0,2.99,114.0,2,2,70.0,4,0.09,14.540000000000001,-0.015,52.648496599999994,9.7456166,33.480000000000004,32.24,52.648489399999995,9.745617099999999,-0.013788101090755204,-0.033335788713091695,4.2315507714602525,-6.745,-13.105,-0.035,14.531423,0.08310307,0.5007977
0 days 00:00:06.790000,0.0004717106086471161,-4.457664,0.16480800000000004,11.862252000000002,42.863446726572526,42.863446726572526,42.863446726572526,42.863446726572526,0.02199114857512855,0.05759586531581287,0.0027925268031909274,-5.0,2.99,108.0,2,2,70.0,4,0.095,14.5,-0.035,52.648496599999994,9.7456166,33.480000000000004,32.24,52.648488199999996,9.7456161,-0.013613568165555772,-0.034033920413889425,4.2315507714602525,-6.745,-13.105,-0.035,14.490412,0.087798335,0.5296205
0 days 00:00:06.800000,0.0010613488694560112,-9.751140000000001,-0.266832,9.350892000000002,40.583547282841245,40.583547282841245,40.583547282841245,40.583547282841245,0.016406094968746697,0.026878070480712675,0.004537856055185257,-5.0,2.99,102.0,2,2,70.0,4,0.09,14.405000000000001,-0.035,52.648496599999994,9.7456166,33.480000000000004,32.24,52.648486999999996,9.7456151,-0.013439035240356337,-0.03420845333908886,4.2315507714602525,-6.745,-13.105,-0.035,14.395375,0.0829009,0.528818
0 days 00:00:06.810000,0.000825493565132453,-10.002276000000002,-0.258984,8.079516,38.30364783910997,38.30364783910997,38.30364783910997,38.30364783910997,-0.0027925268031909274,-0.028448866807507574,-0.00645771823237902,-5.0,2.99,108.89999999999999,2,2,70.0,4,0.09,14.31,-0.02,52.648496599999994,9.7456166,33.480000000000004,32.24,52.6484859,9.7456142,-0.013439035240356337,-0.034033920413889425,4.2315507714602525,-6.745,-13.105,-0.035,14.301032,0.08317957,0.50808346
0 days 00:00:06.820000,0.0005896382608088951,-6.9140880000000005,0.6160680000000002,9.841392,38.50422550278134,38.50422550278134,38.50422550278134,38.50422550278134,-0.002617993877991494,-0.05201081170943102,-0.0010471975511965976,-5.0,2.99,115.79999999999998,2,2,70.0,4,0.095,14.24,-0.0,52.6484911,9.7456116,33.51,32.24,52.6484848,9.7456132,-0.013439035240356337,-0.033161255787892266,4.2315507714602525,-6.59,-12.775,-0.185,14.232171,0.08864664,0.4733638
0 days 00:00:06.830000,0.0009434212172942321,-5.010948000000001,0.20797200000000002,11.611116,40.89778562259306,40.89778562259306,40.89778562259306,40.89778562259306,0.0158824961931484,0.01361356816555577,0.007853981633974483,-5.0,2.99,112.94999999999999,2,2,70.0,4,0.095,14.195,-0.02,52.6484911,9.7456116,33.51,32.24,52.6484836,9.7456122,-0.013264502315156905,-0.033335788713091695,4.231725304385451,-6.59,-12.775,-0.185,14.186447,0.088451065,0.49431953
0 days 00:00:06.840000,0.001650987130264906,-7.887240000000001,-0.7102440000000001,9.684432000000001,43.93319426615319,43.93319426615319,43.93319426615319,43.93319426615319,0.024783675378319478,0.022514747350726852,0.009948376736367679,-5.0,2.99,110.1,2,2,70.0,4,0.09,14.120000000000001,-0.02,52.6484911,9.7456116,33.51,32.24,52.6484825,9.7456113,-0.012915436464758038,-0.033510321638291124,4.231899837310651,-6.59,-12.775,-0.185,14.1114025,0.08362451,0.49418718
0 days 00:00:06.850000,0.001650987130264906,-8.444448000000001,-0.153036,9.229248000000002,46.875,46.875,46.875,46.875,0.011519173063162576,-0.010821041362364843,0.0010471975511965976,-5.0,2.99,113.39999999999999,2,2,70.0,4,0.085,14.040000000000001,-0.02,52.6484911,9.7456116,33.51,32.24,52.648481399999994,9.7456103,-0.012915436464758038,-0.033335788713091695,4.231899837310651,-6.59,-12.775,-0.185,14.031533,0.07869118,0.4889938
0 days 00:00:06.860000,0.0011792765216177901,-7.3261080000000005,-0.16480800000000004,10.072908000000002,46.286638853230635,46.286638853230635,46.286638853230635,46.286638853230635,0.015358897417550098,-0.02775073510670984,-0.00034906585039886593,-5.0,2.99,116.69999999999999,2,2,70.0,4,0.085,13.97,-0.025,52.6484911,9.7456116,33.51,32.24,52.648480199999995,9.7456094,-0.012740903539558606,-0.033161255787892266,4.231899837310651,-6.59,-12.775,-0.185,13.961491,0.07877362,0.48920745
0 days 00:00:06.870000,0.0011792765216177901,-6.172452,-0.38847600000000004,10.249488,44.989569961489096,44.989569961489096,44.989569961489096,44.989569961489096,0.012740903539558606,-0.0020943951023931952,0.0017453292519943296,-5.0,2.99,107.1,2,2,70.0,4,0.09,13.905000000000001,-0.01,52.6484853,9.745607099999999,33.46,32.25,52.648479099999996,9.7456084,-0.012740903539558606,-0.032637657012293965,4.231725304385451,-6.375,-12.47,-0.17,13.897268,0.084084384,0.4648497
0 days 00:00:06.880000,0.0012972041737795694,-7.738128000000001,-0.21189600000000003,10.508472000000001,43.966623876765084,43.966623876765084,43.966623876765084,43.966623876765084,0.014311699866353502,0.022863813201125717,0.0036651914291880917,-5.0,2.99,97.5,2,2,70.0,4,0.09,13.83,-0.02,52.6484853,9.745607099999999,33.46,32.25,52.648478,9.7456075,-0.012566370614359171,-0.03298672286269283,4.231725304385451,-6.375,-12.47,-0.17,13.821816,0.08401005,0.4772061
0 days 00:00:06.890000,0.0015330594781031272,-9.252792000000001,0.16088400000000003,9.331272,44.26749037227214,44.26749037227214,44.26749037227214,44.26749037227214,0.012042771838760874,-0.01117010721276371,0.003490658503988659,-5.0,2.99,102.0,2,2,70.0,4,0.09,13.74,-0.015,52.6484853,9.745607099999999,33.46,32.25,52.6484769,9.7456065,-0.012566370614359171,-0.0328121899374934,4.231725304385451,-6.375,-12.47,-0.17,13.732112,0.084140256,0.4668447
0 days 00:00:06.900000,0.001650987130264906,-7.804836000000002,-0.10202400000000002,9.5157,44.4078947368421,44.4078947368421,44.4078947368421,44.4078947368421,0.002617993877991494,-0.017278759594743863,0.0022689280275926286,-5.0,2.99,106.5,2,2,70.0,4,0.09,13.665000000000001,-0.015,52.6484853,9.745607099999999,33.46,32.25,52.6484758,9.7456056,-0.012391837689159739,-0.032637657012293965,4.231725304385451,-6.375,-12.47,-0.17,13.657233,0.084281765,0.4619863
0 days 00:00:06.910000,0.0015330594781031272,-7.333956000000001,0.066708,10.602648,44.334349593495936,44.334349593495936,44.334349593495936,44.334349593495936,0.0005235987755982988,0.009948376736367679,0.005061454830783556,-5.0,2.99,114.45,2,2,70.0,4,0.095,13.595,-0.025,52.6484853,9.745607099999999,33.46,32.25,52.648474699999994,9.7456047,-0.012391837689159739,-0.0328121899374934,4.231899837310651,-6.375,-12.47,-0.17,13.586862,0.08915644,0.4721293
0 days 00:00:06.920000,0.001650987130264906,-8.687736000000001,0.066708,10.147464000000001,43.712558836114674,43.712558836114674,43.712558836114674,43.712558836114674,0.008377580409572781,-0.020071286397934793,0.008552113334772213,-5.0,2.99,122.4,2,2,70.0,4,0.09,13.51,-0.015,52.648479699999996,9.7456023,33.480000000000004,32.25,52.6484737,9.7456038,-0.012217304763960308,-0.0322885911618951,4.231899837310651,-6.26,-12.135,-0.145,13.502474,0.08448177,0.45220113
0 days 00:00:06.930000,0.0018868424345884643,-7.718508000000001,0.0,9.468612,43.44512195121951,43.44512195121951,43.44512195121951,43.44512195121951,0.006981317007977318,-0.02181661564992912,0.009599310885968814,-5.0,2.99,127.5,2,2,70.0,4,0.09,13.435,-0.015,52.648479699999996,9.7456023,33.480000000000004,32.25,52.6484726,9.7456029,-0.012217304763960308,-0.032114058236695664,4.23207437023585,-6.26,-12.135,-0.145,13.427591,0.08453998,0.4474367
0 days 00:00:06.940000,0.0018868424345884643,-7.027884000000001,0.180504,10.210248,43.425064184852374,43.425064184852374,43.425064184852374,43.425064184852374,0.0017453292519943296,-0.0019198621771937623,0.009773843811168246,-5.0,2.99,132.6,2,2,70.0,4,0.09,13.370000000000001,-0.02,52.648479699999996,9.7456023,33.480000000000004,32.25,52.6484715,9.745602,-0.012217304763960308,-0.032114058236695664,4.23224890316105,-6.26,-12.135,-0.145,13.362464,0.08450442,0.45034686
0 days 00:00:06.950000,0.0018868424345884643,-8.205084000000001,0.23936400000000002,9.900252000000002,43.31140350877193,43.31140350877193,43.31140350877193,43.31140350877193,-0.0036651914291880917,-0.014311699866353502,0.013264502315156903,-5.0,2.99,117.89999999999999,2,2,70.0,4,0.095,13.290000000000001,-0.025,52.648479699999996,9.7456023,33.480000000000004,32.25,52.6484704,9.7456011,-0.012217304763960308,-0.031939525311496235,4.23224890316105,-6.26,-12.135,-0.145,13.282423,0.08950269,0.4505184
0 days 00:00:06.960000,0.0020047700867502436,-8.381664,-0.192276,9.170388,42.81664527171588,42.81664527171588,42.81664527171588,42.81664527171588,0.0010471975511965976,-0.022514747350726852,0.012740903539558606,-5.0,2.99,103.19999999999999,2,2,70.0,4,0.09,13.21,-0.02,52.648479699999996,9.7456023,33.480000000000004,32.25,52.648469399999996,9.7456002,-0.012217304763960308,-0.0317649923862968,4.232423436086249,-6.26,-12.135,-0.145,13.202701,0.08462349,0.44060162
0 days 00:00:06.970000,0.0018868424345884643,-7.659648000000001,0.08240400000000002,9.056592,42.181482670089856,42.181482670089856,42.181482670089856,42.181482670089856,-0.006981317007977318,-0.003490658503988659,0.005759586531581288,-5.0,2.99,99.6,2,2,70.0,4,0.09,13.135,-0.005,52.6484743,9.745597799999999,33.49,32.26,52.6484683,9.7455993,-0.012217304763960308,-0.03159045946109736,4.232597969011449,-6.08,-11.81,-0.055,13.128288,0.084863745,0.42093736
0 days 00:00:06.980000,0.0018868424345884643,-8.224704000000001,0.125568,9.613800000000001,41.93410355156183,41.93410355156183,41.93410355156183,41.93410355156183,-0.006981317007977318,0.004537856055185257,0.003316125578789226,-5.0,2.99,96.0,2,2,70.0,4,0.09,13.055,-0.01,52.6484743,9.745597799999999,33.49,32.26,52.6484673,9.7455984,-0.012217304763960308,-0.03159045946109736,4.232597969011449,-6.08,-11.81,-0.055,13.048171,0.08483356,0.42340788
0 days 00:00:06.990000,0.0020047700867502436,-8.71128,0.3296160000000001,9.425448000000001,42.03439238339752,42.03439238339752,42.03439238339752,42.03439238339752,-0.009075712110370514,-0.014311699866353502,0.0036651914291880917,-5.0,2.99,104.55,2,2,70.0,4,0.095,12.97,-0.005,52.6484743,9.745597799999999,33.49,32.26,52.648466199999994,9.745597499999999,-0.012391837689159739,-0.031415926535897934,4.232772501936648,-6.08,-11.81,-0.055,12.963443,0.0898825,0.41354063
0 days 00:00:07,0.0021226977389120225,-7.844076000000001,-0.27075600000000005,9.896328000000002,41.94078947368421,41.94078947368421,41.94078947368421,41.94078947368421,0.00034906585039886593,-0.015184364492350668,0.0019198621771937623,-5.0,2.99,113.1,2,2,70.0,4,0.09,12.895,-0.01,52.6484743,9.745597799999999,33.49,32.26,52.6484652,9.745596599999999,-0.012391837689159739,-0.031415926535897934,4.232772501936648,-6.08,-11.81,-0.055,12.888324,0.08485016,0.41612023
0 days 00:00:07.010000,0.0021226977389120225,-7.7459760000000015,0.33354000000000006,9.480384,41.766955498502355,41.766955498502355,41.766955498502355,41.766955498502355,0.0027925268031909274,0.0031415926535897933,0.0017453292519943296,-5.0,2.99,120.3,2,2,70.0,4,0.095,12.82,-0.01,52.6484743,9.745597799999999,33.49,32.26,52.6484642,9.7455958,-0.012391837689159739,-0.031415926535897934,4.232772501936648,-6.08,-11.81,-0.055,12.813359,0.08987896,0.41382653
0 days 00:00:07.020000,0.0021226977389120225,-8.754444000000001,-0.298224,9.111528000000002,41.372486093281985,41.372486093281985,41.372486093281985,41.372486093281985,0.006283185307179587,-0.0041887902047863905,0.0017453292519943296,-5.0,2.99,127.5,2,2,70.0,4,0.09,12.735,-0.005,52.648469299999995,9.745593399999999,33.53,32.26,52.648463199999995,9.7455949,-0.012217304763960308,-0.031415926535897934,4.232772501936648,-5.8950000000000005,-11.435,0.02,12.728558,0.08504523,0.40608287
0 days 00:00:07.030000,0.0021226977389120225,-8.5347,-0.231516,8.931024,40.717265725288826,40.717265725288826,40.717265725288826,40.717265725288826,0.012740903539558606,-0.009948376736367679,0.00034906585039886593,-5.0,2.99,121.35,2,2,70.0,4,0.09,12.655000000000001,-0.0,52.648469299999995,9.745593399999999,33.53,32.26,52.648462099999996,9.7455941,-0.012042771838760876,-0.031241393610698498,4.232772501936648,-5.8950000000000005,-11.435,0.02,12.648825,0.08523314,0.39635068
0 days 00:00:07.040000,0.0021226977389120225,-7.8833160000000015,-0.062784,9.24102,39.58734488660676,39.58734488660676,39.58734488660676,39.58734488660676,0.013788101090755204,0.0024434609527920616,-0.0024434609527920616,-5.0,2.99,115.19999999999999,2,2,70.0,4,0.09,12.58,0.005,52.648469299999995,9.745593399999999,33.53,32.26,52.6484611,9.7455932,-0.011868238913561441,-0.031241393610698498,4.232772501936648,-5.8950000000000005,-11.435,0.02,12.574018,0.08538943,0.38899603
0 days 00:00:07.050000,0.0021226977389120225,-7.6007880000000005,-0.40417200000000003,9.963036,38.73823277706461,38.73823277706461,38.73823277706461,38.73823277706461,0.018500490071139894,0.006283185307179587,-0.002617993877991494,-5.0,2.99,105.0,2,2,70.0,4,0.085,12.505,-0.0,52.648469299999995,9.745593399999999,33.53,32.26,52.648460099999994,9.7455924,-0.011693705988362009,-0.031241393610698498,4.232772501936648,-5.8950000000000005,-11.435,0.02,12.498898,0.08042661,0.39157733
0 days 00:00:07.060000,0.0022406253910738014,-7.765596000000001,-0.129492,8.636724000000001,37.90249251176723,37.90249251176723,37.90249251176723,37.90249251176723,0.012391837689159739,-0.00890117918517108,-0.004014257279586958,-5.0,2.99,94.8,2,2,70.0,4,0.085,12.43,0.01,52.648469299999995,9.745593399999999,33.53,32.26,52.6484591,9.7455915,-0.011693705988362009,-0.031241393610698498,4.232772501936648,-5.8950000000000005,-11.435,0.02,12.424248,0.080570884,0.3792403
0 days 00:00:07.070000,0.0021226977389120225,-6.859152000000001,-0.39632400000000007,10.096452000000001,36.498448866067605,36.498448866067605,36.498448866067605,36.498448866067605,0.011868238913561443,0.03490658503988659,-0.005585053606381855,-5.0,2.99,98.85,2,2,70.0,4,0.08,12.370000000000001,-0.01,52.6484643,9.745588699999999,33.6,32.26,52.6484581,9.7455907,-0.011344640137963142,-0.0317649923862968,4.232772501936648,-5.745,-11.105,0.125,12.363441,0.07542462,0.4037434
0 days 00:00:07.080000,0.0018868424345884643,-8.962416000000001,-0.17658000000000004,10.292652000000002,34.32552417629439,34.32552417629439,34.32552417629439,34.32552417629439,0.003316125578789226,0.04921828490624009,-0.0054105206811824215,-5.0,2.99,102.9,2,2,70.0,4,0.08,12.285,-0.015,52.6484643,9.745588699999999,33.6,32.26,52.648457199999996,9.7455898,-0.011344640137963142,-0.0322885911618951,4.232772501936648,-5.745,-11.105,0.125,12.278111,0.07532562,0.41246966
0 days 00:00:07.090000,0.0017689147824266852,-9.433296,0.24328800000000003,8.271792000000001,31.865104835258876,31.865104835258876,31.865104835258876,31.865104835258876,-0.01291543646475804,-0.05201081170943102,-0.008726646259971648,-5.0,2.99,111.0,2,2,70.0,4,0.08,12.19,-0.005,52.6484643,9.745588699999999,33.6,32.26,52.6484562,9.745588999999999,-0.011519173063162575,-0.0317649923862968,4.232772501936648,-5.745,-11.105,0.125,12.18369,0.07547758,0.39304307
0 days 00:00:07.100000,0.0018868424345884643,-5.25816,0.09417600000000001,9.758988,31.183140778776206,31.183140778776206,31.183140778776206,31.183140778776206,-0.009075712110370514,-0.02234021442552742,0.0006981317007977319,-5.0,2.99,119.1,2,2,70.0,4,0.085,12.14,-0.005,52.6484643,9.745588699999999,33.6,32.26,52.6484552,9.7455882,-0.011519173063162575,-0.03159045946109736,4.232772501936648,-5.745,-11.105,0.125,12.133785,0.08051994,0.38939524
0 days 00:00:07.110000,0.0022406253910738014,-5.772204,0.5611320000000001,10.908720000000002,32.08574026529739,32.08574026529739,32.08574026529739,32.08574026529739,-0.007679448708775049,0.08464846872172499,0.007504915783575617,-5.0,2.99,115.19999999999999,2,2,70.0,4,0.09,12.085,-0.015,52.6484643,9.745588699999999,33.6,32.27,52.648454199999996,9.7455874,-0.011693705988362009,-0.03246312408709453,4.232772501936648,-5.745,-11.105,0.125,12.078145,0.08523181,0.4082646
0 days 00:00:07.120000,0.002594408347559139,-10.940112000000001,-0.43556400000000006,9.080136000000001,34.32552417629439,34.32552417629439,34.32552417629439,34.32552417629439,-0.006981317007977318,0.03106686068549907,0.00645771823237902,-5.0,2.99,111.29999999999998,2,2,70.0,4,0.09,11.975,-0.02,52.648459499999994,9.7455845,33.57,32.27,52.6484533,9.7455865,-0.011693705988362009,-0.032637657012293965,4.232772501936648,-5.53,-10.75,0.04,11.967971,0.0851907,0.41178024
0 days 00:00:07.130000,0.002594408347559139,-9.386208000000002,0.09417600000000001,7.404588,37.421106118955926,37.421106118955926,37.421106118955926,37.421106118955926,-0.030019663134302467,-0.041189770347066175,-0.0012217304763960308,-5.0,2.99,109.79999999999998,2,2,70.0,4,0.09,11.885,-0.0,52.648459499999994,9.7455845,33.57,32.27,52.648452299999995,9.7455857,-0.012042771838760876,-0.0322885911618951,4.232772501936648,-5.53,-10.75,0.04,11.878805,0.08537298,0.38473922
0 days 00:00:07.140000,0.0024764806953973596,-4.563612,-0.14126400000000003,10.622268,39.4469405220368,39.4469405220368,39.4469405220368,39.4469405220368,-0.01937315469713706,-0.0031415926535897933,0.0013962634015954637,-5.0,2.99,108.29999999999998,2,2,70.0,4,0.09,11.84,-0.01,52.648459499999994,9.7455845,33.57,32.27,52.6484514,9.745585,-0.012217304763960308,-0.0322885911618951,4.232947034861848,-5.53,-10.75,0.04,11.833506,0.08520147,0.39329553
0 days 00:00:07.150000,0.0028302636518826967,-5.654484000000001,-0.17265600000000003,10.155312000000002,38.791720154043645,38.791720154043645,38.791720154043645,38.791720154043645,-0.007155849933176751,0.06335545184739416,0.004537856055185257,-5.0,2.99,103.64999999999999,2,2,70.0,4,0.09,11.790000000000001,-0.015,52.648459499999994,9.7455845,33.57,32.27,52.648450399999994,9.7455842,-0.012217304763960308,-0.0328121899374934,4.232947034861848,-5.53,-10.75,0.04,11.783161,0.08508476,0.4028478
0 days 00:00:07.160000,0.0029481913040444755,-8.774064000000001,-0.9888480000000001,8.860392000000001,37.90249251176723,37.90249251176723,37.90249251176723,37.90249251176723,-0.015184364492350668,0.04258603374866164,-0.007679448708775049,-5.0,2.99,99.0,2,2,70.0,4,0.08,11.705,-0.005,52.648459499999994,9.7455845,33.57,32.27,52.6484495,9.7455834,-0.012391837689159739,-0.033335788713091695,4.232772501936648,-5.53,-10.75,0.04,11.69833,0.07509772,0.39608136
0 days 00:00:07.170000,0.002594408347559139,-9.217476,-0.20404800000000003,9.033048,37.50802310654685,37.50802310654685,37.50802310654685,37.50802310654685,-0.008028514559173916,-0.023038346126325153,-0.010995574287564275,-5.0,2.99,96.3,2,2,70.0,4,0.08,11.615,-0.0,52.648454699999995,9.7455806,33.58,32.27,52.648448599999995,9.745582599999999,-0.012566370614359171,-0.03298672286269283,4.232772501936648,-5.36,-10.51,-0.015,11.608681,0.075179994,0.38404635
0 days 00:00:07.180000,0.002594408347559139,-6.670800000000001,0.07848000000000001,9.551016,37.39436243046641,37.39436243046641,37.39436243046641,37.39436243046641,-0.0019198621771937623,0.02234021442552742,-0.007504915783575617,-5.0,2.99,93.6,2,2,70.0,4,0.085,11.55,-0.0,52.648454699999995,9.7455806,33.58,32.27,52.6484476,9.7455818,-0.012566370614359171,-0.033161255787892266,4.232772501936648,-5.36,-10.51,-0.015,11.54365,0.08018122,0.3839802
0 days 00:00:07.190000,0.0027123359997209178,-7.341804000000001,-0.145188,9.813924,37.23390029952931,37.23390029952931,37.23390029952931,37.23390029952931,-0.014835298641951801,0.04328416544945937,-0.01117010721276371,-5.0,2.99,99.14999999999999,2,2,70.0,4,0.085,11.48,-0.005,52.648454699999995,9.7455806,33.58,32.27,52.6484467,9.745581,-0.012740903539558606,-0.03368485456349056,4.232597969011449,-5.36,-10.51,-0.015,11.473319,0.08000357,0.39267728
0 days 00:00:07.200000,0.002594408347559139,-9.14292,0.027468000000000003,9.621648,37.193784766795034,37.193784766795034,37.193784766795034,37.193784766795034,-0.003316125578789226,-0.05061454830783556,-0.0008726646259971648,-5.0,2.99,104.69999999999999,2,2,70.0,4,0.085,11.39,-0.005,52.648454699999995,9.7455806,33.58,32.27,52.6484458,9.7455802,-0.012740903539558606,-0.033161255787892266,4.232597969011449,-5.36,-10.51,-0.015,11.383573,0.08011812,0.38368663
0 days 00:00:07.210000,0.0027123359997209178,-5.917392000000001,0.349236,8.389512000000002,37.11355370132649,37.11355370132649,37.11355370132649,37.11355370132649,0.00645771823237902,-0.04031710572106901,0.011519173063162576,-5.0,2.99,100.94999999999999,2,2,70.0,4,0.09,11.335,0.01,52.648454699999995,9.7455806,33.58,32.27,52.648444899999994,9.7455795,-0.012566370614359171,-0.0328121899374934,4.232772501936648,-5.36,-10.51,-0.015,11.3292265,0.08544569,0.36296722
0 days 00:00:07.220000,0.0030661189562062544,-4.877532,-0.5140440000000001,10.06506,36.81268720581943,36.81268720581943,36.81268720581943,36.81268720581943,0.006632251157578452,0.08098327729253689,0.014835298641951801,-5.0,2.99,97.19999999999999,2,2,70.0,4,0.085,11.295,0.005,52.6484509,9.7455774,33.77,32.28,52.648444,9.7455787,-0.012566370614359171,-0.03368485456349056,4.232772501936648,-5.19,-10.145,0.03,11.288762,0.080275975,0.37643978
0 days 00:00:07.230000,0.0028302636518826967,-9.912024,-0.5768280000000001,10.233792000000001,36.612109542148055,36.612109542148055,36.612109542148055,36.612109542148055,-0.00017453292519943296,0.05881759579220891,0.006806784082777885,-5.0,2.99,99.3,2,2,70.0,4,0.075,11.195,-0.005,52.6484509,9.7455774,33.77,32.28,52.648443099999994,9.745578,-0.012566370614359171,-0.03420845333908886,4.232947034861848,-5.19,-10.145,0.03,11.188279,0.07011989,0.38879782
0 days 00:00:07.240000,0.0027123359997209178,-10.991124000000001,0.003924,7.718508000000001,36.09729353872486,36.09729353872486,36.09729353872486,36.09729353872486,-0.007504915783575617,-0.08621926504851989,0.005759586531581288,-5.0,2.99,101.4,2,2,70.0,4,0.075,11.09,0.015,52.6484509,9.7455774,33.77,32.28,52.6484422,9.7455772,-0.012566370614359171,-0.033335788713091695,4.232947034861848,-5.19,-10.145,0.03,11.084338,0.07053774,0.3555482
0 days 00:00:07.250000,0.0028302636518826967,-4.8422160000000005,-0.1962,10.190628,35.49556054771074,35.49556054771074,35.49556054771074,35.49556054771074,-0.0013962634015954637,-0.010297442586766544,0.00890117918517108,-5.0,2.99,102.9,2,2,70.0,4,0.075,11.045,0.01,52.6484509,9.7455774,33.77,32.28,52.648441299999995,9.7455765,-0.012566370614359171,-0.033335788713091695,4.233121567787046,-5.19,-10.145,0.03,11.039197,0.07049379,0.35904533
0 days 00:00:07.260000,0.0029481913040444755,-6.639408000000001,-0.10594800000000001,11.148084,34.67987804878049,34.67987804878049,34.67987804878049,34.67987804878049,0.0038397243543875246,0.07103490055616922,0.013264502315156903,-5.0,2.99,104.4,2,2,70.0,4,0.075,10.98,-0.005,52.6484509,9.7455774,33.77,32.28,52.6484404,9.7455757,-0.012566370614359171,-0.034033920413889425,4.233296100712247,-5.19,-10.145,0.03,10.973471,0.070236355,0.37952995
0 days 00:00:07.270000,0.0028302636518826967,-11.022516000000001,-0.266832,8.829,34.25197903294822,34.25197903294822,34.25197903294822,34.25197903294822,0.0024434609527920616,-0.028972465583105875,0.013264502315156903,-5.0,2.99,106.65,2,2,70.0,4,0.075,10.870000000000001,-0.005,52.6484464,9.7455737,33.77,32.29,52.648439599999996,9.745574999999999,-0.012566370614359171,-0.033510321638291124,4.233296100712247,-5.025,-9.825000000000001,-0.01,10.8637295,0.07035487,0.3700995
0 days 00:00:07.280000,0.0028302636518826967,-7.553700000000001,-0.18835200000000002,8.444448000000001,33.74384895164741,33.74384895164741,33.74384895164741,33.74384895164741,-0.004014257279586958,-0.06562437987498679,0.012740903539558606,-5.0,2.99,108.9,2,2,70.0,4,0.075,10.8,0.005,52.6484464,9.7455737,33.77,32.29,52.6484387,9.7455742,-0.012740903539558606,-0.03298672286269283,4.233470633637445,-5.025,-9.825000000000001,-0.01,10.79429,0.07051949,0.35212177
0 days 00:00:07.290000,0.002594408347559139,-4.795128,0.027468000000000003,10.229868,32.560440735986305,32.560440735986305,32.560440735986305,32.560440735986305,-0.007679448708775049,0.03159045946109736,0.01361356816555577,-5.0,2.99,105.6,2,2,70.0,4,0.075,10.755,-0.0,52.6484464,9.7455737,33.77,32.29,52.6484379,9.745573499999999,-0.012740903539558606,-0.033335788713091695,4.233645166562646,-5.025,-9.825000000000001,-0.01,10.749025,0.07042693,0.3593865
0 days 00:00:07.300000,0.002594408347559139,-8.4366,0.11379600000000001,10.826316000000002,31.93196405648267,31.93196405648267,31.93196405648267,31.93196405648267,-0.0006981317007977319,0.038571776469074684,0.016057029118347832,-5.0,2.99,102.29999999999998,2,2,70.0,4,0.075,10.675,-0.01,52.6484464,9.7455737,33.77,32.29,52.648436999999994,9.7455728,-0.012740903539558606,-0.03368485456349056,4.233819699487845,-5.025,-9.825000000000001,-0.01,10.668608,0.070286125,0.3704377
0 days 00:00:07.310000,0.0027123359997209178,-11.108844000000001,-0.278604,7.828380000000001,31.71132862644416,31.71132862644416,31.71132862644416,31.71132862644416,0.005061454830783556,-0.04258603374866164,0.01832595714594046,-5.0,2.99,107.54999999999998,2,2,70.0,4,0.07,10.565,0.005,52.6484464,9.7455737,33.77,32.29,52.6484361,9.7455721,-0.012740903539558606,-0.033161255787892266,4.233994232413044,-5.025,-9.825000000000001,-0.01,10.559357,0.065595165,0.34615102
0 days 00:00:07.320000,0.0027123359997209178,-7.377120000000001,0.24328800000000003,8.47584,33.3627513906718,33.3627513906718,33.3627513906718,33.3627513906718,-0.007155849933176751,0.0010471975511965976,0.01291543646475804,-5.0,2.99,112.79999999999998,2,2,70.0,4,0.065,10.495000000000001,0.02,52.6484424,9.745569999999999,33.72,32.29,52.648435299999996,9.7455714,-0.012740903539558606,-0.033335788713091695,4.234168765338243,-4.885,-9.48,-0.005,10.489836,0.060792815,0.33060685
0 days 00:00:07.330000,0.002594408347559139,-7.1456040000000005,-0.223668,11.489472000000001,34.78016688061618,34.78016688061618,34.78016688061618,34.78016688061618,0.0019198621771937623,0.015358897417550098,0.007504915783575617,-5.0,2.99,119.85,2,2,70.0,4,0.065,10.43,-0.0,52.6484424,9.745569999999999,33.72,32.29,52.6484345,9.7455707,-0.012566370614359171,-0.033510321638291124,4.234168765338243,-4.885,-9.48,-0.005,10.424145,0.060603697,0.35023645
0 days 00:00:07.340000,0.0024764806953973596,-9.044820000000001,0.0981,8.915328,33.95111253744117,33.95111253744117,33.95111253744117,33.95111253744117,0.0054105206811824215,-0.047647488579445195,0.01291543646475804,-5.0,2.99,126.9,2,2,70.0,4,0.065,10.34,0.005,52.6484424,9.745569999999999,33.72,32.29,52.6484337,9.745569999999999,-0.012566370614359171,-0.03298672286269283,4.234343298263443,-4.885,-9.48,-0.005,10.33454,0.06077238,0.33681384
0 days 00:00:07.350000,0.0024764806953973596,-6.392196000000001,0.066708,8.880012,32.988339751818565,32.988339751818565,32.988339751818565,32.988339751818565,-0.008028514559173916,-0.00034906585039886593,0.009250245035569947,-5.0,5.29,119.1,2,2,70.0,4,0.065,10.28,0.015,52.6484424,9.745569999999999,33.72,32.29,52.648432799999995,9.7455693,-0.012740903539558606,-0.03298672286269283,4.234517831188642,-4.885,-9.48,-0.005,10.274902,0.06086614,0.324852
0 days 00:00:07.360000,0.0024764806953973596,-7.997112,0.20797200000000002,9.833544,32.66741548994437,32.66741548994437,32.66741548994437,32.66741548994437,-0.0054105206811824215,0.015707963267948967,0.009075712110370514,-5.0,5.29,111.29999999999998,2,2,70.0,4,0.07,10.205,0.01,52.6484424,9.745569999999999,33.72,32.29,52.648432,9.7455686,-0.012740903539558606,-0.033161255787892266,4.234517831188642,-4.885,-9.48,-0.005,10.199721,0.065810904,0.32921925
0 days 00:00:07.370000,0.002594408347559139,-9.099756000000001,0.22759200000000002,8.640648,32.90142276422765,32.90142276422765,32.90142276422765,32.90142276422765,-0.00645771823237902,-0.04468042885105484,0.014137166941154071,-2.0,5.29,100.49999999999999,2,2,70.0,4,0.065,10.115,0.015,52.6484382,9.745566499999999,33.72,32.3,52.6484312,9.7455679,-0.012740903539558606,-0.032637657012293965,4.2348668970390415,-4.71,-9.11,0.035,10.110102,0.060980435,0.31588185
0 days 00:00:07.380000,0.002594408347559139,-6.270552,-0.16480800000000004,9.609876,32.81450577663671,32.81450577663671,32.81450577663671,32.81450577663671,-0.007679448708775049,-0.0006981317007977319,0.016057029118347832,1.0,5.29,89.69999999999999,2,2,70.0,4,0.065,10.055,0.015,52.6484382,9.745566499999999,33.72,32.3,52.648430399999995,9.7455672,-0.012740903539558606,-0.032637657012293965,4.235041429964241,-4.71,-9.11,0.035,10.050135,0.06100538,0.3139241
0 days 00:00:07.390000,0.0024764806953973596,-7.647876000000001,-0.054936000000000006,10.386828,32.32643346170304,32.32643346170304,32.32643346170304,32.32643346170304,-0.012566370614359173,0.05358160803622592,0.010122909661567111,4.0,5.29,96.3,2,2,70.0,4,0.065,9.98,0.005,52.6484382,9.745566499999999,33.72,32.3,52.6484296,9.7455666,-0.012915436464758038,-0.033161255787892266,4.235041429964241,-4.71,-9.11,0.035,9.974679,0.060785666,0.32670373
0 days 00:00:07.400000,0.0024764806953973596,-10.908720000000002,-0.066708,8.212932,31.79824561403509,31.79824561403509,31.79824561403509,31.79824561403509,-0.006981317007977318,-0.03874630939427412,0.007504915783575617,6.0,5.29,102.9,2,2,70.0,4,0.065,9.875,0.02,52.6484382,9.745566499999999,33.72,32.3,52.6484288,9.745565899999999,-0.012915436464758038,-0.0328121899374934,4.2352159628894395,-4.71,-9.11,0.035,9.87034,0.061068743,0.30478716
0 days 00:00:07.410000,0.0024764806953973596,-7.514460000000001,0.027468000000000003,9.272412000000001,31.33023106546855,31.33023106546855,31.33023106546855,31.33023106546855,-0.0019198621771937623,-0.011519173063162576,0.009250245035569947,9.0,5.29,115.2,2,2,70.0,4,0.065,9.805,0.02,52.6484382,9.745566499999999,33.72,32.3,52.648427999999996,9.7455652,-0.012915436464758038,-0.0328121899374934,4.2352159628894395,-4.71,-9.11,0.035,9.800379,0.0610984,0.30249092
0 days 00:00:07.420000,0.0024764806953973596,-6.851304000000001,0.003924,10.747836000000001,31.4104621309371,31.4104621309371,31.4104621309371,31.4104621309371,-0.006981317007977318,0.039095375244672985,0.011519173063162576,12.0,5.29,127.5,2,2,70.0,4,0.065,9.74,0.02,52.6484343,9.745562999999999,33.730000000000004,32.31,52.648427299999994,9.7455646,-0.012915436464758038,-0.03298672286269283,4.23539049581464,-4.49,-8.8,-0.09,9.735361,0.061104,0.30205762
0 days 00:00:07.430000,0.0024764806953973596,-8.432676,-0.380628,10.127844,31.40377620881472,31.40377620881472,31.40377620881472,31.40377620881472,0.005235987755982988,-0.032463124087094536,0.009599310885968814,15.0,5.29,116.55,2,2,70.0,4,0.06,9.66,0.01,52.6484343,9.745562999999999,33.730000000000004,32.31,52.6484265,9.745563899999999,-0.012915436464758038,-0.032637657012293965,4.235565028739839,-4.49,-8.8,-0.09,9.655181,0.056052938,0.30597857
0 days 00:00:07.440000,0.0024764806953973596,-6.290172,-0.027468000000000003,8.491536,31.183140778776206,31.183140778776206,31.183140778776206,31.183140778776206,0.0012217304763960308,-0.02530727415391778,0.006632251157578452,18.0,5.29,105.6,2,2,70.0,4,0.06,9.6,0.025,52.6484343,9.745562999999999,33.730000000000004,32.31,52.6484257,9.745563299999999,-0.012915436464758038,-0.03246312408709453,4.235565028739839,-4.49,-8.8,-0.09,9.595754,0.056293476,0.28735542
0 days 00:00:07.450000,0.0024764806953973596,-6.223464000000001,0.03531600000000001,9.98658,30.8020432178006,30.8020432178006,30.8020432178006,30.8020432178006,-0.004363323129985824,0.09040805525330627,0.0012217304763960308,21.0,5.29,94.5,2,2,70.0,4,0.06,9.540000000000001,0.02,52.6484343,9.745562999999999,33.730000000000004,32.31,52.648424999999996,9.7455626,-0.012915436464758038,-0.033335788713091695,4.235565028739839,-4.49,-8.8,-0.09,9.535366,0.056146618,0.2987257
0 days 00:00:07.460000,0.0024764806953973596,-11.261880000000001,0.047088000000000005,10.351512000000001,30.313970902866917,30.313970902866917,30.313970902866917,30.313970902866917,-0.00645771823237902,0.05724679946541401,-0.0027925268031909274,24.0,5.29,83.39999999999999,2,2,70.0,4,0.065,9.43,0.01,52.6484343,9.745562999999999,33.730000000000004,32.3,52.6484242,9.745562,-0.013089969389957472,-0.03385938748868999,4.235565028739839,-4.49,-8.8,-0.09,9.424934,0.06094662,0.3100631
0 days 00:00:07.470000,0.0024764806953973596,-10.979352,0.062784,9.24102,30.28054129225503,30.28054129225503,30.28054129225503,30.28054129225503,-0.007155849933176751,-0.06335545184739416,0.0019198621771937623,16.0,5.29,87.14999999999999,2,2,70.0,4,0.065,9.32,0.005,52.648430399999995,9.7455599,33.71,32.31,52.6484235,9.7455614,-0.013089969389957472,-0.033335788713091695,4.235565028739839,-4.32,-8.45,0.02,9.314989,0.060993794,0.30645946
0 days 00:00:07.480000,0.002594408347559139,-5.37588,0.129492,10.163160000000001,30.180252460419336,30.180252460419336,30.180252460419336,30.180252460419336,-0.005934119456780722,-0.01291543646475804,0.005585053606381855,8.0,5.29,90.89999999999999,2,2,70.0,4,0.065,9.27,-0.0,52.648430399999995,9.7455599,33.71,32.31,52.6484227,9.7455607,-0.013089969389957472,-0.033161255787892266,4.235739561665039,-4.32,-8.45,0.02,9.264904,0.06097136,0.30817306
0 days 00:00:07.490000,0.002594408347559139,-5.729040000000001,0.015696,10.783152,29.952931108258454,29.952931108258454,29.952931108258454,29.952931108258454,-0.009948376736367679,0.07120943348136864,0.0020943951023931952,4.0,5.29,104.1,2,2,70.0,4,0.07,9.215,-0.01,52.648430399999995,9.7455599,33.71,32.31,52.648422,9.745560099999999,-0.013264502315156905,-0.03385938748868999,4.235739561665039,-4.32,-8.45,0.02,9.20938,0.06572347,0.32284907
0 days 00:00:07.500000,0.0024764806953973596,-10.33974,-0.047088000000000005,9.138996,29.54508985879332,29.54508985879332,29.54508985879332,29.54508985879332,-0.01658062789394613,0.008726646259971648,-0.0010471975511965976,3.0,5.29,117.29999999999998,2,2,70.0,4,0.07,9.115,-0.01,52.648430399999995,9.7455599,33.71,32.31,52.648421199999994,9.745559499999999,-0.013439035240356337,-0.034033920413889425,4.235739561665039,-4.32,-8.45,0.02,9.109381,0.065691255,0.32106528
0 days 00:00:07.510000,0.0024764806953973596,-9.048744000000001,-0.023544000000000002,8.754444000000001,28.642490372272142,28.642490372272142,28.642490372272142,28.642490372272142,-0.0158824961931484,-0.029321531433504733,0.00034906585039886593,2.0,5.29,113.1,2,2,70.0,4,0.07,9.03,-0.0,52.648430399999995,9.7455599,33.71,32.31,52.6484205,9.745558899999999,-0.013613568165555772,-0.03368485456349056,4.235739561665039,-4.32,-8.45,0.02,9.024878,0.06585353,0.30504143
0 days 00:00:07.520000,0.0024764806953973596,-6.670800000000001,0.5258160000000001,10.002276000000002,28.301508344030808,28.301508344030808,28.301508344030808,28.301508344030808,-0.01361356816555577,0.03961897402027128,0.002967059728390361,0.0,5.29,108.9,2,2,70.0,4,0.07,8.97,-0.01,52.648426699999995,9.7455567,33.71,32.32,52.6484198,9.745558299999999,-0.013613568165555772,-0.03420845333908886,4.235914094590238,-4.175,-8.135,0.06,8.96441,0.06568108,0.31770772
0 days 00:00:07.530000,0.0024764806953973596,-8.758368,-0.21582000000000004,10.371132000000001,28.2079054343175,28.2079054343175,28.2079054343175,28.2079054343175,-0.0022689280275926286,0.03752457891787808,0.006108652381980153,0.0,5.29,96.0,2,2,70.0,4,0.065,8.885,-0.015,52.648426699999995,9.7455567,33.71,32.32,52.6484191,9.745557699999999,-0.013613568165555772,-0.034557519189487726,4.235914094590238,-4.175,-8.135,0.06,8.879177,0.0606109,0.3228285
0 days 00:00:07.540000,0.0024764806953973596,-9.252792000000001,-0.23544,8.687736000000001,28.36168164313222,28.36168164313222,28.36168164313222,28.36168164313222,-0.0017453292519943296,-0.012042771838760874,0.0054105206811824215,0.0,5.29,83.1,2,2,70.0,4,0.065,8.795,-0.01,52.648426699999995,9.7455567,33.71,32.32,52.6484184,9.7455571,-0.013613568165555772,-0.03438298626428829,4.235914094590238,-4.175,-8.135,0.06,8.789458,0.06074214,0.31318882
0 days 00:00:07.550000,0.0023585530432355803,-7.1613,-0.12164400000000002,9.707976,28.29482242190843,28.29482242190843,28.29482242190843,28.29482242190843,-0.0017453292519943296,0.03490658503988659,0.002967059728390361,0.0,5.29,84.75,2,2,70.0,4,0.065,8.73,-0.01,52.648426699999995,9.7455567,33.71,32.32,52.648417699999996,9.7455565,-0.013613568165555772,-0.034732052114687155,4.235914094590238,-4.175,-8.135,0.06,8.724387,0.0607311,0.31399965
0 days 00:00:07.560000,0.0023585530432355803,-8.723052000000001,-0.08632800000000002,10.088604,28.087558836114678,28.087558836114678,28.087558836114678,28.087558836114678,0.006108652381980153,0.030368728984701335,0.0036651914291880917,-1.0,5.29,86.39999999999999,2,2,70.0,4,0.065,8.645,-0.015,52.648426699999995,9.7455567,33.71,32.32,52.648416999999995,9.7455559,-0.013613568165555772,-0.03508111796508603,4.2360886275154375,-4.175,-8.135,0.06,8.639154,0.060662203,0.3190602
0 days 00:00:07.570000,0.0024764806953973596,-9.025200000000002,-0.33746400000000004,9.225324,27.793378262729995,27.793378262729995,27.793378262729995,27.793378262729995,0.009075712110370514,-0.012566370614359173,0.0054105206811824215,-2.0,5.29,91.79999999999998,2,2,70.0,4,0.06,8.555,-0.02,52.648423099999995,9.7455538,33.71,32.32,52.6484163,9.745555399999999,-0.013439035240356337,-0.03508111796508603,4.2360886275154375,-3.97,-7.775,0.035,8.549034,0.05569361,0.32082257
0 days 00:00:07.580000,0.0023585530432355803,-7.381044000000001,-0.4198680000000001,9.633420000000001,27.191645271715874,27.191645271715874,27.191645271715874,27.191645271715874,0.01064650843716541,0.028972465583105875,0.00471238898038469,-3.0,5.29,97.19999999999999,2,2,70.0,4,0.055,8.485,-0.02,52.648423099999995,9.7455538,33.71,32.32,52.6484157,9.745554799999999,-0.013439035240356337,-0.035255650890285456,4.2360886275154375,-3.97,-7.775,0.035,8.479022,0.050707173,0.31978014
0 days 00:00:07.590000,0.0023585530432355803,-8.687736000000001,-0.14126400000000003,9.299880000000002,25.85446084724005,25.85446084724005,25.85446084724005,25.85446084724005,0.004537856055185257,0.03438298626428829,-0.0006981317007977319,-4.0,5.29,94.64999999999999,2,2,70.0,4,0.055,8.405,-0.015,52.648423099999995,9.7455538,33.71,32.32,52.648415,9.745554199999999,-0.013264502315156905,-0.03560471674068432,4.2360886275154375,-3.97,-7.775,0.035,8.399138,0.050827775,0.31488678
0 days 00:00:07.600000,0.0022406253910738014,-9.087984,-0.266832,9.084060000000001,24.19635216089003,24.19635216089003,24.19635216089003,24.19635216089003,0.008377580409572781,-0.009250245035569947,-0.0010471975511965976,-5.0,5.29,92.1,2,2,70.0,4,0.055,8.315,-0.015,52.648423099999995,9.7455538,33.71,32.32,52.6484143,9.7455537,-0.013264502315156905,-0.03560471674068432,4.2360886275154375,-3.97,-7.775,0.035,8.3091955,0.05087027,0.3116833
0 days 00:00:07.610000,0.0022406253910738014,-7.1887680000000005,0.13734000000000002,9.044820000000001,21.709189131364997,21.709189131364997,21.709189131364997,21.709189131364997,0.0038397243543875246,0.017104226669544427,-0.0019198621771937623,-5.0,5.29,92.1,2,2,70.0,4,0.06,8.245000000000001,-0.005,52.648423099999995,9.7455538,33.71,32.32,52.6484136,9.7455531,-0.013264502315156905,-0.03577924966588375,4.2360886275154375,-3.97,-7.775,0.035,8.239544,0.056016367,0.30070323
0 days 00:00:07.620000,0.0021226977389120225,-7.479144000000002,0.15696000000000002,9.904176000000001,19.16853872486093,19.16853872486093,19.16853872486093,19.16853872486093,-0.0038397243543875246,0.04642575810304917,-0.007504915783575617,-5.0,5.29,92.1,2,2,70.0,4,0.07,8.175,-0.005,52.6484196,9.745550999999999,33.69,32.33,52.648413,9.7455526,-0.013264502315156905,-0.03612831551628262,4.235914094590238,-3.72,-7.4350000000000005,-0.065,8.169485,0.06601087,0.30118355
0 days 00:00:07.630000,0.0022406253910738014,-9.421524000000002,0.29430000000000006,9.98658,18.754011553273426,18.754011553273426,18.754011553273426,18.754011553273426,-0.0013962634015954637,0.00645771823237902,-0.006283185307179587,-5.0,5.29,94.94999999999999,2,2,70.0,4,0.07,8.08,-0.01,52.6484196,9.745550999999999,33.69,32.33,52.6484124,9.745552,-0.013264502315156905,-0.03612831551628262,4.235914094590238,-3.72,-7.4350000000000005,-0.065,8.074366,0.06599011,0.30274868
0 days 00:00:07.640000,0.0024764806953973596,-8.872164000000001,0.11772,8.777988,20.09119597774925,20.09119597774925,20.09119597774925,20.09119597774925,-0.0013962634015954637,-0.014311699866353502,-0.005235987755982988,-5.0,5.29,97.8,2,2,70.0,4,0.075,7.995,-0.0,52.6484196,9.745550999999999,33.69,32.33,52.6484117,9.7455515,-0.013439035240356337,-0.03595378259108319,4.235914094590238,-3.72,-7.4350000000000005,-0.065,7.989833,0.071131125,0.28837052
0 days 00:00:07.650000,0.002594408347559139,-7.899012000000001,0.28645200000000004,9.531396,23.38066966195978,23.38066966195978,23.38066966195978,23.38066966195978,-0.004537856055185257,0.03159045946109736,-0.008203047484373348,-5.0,5.29,98.25,2,2,70.0,4,0.08,7.92,-0.0,52.6484196,9.745550999999999,33.69,32.33,52.6484111,9.745550999999999,-0.013439035240356337,-0.03630284844148206,4.235739561665039,-3.72,-7.4350000000000005,-0.065,7.914782,0.076129764,0.28850457
0 days 00:00:07.660000,0.0024764806953973596,-8.836848000000002,-0.08632800000000002,10.12392,26.84397732135216,26.84397732135216,26.84397732135216,26.84397732135216,0.0036651914291880917,-0.017278759594743863,-0.015358897417550098,-5.0,5.29,98.69999999999999,2,2,70.0,4,0.08,7.835,-0.01,52.6484196,9.745550999999999,33.69,32.33,52.648410399999996,9.745550399999999,-0.013439035240356337,-0.03612831551628262,4.235565028739839,-3.72,-7.4350000000000005,-0.065,7.829526,0.076055296,0.29404587
0 days 00:00:07.670000,0.0024764806953973596,-7.789140000000001,-0.153036,8.409132000000001,26.061724433033806,26.061724433033806,26.061724433033806,26.061724433033806,0.006806784082777885,-0.04258603374866164,-0.017278759594743863,-5.0,5.29,98.1,2,2,70.0,4,0.075,7.765000000000001,-0.0,52.648416399999995,9.745547799999999,33.76,32.33,52.648409799999996,9.7455499,-0.013264502315156905,-0.03577924966588375,4.235565028739839,-3.605,-7.0600000000000005,0.01,7.76003,0.071309075,0.27873695
0 days 00:00:07.680000,0.0022406253910738014,-6.086124000000001,-0.180504,9.437220000000002,25.005348737697904,25.005348737697904,25.005348737697904,25.005348737697904,-0.007853981633974483,0.04852015320544236,-0.026529004630313806,-5.0,5.29,97.5,2,2,70.0,4,0.075,7.71,0.005,52.648416399999995,9.745547799999999,33.76,32.34,52.648409199999996,9.7455494,-0.013264502315156905,-0.03630284844148206,4.23539049581464,-3.605,-7.0600000000000005,0.01,7.705102,0.071347944,0.2758074
0 days 00:00:07.690000,0.0022406253910738014,-10.429992000000002,-0.15696000000000002,9.743292000000002,23.668164313222082,23.668164313222082,23.668164313222082,23.668164313222082,-0.00017453292519943296,0.01815142422074103,-0.02775073510670984,-5.0,5.29,94.5,2,2,70.0,4,0.08,7.605,-0.0,52.648416399999995,9.745547799999999,33.76,32.33,52.648408599999996,9.7455489,-0.013264502315156905,-0.03647738136668149,4.235041429964241,-3.605,-7.0600000000000005,0.01,7.599941,0.07631417,0.27838573
0 days 00:00:07.700000,0.0024764806953973596,-9.727596,-0.29430000000000006,9.111528000000002,23.9824026529739,23.9824026529739,23.9824026529739,23.9824026529739,0.0054105206811824215,-0.05637413483941684,-0.027052603405912107,-5.0,5.29,91.5,2,2,70.0,4,0.08,7.515000000000001,0.005,52.648416399999995,9.745547799999999,33.76,32.33,52.648407999999996,9.745548399999999,-0.013264502315156905,-0.03595378259108319,4.2348668970390415,-3.605,-7.0600000000000005,0.01,7.5103226,0.07647615,0.2661755
0 days 00:00:07.710000,0.002594408347559139,-6.0625800000000005,-0.5140440000000001,9.861012,24.289955070603337,24.289955070603337,24.289955070603337,24.289955070603337,0.005061454830783556,-0.005934119456780722,-0.028448866807507574,-5.0,5.29,92.4,2,2,70.0,4,0.075,7.455,-0.0,52.648416399999995,9.745547799999999,33.76,32.33,52.648407399999996,9.7455479,-0.013264502315156905,-0.03577924966588375,4.234517831188642,-3.605,-7.0600000000000005,0.01,7.4502287,0.071456164,0.26764873
0 days 00:00:07.720000,0.0024764806953973596,-7.624332000000001,-0.6827760000000002,10.100376,24.34344244758237,24.34344244758237,24.34344244758237,24.34344244758237,-0.005934119456780722,0.04206243497306335,-0.034033920413889425,-5.0,5.29,93.3,2,2,70.0,4,0.08,7.385,-0.0,52.6484131,9.7455453,33.77,32.34,52.6484068,9.7455474,-0.013439035240356337,-0.03612831551628262,4.233994232413044,-3.35,-6.75,-0.055,7.3801813,0.07640803,0.26780057
0 days 00:00:07.730000,0.0023585530432355803,-10.567332000000002,0.133416,9.150768000000001,23.77513906718014,23.77513906718014,23.77513906718014,23.77513906718014,-0.011868238913561443,-0.032812189937493394,-0.034557519189487726,-5.0,5.29,95.24999999999999,2,2,70.0,4,0.085,7.28,0.005,52.6484131,9.7455453,33.77,32.34,52.6484062,9.745546899999999,-0.013439035240356337,-0.03577924966588375,4.233819699487845,-3.35,-6.75,-0.055,7.2755194,0.08155982,0.2565398
0 days 00:00:07.740000,0.0024764806953973596,-8.228628,-0.34531200000000006,8.832924000000002,23.567875481386395,23.567875481386395,23.567875481386395,23.567875481386395,-0.011693705988362009,-0.03752457891787808,-0.026529004630313806,-5.0,5.29,97.19999999999999,2,2,70.0,4,0.085,7.2,0.01,52.6484131,9.7455453,33.77,32.34,52.6484056,9.7455464,-0.013613568165555772,-0.03543018381548489,4.233470633637445,-3.35,-6.75,-0.055,7.1958356,0.08165622,0.24618463
0 days 00:00:07.750000,0.0024764806953973596,-6.537384,-0.32569200000000004,9.488232000000002,23.38066966195978,23.38066966195978,23.38066966195978,23.38066966195978,-0.018675022996339326,0.019198621771937627,-0.02548180707911721,-5.0,5.29,97.05,2,2,70.0,4,0.085,7.140000000000001,0.015,52.6484131,9.7455453,33.77,32.34,52.6484051,9.7455459,-0.013788101090755204,-0.03560471674068432,4.233296100712247,-3.35,-6.75,-0.055,7.1360087,0.08169428,0.2403227
0 days 00:00:07.760000,0.0024764806953973596,-8.311032,-0.49050000000000005,9.37836,23.1800919982884,23.1800919982884,23.1800919982884,23.1800919982884,-0.027925268031909273,0.004014257279586958,-0.02722713633111154,-5.0,5.29,96.89999999999999,2,2,70.0,4,0.08,7.0600000000000005,0.015,52.6484131,9.7455453,33.77,32.34,52.6484045,9.7455455,-0.014137166941154071,-0.03560471674068432,4.232947034861848,-3.35,-6.75,-0.055,7.0560594,0.07665114,0.23743302
0 days 00:00:07.770000,0.0024764806953973596,-8.432676,-0.506196,9.319500000000001,22.785622593068037,22.785622593068037,22.785622593068037,22.785622593068037,-0.029670597283903602,-0.020943951023931952,-0.02426007660272118,-5.0,5.29,95.85,2,2,70.0,4,0.075,6.98,0.015,52.6484101,9.745542799999999,33.77,32.35,52.648404,9.745545,-0.014311699866353503,-0.03543018381548489,4.232772501936648,-3.21,-6.385,-0.01,6.9761505,0.071668394,0.23330992
0 days 00:00:07.780000,0.002594408347559139,-7.4124360000000005,-0.42771600000000004,9.578484000000001,22.123716302952502,22.123716302952502,22.123716302952502,22.123716302952502,-0.030019663134302467,0.013439035240356337,-0.01780235837034216,-5.0,5.29,94.8,2,2,70.0,4,0.075,6.91,0.015,52.6484101,9.745542799999999,33.77,32.35,52.6484034,9.7455445,-0.014660765716752368,-0.03560471674068432,4.232597969011449,-3.21,-6.385,-0.01,6.9061546,0.07160563,0.23206079
0 days 00:00:07.790000,0.002594408347559139,-8.409132000000001,-0.7102440000000001,10.112148,21.889709028669234,21.889709028669234,21.889709028669234,21.889709028669234,-0.033335788713091695,0.04066617157146788,-0.013962634015954637,-5.0,5.29,101.1,2,2,70.0,4,0.07,6.83,0.01,52.6484101,9.745542799999999,33.77,32.35,52.6484028,9.745543999999999,-0.015009831567151233,-0.03595378259108319,4.232423436086249,-3.21,-6.385,-0.01,6.8259454,0.06645716,0.23654202
0 days 00:00:07.800000,0.0023585530432355803,-9.825696,-0.60822,9.668736,21.862965340179716,21.862965340179716,21.862965340179716,21.862965340179716,-0.027925268031909273,-0.015009831567151233,-0.008028514559173916,-5.0,5.29,107.4,2,2,70.0,4,0.065,6.735,0.01,52.6484101,9.745542799999999,33.77,32.35,52.6484023,9.7455436,-0.0153588974175501,-0.03595378259108319,4.232423436086249,-3.21,-6.385,-0.01,6.731007,0.061427623,0.23307395
0 days 00:00:07.810000,0.0022406253910738014,-7.687116000000001,-0.49834800000000007,8.683812000000001,21.776048352588788,21.776048352588788,21.776048352588788,21.776048352588788,-0.023387411976724018,-0.03298672286269283,-0.005585053606381855,-5.0,5.29,107.85,2,2,70.5,4,0.06,6.66,0.015,52.6484101,9.745542799999999,33.77,32.35,52.648401799999995,9.745543099999999,-0.015533430342749533,-0.03560471674068432,4.23224890316105,-3.21,-6.385,-0.01,6.656313,0.05654313,0.22299197
0 days 00:00:07.820000,0.0022406253910738014,-6.090048,-0.926064,10.363284,21.515297389816002,21.515297389816002,21.515297389816002,21.515297389816002,-0.016755160819145562,0.04834562028024293,-0.003316125578789226,-5.0,5.29,108.29999999999998,2,2,71.0,4,0.055,6.605,0.005,52.648407299999995,9.745540499999999,33.77,32.35,52.648401299999996,9.7455427,-0.015707963267948967,-0.03612831551628262,4.23224890316105,-3.0300000000000002,-5.98,0.065,6.6008706,0.051324315,0.23441397
0 days 00:00:07.830000,0.0020047700867502436,-9.405828000000001,-0.28645200000000004,9.036972,21.24117458279846,21.24117458279846,21.24117458279846,21.24117458279846,-0.02530727415391778,0.014311699866353502,-0.005934119456780722,-5.0,5.29,102.59999999999998,2,2,71.5,4,0.05,6.515000000000001,0.01,52.648407299999995,9.745540499999999,33.77,32.35,52.648400699999996,9.7455422,-0.0158824961931484,-0.03630284844148206,4.23224890316105,-3.0300000000000002,-5.98,0.065,6.5110703,0.04639697,0.22723325
0 days 00:00:07.840000,0.0017689147824266852,-8.346348,0.07063200000000001,8.774064000000001,21.01385323063757,21.01385323063757,21.01385323063757,21.01385323063757,-0.027401669256310976,-0.07731808586334879,0.0020943951023931952,-5.0,5.29,96.89999999999999,2,2,72.0,4,0.055,6.4350000000000005,0.015,52.648407299999995,9.745540499999999,33.77,32.35,52.6484002,9.7455418,-0.016231562043547264,-0.03543018381548489,4.23224890316105,-3.0300000000000002,-5.98,0.065,6.431493,0.051536314,0.21381958
0 days 00:00:07.850000,0.0018868424345884643,-4.76766,-0.26290800000000003,10.61442,20.599326059050064,20.599326059050064,20.599326059050064,20.599326059050064,-0.004363323129985824,0.019896753472735357,0.021118483949131385,-5.0,5.29,90.6,2,2,72.5,4,0.05,6.390000000000001,0.005,52.648407299999995,9.745540499999999,33.77,32.35,52.6483997,9.745541399999999,-0.016231562043547264,-0.03560471674068432,4.232597969011449,-3.0300000000000002,-5.98,0.065,6.386128,0.04638255,0.22325148
0 days 00:00:07.860000,0.0021226977389120225,-8.008884,-0.7298640000000001,10.814544000000001,20.372004706889175,20.372004706889175,20.372004706889175,20.372004706889175,0.010995574287564275,0.09861110273767962,0.023736477827122886,-5.0,5.29,84.3,2,2,73.0,4,0.045,6.315,-0.005,52.648407299999995,9.745540499999999,33.77,32.35,52.6483992,9.745541,-0.016057029118347832,-0.03665191429188092,4.232772501936648,-3.0300000000000002,-5.98,0.065,6.3105755,0.041198455,0.23709372
0 days 00:00:07.870000,0.0020047700867502436,-12.902112000000002,-0.8907480000000001,8.067744000000001,20.572582370560546,20.572582370560546,20.572582370560546,20.572582370560546,0.010471975511965976,-0.020071286397934793,0.012217304763960306,-5.0,5.29,85.5,2,2,73.5,4,0.045,6.18,0.005,52.6484046,9.7455386,33.730000000000004,32.36,52.648398699999994,9.745540499999999,-0.016057029118347832,-0.03630284844148206,4.232772501936648,-2.86,-5.69,-0.045,6.17611,0.041472953,0.21999991
0 days 00:00:07.880000,0.001650987130264906,-8.829,-0.08632800000000002,7.691040000000001,20.55252460419341,20.55252460419341,20.55252460419341,20.55252460419341,0.0024434609527920616,-0.08604473212332044,0.006632251157578452,-5.0,5.29,86.69999999999999,2,2,74.0,4,0.045,6.095,0.025,52.6484046,9.7455386,33.730000000000004,32.36,52.648398199999995,9.7455401,-0.016057029118347832,-0.03543018381548489,4.232947034861848,-2.86,-5.69,-0.045,6.09206,0.041928764,0.1916154
0 days 00:00:07.890000,0.0015330594781031272,-4.308552000000001,0.027468000000000003,11.257956,19.750213949507913,19.750213949507913,19.750213949507913,19.750213949507913,0.012740903539558606,0.02809980095710871,0.010995574287564275,-5.0,5.29,90.29999999999998,2,2,74.5,4,0.045,6.055,0.01,52.6484046,9.7455386,33.730000000000004,32.36,52.6483977,9.7455397,-0.0158824961931484,-0.03577924966588375,4.232947034861848,-2.86,-5.69,-0.045,6.051482,0.041713085,0.20729215
0 days 00:00:07.900000,0.0018868424345884643,-8.519004,-0.60822,11.210868000000001,19.148480958493796,19.148480958493796,19.148480958493796,19.148480958493796,0.029321531433504733,0.05462880558742251,0.014835298641951801,-5.0,5.29,93.89999999999999,2,2,75.0,4,0.04,5.9750000000000005,-0.01,52.6484046,9.7455386,33.730000000000004,32.36,52.6483972,9.745539299999999,-0.015707963267948967,-0.03630284844148206,4.233121567787046,-2.86,-5.69,-0.045,5.9707003,0.036431774,0.22745562
0 days 00:00:07.910000,0.0018868424345884643,-11.324664000000002,-0.40024800000000005,7.753824000000001,19.389174154899443,19.389174154899443,19.389174154899443,19.389174154899443,0.02495820830351891,-0.06405358354819189,0.012217304763960306,-5.0,5.29,97.35,2,2,75.5,4,0.04,5.865,0.005,52.6484046,9.7455386,33.730000000000004,32.36,52.6483968,9.7455389,-0.0153588974175501,-0.03560471674068432,4.233296100712247,-2.86,-5.69,-0.045,5.8614607,0.036865555,0.204371
0 days 00:00:07.920000,0.001650987130264906,-6.352956000000001,0.0,8.813304,19.295571245186135,19.295571245186135,19.295571245186135,19.295571245186135,0.012566370614359173,-0.04031710572106901,0.007330382858376183,-5.0,5.29,100.79999999999998,2,2,76.0,4,0.035,5.8100000000000005,0.02,52.648402,9.7455365,33.75,32.36,52.648396299999995,9.7455385,-0.015184364492350668,-0.035255650890285456,4.233470633637445,-2.745,-5.28,-0.01,5.807094,0.032189924,0.18531546
0 days 00:00:07.930000,0.001650987130264906,-6.093972,-0.011772000000000001,11.226564000000002,18.526690201112537,18.526690201112537,18.526690201112537,18.526690201112537,0.017278759594743863,0.04223696789826277,0.008377580409572781,-5.0,5.29,98.39999999999999,2,2,76.5,4,0.035,5.75,-0.0,52.648402,9.7455365,33.75,32.36,52.6483959,9.7455381,-0.015009831567151233,-0.03577924966588375,4.233470633637445,-2.745,-5.28,-0.01,5.74632,0.031908847,0.20618895
0 days 00:00:07.940000,0.0017689147824266852,-10.24164,0.090252,9.786456000000001,18.2191377834831,18.2191377834831,18.2191377834831,18.2191377834831,0.020245819323134222,-0.008203047484373348,0.011519173063162576,-5.0,5.29,96.0,2,2,77.0,4,0.04,5.65,-0.0,52.648402,9.7455365,33.75,32.36,52.6483954,9.7455377,-0.014835298641951801,-0.03560471674068432,4.233645166562646,-2.745,-5.28,-0.01,5.646419,0.03701197,0.20169543
0 days 00:00:07.950000,0.0018868424345884643,-9.586332,-0.49050000000000005,8.558244,18.27262516046213,18.27262516046213,18.27262516046213,18.27262516046213,0.02234021442552742,-0.05235987755982988,0.011693705988362009,-5.0,5.29,91.8,2,2,77.5,4,0.035,5.5600000000000005,0.005,52.648402,9.7455365,33.75,32.36,52.648395,9.7455374,-0.014660765716752368,-0.03508111796508603,4.233645166562646,-2.745,-5.28,-0.01,5.5567546,0.03221059,0.19050677
0 days 00:00:07.960000,0.0017689147824266852,-7.1534520000000015,-0.062784,9.448992,18.165650406504064,18.165650406504064,18.165650406504064,18.165650406504064,0.016406094968746697,0.00942477796076938,0.007155849933176751,-5.0,5.29,87.6,2,2,78.0,4,0.035,5.49,0.01,52.648402,9.7455365,33.75,32.36,52.648394499999995,9.745536999999999,-0.014486232791552936,-0.035255650890285456,4.233819699487845,-2.745,-5.28,-0.01,5.4869404,0.032337915,0.18400739
0 days 00:00:07.970000,0.0017689147824266852,-8.974188000000002,0.054936000000000006,9.872784,17.50374411638853,17.50374411638853,17.50374411638853,17.50374411638853,0.0031415926535897933,0.017627825445142728,0.0012217304763960308,-5.0,5.29,91.5,2,2,78.5,4,0.03,5.405,0.01,52.6483997,9.7455345,33.75,32.37,52.6483941,9.7455366,-0.014311699866353503,-0.03543018381548489,4.233819699487845,-2.595,-4.945,-0.06,5.4019623,0.027399924,0.1818771
0 days 00:00:07.980000,0.0018868424345884643,-10.1043,-0.090252,9.311652,17.1293324775353,17.1293324775353,17.1293324775353,17.1293324775353,0.004014257279586958,-0.05078908123303499,0.0017453292519943296,-5.0,5.29,95.39999999999999,2,2,79.0,4,0.03,5.3100000000000005,0.01,52.6483997,9.7455345,33.75,32.37,52.6483937,9.7455362,-0.014311699866353503,-0.03490658503988659,4.233819699487845,-2.595,-4.945,-0.06,5.307114,0.027487852,0.1757338
0 days 00:00:07.990000,0.0020047700867502436,-7.255476000000001,0.090252,9.421524000000002,16.82846598202824,16.82846598202824,16.82846598202824,16.82846598202824,0.003490658503988659,-0.01658062789394613,0.003490658503988659,-5.0,5.29,93.89999999999999,2,2,79.5,4,0.035,5.24,0.015,52.6483997,9.7455345,33.75,32.37,52.6483932,9.7455359,-0.014311699866353503,-0.034732052114687155,4.233819699487845,-2.595,-4.945,-0.06,5.2373605,0.032606896,0.16745219
0 days 00:00:08,0.0021226977389120225,-7.828380000000001,-0.23936400000000002,10.147464000000001,16.58777278562259,16.58777278562259,16.58777278562259,16.58777278562259,0.0005235987755982988,0.041713369122664476,0.0008726646259971648,-5.0,5.29,92.39999999999999,2,2,80.0,4,0.035,5.165,0.005,52.6483997,9.7455345,33.75,32.37,52.648392799999996,9.745535499999999,-0.014311699866353503,-0.03508111796508603,4.233819699487845,-2.595,-4.945,-0.06,5.1619973,0.032475352,0.17664275
0 days 00:00:08.010000,0.0021226977389120225,-10.602648,-0.039240000000000004,9.209628,16.407252888318354,16.407252888318354,16.407252888318354,16.407252888318354,-0.0038397243543875246,-0.015184364492350668,-0.0017453292519943296,-5.0,5.29,93.0,2,2,80.0,4,0.035,5.0600000000000005,0.01,52.6483997,9.7455345,33.75,32.37,52.6483924,9.745535199999999,-0.014311699866353503,-0.03490658503988659,4.233819699487845,-2.595,-4.945,-0.06,5.0572667,0.032612205,0.16708137
0 days 00:00:08.020000,0.0021226977389120225,-8.789760000000001,-0.023544000000000002,9.060516000000002,16.173245614035086,16.173245614035086,16.173245614035086,16.173245614035086,-0.005934119456780722,-0.03508111796508603,-0.0017453292519943296,-5.0,5.29,93.6,2,2,80.0,4,0.025,4.98,0.015,52.6483978,9.7455325,33.77,32.37,52.648391999999994,9.7455348,-0.014311699866353503,-0.034732052114687155,4.233994232413044,-2.44,-4.58,-0.02,4.9775176,0.02273713,0.15828149
0 days 00:00:08.030000,0.0022406253910738014,-7.14168,-0.11772,10.414296000000002,15.959296106118956,15.959296106118956,15.959296106118956,15.959296106118956,-0.004537856055185257,0.026878070480712675,-0.0013962634015954637,-5.0,5.29,91.35,2,2,80.0,4,0.025,4.915,0.005,52.6483978,9.7455325,33.77,32.37,52.6483916,9.7455345,-0.014311699866353503,-0.03490658503988659,4.233994232413044,-2.44,-4.58,-0.02,4.9121804,0.022614136,0.16687478
0 days 00:00:08.040000,0.0022406253910738014,-9.739368,-0.192276,9.656964,15.718602909713306,15.718602909713306,15.718602909713306,15.718602909713306,-0.0017453292519943296,0.013439035240356337,-0.0027925268031909274,-5.0,5.29,89.1,2,2,80.0,4,0.025,4.82,0.005,52.6483978,9.7455325,33.77,32.37,52.6483912,9.7455342,-0.014311699866353503,-0.03508111796508603,4.233994232413044,-2.44,-4.58,-0.02,4.8172097,0.022649553,0.16440037
0 days 00:00:08.050000,0.0023585530432355803,-9.539244,-0.129492,8.562168,15.491281557552416,15.491281557552416,15.491281557552416,15.491281557552416,-0.004537856055185257,-0.026529004630313806,-0.00645771823237902,-5.0,5.29,89.1,2,2,80.0,4,0.025,4.7250000000000005,0.015,52.6483978,9.7455325,33.77,32.37,52.648390899999995,9.7455339,-0.014311699866353503,-0.03490658503988659,4.233994232413044,-2.44,-4.58,-0.02,4.7226453,0.022852058,0.15025167
0 days 00:00:08.060000,0.0022406253910738014,-7.510536000000001,-0.031392,9.853164,15.210472828412493,15.210472828412493,15.210472828412493,15.210472828412493,-0.0054105206811824215,0.01902408884673819,-0.006806784082777885,-5.0,5.29,89.1,2,2,80.0,4,0.025,4.655,0.01,52.6483978,9.7455325,33.77,32.37,52.6483905,9.7455336,-0.014311699866353503,-0.03508111796508603,4.233819699487845,-2.44,-4.58,-0.02,4.652487,0.022803884,0.15361737
0 days 00:00:08.070000,0.0023585530432355803,-8.958492000000001,-0.023544000000000002,10.22202,14.963093709884467,14.963093709884467,14.963093709884467,14.963093709884467,-0.0015707963267948967,0.025132741228718346,-0.006108652381980153,-5.0,5.29,89.1,2,1,80.0,4,0.02,4.57,-0.01,52.648395799999996,9.745531,33.76,32.38,52.6483901,9.745533199999999,-0.014311699866353503,-0.03543018381548489,4.233819699487845,-2.215,-4.18,0.11,4.5667777,0.0175382,0.17214441
0 days 00:00:08.080000,0.0023585530432355803,-9.92772,-0.149112,9.001656,14.695656824989303,14.695656824989303,14.695656824989303,14.695656824989303,0.0031415926535897933,-0.012740903539558606,-0.007330382858376183,-5.0,5.29,89.1,2,1,80.0,4,0.02,4.4750000000000005,-0.005,52.648395799999996,9.745531,33.76,32.38,52.6483898,9.745532899999999,-0.014311699866353503,-0.035255650890285456,4.233819699487845,-2.215,-4.18,0.11,4.4720426,0.017669043,0.1630028
0 days 00:00:08.090000,0.0023585530432355803,-8.232552,0.15696000000000002,9.244944,14.374732563115106,14.374732563115106,14.374732563115106,14.374732563115106,0.0015707963267948967,0.011868238913561443,-0.00890117918517108,-5.0,5.29,88.8,2,1,80.0,4,0.025,4.3950000000000005,-0.0,52.648395799999996,9.745531,33.76,32.38,52.6483894,9.745532599999999,-0.014311699866353503,-0.03543018381548489,4.233645166562646,-2.215,-4.18,0.11,4.392242,0.022769427,0.15602492
0 days 00:00:08.100000,0.0023585530432355803,-8.503308,-0.011772000000000001,10.127844,14.18752674368849,14.18752674368849,14.18752674368849,14.18752674368849,0.0031415926535897933,0.027052603405912107,-0.008552113334772213,-5.0,5.29,88.5,2,1,80.0,4,0.025,4.315,-0.01,52.648395799999996,9.745531,33.76,32.38,52.648389099999996,9.745532299999999,-0.014311699866353503,-0.03560471674068432,4.233645166562646,-2.215,-4.18,0.11,4.311909,0.02265619,0.1639366
0 days 00:00:08.110000,0.0023585530432355803,-9.586332,-0.153036,9.605952000000002,13.946833547282841,13.946833547282841,13.946833547282841,13.946833547282841,0.009948376736367679,-0.003316125578789226,-0.007155849933176751,-5.0,5.29,88.35,1,1,80.0,4,0.025,4.225,-0.01,52.648395799999996,9.745531,33.76,32.38,52.6483887,9.745531999999999,-0.014137166941154071,-0.03560471674068432,4.233470633637445,-2.215,-4.18,0.11,4.221966,0.022730092,0.16072918
0 days 00:00:08.120000,0.0023585530432355803,-8.5347,0.054936000000000006,9.131148000000001,13.605851519041506,13.605851519041506,13.605851519041506,13.605851519041506,0.00942477796076938,-0.0036651914291880917,-0.008028514559173916,-5.0,5.29,88.19999999999999,1,1,80.0,4,0.03,4.14,-0.0,52.648393899999995,9.7455295,33.76,32.38,52.648388399999995,9.7455318,-0.013962634015954637,-0.03560471674068432,4.233470633637445,-1.975,-3.815,-0.035,4.137376,0.027939437,0.14777689
0 days 00:00:08.130000,0.0022406253910738014,-8.067744000000001,0.054936000000000006,9.79038,13.452075310226785,13.452075310226785,13.452075310226785,13.452075310226785,0.009075712110370514,0.02600540585471551,-0.00942477796076938,-5.0,5.29,88.35,1,1,80.0,4,0.03,4.065,-0.005,52.648393899999995,9.7455295,33.76,32.38,52.6483881,9.7455315,-0.013962634015954637,-0.03577924966588375,4.233470633637445,-1.975,-3.815,-0.035,4.0622196,0.027897047,0.15081263
0 days 00:00:08.140000,0.0022406253910738014,-9.284184,-0.10202400000000002,9.543168,13.171266581086861,13.171266581086861,13.171266581086861,13.171266581086861,0.010995574287564275,0.002967059728390361,-0.00942477796076938,-5.0,5.29,88.5,1,1,80.0,4,0.03,3.975,-0.005,52.648393899999995,9.7455295,33.76,32.38,52.648387799999995,9.7455312,-0.013788101090755204,-0.03577924966588375,4.233296100712247,-1.975,-3.815,-0.035,3.972277,0.027967757,0.14758861
0 days 00:00:08.150000,0.0022406253910738014,-8.825076000000001,-0.023544000000000002,9.076212,12.890457851946941,12.890457851946941,12.890457851946941,12.890457851946941,0.010297442586766544,-0.012566370614359173,-0.008377580409572781,-5.0,7.99,88.94999999999999,1,1,80.0,4,0.03,3.89,-0.0,52.648393899999995,9.7455295,33.76,32.38,52.6483874,9.7455309,-0.013788101090755204,-0.03577924966588375,4.233296100712247,-1.975,-3.815,-0.035,3.8875103,0.028078571,0.13955198
0 days 00:00:08.160000,0.0022406253910738014,-7.651800000000001,-0.007848,9.982656,12.556161745827984,12.556161745827984,12.556161745827984,12.556161745827984,0.012566370614359173,0.022165681500327987,-0.012217304763960306,-5.0,7.99,89.39999999999999,1,1,80.0,4,0.035,3.815,-0.005,52.648393899999995,9.7455295,33.76,32.38,52.6483871,9.7455307,-0.013613568165555772,-0.03595378259108319,4.233121567787046,-1.975,-3.815,-0.035,3.8123546,0.03306191,0.14259419
0 days 00:00:08.170000,0.0022406253910738014,-9.547092000000001,-0.08632800000000002,9.621648,12.348898160034231,12.348898160034231,12.348898160034231,12.348898160034231,0.009075712110370514,0.022689280275926284,-0.01117010721276371,-2.0,7.99,90.75,1,1,80.0,4,0.04,3.72,-0.005,52.6483926,9.745528499999999,34.04,32.39,52.6483868,9.7455304,-0.013613568165555772,-0.03612831551628262,4.232947034861848,-1.735,-3.49,-0.045,3.7173917,0.0380991,0.13989644
0 days 00:00:08.180000,0.0022406253910738014,-9.939492000000001,-0.10987200000000001,9.107604,12.074775353016687,12.074775353016687,12.074775353016687,12.074775353016687,0.0036651914291880917,-0.009948376736367679,-0.012042771838760874,1.0,7.99,92.1,1,1,80.0,4,0.04,3.625,-0.0,52.6483926,9.745528499999999,34.04,32.39,52.648386599999995,9.7455302,-0.013613568165555772,-0.03595378259108319,4.232772501936648,-1.735,-3.49,-0.045,3.6226573,0.03822244,0.13083684
0 days 00:00:08.190000,0.0022406253910738014,-8.39736,-0.09417600000000001,9.425448000000001,11.740479246897733,11.740479246897733,11.740479246897733,11.740479246897733,0.0017453292519943296,-0.004537856055185257,-0.01361356816555577,3.0,7.99,91.95,1,1,80.0,4,0.04,3.545,-0.0,52.6483926,9.745528499999999,34.04,32.39,52.6483863,9.7455299,-0.013613568165555772,-0.03595378259108319,4.232597969011449,-1.735,-3.49,-0.045,3.5427089,0.038261585,0.12796143
0 days 00:00:08.200000,0.0021226977389120225,-8.362044000000001,-0.07848000000000001,9.939492000000001,11.58670303808301,11.58670303808301,11.58670303808301,11.58670303808301,0.0017453292519943296,0.014835298641951801,-0.014137166941154071,6.0,7.99,91.8,1,1,80.0,4,0.04,3.465,-0.005,52.6483926,9.745528499999999,34.04,32.39,52.648385999999995,9.745529699999999,-0.013613568165555772,-0.03612831551628262,4.232423436086249,-1.735,-3.49,-0.045,3.462558,0.038224485,0.13068658
0 days 00:00:08.210000,0.0021226977389120225,-9.186084000000001,0.039240000000000004,9.676584000000002,11.158804022250749,11.158804022250749,11.158804022250749,11.158804022250749,0.002967059728390361,-0.003316125578789226,-0.014835298641951801,9.0,7.99,92.55,1,1,80.0,4,0.045,3.375,-0.005,52.6483926,9.745528499999999,34.04,32.39,52.6483857,9.7455295,-0.013439035240356337,-0.03612831551628262,4.232423436086249,-1.735,-3.49,-0.045,3.372617,0.043290533,0.12749656
0 days 00:00:08.220000,0.0021226977389120225,-8.872164000000001,-0.22759200000000002,9.256716,11.005027813436028,11.005027813436028,11.005027813436028,11.005027813436028,0.002967059728390361,-0.0006981317007977319,-0.012391837689159739,4.0,7.99,93.3,1,1,80.0,4,0.04,3.295,-0.005,52.648391,9.7455272,34.02,32.4,52.648385499999996,9.7455293,-0.013439035240356337,-0.03612831551628262,4.23224890316105,-1.595,-3.08,0.005,3.2926693,0.038329814,0.12453998
0 days 00:00:08.230000,0.0021226977389120225,-8.69166,-0.36493200000000003,9.425448000000001,10.664045785194695,10.664045785194695,10.664045785194695,10.664045785194695,-0.0012217304763960308,0.014486232791552938,-0.01308996938995747,2.0,7.99,93.15,1,1,80.0,4,0.04,3.21,-0.0,52.648391,9.7455272,34.02,32.4,52.6483852,9.745529,-0.013439035240356337,-0.03612831551628262,4.23207437023585,-1.595,-3.08,0.005,3.2079053,0.038438223,0.116473734
0 days 00:00:08.240000,0.0021226977389120225,-9.276336,-0.3924,9.594180000000001,10.456782199400942,10.456782199400942,10.456782199400942,10.456782199400942,-0.0015707963267948967,0.0022689280275926286,-0.014486232791552938,1.0,7.99,93.0,1,1,80.0,4,0.035,3.12,-0.005,52.648391,9.7455272,34.02,32.4,52.648384899999996,9.745528799999999,-0.013439035240356337,-0.03630284844148206,4.23207437023585,-1.595,-3.08,0.005,3.1177628,0.0334079,0.1186964
0 days 00:00:08.250000,0.0021226977389120225,-8.774064000000001,-0.07848000000000001,9.448992,10.236146769362431,10.236146769362431,10.236146769362431,10.236146769362431,-0.0013962634015954637,-0.015009831567151233,-0.014311699866353502,0.0,7.99,93.9,1,1,80.0,4,0.035,3.035,-0.0,52.648391,9.7455272,34.02,32.4,52.6483847,9.7455286,-0.013439035240356337,-0.03612831551628262,4.231899837310651,-1.595,-3.08,0.005,3.0330195,0.033523623,0.11008604
0 days 00:00:08.260000,0.0021226977389120225,-7.938252,-0.4434120000000001,9.751140000000001,9.821619597774927,9.821619597774927,9.821619597774927,9.821619597774927,0.0013962634015954637,0.00890117918517108,-0.015358897417550098,0.0,7.99,94.8,1,1,80.0,4,0.035,2.96,-0.005,52.648391,9.7455272,34.02,32.4,52.6483845,9.7455284,-0.013439035240356337,-0.03612831551628262,4.231725304385451,-1.595,-3.08,0.005,2.9578876,0.033492878,0.11237353
0 days 00:00:08.270000,0.0021226977389120225,-8.876088000000001,-0.384552,9.531396,9.594298245614034,9.594298245614034,9.594298245614034,9.594298245614034,-0.002617993877991494,0.02530727415391778,-0.01815142422074103,-1.0,7.99,94.5,1,1,80.0,4,0.03,2.875,-0.005,52.648389599999994,9.7455267,33.93,32.410000000000004,52.648384199999995,9.745528199999999,-0.013439035240356337,-0.03647738136668149,4.2315507714602525,-1.365,-2.71,0.01,2.872905,0.028521111,0.11023914
0 days 00:00:08.280000,0.0021226977389120225,-9.896328000000002,-0.3531600000000001,9.523548,9.467265725288831,9.467265725288831,9.467265725288831,9.467265725288831,-0.006981317007977318,-0.004537856055185257,-0.01780235837034216,-1.0,7.99,94.19999999999999,1,1,80.0,4,0.03,2.7800000000000002,-0.005,52.648389599999994,9.7455267,33.93,32.410000000000004,52.648384,9.7455281,-0.013613568165555772,-0.03630284844148206,4.231376238535052,-1.365,-2.71,0.01,2.7779868,0.028555635,0.10629504
0 days 00:00:08.290000,0.0021226977389120225,-9.048744000000001,-0.368856,9.343044,9.126283697047496,9.126283697047496,9.126283697047496,9.126283697047496,-0.005061454830783556,-0.010122909661567111,-0.014660765716752367,-1.0,7.99,94.19999999999999,1,1,80.0,4,0.03,2.69,-0.005,52.648389599999994,9.7455267,33.93,32.410000000000004,52.6483838,9.745527899999999,-0.013613568165555772,-0.03630284844148206,4.231201705609854,-1.365,-2.71,0.01,2.6880462,0.028600104,0.10302881
0 days 00:00:08.300000,0.0021226977389120225,-8.032428000000001,-0.32176800000000005,9.594180000000001,8.838789045785195,8.838789045785195,8.838789045785195,8.838789045785195,-0.004886921905584123,0.009250245035569947,-0.011693705988362009,-1.0,7.99,94.19999999999999,1,1,80.0,4,0.025,2.615,-0.005,52.648389599999994,9.7455267,33.93,32.410000000000004,52.648383599999995,9.7455277,-0.013613568165555772,-0.03630284844148206,4.231027172684653,-1.365,-2.71,0.01,2.6130955,0.023637624,0.100238875
0 days 00:00:08.310000,0.0021226977389120225,-8.585712000000001,-0.41594400000000004,9.845316,8.544608472400512,8.544608472400512,8.544608472400512,8.544608472400512,-0.005235987755982988,0.019722220547535925,-0.01291543646475804,-5.0,7.99,94.05,1,1,80.0,4,0.025,2.535,-0.01,52.648389599999994,9.7455267,33.93,32.410000000000004,52.6483834,9.7455275,-0.013788101090755204,-0.03647738136668149,4.230852639759455,-1.365,-2.71,0.01,2.532949,0.023585172,0.102777965
0 days 00:00:08.320000,0.0021226977389120225,-9.366588000000002,-0.40809600000000007,9.248868000000002,8.33065896448438,8.33065896448438,8.33065896448438,8.33065896448438,-0.002617993877991494,-0.016406094968746697,-0.012740903539558606,-5.0,7.99,93.89999999999999,1,1,80.0,4,0.025,2.44,-0.01,52.6483886,9.7455258,33.9,32.42,52.6483832,9.7455274,-0.013788101090755204,-0.03630284844148206,4.230852639759455,-1.165,-2.325,0.01,2.4380295,0.02363881,0.09888824
0 days 00:00:08.330000,0.0021226977389120225,-8.236476,-0.251136,9.315576,8.163510911424904,8.163510911424904,8.163510911424904,8.163510911424904,-0.00034906585039886593,-0.004363323129985824,-0.010297442586766544,-5.0,7.99,93.89999999999999,1,1,80.0,4,0.025,2.365,-0.005,52.6483886,9.7455258,33.9,32.42,52.648382999999995,9.7455272,-0.013788101090755204,-0.03630284844148206,4.2306781068342545,-1.165,-2.325,0.01,2.3632603,0.023745233,0.091170155
0 days 00:00:08.340000,0.0021226977389120225,-8.401284,-0.22759200000000002,9.660888,7.916131792896875,7.916131792896875,7.916131792896875,7.916131792896875,0.0012217304763960308,0.024783675378319478,-0.007853981633974483,-5.0,7.99,93.89999999999999,1,1,80.0,4,0.02,2.2800000000000002,-0.01,52.6483886,9.7455258,33.9,32.42,52.6483828,9.745527,-0.013788101090755204,-0.03647738136668149,4.2306781068342545,-1.165,-2.325,0.01,2.2781184,0.01871387,0.09341024
0 days 00:00:08.350000,0.0021226977389120225,-9.598104000000001,-0.5258160000000001,9.39798,7.615265297389817,7.615265297389817,7.615265297389817,7.615265297389817,0.004537856055185257,-0.0010471975511965976,-0.006632251157578452,-5.0,7.99,93.89999999999999,1,1,80.0,4,0.02,2.19,-0.005,52.6483886,9.7455258,33.9,32.42,52.6483826,9.7455269,-0.013788101090755204,-0.03647738136668149,4.230503573909056,-1.165,-2.325,0.01,2.1883607,0.018828016,0.085132115
0 days 00:00:08.360000,0.0021226977389120225,-8.829,-0.40809600000000007,9.084060000000001,7.294341035515617,7.294341035515617,7.294341035515617,7.294341035515617,0.007155849933176751,-0.01064650843716541,-0.006283185307179587,-5.0,7.99,93.89999999999999,1,1,80.0,4,0.015,2.105,-0.005,52.6483886,9.7455258,33.9,32.42,52.6483825,9.7455267,-0.013613568165555772,-0.03647738136668149,4.230503573909056,-1.165,-2.325,0.01,2.1034174,0.013885537,0.08196116
0 days 00:00:08.370000,0.0021226977389120225,-8.052048000000001,-0.37278,9.641268,7.046961916987591,7.046961916987591,7.046961916987591,7.046961916987591,0.007679448708775049,0.01832595714594046,-0.006632251157578452,-4.0,7.99,93.89999999999999,1,1,80.0,4,0.02,2.025,-0.005,52.6483877,9.745524999999999,33.9,32.42,52.648382299999994,9.7455266,-0.013613568165555772,-0.03665191429188092,4.230329040983856,-0.965,-1.965,0.01,2.023457,0.018919982,0.07946508
0 days 00:00:08.380000,0.0021226977389120225,-9.346968000000002,-0.24328800000000003,9.692280000000002,6.792896876337185,6.792896876337185,6.792896876337185,6.792896876337185,0.010297442586766544,0.014311699866353502,-0.005759586531581288,-4.0,7.99,93.89999999999999,1,1,80.0,4,0.015,1.935,-0.005,52.6483877,9.745524999999999,33.9,32.42,52.6483822,9.7455265,-0.013613568165555772,-0.03682644721708035,4.230329040983856,-0.965,-1.965,0.01,1.933504,0.013960748,0.07643681
0 days 00:00:08.390000,0.0021226977389120225,-9.354816000000001,-0.21189600000000003,9.456840000000001,6.465286692340607,6.465286692340607,6.465286692340607,6.465286692340607,0.008028514559173916,-0.00645771823237902,-0.004537856055185257,-4.0,7.99,93.75,1,1,80.0,4,0.015,1.845,-0.005,52.6483877,9.745524999999999,33.9,32.42,52.648382,9.7455263,-0.013439035240356337,-0.03665191429188092,4.230154508058657,-0.965,-1.965,0.01,1.8435776,0.014022943,0.07279931
0 days 00:00:08.400000,0.0021226977389120225,-8.173692,-0.5768280000000001,10.045440000000001,6.130990586221651,6.130990586221651,6.130990586221651,6.130990586221651,0.005759586531581288,0.011519173063162576,-0.00471238898038469,-4.0,7.99,93.6,1,1,80.0,4,0.01,1.77,-0.01,52.6483877,9.745524999999999,33.9,32.42,52.6483819,9.745526199999999,-0.013439035240356337,-0.03682644721708035,4.230154508058657,-0.965,-1.965,0.01,1.7684317,0.008989032,0.0752889
0 days 00:00:08.410000,0.0021226977389120225,-9.319500000000001,-0.10987200000000001,9.072288,6.130990586221651,6.130990586221651,6.130990586221651,6.130990586221651,0.0031415926535897933,0.0006981317007977319,-0.0036651914291880917,-4.0,7.99,93.74999999999999,1,1,80.0,4,0.01,1.68,-0.01,52.6483877,9.745524999999999,33.9,32.42,52.648381699999995,9.7455261,-0.013439035240356337,-0.03682644721708035,4.230154508058657,-0.965,-1.965,0.01,1.6784927,0.009033563,0.07197557
0 days 00:00:08.420000,0.0021226977389120225,-8.88786,-0.11379600000000001,9.609876,5.75657894736842,5.75657894736842,5.75657894736842,5.75657894736842,0.004537856055185257,-0.00017453292519943296,-0.0041887902047863905,-4.0,7.99,93.89999999999999,1,1,80.0,4,0.01,1.595,-0.0,52.6483863,9.7455245,33.81,32.43,52.6483816,9.745526,-0.013264502315156905,-0.03682644721708035,4.230154508058657,-0.8200000000000001,-1.57,-0.055,1.5939186,0.009220186,0.05885239
0 days 00:00:08.430000,0.0021226977389120225,-8.522928,-0.21189600000000003,9.794304,5.342051775780916,5.342051775780916,5.342051775780916,5.342051775780916,0.0010471975511965976,0.011344640137963142,-0.0020943951023931952,-4.0,7.99,94.04999999999998,1,1,80.0,4,0.01,1.5150000000000001,-0.005,52.6483863,9.7455245,33.81,32.43,52.6483815,9.745525899999999,-0.013264502315156905,-0.03682644721708035,4.230154508058657,-0.8200000000000001,-1.57,-0.055,1.5137887,0.009192979,0.060903367
0 days 00:00:08.440000,0.0021226977389120225,-9.013428000000001,-0.29430000000000006,9.276336,5.30193624304664,5.30193624304664,5.30193624304664,5.30193624304664,-0.0015707963267948967,0.0010471975511965976,-0.00034906585039886593,-4.0,7.99,94.19999999999999,1,1,80.0,4,0.01,1.425,-0.005,52.6483863,9.7455245,33.81,32.43,52.6483814,9.7455258,-0.013264502315156905,-0.03682644721708035,4.230154508058657,-0.8200000000000001,-1.57,-0.055,1.4238497,0.009236932,0.057590023
0 days 00:00:08.450000,0.0021226977389120225,-8.80938,-0.03531600000000001,9.339120000000001,5.034499358151476,5.034499358151476,5.034499358151476,5.034499358151476,-0.0013962634015954637,0.004537856055185257,0.0005235987755982988,-4.0,7.99,94.35,1,1,80.0,4,0.01,1.34,-0.0,52.6483863,9.7455245,33.81,32.43,52.648381199999996,9.7455257,-0.013264502315156905,-0.03700098014227979,4.230154508058657,-0.8200000000000001,-1.57,-0.055,1.3390828,0.009341618,0.049698282
0 days 00:00:08.460000,0.0021226977389120225,-8.872164000000001,0.133416,9.574560000000002,4.62665810868635,4.62665810868635,4.62665810868635,4.62665810868635,-0.004014257279586958,0.022689280275926284,0.0010471975511965976,-4.0,7.99,94.5,1,1,80.0,4,0.01,1.2550000000000001,-0.0,52.6483863,9.7455245,33.81,32.43,52.648381099999995,9.745525599999999,-0.013439035240356337,-0.03717551306747922,4.230154508058657,-0.8200000000000001,-1.57,-0.055,1.2541329,0.009372259,0.0467747
0 days 00:00:08.470000,0.0021226977389120225,-9.637344,-0.16480800000000004,9.782532000000002,4.62665810868635,4.62665810868635,4.62665810868635,4.62665810868635,0.00034906585039886593,0.010297442586766544,0.0031415926535897933,-4.0,7.99,94.5,1,1,80.0,4,0.01,1.165,-0.005,52.6483858,9.7455237,33.85,32.43,52.648381099999995,9.7455255,-0.013439035240356337,-0.03735004599267865,4.230154508058657,-0.655,-1.165,0.03,1.1640007,0.009347334,0.048629206
0 days 00:00:08.480000,0.0021226977389120225,-8.86824,-0.14126400000000003,9.692280000000002,4.111842105263158,4.111842105263158,4.111842105263158,4.111842105263158,-0.0019198621771937623,-0.0036651914291880917,0.006108652381980153,-4.0,7.99,94.5,1,1,80.0,4,0.01,1.08,-0.01,52.6483858,9.7455237,33.85,32.43,52.648381,9.7455255,-0.013439035240356337,-0.03717551306747922,4.230154508058657,-0.655,-1.165,0.03,1.0788821,0.009325373,0.050263263
0 days 00:00:08.490000,0.0021226977389120225,-8.275716000000001,0.10594800000000001,9.256716,4.111842105263158,4.111842105263158,4.111842105263158,4.111842105263158,-0.0038397243543875246,-0.00645771823237902,0.008377580409572781,-4.0,7.99,94.5,1,1,80.0,4,0.015,1.0,-0.005,52.6483858,9.7455237,33.85,32.43,52.6483809,9.7455254,-0.013439035240356337,-0.03717551306747922,4.230329040983856,-0.655,-1.165,0.03,0.9991232,0.014432026,0.04236127
0 days 00:00:08.500000,0.0021226977389120225,-7.683192,-0.17658000000000004,9.939492000000001,3.657199400941378,3.657199400941378,3.657199400941378,3.657199400941378,-0.0022689280275926286,0.0158824961931484,0.010297442586766544,-3.0,7.99,94.5,1,1,80.0,4,0.015,0.925,-0.01,52.6483858,9.7455237,33.85,32.43,52.6483808,9.745525299999999,-0.013439035240356337,-0.03735004599267865,4.230329040983856,-0.655,-1.165,0.03,0.9239815,0.014400172,0.044731345
0 days 00:00:08.510000,0.0021226977389120225,-9.033048,-0.3531600000000001,9.523548,3.657199400941378,3.657199400941378,3.657199400941378,3.657199400941378,-0.0022689280275926286,0.015184364492350668,0.012391837689159739,-3.0,7.99,94.35,1,1,80.0,4,0.01,0.84,-0.01,52.6483858,9.7455237,33.85,32.43,52.6483807,9.745525299999999,-0.013439035240356337,-0.03752457891787808,4.230503573909056,-0.655,-1.165,0.03,0.8390335,0.00944131,0.041636847
0 days 00:00:08.520000,0.0021226977389120225,-9.280260000000002,-0.184428,9.315576,3.3763906718014547,3.3763906718014547,3.3763906718014547,3.3763906718014547,-0.0017453292519943296,0.0017453292519943296,0.010297442586766544,-3.0,7.99,94.19999999999999,1,1,80.0,4,0.01,0.75,-0.01,52.6483852,9.7455233,33.87,32.44,52.6483807,9.7455252,-0.013439035240356337,-0.03752457891787808,4.2306781068342545,-0.445,-0.76,0.035,0.7490969,0.009486685,0.03826073
0 days 00:00:08.530000,0.0021226977389120225,-8.675964,-0.066708,9.052668,3.0822100984167737,3.0822100984167737,3.0822100984167737,3.0822100984167737,0.0013962634015954637,-0.00942477796076938,0.010471975511965976,-3.0,7.99,94.05,1,1,80.0,4,0.01,0.665,-0.005,52.6483852,9.7455233,33.87,32.44,52.648380599999996,9.7455252,-0.013439035240356337,-0.03735004599267865,4.2306781068342545,-0.445,-0.76,0.035,0.66434956,0.009598242,0.029960213
0 days 00:00:08.540000,0.0021226977389120225,-7.812684,-0.03531600000000001,9.602028,3.0822100984167737,3.0822100984167737,3.0822100984167737,3.0822100984167737,0.0010471975511965976,0.014311699866353502,0.010122909661567111,-3.0,7.99,93.89999999999999,1,1,80.0,4,0.01,0.59,-0.005,52.6483852,9.7455233,33.87,32.44,52.648380599999996,9.7455251,-0.013439035240356337,-0.03752457891787808,4.230852639759455,-0.445,-0.76,0.035,0.5893971,0.009634497,0.027262721
0 days 00:00:08.550000,0.0021226977389120225,-8.632800000000001,-0.21582000000000004,9.602028,2.7947154471544713,2.7947154471544713,2.7947154471544713,2.7947154471544713,0.004014257279586958,0.008203047484373348,0.01064650843716541,-4.0,7.99,93.75,1,1,80.0,4,0.01,0.51,-0.005,52.6483852,9.7455233,33.87,32.44,52.648380499999995,9.7455251,-0.013439035240356337,-0.03769911184307752,4.230852639759455,-0.445,-0.76,0.035,0.5094491,0.009673634,0.024350638
0 days 00:00:08.560000,0.0021226977389120225,-8.605332,-0.08240400000000002,9.354816000000001,2.3400727428326915,2.3400727428326915,2.3400727428326915,2.3400727428326915,0.004363323129985824,0.00034906585039886593,0.009250245035569947,-4.0,7.99,93.6,1,1,80.0,4,0.01,0.425,-0.005,52.6483852,9.7455233,33.87,32.44,52.648380499999995,9.7455251,-0.013264502315156905,-0.03769911184307752,4.231027172684653,-0.445,-0.76,0.035,0.42450958,0.009720378,0.021145567
0 days 00:00:08.570000,0.0021226977389120225,-8.373816000000001,-0.05101200000000001,9.464688,2.320014976465554,2.320014976465554,2.320014976465554,2.320014976465554,0.005061454830783556,0.008377580409572781,0.007679448708775049,-4.0,7.99,93.3,1,1,80.0,4,0.01,0.34500000000000003,-0.005,52.648384899999996,9.745523,33.87,32.45,52.648380499999995,9.7455251,-0.013264502315156905,-0.03769911184307752,4.231027172684653,-0.24,-0.41000000000000003,0.01,0.34456643,0.009760371,0.018130617
0 days 00:00:08.580000,0.0021226977389120225,-8.754444000000001,0.11772,9.558864000000002,2.320014976465554,2.320014976465554,2.320014976465554,2.320014976465554,0.005934119456780722,0.00645771823237902,0.006981317007977318,-4.0,7.99,93.0,1,1,80.0,4,0.015,0.265,-0.005,52.648384899999996,9.745523,33.87,32.45,52.6483804,9.745524999999999,-0.013264502315156905,-0.03787364476827695,4.231201705609854,-0.24,-0.41000000000000003,0.01,0.26462063,0.014799314,0.01522817
0 days 00:00:08.590000,0.0021226977389120225,-8.770140000000001,-0.003924,9.429372,2.192982456140351,2.192982456140351,2.192982456140351,2.192982456140351,0.007679448708775049,-0.007679448708775049,0.006108652381980153,-4.0,7.99,92.69999999999999,1,1,80.0,4,0.015,0.18,-0.005,52.648384899999996,9.745523,33.87,32.45,52.6483804,9.745524999999999,-0.013089969389957472,-0.03769911184307752,4.231201705609854,-0.24,-0.41000000000000003,0.01,0.17968366,0.014844511,0.011976015
0 days 00:00:08.600000,0.0021226977389120225,-8.083440000000001,-0.023544000000000002,9.350892000000002,1.9054878048780486,1.9054878048780486,1.9054878048780486,1.9054878048780486,0.004537856055185257,-0.0041887902047863905,0.005759586531581288,-5.0,7.99,92.39999999999999,1,1,80.0,4,0.015,0.1,-0.0,52.648384899999996,9.745523,33.87,32.45,52.6483804,9.745524999999999,-0.013089969389957472,-0.03769911184307752,4.231201705609854,-0.24,-0.41000000000000003,0.01,0.099928945,0.01494938,0.0039650393
0 days 00:00:08.610000,0.0021226977389120225,-8.036352,-0.039240000000000004,9.417600000000002,1.6848523748395376,1.6848523748395376,1.6848523748395376,1.6848523748395376,0.0036651914291880917,0.0031415926535897933,0.004537856055185257,-5.0,7.99,92.25,1,1,80.5,4,0.015,0.025,-0.0,52.648384899999996,9.745523,33.87,32.45,52.6483804,9.745524999999999,-0.013089969389957472,-0.03769911184307752,4.231376238535052,-0.24,-0.41000000000000003,0.01,0.024982236,0.014986381,0.0011385177
0 days 00:00:08.620000,0.0021226977389120225,-8.393436000000001,-0.015696,9.272412000000001,1.4976465554129224,1.4976465554129224,1.4976465554129224,1.4976465554129224,0.0008726646259971648,-0.00017453292519943296,0.003490658503988659,-5.0,7.99,92.1,1,1,81.0,4,0.02,-0.055,-0.0,52.6483846,9.7455229,33.84,32.45,52.6483804,9.745524999999999,-0.013089969389957472,-0.03769911184307752,4.231376238535052,-0.04,-0.09,0.035,-0.05496092,0.020025421,-0.0018109904
0 days 00:00:08.630000,0.0021226977389120225,-8.146224,-0.074556,9.37836,1.357242190842961,1.357242190842961,1.357242190842961,1.357242190842961,-0.0005235987755982988,-0.004537856055185257,0.0012217304763960308,-5.0,7.99,91.8,1,1,81.5,4,0.02,-0.135,-0.0,52.6483846,9.7455229,33.84,32.45,52.6483804,9.745524999999999,-0.013089969389957472,-0.03769911184307752,4.231376238535052,-0.04,-0.09,0.035,-0.13490409,0.020064889,-0.004825947
0 days 00:00:08.640000,0.0021226977389120225,-7.447752,-0.129492,9.598104000000001,1.2435815147625162,1.2435815147625162,1.2435815147625162,1.2435815147625162,-0.0041887902047863905,-0.012566370614359173,-0.0005235987755982988,-5.0,7.99,91.5,1,1,82.0,4,0.02,-0.20500000000000002,-0.0,52.6483846,9.7455229,33.84,32.45,52.6483804,9.745524999999999,-0.013089969389957472,-0.03752457891787808,4.231376238535052,-0.04,-0.09,0.035,-0.20485568,0.020098954,-0.007428282
0 days 00:00:08.650000,0.0021226977389120225,-6.525612000000001,-0.133416,9.582408000000001,1.1499786050492085,1.1499786050492085,1.1499786050492085,1.1499786050492085,-0.007853981633974483,-0.032463124087094536,-0.0015707963267948967,-5.0,7.99,91.5,1,1,82.5,4,0.02,-0.265,-0.0,52.6483846,9.7455229,33.84,32.45,52.648380499999995,9.7455251,-0.013089969389957472,-0.03717551306747922,4.231376238535052,-0.04,-0.09,0.035,-0.26481688,0.020127209,-0.009586606
0 days 00:00:08.660000,0.0021226977389120225,-4.905,-0.11772,10.010124000000001,1.0630616174582799,1.0630616174582799,1.0630616174582799,1.0630616174582799,-0.010821041362364843,-0.034732052114687155,-0.002617993877991494,-5.0,7.99,91.5,1,1,83.0,4,0.02,-0.31,-0.0,52.6483846,9.7455229,33.84,32.45,52.648380499999995,9.7455251,-0.013264502315156905,-0.03682644721708035,4.231376238535052,-0.04,-0.09,0.035,-0.3097898,0.020149631,-0.011147332
0 days 00:00:08.670000,0.0021226977389120225,-3.9593160000000003,-0.153036,10.382904,0.9895164741121094,0.9895164741121094,0.9895164741121094,0.9895164741121094,-0.013439035240356337,-0.03787364476827695,-0.0036651914291880917,-5.0,7.99,91.19999999999999,1,1,83.5,4,0.02,-0.34500000000000003,-0.01,52.6483847,9.7455225,33.910000000000004,32.46,52.648380499999995,9.7455251,-0.013439035240356337,-0.03647738136668149,4.231376238535052,0.12,0.25,0.055,-0.34513518,0.02003298,-0.0023195539
0 days 00:00:08.680000,0.0020047700867502436,-3.4884360000000005,-0.180504,10.174932000000002,0.9293431750106974,0.9293431750106974,0.9293431750106974,0.9293431750106974,-0.015707963267948967,-0.06527531402458793,-0.0038397243543875246,-5.0,7.99,90.89999999999999,1,1,84.0,4,0.02,-0.38,-0.015,52.6483847,9.7455225,33.910000000000004,32.46,52.648380499999995,9.7455251,-0.013613568165555772,-0.03577924966588375,4.231201705609854,0.12,0.25,0.055,-0.38029334,0.019979127,0.001669319
0 days 00:00:08.690000,0.0020047700867502436,-2.1268080000000005,-0.031392,9.919872000000002,0.8691698759092854,0.8691698759092854,0.8691698759092854,0.8691698759092854,-0.021118483949131385,-0.09128071987930345,-0.0038397243543875246,-6.0,7.99,90.14999999999999,1,1,84.5,4,0.02,-0.395,-0.015,52.6483847,9.7455225,33.910000000000004,32.46,52.648380599999996,9.7455252,-0.013788101090755204,-0.03490658503988659,4.231201705609854,0.12,0.25,0.055,-0.39528286,0.019981477,0.0014812001
0 days 00:00:08.700000,0.0020047700867502436,0.019620000000000002,-0.007848,10.473156000000001,0.8156824989302525,0.8156824989302525,0.8156824989302525,0.8156824989302525,-0.02129301687433082,-0.06702064327658225,-0.0038397243543875246,-6.0,7.99,89.39999999999999,1,1,85.0,4,0.02,-0.39,-0.02,52.6483847,9.7455225,33.910000000000004,32.46,52.648380599999996,9.7455252,-0.013962634015954637,-0.03420845333908886,4.231201705609854,0.12,0.25,0.055,-0.39045584,0.019905208,0.0069282
0 days 00:00:08.710000,0.0018868424345884643,0.349236,-0.533664,11.748456000000001,0.7755669661959778,0.7755669661959778,0.7755669661959778,0.7755669661959778,-0.017453292519943295,-0.03892084231947355,-0.0054105206811824215,-7.0,7.99,87.89999999999999,1,1,85.5,4,0.015,-0.385,-0.04,52.6483847,9.7455225,33.910000000000004,32.46,52.648380599999996,9.7455252,-0.014137166941154071,-0.03385938748868999,4.231201705609854,0.12,0.25,0.055,-0.38613346,0.014617606,0.027153056
0 days 00:00:08.720000,0.0018868424345884643,-1.0987200000000001,0.003924,9.645192000000002,0.735451433461703,0.735451433461703,0.735451433461703,0.735451433461703,-0.02391101075232232,-0.11187560505283653,0.00034906585039886593,-8.0,7.99,86.39999999999999,1,1,86.0,4,0.02,-0.39,-0.04,52.6483846,9.7455227,33.95,32.47,52.6483807,9.7455252,-0.014311699866353503,-0.0328121899374934,4.231201705609854,0.32,0.56,-0.0,-0.3911023,0.019608917,0.027467452
0 days 00:00:08.730000,0.0018868424345884643,2.448576,-0.15696000000000002,10.402524000000001,0.7020218228498075,0.7020218228498075,0.7020218228498075,0.7020218228498075,-0.018675022996339326,-0.09756390518648302,0.00034906585039886593,-9.0,7.99,84.0,1,1,86.5,4,0.02,-0.365,-0.045,52.6483846,9.7455227,33.95,32.47,52.6483807,9.745525299999999,-0.014486232791552936,-0.0317649923862968,4.231201705609854,0.32,0.56,-0.0,-0.36624503,0.019514294,0.03367124
0 days 00:00:08.740000,0.0017689147824266852,2.9665440000000003,-0.184428,11.532636,0.6619062901155327,0.6619062901155327,0.6619062901155327,0.6619062901155327,-0.016057029118347832,-0.02949606435870417,-0.002617993877991494,-9.0,7.99,81.6,0,1,87.0,4,0.02,-0.33,-0.06,52.6483846,9.7455227,33.95,32.47,52.6483807,9.745525299999999,-0.014660765716752368,-0.031415926535897934,4.231201705609854,0.32,0.56,-0.0,-0.3317218,0.019270632,0.049892712
0 days 00:00:08.750000,0.0017689147824266852,-0.769104,-0.180504,10.767456000000001,0.6418485237483953,0.6418485237483953,0.6418485237483953,0.6418485237483953,-0.013962634015954637,-0.07225663103256524,-0.00017453292519943296,-9.0,7.99,78.15,0,1,87.5,4,0.02,-0.335,-0.07,52.6483846,9.7455227,33.95,32.47,52.6483807,9.745525299999999,-0.014835298641951801,-0.0307177948351002,4.231201705609854,0.32,0.56,-0.0,-0.33699188,0.019112488,0.059968263
0 days 00:00:08.760000,0.001650987130264906,0.5729040000000001,-0.21582000000000004,9.468612,0.6084189131364998,0.6084189131364998,0.6084189131364998,0.6084189131364998,-0.01361356816555577,-0.11920598791121272,0.0041887902047863905,-10.0,7.99,74.7,0,1,88.0,4,0.015,-0.325,-0.065,52.6483846,9.7455227,33.95,32.47,52.6483808,9.745525299999999,-0.015009831567151233,-0.02949606435870417,4.231201705609854,0.32,0.56,-0.0,-0.32677558,0.014166993,0.05560579
0 days 00:00:08.770000,0.0015330594781031272,3.8141280000000006,-0.05101200000000001,11.085300000000002,0.5749893025246042,0.5749893025246042,0.5749893025246042,0.5749893025246042,-0.00942477796076938,-0.05916666164260777,0.0041887902047863905,-7.0,7.99,71.85,0,1,88.5,4,0.02,-0.28500000000000003,-0.08,52.648384799999995,9.7455229,33.95,32.480000000000004,52.6483808,9.7455254,-0.015009831567151233,-0.028972465583105872,4.231376238535052,0.385,0.67,-0.01,-0.28719786,0.018921426,0.07200254
0 days 00:00:08.780000,0.0015330594781031272,1.5852960000000003,-0.133416,10.61442,0.5549315361574667,0.5549315361574667,0.5549315361574667,0.5549315361574667,-0.008726646259971648,-0.0916297857297023,0.006632251157578452,-7.0,7.99,69.0,0,1,89.0,4,0.02,-0.265,-0.085,52.648384799999995,9.7455229,33.95,32.480000000000004,52.6483808,9.7455254,-0.015184364492350668,-0.028099800957108706,4.231376238535052,0.385,0.67,-0.01,-0.26728356,0.018820632,0.07781572
0 days 00:00:08.790000,0.0015330594781031272,2.49174,-0.21582000000000004,9.637344,0.5348737697903295,0.5348737697903295,0.5348737697903295,0.5348737697903295,-0.007504915783575617,-0.12618730491919003,0.008203047484373348,-8.0,7.99,66.3,0,1,89.5,4,0.02,-0.24,-0.085,52.648384799999995,9.7455229,33.95,32.480000000000004,52.6483808,9.7455254,-0.015184364492350668,-0.026878070480712675,4.2315507714602525,0.385,0.67,-0.01,-0.24219766,0.018805474,0.07881396
0 days 00:00:08.800000,0.0015330594781031272,4.00248,-0.20797200000000002,10.394676000000002,0.5148160034231922,0.5148160034231922,0.5148160034231922,0.5148160034231922,-0.007504915783575617,-0.0788888821901437,0.00645771823237902,-8.0,7.99,63.599999999999994,0,1,90.0,4,0.02,-0.195,-0.09,52.648384799999995,9.7455229,33.95,32.480000000000004,52.6483808,9.7455254,-0.0153588974175501,-0.02600540585471551,4.2315507714602525,0.385,0.67,-0.01,-0.19727428,0.018693736,0.08519624
0 days 00:00:08.810000,0.0015330594781031272,1.557828,-0.24328800000000003,9.92772,0.4947582370560547,0.4947582370560547,0.4947582370560547,0.4947582370560547,-0.005585053606381855,-0.10437068926926091,0.006806784082777885,-8.0,7.99,62.4,1,1,90.0,4,0.015,-0.18,-0.09,52.648384799999995,9.7455229,33.95,32.480000000000004,52.6483809,9.7455254,-0.0153588974175501,-0.02495820830351891,4.2315507714602525,0.385,0.67,-0.01,-0.18218996,0.013685403,0.08570026
0 days 00:00:08.820000,0.0015330594781031272,2.134656,-0.26290800000000003,9.186084000000001,0.4813863928112965,0.4813863928112965,0.4813863928112965,0.4813863928112965,-0.0012217304763960308,-0.12950343049797924,0.006806784082777885,-8.0,7.99,61.2,1,1,90.0,4,0.015,-0.155,-0.085,52.648384799999995,9.7455231,33.94,32.49,52.6483809,9.7455254,-0.0153588974175501,-0.023736477827122883,4.231725304385451,0.3,0.54,0.055,-0.15697375,0.013749643,0.08151804
0 days 00:00:08.830000,0.0015330594781031272,3.5983080000000003,-0.20797200000000002,10.2024,0.4613286264441592,0.4613286264441592,0.4613286264441592,0.4613286264441592,0.0027925268031909274,-0.09093165402890457,0.0041887902047863905,-8.0,7.99,61.05,1,1,90.0,4,0.015,-0.115,-0.085,52.648384799999995,9.7455231,33.94,32.49,52.6483809,9.7455255,-0.0153588974175501,-0.022863813201125717,4.231725304385451,0.3,0.54,0.055,-0.1169132,0.013733495,0.08256934
0 days 00:00:08.840000,0.0014151318259413483,1.7069400000000003,-0.258984,9.951264,0.45464270432178006,0.45464270432178006,0.45464270432178006,0.45464270432178006,0.007155849933176751,-0.11397000015522972,0.0036651914291880917,-8.0,7.99,60.89999999999999,1,1,90.0,4,0.015,-0.1,-0.085,52.648384799999995,9.7455231,33.94,32.49,52.6483809,9.7455255,-0.015184364492350668,-0.021642082724729686,4.231899837310651,0.3,0.54,0.055,-0.10181602,0.01374081,0.08303426
0 days 00:00:08.850000,0.0014151318259413483,2.13858,-0.14126400000000003,9.182160000000001,0.4345849379546427,0.4345849379546427,0.4345849379546427,0.4345849379546427,0.006981317007977318,-0.13264502315156904,0.0036651914291880917,-8.0,7.99,60.74999999999999,1,1,90.0,4,0.015,-0.075,-0.08,52.648384799999995,9.7455231,33.94,32.49,52.6483809,9.7455255,-0.015184364492350668,-0.020420352248333655,4.231899837310651,0.3,0.54,0.055,-0.07661788,0.013807074,0.078670606
0 days 00:00:08.860000,0.0012972041737795694,3.0175560000000003,-0.145188,9.908100000000001,0.4212130937098844,0.4212130937098844,0.4212130937098844,0.4212130937098844,0.007853981633974483,-0.10210176124166828,0.002617993877991494,-8.0,7.99,60.599999999999994,1,1,90.0,4,0.015,-0.04,-0.08,52.648384799999995,9.7455231,33.94,32.49,52.6483809,9.7455255,-0.015009831567151233,-0.01937315469713706,4.231899837310651,0.3,0.54,0.055,-0.041542247,0.013809425,0.079426326
0 days 00:00:08.870000,0.0011792765216177901,1.7736480000000003,-0.258984,9.727596,0.4145271715875053,0.4145271715875053,0.4145271715875053,0.4145271715875053,0.009773843811168246,-0.11501719770642631,0.0017453292519943296,-7.0,7.99,60.449999999999996,1,1,90.0,4,0.015,-0.025,-0.08,52.648384899999996,9.745523,33.97,32.5,52.6483809,9.7455255,-0.015009831567151233,-0.01815142422074103,4.231899837310651,0.17,0.32,0.075,-0.026447916,0.013804576,0.079749234
0 days 00:00:08.880000,0.0010613488694560112,2.00124,-0.43948800000000005,9.94734,0.40115532734274706,0.40115532734274706,0.40115532734274706,0.40115532734274706,0.017453292519943295,-0.11868238913561441,0.0017453292519943296,-7.0,7.99,60.3,1,1,90.0,4,0.01,0.0,-0.08,52.648384899999996,9.745523,33.97,32.5,52.6483809,9.7455255,-0.014835298641951801,-0.016929693744344994,4.23207437023585,0.17,0.32,0.075,-0.0013543108,0.00881229,0.08012808
0 days 00:00:08.890000,0.0009434212172942321,2.009088,-0.23936400000000002,9.547092000000001,0.3877834830979889,0.3877834830979889,0.3877834830979889,0.3877834830979889,0.022514747350726852,-0.10681415022205297,0.0022689280275926286,-6.0,7.99,60.3,1,1,90.0,4,0.01,0.02,-0.075,52.648384899999996,9.745523,33.97,32.5,52.6483809,9.7455255,-0.014486232791552936,-0.0158824961931484,4.23207437023585,0.17,0.32,0.075,0.01880634,0.008908057,0.07544514
0 days 00:00:08.900000,0.0007075659129706742,1.5931440000000003,0.0,8.707356,0.3677257167308515,0.3677257167308515,0.3677257167308515,0.3677257167308515,0.013264502315156903,-0.10192722831646885,0.0006981317007977319,-6.0,7.99,60.3,1,1,90.0,4,0.01,0.04,-0.065,52.648384899999996,9.745523,33.97,32.5,52.6483809,9.7455255,-0.014311699866353503,-0.015009831567151233,4.23207437023585,0.17,0.32,0.075,0.03901989,0.00906026,0.06572944
0 days 00:00:08.910000,0.0005896382608088951,1.29492,-0.4316400000000001,9.590256,0.36103979460847235,0.36103979460847235,0.36103979460847235,0.36103979460847235,0.015009831567151233,-0.08639379797371932,0.00017453292519943296,-5.0,7.99,60.15,1,1,90.0,4,0.005,0.05,-0.065,52.648384899999996,9.745523,33.97,32.5,52.6483809,9.7455255,-0.014311699866353503,-0.014137166941154071,4.23207437023585,0.17,0.32,0.075,0.049076118,0.0040592365,0.065765165
0 days 00:00:08.920000,0.0004717106086471161,0.380628,-0.074556,8.570016,0.3476679503637142,0.3476679503637142,0.3476679503637142,0.3476679503637142,0.00942477796076938,-0.0973893722612836,-0.0005235987755982988,-5.0,7.99,60.0,1,1,90.0,4,0.005,0.055,-0.05,52.648385,9.745523,33.96,32.51,52.6483809,9.7455255,-0.014137166941154071,-0.013089969389957472,4.23207437023585,0.035,0.09,0.065,0.054340806,0.0042825486,0.05078126
0 days 00:00:08.930000,0.0003537829564853371,0.8632800000000002,-0.149112,8.71128,0.3476679503637142,0.3476679503637142,0.3476679503637142,0.3476679503637142,0.0022689280275926286,-0.0788888821901437,-0.0022689280275926286,-4.0,7.99,60.0,1,1,90.0,4,0.005,0.065,-0.04,52.648385,9.745523,33.96,32.51,52.6483809,9.7455255,-0.014137166941154071,-0.012391837689159739,4.23207437023585,0.035,0.09,0.065,0.06449935,0.0044226893,0.040868983
0 days 00:00:08.940000,0.00023585530432355804,0.039240000000000004,-0.3296160000000001,9.178236000000002,0.34098202824133506,0.34098202824133506,0.34098202824133506,0.34098202824133506,0.0008726646259971648,-0.05916666164260777,-0.0027925268031909274,-1.0,13.09,60.0,1,1,90.0,4,0.005,0.07,-0.035,52.648385,9.745523,33.96,32.51,52.6483809,9.7455255,-0.014137166941154071,-0.011693705988362009,4.23207437023585,0.035,0.09,0.065,0.06958595,0.004493178,0.03588325
0 days 00:00:08.950000,0.00011792765216177902,-1.0634040000000002,-0.28252800000000006,8.566092000000001,0.3276101839965768,0.3276101839965768,0.3276101839965768,0.3276101839965768,-0.0019198621771937623,-0.07330382858376185,-0.002967059728390361,-1.0,13.09,60.15,1,1,90.0,4,0.005,0.06,-0.02,52.648385,9.745523,33.96,32.51,52.6483809,9.7455255,-0.014137166941154071,-0.010995574287564275,4.23207437023585,0.035,0.09,0.065,0.059776466,0.004707457,0.02072713
0 days 00:00:08.960000,0.00011792765216177902,-0.41594400000000004,-0.20012400000000002,8.487612,0.32092426187419765,0.32092426187419765,0.32092426187419765,0.32092426187419765,-0.0041887902047863905,-0.06073745796940267,-0.003316125578789226,-1.0,13.09,60.3,1,1,90.0,4,0.005,0.055,-0.01,52.648385,9.745523,33.96,32.51,52.6483809,9.7455255,-0.014137166941154071,-0.010471975511965976,4.23207437023585,0.035,0.09,0.065,0.054892264,0.0048499987,0.010645025
0 days 00:00:08.970000,0.0,-0.48657600000000006,-0.24328800000000003,9.00558,0.32092426187419765,0.32092426187419765,0.32092426187419765,0.32092426187419765,-0.005061454830783556,-0.033335788713091695,-0.0041887902047863905,-1.0,13.09,60.3,1,1,90.0,4,0.0,0.05,-0.0,52.648384899999996,9.7455228,33.96,32.52,52.6483809,9.7455254,-0.014137166941154071,-0.010122909661567111,4.231899837310651,-0.07,-0.075,0.01,0.049997438,-7.1551017e-06,0.0005060862
0 days 00:00:08.980000,0.0,-1.577448,-0.16873200000000002,8.322804000000001,0.30755241762943947,0.30755241762943947,0.30755241762943947,0.30755241762943947,-0.00645771823237902,-0.04363323129985824,-0.0041887902047863905,-1.0,13.09,60.3,1,1,90.0,4,0.0,0.035,0.015,52.648384899999996,9.7455228,33.96,32.52,52.6483809,9.7455254,-0.014311699866353503,-0.009599310885968814,4.231899837310651,-0.07,-0.075,0.01,0.035142373,0.00020985013,-0.014661836
0 days 00:00:08.990000,0.0,-0.9731520000000001,-0.15696000000000002,8.479764000000001,0.29418057338468123,0.29418057338468123,0.29418057338468123,0.29418057338468123,-0.006108652381980153,-0.02548180707911721,-0.004363323129985824,-1.0,13.09,60.3,1,1,90.0,4,0.0,0.025,0.03,52.648384899999996,9.7455228,33.96,32.51,52.6483809,9.7455254,-0.014311699866353503,-0.00942477796076938,4.231899837310651,-0.07,-0.075,0.01,0.025281629,0.00042594533,-0.029760003
0 days 00:00:09,0.0,-1.15758,-0.192276,9.013428000000001,0.2874946512623021,0.2874946512623021,0.2874946512623021,0.2874946512623021,-0.004537856055185257,-0.005061454830783556,-0.0041887902047863905,-1.0,13.09,60.3,1,1,90.0,4,0.0,0.015,0.035,52.648384899999996,9.7455228,33.96,32.51,52.6483809,9.7455254,-0.014311699866353503,-0.009250245035569947,4.231899837310651,-0.07,-0.075,0.01,0.015323112,0.00049888523,-0.03485618
0 days 00:00:09.010000,0.0,-1.6951680000000002,-0.192276,8.648496000000002,0.2874946512623021,0.2874946512623021,0.2874946512623021,0.2874946512623021,-0.0038397243543875246,-0.014137166941154071,-0.0031415926535897933,-1.0,13.09,60.3,1,1,90.0,4,0.0,0.0,0.045,52.648384899999996,9.7455228,33.96,32.51,52.6483809,9.7455254,-0.014311699866353503,-0.009250245035569947,4.231899837310651,-0.07,-0.075,0.01,0.0004162551,0.00064397696,-0.044993468
0 days 00:00:09.020000,0.0,-0.8240400000000001,-0.08632800000000002,8.793684,0.2741228070175439,0.2741228070175439,0.2741228070175439,0.2741228070175439,-0.0027925268031909274,0.0022689280275926286,-0.002617993877991494,-1.0,13.09,60.3,1,1,90.0,4,0.0,-0.005,0.055,52.6483851,9.7455227,34.0,32.52,52.6483809,9.7455254,-0.014486232791552936,-0.009250245035569947,4.231725304385451,-0.085,-0.145,0.015,-0.0044910293,0.0007973508,-0.05503812
0 days 00:00:09.030000,0.0,-0.9849240000000001,-0.062784,9.237096000000001,0.2741228070175439,0.2741228070175439,0.2741228070175439,0.2741228070175439,-0.0006981317007977319,0.02391101075232232,-0.0027925268031909274,-1.0,13.09,60.3,1,1,90.0,4,0.0,-0.015,0.065,52.6483851,9.7455227,34.0,32.52,52.6483809,9.7455254,-0.014486232791552936,-0.00942477796076938,4.231725304385451,-0.085,-0.145,0.015,-0.014386732,0.0009435782,-0.06513165
0 days 00:00:09.040000,0.0,-1.5852960000000003,-0.0981,9.056592,0.2741228070175439,0.2741228070175439,0.2741228070175439,0.2741228070175439,0.0012217304763960308,0.01884955592153876,-0.0020943951023931952,-1.0,13.09,60.3,1,1,90.0,4,0.0,-0.03,0.07,52.6483851,9.7455227,34.0,32.52,52.6483809,9.7455254,-0.014486232791552936,-0.009599310885968814,4.231725304385451,-0.085,-0.145,0.015,-0.029326675,0.0010181256,-0.07027738
0 days 00:00:09.050000,0.0,-1.0516320000000001,0.702396,7.388892,0.26743688489516476,0.26743688489516476,0.26743688489516476,0.26743688489516476,-0.016929693744344998,0.015358897417550098,-0.004886921905584123,-1.0,13.09,60.449999999999996,1,1,90.0,4,0.01,-0.04,0.095,52.6483851,9.7455227,34.0,32.52,52.6483809,9.7455254,-0.014660765716752368,-0.009773843811168246,4.231725304385451,-0.085,-0.145,0.015,-0.03906959,0.011397312,-0.09522956
0 days 00:00:09.060000,0.0,0.05886,-0.28252800000000006,9.982656,0.26743688489516476,0.26743688489516476,0.26743688489516476,0.26743688489516476,-0.02234021442552742,0.05951572749300663,-0.0038397243543875246,-1.0,13.09,60.599999999999994,1,1,90.0,4,0.01,-0.04,0.095,52.6483851,9.7455227,34.0,32.52,52.6483809,9.7455254,-0.014835298641951801,-0.010297442586766544,4.231725304385451,-0.085,-0.145,0.015,-0.03901964,0.011414236,-0.09524801
0 days 00:00:09.070000,0.0,-2.13858,-0.5493600000000001,10.987200000000001,0.2540650406504065,0.2540650406504065,0.2540650406504065,0.2540650406504065,0.00645771823237902,0.0486946861306418,0.0,0.0,13.09,60.599999999999994,1,1,90.0,4,0.005,-0.06,0.08,52.6483851,9.7455227,33.99,32.52,52.6483809,9.7455254,-0.014660765716752368,-0.010821041362364843,4.2315507714602525,-0.065,-0.08,-0.075,-0.059130818,0.0061817314,-0.0805626
0 days 00:00:09.080000,0.0,-1.4989680000000003,-0.16088400000000003,8.668116000000001,0.2540650406504065,0.2540650406504065,0.2540650406504065,0.2540650406504065,0.007330382858376183,0.013439035240356337,0.002617993877991494,0.0,13.09,60.599999999999994,1,1,90.0,4,0.005,-0.075,0.09,52.6483851,9.7455227,33.99,32.52,52.6483809,9.7455254,-0.014660765716752368,-0.010995574287564275,4.231725304385451,-0.065,-0.08,-0.075,-0.074005894,0.006330894,-0.09073615
0 days 00:00:09.090000,0.0,0.8554320000000001,-0.125568,10.072908000000002,0.24737911852802735,0.24737911852802735,0.24737911852802735,0.24737911852802735,0.006283185307179587,0.07225663103256524,0.0013962634015954637,0.0,13.09,60.599999999999994,1,1,90.0,4,0.005,-0.065,0.09,52.6483851,9.7455227,33.99,32.52,52.6483809,9.7455254,-0.014660765716752368,-0.011693705988362009,4.231725304385451,-0.065,-0.08,-0.075,-0.06394315,0.006329937,-0.09067087
0 days 00:00:09.100000,0.00011792765216177902,-1.3341600000000002,-0.133416,9.970884,0.23400727428326917,0.23400727428326917,0.23400727428326917,0.23400727428326917,0.006283185307179587,0.054977871437821374,0.0022689280275926286,0.0,13.09,60.599999999999994,1,1,90.0,4,0.005,-0.075,0.09,52.6483851,9.7455227,33.99,32.52,52.6483809,9.7455254,-0.014486232791552936,-0.012217304763960308,4.231725304385451,-0.065,-0.08,-0.075,-0.07389488,0.0063163666,-0.0908276
0 days 00:00:09.110000,0.00011792765216177902,-0.7926480000000001,-0.066708,9.284184,0.23400727428326917,0.23400727428326917,0.23400727428326917,0.23400727428326917,0.00645771823237902,0.03316125578789226,0.003490658503988659,0.0,13.09,60.599999999999994,1,1,90.0,4,0.005,-0.08,0.095,52.6483851,9.7455227,33.99,32.52,52.6483809,9.7455255,-0.014486232791552936,-0.012566370614359171,4.231725304385451,-0.065,-0.08,-0.075,-0.0787999,0.006390073,-0.09591528
0 days 00:00:09.120000,0.00011792765216177902,0.769104,-0.011772000000000001,10.308348,0.23400727428326917,0.23400727428326917,0.23400727428326917,0.23400727428326917,0.006632251157578452,0.07435102613495843,0.002617993877991494,0.0,13.09,60.599999999999994,1,1,90.0,4,0.005,-0.075,0.09,52.6483856,9.7455231,34.26,32.53,52.6483809,9.7455255,-0.014486232791552936,-0.013264502315156905,4.231725304385451,-0.03,-0.03,-0.095,-0.07379963,0.0063174865,-0.09090492
0 days 00:00:09.130000,0.00011792765216177902,-0.694548,-0.10594800000000001,10.1043,0.22732135216089003,0.22732135216089003,0.22732135216089003,0.22732135216089003,0.006632251157578452,0.056025068989017976,0.0041887902047863905,1.0,13.09,60.599999999999994,1,1,90.0,4,0.005,-0.08,0.085,52.6483856,9.7455231,34.26,32.53,52.6483809,9.7455255,-0.014311699866353503,-0.013962634015954637,4.231725304385451,-0.03,-0.03,-0.095,-0.07880542,0.0062318076,-0.086028315
0 days 00:00:09.140000,0.00011792765216177902,0.066708,-0.07063200000000001,9.680508000000001,0.22732135216089003,0.22732135216089003,0.22732135216089003,0.22732135216089003,0.004014257279586958,0.040491638646268445,0.005759586531581288,1.0,13.09,60.599999999999994,1,1,90.0,4,0.005,-0.075,0.085,52.6483856,9.7455231,34.26,32.53,52.6483809,9.7455255,-0.014311699866353503,-0.014311699866353503,4.231725304385451,-0.03,-0.03,-0.095,-0.073775865,0.006231177,-0.08598427
0 days 00:00:09.150000,0.00011792765216177902,1.2596040000000002,-0.019620000000000002,10.484928,0.2139495079161318,0.2139495079161318,0.2139495079161318,0.2139495079161318,0.0036651914291880917,0.07330382858376185,0.004537856055185257,2.0,13.09,60.599999999999994,1,1,90.0,4,0.01,-0.065,0.08,52.6483856,9.7455231,34.26,32.53,52.6483809,9.7455255,-0.014311699866353503,-0.015009831567151233,4.231899837310651,-0.03,-0.03,-0.095,-0.06379193,0.011157705,-0.08081518
0 days 00:00:09.160000,0.00011792765216177902,-0.12164400000000002,-0.015696,10.363284,0.2139495079161318,0.2139495079161318,0.2139495079161318,0.2139495079161318,0.0022689280275926286,0.0609119908946021,0.005585053606381855,2.0,13.09,60.599999999999994,1,1,90.0,4,0.01,-0.06,0.075,52.6483856,9.7455231,34.26,32.53,52.6483809,9.7455255,-0.014311699866353503,-0.015707963267948967,4.231899837310651,-0.03,-0.03,-0.095,-0.058814548,0.011085672,-0.0757823
0 days 00:00:09.170000,0.0,0.29430000000000006,-0.05101200000000001,9.857088000000003,0.20726358579375265,0.20726358579375265,0.20726358579375265,0.20726358579375265,0.0015707963267948967,0.04328416544945937,0.00645771823237902,1.0,13.09,60.599999999999994,1,1,90.0,4,0.01,-0.06,0.075,52.6483856,9.7455231,34.26,32.53,52.648381,9.7455255,-0.014311699866353503,-0.016057029118347832,4.231899837310651,-0.02,-0.025,-0.075,-0.05878804,0.011085965,-0.075802825
0 days 00:00:09.180000,0.0,1.338084,-0.062784,10.484928,0.20726358579375265,0.20726358579375265,0.20726358579375265,0.20726358579375265,0.00034906585039886593,0.07016223593017205,0.005585053606381855,1.0,13.09,60.599999999999994,1,1,90.0,4,0.01,-0.045,0.07,52.6483856,9.7455231,34.26,32.53,52.648381,9.7455255,-0.014311699866353503,-0.016755160819145562,4.23207437023585,-0.02,-0.025,-0.075,-0.043820877,0.01101141,-0.07059377
0 days 00:00:09.190000,0.0,0.133416,-0.11379600000000001,10.422144000000001,0.20726358579375265,0.20726358579375265,0.20726358579375265,0.20726358579375265,-0.0012217304763960308,0.05742133239061344,0.005585053606381855,1.0,13.09,60.3,1,1,90.0,4,0.01,-0.04,0.06,52.6483856,9.7455231,34.26,32.53,52.648381,9.7455255,-0.014311699866353503,-0.017278759594743863,4.23207437023585,-0.02,-0.025,-0.075,-0.038957354,0.010867411,-0.060532834
0 days 00:00:09.200000,0.0,0.459108,-0.133416,10.159236000000002,0.20726358579375265,0.20726358579375265,0.20726358579375265,0.20726358579375265,-0.0020943951023931952,0.04450589592585541,0.0054105206811824215,0.0,13.09,60.0,1,1,90.0,4,0.01,-0.035,0.06,52.6483856,9.7455231,34.26,32.53,52.648381,9.7455255,-0.014311699866353503,-0.01780235837034216,4.23207437023585,-0.02,-0.025,-0.075,-0.03392637,0.01086643,-0.060464222
0 days 00:00:09.210000,0.0,1.090872,-0.12164400000000002,10.653660000000002,0.20726358579375265,0.20726358579375265,0.20726358579375265,0.20726358579375265,-0.0031415926535897933,0.06335545184739416,0.004014257279586958,0.0,13.09,59.55,1,1,90.0,4,0.01,-0.02,0.05,52.6483856,9.7455231,34.26,32.53,52.648381,9.7455255,-0.014311699866353503,-0.018500490071139894,4.23207437023585,-0.02,-0.025,-0.075,-0.019071607,0.010719709,-0.05021316
0 days 00:00:09.220000,0.0,0.16480800000000004,-0.16088400000000003,10.528092000000003,0.20726358579375265,0.20726358579375265,0.20726358579375265,0.20726358579375265,-0.0038397243543875246,0.04939281783143952,0.0027925268031909274,0.0,13.09,59.099999999999994,1,1,90.0,4,0.01,-0.015,0.045,52.648385499999996,9.7455231,34.24,32.54,52.648381,9.7455255,-0.014311699866353503,-0.01884955592153876,4.23207437023585,-0.02,-0.045,-0.065,-0.0141491555,0.010646912,-0.045126986
0 days 00:00:09.230000,0.0,0.43948800000000005,-0.17265600000000003,10.363284,0.19389174154899444,0.19389174154899444,0.19389174154899444,0.19389174154899444,-0.004363323129985824,0.040491638646268445,0.0015707963267948967,0.0,13.09,58.49999999999999,1,1,90.0,4,0.01,-0.01,0.035,52.648385499999996,9.7455231,34.24,32.54,52.648381,9.7455255,-0.014311699866353503,-0.01937315469713706,4.23207437023585,-0.02,-0.045,-0.065,-0.009320105,0.010502546,-0.03504044
0 days 00:00:09.240000,0.0,0.7298640000000001,-0.15696000000000002,10.653660000000002,0.19389174154899444,0.19389174154899444,0.19389174154899444,0.19389174154899444,-0.004886921905584123,0.05061454830783556,-0.0006981317007977319,0.0,13.09,57.89999999999999,1,1,90.0,4,0.01,0.0,0.03,52.648385499999996,9.7455231,34.24,32.54,52.648381,9.7455255,-0.014486232791552936,-0.019896753472735357,4.23207437023585,-0.02,-0.045,-0.065,0.00059686316,0.010433437,-0.029846057
0 days 00:00:09.250000,0.0,-0.07063200000000001,-0.184428,10.406448000000001,0.19389174154899444,0.19389174154899444,0.19389174154899444,0.19389174154899444,-0.004363323129985824,0.03577924966588375,-0.0017453292519943296,0.0,13.09,57.599999999999994,1,1,90.0,4,0.01,0.0,0.025,52.648385499999996,9.7455231,34.24,32.54,52.648381,9.7455255,-0.014486232791552936,-0.020245819323134222,4.23207437023585,-0.02,-0.045,-0.065,0.0005061109,0.01036102,-0.024847398
0 days 00:00:09.260000,0.0,0.20797200000000002,-0.149112,10.178856000000001,0.18051989730423618,0.18051989730423618,0.18051989730423618,0.18051989730423618,-0.00471238898038469,0.030543261909900768,-0.0027925268031909274,0.0,13.09,57.3,1,1,90.0,4,0.01,0.005,0.02,52.648385499999996,9.7455231,34.24,32.54,52.648381,9.7455255,-0.014486232791552936,-0.020420352248333655,4.23207437023585,-0.02,-0.045,-0.065,0.0054073357,0.0102871265,-0.01974679
0 days 00:00:09.270000,0.0,0.231516,-0.13734000000000002,10.386828,0.18051989730423618,0.18051989730423618,0.18051989730423618,0.18051989730423618,-0.0054105206811824215,0.039269908169872414,-0.0041887902047863905,0.0,13.09,56.849999999999994,1,1,90.0,4,0.01,0.01,0.015,52.648385499999996,9.7455229,34.27,32.55,52.648381,9.7455255,-0.014486232791552936,-0.020943951023931952,4.23207437023585,-0.03,-0.07,-0.055,0.010311943,0.010213155,-0.014640876
0 days 00:00:09.280000,0.0,-0.52974,-0.192276,10.273032000000002,0.18051989730423618,0.18051989730423618,0.18051989730423618,0.18051989730423618,-0.00471238898038469,0.02530727415391778,-0.004886921905584123,0.0,13.09,56.39999999999999,1,1,90.0,4,0.01,0.005,0.01,52.648385499999996,9.7455229,34.27,32.55,52.648381,9.7455255,-0.014660765716752368,-0.02111848394913139,4.231899837310651,-0.03,-0.07,-0.055,0.005210054,0.010143947,-0.009744519
0 days 00:00:09.290000,0.0,-0.302148,-0.17658000000000004,10.076832000000001,0.18051989730423618,0.18051989730423618,0.18051989730423618,0.18051989730423618,-0.004886921905584123,0.019896753472735357,-0.005061454830783556,0.0,13.09,56.24999999999999,1,1,90.0,4,0.01,0.005,0.005,52.648385499999996,9.7455229,34.27,32.55,52.648381,9.7455255,-0.014660765716752368,-0.02129301687433082,4.231899837310651,-0.03,-0.07,-0.055,0.0051053236,0.010070649,-0.0047452813
0 days 00:00:09.300000,0.0,-0.27075600000000005,-0.16480800000000004,10.316196000000001,0.1738339751818571,0.1738339751818571,0.1738339751818571,0.1738339751818571,-0.0054105206811824215,0.026703537555513242,-0.005759586531581288,0.0,13.09,56.099999999999994,1,1,90.0,4,0.01,0.005,-0.0,52.648385499999996,9.7455229,34.27,32.55,52.648381,9.7455255,-0.014660765716752368,-0.021642082724729686,4.231899837310651,-0.03,-0.07,-0.055,0.0049988288,0.009997339,0.00025479274
0 days 00:00:09.310000,0.0,-0.965304,-0.20404800000000003,10.131768,0.1738339751818571,0.1738339751818571,0.1738339751818571,0.1738339751818571,-0.005585053606381855,0.012042771838760874,-0.0054105206811824215,0.0,13.09,56.099999999999994,1,1,90.0,4,0.01,-0.005,-0.0,52.648385499999996,9.7455229,34.27,32.55,52.648381,9.7455255,-0.014835298641951801,-0.021642082724729686,4.231725304385451,-0.03,-0.07,-0.055,-0.0049988288,0.010000505,4.0157483e-05
0 days 00:00:09.320000,0.0,-0.631764,-0.184428,10.037592000000002,0.1738339751818571,0.1738339751818571,0.1738339751818571,0.1738339751818571,-0.006108652381980153,0.008028514559173916,-0.005585053606381855,0.0,13.09,56.099999999999994,1,1,90.0,4,0.01,-0.005,-0.005,52.6483856,9.7455229,34.26,32.56,52.648381,9.7455255,-0.014835298641951801,-0.02181661564992912,4.231725304385451,-0.025,-0.095,-0.04,-0.0051078843,0.009926361,0.0050375448
0 days 00:00:09.330000,0.0,-0.60822,-0.21974400000000002,10.139616000000002,0.1738339751818571,0.1738339751818571,0.1738339751818571,0.1738339751818571,-0.00645771823237902,0.010995574287564275,-0.005759586531581288,0.0,13.09,56.099999999999994,1,1,90.0,4,0.01,-0.01,-0.01,52.6483856,9.7455229,34.26,32.56,52.648381,9.7455255,-0.014835298641951801,-0.02181661564992912,4.231725304385451,-0.025,-0.095,-0.04,-0.010215769,0.009853823,0.009926742
0 days 00:00:09.340000,0.0,-1.035936,-0.20797200000000002,9.857088000000003,0.16046213093709882,0.16046213093709882,0.16046213093709882,0.16046213093709882,-0.006806784082777885,-0.0019198621771937623,-0.005061454830783556,0.0,13.09,56.099999999999994,1,1,90.0,4,0.01,-0.02,-0.01,52.6483856,9.7455229,34.26,32.56,52.648381,9.7455255,-0.015009831567151233,-0.02181661564992912,4.231725304385451,-0.025,-0.095,-0.04,-0.020213388,0.009855365,0.009710337
0 days 00:00:09.350000,0.0,-0.678852,-0.21582000000000004,9.833544,0.16046213093709882,0.16046213093709882,0.16046213093709882,0.16046213093709882,-0.005759586531581288,-0.0024434609527920616,-0.00471238898038469,0.0,13.09,56.099999999999994,1,1,90.0,4,0.01,-0.025,-0.01,52.6483856,9.7455229,34.26,32.56,52.648381,9.7455255,-0.015009831567151233,-0.02181661564992912,4.2315507714602525,-0.025,-0.095,-0.04,-0.0252122,0.009857003,0.009601275
0 days 00:00:09.360000,0.0,-0.761256,-0.1962,9.884556000000002,0.16046213093709882,0.16046213093709882,0.16046213093709882,0.16046213093709882,-0.005235987755982988,-0.0005235987755982988,-0.0041887902047863905,0.0,13.09,56.099999999999994,1,1,90.0,4,0.005,-0.03,-0.01,52.6483856,9.7455229,34.26,32.56,52.648381,9.7455255,-0.015009831567151233,-0.02181661564992912,4.2315507714602525,-0.025,-0.095,-0.04,-0.03021101,0.0048592025,0.009417167
0 days 00:00:09.370000,0.0,-1.0555560000000002,-0.20797200000000002,9.684432000000001,0.16046213093709882,0.16046213093709882,0.16046213093709882,0.16046213093709882,-0.004014257279586958,-0.010821041362364843,-0.002967059728390361,0.0,13.09,56.099999999999994,1,1,90.0,4,0.005,-0.035,-0.01,52.648385499999996,9.7455229,34.25,32.57,52.648381,9.7455255,-0.015184364492350668,-0.02181661564992912,4.2315507714602525,-0.02,-0.06,-0.005,-0.03520982,0.0048592146,0.009308953
0 days 00:00:09.380000,0.0,-0.671004,-0.180504,9.704052,0.15377620881471973,0.15377620881471973,0.15377620881471973,0.15377620881471973,-0.0027925268031909274,-0.008203047484373348,-0.0022689280275926286,0.0,13.09,56.099999999999994,1,1,90.0,4,0.005,-0.04,-0.01,52.648385499999996,9.7455229,34.25,32.57,52.648381,9.7455255,-0.015184364492350668,-0.021642082724729686,4.2315507714602525,-0.02,-0.06,-0.005,-0.040207032,0.0048607644,0.009206908
0 days 00:00:09.390000,0.0,-0.7808760000000001,-0.20404800000000003,9.813924,0.15377620881471973,0.15377620881471973,0.15377620881471973,0.15377620881471973,-0.0013962634015954637,-0.00471238898038469,-0.0012217304763960308,0.0,13.09,56.099999999999994,1,1,90.0,4,0.005,-0.05,-0.01,52.648385499999996,9.7455229,34.25,32.57,52.648381,9.7455255,-0.015184364492350668,-0.021642082724729686,4.2315507714602525,-0.02,-0.06,-0.005,-0.050204694,0.0048640505,0.008990529
0 days 00:00:09.400000,0.0,-1.035936,-0.20404800000000003,9.617724,0.15377620881471973,0.15377620881471973,0.15377620881471973,0.15377620881471973,-0.00034906585039886593,-0.014137166941154071,0.0,0.0,13.09,56.099999999999994,1,1,90.0,4,0.005,-0.055,-0.005,52.648385499999996,9.7455229,34.25,32.57,52.648381,9.7455255,-0.015184364492350668,-0.021467549799530253,4.2315507714602525,-0.02,-0.06,-0.005,-0.055094656,0.0049414486,0.0038937018
0 days 00:00:09.410000,0.0,-0.6670800000000001,-0.1962,9.656964,0.15377620881471973,0.15377620881471973,0.15377620881471973,0.15377620881471973,0.0008726646259971648,-0.013439035240356337,0.0008726646259971648,0.0,13.09,56.099999999999994,1,1,90.0,4,0.005,-0.06,-0.005,52.648385499999996,9.7455229,34.25,32.57,52.648381,9.7455255,-0.015184364492350668,-0.02129301687433082,4.2315507714602525,-0.02,-0.06,-0.005,-0.060092855,0.0049429187,0.003796872
0 days 00:00:09.420000,0.0,-0.655308,-0.21189600000000003,9.758988,0.1404043645699615,0.1404043645699615,0.1404043645699615,0.1404043645699615,0.0019198621771937623,-0.010297442586766544,0.0020943951023931952,0.0,13.09,56.099999999999994,1,1,90.0,4,0.005,-0.065,-0.005,52.6483857,9.7455229,34.300000000000004,32.58,52.648381,9.7455255,-0.015184364492350668,-0.02129301687433082,4.2315507714602525,0.005,0.005,0.04,-0.065091714,0.004944535,0.0036904272
0 days 00:00:09.430000,0.0,-0.7965720000000002,-0.22759200000000002,9.649116000000001,0.1404043645699615,0.1404043645699615,0.1404043645699615,0.1404043645699615,0.0027925268031909274,-0.017104226669544427,0.002967059728390361,0.0,13.09,56.099999999999994,1,1,90.0,4,0.005,-0.07,-0.005,52.6483857,9.7455229,34.300000000000004,32.58,52.648381,9.7455255,-0.015184364492350668,-0.02111848394913139,4.2315507714602525,0.005,0.005,0.04,-0.07008997,0.004945966,0.0035962139
0 days 00:00:09.440000,0.0,-0.5140440000000001,-0.21974400000000002,9.645192000000002,0.1404043645699615,0.1404043645699615,0.1404043645699615,0.1404043645699615,0.0036651914291880917,-0.017278759594743863,0.0038397243543875246,0.0,13.09,56.099999999999994,1,1,90.0,4,0.005,-0.075,-0.0,52.6483857,9.7455229,34.300000000000004,32.58,52.648381,9.7455255,-0.015009831567151233,-0.020943951023931952,4.2315507714602525,0.005,0.005,0.04,-0.07498355,0.0050230115,-0.0014954582
0 days 00:00:09.450000,0.0,-0.42771600000000004,-0.21974400000000002,9.727596,0.1404043645699615,0.1404043645699615,0.1404043645699615,0.1404043645699615,0.00471238898038469,-0.013788101090755204,0.0041887902047863905,0.0,13.09,56.099999999999994,1,1,90.0,4,0.0,-0.075,-0.0,52.6483857,9.7455229,34.300000000000004,32.58,52.648381099999995,9.7455255,-0.015009831567151233,-0.02076941809873252,4.231725304385451,0.005,0.005,0.04,-0.07498383,2.3378352e-05,-0.0015574188
0 days 00:00:09.460000,0.0,-0.5493600000000001,-0.223668,9.65304,0.1404043645699615,0.1404043645699615,0.1404043645699615,0.1404043645699615,0.005585053606381855,-0.01832595714594046,0.00471238898038469,0.0,13.09,56.099999999999994,1,1,90.0,4,0.0,-0.08,-0.0,52.6483857,9.7455229,34.300000000000004,32.58,52.648381099999995,9.7455255,-0.015009831567151233,-0.020594885173533087,4.231725304385451,0.005,0.005,0.04,-0.07998303,2.4727384e-05,-0.0016472888
0 days 00:00:09.470000,0.0,-0.306072,-0.192276,9.684432000000001,0.1404043645699615,0.1404043645699615,0.1404043645699615,0.1404043645699615,0.006632251157578452,-0.017278759594743863,0.005235987755982988,0.0,13.09,56.099999999999994,1,1,90.0,4,0.0,-0.08,-0.0,52.6483858,9.7455227,34.32,32.59,52.648381099999995,9.7455255,-0.014835298641951801,-0.020420352248333655,4.231725304385451,0.005,0.07,0.05,-0.07998332,2.423279e-05,-0.0016333349
0 days 00:00:09.480000,0.0,-0.231516,-0.17658000000000004,9.770760000000001,0.13371844244758238,0.13371844244758238,0.13371844244758238,0.13371844244758238,0.007155849933176751,-0.015707963267948967,0.0054105206811824215,0.0,13.09,56.099999999999994,1,1,90.0,4,0.0,-0.08,-0.0,52.6483858,9.7455227,34.32,32.59,52.648381099999995,9.7455255,-0.014835298641951801,-0.020245819323134222,4.231725304385451,0.005,0.07,0.05,-0.07998361,2.4025698e-05,-0.0016193765
0 days 00:00:09.490000,0.0,-0.21974400000000002,-0.15696000000000002,9.711900000000002,0.13371844244758238,0.13371844244758238,0.13371844244758238,0.13371844244758238,0.007679448708775049,-0.01902408884673819,0.005759586531581288,0.0,13.09,55.949999999999996,1,1,90.0,4,0.0,-0.08,0.005,52.6483858,9.7455227,34.32,32.59,52.648381099999995,9.7455255,-0.014660765716752368,-0.020071286397934793,4.231899837310651,0.005,0.07,0.05,-0.07988353,9.682485e-05,-0.006603878
0 days 00:00:09.500000,0.0,0.04316400000000001,-0.129492,9.817848000000001,0.13371844244758238,0.13371844244758238,0.13371844244758238,0.13371844244758238,0.007853981633974483,-0.016231562043547268,0.0054105206811824215,0.0,13.09,55.8,1,1,90.0,4,0.0,-0.08,0.005,52.6483858,9.7455227,34.32,32.59,52.648381099999995,9.7455255,-0.014660765716752368,-0.019896753472735357,4.231899837310651,0.005,0.07,0.05,-0.079884686,9.6620446e-05,-0.006589937
0 days 00:00:09.510000,0.0,0.062784,-0.14126400000000003,9.900252000000002,0.13371844244758238,0.13371844244758238,0.13371844244758238,0.13371844244758238,0.008028514559173916,-0.015009831567151233,0.005235987755982988,0.0,13.09,55.65,1,1,90.0,4,0.0,-0.075,-0.0,52.6483858,9.7455227,34.32,32.59,52.648381099999995,9.745525599999999,-0.014486232791552936,-0.019722220547535925,4.231899837310651,0.005,0.07,0.05,-0.074985415,2.1425416e-05,-0.0014789157
0 days 00:00:09.520000,0.0,0.129492,-0.11379600000000001,9.845316,0.13371844244758238,0.13371844244758238,0.13371844244758238,0.13371844244758238,0.007679448708775049,-0.014835298641951801,0.005061454830783556,0.0,13.09,55.5,1,1,90.0,4,0.0,-0.075,-0.0,52.6483856,9.7455228,34.35,32.6,52.648381099999995,9.7455255,-0.014486232791552936,-0.019547687622336492,4.23207437023585,0.02,0.11,-0.01,-0.074985676,2.1235832e-05,-0.0014658296
0 days 00:00:09.530000,0.0,0.258984,-0.14126400000000003,9.908100000000001,0.13371844244758238,0.13371844244758238,0.13371844244758238,0.13371844244758238,0.007330382858376183,-0.012566370614359173,0.0041887902047863905,0.0,13.09,55.5,1,1,90.0,4,0.0,-0.07,-0.0,52.6483856,9.7455228,34.35,32.6,52.648381099999995,9.745525599999999,-0.014311699866353503,-0.019547687622336492,4.23207437023585,0.02,0.11,-0.01,-0.06998663,1.9581328e-05,-0.0013681109
0 days 00:00:09.540000,0.0,0.20404800000000003,-0.145188,9.915948000000002,0.13371844244758238,0.13371844244758238,0.13371844244758238,0.13371844244758238,0.007155849933176751,-0.013264502315156903,0.003316125578789226,0.0,13.09,55.5,1,1,90.0,4,0.0,-0.065,-0.0,52.6483856,9.7455228,34.35,32.6,52.648381099999995,9.745525599999999,-0.014311699866353503,-0.01937315469713706,4.23207437023585,0.02,0.11,-0.01,-0.0649878,1.8020337e-05,-0.0012590472
0 days 00:00:09.550000,0.0,0.290376,-0.13734000000000002,9.876708000000002,0.13371844244758238,0.13371844244758238,0.13371844244758238,0.13371844244758238,0.006283185307179587,-0.01291543646475804,0.0024434609527920616,0.0,13.09,55.35,1,1,90.0,4,0.0,-0.06,-0.0,52.6483856,9.7455228,34.35,32.6,52.648381099999995,9.745525599999999,-0.014137166941154071,-0.019198621771937627,4.23207437023585,0.02,0.11,-0.01,-0.059988942,1.6283304e-05,-0.0011517315
0 days 00:00:09.560000,0.0,0.368856,-0.16480800000000004,9.919872000000002,0.13371844244758238,0.13371844244758238,0.13371844244758238,0.13371844244758238,0.005585053606381855,-0.009948376736367679,0.0012217304763960308,0.0,13.09,55.2,1,1,90.0,4,0.0,-0.055,-0.0,52.6483856,9.7455228,34.35,32.6,52.648381099999995,9.745525599999999,-0.014137166941154071,-0.019198621771937627,4.23207437023585,0.02,0.11,-0.01,-0.054989863,1.4926363e-05,-0.0010557539
0 days 00:00:09.570000,0.0,0.306072,-0.125568,9.888480000000001,0.13371844244758238,0.13371844244758238,0.13371844244758238,0.13371844244758238,0.004014257279586958,-0.00942477796076938,0.00017453292519943296,0.0,13.09,54.9,1,1,90.0,4,0.0,-0.05,-0.0,52.6483856,9.7455227,34.35,32.61,52.648381099999995,9.745525599999999,-0.014137166941154071,-0.019024088846738195,4.23224890316105,0.015,0.085,-0.0,-0.049990952,1.3446076e-05,-0.000951052
0 days 00:00:09.580000,0.0,0.33746400000000004,-0.149112,9.919872000000002,0.13371844244758238,0.13371844244758238,0.13371844244758238,0.13371844244758238,0.0031415926535897933,-0.008203047484373348,-0.0010471975511965976,0.0,13.09,54.599999999999994,1,1,90.0,4,0.0,-0.045,-0.005,52.6483856,9.7455227,34.35,32.61,52.648381199999996,9.745525599999999,-0.014137166941154071,-0.019024088846738195,4.23207437023585,0.015,0.085,-0.0,-0.045086972,-5.8569214e-05,0.0041426485
0 days 00:00:09.590000,0.0,0.3296160000000001,-0.12164400000000002,9.896328000000002,0.13371844244758238,0.13371844244758238,0.13371844244758238,0.13371844244758238,0.0022689280275926286,-0.006632251157578452,-0.0022689280275926286,0.0,13.09,54.449999999999996,1,1,90.0,4,0.0,-0.04,-0.005,52.6483856,9.7455227,34.35,32.61,52.648381199999996,9.745525599999999,-0.013962634015954637,-0.01884955592153876,4.23207437023585,0.015,0.085,-0.0,-0.040087137,-5.9271886e-05,0.0042447606
0 days 00:00:09.600000,0.0,0.27468000000000004,-0.12164400000000002,9.880632000000002,0.12034659820282413,0.12034659820282413,0.12034659820282413,0.12034659820282413,0.0008726646259971648,-0.00471238898038469,-0.002967059728390361,0.0,13.09,54.3,1,1,90.0,4,0.0,-0.035,-0.005,52.6483856,9.7455227,34.35,32.61,52.648381199999996,9.745525599999999,-0.013962634015954637,-0.01884955592153876,4.23207437023585,0.015,0.085,-0.0,-0.035088025,-6.0587714e-05,0.004338993
0 days 00:00:09.610000,0.0,0.20012400000000002,-0.12164400000000002,9.857088000000003,0.12034659820282413,0.12034659820282413,0.12034659820282413,0.12034659820282413,0.0005235987755982988,-0.004014257279586958,-0.004014257279586958,0.0,13.09,54.3,1,1,90.0,4,0.0,-0.03,-0.005,52.6483856,9.7455227,34.35,32.61,52.648381199999996,9.745525599999999,-0.013962634015954637,-0.01884955592153876,4.23207437023585,0.015,0.085,-0.0,-0.030088913,-6.190354e-05,0.0044332263
0 days 00:00:09.620000,-0.00011792765216177902,0.13734000000000002,-0.090252,9.817848000000001,0.12034659820282413,0.12034659820282413,0.12034659820282413,0.12034659820282413,-0.0006981317007977319,-0.0024434609527920616,-0.004363323129985824,0.0,13.09,54.3,1,1,90.0,4,0.0,-0.03,-0.005,52.6483857,9.7455227,34.35,32.62,52.648381199999996,9.745525599999999,-0.013962634015954637,-0.018675022996339326,4.23207437023585,0.0,0.08,-0.02,-0.030088138,-6.197686e-05,0.0044384776
0 days 00:00:09.630000,-0.00011792765216177902,0.05886,-0.10594800000000001,9.813924,0.12034659820282413,0.12034659820282413,0.12034659820282413,0.12034659820282413,-0.0008726646259971648,-0.0008726646259971648,-0.00471238898038469,0.0,13.09,54.15,1,1,90.0,4,0.0,-0.025,-0.005,52.6483857,9.7455227,34.35,32.62,52.648381199999996,9.745525599999999,-0.013962634015954637,-0.018675022996339326,4.231899837310651,0.0,0.08,-0.02,-0.02508901,-6.32805e-05,0.004531838
0 days 00:00:09.640000,-0.00011792765216177902,-0.019620000000000002,-0.066708,9.743292000000002,0.12034659820282413,0.12034659820282413,0.12034659820282413,0.12034659820282413,-0.0015707963267948967,0.0,-0.004886921905584123,0.0,13.09,54.0,1,1,90.0,4,0.0,-0.025,-0.005,52.6483857,9.7455227,34.35,32.62,52.648381199999996,9.745525599999999,-0.013962634015954637,-0.018675022996339326,4.231899837310651,0.0,0.08,-0.02,-0.02508901,-6.32805e-05,0.004531838
0 days 00:00:09.650000,-0.00011792765216177902,-0.090252,-0.08240400000000002,9.727596,0.12034659820282413,0.12034659820282413,0.12034659820282413,0.12034659820282413,-0.0022689280275926286,0.002617993877991494,-0.00471238898038469,0.0,13.09,53.85,1,1,90.0,4,0.0,-0.025,-0.005,52.6483857,9.7455227,34.35,32.62,52.648381199999996,9.745525599999999,-0.014137166941154071,-0.01884955592153876,4.231899837310651,0.0,0.08,-0.02,-0.025089802,-6.400955e-05,0.004527448
0 days 00:00:09.660000,-0.00011792765216177902,-0.180504,-0.07848000000000001,9.680508000000001,0.12034659820282413,0.12034659820282413,0.12034659820282413,0.12034659820282413,-0.002617993877991494,0.002967059728390361,-0.004537856055185257,0.0,13.09,53.7,1,1,90.0,4,0.0,-0.025,-0.0,52.6483857,9.7455227,34.35,32.62,52.648381199999996,9.745525599999999,-0.014137166941154071,-0.01884955592153876,4.231899837310651,0.0,0.08,-0.02,-0.02499556,6.661366e-06,-0.00047116392
0 days 00:00:09.670000,-0.00011792765216177902,-0.22759200000000002,-0.07848000000000001,9.676584000000002,0.12034659820282413,0.12034659820282413,0.12034659820282413,0.12034659820282413,-0.002967059728390361,0.004886921905584123,-0.004014257279586958,0.0,13.09,53.7,1,1,90.0,4,0.0,-0.02,-0.0,52.6483857,9.7455226,34.38,32.62,52.648381199999996,9.745525599999999,-0.014137166941154071,-0.01884955592153876,4.231725304385451,0.005,-0.025,0.025,-0.019996447,5.329093e-06,-0.00037693113
0 days 00:00:09.680000,-0.00011792765216177902,-0.31392000000000003,-0.10987200000000001,9.633420000000001,0.11366067608044501,0.11366067608044501,0.11366067608044501,0.11366067608044501,-0.0027925268031909274,0.005061454830783556,-0.003316125578789226,0.0,13.09,53.7,1,1,90.0,4,0.0,-0.02,-0.0,52.6483857,9.7455226,34.38,32.62,52.648381199999996,9.745525599999999,-0.014137166941154071,-0.019024088846738195,4.231725304385451,0.005,-0.025,0.025,-0.01999638,5.37843e-06,-0.0003804208
0 days 00:00:09.690000,-0.00011792765216177902,-0.317844,-0.10202400000000002,9.668736,0.11366067608044501,0.11366067608044501,0.11366067608044501,0.11366067608044501,-0.002967059728390361,0.006806784082777885,-0.002967059728390361,0.0,13.09,53.7,1,1,90.0,4,0.0,-0.025,0.005,52.6483857,9.7455226,34.38,32.62,52.648381199999996,9.745525599999999,-0.014137166941154071,-0.019024088846738195,4.231725304385451,0.005,-0.025,0.025,-0.024900362,7.739372e-05,-0.0054741213
0 days 00:00:09.700000,-0.00011792765216177902,-0.4434120000000001,-0.133416,9.641268,0.11366067608044501,0.11366067608044501,0.11366067608044501,0.11366067608044501,-0.0022689280275926286,0.005934119456780722,-0.0020943951023931952,0.0,13.09,53.7,1,1,90.0,4,0.0,-0.025,0.005,52.6483857,9.7455226,34.38,32.62,52.648381199999996,9.745525599999999,-0.014137166941154071,-0.019024088846738195,4.231725304385451,0.005,-0.025,0.025,-0.024900362,7.739372e-05,-0.0054741213
0 days 00:00:09.710000,-0.00011792765216177902,-0.380628,-0.0981,9.609876,0.11366067608044501,0.11366067608044501,0.11366067608044501,0.11366067608044501,-0.0027925268031909274,0.006981317007977318,-0.0017453292519943296,0.0,13.09,53.7,1,1,90.0,4,0.0,-0.03,0.005,52.6483857,9.7455226,34.38,32.62,52.648381199999996,9.745525599999999,-0.014137166941154071,-0.019198621771937627,4.231725304385451,0.005,-0.025,0.025,-0.029898483,7.88121e-05,-0.0055744443
0 days 00:00:09.720000,-0.00011792765216177902,-0.47480400000000006,-0.133416,9.649116000000001,0.11366067608044501,0.11366067608044501,0.11366067608044501,0.11366067608044501,-0.0022689280275926286,0.007155849933176751,-0.0008726646259971648,0.0,13.09,53.7,1,1,90.0,4,0.0,-0.03,0.005,52.6483857,9.7455225,34.38,32.62,52.648381199999996,9.745525599999999,-0.014311699866353503,-0.019198621771937627,4.231725304385451,-0.01,-0.04,0.025,-0.029898483,7.978503e-05,-0.005574431
0 days 00:00:09.730000,-0.00011792765216177902,-0.502272,-0.125568,9.633420000000001,0.11366067608044501,0.11366067608044501,0.11366067608044501,0.11366067608044501,-0.0017453292519943296,0.005585053606381855,-0.00034906585039886593,0.0,13.09,53.7,1,1,90.0,4,0.0,-0.035,0.01,52.6483857,9.7455225,34.38,32.62,52.648381199999996,9.745525599999999,-0.014311699866353503,-0.01937315469713706,4.231725304385451,-0.01,-0.04,0.025,-0.034799714,0.00015278852,-0.0106750475
0 days 00:00:09.740000,-0.00011792765216177902,-0.447336,-0.11379600000000001,9.656964,0.11366067608044501,0.11366067608044501,0.11366067608044501,0.11366067608044501,-0.0019198621771937623,0.006632251157578452,0.00034906585039886593,0.0,13.09,53.7,1,1,90.0,4,0.0,-0.035,0.01,52.6483857,9.7455225,34.38,32.62,52.648381199999996,9.745525599999999,-0.014311699866353503,-0.01937315469713706,4.231725304385451,-0.01,-0.04,0.025,-0.034799714,0.00015278852,-0.0106750475
0 days 00:00:09.750000,-0.00011792765216177902,-0.517968,-0.12164400000000002,9.660888,0.11366067608044501,0.11366067608044501,0.11366067608044501,0.11366067608044501,-0.0015707963267948967,0.0054105206811824215,0.0010471975511965976,0.0,13.09,53.55,1,1,90.0,4,0.005,-0.035,0.01,52.6483857,9.7455225,34.38,32.62,52.648381199999996,9.745525599999999,-0.014311699866353503,-0.019547687622336492,4.231725304385451,-0.01,-0.04,0.025,-0.034797847,0.0051523633,-0.010609564
0 days 00:00:09.760000,-0.00023585530432355804,-0.46695600000000004,-0.11772,9.684432000000001,0.11366067608044501,0.11366067608044501,0.11366067608044501,0.11366067608044501,-0.0013962634015954637,0.005061454830783556,0.0015707963267948967,0.0,13.09,53.39999999999999,1,1,90.0,4,0.005,-0.04,0.015,52.6483857,9.7455225,34.38,32.62,52.648381199999996,9.745525599999999,-0.014311699866353503,-0.019547687622336492,4.231725304385451,-0.01,-0.04,0.025,-0.039699163,0.005225304,-0.01570582
0 days 00:00:09.770000,-0.00023585530432355804,-0.45518400000000003,-0.125568,9.735444000000001,0.10028883183568676,0.10028883183568676,0.10028883183568676,0.10028883183568676,-0.0010471975511965976,0.004886921905584123,0.0020943951023931952,0.0,13.09,53.39999999999999,1,1,90.0,4,0.005,-0.04,0.015,52.6483857,9.7455225,34.38,32.62,52.648381199999996,9.745525599999999,-0.014311699866353503,-0.019722220547535925,4.231725304385451,-0.02,-0.06,-0.015,-0.039696407,0.0052254037,-0.015712747
0 days 00:00:09.780000,-0.00023585530432355804,-0.502272,-0.133416,9.719748000000001,0.10028883183568676,0.10028883183568676,0.10028883183568676,0.10028883183568676,-0.0013962634015954637,0.0022689280275926286,0.002967059728390361,0.0,13.09,53.39999999999999,1,1,90.0,4,0.005,-0.045,0.015,52.6483857,9.7455225,34.38,32.62,52.648381199999996,9.745525599999999,-0.014311699866353503,-0.019722220547535925,4.231725304385451,-0.02,-0.06,-0.015,-0.044695437,0.0052268147,-0.015811343
0 days 00:00:09.790000,-0.00023585530432355804,-0.40417200000000003,-0.129492,9.766836000000001,0.10028883183568676,0.10028883183568676,0.10028883183568676,0.10028883183568676,-0.0013962634015954637,0.0017453292519943296,0.0036651914291880917,0.0,13.09,53.39999999999999,1,1,90.0,4,0.005,-0.045,0.015,52.6483857,9.7455225,34.38,32.62,52.648381199999996,9.745525599999999,-0.014311699866353503,-0.019722220547535925,4.231725304385451,-0.02,-0.06,-0.015,-0.044695437,0.0052268147,-0.015811343
0 days 00:00:09.800000,-0.00023585530432355804,-0.37278,-0.13734000000000002,9.806076000000001,0.10028883183568676,0.10028883183568676,0.10028883183568676,0.10028883183568676,-0.0013962634015954637,0.0012217304763960308,0.004014257279586958,0.0,13.09,53.39999999999999,1,1,90.0,4,0.005,-0.045,0.015,52.6483857,9.7455225,34.38,32.62,52.648381199999996,9.745525599999999,-0.014311699866353503,-0.019722220547535925,4.231725304385451,-0.02,-0.06,-0.015,-0.044695437,0.0052268147,-0.015811343
0 days 00:00:09.810000,-0.00023585530432355804,-0.380628,-0.149112,9.802152000000001,0.10028883183568676,0.10028883183568676,0.10028883183568676,0.10028883183568676,-0.0015707963267948967,-0.0012217304763960308,0.004014257279586958,0.0,13.09,53.39999999999999,1,1,90.0,4,0.005,-0.05,0.015,52.6483857,9.7455225,34.38,32.62,52.648381199999996,9.745525599999999,-0.014311699866353503,-0.019722220547535925,4.231899837310651,-0.02,-0.06,-0.015,-0.049694464,0.005228226,-0.015909936
0 days 00:00:09.820000,-0.00023585530432355804,-0.298224,-0.16088400000000003,9.845316,0.10028883183568676,0.10028883183568676,0.10028883183568676,0.10028883183568676,-0.0013962634015954637,-0.0020943951023931952,0.004014257279586958,0.0,13.09,53.39999999999999,1,1,90.0,4,0.005,-0.05,0.015,52.6483859,9.7455225,34.4,32.62,52.648381199999996,9.745525599999999,-0.014311699866353503,-0.019722220547535925,4.231899837310651,0.015,-0.005,-0.005,-0.049694464,0.005228226,-0.015909936
0 days 00:00:09.830000,-0.00023585530432355804,-0.258984,-0.17658000000000004,9.876708000000002,0.10028883183568676,0.10028883183568676,0.10028883183568676,0.10028883183568676,-0.0017453292519943296,-0.0020943951023931952,0.004014257279586958,0.0,13.09,53.39999999999999,1,1,90.0,4,0.005,-0.05,0.015,52.6483859,9.7455225,34.4,32.62,52.648381199999996,9.745525599999999,-0.014311699866353503,-0.019722220547535925,4.231899837310651,0.015,-0.005,-0.005,-0.049694464,0.005228226,-0.015909936
0 days 00:00:09.840000,-0.00023585530432355804,-0.251136,-0.17265600000000003,9.880632000000002,0.10028883183568676,0.10028883183568676,0.10028883183568676,0.10028883183568676,-0.0017453292519943296,-0.003316125578789226,0.0036651914291880917,0.0,13.09,53.39999999999999,1,1,90.0,4,0.005,-0.05,0.01,52.6483859,9.7455225,34.4,32.62,52.648381199999996,9.745525599999999,-0.014486232791552936,-0.019722220547535925,4.231899837310651,0.015,-0.005,-0.005,-0.04979307,0.005158588,-0.010910521
0 days 00:00:09.850000,-0.00023585530432355804,-0.1962,-0.17658000000000004,9.892404,0.10028883183568676,0.10028883183568676,0.10028883183568676,0.10028883183568676,-0.0017453292519943296,-0.004537856055185257,0.002967059728390361,0.0,13.09,53.55,1,1,90.0,4,0.0,-0.05,0.01,52.6483859,9.7455225,34.4,32.62,52.648381199999996,9.745525599999999,-0.014486232791552936,-0.019722220547535925,4.23207437023585,0.015,-0.005,-0.005,-0.04979307,0.0001591127,-0.010982949
0 days 00:00:09.860000,-0.00023585530432355804,-0.129492,-0.18835200000000002,9.912024,0.10028883183568676,0.10028883183568676,0.10028883183568676,0.10028883183568676,-0.0019198621771937623,-0.00471238898038469,0.0022689280275926286,0.0,13.09,53.7,1,1,90.0,4,0.0,-0.045,0.01,52.6483859,9.7455225,34.4,32.62,52.648381199999996,9.745525599999999,-0.014486232791552936,-0.019547687622336492,4.23207437023585,0.015,-0.005,-0.005,-0.044795938,0.00015757109,-0.010876538
0 days 00:00:09.870000,-0.00023585530432355804,-0.10987200000000001,-0.20404800000000003,9.939492000000001,0.0,0.0,0.0,0.0,-0.0019198621771937623,-0.004886921905584123,0.0019198621771937623,0.0,13.09,53.55,1,1,90.0,4,0.0,-0.045,0.01,52.6483859,9.745522099999999,34.45,32.62,52.648381199999996,9.745525599999999,-0.014486232791552936,-0.019547687622336492,4.23207437023585,0.01,0.03,-0.02,-0.044795938,0.00015757109,-0.010876538
0 days 00:00:09.880000,-0.00023585530432355804,-0.062784,-0.192276,9.912024,0.0,0.0,0.0,0.0,-0.0020943951023931952,-0.005934119456780722,0.0010471975511965976,0.0,13.09,53.39999999999999,1,1,90.0,4,0.0,-0.045,0.01,52.6483859,9.745522099999999,34.45,32.62,52.648381199999996,9.745525599999999,-0.014486232791552936,-0.019547687622336492,4.23207437023585,0.01,0.03,-0.02,-0.044795938,0.00015757109,-0.010876538
0 days 00:00:09.890000,-0.00023585530432355804,-0.011772000000000001,-0.18835200000000002,9.931644,0.0,0.0,0.0,0.0,-0.0019198621771937623,-0.005235987755982988,0.00017453292519943296,10.0,13.09,53.39999999999999,1,1,90.0,4,0.0,-0.045,0.005,52.6483859,9.745522099999999,34.45,32.62,52.648381199999996,9.745525599999999,-0.014486232791552936,-0.019547687622336492,4.23207437023585,0.01,0.03,-0.02,-0.04489367,8.5156295e-05,-0.0058780177
0 days 00:00:09.900000,-0.00023585530432355804,-0.011772000000000001,-0.1962,9.923796000000001,0.0,0.0,0.0,0.0,-0.0017453292519943296,-0.005585053606381855,-0.00034906585039886593,10.0,13.09,53.39999999999999,1,1,90.0,4,0.0,-0.04,0.005,52.6483859,9.745522099999999,34.45,32.62,52.648381199999996,9.745525599999999,-0.014486232791552936,-0.01937315469713706,4.23207437023585,0.01,0.03,-0.02,-0.03989563,8.363971e-05,-0.0057733334
0 days 00:00:09.910000,-0.00023585530432355804,0.019620000000000002,-0.1962,9.939492000000001,0.0,0.0,0.0,0.0,-0.0013962634015954637,-0.005061454830783556,-0.0012217304763960308,10.0,13.09,53.39999999999999,1,1,90.0,4,0.0,-0.04,0.005,52.6483859,9.745522099999999,34.45,32.62,52.648381199999996,9.745525599999999,-0.014486232791552936,-0.01937315469713706,4.23207437023585,0.01,0.03,-0.02,-0.03989563,8.363971e-05,-0.0057733334
0 days 00:00:09.920000,-0.00023585530432355804,-0.007848,-0.20012400000000002,9.912024,0.0,0.0,0.0,0.0,-0.0010471975511965976,-0.005235987755982988,-0.0019198621771937623,10.0,13.09,53.39999999999999,1,1,90.0,4,0.0,-0.035,0.005,52.6483859,9.745522099999999,34.46,32.62,52.648381199999996,9.745525599999999,-0.014486232791552936,-0.01937315469713706,4.23207437023585,0.015,0.02,-0.02,-0.03489657,8.223662e-05,-0.005676484
0 days 00:00:09.930000,-0.0003537829564853371,0.0,-0.180504,9.880632000000002,0.0,0.0,0.0,0.0,-0.0008726646259971648,-0.00471238898038469,-0.0020943951023931952,0.0,13.09,53.39999999999999,1,1,90.0,4,0.0,-0.035,0.005,52.6483859,9.745522099999999,34.46,32.62,52.648381199999996,9.745525599999999,-0.014486232791552936,-0.01937315469713706,4.23207437023585,0.015,0.02,-0.02,-0.03489657,8.223662e-05,-0.005676484
0 days 00:00:09.940000,-0.0003537829564853371,0.019620000000000002,-0.17658000000000004,9.84924,0.0,0.0,0.0,0.0,-0.0010471975511965976,-0.0041887902047863905,-0.002617993877991494,0.0,13.09,53.39999999999999,1,1,90.0,4,0.0,-0.03,-0.0,52.6483859,9.745522099999999,34.46,32.62,52.648381199999996,9.745525599999999,-0.014486232791552936,-0.019198621771937627,4.231899837310651,0.015,0.02,-0.02,-0.029994471,8.342667e-06,-0.0005758629
0 days 00:00:09.950000,-0.0003537829564853371,0.007848,-0.1962,9.861012,0.0,0.0,0.0,0.0,-0.0010471975511965976,-0.002967059728390361,-0.0027925268031909274,0.0,13.09,53.39999999999999,1,1,90.0,4,-0.005,-0.03,-0.0,52.6483859,9.745522099999999,34.46,32.62,52.648381199999996,9.745525599999999,-0.014486232791552936,-0.019198621771937627,4.231899837310651,0.015,0.02,-0.02,-0.029994471,-0.0049911328,-0.0006482915
0 days 00:00:09.960000,-0.0003537829564853371,-0.015696,-0.192276,9.81,0.0,0.0,0.0,0.0,-0.0006981317007977319,-0.002967059728390361,-0.002967059728390361,0.0,13.09,53.39999999999999,1,1,90.0,4,-0.005,-0.025,-0.0,52.6483859,9.745522099999999,34.46,32.62,52.648381199999996,9.745525599999999,-0.014486232791552936,-0.019198621771937627,4.231899837310651,0.015,0.02,-0.02,-0.024995392,-0.004992523,-0.0005523144
0 days 00:00:09.970000,-0.0003537829564853371,-0.007848,-0.17658000000000004,9.841392,0.0,0.0,0.0,0.0,-0.0005235987755982988,-0.0008726646259971648,-0.002967059728390361,0.0,13.09,53.55,1,1,90.0,4,-0.01,-0.025,0.005,52.6483859,9.745522099999999,34.46,32.62,52.648381199999996,9.745525599999999,-0.014311699866353503,-0.019198621771937627,4.231899837310651,-0.005,0.03,-0.02,-0.024899404,-0.0099205645,-0.0056215655
0 days 00:00:09.980000,-0.0003537829564853371,-0.10594800000000001,-0.180504,9.82962,0.0,0.0,0.0,0.0,-0.0005235987755982988,-0.0010471975511965976,-0.0024434609527920616,0.0,13.09,53.7,1,1,90.0,4,-0.01,-0.02,0.005,52.6483859,9.745522099999999,34.46,32.62,52.648381199999996,9.745525599999999,-0.014311699866353503,-0.019198621771937627,4.231899837310651,-0.005,0.03,-0.02,-0.019900326,-0.009921938,-0.005525588
0 days 00:00:09.990000,-0.0003537829564853371,-0.08632800000000002,-0.16480800000000004,9.79038,0.0,0.0,0.0,0.0,-0.00034906585039886593,-0.0010471975511965976,-0.0022689280275926286,10.0,13.09,53.7,1,1,90.0,4,-0.01,-0.02,0.005,52.6483859,9.745522099999999,34.46,32.62,52.648381199999996,9.745525599999999,-0.014311699866353503,-0.019198621771937627,4.231899837310651,-0.005,0.03,-0.02,-0.019900326,-0.009921938,-0.005525588
0 days 00:00:10,-0.0003537829564853371,-0.074556,-0.14126400000000003,9.755064,0.0,0.0,0.0,0.0,-0.0005235987755982988,0.0012217304763960308,-0.0022689280275926286,10.0,13.09,53.7,1,1,90.0,4,-0.01,-0.02,0.005,52.6483859,9.745522099999999,34.46,32.62,52.648381199999996,9.745525599999999,-0.014311699866353503,-0.019198621771937627,4.231725304385451,-0.005,0.03,-0.02,-0.019900326,-0.009921938,-0.005525588
0 days 00:00:10.010000,-0.0003537829564853371,-0.21189600000000003,-0.17265600000000003,9.747216000000002,0.0,0.0,0.0,0.0,0.0,0.0015707963267948967,-0.0013962634015954637,10.0,13.09,53.7,1,1,90.0,4,-0.01,-0.02,0.005,52.6483859,9.745522099999999,34.46,32.62,52.648381199999996,9.745525599999999,-0.014311699866353503,-0.01937315469713706,4.231725304385451,-0.005,0.03,-0.02,-0.019899387,-0.009921889,-0.005529061
0 days 00:00:10.020000,-0.0003537829564853371,-0.22759200000000002,-0.16088400000000003,9.700128000000001,0.0,0.0,0.0,0.0,-0.00017453292519943296,0.0020943951023931952,-0.0010471975511965976,10.0,13.09,53.7,1,1,90.0,4,-0.005,-0.015,0.01,52.6483858,9.745522099999999,34.44,32.62,52.648381199999996,9.745525599999999,-0.014486232791552936,-0.01937315469713706,4.231725304385451,0.005,0.0,-0.03,-0.014803465,-0.004850436,-0.010360052
0 days 00:00:10.030000,-0.0003537829564853371,-0.24721200000000002,-0.15696000000000002,9.719748000000001,0.0,0.0,0.0,0.0,-0.00017453292519943296,0.0041887902047863905,-0.0006981317007977319,10.0,13.09,53.7,1,1,90.0,4,-0.005,-0.015,0.01,52.6483858,9.745522099999999,34.44,32.62,52.648381199999996,9.745525599999999,-0.014486232791552936,-0.01937315469713706,4.231725304385451,0.005,0.0,-0.03,-0.014803465,-0.004850436,-0.010360052
0 days 00:00:10.040000,-0.0003537829564853371,-0.357084,-0.16873200000000002,9.700128000000001,0.0,0.0,0.0,0.0,0.00017453292519943296,0.0031415926535897933,-0.00017453292519943296,10.0,13.09,53.7,1,1,90.0,4,-0.005,-0.02,0.01,52.6483858,9.745522099999999,34.44,32.62,52.648381199999996,9.745525599999999,-0.014486232791552936,-0.019547687622336492,4.231725304385451,0.005,0.0,-0.03,-0.019800715,-0.004848983,-0.010460357
0 days 00:00:10.050000,-0.0003537829564853371,-0.24721200000000002,-0.133416,9.751140000000001,0.0,0.0,0.0,0.0,0.0006981317007977319,0.0038397243543875246,-0.00017453292519943296,10.0,13.09,53.7,1,1,90.0,4,-0.005,-0.02,0.01,52.6483858,9.745522099999999,34.44,32.62,52.648381199999996,9.745525599999999,-0.014486232791552936,-0.019547687622336492,4.231725304385451,0.005,0.0,-0.03,-0.019800715,-0.004848983,-0.010460357
0 days 00:00:10.060000,-0.0003537829564853371,-0.302148,-0.16873200000000002,9.735444000000001,0.0,0.0,0.0,0.0,0.0017453292519943296,0.0036651914291880917,0.0008726646259971648,10.0,13.09,53.7,1,1,90.0,4,-0.01,-0.02,0.015,52.6483858,9.745522099999999,34.44,32.62,52.648381199999996,9.745525599999999,-0.014486232791552936,-0.019547687622336492,4.231725304385451,0.005,0.0,-0.03,-0.019702982,-0.009776044,-0.015531306
0 days 00:00:10.070000,-0.0003537829564853371,-0.27468000000000004,-0.11379600000000001,9.711900000000002,0.0,0.0,0.0,0.0,0.0017453292519943296,0.0024434609527920616,0.0010471975511965976,10.0,13.09,53.7,1,1,90.0,4,-0.005,-0.02,0.005,52.6483875,9.7455223,34.550000000000004,32.62,52.648381199999996,9.745525599999999,-0.014486232791552936,-0.019722220547535925,4.231725304385451,0.005,-0.005,0.045,-0.019897506,-0.0049213474,-0.005465309
0 days 00:00:10.080000,-0.0003537829564853371,-0.22759200000000002,-0.09417600000000001,9.79038,0.0,0.0,0.0,0.0,0.0020943951023931952,0.004014257279586958,0.0010471975511965976,10.0,13.09,53.7,1,1,90.0,4,-0.005,-0.02,0.005,52.6483875,9.7455223,34.550000000000004,32.62,52.648381199999996,9.745525599999999,-0.014486232791552936,-0.019722220547535925,4.231725304385451,0.005,-0.005,0.045,-0.019897506,-0.0049213474,-0.005465309
0 days 00:00:10.090000,-0.0003537829564853371,-0.33746400000000004,-0.125568,9.668736,0.0,0.0,0.0,0.0,0.0022689280275926286,0.002967059728390361,0.0015707963267948967,10.0,13.09,53.7,1,1,90.0,4,-0.005,-0.02,0.01,52.6483875,9.7455223,34.550000000000004,32.62,52.648381199999996,9.745525599999999,-0.014486232791552936,-0.019722220547535925,4.231725304385451,0.005,-0.005,0.045,-0.019798901,-0.004848933,-0.010463812
0 days 00:00:10.100000,-0.0003537829564853371,-0.349236,-0.11379600000000001,9.79038,0.0,0.0,0.0,0.0,0.0024434609527920616,0.0036651914291880917,0.0019198621771937623,10.0,13.09,53.7,1,1,90.0,4,-0.005,-0.02,0.01,52.6483875,9.7455223,34.550000000000004,32.62,52.648381199999996,9.745525599999999,-0.014486232791552936,-0.019896753472735357,4.231899837310651,0.005,-0.005,0.045,-0.019797087,-0.004848883,-0.010467267
0 days 00:00:10.110000,-0.0003537829564853371,-0.384552,-0.10987200000000001,9.715824000000001,0.0,0.0,0.0,0.0,0.0022689280275926286,0.0022689280275926286,0.0022689280275926286,10.0,13.09,53.7,1,1,90.0,4,-0.005,-0.02,0.01,52.6483875,9.7455223,34.550000000000004,32.62,52.648381199999996,9.745525599999999,-0.014486232791552936,-0.019896753472735357,4.231899837310651,0.005,-0.005,0.045,-0.019797087,-0.004848883,-0.010467267
0 days 00:00:10.120000,-0.0003537829564853371,-0.33354000000000006,-0.11772,9.774684,0.0,0.0,0.0,0.0,0.0020943951023931952,0.0031415926535897933,0.0022689280275926286,10.0,13.09,53.7,1,1,90.0,4,-0.005,-0.015,0.01,52.6483875,9.7455223,34.56,32.62,52.648381199999996,9.745525599999999,-0.014311699866353503,-0.020071286397934793,4.231899837310651,-0.015,-0.01,-0.015,-0.014796279,-0.004852096,-0.0103695365
0 days 00:00:10.130000,-0.0003537829564853371,-0.380628,-0.10987200000000001,9.782532000000002,0.0,0.0,0.0,0.0,0.0020943951023931952,0.0006981317007977319,0.0022689280275926286,10.0,13.09,53.7,1,1,90.0,4,-0.005,-0.02,0.01,52.6483875,9.7455223,34.56,32.62,52.648381199999996,9.745525599999999,-0.014311699866353503,-0.020071286397934793,4.231899837310651,-0.015,-0.01,-0.015,-0.01979527,-0.00485066,-0.010469875
0 days 00:00:10.140000,-0.0003537829564853371,-0.26290800000000003,-0.125568,9.821772000000001,0.0,0.0,0.0,0.0,0.0019198621771937623,0.0010471975511965976,0.0022689280275926286,10.0,13.09,53.7,1,1,90.0,4,-0.005,-0.02,0.01,52.6483875,9.7455223,34.56,32.62,52.648381199999996,9.745525599999999,-0.014311699866353503,-0.020071286397934793,4.231899837310651,-0.015,-0.01,-0.015,-0.01979527,-0.00485066,-0.010469875
0 days 00:00:10.150000,-0.0003537829564853371,-0.266832,-0.129492,9.861012,0.0,0.0,0.0,0.0,0.0017453292519943296,0.0005235987755982988,0.0015707963267948967,10.0,13.09,53.7,1,1,90.0,4,-0.005,-0.02,0.01,52.6483875,9.7455223,34.56,32.62,52.648381199999996,9.745525599999999,-0.014311699866353503,-0.020071286397934793,4.231899837310651,-0.015,-0.01,-0.015,-0.01979527,-0.00485066,-0.010469875
0 days 00:00:10.160000,-0.0003537829564853371,-0.266832,-0.133416,9.841392,0.0,0.0,0.0,0.0,0.0012217304763960308,-0.0013962634015954637,0.0019198621771937623,10.0,13.09,53.7,1,1,90.0,4,-0.005,-0.02,0.01,52.6483875,9.7455223,34.56,32.62,52.648381199999996,9.745525599999999,-0.014311699866353503,-0.020071286397934793,4.231899837310651,-0.015,-0.01,-0.015,-0.01979527,-0.00485066,-0.010469875
0 days 00:00:10.170000,-0.0003537829564853371,-0.20404800000000003,-0.129492,9.837468000000001,0.0,0.0,0.0,0.0,0.0005235987755982988,-0.0010471975511965976,0.0015707963267948967,10.0,13.09,53.7,1,1,90.0,4,0.0,-0.005,0.01,52.6483875,9.7455223,34.56,32.62,52.648381199999996,9.745525599999999,-0.014486232791552936,-0.020420352248333655,4.231899837310651,0.0,-0.03,-0.01,-0.004794768,0.00014630597,-0.01009895
0 days 00:00:10.180000,-0.0003537829564853371,-0.20797200000000002,-0.129492,9.84924,0.0,0.0,0.0,0.0,0.0,-0.0020943951023931952,0.0008726646259971648,10.0,13.09,53.7,1,1,90.0,4,0.0,-0.005,0.005,52.6483875,9.7455223,34.56,32.62,52.648381199999996,9.745525599999999,-0.014486232791552936,-0.020420352248333655,4.231899837310651,0.0,-0.03,-0.01,-0.0048968624,7.389244e-05,-0.0051005166
0 days 00:00:10.190000,-0.0003537829564853371,-0.18835200000000002,-0.14126400000000003,9.853164,0.0,0.0,0.0,0.0,-0.00017453292519943296,-0.0027925268031909274,0.0005235987755982988,10.0,13.09,53.7,1,1,90.0,4,0.0,-0.005,0.005,52.6483875,9.7455223,34.56,32.62,52.648381199999996,9.745525599999999,-0.014486232791552936,-0.020420352248333655,4.231899837310651,0.0,-0.03,-0.01,-0.0048968624,7.389244e-05,-0.0051005166
0 days 00:00:10.200000,-0.0003537829564853371,-0.153036,-0.145188,9.864936,0.0,0.0,0.0,0.0,-0.00034906585039886593,-0.002617993877991494,0.0,10.0,13.09,53.7,1,1,90.0,4,0.0,-0.005,0.005,52.6483875,9.7455223,34.56,32.62,52.648381199999996,9.745525599999999,-0.014486232791552936,-0.020420352248333655,4.231899837310651,0.0,-0.03,-0.01,-0.0048968624,7.389244e-05,-0.0051005166
0 days 00:00:10.210000,-0.0003537829564853371,-0.16088400000000003,-0.13734000000000002,9.872784,0.0,0.0,0.0,0.0,-0.0006981317007977319,-0.0031415926535897933,0.0,10.0,13.09,53.7,1,1,90.5,4,0.0,-0.005,0.005,52.6483875,9.7455223,34.56,32.62,52.648381199999996,9.745525599999999,-0.014486232791552936,-0.020420352248333655,4.231899837310651,0.0,-0.03,-0.01,-0.0048968624,7.389244e-05,-0.0051005166
0 days 00:00:10.220000,-0.0003537829564853371,-0.125568,-0.13734000000000002,9.864936,0.0,0.0,0.0,0.0,-0.0012217304763960308,-0.003490658503988659,-0.0005235987755982988,10.0,13.09,53.7,1,1,91.0,4,-0.005,-0.005,0.005,52.6483875,9.7455223,34.56,32.62,52.648381199999996,9.745525599999999,-0.014486232791552936,-0.020245819323134222,4.231899837310651,0.0,0.02,-0.005,-0.0048977532,-0.0049255956,-0.005172091
0 days 00:00:10.230000,-0.0003537829564853371,-0.10987200000000001,-0.145188,9.880632000000002,0.0,0.0,0.0,0.0,-0.0012217304763960308,-0.0027925268031909274,-0.0006981317007977319,10.0,13.09,53.7,1,1,91.5,4,-0.005,-0.005,0.005,52.6483875,9.7455223,34.56,32.62,52.648381199999996,9.745525599999999,-0.014486232791552936,-0.020245819323134222,4.231899837310651,0.0,0.02,-0.005,-0.0048977532,-0.0049255956,-0.005172091
0 days 00:00:10.240000,-0.0003537829564853371,-0.133416,-0.14126400000000003,9.853164,0.0,0.0,0.0,0.0,-0.0015707963267948967,-0.0036651914291880917,-0.0008726646259971648,10.0,13.09,53.7,1,1,92.0,4,-0.005,-0.005,0.005,52.6483875,9.7455223,34.56,32.62,52.648381199999996,9.745525599999999,-0.014486232791552936,-0.020245819323134222,4.231899837310651,0.0,0.02,-0.005,-0.0048977532,-0.0049255956,-0.005172091
0 days 00:00:10.250000,-0.0003537829564853371,-0.0981,-0.153036,9.86886,0.0,0.0,0.0,0.0,-0.0015707963267948967,-0.003490658503988659,-0.0010471975511965976,10.0,13.09,53.55,1,1,92.5,4,-0.005,-0.005,0.005,52.6483875,9.7455223,34.56,32.62,52.648381199999996,9.745525599999999,-0.014486232791552936,-0.020071286397934793,4.231899837310651,0.0,0.02,-0.005,-0.004898643,-0.0049256077,-0.005171236
0 days 00:00:10.260000,-0.0003537829564853371,-0.0981,-0.15696000000000002,9.853164,0.0,0.0,0.0,0.0,-0.0019198621771937623,-0.0031415926535897933,-0.0012217304763960308,10.0,13.09,53.39999999999999,1,1,93.0,4,-0.005,-0.005,0.005,52.6483875,9.7455223,34.56,32.62,52.648381199999996,9.745525599999999,-0.014486232791552936,-0.020071286397934793,4.231899837310651,0.0,0.02,-0.005,-0.004898643,-0.0049256077,-0.005171236
0 days 00:00:10.270000,-0.0003537829564853371,-0.09417600000000001,-0.15696000000000002,9.825696,0.0,0.0,0.0,0.0,-0.0019198621771937623,-0.0031415926535897933,-0.0010471975511965976,10.0,13.09,53.39999999999999,1,1,93.5,4,0.0,-0.005,0.005,52.6483875,9.7455222,34.58,32.62,52.648381199999996,9.745525599999999,-0.014486232791552936,-0.020071286397934793,4.231899837310651,0.01,0.015,-0.015,-0.004898643,7.3867675e-05,-0.0050988076
0 days 00:00:10.280000,-0.0003537829564853371,-0.090252,-0.15696000000000002,9.825696,0.0,0.0,0.0,0.0,-0.0017453292519943296,-0.0027925268031909274,-0.0012217304763960308,10.0,13.09,53.39999999999999,1,1,94.0,4,0.0,-0.005,0.005,52.6483875,9.7455222,34.58,32.62,52.648381199999996,9.745525599999999,-0.014486232791552936,-0.020071286397934793,4.231899837310651,0.01,0.015,-0.015,-0.004898643,7.3867675e-05,-0.0050988076
0 days 00:00:10.290000,-0.0003537829564853371,-0.090252,-0.16088400000000003,9.806076000000001,0.0,0.0,0.0,0.0,-0.0019198621771937623,-0.0020943951023931952,-0.0010471975511965976,10.0,13.09,53.55,1,1,94.5,4,0.0,-0.005,0.005,52.6483875,9.7455222,34.58,32.62,52.648381199999996,9.745525599999999,-0.014486232791552936,-0.019896753472735357,4.231899837310651,0.01,0.015,-0.015,-0.004899533,7.385529e-05,-0.005097952
0 days 00:00:10.300000,-0.0003537829564853371,-0.12164400000000002,-0.17658000000000004,9.806076000000001,0.0,0.0,0.0,0.0,-0.0020943951023931952,-0.0008726646259971648,-0.0008726646259971648,1.0,13.09,53.7,1,1,95.0,4,0.0,-0.005,0.005,52.6483875,9.7455222,34.58,32.62,52.648381199999996,9.745525599999999,-0.014486232791552936,-0.019896753472735357,4.231899837310651,0.01,0.015,-0.015,-0.004899533,7.385529e-05,-0.005097952
0 days 00:00:10.310000,-0.0003537829564853371,-0.149112,-0.17265600000000003,9.774684,0.0,0.0,0.0,0.0,-0.0019198621771937623,-0.0012217304763960308,-0.0008726646259971648,1.0,13.09,53.7,1,1,95.5,4,0.0,-0.005,0.005,52.6483875,9.7455222,34.58,32.62,52.648381199999996,9.745525599999999,-0.014660765716752368,-0.019896753472735357,4.231899837310651,0.01,0.015,-0.015,-0.004899533,7.474505e-05,-0.005097939
0 days 00:00:10.320000,-0.0003537829564853371,-0.14126400000000003,-0.15696000000000002,9.794304,0.0,0.0,0.0,0.0,-0.0019198621771937623,0.00034906585039886593,-0.0006981317007977319,1.0,13.09,53.7,1,1,96.0,4,0.0,0.0,-0.0,52.6483875,9.7455222,34.59,32.62,52.648381199999996,9.745525599999999,-0.014660765716752368,-0.020071286397934793,4.231899837310651,0.0,-0.005,0.025,0.0,0.0,0.0
0 days 00:00:10.330000,-0.0003537829564853371,-0.192276,-0.16480800000000004,9.79038,0.0,0.0,0.0,0.0,-0.0019198621771937623,0.0005235987755982988,-0.0005235987755982988,1.0,13.09,53.7,1,1,96.5,4,0.0,0.0,-0.0,52.6483875,9.7455222,34.59,32.62,52.648381199999996,9.745525599999999,-0.014660765716752368,-0.020071286397934793,4.231899837310651,0.0,-0.005,0.025,0.0,0.0,0.0
0 days 00:00:10.340000,-0.0003537829564853371,-0.1962,-0.15696000000000002,9.762912000000002,0.0,0.0,0.0,0.0,-0.0019198621771937623,0.0,-0.00017453292519943296,1.0,13.09,53.7,1,1,97.0,4,0.0,0.0,-0.0,52.6483875,9.7455222,34.59,32.62,52.648381199999996,9.745525599999999,-0.014660765716752368,-0.020071286397934793,4.231899837310651,0.0,-0.005,0.025,0.0,0.0,0.0
0 days 00:00:10.350000,-0.0003537829564853371,-0.149112,-0.16480800000000004,9.798228,0.0,0.0,0.0,0.0,-0.0015707963267948967,0.0017453292519943296,0.0,0.0,13.09,53.7,1,1,97.5,4,0.0,0.0,-0.0,52.6483875,9.7455222,34.59,32.62,52.648381199999996,9.745525599999999,-0.014660765716752368,-0.020071286397934793,4.231899837310651,0.0,-0.005,0.025,0.0,0.0,0.0
0 days 00:00:10.360000,-0.0003537829564853371,-0.223668,-0.149112,9.755064,0.0,0.0,0.0,0.0,-0.0015707963267948967,0.0015707963267948967,0.0005235987755982988,0.0,13.09,53.7,1,1,98.0,4,0.0,0.0,-0.0,52.6483875,9.7455222,34.59,32.62,52.648381199999996,9.745525599999999,-0.014660765716752368,-0.020071286397934793,4.231899837310651,0.0,-0.005,0.025,0.0,0.0,0.0
0 days 00:00:10.370000,-0.0003537829564853371,-0.20797200000000002,-0.15696000000000002,9.751140000000001,0.0,0.0,0.0,0.0,-0.0012217304763960308,0.0020943951023931952,0.0005235987755982988,0.0,13.09,53.7,1,1,98.5,4,0.005,0.0,-0.0,52.6483875,9.7455223,34.59,32.62,52.648381199999996,9.745525599999999,-0.014835298641951801,-0.020071286397934793,4.231899837310651,0.01,-0.01,-0.005,0.0,0.00499945,7.4173775e-05
0 days 00:00:10.380000,-0.0003537829564853371,-0.231516,-0.16088400000000003,9.751140000000001,0.0,0.0,0.0,0.0,-0.0006981317007977319,0.002617993877991494,0.0008726646259971648,-1.0,13.09,53.7,1,1,99.0,4,0.005,0.0,0.005,52.6483875,9.7455223,34.59,32.62,52.648381199999996,9.745525599999999,-0.014835298641951801,-0.020071286397934793,4.231899837310651,0.01,-0.01,-0.005,0.000100349695,0.005073609,-0.004924269
0 days 00:00:10.390000,-0.0003537829564853371,-0.258984,-0.16873200000000002,9.762912000000002,0.0,0.0,0.0,0.0,-0.0005235987755982988,0.002967059728390361,0.0008726646259971648,-1.0,13.09,53.7,1,1,99.5,4,0.005,0.0,0.005,52.6483875,9.7455223,34.59,32.62,52.648381199999996,9.745525599999999,-0.014835298641951801,-0.020071286397934793,4.231899837310651,0.01,-0.01,-0.005,0.000100349695,0.005073609,-0.004924269
0 days 00:00:10.400000,-0.0003537829564853371,-0.251136,-0.17658000000000004,9.743292000000002,0.0,0.0,0.0,0.0,-0.00034906585039886593,0.0024434609527920616,0.0010471975511965976,-1.0,13.09,53.7,1,1,100.0,4,0.005,0.0,0.005,52.6483875,9.7455223,34.59,32.62,52.648381199999996,9.745525599999999,-0.014835298641951801,-0.020071286397934793,4.231899837310651,0.01,-0.01,-0.005,0.000100349695,0.005073609,-0.004924269
0 days 00:00:10.410000,-0.0003537829564853371,-0.22759200000000002,-0.14126400000000003,9.802152000000001,0.0,0.0,0.0,0.0,-0.00017453292519943296,0.0031415926535897933,0.0008726646259971648,-2.0,13.09,53.7,1,1,99.5,4,0.005,0.0,0.005,52.6483875,9.7455223,34.59,32.62,52.648381199999996,9.745525599999999,-0.014835298641951801,-0.020245819323134222,4.231899837310651,0.01,-0.01,-0.005,0.00010122217,0.0050736084,-0.004924251
0 days 00:00:10.420000,-0.0003537829564853371,-0.251136,-0.16480800000000004,9.778608,0.0,0.0,0.0,0.0,0.00017453292519943296,0.0020943951023931952,0.0010471975511965976,-2.0,13.09,53.7,1,1,99.0,4,0.005,0.005,0.005,52.648387299999996,9.7455223,34.56,32.62,52.648381199999996,9.745525599999999,-0.014835298641951801,-0.020245819323134222,4.231899837310651,-0.01,-0.025,-0.0,0.0051001976,0.0050721066,-0.00482304
0 days 00:00:10.430000,-0.0003537829564853371,-0.22759200000000002,-0.149112,9.786456000000001,0.0,0.0,0.0,0.0,0.00017453292519943296,0.0017453292519943296,0.0010471975511965976,-2.0,13.09,53.7,1,1,98.5,4,0.005,0.005,0.005,52.648387299999996,9.7455223,34.56,32.62,52.648381199999996,9.745525599999999,-0.014835298641951801,-0.020245819323134222,4.231899837310651,-0.01,-0.025,-0.0,0.0051001976,0.0050721066,-0.00482304
0 days 00:00:10.440000,-0.0003537829564853371,-0.223668,-0.153036,9.825696,0.0,0.0,0.0,0.0,0.00034906585039886593,0.0024434609527920616,0.0008726646259971648,-3.0,13.09,53.7,1,1,98.0,4,0.005,0.005,0.005,52.648387299999996,9.7455223,34.56,32.62,52.648381199999996,9.745525599999999,-0.014660765716752368,-0.020245819323134222,4.231899837310651,-0.01,-0.025,-0.0,0.0051001976,0.0050712647,-0.0048239254
0 days 00:00:10.450000,-0.0003537829564853371,-0.27468000000000004,-0.16088400000000003,9.782532000000002,0.0,0.0,0.0,0.0,0.0005235987755982988,0.0006981317007977319,0.0006981317007977319,-3.0,13.09,53.7,1,1,97.5,4,0.005,0.005,0.005,52.648387299999996,9.7455223,34.56,32.62,52.648381199999996,9.745525599999999,-0.014660765716752368,-0.020245819323134222,4.231899837310651,-0.01,-0.025,-0.0,0.0051001976,0.0050712647,-0.0048239254
0 days 00:00:10.460000,-0.0003537829564853371,-0.23544,-0.15696000000000002,9.798228,0.0,0.0,0.0,0.0,0.0008726646259971648,0.0008726646259971648,0.0006981317007977319,-4.0,13.09,53.7,1,1,97.0,4,0.0,0.005,0.005,52.648387299999996,9.7455223,34.56,32.62,52.648381199999996,9.745525599999999,-0.014660765716752368,-0.020245819323134222,4.231899837310651,-0.01,-0.025,-0.0,0.0051001976,7.1802235e-05,-0.0048972266
0 days 00:00:10.470000,-0.0003537829564853371,-0.22759200000000002,-0.13734000000000002,9.802152000000001,0.0,0.0,0.0,0.0,0.0005235987755982988,0.0010471975511965976,0.0005235987755982988,-5.0,13.09,53.7,1,1,96.5,4,0.005,0.0,0.01,52.648387299999996,9.745522399999999,34.550000000000004,32.62,52.648381199999996,9.745525599999999,-0.014835298641951801,-0.020245819323134222,4.231899837310651,0.01,-0.005,-0.03,0.00020244434,0.0051477673,-0.009922677
0 days 00:00:10.480000,-0.0003537829564853371,-0.258984,-0.15696000000000002,9.813924,0.0,0.0,0.0,0.0,0.0005235987755982988,-0.00034906585039886593,0.0005235987755982988,-5.0,13.09,53.7,1,1,96.0,4,0.005,0.0,0.01,52.648387299999996,9.745522399999999,34.550000000000004,32.62,52.648381199999996,9.745525599999999,-0.014660765716752368,-0.020245819323134222,4.231899837310651,0.01,-0.005,-0.03,0.00020244434,0.005146035,-0.0099235745
0 days 00:00:10.490000,-0.0003537829564853371,-0.16480800000000004,-0.145188,9.837468000000001,0.0,0.0,0.0,0.0,0.00034906585039886593,-0.00017453292519943296,0.0,-6.0,13.09,53.7,1,1,95.5,4,0.005,0.0,0.01,52.648387299999996,9.745522399999999,34.550000000000004,32.62,52.648381199999996,9.745525599999999,-0.014660765716752368,-0.020245819323134222,4.231899837310651,0.01,-0.005,-0.03,0.00020244434,0.005146035,-0.0099235745
0 days 00:00:10.500000,-0.0003537829564853371,-0.21189600000000003,-0.15696000000000002,9.84924,0.0,0.0,0.0,0.0,0.00034906585039886593,-0.00017453292519943296,0.00034906585039886593,-6.0,13.09,53.7,1,1,95.0,4,0.005,0.0,0.01,52.648387299999996,9.745522399999999,34.550000000000004,32.62,52.648381199999996,9.745525599999999,-0.014660765716752368,-0.020245819323134222,4.231899837310651,0.01,-0.005,-0.03,0.00020244434,0.005146035,-0.0099235745
0 days 00:00:10.510000,-0.0003537829564853371,-0.20012400000000002,-0.145188,9.817848000000001,0.0,0.0,0.0,0.0,0.0,-0.0017453292519943296,-0.00034906585039886593,-7.0,13.09,53.7,1,1,94.5,4,0.005,0.0,0.01,52.648387299999996,9.745522399999999,34.550000000000004,32.62,52.648381199999996,9.745525599999999,-0.014660765716752368,-0.020245819323134222,4.231899837310651,0.01,-0.005,-0.03,0.00020244434,0.005146035,-0.0099235745
0 days 00:00:10.520000,-0.0003537829564853371,-0.17658000000000004,-0.17658000000000004,9.845316,0.0,0.0,0.0,0.0,0.00034906585039886593,-0.0015707963267948967,-0.00034906585039886593,-7.0,13.09,53.7,1,1,94.0,4,0.005,0.005,0.01,52.648387299999996,9.745522399999999,34.56,32.62,52.648381199999996,9.745525599999999,-0.014660765716752368,-0.020245819323134222,4.231899837310651,0.0,-0.01,-0.015,0.00520142,0.005144551,-0.009822363
0 days 00:00:10.530000,-0.0003537829564853371,-0.184428,-0.16480800000000004,9.853164,0.0,0.0,0.0,0.0,0.00017453292519943296,-0.0013962634015954637,-0.0005235987755982988,-7.0,13.09,53.7,1,1,93.5,4,0.005,0.005,0.01,52.648387299999996,9.745522399999999,34.56,32.62,52.648381199999996,9.745525599999999,-0.014660765716752368,-0.020245819323134222,4.231899837310651,0.0,-0.01,-0.015,0.00520142,0.005144551,-0.009822363
0 days 00:00:10.540000,-0.0003537829564853371,-0.20404800000000003,-0.17658000000000004,9.82962,0.0,0.0,0.0,0.0,0.0005235987755982988,-0.0022689280275926286,-0.00034906585039886593,-7.0,13.09,53.7,1,1,93.0,4,0.005,0.005,0.01,52.648387299999996,9.745522399999999,34.56,32.62,52.648381199999996,9.745525599999999,-0.014660765716752368,-0.020245819323134222,4.231899837310651,0.0,-0.01,-0.015,0.00520142,0.005144551,-0.009822363
0 days 00:00:10.550000,-0.0003537829564853371,-0.184428,-0.149112,9.817848000000001,0.0,0.0,0.0,0.0,0.00017453292519943296,-0.0019198621771937623,-0.0005235987755982988,-7.0,13.09,53.7,1,1,92.5,4,0.005,0.005,0.01,52.648387299999996,9.745522399999999,34.56,32.62,52.648381199999996,9.745525599999999,-0.014660765716752368,-0.020245819323134222,4.231899837310651,0.0,-0.01,-0.015,0.00520142,0.005144551,-0.009822363
0 days 00:00:10.560000,-0.0003537829564853371,-0.16480800000000004,-0.145188,9.825696,0.0,0.0,0.0,0.0,0.00017453292519943296,-0.0017453292519943296,-0.0008726646259971648,-7.0,13.09,53.7,1,1,92.0,4,0.005,0.005,0.01,52.648387299999996,9.745522399999999,34.56,32.62,52.648381199999996,9.745525599999999,-0.014660765716752368,-0.020245819323134222,4.231899837310651,0.0,-0.01,-0.015,0.00520142,0.005144551,-0.009822363
0 days 00:00:10.570000,-0.0003537829564853371,-0.180504,-0.153036,9.82962,0.0,0.0,0.0,0.0,0.0,-0.0017453292519943296,-0.0005235987755982988,-6.0,13.09,53.7,1,1,91.5,4,0.0,-0.01,0.01,52.648387299999996,9.745522399999999,34.56,32.62,52.648381199999996,9.745525599999999,-0.014660765716752368,-0.020071286397934793,4.231899837310651,0.01,0.035,-0.01,-0.009797286,0.00014951518,-0.010197589
0 days 00:00:10.580000,-0.0003537829564853371,-0.149112,-0.14126400000000003,9.81,0.0,0.0,0.0,0.0,-0.00017453292519943296,-0.0015707963267948967,-0.0005235987755982988,-6.0,13.09,53.7,1,1,91.0,4,0.0,-0.01,0.01,52.648387299999996,9.745522399999999,34.56,32.62,52.648381199999996,9.745525599999999,-0.014660765716752368,-0.020071286397934793,4.231899837310651,0.01,0.035,-0.01,-0.009797286,0.00014951518,-0.010197589
0 days 00:00:10.590000,-0.0003537829564853371,-0.16873200000000002,-0.153036,9.825696,0.0,0.0,0.0,0.0,-0.00017453292519943296,-0.0015707963267948967,-0.00034906585039886593,-6.0,13.09,53.7,1,1,90.5,4,0.0,-0.005,0.01,52.648387299999996,9.745522399999999,34.56,32.62,52.648381199999996,9.745525599999999,-0.014660765716752368,-0.020071286397934793,4.231899837310651,0.01,0.035,-0.01,-0.004798293,0.00014804403,-0.01009725
0 days 00:00:10.600000,-0.0003537829564853371,-0.16873200000000002,-0.14126400000000003,9.81,0.0,0.0,0.0,0.0,-0.00034906585039886593,-0.0012217304763960308,-0.00017453292519943296,-6.0,13.09,53.7,1,1,90.0,4,0.0,-0.005,0.01,52.648387299999996,9.745522399999999,34.56,32.62,52.648381199999996,9.745525599999999,-0.014660765716752368,-0.020071286397934793,4.231899837310651,0.01,0.035,-0.01,-0.004798293,0.00014804403,-0.01009725
0 days 00:00:10.610000,-0.0003537829564853371,-0.145188,-0.13734000000000002,9.82962,0.0,0.0,0.0,0.0,-0.00034906585039886593,-0.0005235987755982988,-0.00017453292519943296,-6.0,13.09,53.7,1,1,90.0,4,0.0,-0.005,0.01,52.648387299999996,9.745522399999999,34.56,32.62,52.648381199999996,9.745525599999999,-0.014660765716752368,-0.020071286397934793,4.231899837310651,0.01,0.035,-0.01,-0.004798293,0.00014804403,-0.01009725
0 days 00:00:10.620000,-0.0003537829564853371,-0.16088400000000003,-0.133416,9.79038,0.0,0.0,0.0,0.0,-0.0006981317007977319,-0.0010471975511965976,-0.00017453292519943296,-6.0,13.09,53.7,1,1,90.0,4,-0.005,-0.01,0.01,52.648387199999995,9.745522399999999,34.550000000000004,32.62,52.648381199999996,9.745525599999999,-0.014660765716752368,-0.020071286397934793,4.231899837310651,0.0,0.025,-0.02,-0.009797286,-0.0048499475,-0.01027089
0 days 00:00:10.630000,-0.0003537829564853371,-0.16088400000000003,-0.153036,9.798228,0.0,0.0,0.0,0.0,-0.0005235987755982988,-0.00034906585039886593,0.00017453292519943296,-6.0,13.09,53.7,1,1,90.0,4,-0.005,-0.01,0.01,52.648387199999995,9.745522399999999,34.550000000000004,32.62,52.648381199999996,9.745525599999999,-0.014660765716752368,-0.020071286397934793,4.231899837310651,0.0,0.025,-0.02,-0.009797286,-0.0048499475,-0.01027089
0 days 00:00:10.640000,-0.0003537829564853371,-0.149112,-0.145188,9.794304,0.0,0.0,0.0,0.0,-0.0006981317007977319,0.0005235987755982988,0.00017453292519943296,-6.0,13.09,53.7,1,1,90.0,4,-0.005,-0.01,0.01,52.648387199999995,9.745522399999999,34.550000000000004,32.62,52.648381199999996,9.745525599999999,-0.014660765716752368,-0.020071286397934793,4.231899837310651,0.0,0.025,-0.02,-0.009797286,-0.0048499475,-0.01027089
0 days 00:00:10.650000,-0.0003537829564853371,-0.192276,-0.145188,9.79038,0.0,0.0,0.0,0.0,-0.00034906585039886593,0.00034906585039886593,0.00017453292519943296,-3.0,13.09,53.7,1,1,90.0,4,-0.005,-0.01,0.01,52.648387199999995,9.745522399999999,34.550000000000004,32.62,52.648381199999996,9.745525599999999,-0.014660765716752368,-0.020071286397934793,4.231899837310651,0.0,0.025,-0.02,-0.009797286,-0.0048499475,-0.01027089
0 days 00:00:10.660000,-0.0003537829564853371,-0.17265600000000003,-0.153036,9.770760000000001,0.0,0.0,0.0,0.0,-0.00034906585039886593,0.0013962634015954637,0.00034906585039886593,-1.0,13.09,53.7,1,1,90.0,4,-0.005,-0.01,0.01,52.648387199999995,9.745522399999999,34.550000000000004,32.62,52.648381199999996,9.745525599999999,-0.014660765716752368,-0.020071286397934793,4.231899837310651,0.0,0.025,-0.02,-0.009797286,-0.0048499475,-0.01027089
0 days 00:00:10.670000,-0.0003537829564853371,-0.1962,-0.153036,9.786456000000001,0.0,0.0,0.0,0.0,0.0,0.0015707963267948967,0.00034906585039886593,-1.0,13.09,53.7,1,1,90.0,4,0.0,-0.005,0.005,52.648387199999995,9.7455223,34.56,32.62,52.648381199999996,9.745525599999999,-0.014660765716752368,-0.020071286397934793,4.231899837310651,0.01,-0.005,0.03,-0.004898643,7.475759e-05,-0.0050987946
0 days 00:00:10.680000,-0.0003537829564853371,-0.21189600000000003,-0.15696000000000002,9.79038,0.0,0.0,0.0,0.0,0.00034906585039886593,0.0010471975511965976,0.00034906585039886593,-1.0,13.09,53.7,1,1,90.0,4,0.0,-0.005,0.005,52.648387199999995,9.7455223,34.56,32.62,52.648381199999996,9.745525599999999,-0.014660765716752368,-0.020071286397934793,4.231899837310651,0.01,-0.005,0.03,-0.004898643,7.475759e-05,-0.0050987946
0 days 00:00:10.690000,-0.0003537829564853371,-0.192276,-0.13734000000000002,9.782532000000002,0.0,0.0,0.0,0.0,0.00017453292519943296,0.0013962634015954637,0.0006981317007977319,-1.0,13.09,53.7,1,1,90.0,4,0.0,-0.005,0.005,52.648387199999995,9.7455223,34.56,32.62,52.648381199999996,9.745525599999999,-0.014660765716752368,-0.020071286397934793,4.231899837310651,0.01,-0.005,0.03,-0.004898643,7.475759e-05,-0.0050987946
0 days 00:00:10.700000,-0.0003537829564853371,-0.20404800000000003,-0.14126400000000003,9.798228,0.0,0.0,0.0,0.0,0.0,0.0013962634015954637,0.0006981317007977319,-1.0,13.09,53.7,1,1,90.0,4,0.0,-0.005,0.005,52.648387199999995,9.7455223,34.56,32.62,52.648381199999996,9.745525599999999,-0.014660765716752368,-0.020071286397934793,4.231899837310651,0.01,-0.005,0.03,-0.004898643,7.475759e-05,-0.0050987946
0 days 00:00:10.710000,-0.0003537829564853371,-0.192276,-0.14126400000000003,9.786456000000001,0.0,0.0,0.0,0.0,0.00034906585039886593,0.0005235987755982988,0.0006981317007977319,-1.0,13.09,53.7,1,1,90.0,4,0.0,-0.005,0.005,52.648387199999995,9.7455223,34.56,32.62,52.648381199999996,9.745525599999999,-0.014660765716752368,-0.020071286397934793,4.231899837310651,0.01,-0.005,0.03,-0.004898643,7.475759e-05,-0.0050987946
0 days 00:00:10.720000,-0.0003537829564853371,-0.184428,-0.149112,9.802152000000001,0.0,0.0,0.0,0.0,0.00017453292519943296,0.0013962634015954637,0.0008726646259971648,-1.0,13.09,53.7,1,1,90.0,4,-0.005,-0.01,-0.0,52.6483871,9.745522399999999,34.58,32.62,52.648381199999996,9.745525599999999,-0.014660765716752368,-0.020071286397934793,4.231899837310651,0.0,0.025,0.005,-0.009997985,-0.0049965205,-0.00027397904
0 days 00:00:10.730000,-0.0003537829564853371,-0.21582000000000004,-0.145188,9.782532000000002,0.0,0.0,0.0,0.0,0.00017453292519943296,0.0008726646259971648,0.0006981317007977319,-1.0,13.09,53.7,1,1,90.0,4,-0.005,-0.01,-0.0,52.6483871,9.745522399999999,34.58,32.62,52.648381199999996,9.745525599999999,-0.014660765716752368,-0.020071286397934793,4.231899837310651,0.0,0.025,0.005,-0.009997985,-0.0049965205,-0.00027397904
0 days 00:00:10.740000,-0.0003537829564853371,-0.192276,-0.13734000000000002,9.770760000000001,0.0,0.0,0.0,0.0,0.0,0.0010471975511965976,0.0005235987755982988,-1.0,13.09,53.7,1,1,90.0,4,-0.005,-0.01,0.005,52.6483871,9.745522399999999,34.58,32.62,52.648381199999996,9.745525599999999,-0.014660765716752368,-0.020071286397934793,4.231899837310651,0.0,0.025,0.005,-0.009897635,-0.004923234,-0.0052724346
0 days 00:00:10.750000,-0.0003537829564853371,-0.24328800000000003,-0.149112,9.798228,0.0,0.0,0.0,0.0,-0.00034906585039886593,0.0012217304763960308,0.0006981317007977319,-1.0,13.09,53.7,1,1,90.0,4,-0.005,-0.01,0.005,52.6483871,9.745522399999999,34.58,32.62,52.648381199999996,9.745525599999999,-0.014660765716752368,-0.020245819323134222,4.231899837310651,0.0,0.025,0.005,-0.009896729,-0.0049232086,-0.0052741617
0 days 00:00:10.760000,-0.0003537829564853371,-0.231516,-0.13734000000000002,9.79038,0.0,0.0,0.0,0.0,-0.00034906585039886593,0.00017453292519943296,0.0005235987755982988,-1.0,13.09,53.7,1,1,90.0,4,-0.005,-0.01,0.005,52.6483871,9.745522399999999,34.58,32.62,52.648381199999996,9.745525599999999,-0.014660765716752368,-0.020245819323134222,4.231899837310651,0.0,0.025,0.005,-0.009896729,-0.0049232086,-0.0052741617
0 days 00:00:10.770000,-0.0003537829564853371,-0.18835200000000002,-0.16088400000000003,9.837468000000001,0.0,0.0,0.0,0.0,-0.00017453292519943296,0.0008726646259971648,0.00017453292519943296,-1.0,13.09,53.7,1,1,90.0,4,-0.005,0.0,0.005,52.6483871,9.7455223,34.58,32.62,52.648381199999996,9.745525599999999,-0.014660765716752368,-0.020245819323134222,4.231899837310651,-0.01,-0.015,-0.01,0.00010122217,-0.0049261763,-0.005071739
0 days 00:00:10.780000,-0.0003537829564853371,-0.23544,-0.15696000000000002,9.802152000000001,0.0,0.0,0.0,0.0,-0.00034906585039886593,-0.00017453292519943296,0.00017453292519943296,-1.0,13.09,53.7,1,1,90.0,4,-0.005,0.0,0.005,52.6483871,9.7455223,34.58,32.62,52.648381199999996,9.745525599999999,-0.014660765716752368,-0.020245819323134222,4.231899837310651,-0.01,-0.015,-0.01,0.00010122217,-0.0049261763,-0.005071739
0 days 00:00:10.790000,-0.0003537829564853371,-0.1962,-0.16088400000000003,9.833544,0.0,0.0,0.0,0.0,-0.00034906585039886593,0.0,0.00017453292519943296,-1.0,13.09,53.7,1,1,90.0,4,-0.005,0.0,0.005,52.6483871,9.7455223,34.58,32.62,52.648381199999996,9.745525599999999,-0.014660765716752368,-0.020245819323134222,4.231899837310651,-0.01,-0.015,-0.01,0.00010122217,-0.0049261763,-0.005071739
0 days 00:00:10.800000,-0.0003537829564853371,-0.20797200000000002,-0.16088400000000003,9.833544,0.0,0.0,0.0,0.0,-0.00034906585039886593,-0.00017453292519943296,0.00017453292519943296,-1.0,13.09,53.7,1,1,90.0,4,-0.005,0.0,0.005,52.6483871,9.7455223,34.58,32.62,52.648381199999996,9.745525599999999,-0.014660765716752368,-0.020245819323134222,4.231899837310651,-0.01,-0.015,-0.01,0.00010122217,-0.0049261763,-0.005071739
0 days 00:00:10.810000,-0.0003537829564853371,-0.1962,-0.153036,9.81,0.0,0.0,0.0,0.0,-0.00034906585039886593,-0.0010471975511965976,-0.00034906585039886593,-1.0,13.09,53.7,1,1,90.5,4,-0.005,0.0,0.005,52.6483871,9.7455223,34.58,32.62,52.648381199999996,9.745525599999999,-0.014660765716752368,-0.020245819323134222,4.231899837310651,-0.01,-0.015,-0.01,0.00010122217,-0.0049261763,-0.005071739
0 days 00:00:10.820000,-0.0003537829564853371,-0.180504,-0.16088400000000003,9.817848000000001,0.0,0.0,0.0,0.0,-0.00017453292519943296,-0.00034906585039886593,-0.0005235987755982988,-1.0,13.09,53.7,1,1,91.0,4,-0.01,0.005,0.005,52.648387,9.7455223,34.57,32.62,52.648381199999996,9.745525599999999,-0.014660765716752368,-0.020245819323134222,4.231899837310651,-0.02,-0.005,-0.015,0.0051001976,-0.009927123,-0.005043829
0 days 00:00:10.830000,-0.0003537829564853371,-0.22759200000000002,-0.16088400000000003,9.82962,0.0,0.0,0.0,0.0,0.00017453292519943296,-0.0008726646259971648,-0.00034906585039886593,-1.0,13.09,53.7,1,1,91.5,4,-0.01,0.005,0.005,52.648387,9.7455223,34.57,32.62,52.648381199999996,9.745525599999999,-0.014660765716752368,-0.020245819323134222,4.231899837310651,-0.02,-0.005,-0.015,0.0051001976,-0.009927123,-0.005043829
0 days 00:00:10.840000,-0.0003537829564853371,-0.20404800000000003,-0.16088400000000003,9.81,0.0,0.0,0.0,0.0,0.0,-0.0008726646259971648,-0.00017453292519943296,-1.0,13.09,53.7,1,1,92.0,4,-0.01,0.005,0.005,52.648387,9.7455223,34.57,32.62,52.648381199999996,9.745525599999999,-0.014660765716752368,-0.020245819323134222,4.231899837310651,-0.02,-0.005,-0.015,0.0051001976,-0.009927123,-0.005043829
0 days 00:00:10.850000,-0.0003537829564853371,-0.18835200000000002,-0.15696000000000002,9.821772000000001,0.0,0.0,0.0,0.0,0.00017453292519943296,-0.0008726646259971648,-0.0005235987755982988,-1.0,13.09,53.7,1,1,92.5,4,-0.01,0.005,0.005,52.648387,9.7455223,34.57,32.62,52.648381199999996,9.745525599999999,-0.014660765716752368,-0.020245819323134222,4.231899837310651,-0.02,-0.005,-0.015,0.0051001976,-0.009927123,-0.005043829
0 days 00:00:10.860000,-0.0003537829564853371,-0.20404800000000003,-0.16873200000000002,9.833544,0.0,0.0,0.0,0.0,0.00017453292519943296,-0.0008726646259971648,-0.0005235987755982988,-1.0,13.09,53.7,1,1,93.0,4,-0.01,0.005,0.005,52.648387,9.7455223,34.57,32.62,52.648381199999996,9.745525599999999,-0.014660765716752368,-0.020245819323134222,4.231899837310651,-0.02,-0.005,-0.015,0.0051001976,-0.009927123,-0.005043829
0 days 00:00:10.870000,-0.0003537829564853371,-0.20012400000000002,-0.149112,9.802152000000001,0.0,0.0,0.0,0.0,-0.00017453292519943296,-0.0013962634015954637,-0.00034906585039886593,-1.0,13.09,53.7,1,1,93.5,4,0.0,0.0,-0.0,52.648387,9.7455223,34.58,32.62,52.648381199999996,9.745525599999999,-0.014660765716752368,-0.020245819323134222,4.231899837310651,0.01,-0.005,0.015,0.0,0.0,0.0
0 days 00:00:10.880000,-0.0003537829564853371,-0.184428,-0.15696000000000002,9.845316,0.0,0.0,0.0,0.0,0.0,-0.0005235987755982988,-0.00034906585039886593,-1.0,13.09,53.7,1,1,94.0,4,0.0,0.0,-0.0,52.648387,9.7455223,34.58,32.62,52.648381199999996,9.745525599999999,-0.014660765716752368,-0.020245819323134222,4.231899837310651,0.01,-0.005,0.015,0.0,0.0,0.0
0 days 00:00:10.890000,-0.0003537829564853371,-0.20404800000000003,-0.16480800000000004,9.794304,0.0,0.0,0.0,0.0,-0.00034906585039886593,-0.0012217304763960308,-0.00034906585039886593,-1.0,13.09,53.55,1,1,94.5,4,0.0,0.0,-0.0,52.648387,9.7455223,34.58,32.62,52.648381199999996,9.745525599999999,-0.014660765716752368,-0.020071286397934793,4.231899837310651,0.01,-0.005,0.015,0.0,0.0,0.0
0 days 00:00:10.900000,-0.0003537829564853371,-0.17265600000000003,-0.149112,9.821772000000001,0.0,0.0,0.0,0.0,-0.00017453292519943296,-0.0008726646259971648,-0.00017453292519943296,-1.0,13.09,53.39999999999999,1,1,95.0,4,0.0,0.0,-0.0,52.648387,9.7455223,34.58,32.62,52.648381199999996,9.745525599999999,-0.014660765716752368,-0.020071286397934793,4.231899837310651,0.01,-0.005,0.015,0.0,0.0,0.0
0 days 00:00:10.910000,-0.0003537829564853371,-0.20404800000000003,-0.17265600000000003,9.825696,0.0,0.0,0.0,0.0,0.00017453292519943296,-0.00034906585039886593,0.00017453292519943296,-1.0,13.09,53.55,1,1,95.5,4,0.0,0.0,-0.0,52.648387,9.7455223,34.58,32.62,52.648381199999996,9.745525599999999,-0.014660765716752368,-0.020071286397934793,4.231899837310651,0.01,-0.005,0.015,0.0,0.0,0.0
0 days 00:00:10.920000,-0.0003537829564853371,-0.184428,-0.145188,9.751140000000001,0.0,0.0,0.0,0.0,0.0,-0.0013962634015954637,0.00017453292519943296,-1.0,13.09,53.7,1,1,96.0,4,0.0,0.005,0.005,52.6483869,9.7455223,34.59,32.62,52.648381199999996,9.745525599999999,-0.014660765716752368,-0.020071286397934793,4.231899837310651,0.0,-0.01,-0.025,0.005099342,7.181529e-05,-0.0048981165
0 days 00:00:10.930000,-0.0003537829564853371,-0.129492,-0.15696000000000002,9.837468000000001,0.0,0.0,0.0,0.0,0.0,0.0012217304763960308,0.0,-1.0,13.09,53.7,1,1,96.5,4,0.0,0.005,0.005,52.6483869,9.7455223,34.59,32.62,52.648381199999996,9.745525599999999,-0.014660765716752368,-0.020071286397934793,4.231899837310651,0.0,-0.01,-0.025,0.005099342,7.181529e-05,-0.0048981165
0 days 00:00:10.940000,-0.0003537829564853371,-0.23936400000000002,-0.16480800000000004,9.782532000000002,0.0,0.0,0.0,0.0,0.00017453292519943296,-0.0006981317007977319,0.00034906585039886593,-1.0,13.09,53.7,1,1,97.0,4,0.0,0.005,0.005,52.6483869,9.7455223,34.59,32.62,52.648381199999996,9.745525599999999,-0.014660765716752368,-0.020071286397934793,4.231899837310651,0.0,-0.01,-0.025,0.005099342,7.181529e-05,-0.0048981165
0 days 00:00:10.950000,-0.0003537829564853371,-0.129492,-0.14126400000000003,9.782532000000002,0.0,0.0,0.0,0.0,0.0,0.0006981317007977319,0.00034906585039886593,-1.0,13.09,53.7,1,1,97.5,4,0.0,0.005,0.005,52.6483869,9.7455223,34.59,32.62,52.648381199999996,9.745525599999999,-0.014660765716752368,-0.020071286397934793,4.231899837310651,0.0,-0.01,-0.025,0.005099342,7.181529e-05,-0.0048981165
0 days 00:00:10.960000,-0.0003537829564853371,-0.192276,-0.145188,9.821772000000001,0.0,0.0,0.0,0.0,0.00034906585039886593,0.0010471975511965976,0.00034906585039886593,-1.0,13.09,53.7,1,1,98.0,4,0.0,0.005,0.005,52.6483869,9.7455223,34.59,32.62,52.648381199999996,9.745525599999999,-0.014660765716752368,-0.020245819323134222,4.231899837310651,0.0,-0.01,-0.025,0.0051001976,7.1802235e-05,-0.0048972266
0 days 00:00:10.970000,-0.0003537829564853371,-0.20012400000000002,-0.145188,9.778608,0.0,0.0,0.0,0.0,0.00017453292519943296,0.00017453292519943296,0.00034906585039886593,-1.0,13.09,53.7,1,1,98.5,4,0.0,0.0,-0.0,52.6483869,9.7455222,34.58,32.62,52.648381199999996,9.745525599999999,-0.014660765716752368,-0.020071286397934793,4.231899837310651,0.005,0.005,0.025,0.0,0.0,0.0
0 days 00:00:10.980000,-0.0003537829564853371,-0.17658000000000004,-0.153036,9.813924,0.0,0.0,0.0,0.0,0.00034906585039886593,0.0008726646259971648,0.0005235987755982988,-1.0,13.09,53.7,1,1,99.0,4,0.0,0.0,-0.0,52.6483869,9.7455222,34.58,32.62,52.648381199999996,9.745525599999999,-0.014660765716752368,-0.020071286397934793,4.231899837310651,0.005,0.005,0.025,0.0,0.0,0.0
0 days 00:00:10.990000,-0.0003537829564853371,-0.17265600000000003,-0.149112,9.794304,0.0,0.0,0.0,0.0,0.00034906585039886593,0.0006981317007977319,0.0005235987755982988,0.0,13.09,53.7,1,1,99.5,4,0.0,0.0,-0.0,52.6483869,9.7455222,34.58,32.62,52.648381199999996,9.745525599999999,-0.014660765716752368,-0.020245819323134222,4.231899837310651,0.005,0.005,0.025,0.0,0.0,0.0
0 days 00:00:11,-0.0003537829564853371,-0.1962,-0.153036,9.786456000000001,0.0,0.0,0.0,0.0,0.00034906585039886593,0.0005235987755982988,0.0005235987755982988,0.0,13.09,53.7,1,1,100.0,4,0.0,0.0,-0.0,52.6483869,9.7455222,34.58,32.62,52.648381199999996,9.745525599999999,-0.014660765716752368,-0.020245819323134222,4.231899837310651,0.005,0.005,0.025,0.0,0.0,0.0
0 days 00:00:11.010000,-0.0003537829564853371,-0.16480800000000004,-0.125568,9.751140000000001,0.0,0.0,0.0,0.0,0.00034906585039886593,0.0006981317007977319,0.0005235987755982988,0.0,13.09,53.7,1,1,100.0,4,0.0,0.0,-0.0,52.6483869,9.7455222,34.58,32.62,52.648381199999996,9.745525599999999,-0.014660765716752368,-0.020245819323134222,4.231899837310651,0.005,0.005,0.025,0.0,0.0,0.0
0 days 00:00:11.020000,-0.0003537829564853371,-0.16480800000000004,-0.14126400000000003,9.82962,0.0,0.0,0.0,0.0,0.00034906585039886593,0.0019198621771937623,0.0005235987755982988,0.0,13.09,53.7,1,1,100.0,4,0.005,0.0,0.005,52.6483877,9.745522399999999,34.730000000000004,32.62,52.648381199999996,9.745525599999999,-0.014660765716752368,-0.020245819323134222,4.231899837310651,0.01,0.005,-0.01,0.00010122217,0.0050727488,-0.004925137
0 days 00:00:11.030000,-0.0003537829564853371,-0.223668,-0.145188,9.782532000000002,0.0,0.0,0.0,0.0,0.00034906585039886593,0.0,0.0,0.0,13.09,53.7,1,1,100.0,4,0.005,0.0,0.005,52.6483877,9.745522399999999,34.730000000000004,32.62,52.648381199999996,9.745525599999999,-0.014660765716752368,-0.020245819323134222,4.231899837310651,0.01,0.005,-0.01,0.00010122217,0.0050727488,-0.004925137
0 days 00:00:11.040000,-0.0003537829564853371,-0.153036,-0.129492,9.806076000000001,0.0,0.0,0.0,0.0,0.0,0.0015707963267948967,0.00017453292519943296,0.0,13.09,53.7,1,1,100.0,4,0.005,0.0,0.005,52.6483877,9.745522399999999,34.730000000000004,32.62,52.648381199999996,9.745525599999999,-0.014660765716752368,-0.020245819323134222,4.231899837310651,0.01,0.005,-0.01,0.00010122217,0.0050727488,-0.004925137
0 days 00:00:11.050000,-0.0003537829564853371,-0.23936400000000002,-0.149112,9.833544,0.0,0.0,0.0,0.0,0.00017453292519943296,0.0008726646259971648,0.00034906585039886593,0.0,13.09,53.7,1,1,100.0,4,0.005,0.0,0.005,52.6483877,9.745522399999999,34.730000000000004,32.62,52.648381199999996,9.745525599999999,-0.014660765716752368,-0.020245819323134222,4.23207437023585,0.01,0.005,-0.01,0.00010122217,0.0050727488,-0.004925137
0 days 00:00:11.060000,-0.0003537829564853371,-0.231516,-0.13734000000000002,9.782532000000002,0.0,0.0,0.0,0.0,-0.00017453292519943296,-0.0005235987755982988,0.0005235987755982988,0.0,13.09,53.7,1,1,100.0,4,0.005,-0.005,0.005,52.6483877,9.745522399999999,34.730000000000004,32.62,52.648381199999996,9.745525599999999,-0.014660765716752368,-0.020245819323134222,4.23207437023585,0.01,0.005,-0.01,-0.0048977532,0.005074233,-0.005026348
0 days 00:00:11.070000,-0.0003537829564853371,-0.14126400000000003,-0.149112,9.81,0.0,0.0,0.0,0.0,0.0,0.0008726646259971648,0.00017453292519943296,0.0,13.09,53.7,1,1,100.0,4,0.0,-0.005,-0.0,52.6483877,9.7455225,34.730000000000004,32.62,52.648381199999996,9.745525599999999,-0.014660765716752368,-0.020245819323134222,4.231899837310651,0.005,0.015,0.015,-0.0049989754,1.4839412e-06,-0.00010121129
0 days 00:00:11.080000,-0.0003537829564853371,-0.21189600000000003,-0.13734000000000002,9.806076000000001,0.0,0.0,0.0,0.0,-0.00034906585039886593,0.0006981317007977319,0.0,0.0,13.09,53.7,1,1,100.0,4,0.0,-0.005,-0.0,52.6483877,9.7455225,34.730000000000004,32.62,52.648381199999996,9.745525599999999,-0.014660765716752368,-0.020245819323134222,4.231899837310651,0.005,0.015,0.015,-0.0049989754,1.4839412e-06,-0.00010121129
0 days 00:00:11.090000,-0.0003537829564853371,-0.231516,-0.14126400000000003,9.79038,0.0,0.0,0.0,0.0,0.0,-0.0008726646259971648,-0.00017453292519943296,0.0,13.09,53.7,1,1,100.0,4,0.0,-0.005,-0.0,52.6483877,9.7455225,34.730000000000004,32.62,52.648381199999996,9.745525599999999,-0.014660765716752368,-0.020245819323134222,4.231899837310651,0.005,0.015,0.015,-0.0049989754,1.4839412e-06,-0.00010121129
0 days 00:00:11.100000,-0.0003537829564853371,-0.15696000000000002,-0.14126400000000003,9.786456000000001,0.0,0.0,0.0,0.0,-0.00034906585039886593,0.0005235987755982988,0.00017453292519943296,0.0,13.09,53.7,1,1,100.0,4,0.0,-0.005,-0.0,52.6483877,9.7455225,34.730000000000004,32.62,52.648381199999996,9.745525599999999,-0.014660765716752368,-0.020245819323134222,4.231899837310651,0.005,0.015,0.015,-0.0049989754,1.4839412e-06,-0.00010121129
0 days 00:00:11.110000,-0.0003537829564853371,-0.20404800000000003,-0.15696000000000002,9.84924,0.0,0.0,0.0,0.0,0.0,0.0010471975511965976,0.0,0.0,13.09,53.7,1,1,100.0,4,0.0,-0.005,-0.0,52.6483877,9.7455225,34.730000000000004,32.62,52.648381199999996,9.745525599999999,-0.014660765716752368,-0.020245819323134222,4.231899837310651,0.005,0.015,0.015,-0.0049989754,1.4839412e-06,-0.00010121129
0 days 00:00:11.120000,-0.0003537829564853371,-0.22759200000000002,-0.145188,9.782532000000002,0.0,0.0,0.0,0.0,-0.00017453292519943296,-0.0012217304763960308,-0.00017453292519943296,0.0,13.09,53.7,1,1,100.0,4,-0.005,-0.01,-0.0,52.6483876,9.7455225,34.74,32.62,52.648381199999996,9.745525599999999,-0.014660765716752368,-0.020245819323134222,4.231899837310651,0.0,0.025,0.005,-0.009997951,-0.004996495,-0.00027572378
0 days 00:00:11.130000,-0.0003537829564853371,-0.145188,-0.13734000000000002,9.845316,0.0,0.0,0.0,0.0,-0.0005235987755982988,0.0010471975511965976,-0.00017453292519943296,0.0,13.09,53.55,1,1,100.0,4,-0.005,-0.01,-0.0,52.6483876,9.7455225,34.74,32.62,52.648381199999996,9.745525599999999,-0.014660765716752368,-0.020245819323134222,4.231899837310651,0.0,0.025,0.005,-0.009997951,-0.004996495,-0.00027572378
0 days 00:00:11.140000,-0.0003537829564853371,-0.26290800000000003,-0.149112,9.82962,0.0,0.0,0.0,0.0,-0.00034906585039886593,-0.0005235987755982988,-0.00034906585039886593,0.0,13.09,53.39999999999999,1,1,100.0,4,-0.005,-0.01,-0.0,52.6483876,9.7455225,34.74,32.62,52.648381199999996,9.745525599999999,-0.014660765716752368,-0.020245819323134222,4.231899837310651,0.0,0.025,0.005,-0.009997951,-0.004996495,-0.00027572378
0 days 00:00:11.150000,-0.0003537829564853371,-0.21189600000000003,-0.145188,9.806076000000001,0.0,0.0,0.0,0.0,-0.00034906585039886593,-0.0008726646259971648,-0.00017453292519943296,0.0,13.09,53.55,1,1,100.0,4,-0.005,-0.01,-0.0,52.6483876,9.7455225,34.74,32.62,52.648381199999996,9.745525599999999,-0.014660765716752368,-0.020245819323134222,4.231899837310651,0.0,0.025,0.005,-0.009997951,-0.004996495,-0.00027572378
0 days 00:00:11.160000,-0.0003537829564853371,-0.184428,-0.15696000000000002,9.84924,0.0,0.0,0.0,0.0,-0.0006981317007977319,0.0006981317007977319,0.0,0.0,13.09,53.7,1,1,100.0,4,-0.005,-0.01,-0.0,52.6483876,9.7455225,34.74,32.62,52.648381199999996,9.745525599999999,-0.014660765716752368,-0.020245819323134222,4.231899837310651,0.0,0.025,0.005,-0.009997951,-0.004996495,-0.00027572378
0 days 00:00:11.170000,-0.0003537829564853371,-0.27468000000000004,-0.14126400000000003,9.798228,0.0,0.0,0.0,0.0,-0.0008726646259971648,-0.0013962634015954637,0.0,0.0,13.09,53.7,1,1,100.0,4,0.0,-0.005,-0.005,52.6483876,9.7455225,34.74,32.62,52.648381199999996,9.745525599999999,-0.014660765716752368,-0.020245819323134222,4.231899837310651,-0.005,-0.015,0.02,-0.0051001976,-7.1802235e-05,0.0048972266
0 days 00:00:11.180000,-0.0003537829564853371,-0.192276,-0.149112,9.786456000000001,0.0,0.0,0.0,0.0,-0.0006981317007977319,-0.0012217304763960308,0.00017453292519943296,0.0,13.09,53.7,1,1,100.0,4,0.0,-0.005,-0.005,52.6483876,9.7455225,34.74,32.62,52.648381199999996,9.745525599999999,-0.014660765716752368,-0.020245819323134222,4.231899837310651,-0.005,-0.015,0.02,-0.0051001976,-7.1802235e-05,0.0048972266
0 days 00:00:11.190000,-0.0003537829564853371,-0.16480800000000004,-0.15696000000000002,9.857088000000003,0.0,0.0,0.0,0.0,-0.0005235987755982988,0.0010471975511965976,0.00017453292519943296,0.0,13.09,53.55,1,1,100.0,4,0.0,-0.005,-0.005,52.6483876,9.7455225,34.74,32.62,52.648381199999996,9.745525599999999,-0.014660765716752368,-0.020245819323134222,4.231899837310651,-0.005,-0.015,0.02,-0.0051001976,-7.1802235e-05,0.0048972266
0 days 00:00:11.200000,-0.0003537829564853371,-0.251136,-0.153036,9.794304,0.0,0.0,0.0,0.0,-0.0006981317007977319,-0.0012217304763960308,0.00017453292519943296,0.0,13.09,53.39999999999999,1,1,100.0,4,0.0,-0.005,-0.005,52.6483876,9.7455225,34.74,32.62,52.648381199999996,9.745525599999999,-0.014660765716752368,-0.020245819323134222,4.231899837310651,-0.005,-0.015,0.02,-0.0051001976,-7.1802235e-05,0.0048972266
0 days 00:00:11.210000,-0.0003537829564853371,-0.149112,-0.153036,9.821772000000001,0.0,0.0,0.0,0.0,-0.0005235987755982988,-0.00017453292519943296,0.0,0.0,13.09,53.55,1,1,100.0,4,0.0,-0.005,-0.005,52.6483876,9.7455225,34.74,32.62,52.648381199999996,9.745525599999999,-0.014660765716752368,-0.020245819323134222,4.231899837310651,-0.005,-0.015,0.02,-0.0051001976,-7.1802235e-05,0.0048972266
0 days 00:00:11.220000,-0.0003537829564853371,-0.192276,-0.153036,9.833544,0.0,0.0,0.0,0.0,-0.0005235987755982988,0.0005235987755982988,0.00017453292519943296,0.0,13.09,53.7,1,1,100.0,4,0.0,0.0,0.005,52.648387799999995,9.745522399999999,34.79,32.62,52.648381199999996,9.745525599999999,-0.014660765716752368,-0.020245819323134222,4.231899837310651,0.0,-0.015,-0.035,0.00010122217,7.328617e-05,-0.004998438
0 days 00:00:11.230000,-0.0003537829564853371,-0.24328800000000003,-0.16088400000000003,9.802152000000001,0.0,0.0,0.0,0.0,-0.00034906585039886593,-0.0013962634015954637,0.00034906585039886593,0.0,13.09,53.7,1,1,100.0,4,0.0,0.0,0.005,52.648387799999995,9.745522399999999,34.79,32.62,52.648381199999996,9.745525599999999,-0.014660765716752368,-0.020245819323134222,4.23207437023585,0.0,-0.015,-0.035,0.00010122217,7.328617e-05,-0.004998438
0 days 00:00:11.240000,-0.0003537829564853371,-0.15696000000000002,-0.16480800000000004,9.806076000000001,0.0,0.0,0.0,0.0,-0.00017453292519943296,-0.00017453292519943296,0.0005235987755982988,0.0,13.09,53.7,1,1,100.0,4,0.0,0.0,0.005,52.648387799999995,9.745522399999999,34.79,32.62,52.648381199999996,9.745525599999999,-0.014660765716752368,-0.020245819323134222,4.23207437023585,0.0,-0.015,-0.035,0.00010122217,7.328617e-05,-0.004998438
0 days 00:00:11.250000,-0.0003537829564853371,-0.17658000000000004,-0.153036,9.821772000000001,0.0,0.0,0.0,0.0,-0.00017453292519943296,0.00034906585039886593,0.00017453292519943296,0.0,13.09,53.7,1,1,100.0,4,0.0,0.0,0.005,52.648387799999995,9.745522399999999,34.79,32.62,52.648381199999996,9.745525599999999,-0.014660765716752368,-0.020245819323134222,4.23207437023585,0.0,-0.015,-0.035,0.00010122217,7.328617e-05,-0.004998438
0 days 00:00:11.260000,-0.0003537829564853371,-0.21974400000000002,-0.145188,9.778608,0.0,0.0,0.0,0.0,-0.00017453292519943296,-0.0010471975511965976,0.00017453292519943296,0.0,13.09,53.7,1,1,100.0,4,0.0,0.0,0.005,52.648387799999995,9.745522399999999,34.79,32.62,52.648381199999996,9.745525599999999,-0.014660765716752368,-0.020245819323134222,4.23207437023585,0.0,-0.015,-0.035,0.00010122217,7.328617e-05,-0.004998438
0 days 00:00:11.270000,-0.0003537829564853371,-0.149112,-0.17265600000000003,9.802152000000001,0.0,0.0,0.0,0.0,0.00017453292519943296,0.00034906585039886593,0.00034906585039886593,0.0,13.09,53.55,1,1,100.0,4,0.0,0.0,0.01,52.648387799999995,9.745522399999999,34.79,32.62,52.648381199999996,9.745525599999999,-0.014660765716752368,-0.020245819323134222,4.23207437023585,0.0,0.005,-0.045,0.00020244434,0.00014657235,-0.009996876
0 days 00:00:11.280000,-0.0003537829564853371,-0.192276,-0.149112,9.802152000000001,0.0,0.0,0.0,0.0,0.00017453292519943296,0.00017453292519943296,0.00034906585039886593,0.0,13.09,53.39999999999999,1,1,100.0,4,0.0,0.0,0.01,52.648387799999995,9.745522399999999,34.79,32.62,52.648381199999996,9.745525599999999,-0.014660765716752368,-0.020245819323134222,4.23207437023585,0.0,0.005,-0.045,0.00020244434,0.00014657235,-0.009996876
0 days 00:00:11.290000,-0.0003537829564853371,-0.17265600000000003,-0.16088400000000003,9.766836000000001,0.0,0.0,0.0,0.0,0.0,-0.0008726646259971648,0.0,0.0,13.09,53.55,1,1,100.0,4,0.0,0.0,0.01,52.648387799999995,9.745522399999999,34.79,32.62,52.648381199999996,9.745525599999999,-0.014660765716752368,-0.020245819323134222,4.23207437023585,0.0,0.005,-0.045,0.00020244434,0.00014657235,-0.009996876
0 days 00:00:11.300000,-0.0003537829564853371,-0.14126400000000003,-0.153036,9.837468000000001,0.0,0.0,0.0,0.0,0.00017453292519943296,0.0012217304763960308,0.00017453292519943296,0.0,13.09,53.7,1,1,100.0,4,0.0,0.0,0.01,52.648387799999995,9.745522399999999,34.79,32.62,52.648381199999996,9.745525599999999,-0.014660765716752368,-0.020245819323134222,4.23207437023585,0.0,0.005,-0.045,0.00020244434,0.00014657235,-0.009996876
0 days 00:00:11.310000,-0.0003537829564853371,-0.22759200000000002,-0.153036,9.747216000000002,0.0,0.0,0.0,0.0,-0.00034906585039886593,-0.0008726646259971648,0.00017453292519943296,0.0,13.09,53.55,1,1,100.0,4,0.0,0.0,0.015,52.648387799999995,9.745522399999999,34.79,32.62,52.648381199999996,9.745525599999999,-0.014660765716752368,-0.020245819323134222,4.23207437023585,0.0,0.005,-0.045,0.00030366651,0.00021985853,-0.014995314
0 days 00:00:11.320000,-0.0003537829564853371,-0.149112,-0.15696000000000002,9.82962,0.0,0.0,0.0,0.0,-0.00017453292519943296,0.00017453292519943296,0.0,0.0,13.09,53.39999999999999,1,1,100.0,4,0.0,0.005,0.015,52.648387799999995,9.745522399999999,34.79,32.62,52.648381199999996,9.745525599999999,-0.014660765716752368,-0.020245819323134222,4.23207437023585,0.0,-0.01,-0.015,0.005302642,0.0002183746,-0.014894103
0 days 00:00:11.330000,-0.0003537829564853371,-0.192276,-0.16873200000000002,9.81,0.0,0.0,0.0,0.0,0.00017453292519943296,0.00034906585039886593,0.00034906585039886593,0.0,13.09,53.39999999999999,1,1,100.0,4,0.0,0.005,0.015,52.648387799999995,9.745522399999999,34.79,32.62,52.648381199999996,9.745525599999999,-0.014660765716752368,-0.020245819323134222,4.23207437023585,0.0,-0.01,-0.015,0.005302642,0.0002183746,-0.014894103
0 days 00:00:11.340000,-0.0003537829564853371,-0.192276,-0.15696000000000002,9.786456000000001,0.0,0.0,0.0,0.0,-0.00034906585039886593,0.0005235987755982988,0.00017453292519943296,0.0,13.09,53.39999999999999,1,1,100.0,4,0.0,0.005,0.015,52.648387799999995,9.745522399999999,34.79,32.62,52.648381199999996,9.745525599999999,-0.014660765716752368,-0.020245819323134222,4.23207437023585,0.0,-0.01,-0.015,0.005302642,0.0002183746,-0.014894103
0 days 00:00:11.350000,-0.0003537829564853371,-0.21974400000000002,-0.153036,9.762912000000002,0.0,0.0,0.0,0.0,-0.00017453292519943296,-0.0015707963267948967,0.00034906585039886593,0.0,13.09,53.39999999999999,1,1,100.0,4,0.0,0.005,0.015,52.648387799999995,9.745522399999999,34.79,32.62,52.648381199999996,9.745525599999999,-0.014660765716752368,-0.020245819323134222,4.23207437023585,0.0,-0.01,-0.015,0.005302642,0.0002183746,-0.014894103
0 days 00:00:11.360000,-0.0003537829564853371,-0.12164400000000002,-0.133416,9.845316,0.0,0.0,0.0,0.0,-0.00034906585039886593,0.0013962634015954637,0.0,0.0,13.09,53.39999999999999,1,1,100.0,4,0.0,0.005,0.015,52.648387799999995,9.745522399999999,34.79,32.62,52.648381199999996,9.745525599999999,-0.014660765716752368,-0.020245819323134222,4.23207437023585,0.0,-0.01,-0.015,0.005302642,0.0002183746,-0.014894103
0 days 00:00:11.370000,-0.0003537829564853371,-0.24721200000000002,-0.16873200000000002,9.73152,0.0,0.0,0.0,0.0,0.0,-0.0010471975511965976,0.0,0.0,13.09,53.39999999999999,1,1,100.0,4,0.0,0.005,0.005,52.648387799999995,9.745522399999999,34.79,32.62,52.648381199999996,9.745525599999999,-0.014660765716752368,-0.020245819323134222,4.23207437023585,0.0,-0.005,0.02,0.0051001976,7.1802235e-05,-0.0048972266
0 days 00:00:11.380000,-0.0003537829564853371,-0.133416,-0.15696000000000002,9.821772000000001,0.0,0.0,0.0,0.0,0.00017453292519943296,0.0005235987755982988,0.0,0.0,13.09,53.39999999999999,1,1,100.0,4,0.0,0.005,0.005,52.648387799999995,9.745522399999999,34.79,32.62,52.648381199999996,9.745525599999999,-0.014660765716752368,-0.020245819323134222,4.23207437023585,0.0,-0.005,0.02,0.0051001976,7.1802235e-05,-0.0048972266
0 days 00:00:11.390000,-0.0003537829564853371,-0.192276,-0.15696000000000002,9.841392,0.0,0.0,0.0,0.0,-0.00017453292519943296,0.0012217304763960308,-0.00017453292519943296,0.0,13.09,53.39999999999999,1,1,100.0,4,0.0,0.005,0.005,52.648387799999995,9.745522399999999,34.79,32.62,52.648381199999996,9.745525599999999,-0.014660765716752368,-0.020245819323134222,4.23207437023585,0.0,-0.005,0.02,0.0051001976,7.1802235e-05,-0.0048972266
0 days 00:00:11.400000,-0.0003537829564853371,-0.24328800000000003,-0.133416,9.747216000000002,0.0,0.0,0.0,0.0,-0.00017453292519943296,-0.0012217304763960308,-0.00017453292519943296,0.0,13.09,53.39999999999999,1,1,100.0,4,0.0,0.005,0.005,52.648387799999995,9.745522399999999,34.79,32.62,52.648381199999996,9.745525599999999,-0.014660765716752368,-0.020245819323134222,4.23207437023585,0.0,-0.005,0.02,0.0051001976,7.1802235e-05,-0.0048972266
0 days 00:00:11.410000,-0.0003537829564853371,-0.12164400000000002,-0.149112,9.857088000000003,0.0,0.0,0.0,0.0,0.0,0.0019198621771937623,-0.00017453292519943296,0.0,13.09,53.39999999999999,1,1,100.0,4,0.0,0.005,0.005,52.648387799999995,9.745522399999999,34.79,32.62,52.648381199999996,9.745525599999999,-0.014660765716752368,-0.020245819323134222,4.23207437023585,0.0,-0.005,0.02,0.0051001976,7.1802235e-05,-0.0048972266
0 days 00:00:11.420000,-0.0003537829564853371,-0.278604,-0.145188,9.821772000000001,0.0,0.0,0.0,0.0,0.00017453292519943296,-0.0006981317007977319,-0.00017453292519943296,0.0,13.09,53.39999999999999,1,1,100.0,4,0.0,0.0,0.005,52.6483877,9.745522399999999,34.77,32.62,52.648381199999996,9.745525599999999,-0.014660765716752368,-0.020245819323134222,4.23207437023585,-0.005,0.005,-0.005,0.00010122217,7.328617e-05,-0.004998438
0 days 00:00:11.430000,-0.0003537829564853371,-0.192276,-0.153036,9.770760000000001,0.0,0.0,0.0,0.0,0.00017453292519943296,-0.0008726646259971648,0.0,0.0,13.09,53.39999999999999,1,1,100.0,4,0.0,0.0,0.005,52.6483877,9.745522399999999,34.77,32.62,52.648381199999996,9.745525599999999,-0.014660765716752368,-0.020245819323134222,4.23207437023585,-0.005,0.005,-0.005,0.00010122217,7.328617e-05,-0.004998438
0 days 00:00:11.440000,-0.0003537829564853371,-0.149112,-0.145188,9.845316,0.0,0.0,0.0,0.0,0.0,0.0017453292519943296,-0.00017453292519943296,0.0,13.09,53.39999999999999,1,1,100.0,4,0.0,0.0,0.005,52.6483877,9.745522399999999,34.77,32.62,52.648381199999996,9.745525599999999,-0.014660765716752368,-0.020245819323134222,4.23207437023585,-0.005,0.005,-0.005,0.00010122217,7.328617e-05,-0.004998438
0 days 00:00:11.450000,-0.0003537829564853371,-0.278604,-0.145188,9.798228,0.0,0.0,0.0,0.0,0.0,-0.0012217304763960308,-0.00017453292519943296,0.0,13.09,53.39999999999999,1,1,100.0,4,0.0,0.0,0.005,52.6483877,9.745522399999999,34.77,32.62,52.648381199999996,9.745525599999999,-0.014660765716752368,-0.020245819323134222,4.23207437023585,-0.005,0.005,-0.005,0.00010122217,7.328617e-05,-0.004998438
0 days 00:00:11.460000,-0.0003537829564853371,-0.184428,-0.16088400000000003,9.786456000000001,0.0,0.0,0.0,0.0,0.0,-0.00034906585039886593,0.00034906585039886593,0.0,13.09,53.39999999999999,1,1,100.0,4,0.0,0.0,0.005,52.6483877,9.745522399999999,34.77,32.62,52.648381199999996,9.745525599999999,-0.014660765716752368,-0.020245819323134222,4.23207437023585,-0.005,0.005,-0.005,0.00010122217,7.328617e-05,-0.004998438
0 days 00:00:11.470000,-0.0003537829564853371,-0.13734000000000002,-0.145188,9.880632000000002,0.0,0.0,0.0,0.0,0.0,0.0020943951023931952,-0.00034906585039886593,0.0,13.09,53.55,1,1,100.0,4,-0.01,0.0,-0.0,52.6483877,9.7455223,34.77,32.62,52.648381199999996,9.745525599999999,-0.014660765716752368,-0.020245819323134222,4.231899837310651,-0.015,0.015,0.025,0.0,-0.009998925,-0.0001466024
0 days 00:00:11.480000,-0.0003537829564853371,-0.302148,-0.153036,9.81,0.0,0.0,0.0,0.0,-0.00017453292519943296,-0.0010471975511965976,0.00017453292519943296,0.0,13.09,53.7,1,1,100.0,4,-0.01,0.0,-0.0,52.6483877,9.7455223,34.77,32.62,52.648381199999996,9.745525599999999,-0.014660765716752368,-0.020245819323134222,4.231899837310651,-0.015,0.015,0.025,0.0,-0.009998925,-0.0001466024
0 days 00:00:11.490000,-0.0003537829564853371,-0.16480800000000004,-0.145188,9.782532000000002,0.0,0.0,0.0,0.0,-0.00017453292519943296,-0.0006981317007977319,0.0,0.0,13.09,53.55,1,1,100.0,4,-0.01,0.0,-0.0,52.6483877,9.7455223,34.77,32.62,52.648381199999996,9.745525599999999,-0.014660765716752368,-0.020245819323134222,4.231899837310651,-0.015,0.015,0.025,0.0,-0.009998925,-0.0001466024
0 days 00:00:11.500000,-0.0003537829564853371,-0.16480800000000004,-0.125568,9.876708000000002,0.0,0.0,0.0,0.0,-0.00034906585039886593,0.0017453292519943296,0.0,0.0,13.09,53.39999999999999,1,1,100.0,4,-0.01,0.0,-0.0,52.6483877,9.7455223,34.77,32.62,52.648381199999996,9.745525599999999,-0.014660765716752368,-0.020245819323134222,4.231899837310651,-0.015,0.015,0.025,0.0,-0.009998925,-0.0001466024
0 days 00:00:11.510000,-0.0003537829564853371,-0.302148,-0.16873200000000002,9.81,0.0,0.0,0.0,0.0,0.00017453292519943296,-0.0020943951023931952,0.00017453292519943296,0.0,13.09,53.39999999999999,1,1,100.0,4,-0.01,0.0,-0.0,52.6483877,9.7455223,34.77,32.62,52.648381199999996,9.745525599999999,-0.014660765716752368,-0.020245819323134222,4.231899837310651,-0.015,0.015,0.025,0.0,-0.009998925,-0.0001466024
0 days 00:00:11.520000,-0.0003537829564853371,-0.10987200000000001,-0.125568,9.778608,0.0,0.0,0.0,0.0,-0.00034906585039886593,0.0,0.0,0.0,13.09,53.39999999999999,1,1,100.0,4,-0.01,0.0,-0.005,52.648387799999995,9.7455223,34.76,32.62,52.648381199999996,9.745525599999999,-0.014660765716752368,-0.020245819323134222,4.231899837310651,-0.01,0.01,0.02,-0.00010122217,-0.010072211,0.004851836
0 days 00:00:11.530000,-0.0003537829564853371,-0.21582000000000004,-0.16088400000000003,9.84924,0.0,0.0,0.0,0.0,-0.00017453292519943296,0.0013962634015954637,0.00034906585039886593,0.0,13.09,53.39999999999999,1,1,100.0,4,-0.01,0.0,-0.005,52.648387799999995,9.7455223,34.76,32.62,52.648381199999996,9.745525599999999,-0.014660765716752368,-0.020245819323134222,4.231899837310651,-0.01,0.01,0.02,-0.00010122217,-0.010072211,0.004851836
0 days 00:00:11.540000,-0.0003537829564853371,-0.278604,-0.133416,9.755064,0.0,0.0,0.0,0.0,-0.00034906585039886593,-0.0024434609527920616,0.0005235987755982988,0.0,13.09,53.39999999999999,1,1,100.0,4,-0.01,0.0,-0.005,52.648387799999995,9.7455223,34.76,32.62,52.648381199999996,9.745525599999999,-0.014660765716752368,-0.020245819323134222,4.23207437023585,-0.01,0.01,0.02,-0.00010122217,-0.010072211,0.004851836
0 days 00:00:11.550000,-0.0003537829564853371,-0.09417600000000001,-0.153036,9.821772000000001,0.0,0.0,0.0,0.0,-0.00017453292519943296,0.0005235987755982988,0.00017453292519943296,0.0,13.09,53.55,1,1,100.0,4,-0.01,0.0,-0.005,52.648387799999995,9.7455223,34.76,32.62,52.648381199999996,9.745525599999999,-0.014660765716752368,-0.020245819323134222,4.23207437023585,-0.01,0.01,0.02,-0.00010122217,-0.010072211,0.004851836
0 days 00:00:11.560000,-0.0003537829564853371,-0.21582000000000004,-0.145188,9.817848000000001,0.0,0.0,0.0,0.0,-0.00034906585039886593,0.0005235987755982988,0.00017453292519943296,0.0,13.09,53.7,1,1,100.0,4,-0.01,0.0,-0.005,52.648387799999995,9.7455223,34.76,32.62,52.648381199999996,9.745525599999999,-0.014660765716752368,-0.020245819323134222,4.23207437023585,-0.01,0.01,0.02,-0.00010122217,-0.010072211,0.004851836
0 days 00:00:11.570000,-0.0003537829564853371,-0.25506,-0.14126400000000003,9.786456000000001,0.0,0.0,0.0,0.0,-0.0005235987755982988,-0.0024434609527920616,0.00017453292519943296,0.0,13.09,53.55,1,1,100.0,4,-0.005,0.0,-0.01,52.648387799999995,9.7455223,34.76,32.62,52.648381199999996,9.745525599999999,-0.014660765716752368,-0.020245819323134222,4.23207437023585,0.0,-0.015,0.025,-0.00020244434,-0.005146035,0.0099235745
0 days 00:00:11.580000,-0.0003537829564853371,-0.0981,-0.14126400000000003,9.821772000000001,0.0,0.0,0.0,0.0,-0.00017453292519943296,0.00034906585039886593,0.00017453292519943296,0.0,13.09,53.39999999999999,1,1,100.0,4,-0.005,0.005,-0.01,52.648387799999995,9.7455223,34.76,32.62,52.648381199999996,9.745525599999999,-0.014660765716752368,-0.020245819323134222,4.23207437023585,0.0,-0.015,0.025,0.004796531,-0.005147519,0.010024786
0 days 00:00:11.590000,-0.0003537829564853371,-0.21974400000000002,-0.145188,9.821772000000001,0.0,0.0,0.0,0.0,-0.00017453292519943296,0.00034906585039886593,0.00017453292519943296,0.0,13.09,53.39999999999999,1,1,100.0,4,-0.005,0.0,-0.01,52.648387799999995,9.7455223,34.76,32.62,52.648381199999996,9.745525599999999,-0.014660765716752368,-0.020245819323134222,4.23207437023585,0.0,-0.015,0.025,-0.00020244434,-0.005146035,0.0099235745
0 days 00:00:11.600000,-0.0003537829564853371,-0.24721200000000002,-0.16088400000000003,9.758988,0.0,0.0,0.0,0.0,-0.00034906585039886593,-0.002617993877991494,0.00034906585039886593,0.0,13.09,53.39999999999999,1,1,100.0,4,-0.005,0.0,-0.01,52.648387799999995,9.7455223,34.76,32.62,52.648381199999996,9.745525599999999,-0.014660765716752368,-0.020245819323134222,4.23207437023585,0.0,-0.015,0.025,-0.00020244434,-0.005146035,0.0099235745
0 days 00:00:11.610000,-0.0003537829564853371,-0.066708,-0.13734000000000002,9.802152000000001,0.0,0.0,0.0,0.0,-0.0006981317007977319,0.0010471975511965976,0.0,0.0,13.09,53.39999999999999,1,1,100.0,4,-0.005,0.005,-0.01,52.648387799999995,9.7455223,34.76,32.62,52.648381199999996,9.745525599999999,-0.014660765716752368,-0.020245819323134222,4.23207437023585,0.0,-0.015,0.025,0.004796531,-0.005147519,0.010024786
0 days 00:00:11.620000,-0.0003537829564853371,-0.23544,-0.16480800000000004,9.82962,0.0,0.0,0.0,0.0,-0.00034906585039886593,0.00034906585039886593,0.00017453292519943296,0.0,13.09,53.39999999999999,1,1,100.0,4,0.005,0.0,-0.005,52.6483881,9.7455222,34.800000000000004,32.62,52.648381199999996,9.745525599999999,-0.014660765716752368,-0.020071286397934793,4.23207437023585,0.015,0.0,-0.01,-0.000100349695,0.0049261763,0.005071757
0 days 00:00:11.630000,-0.0003537829564853371,-0.231516,-0.133416,9.723672,0.0,0.0,0.0,0.0,-0.0008726646259971648,-0.0019198621771937623,0.00017453292519943296,0.0,13.09,53.39999999999999,1,1,100.0,4,0.005,0.0,-0.005,52.6483881,9.7455222,34.800000000000004,32.62,52.648381199999996,9.745525599999999,-0.014660765716752368,-0.020071286397934793,4.23207437023585,0.015,0.0,-0.01,-0.000100349695,0.0049261763,0.005071757
0 days 00:00:11.640000,-0.0003537829564853371,-0.07848000000000001,-0.14126400000000003,9.833544,0.0,0.0,0.0,0.0,-0.0006981317007977319,0.0013962634015954637,-0.00034906585039886593,0.0,13.09,53.39999999999999,1,1,100.0,4,0.005,0.0,-0.005,52.6483881,9.7455222,34.800000000000004,32.62,52.648381199999996,9.745525599999999,-0.014660765716752368,-0.020071286397934793,4.23207437023585,0.015,0.0,-0.01,-0.000100349695,0.0049261763,0.005071757
0 days 00:00:11.650000,-0.0003537829564853371,-0.251136,-0.17265600000000003,9.837468000000001,0.0,0.0,0.0,0.0,-0.00017453292519943296,-0.00017453292519943296,-0.00017453292519943296,0.0,13.09,53.39999999999999,1,1,100.0,4,0.005,0.0,-0.005,52.6483881,9.7455222,34.800000000000004,32.62,52.648381199999996,9.745525599999999,-0.014660765716752368,-0.020071286397934793,4.23207437023585,0.015,0.0,-0.01,-0.000100349695,0.0049261763,0.005071757
0 days 00:00:11.660000,-0.0003537829564853371,-0.1962,-0.145188,9.747216000000002,0.0,0.0,0.0,0.0,-0.00034906585039886593,-0.0015707963267948967,-0.00017453292519943296,0.0,13.09,53.39999999999999,1,1,100.0,4,0.005,0.0,-0.005,52.6483881,9.7455222,34.800000000000004,32.62,52.648381199999996,9.745525599999999,-0.014660765716752368,-0.020071286397934793,4.23207437023585,0.015,0.0,-0.01,-0.000100349695,0.0049261763,0.005071757
0 days 00:00:11.670000,-0.0003537829564853371,-0.10594800000000001,-0.15696000000000002,9.845316,0.0,0.0,0.0,0.0,-0.00034906585039886593,0.0019198621771937623,0.0,0.0,13.09,53.39999999999999,1,1,100.0,4,-0.005,0.0,-0.0,52.6483881,9.7455222,34.79,32.62,52.648381199999996,9.745525599999999,-0.014660765716752368,-0.020245819323134222,4.23207437023585,-0.005,0.005,-0.015,0.0,-0.0049994625,-7.33012e-05
0 days 00:00:11.680000,-0.0003537829564853371,-0.266832,-0.153036,9.79038,0.0,0.0,0.0,0.0,-0.0005235987755982988,-0.0008726646259971648,0.0,0.0,13.09,53.39999999999999,1,1,100.0,4,-0.005,0.0,-0.0,52.6483881,9.7455222,34.79,32.62,52.648381199999996,9.745525599999999,-0.014660765716752368,-0.020071286397934793,4.23207437023585,-0.005,0.005,-0.015,0.0,-0.0049994625,-7.33012e-05
0 days 00:00:11.690000,-0.0003537829564853371,-0.17265600000000003,-0.153036,9.778608,0.0,0.0,0.0,0.0,-0.0005235987755982988,-0.0008726646259971648,0.0,0.0,13.09,53.39999999999999,1,1,100.0,4,-0.005,0.0,-0.0,52.6483881,9.7455222,34.79,32.62,52.648381199999996,9.745525599999999,-0.014660765716752368,-0.020071286397934793,4.23207437023585,-0.005,0.005,-0.015,0.0,-0.0049994625,-7.33012e-05
0 days 00:00:11.700000,-0.0003537829564853371,-0.133416,-0.13734000000000002,9.837468000000001,0.0,0.0,0.0,0.0,-0.0006981317007977319,0.0020943951023931952,0.0,0.0,13.09,53.39999999999999,1,1,100.0,4,-0.005,0.0,-0.0,52.6483881,9.7455222,34.79,32.62,52.648381199999996,9.745525599999999,-0.014660765716752368,-0.020245819323134222,4.23207437023585,-0.005,0.005,-0.015,0.0,-0.0049994625,-7.33012e-05
0 days 00:00:11.710000,-0.0003537829564853371,-0.27075600000000005,-0.16480800000000004,9.798228,0.0,0.0,0.0,0.0,-0.0005235987755982988,-0.0005235987755982988,0.00017453292519943296,0.0,13.09,53.39999999999999,1,1,100.0,4,-0.005,0.0,-0.0,52.6483881,9.7455222,34.79,32.62,52.648381199999996,9.745525599999999,-0.014660765716752368,-0.020245819323134222,4.23207437023585,-0.005,0.005,-0.015,0.0,-0.0049994625,-7.33012e-05
0 days 00:00:11.720000,-0.0003537829564853371,-0.15696000000000002,-0.149112,9.778608,0.0,0.0,0.0,0.0,-0.0005235987755982988,0.0,0.0,0.0,13.09,53.39999999999999,1,1,100.0,4,0.0,-0.005,0.005,52.6483881,9.7455222,34.79,32.62,52.648381199999996,9.745525599999999,-0.014660765716752368,-0.020071286397934793,4.23207437023585,0.01,0.005,-0.025,-0.004898643,7.475759e-05,-0.0050987946
0 days 00:00:11.730000,-0.0003537829564853371,-0.15696000000000002,-0.153036,9.845316,0.0,0.0,0.0,0.0,-0.00034906585039886593,0.0017453292519943296,-0.00017453292519943296,0.0,13.09,53.39999999999999,1,1,100.0,4,0.0,-0.005,0.005,52.6483881,9.7455222,34.79,32.62,52.648381199999996,9.745525599999999,-0.014660765716752368,-0.020245819323134222,4.23207437023585,0.01,0.005,-0.025,-0.0048977532,7.477012e-05,-0.005099649
0 days 00:00:11.740000,-0.0003537829564853371,-0.258984,-0.145188,9.794304,0.0,0.0,0.0,0.0,-0.0005235987755982988,-0.0006981317007977319,-0.00017453292519943296,0.0,13.09,53.39999999999999,1,1,100.0,4,0.0,-0.005,0.005,52.6483881,9.7455222,34.79,32.62,52.648381199999996,9.745525599999999,-0.014660765716752368,-0.020071286397934793,4.23207437023585,0.01,0.005,-0.025,-0.004898643,7.475759e-05,-0.0050987946
0 days 00:00:11.750000,-0.0003537829564853371,-0.16480800000000004,-0.16088400000000003,9.802152000000001,0.0,0.0,0.0,0.0,-0.00034906585039886593,0.00017453292519943296,0.0,0.0,13.09,53.39999999999999,1,1,100.0,4,0.0,-0.005,0.005,52.6483881,9.7455222,34.79,32.62,52.648381199999996,9.745525599999999,-0.014660765716752368,-0.020245819323134222,4.23207437023585,0.01,0.005,-0.025,-0.0048977532,7.477012e-05,-0.005099649
0 days 00:00:11.760000,-0.0003537829564853371,-0.17265600000000003,-0.153036,9.837468000000001,0.0,0.0,0.0,0.0,-0.0005235987755982988,0.0013962634015954637,0.0,0.0,13.09,53.39999999999999,1,1,100.0,4,0.0,-0.005,0.005,52.6483881,9.7455222,34.79,32.62,52.648381199999996,9.745525599999999,-0.014660765716752368,-0.020245819323134222,4.23207437023585,0.01,0.005,-0.025,-0.0048977532,7.477012e-05,-0.005099649
0 days 00:00:11.770000,-0.0003537829564853371,-0.24721200000000002,-0.153036,9.806076000000001,0.0,0.0,0.0,0.0,-0.00034906585039886593,-0.0006981317007977319,0.00017453292519943296,0.0,13.09,53.39999999999999,1,1,100.0,4,0.0,-0.005,0.01,52.6483881,9.7455222,34.79,32.62,52.648381199999996,9.745525599999999,-0.014660765716752368,-0.020245819323134222,4.23207437023585,0.0,0.005,-0.03,-0.004796531,0.0001480563,-0.010098088
0 days 00:00:11.780000,-0.0003537829564853371,-0.180504,-0.16088400000000003,9.798228,0.0,0.0,0.0,0.0,-0.0005235987755982988,0.0,0.00017453292519943296,0.0,13.09,53.39999999999999,1,1,100.0,4,0.0,-0.005,0.01,52.6483881,9.7455222,34.79,32.62,52.648381199999996,9.745525599999999,-0.014660765716752368,-0.020245819323134222,4.23207437023585,0.0,0.005,-0.03,-0.004796531,0.0001480563,-0.010098088
0 days 00:00:11.790000,-0.0003537829564853371,-0.192276,-0.15696000000000002,9.821772000000001,0.0,0.0,0.0,0.0,-0.0005235987755982988,0.0006981317007977319,0.00017453292519943296,0.0,13.09,53.39999999999999,1,1,100.0,4,0.0,-0.005,0.01,52.6483881,9.7455222,34.79,32.62,52.648381199999996,9.745525599999999,-0.014660765716752368,-0.020245819323134222,4.23207437023585,0.0,0.005,-0.03,-0.004796531,0.0001480563,-0.010098088
0 days 00:00:11.800000,-0.00023585530432355804,-0.231516,-0.16088400000000003,9.798228,0.0,0.0,0.0,0.0,-0.00034906585039886593,-0.0006981317007977319,0.00034906585039886593,0.0,13.09,53.39999999999999,1,1,100.0,4,0.0,-0.005,0.01,52.6483881,9.7455222,34.79,32.62,52.648381199999996,9.745525599999999,-0.014660765716752368,-0.020245819323134222,4.23207437023585,0.0,0.005,-0.03,-0.004796531,0.0001480563,-0.010098088
0 days 00:00:11.810000,-0.00023585530432355804,-0.16480800000000004,-0.15696000000000002,9.813924,0.0,0.0,0.0,0.0,0.0,-0.00034906585039886593,0.00017453292519943296,0.0,13.09,53.39999999999999,1,1,100.0,4,0.0,-0.005,0.01,52.6483881,9.7455222,34.79,32.62,52.648381199999996,9.745525599999999,-0.014660765716752368,-0.020245819323134222,4.23207437023585,0.0,0.005,-0.03,-0.004796531,0.0001480563,-0.010098088
0 days 00:00:11.820000,-0.00023585530432355804,-0.17658000000000004,-0.15696000000000002,9.82962,0.0,0.0,0.0,0.0,0.0,0.0008726646259971648,0.0,0.0,13.09,53.39999999999999,1,1,100.0,4,0.01,-0.005,0.005,52.6483883,9.7455222,34.81,32.62,52.648381199999996,9.745525599999999,-0.014835298641951801,-0.020245819323134222,4.23207437023585,0.02,-0.01,0.005,-0.0048977532,0.01007456,-0.0049512885
0 days 00:00:11.830000,-0.00023585530432355804,-0.251136,-0.153036,9.774684,0.0,0.0,0.0,0.0,0.0,-0.0010471975511965976,0.00017453292519943296,0.0,13.09,53.24999999999999,1,1,100.0,4,0.01,-0.005,0.005,52.6483883,9.7455222,34.81,32.62,52.648381199999996,9.745525599999999,-0.014835298641951801,-0.020245819323134222,4.23207437023585,0.02,-0.01,0.005,-0.0048977532,0.01007456,-0.0049512885
0 days 00:00:11.840000,-0.00011792765216177902,-0.17265600000000003,-0.16088400000000003,9.817848000000001,0.0,0.0,0.0,0.0,0.0,0.00017453292519943296,0.00034906585039886593,0.0,13.09,53.099999999999994,1,1,100.0,4,0.01,-0.005,0.005,52.6483883,9.7455222,34.81,32.62,52.648381199999996,9.745525599999999,-0.014835298641951801,-0.020245819323134222,4.23207437023585,0.02,-0.01,0.005,-0.0048977532,0.01007456,-0.0049512885
0 days 00:00:11.850000,-0.00011792765216177902,-0.20797200000000002,-0.153036,9.841392,0.0,0.0,0.0,0.0,0.0,0.00017453292519943296,0.00017453292519943296,0.0,13.09,53.099999999999994,1,1,100.0,4,0.01,-0.005,0.005,52.6483883,9.7455222,34.81,32.62,52.648381199999996,9.745525599999999,-0.014835298641951801,-0.020245819323134222,4.23207437023585,0.02,-0.01,0.005,-0.0048977532,0.01007456,-0.0049512885
0 days 00:00:11.860000,0.0,-0.21974400000000002,-0.149112,9.782532000000002,0.0,0.0,0.0,0.0,0.00017453292519943296,-0.0010471975511965976,0.0,0.0,13.09,53.099999999999994,1,1,100.0,4,0.005,-0.005,0.005,52.6483883,9.7455222,34.81,32.62,52.648381199999996,9.745525599999999,-0.014835298641951801,-0.020071286397934793,4.23207437023585,0.02,-0.01,0.005,-0.004898643,0.005075097,-0.0050246078
0 days 00:00:11.870000,0.0,-0.16088400000000003,-0.16480800000000004,9.825696,0.0,0.0,0.0,0.0,0.00034906585039886593,0.0006981317007977319,0.0,0.0,13.09,53.099999999999994,1,1,100.0,4,0.005,0.0,0.005,52.6483883,9.745522,34.84,32.62,52.648381199999996,9.745525599999999,-0.014835298641951801,-0.020245819323134222,4.23207437023585,0.0,-0.01,0.005,0.00010122217,0.0050736084,-0.004924251
0 days 00:00:11.880000,0.0,-0.22759200000000002,-0.16088400000000003,9.813924,0.0,0.0,0.0,0.0,0.00034906585039886593,-0.00017453292519943296,0.0,0.0,13.09,53.099999999999994,1,1,100.0,4,0.005,0.0,0.005,52.6483883,9.745522,34.84,32.62,52.648381199999996,9.745525599999999,-0.014835298641951801,-0.020245819323134222,4.23207437023585,0.0,-0.01,0.005,0.00010122217,0.0050736084,-0.004924251
0 days 00:00:11.890000,0.00011792765216177902,-0.21582000000000004,-0.13734000000000002,9.79038,0.0,0.0,0.0,0.0,0.00017453292519943296,-0.0010471975511965976,0.0,0.0,13.09,53.099999999999994,1,1,100.0,4,0.005,0.0,0.005,52.6483883,9.745522,34.84,32.62,52.648381199999996,9.745525599999999,-0.014835298641951801,-0.020245819323134222,4.23207437023585,0.0,-0.01,0.005,0.00010122217,0.0050736084,-0.004924251
0 days 00:00:11.900000,0.00011792765216177902,-0.153036,-0.153036,9.81,0.0,0.0,0.0,0.0,0.00017453292519943296,0.0006981317007977319,0.00017453292519943296,0.0,13.09,53.099999999999994,1,1,100.0,4,0.005,0.0,0.005,52.6483883,9.745522,34.84,32.62,52.648381199999996,9.745525599999999,-0.014660765716752368,-0.020245819323134222,4.23207437023585,0.0,-0.01,0.005,0.00010122217,0.0050727488,-0.004925137
0 days 00:00:11.910000,0.00023585530432355804,-0.22759200000000002,-0.153036,9.802152000000001,0.0,0.0,0.0,0.0,0.00017453292519943296,-0.0005235987755982988,0.00017453292519943296,0.0,13.09,52.949999999999996,1,1,100.0,4,0.005,0.0,0.005,52.6483883,9.745522,34.84,32.62,52.648381199999996,9.745525599999999,-0.014660765716752368,-0.020245819323134222,4.23207437023585,0.0,-0.01,0.005,0.00010122217,0.0050727488,-0.004925137
0 days 00:00:11.920000,0.00023585530432355804,-0.192276,-0.16480800000000004,9.774684,0.0,0.0,0.0,0.0,-0.00017453292519943296,-0.0008726646259971648,0.00017453292519943296,0.0,13.09,52.8,1,1,100.0,4,0.0,0.0,-0.005,52.648388499999996,9.7455219,34.82,32.62,52.648381199999996,9.745525599999999,-0.014660765716752368,-0.020245819323134222,4.23207437023585,-0.01,0.005,0.035,-0.00010122217,-7.328617e-05,0.004998438
0 days 00:00:11.930000,0.00023585530432355804,-0.149112,-0.15696000000000002,9.821772000000001,0.0,0.0,0.0,0.0,0.00017453292519943296,0.0005235987755982988,-0.00017453292519943296,0.0,13.09,52.8,1,1,100.0,4,0.0,0.0,-0.005,52.648388499999996,9.7455219,34.82,32.62,52.648381199999996,9.745525599999999,-0.014660765716752368,-0.020245819323134222,4.23207437023585,-0.01,0.005,0.035,-0.00010122217,-7.328617e-05,0.004998438
0 days 00:00:11.940000,0.00023585530432355804,-0.20797200000000002,-0.145188,9.813924,0.0,0.0,0.0,0.0,0.0,-0.00034906585039886593,-0.00017453292519943296,0.0,13.09,52.8,1,1,100.0,4,0.0,0.0,-0.005,52.648388499999996,9.7455219,34.82,32.62,52.648381199999996,9.745525599999999,-0.014660765716752368,-0.020245819323134222,4.23207437023585,-0.01,0.005,0.035,-0.00010122217,-7.328617e-05,0.004998438
0 days 00:00:11.950000,0.0003537829564853371,-0.192276,-0.15696000000000002,9.782532000000002,0.0,0.0,0.0,0.0,0.0,-0.0006981317007977319,0.0,0.0,13.09,52.8,1,1,100.0,4,0.0,0.0,-0.005,52.648388499999996,9.7455219,34.82,32.62,52.648381199999996,9.745525599999999,-0.014660765716752368,-0.020245819323134222,4.23207437023585,-0.01,0.005,0.035,-0.00010122217,-7.328617e-05,0.004998438
0 days 00:00:11.960000,0.0003537829564853371,-0.16088400000000003,-0.13734000000000002,9.802152000000001,0.0,0.0,0.0,0.0,-0.00017453292519943296,0.0005235987755982988,0.00017453292519943296,0.0,13.09,52.8,1,1,100.0,4,0.0,0.0,-0.005,52.648388499999996,9.7455219,34.82,32.62,52.648381199999996,9.745525599999999,-0.014660765716752368,-0.020245819323134222,4.23207437023585,-0.01,0.005,0.035,-0.00010122217,-7.328617e-05,0.004998438
0 days 00:00:11.970000,0.0003537829564853371,-0.20404800000000003,-0.129492,9.806076000000001,0.0,0.0,0.0,0.0,-0.00034906585039886593,-0.00034906585039886593,0.0,0.0,13.09,52.65,1,1,100.0,4,-0.005,0.005,-0.0,52.648388499999996,9.745522,34.82,32.62,52.648381199999996,9.745525599999999,-0.014660765716752368,-0.020245819323134222,4.23207437023585,-0.01,-0.01,-0.01,0.0049989754,-0.0050009466,2.7910093e-05
0 days 00:00:11.980000,0.0003537829564853371,-0.18835200000000002,-0.14126400000000003,9.798228,0.0,0.0,0.0,0.0,-0.00017453292519943296,-0.0006981317007977319,0.0,0.0,13.09,52.5,1,1,100.0,4,-0.005,0.005,-0.0,52.648388499999996,9.745522,34.82,32.62,52.648381199999996,9.745525599999999,-0.014660765716752368,-0.020245819323134222,4.23207437023585,-0.01,-0.01,-0.01,0.0049989754,-0.0050009466,2.7910093e-05
0 days 00:00:11.990000,0.0004717106086471161,-0.145188,-0.149112,9.802152000000001,0.0,0.0,0.0,0.0,-0.00034906585039886593,0.0008726646259971648,0.0,0.0,13.09,52.5,1,1,100.0,4,-0.005,0.005,-0.0,52.648388499999996,9.745522,34.82,32.62,52.648381199999996,9.745525599999999,-0.014660765716752368,-0.020245819323134222,4.23207437023585,-0.01,-0.01,-0.01,0.0049989754,-0.0050009466,2.7910093e-05
0 days 00:00:12,0.0004717106086471161,-0.231516,-0.17265600000000003,9.813924,0.0,0.0,0.0,0.0,-0.00017453292519943296,0.0,0.00034906585039886593,0.0,13.09,52.5,1,1,100.0,4,-0.005,0.005,-0.0,52.648388499999996,9.745522,34.82,32.62,52.648381199999996,9.745525599999999,-0.014660765716752368,-0.020245819323134222,4.23207437023585,-0.01,-0.01,-0.01,0.0049989754,-0.0050009466,2.7910093e-05
0 days 00:00:12.010000,0.0005896382608088951,-0.192276,-0.145188,9.782532000000002,0.0,0.0,0.0,0.0,0.00017453292519943296,-0.0012217304763960308,0.00017453292519943296,0.0,13.09,52.5,1,1,100.0,4,-0.005,0.005,-0.0,52.648388499999996,9.745522,34.82,32.62,52.648381199999996,9.745525599999999,-0.014660765716752368,-0.020245819323134222,4.23207437023585,-0.01,-0.01,-0.01,0.0049989754,-0.0050009466,2.7910093e-05
0 days 00:00:12.020000,0.0005896382608088951,-0.133416,-0.153036,9.825696,0.0,0.0,0.0,0.0,0.0,0.0012217304763960308,0.00017453292519943296,0.0,13.09,52.5,1,1,100.0,4,0.005,0.005,-0.0,52.6483889,9.7455214,34.9,32.62,52.648381199999996,9.745525599999999,-0.014660765716752368,-0.020245819323134222,4.23207437023585,0.01,-0.015,-0.005,0.0049989754,0.0049979785,0.00017451249
0 days 00:00:12.030000,0.0005896382608088951,-0.231516,-0.153036,9.817848000000001,0.0,0.0,0.0,0.0,0.00034906585039886593,-0.00017453292519943296,0.00017453292519943296,0.0,13.09,52.5,1,1,100.0,4,0.005,0.005,-0.0,52.6483889,9.7455214,34.9,32.62,52.648381199999996,9.745525599999999,-0.014660765716752368,-0.020245819323134222,4.23207437023585,0.01,-0.015,-0.005,0.0049989754,0.0049979785,0.00017451249
0 days 00:00:12.040000,0.0005896382608088951,-0.17658000000000004,-0.14126400000000003,9.81,0.0,0.0,0.0,0.0,0.00034906585039886593,-0.00017453292519943296,0.00017453292519943296,0.0,13.09,52.5,1,1,100.0,4,0.005,0.005,-0.0,52.6483889,9.7455214,34.9,32.62,52.648381199999996,9.745525599999999,-0.014660765716752368,-0.020245819323134222,4.23207437023585,0.01,-0.015,-0.005,0.0049989754,0.0049979785,0.00017451249
0 days 00:00:12.050000,0.0007075659129706742,-0.17265600000000003,-0.149112,9.813924,0.0,0.0,0.0,0.0,0.00034906585039886593,0.0008726646259971648,0.0,0.0,13.09,52.5,1,1,100.0,4,0.005,0.005,-0.0,52.6483889,9.7455214,34.9,32.62,52.648381199999996,9.745525599999999,-0.014660765716752368,-0.020245819323134222,4.23207437023585,0.01,-0.015,-0.005,0.0049989754,0.0049979785,0.00017451249
0 days 00:00:12.060000,0.0007075659129706742,-0.231516,-0.15696000000000002,9.798228,0.0,0.0,0.0,0.0,0.00034906585039886593,-0.0005235987755982988,0.00017453292519943296,0.0,13.09,52.5,1,1,100.0,4,0.005,0.005,-0.0,52.6483889,9.7455214,34.9,32.62,52.648381199999996,9.745525599999999,-0.014660765716752368,-0.020245819323134222,4.23207437023585,0.01,-0.015,-0.005,0.0049989754,0.0049979785,0.00017451249
0 days 00:00:12.070000,0.0007075659129706742,-0.153036,-0.14126400000000003,9.817848000000001,0.0,0.0,0.0,0.0,0.00017453292519943296,0.0006981317007977319,0.00017453292519943296,0.0,13.09,52.5,1,1,100.0,4,0.0,0.0,0.015,52.6483889,9.745521499999999,34.89,32.62,52.648381199999996,9.745525599999999,-0.014660765716752368,-0.020245819323134222,4.23207437023585,0.005,0.02,-0.06,0.00030366651,0.00021985853,-0.014995314
0 days 00:00:12.080000,0.0007075659129706742,-0.21582000000000004,-0.153036,9.798228,0.0,0.0,0.0,0.0,-0.00017453292519943296,0.00034906585039886593,0.00017453292519943296,0.0,13.09,52.5,1,1,100.0,4,0.0,0.0,0.015,52.6483889,9.745521499999999,34.89,32.62,52.648381199999996,9.745525599999999,-0.014660765716752368,-0.020245819323134222,4.23207437023585,0.005,0.02,-0.06,0.00030366651,0.00021985853,-0.014995314
0 days 00:00:12.090000,0.000825493565132453,-0.192276,-0.153036,9.817848000000001,0.0,0.0,0.0,0.0,0.0,0.0,0.0,0.0,13.09,52.35,1,1,100.0,4,0.0,0.0,0.015,52.6483889,9.745521499999999,34.89,32.62,52.648381199999996,9.745525599999999,-0.014660765716752368,-0.020245819323134222,4.23207437023585,0.005,0.02,-0.06,0.00030366651,0.00021985853,-0.014995314
0 days 00:00:12.100000,0.000825493565132453,-0.1962,-0.145188,9.802152000000001,0.0,0.0,0.0,0.0,-0.00034906585039886593,0.00017453292519943296,0.00017453292519943296,0.0,13.09,52.2,1,1,100.0,4,0.0,0.0,0.015,52.6483889,9.745521499999999,34.89,32.62,52.648381199999996,9.745525599999999,-0.014660765716752368,-0.020245819323134222,4.23207437023585,0.005,0.02,-0.06,0.00030366651,0.00021985853,-0.014995314
0 days 00:00:12.110000,0.000825493565132453,-0.20012400000000002,-0.145188,9.821772000000001,0.0,0.0,0.0,0.0,-0.00034906585039886593,0.00017453292519943296,0.00017453292519943296,0.0,13.09,52.2,1,1,100.0,4,0.0,0.0,0.015,52.6483889,9.745521499999999,34.89,32.62,52.648381199999996,9.745525599999999,-0.014660765716752368,-0.020245819323134222,4.23207437023585,0.005,0.02,-0.06,0.00030366651,0.00021985853,-0.014995314
0 days 00:00:12.120000,0.000825493565132453,-0.22759200000000002,-0.145188,9.802152000000001,0.0,0.0,0.0,0.0,-0.0005235987755982988,-0.00034906585039886593,0.0005235987755982988,0.0,13.09,52.2,1,1,100.0,4,-0.01,-0.01,0.02,52.648388999999995,9.745521499999999,34.87,32.62,52.648381199999996,9.745525599999999,-0.014660765716752368,-0.020071286397934793,4.23207437023585,-0.01,0.035,-0.04,-0.009596586,-0.009702837,-0.020341102
0 days 00:00:12.130000,0.000825493565132453,-0.17265600000000003,-0.153036,9.81,0.0,0.0,0.0,0.0,-0.0005235987755982988,-0.00034906585039886593,0.00017453292519943296,0.0,13.09,52.2,1,1,100.0,4,-0.01,-0.01,0.02,52.648388999999995,9.745521499999999,34.87,32.62,52.648381199999996,9.745525599999999,-0.014660765716752368,-0.020071286397934793,4.23207437023585,-0.01,0.035,-0.04,-0.009596586,-0.009702837,-0.020341102
0 days 00:00:12.140000,0.0009434212172942321,-0.192276,-0.153036,9.813924,0.0,0.0,0.0,0.0,-0.0006981317007977319,0.00017453292519943296,0.00034906585039886593,0.0,13.09,52.2,1,1,100.0,4,-0.01,-0.01,0.02,52.648388999999995,9.745521499999999,34.87,32.62,52.648381199999996,9.745525599999999,-0.014660765716752368,-0.020071286397934793,4.23207437023585,-0.01,0.035,-0.04,-0.009596586,-0.009702837,-0.020341102
0 days 00:00:12.150000,0.0010613488694560112,-0.21582000000000004,-0.16088400000000003,9.794304,0.0,0.0,0.0,0.0,-0.00034906585039886593,-0.0005235987755982988,0.00017453292519943296,0.0,13.09,52.2,1,1,100.0,4,-0.01,-0.01,0.02,52.648388999999995,9.745521499999999,34.87,32.62,52.648381199999996,9.745525599999999,-0.014660765716752368,-0.020071286397934793,4.23207437023585,-0.01,0.035,-0.04,-0.009596586,-0.009702837,-0.020341102
0 days 00:00:12.160000,0.0010613488694560112,-0.16480800000000004,-0.14126400000000003,9.817848000000001,0.0,0.0,0.0,0.0,-0.00034906585039886593,0.00034906585039886593,0.0,0.0,13.09,52.2,1,1,100.0,4,-0.01,-0.005,0.015,52.648388999999995,9.745521499999999,34.87,32.62,52.648381199999996,9.745525599999999,-0.014660765716752368,-0.020071286397934793,4.23207437023585,-0.01,0.035,-0.04,-0.0046979436,-0.009777594,-0.015242307
0 days 00:00:12.170000,0.0011792765216177901,-0.21582000000000004,-0.153036,9.802152000000001,0.0,0.0,0.0,0.0,0.00017453292519943296,-0.00017453292519943296,-0.00017453292519943296,0.0,13.09,52.2,1,1,100.0,4,-0.01,0.0,0.005,52.648388999999995,9.745521499999999,34.88,32.62,52.648381199999996,9.745525599999999,-0.014660765716752368,-0.020245819323134222,4.23207437023585,-0.015,-0.01,0.035,0.00010122217,-0.009925639,-0.0051450403
0 days 00:00:12.180000,0.0012972041737795694,-0.20404800000000003,-0.145188,9.81,0.0,0.0,0.0,0.0,0.00017453292519943296,0.00017453292519943296,0.0,0.0,13.09,52.2,1,1,100.0,4,-0.01,0.0,0.005,52.648388999999995,9.745521499999999,34.88,32.62,52.648381199999996,9.745525599999999,-0.014660765716752368,-0.020245819323134222,4.23207437023585,-0.015,-0.01,0.035,0.00010122217,-0.009925639,-0.0051450403
0 days 00:00:12.190000,0.0014151318259413483,-0.20404800000000003,-0.149112,9.802152000000001,0.0,0.0,0.0,0.0,0.00017453292519943296,0.0,-0.00017453292519943296,0.0,13.09,52.2,1,1,100.0,4,-0.01,0.0,0.005,52.648388999999995,9.745521499999999,34.88,32.62,52.648381199999996,9.745525599999999,-0.014660765716752368,-0.020245819323134222,4.23207437023585,-0.015,-0.01,0.035,0.00010122217,-0.009925639,-0.0051450403
0 days 00:00:12.200000,0.0015330594781031272,-0.18835200000000002,-0.14126400000000003,9.806076000000001,0.0,0.0,0.0,0.0,0.00034906585039886593,0.0,-0.00034906585039886593,0.0,13.09,52.2,1,1,100.0,4,-0.01,0.0,0.005,52.648388999999995,9.745521499999999,34.88,32.62,52.648381199999996,9.745525599999999,-0.014660765716752368,-0.020245819323134222,4.23207437023585,-0.015,-0.01,0.035,0.00010122217,-0.009925639,-0.0051450403
0 days 00:00:12.210000,0.0015330594781031272,-0.21582000000000004,-0.16088400000000003,9.79038,0.0,0.0,0.0,0.0,0.00017453292519943296,-0.00017453292519943296,0.0,0.0,13.09,52.05,1,1,100.0,4,-0.01,0.0,0.005,52.648388999999995,9.745521499999999,34.88,32.62,52.648381199999996,9.745525599999999,-0.014660765716752368,-0.020245819323134222,4.23207437023585,-0.015,-0.01,0.035,0.00010122217,-0.009925639,-0.0051450403
0 days 00:00:12.220000,0.001650987130264906,-0.1962,-0.149112,9.786456000000001,0.0,0.0,0.0,0.0,0.0,-0.00034906585039886593,0.0,0.0,13.09,51.89999999999999,1,1,100.0,4,-0.005,-0.005,-0.0,52.648388999999995,9.745521499999999,34.87,32.62,52.648381199999996,9.745525599999999,-0.014660765716752368,-0.020071286397934793,4.23207437023585,0.0,0.005,0.015,-0.0049989927,-0.0049979915,-0.00017364012
0 days 00:00:12.230000,0.0017689147824266852,-0.1962,-0.15696000000000002,9.817848000000001,0.0,0.0,0.0,0.0,-0.00017453292519943296,0.00017453292519943296,0.0,0.0,13.09,51.74999999999999,1,1,100.0,4,-0.005,-0.005,-0.0,52.648388999999995,9.745521499999999,34.87,32.62,52.648381199999996,9.745525599999999,-0.014660765716752368,-0.020071286397934793,4.23207437023585,0.0,0.005,0.015,-0.0049989927,-0.0049979915,-0.00017364012
0 days 00:00:12.240000,0.0017689147824266852,-0.20797200000000002,-0.149112,9.758988,0.0,0.0,0.0,0.0,-0.0005235987755982988,-0.0010471975511965976,0.0,0.0,13.09,51.599999999999994,1,1,100.0,4,-0.005,-0.005,-0.0,52.648388999999995,9.745521499999999,34.87,32.62,52.648381199999996,9.745525599999999,-0.014660765716752368,-0.020071286397934793,4.23207437023585,0.0,0.005,0.015,-0.0049989927,-0.0049979915,-0.00017364012
0 days 00:00:12.250000,0.0017689147824266852,-0.153036,-0.149112,9.841392,0.0,0.0,0.0,0.0,-0.0005235987755982988,0.0010471975511965976,0.0,0.0,13.09,51.3,1,1,100.0,4,-0.005,0.0,-0.0,52.648388999999995,9.745521499999999,34.87,32.62,52.648381199999996,9.745525599999999,-0.014660765716752368,-0.020071286397934793,4.23207437023585,0.0,0.005,0.015,0.0,-0.0049994625,-7.33012e-05
0 days 00:00:12.260000,0.0018868424345884643,-0.251136,-0.15696000000000002,9.782532000000002,0.0,0.0,0.0,0.0,-0.0005235987755982988,-0.0010471975511965976,0.0,0.0,13.09,51.0,1,1,100.0,4,-0.005,-0.005,-0.0,52.648388999999995,9.745521499999999,34.87,32.62,52.648381199999996,9.745525599999999,-0.014660765716752368,-0.020071286397934793,4.23207437023585,0.0,0.005,0.015,-0.0049989927,-0.0049979915,-0.00017364012
0 days 00:00:12.270000,0.0018868424345884643,-0.15696000000000002,-0.15696000000000002,9.817848000000001,0.0,0.0,0.0,0.0,-0.00034906585039886593,0.00017453292519943296,0.00017453292519943296,0.0,13.09,50.699999999999996,1,1,100.0,4,0.0,0.005,0.005,52.648388999999995,9.7455214,34.88,32.62,52.648381199999996,9.745525599999999,-0.014660765716752368,-0.020245819323134222,4.23207437023585,0.005,-0.02,-0.005,0.0051001976,7.1802235e-05,-0.0048972266
0 days 00:00:12.280000,0.0018868424345884643,-0.20012400000000002,-0.15696000000000002,9.802152000000001,0.0,0.0,0.0,0.0,-0.0005235987755982988,0.00034906585039886593,0.00017453292519943296,0.0,13.09,50.39999999999999,1,1,100.0,4,0.0,0.005,0.005,52.648388999999995,9.7455214,34.88,32.62,52.648381199999996,9.745525599999999,-0.014660765716752368,-0.020245819323134222,4.23207437023585,0.005,-0.02,-0.005,0.0051001976,7.1802235e-05,-0.0048972266
0 days 00:00:12.290000,0.0018868424345884643,-0.20797200000000002,-0.153036,9.782532000000002,0.0,0.0,0.0,0.0,-0.0005235987755982988,-0.0006981317007977319,0.0,0.0,13.09,49.8,1,1,100.0,4,0.0,0.005,0.005,52.648388999999995,9.7455214,34.88,32.62,52.648381199999996,9.745525599999999,-0.014660765716752368,-0.020245819323134222,4.23207437023585,0.005,-0.02,-0.005,0.0051001976,7.1802235e-05,-0.0048972266
0 days 00:00:12.300000,0.0018868424345884643,-0.16088400000000003,-0.153036,9.817848000000001,0.0,0.0,0.0,0.0,-0.00034906585039886593,0.00017453292519943296,0.0,0.0,13.09,49.2,1,1,100.0,4,0.0,0.005,0.005,52.648388999999995,9.7455214,34.88,32.62,52.648381199999996,9.745525599999999,-0.014660765716752368,-0.020245819323134222,4.23207437023585,0.005,-0.02,-0.005,0.0051001976,7.1802235e-05,-0.0048972266
0 days 00:00:12.310000,0.0018868424345884643,-0.18835200000000002,-0.13734000000000002,9.825696,0.0,0.0,0.0,0.0,-0.0005235987755982988,0.00034906585039886593,0.0,0.0,13.09,48.6,1,1,100.0,4,0.0,0.005,0.005,52.648388999999995,9.7455214,34.88,32.62,52.648381199999996,9.745525599999999,-0.014660765716752368,-0.020245819323134222,4.23207437023585,0.005,-0.02,-0.005,0.0051001976,7.1802235e-05,-0.0048972266
0 days 00:00:12.320000,0.0018868424345884643,-0.22759200000000002,-0.180504,9.802152000000001,0.0,0.0,0.0,0.0,0.0,-0.0012217304763960308,0.00034906585039886593,0.0,13.09,48.0,1,1,100.0,4,0.005,0.0,-0.0,52.648388999999995,9.7455214,34.87,32.62,52.648381199999996,9.745525599999999,-0.014660765716752368,-0.020071286397934793,4.23207437023585,0.01,0.005,0.005,0.0,0.0049994625,7.33012e-05
0 days 00:00:12.330000,0.0018868424345884643,-0.12164400000000002,-0.14126400000000003,9.798228,0.0,0.0,0.0,0.0,-0.00017453292519943296,0.00034906585039886593,0.00017453292519943296,0.0,13.09,47.25,1,1,100.0,4,0.005,0.0,-0.0,52.648388999999995,9.7455214,34.87,32.62,52.648381199999996,9.745525599999999,-0.014660765716752368,-0.020071286397934793,4.23207437023585,0.01,0.005,0.005,0.0,0.0049994625,7.33012e-05
0 days 00:00:12.340000,0.0018868424345884643,-0.20404800000000003,-0.153036,9.845316,0.0,0.0,0.0,0.0,0.0,0.00034906585039886593,0.00017453292519943296,0.0,13.09,46.5,1,1,100.0,4,0.005,0.0,-0.0,52.648388999999995,9.7455214,34.87,32.62,52.648381199999996,9.745525599999999,-0.014660765716752368,-0.020071286397934793,4.23207437023585,0.01,0.005,0.005,0.0,0.0049994625,7.33012e-05
0 days 00:00:12.350000,0.0018868424345884643,-0.21189600000000003,-0.16480800000000004,9.778608,0.0,0.0,0.0,0.0,0.0005235987755982988,-0.0015707963267948967,0.00017453292519943296,0.0,13.09,45.75,1,1,100.0,4,0.005,0.0,-0.0,52.648388999999995,9.7455214,34.87,32.62,52.648381199999996,9.745525599999999,-0.014660765716752368,-0.020071286397934793,4.23207437023585,0.01,0.005,0.005,0.0,0.0049994625,7.33012e-05
0 days 00:00:12.360000,0.0018868424345884643,-0.09417600000000001,-0.145188,9.833544,0.0,0.0,0.0,0.0,0.00017453292519943296,0.0015707963267948967,0.0,0.0,13.09,45.0,1,1,100.0,4,0.005,0.0,-0.0,52.648388999999995,9.7455214,34.87,32.62,52.648381199999996,9.745525599999999,-0.014660765716752368,-0.020071286397934793,4.23207437023585,0.01,0.005,0.005,0.0,0.0049994625,7.33012e-05
0 days 00:00:12.370000,0.0018868424345884643,-0.24721200000000002,-0.17265600000000003,9.817848000000001,0.0,0.0,0.0,0.0,0.00034906585039886593,-0.00034906585039886593,0.00017453292519943296,0.0,13.09,44.1,1,1,100.0,4,-0.01,0.0,-0.005,52.648388999999995,9.745521499999999,34.88,32.62,52.648381199999996,9.745525599999999,-0.014660765716752368,-0.020071286397934793,4.23207437023585,-0.02,0.02,0.03,-0.000100349695,-0.010072212,0.004851853
0 days 00:00:12.380000,0.0018868424345884643,-0.20012400000000002,-0.125568,9.798228,0.0,0.0,0.0,0.0,0.00017453292519943296,-0.0008726646259971648,0.00017453292519943296,0.0,13.09,43.2,1,1,100.0,4,-0.01,0.0,-0.005,52.648388999999995,9.745521499999999,34.88,32.62,52.648381199999996,9.745525599999999,-0.014660765716752368,-0.020071286397934793,4.23207437023585,-0.02,0.02,0.03,-0.000100349695,-0.010072212,0.004851853
0 days 00:00:12.390000,0.0018868424345884643,-0.13734000000000002,-0.16873200000000002,9.837468000000001,0.0,0.0,0.0,0.0,0.0,0.0013962634015954637,0.00017453292519943296,0.0,13.09,42.3,1,1,100.0,4,-0.01,0.0,-0.005,52.648388999999995,9.745521499999999,34.88,32.62,52.648381199999996,9.745525599999999,-0.014660765716752368,-0.020071286397934793,4.23207437023585,-0.02,0.02,0.03,-0.000100349695,-0.010072212,0.004851853
0 days 00:00:12.400000,0.0018868424345884643,-0.21582000000000004,-0.14126400000000003,9.806076000000001,0.0,0.0,0.0,0.0,-0.00017453292519943296,-0.00017453292519943296,0.0,0.0,13.09,41.39999999999999,1,1,100.0,4,-0.01,0.0,-0.005,52.648388999999995,9.745521499999999,34.88,32.62,52.648381199999996,9.745525599999999,-0.014660765716752368,-0.020071286397934793,4.23207437023585,-0.02,0.02,0.03,-0.000100349695,-0.010072212,0.004851853
0 days 00:00:12.410000,0.0018868424345884643,-0.18835200000000002,-0.17658000000000004,9.79038,0.0,0.0,0.0,0.0,-0.00017453292519943296,-0.00034906585039886593,0.00034906585039886593,0.0,13.09,40.49999999999999,1,1,100.0,4,-0.01,0.0,-0.005,52.648388999999995,9.745521499999999,34.88,32.62,52.648381199999996,9.745525599999999,-0.014660765716752368,-0.020071286397934793,4.23207437023585,-0.02,0.02,0.03,-0.000100349695,-0.010072212,0.004851853
0 days 00:00:12.420000,0.0018868424345884643,-0.17265600000000003,-0.149112,9.806076000000001,0.0,0.0,0.0,0.0,0.0,0.0006981317007977319,0.00034906585039886593,0.0,13.09,39.599999999999994,1,1,100.0,4,-0.005,0.005,0.005,52.648389099999996,9.745521499999999,34.88,32.62,52.648381199999996,9.745525599999999,-0.014660765716752368,-0.020245819323134222,4.23207437023585,-0.005,-0.015,-0.04,0.0051001976,-0.0049276603,-0.0049705277
0 days 00:00:12.430000,0.0018868424345884643,-0.20012400000000002,-0.149112,9.81,0.0,0.0,0.0,0.0,-0.00017453292519943296,0.00017453292519943296,0.0,0.0,13.09,38.55,1,1,100.0,4,-0.005,0.005,0.005,52.648389099999996,9.745521499999999,34.88,32.62,52.648381199999996,9.745525599999999,-0.014660765716752368,-0.020245819323134222,4.23207437023585,-0.005,-0.015,-0.04,0.0051001976,-0.0049276603,-0.0049705277
0 days 00:00:12.440000,0.0018868424345884643,-0.20012400000000002,-0.16873200000000002,9.817848000000001,0.0,0.0,0.0,0.0,0.00034906585039886593,0.0,0.00017453292519943296,0.0,13.09,37.5,1,1,100.0,4,-0.005,0.005,0.005,52.648389099999996,9.745521499999999,34.88,32.62,52.648381199999996,9.745525599999999,-0.014660765716752368,-0.020245819323134222,4.23207437023585,-0.005,-0.015,-0.04,0.0051001976,-0.0049276603,-0.0049705277
0 days 00:00:12.450000,0.0018868424345884643,-0.18835200000000002,-0.14126400000000003,9.786456000000001,0.0,0.0,0.0,0.0,-0.00017453292519943296,0.0006981317007977319,0.00017453292519943296,0.0,13.09,36.6,1,1,100.0,4,-0.005,0.005,0.005,52.648389099999996,9.745521499999999,34.88,32.62,52.648381199999996,9.745525599999999,-0.014660765716752368,-0.020245819323134222,4.23207437023585,-0.005,-0.015,-0.04,0.0051001976,-0.0049276603,-0.0049705277
0 days 00:00:12.460000,0.0018868424345884643,-0.22759200000000002,-0.149112,9.825696,0.0,0.0,0.0,0.0,-0.00017453292519943296,0.00034906585039886593,0.00017453292519943296,0.0,13.09,35.7,1,1,100.0,4,-0.005,0.005,0.005,52.648389099999996,9.745521499999999,34.88,32.62,52.648381199999996,9.745525599999999,-0.014660765716752368,-0.020245819323134222,4.23207437023585,-0.005,-0.015,-0.04,0.0051001976,-0.0049276603,-0.0049705277
0 days 00:00:12.470000,0.0018868424345884643,-0.21582000000000004,-0.14126400000000003,9.778608,0.0,0.0,0.0,0.0,-0.00017453292519943296,-0.0012217304763960308,0.00017453292519943296,0.0,13.09,34.65,1,1,100.0,4,0.005,0.005,0.01,52.648389099999996,9.745521499999999,34.88,32.62,52.648381199999996,9.745525599999999,-0.014660765716752368,-0.020245819323134222,4.23207437023585,0.01,-0.02,-0.04,0.00520142,0.005144551,-0.009822363
0 days 00:00:12.480000,0.0018868424345884643,-0.14126400000000003,-0.153036,9.821772000000001,0.0,0.0,0.0,0.0,-0.00017453292519943296,0.0012217304763960308,0.00017453292519943296,0.0,13.09,33.599999999999994,1,1,100.0,4,0.005,0.005,0.01,52.648389099999996,9.745521499999999,34.88,32.62,52.648381199999996,9.745525599999999,-0.014660765716752368,-0.020245819323134222,4.23207437023585,0.01,-0.02,-0.04,0.00520142,0.005144551,-0.009822363
0 days 00:00:12.490000,0.0018868424345884643,-0.25506,-0.149112,9.798228,0.0,0.0,0.0,0.0,0.00017453292519943296,0.00017453292519943296,0.00017453292519943296,0.0,13.09,31.649999999999995,1,1,100.0,4,0.005,0.005,0.01,52.648389099999996,9.745521499999999,34.88,32.62,52.648381199999996,9.745525599999999,-0.014660765716752368,-0.020245819323134222,4.23207437023585,0.01,-0.02,-0.04,0.00520142,0.005144551,-0.009822363
0 days 00:00:12.500000,0.0018868424345884643,-0.1962,-0.13734000000000002,9.766836000000001,0.0,0.0,0.0,0.0,0.0,-0.00034906585039886593,0.00017453292519943296,0.0,13.09,29.699999999999996,1,1,100.0,4,0.005,0.005,0.01,52.648389099999996,9.745521499999999,34.88,32.62,52.648381199999996,9.745525599999999,-0.014660765716752368,-0.020245819323134222,4.23207437023585,0.01,-0.02,-0.04,0.00520142,0.005144551,-0.009822363
0 days 00:00:12.510000,0.0018868424345884643,-0.16480800000000004,-0.15696000000000002,9.802152000000001,0.0,0.0,0.0,0.0,0.00034906585039886593,0.0008726646259971648,0.00017453292519943296,0.0,13.09,27.299999999999997,1,1,100.0,4,0.005,0.005,0.01,52.648389099999996,9.745521499999999,34.88,32.62,52.648381199999996,9.745525599999999,-0.014660765716752368,-0.020245819323134222,4.23207437023585,0.01,-0.02,-0.04,0.00520142,0.005144551,-0.009822363
0 days 00:00:12.520000,0.0018868424345884643,-0.21582000000000004,-0.14126400000000003,9.794304,0.0,0.0,0.0,0.0,0.0,0.00017453292519943296,0.0,0.0,13.09,24.9,1,1,100.0,4,0.0,0.0,0.01,52.648388999999995,9.745521499999999,34.9,32.62,52.648381199999996,9.745525599999999,-0.014660765716752368,-0.020245819323134222,4.23207437023585,0.0,0.015,-0.0,0.00020244434,0.00014657235,-0.009996876
0 days 00:00:12.530000,0.0018868424345884643,-0.192276,-0.153036,9.798228,0.0,0.0,0.0,0.0,0.00034906585039886593,-0.00017453292519943296,0.00017453292519943296,0.0,13.09,21.75,1,1,100.0,4,0.0,0.0,0.01,52.648388999999995,9.745521499999999,34.9,32.62,52.648381199999996,9.745525599999999,-0.014660765716752368,-0.020245819323134222,4.23207437023585,0.0,0.015,-0.0,0.00020244434,0.00014657235,-0.009996876
0 days 00:00:12.540000,0.0018868424345884643,-0.184428,-0.133416,9.82962,0.0,0.0,0.0,0.0,0.00034906585039886593,0.0008726646259971648,0.0,0.0,13.09,18.6,1,1,100.0,4,0.0,0.0,0.01,52.648388999999995,9.745521499999999,34.9,32.62,52.648381199999996,9.745525599999999,-0.014660765716752368,-0.020245819323134222,4.23207437023585,0.0,0.015,-0.0,0.00020244434,0.00014657235,-0.009996876
0 days 00:00:12.550000,0.0018868424345884643,-0.23544,-0.145188,9.806076000000001,0.0,0.0,0.0,0.0,0.00017453292519943296,0.0,0.00017453292519943296,0.0,13.09,15.899999999999999,1,1,100.0,4,0.0,0.0,0.01,52.648388999999995,9.745521499999999,34.9,32.62,52.648381199999996,9.745525599999999,-0.014660765716752368,-0.020245819323134222,4.23207437023585,0.0,0.015,-0.0,0.00020244434,0.00014657235,-0.009996876
0 days 00:00:12.560000,0.0020047700867502436,-0.1962,-0.149112,9.806076000000001,0.0,0.0,0.0,0.0,0.00017453292519943296,-0.00034906585039886593,0.0,0.0,13.09,13.199999999999996,1,1,100.0,4,0.0,0.0,0.01,52.648388999999995,9.745521499999999,34.9,32.62,52.648381199999996,9.745525599999999,-0.014660765716752368,-0.020245819323134222,4.23207437023585,0.0,0.015,-0.0,0.00020244434,0.00014657235,-0.009996876
0 days 00:00:12.570000,0.0020047700867502436,-0.192276,-0.145188,9.81,0.0,0.0,0.0,0.0,0.00017453292519943296,0.00034906585039886593,0.00017453292519943296,0.0,13.09,10.049999999999997,1,1,100.0,4,0.005,0.01,0.015,52.6483889,9.745521499999999,34.9,32.62,52.648381199999996,9.745525599999999,-0.014660765716752368,-0.020245819323134222,4.23207437023585,-0.005,-0.03,-0.03,0.010301617,0.0052163536,-0.01471959
0 days 00:00:12.580000,0.0021226977389120225,-0.231516,-0.14126400000000003,9.782532000000002,0.0,0.0,0.0,0.0,-0.00017453292519943296,-0.0005235987755982988,0.0,0.0,13.09,6.899999999999999,1,1,100.0,4,0.005,0.005,0.015,52.6483889,9.745521499999999,34.9,32.62,52.648381199999996,9.745525599999999,-0.014660765716752368,-0.020245819323134222,4.23207437023585,-0.005,-0.03,-0.03,0.005302642,0.005217837,-0.014820801
0 days 00:00:12.590000,0.0021226977389120225,-0.20012400000000002,-0.13734000000000002,9.786456000000001,0.0,0.0,0.0,0.0,0.0,-0.00034906585039886593,0.0,0.0,13.09,4.799999999999997,1,1,100.0,4,0.005,0.005,0.015,52.6483889,9.745521499999999,34.9,32.62,52.648381199999996,9.745525599999999,-0.014660765716752368,-0.020245819323134222,4.23207437023585,-0.005,-0.03,-0.03,0.005302642,0.005217837,-0.014820801
0 days 00:00:12.600000,0.0021226977389120225,-0.20404800000000003,-0.153036,9.794304,0.0,0.0,0.0,0.0,-0.00034906585039886593,0.0005235987755982988,0.0,0.0,13.09,2.6999999999999957,1,1,100.0,4,0.005,0.005,0.015,52.6483889,9.745521499999999,34.9,32.62,52.648381199999996,9.745525599999999,-0.014660765716752368,-0.020245819323134222,4.23207437023585,-0.005,-0.03,-0.03,0.005302642,0.005217837,-0.014820801
0 days 00:00:12.610000,0.0022406253910738014,-0.251136,-0.149112,9.79038,0.0,0.0,0.0,0.0,-0.00017453292519943296,0.0,0.0,0.0,13.09,1.1999999999999973,1,1,100.0,4,0.005,0.005,0.015,52.6483889,9.745521499999999,34.9,32.62,52.648381199999996,9.745525599999999,-0.014660765716752368,-0.020245819323134222,4.23207437023585,-0.005,-0.03,-0.03,0.005302642,0.005217837,-0.014820801
0 days 00:00:12.620000,0.0023585530432355803,-0.258984,-0.133416,9.782532000000002,0.0,0.0,0.0,0.0,0.0005235987755982988,-0.0005235987755982988,-0.0005235987755982988,0.0,13.09,-0.3000000000000007,1,1,100.0,4,0.005,0.0,0.015,52.6483889,9.745521499999999,34.88,32.62,52.648381199999996,9.745525599999999,-0.014660765716752368,-0.020245819323134222,4.23207437023585,0.01,0.0,-0.01,0.00030366651,0.005219321,-0.014922013
