,Steer_Angle,Acc_Body_X,Acc_Body_Y,Acc_Body_Z,Tire_Rate_FL,Tire_Rate_FR,Tire_Rate_RL,Tire_Rate_RR,Rate_Body_X,Rate_Body_Y,Rate_Body_Z,Engine_Torque,Gear_Transmission,Break_Pressure,RCS1,RCS2,Rain,Temp,INS_Vel_Hor_X_POI1,INS_Vel_Hor_Y_POI1,INS_Vel_Hor_Z_POI1,GNSS_Lat_Abs,GNSS_Long_Abs,GNSS_Height,INS_Height_POI1,INS_Lat_Abs_POI1,INS_Long_Abs_POI1,INS_Roll,INS_Pitch,INS_Yaw,GNSS_Vel_Frame_X,GNSS_Vel_Frame_Y,GNSS_Vel_Frame_Z,INS_Vel_Body_X,INS_Vel_Body_Y,INS_Vel_Body_Z
0 days 00:00:00,-0.0004717106086471161,-0.20404800000000003,0.062784,8.860392000000001,77.38286264441591,77.38286264441591,77.38286264441591,77.38286264441591,-0.017453292519943295,0.028797932657906436,-0.00017453292519943296,65.0,2.39,0.0,1,1,30.0,4,0.115,23.575,0.11,52.6492812,9.7462933,33.410000000000004,33.55,52.6492765,9.7462842,-0.00890117918517108,-0.019896753472735357,4.230154508058657,-10.845,-21.005,-0.165,23.572521,0.111799456,0.36006618
0 days 00:00:00.010000,-0.0004717106086471161,-0.278604,-0.07063200000000001,9.401904,77.35611895592639,77.35611895592639,77.35611895592639,77.35611895592639,-0.016231562043547268,0.021118483949131385,-0.0008726646259971648,65.0,2.39,0.0,1,1,30.0,4,0.115,23.575,0.11,52.6492812,9.7462933,33.410000000000004,33.55,52.6492747,9.746282599999999,-0.009075712110370514,-0.020071286397934793,4.230154508058657,-10.845,-21.005,-0.165,23.57246,0.111699276,0.36419976
0 days 00:00:00.020000,-0.0005896382608088951,0.047088000000000005,-0.07063200000000001,9.990504,77.40960633290543,77.40960633290543,77.40960633290543,77.40960633290543,-0.019722220547535925,0.02530727415391778,-0.0015707963267948967,65.0,2.39,0.0,1,1,30.0,4,0.115,23.575,0.11,52.6492812,9.7462933,33.410000000000004,33.55,52.6492728,9.746281,-0.009250245035569947,-0.020420352248333655,4.230154508058657,-10.845,-21.005,-0.165,23.572332,0.1115596,0.37244716
0 days 00:00:00.030000,-0.0005896382608088951,-0.612144,-0.04316400000000001,10.367208,77.32937526743689,77.32937526743689,77.32937526743689,77.32937526743689,-0.018675022996339326,0.00890117918517108,-0.0020943951023931952,65.0,2.39,0.0,1,1,30.0,4,0.115,23.575,0.105,52.6492812,9.7462933,33.410000000000004,33.54,52.6492709,9.746279399999999,-0.00942477796076938,-0.020420352248333655,4.230154508058657,-10.845,-21.005,-0.165,23.57223,0.111447476,0.37746537
0 days 00:00:00.040000,-0.0005896382608088951,-0.27075600000000005,-0.17658000000000004,10.119996,77.38286264441591,77.38286264441591,77.38286264441591,77.38286264441591,-0.015358897417550098,-0.003316125578789226,-0.002617993877991494,65.0,2.39,0.0,1,1,30.0,4,0.11,23.575,0.1,52.6492718,9.7462853,33.4,33.52,52.649268899999996,9.746277899999999,-0.009599310885968814,-0.020420352248333655,4.230154508058657,-10.84,-20.955000000000002,-0.065,23.572128,0.10633384,0.38243553
0 days 00:00:00.050000,-0.0005896382608088951,0.15696000000000002,0.031392,10.041516000000001,77.27588789045785,77.27588789045785,77.27588789045785,77.27588789045785,-0.015358897417550098,0.009948376736367679,-0.0038397243543875246,65.0,2.39,0.0,1,1,30.0,4,0.115,23.580000000000002,0.095,52.6492718,9.7462853,33.4,33.52,52.649267099999996,9.7462763,-0.009773843811168246,-0.020594885173533087,4.230154508058657,-10.84,-20.955000000000002,-0.065,23.576956,0.11117678,0.3917185
0 days 00:00:00.060000,-0.0005896382608088951,-0.8397360000000001,-0.05886,9.551016,77.27588789045785,77.27588789045785,77.27588789045785,77.27588789045785,-0.016755160819145562,-0.0008726646259971648,-0.004537856055185257,65.0,2.39,0.0,1,1,30.0,4,0.115,23.57,0.1,52.6492718,9.7462853,33.4,33.52,52.649265199999995,9.746274699999999,-0.009948376736367679,-0.020594885173533087,4.229979975133457,-10.84,-20.955000000000002,-0.065,23.56706,0.11116019,0.3865333
0 days 00:00:00.070000,-0.0005896382608088951,-0.26290800000000003,-0.011772000000000001,9.586332,77.44303594351734,77.44303594351734,77.44303594351734,77.44303594351734,-0.013264502315156903,-0.005585053606381855,-0.004537856055185257,65.0,2.39,0.0,1,1,30.0,4,0.115,23.57,0.1,52.6492718,9.7462853,33.4,33.52,52.649263299999994,9.7462731,-0.010122909661567111,-0.020420352248333655,4.229979975133457,-10.84,-20.955000000000002,-0.065,23.56713,0.11113436,0.38243964
0 days 00:00:00.080000,-0.0005896382608088951,0.33354000000000006,0.015696,10.147464000000001,77.5165810868635,77.5165810868635,77.5165810868635,77.5165810868635,-0.012042771838760874,0.01658062789394613,-0.004886921905584123,65.0,2.39,0.0,1,1,30.0,4,0.12,23.580000000000002,0.095,52.6492624,9.7462774,33.410000000000004,33.5,52.6492613,9.7462717,-0.010297442586766544,-0.02076941809873252,4.229979975133457,-10.82,-21.005,-0.065,23.576887,0.11592902,0.39594284
0 days 00:00:00.090000,-0.0005896382608088951,-0.506196,-0.24328800000000003,9.429372,77.50320924261874,77.50320924261874,77.50320924261874,77.50320924261874,-0.008726646259971648,-0.0041887902047863905,-0.005235987755982988,65.0,2.39,0.0,1,1,30.0,4,0.12,23.580000000000002,0.1,52.6492624,9.7462774,33.410000000000004,33.5,52.6492595,9.7462701,-0.010297442586766544,-0.020594885173533087,4.229979975133457,-10.82,-21.005,-0.065,23.577059,0.11602286,0.38682947
0 days 00:00:00.100000,-0.0005896382608088951,0.41202000000000005,0.003924,9.751140000000001,77.46309370988446,77.46309370988446,77.46309370988446,77.46309370988446,-0.010821041362364843,0.0024434609527920616,-0.005061454830783556,65.0,2.39,0.0,1,1,30.0,4,0.12,23.585,0.1,52.6492624,9.7462774,33.410000000000004,33.5,52.6492576,9.7462684,-0.010471975511965976,-0.02076941809873252,4.229979975133457,-10.82,-21.005,-0.065,23.58199,0.11591117,0.39106828
0 days 00:00:00.110000,-0.0005896382608088951,0.125568,-0.32176800000000005,10.940112000000001,77.29594565682498,77.29594565682498,77.29594565682498,77.29594565682498,-0.016057029118347832,0.018675022996339326,-0.005235987755982988,65.0,2.39,0.0,1,1,30.0,4,0.12,23.59,0.09,52.6492624,9.7462774,33.410000000000004,33.5,52.6492557,9.746266799999999,-0.01064650843716541,-0.020943951023931952,4.229805442208257,-10.82,-21.005,-0.065,23.58671,0.11569154,0.4053061
0 days 00:00:00.120000,-0.0005896382608088951,-1.5028920000000001,-0.192276,10.049364,77.28925973470261,77.28925973470261,77.28925973470261,77.28925973470261,-0.02199114857512855,-0.02565634000431664,-0.005759586531581288,65.0,2.39,0.0,1,1,30.0,4,0.12,23.575,0.085,52.6492624,9.7462774,33.410000000000004,33.5,52.6492538,9.7462652,-0.010821041362364843,-0.020594885173533087,4.229805442208257,-10.82,-21.005,-0.065,23.571753,0.11565914,0.40178317
0 days 00:00:00.130000,-0.0005896382608088951,-0.149112,0.047088000000000005,9.770760000000001,77.29594565682498,77.29594565682498,77.29594565682498,77.29594565682498,-0.023561944901923447,-0.027925268031909273,-0.006283185307179587,65.0,2.39,0.0,1,1,30.0,4,0.125,23.580000000000002,0.09,52.6492534,9.7462684,33.65,33.480000000000004,52.649251899999996,9.7462637,-0.010995574287564275,-0.020420352248333655,4.229805442208257,-10.83,-20.985,-0.125,23.57692,0.1206878,0.39284793
0 days 00:00:00.140000,-0.0005896382608088951,0.10987200000000001,0.027468000000000003,10.535940000000002,77.44303594351734,77.44303594351734,77.44303594351734,77.44303594351734,-0.026354471705114374,-0.005759586531581288,-0.005934119456780722,65.0,2.39,0.0,1,1,30.0,4,0.125,23.580000000000002,0.08,52.6492534,9.7462684,33.65,33.480000000000004,52.649249999999995,9.7462621,-0.011344640137963142,-0.020245819323134222,4.229805442208257,-10.83,-20.985,-0.125,23.576788,0.12048392,0.3987726
0 days 00:00:00.150000,-0.0005896382608088951,-1.0084680000000001,-0.27075600000000005,10.068984,77.49652332049635,77.49652332049635,77.49652332049635,77.49652332049635,-0.023736477827122886,-0.03961897402027128,-0.00471238898038469,65.0,2.39,0.0,1,1,30.0,4,0.125,23.575,0.08,52.6492534,9.7462684,33.65,33.480000000000004,52.649248099999994,9.7462605,-0.011519173063162575,-0.019896753472735357,4.229805442208257,-10.83,-20.985,-0.125,23.571924,0.120510265,0.3904649
0 days 00:00:00.160000,-0.0005896382608088951,0.34531200000000006,-0.090252,9.900252000000002,77.63024176294394,77.63024176294394,77.63024176294394,77.63024176294394,-0.021642082724729686,-0.030019663134302467,-0.004537856055185257,65.0,2.39,0.0,1,1,30.0,4,0.13,23.580000000000002,0.08,52.6492534,9.7462684,33.65,33.480000000000004,52.6492462,9.746258899999999,-0.011693705988362009,-0.019547687622336492,4.229630909283058,-10.83,-20.985,-0.125,23.577059,0.12553684,0.38241455
0 days 00:00:00.170000,-0.0005896382608088951,0.278604,-0.24328800000000003,10.265184,77.57675438596492,77.57675438596492,77.57675438596492,77.57675438596492,-0.018500490071139894,-0.01064650843716541,-0.004886921905584123,65.0,2.39,0.0,1,1,30.0,4,0.125,23.585,0.075,52.6492534,9.7462684,33.65,33.480000000000004,52.6492443,9.7462573,-0.011868238913561441,-0.019547687622336492,4.229630909283058,-10.83,-20.985,-0.125,23.58196,0.12040996,0.38747352
0 days 00:00:00.180000,-0.0005896382608088951,-0.604296,-0.125568,9.602028,77.40960633290543,77.40960633290543,77.40960633290543,77.40960633290543,-0.016929693744344998,-0.03089232776029963,-0.003316125578789226,65.0,2.39,0.0,1,1,30.0,4,0.13,23.580000000000002,0.075,52.6492534,9.7462684,33.65,33.480000000000004,52.6492424,9.746255699999999,-0.012042771838760876,-0.019198621771937627,4.229630909283058,-10.83,-20.985,-0.125,23.577095,0.12544225,0.37922764
0 days 00:00:00.190000,-0.0005896382608088951,0.33746400000000004,-0.023544000000000002,9.845316,77.18228498074454,77.18228498074454,77.18228498074454,77.18228498074454,-0.014137166941154071,-0.0158824961931484,-0.002967059728390361,65.0,2.39,0.0,1,1,30.0,4,0.13,23.585,0.08,52.6492441,9.7462603,33.63,33.46,52.6492405,9.7462542,-0.012217304763960308,-0.019024088846738195,4.229630909283058,-10.81,-20.945,-0.1,23.582253,0.12548624,0.37023124
0 days 00:00:00.200000,-0.0005896382608088951,-0.054936000000000006,-0.23544,10.500624,77.24245827984595,77.24245827984595,77.24245827984595,77.24245827984595,-0.008552113334772213,0.0022689280275926286,-0.0022689280275926286,65.0,2.39,0.0,1,1,30.0,4,0.125,23.59,0.075,52.6492441,9.7462603,33.63,33.46,52.6492386,9.7462526,-0.012391837689159739,-0.019024088846738195,4.229630909283058,-10.81,-20.945,-0.1,23.587158,0.12035889,0.37528503
0 days 00:00:00.210000,-0.0005896382608088951,-1.00062,-0.20797200000000002,9.817848000000001,77.1622272143774,77.1622272143774,77.1622272143774,77.1622272143774,-0.008726646259971648,-0.01902408884673819,-0.0027925268031909274,65.0,2.39,0.0,2,1,30.0,4,0.125,23.580000000000002,0.07,52.6492441,9.7462603,33.63,33.46,52.649236699999996,9.746250999999999,-0.012391837689159739,-0.01884955592153876,4.229630909283058,-10.81,-20.945,-0.1,23.577131,0.120350294,0.37597883
0 days 00:00:00.220000,-0.0005896382608088951,-0.019620000000000002,-0.27075600000000005,9.621648,77.28925973470261,77.28925973470261,77.28925973470261,77.28925973470261,-0.008726646259971648,-0.014835298641951801,-0.0022689280275926286,65.0,2.39,0.0,2,1,30.0,4,0.125,23.580000000000002,0.075,52.6492441,9.7462603,33.63,33.46,52.649234899999996,9.7462494,-0.012566370614359171,-0.01884955592153876,4.229630909283058,-10.81,-20.945,-0.1,23.577225,0.120347485,0.3710011
0 days 00:00:00.230000,-0.0005896382608088951,0.10594800000000001,-0.14126400000000003,10.116072,77.38286264441591,77.38286264441591,77.38286264441591,77.38286264441591,-0.007155849933176751,0.003316125578789226,-0.0022689280275926286,65.0,2.39,0.0,2,1,30.0,4,0.125,23.585,0.07,52.6492441,9.7462603,33.63,33.46,52.649232999999995,9.746247799999999,-0.012566370614359171,-0.01884955592153876,4.229630909283058,-10.81,-20.945,-0.1,23.58213,0.120283484,0.37609404
0 days 00:00:00.240000,-0.0005896382608088951,-0.6160680000000002,-0.20404800000000003,9.519624,77.40960633290543,77.40960633290543,77.40960633290543,77.40960633290543,-0.005585053606381855,-0.009075712110370514,-0.00034906585039886593,65.0,2.39,0.0,2,1,30.0,4,0.13,23.57,0.07,52.6492347,9.7462523,33.62,33.45,52.649231,9.7462463,-0.012566370614359171,-0.018675022996339326,4.229456376357859,-10.8,-20.91,-0.015,23.567198,0.12533832,0.37176126
0 days 00:00:00.250000,-0.0005896382608088951,0.30999600000000005,-0.21189600000000003,9.668736,77.42966409927257,77.42966409927257,77.42966409927257,77.42966409927257,-0.0036651914291880917,0.010821041362364843,-0.0006981317007977319,65.0,2.39,0.0,2,1,30.0,4,0.13,23.575,0.07,52.6492347,9.7462523,33.62,33.44,52.6492291,9.7462447,-0.012740903539558606,-0.018675022996339326,4.229630909283058,-10.8,-20.91,-0.015,23.572197,0.12527224,0.3718765
0 days 00:00:00.260000,-0.0005896382608088951,0.0981,-0.557208,9.915948000000002,77.38286264441591,77.38286264441591,77.38286264441591,77.38286264441591,0.0036651914291880917,0.020071286397934793,-0.0005235987755982988,65.0,2.39,0.0,2,2,30.0,4,0.125,23.580000000000002,0.07,52.6492347,9.7462523,33.62,33.44,52.6492273,9.7462431,-0.012566370614359171,-0.019024088846738195,4.229630909283058,-10.8,-20.91,-0.015,23.577065,0.12023296,0.38011447
0 days 00:00:00.270000,-0.0005896382608088951,-0.45126,0.10987200000000001,9.813924,77.31600342319211,77.31600342319211,77.31600342319211,77.31600342319211,0.013264502315156903,0.0158824961931484,0.00034906585039886593,65.0,2.39,0.0,2,2,30.0,4,0.125,23.580000000000002,0.07,52.6492347,9.7462523,33.62,33.44,52.6492254,9.7462415,-0.012566370614359171,-0.019024088846738195,4.229630909283058,-10.8,-20.91,-0.015,23.577065,0.12023296,0.38011447
0 days 00:00:00.280000,-0.0004717106086471161,0.062784,-0.45126,10.186704,77.29594565682498,77.29594565682498,77.29594565682498,77.29594565682498,0.022165681500327987,0.02757620218151041,0.00017453292519943296,65.0,2.39,0.0,2,2,30.0,4,0.125,23.580000000000002,0.065,52.6492347,9.7462523,33.62,33.44,52.6492235,9.746239899999999,-0.012217304763960308,-0.01937315469713706,4.229630909283058,-10.8,-20.91,-0.015,23.576834,0.12020402,0.39330047
0 days 00:00:00.290000,-0.0004717106086471161,-0.4316400000000001,-0.29430000000000006,10.26126,77.14885537013264,77.14885537013264,77.14885537013264,77.14885537013264,0.025132741228718346,0.03228859116189509,-0.00034906585039886593,65.0,2.39,0.0,2,2,30.0,4,0.135,23.565,0.06,52.6492253,9.746244299999999,33.62,33.43,52.6492216,9.7462384,-0.012042771838760876,-0.019547687622336492,4.229456376357859,-10.81,-20.905,-0.075,23.561672,0.13016571,0.40222013
0 days 00:00:00.300000,-0.0004717106086471161,-0.812268,-0.074556,9.605952000000002,77.32937526743689,77.32937526743689,77.32937526743689,77.32937526743689,0.028623399732707003,0.010471975511965976,0.0005235987755982988,65.0,2.39,0.0,2,2,30.0,4,0.135,23.56,0.065,52.6492253,9.746244299999999,33.62,33.43,52.649219699999996,9.7462368,-0.011868238913561441,-0.019722220547535925,4.229630909283058,-10.81,-20.905,-0.075,23.5567,0.13024761,0.4012121
0 days 00:00:00.310000,-0.0004717106086471161,0.12164400000000002,-0.29430000000000006,9.833544,77.48315147625159,77.48315147625159,77.48315147625159,77.48315147625159,0.033335788713091695,0.021118483949131385,-0.0006981317007977319,65.0,2.39,0.0,2,2,30.0,4,0.13,23.565,0.065,52.6492253,9.746244299999999,33.62,33.43,52.649217799999995,9.7462352,-0.011519173063162575,-0.019896753472735357,4.229630909283058,-10.81,-20.905,-0.075,23.561628,0.12533946,0.40531954
0 days 00:00:00.320000,-0.0004717106086471161,-0.37670400000000004,-0.447336,9.876708000000002,77.59681215233205,77.59681215233205,77.59681215233205,77.59681215233205,0.03665191429188092,0.015358897417550098,0.00034906585039886593,65.0,2.39,0.0,2,2,30.0,4,0.13,23.56,0.06,52.6492253,9.746244299999999,33.62,33.43,52.649215899999994,9.7462336,-0.01117010721276371,-0.020071286397934793,4.229630909283058,-10.81,-20.905,-0.075,23.556458,0.12538029,0.4142862
0 days 00:00:00.330000,-0.0004717106086471161,-0.33746400000000004,-0.10594800000000001,9.425448000000001,77.54332477535301,77.54332477535301,77.54332477535301,77.54332477535301,0.028797932657906436,0.00471238898038469,-0.0008726646259971648,65.0,2.39,0.0,2,2,30.0,4,0.13,23.56,0.065,52.6492253,9.746244299999999,33.62,33.43,52.649214,9.746232,-0.010821041362364843,-0.020071286397934793,4.229456376357859,-10.81,-20.905,-0.075,23.556559,0.125579,0.40924367
0 days 00:00:00.340000,-0.0004717106086471161,0.25506,0.03531600000000001,8.911404000000001,77.31600342319211,77.31600342319211,77.31600342319211,77.31600342319211,0.013264502315156903,0.004886921905584123,-0.00034906585039886593,65.0,2.39,0.0,2,2,30.0,4,0.13,23.57,0.075,52.6492163,9.7462353,33.85,33.42,52.6492121,9.7462305,-0.01064650843716541,-0.020245819323134222,4.229630909283058,-10.870000000000001,-20.975,-0.105,23.566689,0.12571093,0.4035379
0 days 00:00:00.350000,-0.0005896382608088951,0.125568,0.066708,9.496080000000001,77.14216944801026,77.14216944801026,77.14216944801026,77.14216944801026,0.0022689280275926286,0.016406094968746697,0.0012217304763960308,65.0,2.39,0.0,2,2,30.0,4,0.13,23.575,0.08,52.6492163,9.7462353,33.85,33.410000000000004,52.6492102,9.7462289,-0.01064650843716541,-0.020420352248333655,4.229630909283058,-10.870000000000001,-20.975,-0.105,23.571718,0.12571928,0.4027543
0 days 00:00:00.360000,-0.0005896382608088951,-0.34531200000000006,-0.20797200000000002,9.82962,77.18228498074454,77.18228498074454,77.18228498074454,77.18228498074454,0.0022689280275926286,0.005585053606381855,0.0019198621771937623,65.0,2.39,0.0,2,2,30.0,4,0.125,23.575,0.08,52.6492163,9.7462353,33.85,33.410000000000004,52.6492083,9.7462273,-0.01064650843716541,-0.020420352248333655,4.229630909283058,-10.870000000000001,-20.975,-0.105,23.571718,0.12071956,0.40270108
0 days 00:00:00.370000,-0.0004717106086471161,-0.41202000000000005,-0.74556,10.229868,77.56338254172015,77.56338254172015,77.56338254172015,77.56338254172015,0.00471238898038469,0.0027925268031909274,0.0012217304763960308,65.0,2.39,0.0,2,2,30.0,4,0.12,23.57,0.075,52.6492163,9.7462353,33.85,33.410000000000004,52.6492065,9.7462257,-0.01064650843716541,-0.020420352248333655,4.229630909283058,-10.870000000000001,-20.975,-0.105,23.566618,0.11566771,0.40754443
0 days 00:00:00.380000,-0.0004717106086471161,-0.8985960000000001,0.13734000000000002,8.550396000000001,77.35611895592639,77.35611895592639,77.35611895592639,77.35611895592639,0.00942477796076938,-0.024783675378319478,0.0005235987755982988,65.0,2.39,0.0,2,2,30.0,4,0.125,23.565,0.09,52.6492163,9.7462353,33.85,33.410000000000004,52.6492046,9.7462241,-0.010471975511965976,-0.020245819323134222,4.229630909283058,-10.870000000000001,-20.975,-0.105,23.561993,0.12093974,0.38836628
0 days 00:00:00.390000,-0.0004717106086471161,0.8632800000000002,0.09417600000000001,8.001036000000001,77.14885537013264,77.14885537013264,77.14885537013264,77.14885537013264,0.005759586531581288,0.0012217304763960308,0.0,65.0,2.39,0.0,2,2,30.0,4,0.115,23.59,0.11,52.649207,9.7462272,33.83,33.4,52.649202599999995,9.7462226,-0.010297442586766544,-0.020420352248333655,4.229805442208257,-10.89,-20.97,-0.12,23.587328,0.111166365,0.37287006
0 days 00:00:00.400000,-0.0004717106086471161,0.49050000000000005,0.16873200000000002,8.695584000000002,76.70758451005563,76.70758451005563,76.70758451005563,76.70758451005563,-0.008726646259971648,0.03577924966588375,0.0022689280275926286,65.0,2.39,0.0,2,2,30.0,4,0.115,23.595,0.12,52.649207,9.7462272,33.83,33.4,52.649200799999996,9.746221,-0.010471975511965976,-0.02076941809873252,4.229805442208257,-10.89,-20.97,-0.12,23.592403,0.11111867,0.371229
0 days 00:00:00.410000,-0.0005896382608088951,-1.2792240000000001,0.17658000000000004,8.88786,76.78781557552418,76.78781557552418,76.78781557552418,76.78781557552418,-0.02495820830351891,0.01937315469713706,0.00471238898038469,65.0,2.39,0.0,2,2,30.0,4,0.115,23.585,0.13,52.649207,9.7462272,33.83,33.4,52.649198899999995,9.7462194,-0.01064650843716541,-0.020943951023931952,4.229805442208257,-10.89,-20.97,-0.12,23.582548,0.1111187,0.36515918
0 days 00:00:00.420000,-0.0007075659129706742,-0.23544,-0.11379600000000001,10.555560000000002,77.08199614890886,77.08199614890886,77.08199614890886,77.08199614890886,-0.038397243543875255,0.0317649923862968,0.0041887902047863905,65.0,2.39,0.0,2,2,30.0,4,0.115,23.585,0.125,52.649207,9.7462272,33.83,33.4,52.649197,9.7462178,-0.01117010721276371,-0.02129301687433082,4.229805442208257,-10.89,-20.97,-0.12,23.582314,0.1107797,0.37844718
0 days 00:00:00.430000,-0.0007075659129706742,-0.580752,-0.42771600000000004,12.062376,77.74390243902438,77.74390243902438,77.74390243902438,77.74390243902438,-0.044331363000655974,0.032812189937493394,0.0013962634015954637,65.0,2.39,0.0,2,2,30.0,4,0.11,23.580000000000002,0.1,52.649207,9.7462272,33.83,33.4,52.6491951,9.7462162,-0.011519173063162575,-0.021642082724729686,4.229805442208257,-10.89,-20.97,-0.12,23.576643,0.105266444,0.41154376
0 days 00:00:00.440000,-0.0007075659129706742,-1.067328,-0.5650560000000001,10.908720000000002,78.21191698759094,78.21191698759094,78.21191698759094,78.21191698759094,-0.048869219055841226,-0.009075712110370514,-0.003316125578789226,65.0,2.39,0.0,2,2,30.0,4,0.09,23.575,0.085,52.6491976,9.7462191,33.83,33.39,52.6491932,9.7462146,-0.011868238913561441,-0.021467549799530253,4.229805442208257,-10.885,-20.93,-0.09,23.571394,0.08499633,0.42211667
0 days 00:00:00.450000,-0.0007075659129706742,0.5258160000000001,0.066708,9.5157,78.09825631151048,78.09825631151048,78.09825631151048,78.09825631151048,-0.05707226654021458,-0.008028514559173916,-0.005934119456780722,65.0,2.39,0.0,2,2,30.0,4,0.095,23.580000000000002,0.09,52.6491976,9.7462191,33.83,33.39,52.6491913,9.746213,-0.012391837689159739,-0.021467549799530253,4.229805442208257,-10.885,-20.93,-0.09,23.576498,0.08983552,0.4173319
0 days 00:00:00.460000,-0.0007075659129706742,0.07848000000000001,-0.21974400000000002,8.946720000000001,77.54332477535301,77.54332477535301,77.54332477535301,77.54332477535301,-0.04363323129985824,-0.0012217304763960308,-0.006981317007977318,65.0,2.39,0.0,2,2,30.0,4,0.095,23.585,0.1,52.6491976,9.7462191,33.83,33.39,52.6491894,9.7462114,-0.012915436464758038,-0.021467549799530253,4.229805442208257,-10.885,-20.93,-0.09,23.58171,0.089744724,0.40748942
0 days 00:00:00.470000,-0.0007075659129706742,-0.129492,0.28645200000000004,7.636104000000001,76.99507916131792,76.99507916131792,76.99507916131792,76.99507916131792,-0.039968039870670144,-0.0005235987755982988,-0.006806784082777885,65.0,2.39,0.0,2,2,30.0,4,0.1,23.585,0.12,52.6491976,9.7462191,33.83,33.38,52.6491875,9.746209799999999,-0.013264502315156905,-0.021467549799530253,4.229630909283058,-10.885,-20.93,-0.09,23.582142,0.09486726,0.38759333
0 days 00:00:00.480000,-0.0007075659129706742,0.26290800000000003,0.6396120000000001,9.452916,76.82793110825845,76.82793110825845,76.82793110825845,76.82793110825845,-0.03228859116189509,0.04921828490624009,-0.005759586531581288,65.0,2.39,0.0,2,2,30.0,4,0.11,23.59,0.125,52.6491976,9.7462191,33.83,33.38,52.6491857,9.7462082,-0.013613568165555772,-0.02181661564992912,4.229630909283058,-10.885,-20.93,-0.09,23.587112,0.10468554,0.3911042
0 days 00:00:00.490000,-0.0007075659129706742,-1.15758,0.03531600000000001,10.975428,77.08199614890886,77.08199614890886,77.08199614890886,77.08199614890886,-0.026703537555513242,0.033335788713091695,-0.006806784082777885,65.0,2.39,0.0,2,2,30.0,4,0.12,23.575,0.11,52.649188099999996,9.7462112,33.83,33.37,52.649183699999995,9.7462067,-0.013962634015954637,-0.022165681500327987,4.229456376357859,-10.825000000000001,-20.985,-0.105,23.571648,0.11422834,0.41417548
0 days 00:00:00.500000,-0.0007075659129706742,-0.6670800000000001,-0.10594800000000001,9.413676,77.59681215233205,77.59681215233205,77.59681215233205,77.59681215233205,-0.03368485456349056,-0.024434609527920613,-0.007504915783575617,65.0,2.39,0.0,2,2,30.0,4,0.12,23.57,0.115,52.649188099999996,9.7462112,33.83,33.37,52.6491818,9.7462051,-0.014311699866353503,-0.02199114857512855,4.229456376357859,-10.825000000000001,-20.985,-0.105,23.56683,0.114215754,0.40499344
0 days 00:00:00.510000,-0.0007075659129706742,1.1458080000000002,-0.13734000000000002,10.316196000000001,77.93779418057338,77.93779418057338,77.93779418057338,77.93779418057338,-0.04206243497306335,0.004363323129985824,-0.010122909661567111,65.0,2.39,0.0,2,2,30.0,4,0.12,23.585,0.11,52.649188099999996,9.7462112,33.83,33.37,52.649179999999994,9.7462035,-0.014660765716752368,-0.02199114857512855,4.229456376357859,-10.825000000000001,-20.985,-0.105,23.581715,0.11399625,0.4103613
0 days 00:00:00.520000,-0.0007075659129706742,-1.3812480000000003,-0.074556,10.469232000000002,78.04476893453145,78.04476893453145,78.04476893453145,78.04476893453145,-0.04729842272904633,-0.03228859116189509,-0.010122909661567111,65.0,2.39,0.0,2,2,30.0,4,0.125,23.57,0.1,52.649188099999996,9.7462112,33.83,33.37,52.6491781,9.746201899999999,-0.015184364492350668,-0.021642082724729686,4.229281843432659,-10.825000000000001,-20.985,-0.105,23.566645,0.11875892,0.41193822
0 days 00:00:00.530000,-0.0007075659129706742,-1.29492,-0.20012400000000002,9.990504,77.73053059477962,77.73053059477962,77.73053059477962,77.73053059477962,-0.04939281783143952,-0.07696902001294993,-0.010471975511965976,65.0,2.39,0.0,2,2,30.0,4,0.135,23.55,0.1,52.649179399999994,9.7462039,33.77,33.36,52.6491762,9.7462003,-0.015707963267948967,-0.02076941809873252,4.229107310507461,-10.790000000000001,-20.955000000000002,-0.085,23.546997,0.12887153,0.3911786
0 days 00:00:00.540000,-0.0007075659129706742,0.7298640000000001,-0.074556,10.728216000000002,77.24245827984595,77.24245827984595,77.24245827984595,77.24245827984595,-0.04625122517784973,-0.0466002910282486,-0.01308996938995747,65.0,2.39,0.0,2,2,30.0,4,0.14,23.56,0.09,52.649179399999994,9.7462039,33.77,33.36,52.6491743,9.746198699999999,-0.016231562043547264,-0.020245819323134222,4.229107310507461,-10.790000000000001,-20.955000000000002,-0.085,23.556993,0.1337006,0.38919863
0 days 00:00:00.550000,-0.0007075659129706742,-0.368856,-0.090252,10.300500000000001,77.06193838254171,77.06193838254171,77.06193838254171,77.06193838254171,-0.04468042885105484,-0.05078908123303499,-0.01291543646475804,65.0,2.39,0.0,2,2,30.0,4,0.145,23.56,0.085,52.649179399999994,9.7462039,33.77,33.36,52.6491724,9.7461971,-0.016580627893946133,-0.019722220547535925,4.22893277758226,-10.790000000000001,-20.955000000000002,-0.085,23.557095,0.13868564,0.3819939
0 days 00:00:00.560000,-0.0007075659129706742,-0.08240400000000002,0.011772000000000001,9.511776000000001,77.31600342319211,77.31600342319211,77.31600342319211,77.31600342319211,-0.038397243543875255,-0.06073745796940267,-0.010297442586766544,65.0,2.39,0.0,2,2,30.0,4,0.145,23.56,0.09,52.649179399999994,9.7462039,33.77,33.36,52.6491705,9.746195499999999,-0.016929693744344994,-0.019198621771937627,4.22893277758226,-10.790000000000001,-20.955000000000002,-0.085,23.557386,0.13884574,0.3647111
0 days 00:00:00.570000,-0.0007075659129706742,0.459108,-0.153036,10.127844,77.59681215233205,77.59681215233205,77.59681215233205,77.59681215233205,-0.025132741228718346,-0.017627825445142728,-0.009948376736367679,65.0,2.39,0.0,2,2,30.0,4,0.15,23.565,0.085,52.649179399999994,9.7462039,33.77,33.36,52.649168599999996,9.7461939,-0.017278759594743863,-0.019024088846738195,4.228758244657061,-10.790000000000001,-20.955000000000002,-0.085,23.562353,0.14370072,0.3658285
0 days 00:00:00.580000,-0.0007075659129706742,-1.2792240000000001,-0.6160680000000002,11.034288,77.91105049208386,77.91105049208386,77.91105049208386,77.91105049208386,-0.020594885173533087,-0.030368728984701335,-0.009250245035569947,65.0,2.39,0.0,2,2,30.0,4,0.145,23.555,0.075,52.649179399999994,9.7462039,33.77,33.35,52.649166799999996,9.746192299999999,-0.017453292519943295,-0.018675022996339326,4.228758244657061,-10.790000000000001,-20.955000000000002,-0.085,23.552294,0.13860993,0.36735272
0 days 00:00:00.590000,-0.0007075659129706742,-0.918216,-0.722016,11.615040000000002,77.87762088147197,77.87762088147197,77.87762088147197,77.87762088147197,-0.013788101090755204,-0.07766715171374766,-0.00942477796076938,65.0,2.39,0.0,2,2,30.0,4,0.15,23.545,0.055,52.64917,9.746196,33.78,33.34,52.649164799999994,9.746190799999999,-0.017627825445142728,-0.017976891295541596,4.228583711731861,-10.765,-20.915,-0.055,23.542183,0.14348555,0.37083876
0 days 00:00:00.600000,-0.0007075659129706742,0.918216,-0.45518400000000003,11.815164000000001,77.63024176294394,77.63024176294394,77.63024176294394,77.63024176294394,-0.008377580409572781,-0.055326937288220246,-0.009948376736367679,65.0,2.39,0.0,2,2,30.0,4,0.145,23.555,0.035,52.64917,9.746196,33.78,33.34,52.649162999999994,9.7461892,-0.017627825445142728,-0.017278759594743863,4.228583711731861,-10.765,-20.915,-0.055,23.55209,0.13842049,0.37448424
0 days 00:00:00.610000,-0.0007075659129706742,-0.26290800000000003,-0.317844,11.462004000000002,77.34943303380402,77.34943303380402,77.34943303380402,77.34943303380402,-0.008552113334772213,-0.05462880558742251,-0.008552113334772213,65.0,2.39,0.0,2,2,30.0,4,0.145,23.555,0.02,52.64917,9.746196,33.78,33.34,52.6491611,9.746187599999999,-0.01780235837034216,-0.016755160819145562,4.228583711731861,-10.765,-20.915,-0.055,23.552029,0.13830768,0.377174
0 days 00:00:00.620000,-0.0007075659129706742,-0.9456840000000001,-0.43556400000000006,10.437840000000001,77.1622272143774,77.1622272143774,77.1622272143774,77.1622272143774,-0.006108652381980153,-0.0747000919853573,-0.007853981633974483,65.0,2.39,0.0,2,2,30.0,4,0.145,23.55,0.01,52.64917,9.746196,33.78,33.34,52.6491592,9.746186,-0.01780235837034216,-0.016057029118347832,4.228409178806663,-10.765,-20.915,-0.055,23.547123,0.13842383,0.37065095
0 days 00:00:00.630000,-0.0007075659129706742,0.031392,-0.17658000000000004,9.794304,77.32937526743689,77.32937526743689,77.32937526743689,77.32937526743689,-0.00645771823237902,-0.05166174585903216,-0.006632251157578452,65.0,2.39,0.0,2,2,30.0,4,0.15,23.55,0.01,52.64917,9.746196,33.78,33.34,52.6491573,9.746184399999999,-0.017976891295541596,-0.015533430342749533,4.228409178806663,-10.765,-20.915,-0.055,23.547312,0.14357996,0.35843766
0 days 00:00:00.640000,-0.0007075659129706742,-0.21582000000000004,-0.09417600000000001,10.465308,77.50320924261874,77.50320924261874,77.50320924261874,77.50320924261874,-0.008203047484373348,-0.034208453339088854,-0.003490658503988659,65.0,2.39,0.0,2,2,30.0,4,0.155,23.55,0.01,52.649160599999995,9.746188,33.76,33.33,52.6491554,9.746182899999999,-0.017976891295541596,-0.015184364492350668,4.228409178806663,-10.77,-20.885,-0.045,23.547438,0.1487269,0.3503093
0 days 00:00:00.650000,-0.0007075659129706742,-0.6278400000000001,-0.545436,10.908720000000002,77.71047282841249,77.71047282841249,77.71047282841249,77.71047282841249,-0.002617993877991494,-0.05375614096142535,-0.0012217304763960308,65.0,2.39,0.0,2,2,30.0,4,0.15,23.545,-0.0,52.649160599999995,9.746188,33.76,33.33,52.6491535,9.7461813,-0.017976891295541596,-0.014660765716752368,4.228409178806663,-10.77,-20.885,-0.045,23.542469,0.14377092,0.34781596
0 days 00:00:00.660000,-0.0007075659129706742,0.5375880000000001,-0.557208,11.250108,77.73053059477962,77.73053059477962,77.73053059477962,77.73053059477962,0.0022689280275926286,-0.04258603374866164,-0.0005235987755982988,65.0,2.39,0.0,2,2,30.0,4,0.15,23.55,-0.015,52.649160599999995,9.746188,33.76,33.33,52.649151599999996,9.746179699999999,-0.017976891295541596,-0.014311699866353503,4.228409178806663,-10.77,-20.885,-0.045,23.547373,0.14364776,0.354667
0 days 00:00:00.670000,-0.0007075659129706742,0.07063200000000001,-0.5768280000000001,11.465928000000002,77.48315147625159,77.48315147625159,77.48315147625159,77.48315147625159,0.006108652381980153,-0.028972465583105875,-0.00034906585039886593,65.0,2.39,0.0,2,2,30.0,4,0.145,23.555,-0.03,52.649160599999995,9.746188,33.76,33.33,52.649149799999996,9.7461781,-0.017976891295541596,-0.013962634015954637,4.228409178806663,-10.77,-20.885,-0.045,23.552284,0.13852543,0.36142477
0 days 00:00:00.680000,-0.0007075659129706742,-0.74556,-0.45518400000000003,10.186704,77.32937526743689,77.32937526743689,77.32937526743689,77.32937526743689,0.006806784082777885,-0.053232542185827056,0.0013962634015954637,65.0,2.39,0.0,2,2,30.0,4,0.14,23.545,-0.035,52.649160599999995,9.746188,33.76,33.34,52.649147899999996,9.746176499999999,-0.017976891295541596,-0.013439035240356337,4.228409178806663,-10.77,-20.885,-0.045,23.542402,0.13366048,0.35386923
0 days 00:00:00.690000,-0.0007075659129706742,0.41594400000000004,-0.317844,10.512396,77.24245827984595,77.24245827984595,77.24245827984595,77.24245827984595,0.00890117918517108,-0.02129301687433082,0.0015707963267948967,65.0,2.39,0.0,2,2,30.0,4,0.14,23.55,-0.04,52.6491512,9.7461799,33.76,33.33,52.649145999999995,9.746175,-0.01780235837034216,-0.013264502315156905,4.228409178806663,-10.81,-20.865000000000002,-0.005,23.547398,0.1337052,0.35480273
0 days 00:00:00.700000,-0.0007075659129706742,-0.7416360000000001,-0.34531200000000006,10.598724,77.19565682498931,77.19565682498931,77.19565682498931,77.19565682498931,0.009948376736367679,-0.01937315469713706,0.002967059728390361,65.0,2.39,0.0,2,2,30.0,4,0.135,23.545,-0.045,52.6491512,9.7461799,33.76,33.33,52.6491441,9.7461734,-0.017627825445142728,-0.013089969389957472,4.228583711731861,-10.81,-20.865000000000002,-0.005,23.542395,0.12875336,0.35551545
0 days 00:00:00.710000,-0.0007075659129706742,-0.5650560000000001,-0.4434120000000001,10.076832000000001,77.31600342319211,77.31600342319211,77.31600342319211,77.31600342319211,0.01064650843716541,-0.032463124087094536,0.004014257279586958,65.0,2.39,0.0,2,2,30.0,4,0.135,23.54,-0.05,52.6491512,9.7461799,33.76,33.33,52.6491422,9.746171799999999,-0.017627825445142728,-0.012740903539558606,4.228583711731861,-10.81,-20.865000000000002,-0.005,23.537453,0.12881123,0.35223398
0 days 00:00:00.720000,-0.0007075659129706742,0.56898,-0.306072,10.630116000000001,77.46309370988446,77.46309370988446,77.46309370988446,77.46309370988446,0.014660765716752367,-0.0006981317007977319,0.0041887902047863905,65.0,2.39,0.0,2,2,30.0,4,0.13,23.55,-0.055,52.6491512,9.7461799,33.76,33.33,52.6491403,9.7461702,-0.017453292519943295,-0.012740903539558606,4.228583711731861,-10.81,-20.865000000000002,-0.005,23.547388,0.12378397,0.35725045
0 days 00:00:00.730000,-0.0007075659129706742,-0.3924,-0.46695600000000004,10.453536000000001,77.49652332049635,77.49652332049635,77.49652332049635,77.49652332049635,0.016406094968746697,-0.0020943951023931952,0.0038397243543875246,65.0,2.39,0.0,2,2,30.0,4,0.125,23.545,-0.065,52.6491512,9.7461799,33.76,33.33,52.6491385,9.746168599999999,-0.017278759594743863,-0.012740903539558606,4.228758244657061,-10.81,-20.865000000000002,-0.005,23.542261,0.1186754,0.36707643
0 days 00:00:00.740000,-0.0007075659129706742,-0.317844,-0.42771600000000004,10.100376,77.50320924261874,77.50320924261874,77.50320924261874,77.50320924261874,0.016755160819145562,-0.011868238913561443,0.0041887902047863905,65.0,2.39,0.0,2,2,30.0,4,0.12,23.55,-0.075,52.6491416,9.7461712,33.9,33.32,52.6491365,9.746167,-0.01710422666954443,-0.012566370614359171,4.228758244657061,-10.870000000000001,-20.945,0.14,23.547197,0.11363838,0.37292245
0 days 00:00:00.750000,-0.0007075659129706742,0.506196,-0.463032,10.630116000000001,77.35611895592639,77.35611895592639,77.35611895592639,77.35611895592639,0.01658062789394613,0.010471975511965976,0.0036651914291880917,65.0,2.39,0.0,2,2,30.0,4,0.115,23.555,-0.08,52.6491416,9.7461712,33.9,33.32,52.6491347,9.746165399999999,-0.016929693744344994,-0.012740903539558606,4.228758244657061,-10.870000000000001,-20.945,0.14,23.552069,0.108548895,0.38198975
0 days 00:00:00.760000,-0.0007075659129706742,-0.459108,-0.30999600000000005,10.316196000000001,77.28925973470261,77.28925973470261,77.28925973470261,77.28925973470261,0.016929693744344998,0.0031415926535897933,0.0041887902047863905,65.0,2.39,0.0,2,2,30.0,4,0.115,23.555,-0.085,52.6491416,9.7461712,33.9,33.32,52.6491328,9.7461638,-0.016755160819145562,-0.012740903539558606,4.22893277758226,-10.870000000000001,-20.945,0.14,23.552004,0.1085318,0.3869697
0 days 00:00:00.770000,-0.0005896382608088951,-0.278604,-0.21189600000000003,9.762912000000002,77.21571459135643,77.21571459135643,77.21571459135643,77.21571459135643,0.01780235837034216,0.0024434609527920616,0.004886921905584123,64.0,2.39,0.0,2,2,30.0,4,0.115,23.555,-0.085,52.6491416,9.7461712,33.9,33.33,52.649130899999996,9.746162199999999,-0.016580627893946133,-0.012740903539558606,4.22893277758226,-10.870000000000001,-20.945,0.14,23.552004,0.10859934,0.38695073
0 days 00:00:00.780000,-0.0005896382608088951,0.125568,-0.145188,10.045440000000001,77.1622272143774,77.1622272143774,77.1622272143774,77.1622272143774,0.01937315469713706,0.02199114857512855,0.005235987755982988,64.0,2.39,0.0,2,2,30.0,4,0.11,23.555,-0.09,52.6491416,9.7461712,33.9,33.33,52.649128999999995,9.7461606,-0.0164060949687467,-0.013089969389957472,4.22893277758226,-10.870000000000001,-20.945,0.14,23.551804,0.10345065,0.4000687
0 days 00:00:00.790000,-0.0005896382608088951,-0.5768280000000001,-0.24328800000000003,9.739368,77.24245827984595,77.24245827984595,77.24245827984595,77.24245827984595,0.019896753472735357,0.0158824961931484,0.004886921905584123,64.0,2.39,0.0,2,2,30.0,4,0.105,23.555,-0.09,52.649132099999996,9.7461632,33.910000000000004,33.32,52.649127099999994,9.7461591,-0.016231562043547264,-0.013264502315156905,4.229107310507461,-10.905,-20.935,0.125,23.551735,0.09845441,0.40407953
0 days 00:00:00.800000,-0.0005896382608088951,-0.27468000000000004,-0.16873200000000002,9.53532,77.38286264441591,77.38286264441591,77.38286264441591,77.38286264441591,0.023212879051524585,0.012042771838760874,0.004537856055185257,64.0,2.39,0.0,2,2,30.0,4,0.105,23.555,-0.09,52.649132099999996,9.7461632,33.910000000000004,33.32,52.6491252,9.746157499999999,-0.0158824961931484,-0.013439035240356337,4.229107310507461,-10.905,-20.935,0.125,23.551664,0.09853017,0.40815514
0 days 00:00:00.810000,-0.0005896382608088951,0.184428,-0.20404800000000003,9.594180000000001,77.40960633290543,77.40960633290543,77.40960633290543,77.40960633290543,0.02548180707911721,0.026529004630313806,0.004886921905584123,64.0,2.39,0.0,2,2,30.0,4,0.1,23.555,-0.085,52.649132099999996,9.7461632,33.910000000000004,33.32,52.6491234,9.7461559,-0.015707963267948967,-0.013613568165555772,4.229107310507461,-10.905,-20.935,0.125,23.551659,0.093615994,0.4071705
0 days 00:00:00.820000,-0.0005896382608088951,-0.28645200000000004,-0.24328800000000003,9.633420000000001,77.40960633290543,77.40960633290543,77.40960633290543,77.40960633290543,0.02775073510670984,0.023387411976724018,0.005235987755982988,64.0,2.39,0.0,2,2,30.0,4,0.1,23.555,-0.085,52.649132099999996,9.7461632,33.910000000000004,33.32,52.6491215,9.7461542,-0.0153588974175501,-0.013962634015954637,4.229281843432659,-10.905,-20.935,0.125,23.551517,0.093631856,0.4153579
0 days 00:00:00.830000,-0.0005896382608088951,-0.074556,-0.290376,9.79038,77.35611895592639,77.35611895592639,77.35611895592639,77.35611895592639,0.028448866807507574,0.019547687622336492,0.004363323129985824,64.0,2.39,0.0,2,2,30.0,4,0.095,23.555,-0.085,52.649132099999996,9.7461632,33.910000000000004,33.32,52.6491196,9.7461526,-0.015009831567151233,-0.014137166941154071,4.229281843432659,-10.905,-20.935,0.125,23.551445,0.0887157,0.41936016
0 days 00:00:00.840000,-0.0005896382608088951,0.0981,-0.090252,9.955188000000001,77.21571459135643,77.21571459135643,77.21571459135643,77.21571459135643,0.024434609527920613,0.02548180707911721,0.0036651914291880917,64.0,2.39,0.0,2,2,30.0,4,0.09,23.565,-0.095,52.6491227,9.7461551,33.92,33.32,52.6491177,9.746151099999999,-0.014835298641951801,-0.014311699866353503,4.229281843432659,-10.925,-20.92,0.17,23.561228,0.08357801,0.43352154
0 days 00:00:00.850000,-0.0004717106086471161,-0.33746400000000004,-0.21582000000000004,9.888480000000001,77.19565682498931,77.19565682498931,77.19565682498931,77.19565682498931,0.020071286397934793,0.021467549799530253,0.0027925268031909274,64.0,2.39,0.0,2,2,30.0,4,0.09,23.56,-0.095,52.6491227,9.7461551,33.92,33.32,52.6491158,9.7461495,-0.014660765716752368,-0.014660765716752368,4.229281843432659,-10.925,-20.92,0.17,23.556076,0.08353418,0.44165713
0 days 00:00:00.860000,-0.0004717106086471161,-0.5258160000000001,-0.003924,9.248868000000002,77.12211168164313,77.12211168164313,77.12211168164313,77.12211168164313,0.013264502315156903,0.012740903539558606,0.0020943951023931952,64.0,2.39,0.0,2,2,30.0,4,0.09,23.555,-0.09,52.6491227,9.7461551,33.92,33.32,52.649113899999996,9.7461479,-0.014486232791552936,-0.014660765716752368,4.229456376357859,-10.925,-20.92,0.17,23.55115,0.08368475,0.43657035
0 days 00:00:00.870000,-0.0004717106086471161,-0.09417600000000001,-0.015696,9.068364,77.14216944801026,77.14216944801026,77.14216944801026,77.14216944801026,0.008552113334772213,0.019896753472735357,0.0017453292519943296,64.0,2.39,0.0,2,2,30.0,4,0.09,23.56,-0.08,52.6491227,9.7461551,33.92,33.32,52.649111999999995,9.7461463,-0.014311699866353503,-0.015009831567151233,4.229456376357859,-10.925,-20.92,0.17,23.556143,0.08378531,0.43485293
0 days 00:00:00.880000,-0.0004717106086471161,-0.180504,0.10202400000000002,9.201780000000001,77.24245827984595,77.24245827984595,77.24245827984595,77.24245827984595,0.0038397243543875246,0.02565634000431664,0.0008726646259971648,64.0,2.39,0.0,2,2,30.0,4,0.09,23.555,-0.075,52.6491227,9.7461551,33.92,33.32,52.649110199999996,9.7461447,-0.014311699866353503,-0.015184364492350668,4.229456376357859,-10.925,-20.92,0.17,23.551146,0.08379911,0.43388903
0 days 00:00:00.890000,-0.0004717106086471161,-0.43556400000000006,-0.05101200000000001,9.017352,77.32937526743689,77.32937526743689,77.32937526743689,77.32937526743689,0.0006981317007977319,0.017104226669544427,0.0015707963267948967,64.0,2.39,0.0,2,2,30.0,4,0.085,23.555,-0.07,52.6491134,9.746146999999999,33.9,33.32,52.6491082,9.7461431,-0.014311699866353503,-0.0153588974175501,4.229456376357859,-10.91,-20.89,0.075,23.551146,0.078812346,0.4329286
0 days 00:00:00.900000,-0.0004717106086471161,0.12164400000000002,-0.019620000000000002,9.299880000000002,77.42966409927257,77.42966409927257,77.42966409927257,77.42966409927257,0.00034906585039886593,0.024085543677521748,0.0006981317007977319,64.0,2.39,0.0,2,2,30.0,4,0.085,23.555,-0.065,52.6491134,9.746146999999999,33.9,33.32,52.6491064,9.7461415,-0.014311699866353503,-0.015533430342749533,4.229456376357859,-10.91,-20.89,0.075,23.55115,0.078825064,0.43203974
0 days 00:00:00.910000,-0.0004717106086471161,-0.066708,-0.10594800000000001,9.755064,77.38286264441591,77.38286264441591,77.38286264441591,77.38286264441591,0.002967059728390361,0.02530727415391778,0.00034906585039886593,64.0,2.39,0.0,2,2,30.0,4,0.085,23.56,-0.06,52.6491134,9.746146999999999,33.9,33.32,52.6491045,9.7461399,-0.014137166941154071,-0.0158824961931484,4.229456376357859,-10.91,-20.89,0.075,23.556074,0.0788538,0.43532658
0 days 00:00:00.920000,-0.0004717106086471161,-0.34531200000000006,-0.062784,9.617724,77.35611895592639,77.35611895592639,77.35611895592639,77.35611895592639,0.00890117918517108,0.013264502315156903,0.00034906585039886593,64.0,2.39,0.0,2,2,30.0,4,0.085,23.555,-0.06,52.6491134,9.746146999999999,33.9,33.32,52.6491026,9.7461383,-0.014137166941154071,-0.016057029118347832,4.229456376357859,-10.91,-20.89,0.075,23.551,0.07879681,0.43935716
0 days 00:00:00.930000,-0.0004717106086471161,0.05886,-0.27075600000000005,9.488232000000002,77.31600342319211,77.31600342319211,77.31600342319211,77.31600342319211,0.015533430342749534,0.01815142422074103,-0.0013962634015954637,64.0,2.39,0.0,2,2,30.0,4,0.085,23.56,-0.055,52.6491134,9.746146999999999,33.9,33.32,52.6491007,9.7461367,-0.013962634015954637,-0.016231562043547264,4.229456376357859,-10.91,-20.89,0.075,23.556004,0.07888478,0.43853575
0 days 00:00:00.940000,-0.0003537829564853371,-0.43556400000000006,-0.18835200000000002,9.476460000000001,77.21571459135643,77.21571459135643,77.21571459135643,77.21571459135643,0.020071286397934793,0.019722220547535925,-0.0027925268031909274,64.0,2.39,0.0,2,2,30.0,4,0.08,23.56,-0.055,52.649104099999995,9.746138799999999,33.94,33.31,52.6490988,9.7461351,-0.013788101090755204,-0.0164060949687467,4.229456376357859,-10.915000000000001,-20.935,0.05,23.555927,0.0739051,0.4425639
0 days 00:00:00.950000,-0.0003537829564853371,-0.7337880000000001,-0.011772000000000001,8.644572000000002,77.14885537013264,77.14885537013264,77.14885537013264,77.14885537013264,0.01937315469713706,0.0024434609527920616,-0.002967059728390361,64.0,2.39,0.0,2,2,30.0,4,0.08,23.555,-0.045,52.649104099999995,9.746138799999999,33.94,33.32,52.649096899999996,9.7461335,-0.013439035240356337,-0.0164060949687467,4.229456376357859,-10.915000000000001,-20.935,0.05,23.551092,0.07419505,0.43245834
0 days 00:00:00.960000,-0.0003537829564853371,0.380628,0.090252,9.292032,77.21571459135643,77.21571459135643,77.21571459135643,77.21571459135643,0.013962634015954637,0.026703537555513242,-0.004014257279586958,64.0,2.39,0.0,2,2,30.0,4,0.085,23.56,-0.035,52.649104099999995,9.746138799999999,33.94,33.32,52.6490951,9.7461319,-0.013439035240356337,-0.016755160819145562,4.229281843432659,-10.915000000000001,-20.935,0.05,23.556107,0.07921737,0.43083167
0 days 00:00:00.970000,-0.0003537829564853371,-0.5846760000000001,-0.011772000000000001,9.496080000000001,77.35611895592639,77.35611895592639,77.35611895592639,77.35611895592639,0.010821041362364843,0.01815142422074103,-0.003490658503988659,64.0,2.39,0.0,2,2,30.0,4,0.085,23.555,-0.035,52.649104099999995,9.746138799999999,33.94,33.32,52.649093199999996,9.746130299999999,-0.013264502315156905,-0.016929693744344994,4.229281843432659,-10.915000000000001,-20.935,0.05,23.551031,0.079239145,0.43484417
0 days 00:00:00.980000,-0.00023585530432355804,-0.29430000000000006,-0.027468000000000003,8.919252,77.50320924261874,77.50320924261874,77.50320924261874,77.50320924261874,0.008203047484373348,0.003490658503988659,-0.002967059728390361,64.0,2.39,0.0,2,2,30.0,4,0.085,23.555,-0.025,52.649104099999995,9.746138799999999,33.94,33.32,52.649091299999995,9.7461287,-0.013264502315156905,-0.016929693744344994,4.229281843432659,-10.915000000000001,-20.935,0.05,23.5512,0.079371765,0.42484647
0 days 00:00:00.990000,-0.00023585530432355804,0.592524,-0.125568,9.959112000000001,77.54332477535301,77.54332477535301,77.54332477535301,77.54332477535301,0.006108652381980153,0.026703537555513242,-0.00471238898038469,64.0,2.39,0.0,2,2,30.0,4,0.085,23.57,-0.03,52.6490946,9.7461308,33.95,33.31,52.6490894,9.7461272,-0.013089969389957472,-0.017278759594743863,4.229281843432659,-10.9,-20.935,0.105,23.565964,0.07926948,0.4383107
0 days 00:00:01,-0.00023585530432355804,-0.9103680000000001,-0.11772,9.798228,77.40960633290543,77.40960633290543,77.40960633290543,77.40960633290543,0.004363323129985824,-0.0008726646259971648,-0.004363323129985824,64.0,2.39,0.0,2,2,30.0,4,0.085,23.56,-0.03,52.6490946,9.7461308,33.95,33.31,52.6490875,9.7461255,-0.013089969389957472,-0.017278759594743863,4.229281843432659,-10.9,-20.935,0.105,23.555964,0.07927174,0.43813795
0 days 00:00:01.010000,-0.00023585530432355804,-0.145188,-0.17265600000000003,9.036972,77.27588789045785,77.27588789045785,77.27588789045785,77.27588789045785,0.0005235987755982988,-0.013264502315156903,-0.00471238898038469,64.0,2.39,0.0,2,2,30.0,4,0.085,23.56,-0.025,52.6490946,9.7461308,33.95,33.31,52.6490856,9.746123899999999,-0.013089969389957472,-0.01710422666954443,4.229107310507461,-10.9,-20.935,0.105,23.556126,0.079390995,0.42902824
0 days 00:00:01.020000,-0.00023585530432355804,0.34531200000000006,0.007848,9.802152000000001,77.1622272143774,77.1622272143774,77.1622272143774,77.1622272143774,-0.002617993877991494,0.020420352248333655,-0.005934119456780722,64.0,2.39,0.0,2,2,30.0,4,0.085,23.565,-0.025,52.6490946,9.7461308,33.95,33.31,52.6490838,9.7461223,-0.013089969389957472,-0.017278759594743863,4.229107310507461,-10.9,-20.935,0.105,23.561052,0.07933605,0.43322554
0 days 00:00:01.030000,-0.00011792765216177902,-1.3851720000000003,-0.074556,9.107604,77.08199614890886,77.08199614890886,77.08199614890886,77.08199614890886,-0.005759586531581288,-0.012740903539558606,-0.0038397243543875246,64.0,2.39,0.0,2,2,30.0,4,0.09,23.555,-0.02,52.6490946,9.7461308,33.95,33.31,52.6490819,9.746120699999999,-0.013089969389957472,-0.017278759594743863,4.229107310507461,-10.9,-20.935,0.105,23.55114,0.08440333,0.4281194
0 days 00:00:01.040000,-0.00011792765216177902,0.11772,-0.074556,8.950644,77.24245827984595,77.24245827984595,77.24245827984595,77.24245827984595,-0.007679448708775049,-0.010471975511965976,-0.002967059728390361,64.0,2.39,0.0,2,2,30.0,4,0.08,23.565,-0.015,52.649085199999995,9.746122699999999,33.96,33.31,52.64908,9.746119199999999,-0.013089969389957472,-0.017278759594743863,4.229107310507461,-10.915000000000001,-20.925,0.095,23.561224,0.07446735,0.42316243
0 days 00:00:01.050000,0.0,0.482652,0.07848000000000001,9.896328000000002,77.40960633290543,77.40960633290543,77.40960633290543,77.40960633290543,-0.011344640137963142,0.022863813201125717,-0.0024434609527920616,64.0,2.39,0.0,2,2,30.0,4,0.08,23.575,-0.015,52.649085199999995,9.746122699999999,33.96,33.31,52.6490781,9.7461176,-0.013264502315156905,-0.017453292519943295,4.229107310507461,-10.915000000000001,-20.925,0.095,23.57115,0.07433663,0.42746183
0 days 00:00:01.060000,0.0,-1.02024,-0.07848000000000001,9.602028,77.54332477535301,77.54332477535301,77.54332477535301,77.54332477535301,-0.015533430342749534,-0.010122909661567111,-0.0017453292519943296,64.0,2.39,0.0,2,2,30.0,4,0.08,23.565,-0.015,52.649085199999995,9.746122699999999,33.96,33.31,52.649076199999996,9.746115999999999,-0.013439035240356337,-0.017278759594743863,4.229107310507461,-10.915000000000001,-20.925,0.095,23.561224,0.07431964,0.4231884
0 days 00:00:01.070000,0.0,0.14126400000000003,-0.30999600000000005,9.617724,77.5165810868635,77.5165810868635,77.5165810868635,77.5165810868635,-0.01815142422074103,-0.01291543646475804,-0.0027925268031909274,64.0,2.39,0.0,2,2,30.0,4,0.08,23.57,-0.01,52.649085199999995,9.746122699999999,33.96,33.31,52.649074299999995,9.7461143,-0.013613568165555772,-0.01710422666954443,4.229107310507461,-10.915000000000001,-20.925,0.095,23.56638,0.07436864,0.4141763
0 days 00:00:01.080000,0.0,0.13734000000000002,-0.23544,9.511776000000001,77.31600342319211,77.31600342319211,77.31600342319211,77.31600342319211,-0.01815142422074103,-0.00471238898038469,-0.003490658503988659,64.0,2.39,0.0,2,2,30.0,4,0.08,23.57,-0.01,52.649085199999995,9.746122699999999,33.96,33.31,52.649072399999994,9.7461127,-0.013788101090755204,-0.01710422666954443,4.229107310507461,-10.915000000000001,-20.925,0.095,23.56638,0.074296355,0.41418922
0 days 00:00:01.090000,0.00011792765216177902,-0.40417200000000003,0.062784,8.726976,77.21571459135643,77.21571459135643,77.21571459135643,77.21571459135643,-0.022863813201125717,-0.013439035240356337,-0.0024434609527920616,64.0,2.39,0.0,2,2,30.0,4,0.085,23.56,0.005,52.6490758,9.7461147,33.96,33.3,52.6490705,9.7461112,-0.013962634015954637,-0.016929693744344994,4.22893277758226,-10.84,-20.865000000000002,-0.03,23.556707,0.079492785,0.39499363
0 days 00:00:01.100000,0.00011792765216177902,0.0981,0.015696,9.641268,76.95496362858366,76.95496362858366,76.95496362858366,76.95496362858366,-0.022689280275926284,0.009599310885968814,-0.0020943951023931952,64.0,2.39,0.0,2,2,30.0,4,0.085,23.565,0.01,52.6490758,9.7461147,33.96,33.3,52.6490687,9.746109599999999,-0.014137166941154071,-0.01710422666954443,4.22893277758226,-10.84,-20.865000000000002,-0.03,23.561726,0.07943518,0.39420524
0 days 00:00:01.110000,0.00011792765216177902,-0.788724,-0.047088000000000005,9.79038,77.14216944801026,77.14216944801026,77.14216944801026,77.14216944801026,-0.022165681500327987,0.0020943951023931952,-0.0019198621771937623,64.0,2.39,0.0,2,2,30.0,4,0.09,23.56,0.01,52.6490758,9.7461147,33.96,33.3,52.6490668,9.746108,-0.014486232791552936,-0.01710422666954443,4.22893277758226,-10.84,-20.865000000000002,-0.03,23.556725,0.08429829,0.39421988
0 days 00:00:01.120000,0.00011792765216177902,-0.51012,-0.30999600000000005,9.912024,77.34943303380402,77.34943303380402,77.34943303380402,77.34943303380402,-0.019198621771937627,-0.006108652381980153,-0.0022689280275926286,64.0,2.39,0.0,2,2,30.0,4,0.085,23.555,0.01,52.6490758,9.7461147,33.96,33.3,52.6490649,9.7461064,-0.014660765716752368,-0.016929693744344994,4.22893277758226,-10.84,-20.865000000000002,-0.03,23.551794,0.07929153,0.38996565
0 days 00:00:01.130000,0.00011792765216177902,0.0,-0.11772,9.715824000000001,77.56338254172015,77.56338254172015,77.56338254172015,77.56338254172015,-0.01832595714594046,-0.0038397243543875246,-0.003316125578789226,64.0,2.39,0.0,2,2,30.0,4,0.09,23.555,0.01,52.6490758,9.7461147,33.96,33.3,52.649063,9.7461047,-0.014835298641951801,-0.016929693744344994,4.22893277758226,-10.84,-20.865000000000002,-0.03,23.551794,0.08422292,0.3900537
0 days 00:00:01.140000,0.00023585530432355804,0.07848000000000001,-0.0981,8.997732000000001,77.46309370988446,77.46309370988446,77.46309370988446,77.46309370988446,-0.023387411976724018,-0.0012217304763960308,-0.002967059728390361,64.0,2.39,0.0,2,2,30.0,4,0.105,23.55,0.025,52.649065799999995,9.7461073,33.76,33.29,52.6490611,9.7461032,-0.015184364492350668,-0.016755160819145562,4.228758244657061,-10.785,-20.875,-0.1,23.547113,0.09937644,0.37112075
0 days 00:00:01.150000,0.00023585530432355804,0.24721200000000002,0.12164400000000002,9.158616000000002,77.31600342319211,77.31600342319211,77.31600342319211,77.31600342319211,-0.028448866807507574,0.01117010721276371,-0.0017453292519943296,64.0,2.39,0.0,2,2,30.0,4,0.105,23.55,0.03,52.649065799999995,9.7461073,33.76,33.29,52.649059199999996,9.7461016,-0.0153588974175501,-0.016929693744344994,4.22893277758226,-10.785,-20.875,-0.1,23.547132,0.09932532,0.37024868
0 days 00:00:01.160000,0.00023585530432355804,-0.251136,-0.066708,9.806076000000001,77.08199614890886,77.08199614890886,77.08199614890886,77.08199614890886,-0.028623399732707003,0.01832595714594046,-0.0010471975511965976,64.0,2.39,0.0,2,2,30.0,4,0.105,23.55,0.03,52.649065799999995,9.7461073,33.76,33.29,52.649057299999996,9.7461,-0.015707963267948967,-0.01710422666954443,4.22893277758226,-10.785,-20.875,-0.1,23.547068,0.099131525,0.37439254
0 days 00:00:01.170000,0.00023585530432355804,-0.6592320000000002,-0.03531600000000001,9.664812000000001,77.31600342319211,77.31600342319211,77.31600342319211,77.31600342319211,-0.023038346126325153,0.006981317007977318,0.0,64.0,2.39,0.0,2,2,30.0,4,0.11,23.545,0.03,52.649065799999995,9.7461073,33.76,33.29,52.649055499999996,9.7460984,-0.0158824961931484,-0.017278759594743863,4.22893277758226,-10.785,-20.875,-0.1,23.542006,0.10400165,0.37851208
0 days 00:00:01.180000,0.00023585530432355804,-0.09417600000000001,-0.3413880000000001,10.276956000000002,77.32937526743689,77.32937526743689,77.32937526743689,77.32937526743689,-0.010122909661567111,0.017104226669544427,-0.0012217304763960308,64.0,2.39,0.0,2,2,30.0,4,0.105,23.545,0.03,52.649065799999995,9.7461073,33.76,33.29,52.649053599999995,9.7460968,-0.016057029118347832,-0.017278759594743863,4.228758244657061,-10.785,-20.875,-0.1,23.542006,0.09893623,0.37844992
0 days 00:00:01.190000,0.00023585530432355804,-0.25506,-0.15696000000000002,10.147464000000001,77.35611895592639,77.35611895592639,77.35611895592639,77.35611895592639,-0.0017453292519943296,0.01117010721276371,-0.0019198621771937623,64.0,2.39,0.0,2,2,30.0,4,0.12,23.54,0.025,52.6490564,9.7460993,33.76,33.29,52.6490517,9.7460952,-0.016231562043547264,-0.017453292519943295,4.228758244657061,-10.8,-20.935,-0.045,23.536852,0.11372178,0.38773033
0 days 00:00:01.200000,0.00023585530432355804,-0.41594400000000004,-0.3296160000000001,9.288108000000001,77.28925973470261,77.28925973470261,77.28925973470261,77.28925973470261,0.0019198621771937623,-0.002967059728390361,-0.0006981317007977319,64.0,2.39,0.0,2,2,30.0,4,0.115,23.54,0.03,52.6490564,9.7460993,33.76,33.28,52.6490498,9.7460936,-0.016231562043547264,-0.017453292519943295,4.22893277758226,-10.8,-20.935,-0.045,23.53694,0.10880359,0.3826506
0 days 00:00:01.210000,0.0003537829564853371,0.1962,-0.13734000000000002,9.323424000000001,77.27588789045785,77.27588789045785,77.27588789045785,77.27588789045785,-0.0010471975511965976,0.01291543646475804,-0.0010471975511965976,64.0,2.39,0.0,2,2,30.0,4,0.115,23.545,0.035,52.6490564,9.7460993,33.76,33.28,52.6490479,9.746091999999999,-0.016231562043547264,-0.017627825445142728,4.228758244657061,-10.8,-20.935,-0.045,23.541958,0.10881663,0.3818476
0 days 00:00:01.220000,0.0003537829564853371,-0.631764,-0.07063200000000001,9.551016,77.28925973470261,77.28925973470261,77.28925973470261,77.28925973470261,-0.00471238898038469,0.00942477796076938,-0.00034906585039886593,64.0,2.39,0.0,2,2,30.0,4,0.12,23.54,0.04,52.6490564,9.7460993,33.76,33.28,52.649046,9.7460904,-0.016231562043547264,-0.017627825445142728,4.228758244657061,-10.8,-20.935,-0.045,23.537048,0.11389853,0.37684205
0 days 00:00:01.230000,0.0003537829564853371,-0.51012,-0.04316400000000001,9.762912000000002,77.49652332049635,77.49652332049635,77.49652332049635,77.49652332049635,-0.0015707963267948967,-0.0024434609527920616,0.0010471975511965976,64.0,2.39,0.0,2,2,30.0,4,0.12,23.535,0.04,52.6490564,9.7460993,33.76,33.28,52.6490442,9.746088799999999,-0.016231562043547264,-0.017627825445142728,4.228758244657061,-10.8,-20.935,-0.045,23.53205,0.11389996,0.37675393
0 days 00:00:01.240000,0.0003537829564853371,0.49050000000000005,-0.33746400000000004,10.210248,77.40960633290543,77.40960633290543,77.40960633290543,77.40960633290543,0.006283185307179587,0.006632251157578452,0.0015707963267948967,64.0,2.39,0.0,2,2,30.0,4,0.125,23.545,0.04,52.649046999999996,9.7460913,33.75,33.28,52.6490422,9.7460873,-0.016231562043547264,-0.01780235837034216,4.22893277758226,-10.82,-20.94,-0.105,23.54198,0.11882976,0.3811196
0 days 00:00:01.250000,0.0003537829564853371,0.29430000000000006,-0.290376,10.167084000000001,77.32937526743689,77.32937526743689,77.32937526743689,77.32937526743689,0.0020943951023931952,0.013788101090755204,0.0005235987755982988,64.0,2.39,0.0,2,2,30.0,4,0.12,23.55,0.035,52.649046999999996,9.7460913,33.75,33.28,52.6490404,9.7460857,-0.016231562043547264,-0.01780235837034216,4.22893277758226,-10.82,-20.94,-0.105,23.546892,0.11374783,0.386126
0 days 00:00:01.260000,0.0003537829564853371,-0.894672,-0.180504,9.794304,77.19565682498931,77.19565682498931,77.19565682498931,77.19565682498931,-0.005934119456780722,-0.007155849933176751,0.0008726646259971648,64.0,2.39,0.0,2,2,30.0,4,0.12,23.54,0.035,52.649046999999996,9.7460913,33.75,33.27,52.649038499999996,9.7460841,-0.016231562043547264,-0.01780235837034216,4.22893277758226,-10.82,-20.94,-0.105,23.536896,0.11375072,0.38594803
0 days 00:00:01.270000,0.0003537829564853371,-0.557208,0.07848000000000001,9.704052,77.06193838254171,77.06193838254171,77.06193838254171,77.06193838254171,-0.004014257279586958,-0.01902408884673819,0.0019198621771937623,64.0,2.39,0.0,2,2,30.0,4,0.12,23.54,0.035,52.649046999999996,9.7460913,33.75,33.27,52.649036599999995,9.7460825,-0.016231562043547264,-0.017627825445142728,4.22893277758226,-10.82,-20.94,-0.105,23.536959,0.113817394,0.38184062
0 days 00:00:01.280000,0.0003537829564853371,-0.090252,-0.16873200000000002,10.096452000000001,77.14216944801026,77.14216944801026,77.14216944801026,77.14216944801026,0.002617993877991494,-0.002967059728390361,0.0031415926535897933,64.0,2.39,0.0,2,2,30.0,4,0.12,23.54,0.035,52.649046999999996,9.7460913,33.75,33.27,52.649034699999994,9.746080899999999,-0.016231562043547264,-0.017627825445142728,4.22893277758226,-10.82,-20.94,-0.105,23.536959,0.113817394,0.38184062
0 days 00:00:01.290000,0.0003537829564853371,-0.6827760000000002,-0.3413880000000001,10.194552000000002,77.40960633290543,77.40960633290543,77.40960633290543,77.40960633290543,0.015533430342749534,-0.020420352248333655,0.004537856055185257,64.0,2.39,0.0,2,2,30.0,4,0.11,23.54,0.03,52.6490376,9.7460832,33.74,33.27,52.6490328,9.7460793,-0.016057029118347832,-0.017453292519943295,4.229107310507461,-10.875,-20.925,-0.03,23.53694,0.10387102,0.3825513
0 days 00:00:01.300000,0.0003537829564853371,0.32176800000000005,-0.33746400000000004,10.12392,77.5165810868635,77.5165810868635,77.5165810868635,77.5165810868635,0.02234021442552742,-0.013788101090755204,0.0038397243543875246,64.0,2.39,0.0,2,2,30.0,4,0.105,23.545,0.025,52.6490376,9.7460832,33.74,33.27,52.6490309,9.746077699999999,-0.0158824961931484,-0.017278759594743863,4.229107310507461,-10.875,-20.925,-0.03,23.541918,0.098922886,0.3834313
0 days 00:00:01.310000,0.0003537829564853371,0.0,-0.3296160000000001,9.817848000000001,77.49652332049635,77.49652332049635,77.49652332049635,77.49652332049635,0.020943951023931952,-0.0024434609527920616,0.0031415926535897933,64.0,2.39,0.0,2,2,30.0,4,0.105,23.55,0.025,52.6490376,9.7460832,33.74,33.27,52.649029,9.7460761,-0.015533430342749533,-0.017278759594743863,4.229107310507461,-10.875,-20.925,-0.03,23.546915,0.09905538,0.3834831
0 days 00:00:01.320000,0.0003537829564853371,-0.596448,-0.133416,9.358740000000001,77.31600342319211,77.31600342319211,77.31600342319211,77.31600342319211,0.01832595714594046,-0.020943951023931952,0.004014257279586958,64.0,2.39,0.0,2,2,30.0,4,0.105,23.545,0.03,52.6490376,9.7460832,33.74,33.27,52.6490272,9.746074499999999,-0.0153588974175501,-0.01710422666954443,4.229281843432659,-10.875,-20.925,-0.03,23.542068,0.09926352,0.37427244
0 days 00:00:01.330000,0.0003537829564853371,0.447336,-0.08632800000000002,10.198476000000001,77.19565682498931,77.19565682498931,77.19565682498931,77.19565682498931,0.01937315469713706,-0.0013962634015954637,0.004363323129985824,64.0,2.39,0.0,2,2,30.0,4,0.105,23.55,0.025,52.6490376,9.7460832,33.74,33.27,52.6490253,9.7460729,-0.015184364492350668,-0.01710422666954443,4.229281843432659,-10.875,-20.925,-0.03,23.546982,0.099251635,0.37933934
0 days 00:00:01.340000,0.0003537829564853371,-0.4198680000000001,-0.33746400000000004,11.069604000000002,77.14885537013264,77.14885537013264,77.14885537013264,77.14885537013264,0.022165681500327987,0.005585053606381855,0.004014257279586958,64.0,2.39,0.0,2,2,30.0,4,0.095,23.55,0.005,52.649028799999996,9.746075399999999,33.77,33.26,52.6490234,9.7460714,-0.015009831567151233,-0.01710422666954443,4.229281843432659,-10.89,-20.900000000000002,0.07,23.54664,0.08901882,0.3991667
0 days 00:00:01.350000,0.0003537829564853371,-1.2753,-0.1962,10.198476000000001,77.14216944801026,77.14216944801026,77.14216944801026,77.14216944801026,0.02583087292951608,-0.034033920413889425,0.004363323129985824,64.0,2.39,0.0,2,2,30.0,4,0.095,23.54,0.005,52.649028799999996,9.746075399999999,33.77,33.26,52.649021499999996,9.746069799999999,-0.014660765716752368,-0.016929693744344994,4.229456376357859,-10.89,-20.900000000000002,0.07,23.536713,0.08922089,0.3948571
0 days 00:00:01.360000,0.0003537829564853371,0.5415120000000001,-0.11772,9.935568000000002,77.21571459135643,77.21571459135643,77.21571459135643,77.21571459135643,0.020594885173533087,-0.006981317007977318,0.0038397243543875246,64.0,2.39,0.0,2,2,30.0,4,0.095,23.55,-0.0,52.649028799999996,9.746075399999999,33.77,33.26,52.649019599999995,9.746068099999999,-0.014486232791552936,-0.016755160819145562,4.229456376357859,-10.89,-20.900000000000002,0.07,23.546694,0.089274466,0.39590028
0 days 00:00:01.370000,0.0003537829564853371,-0.29430000000000006,-0.16873200000000002,10.661508,77.35611895592639,77.35611895592639,77.35611895592639,77.35611895592639,0.015009831567151233,0.003490658503988659,0.0038397243543875246,64.0,2.39,0.0,2,2,30.0,4,0.09,23.545,-0.005,52.649028799999996,9.746075399999999,33.77,33.26,52.649017699999995,9.7460665,-0.014311699866353503,-0.016755160819145562,4.229456376357859,-10.89,-20.900000000000002,0.07,23.54161,0.084273726,0.40072817
0 days 00:00:01.380000,0.0003537829564853371,-1.185048,-0.30999600000000005,9.813924,77.46309370988446,77.46309370988446,77.46309370988446,77.46309370988446,0.015358897417550098,-0.039968039870670144,0.004537856055185257,64.0,2.39,0.0,2,2,30.0,4,0.09,23.535,-0.005,52.649028799999996,9.746075399999999,33.77,33.26,52.649015899999995,9.7460649,-0.014137166941154071,-0.0164060949687467,4.229456376357859,-10.89,-20.900000000000002,0.07,23.53175,0.08446215,0.39233267
0 days 00:00:01.390000,0.0003537829564853371,0.8985960000000001,-0.07063200000000001,9.562788000000001,77.40960633290543,77.40960633290543,77.40960633290543,77.40960633290543,0.011519173063162576,-0.011868238913561443,0.0041887902047863905,64.0,2.39,0.0,2,2,30.0,4,0.075,23.555,-0.005,52.6490185,9.746066599999999,33.75,33.25,52.6490139,9.746063399999999,-0.013962634015954637,-0.0164060949687467,4.229630909283058,-10.905,-20.86,0.005,23.551748,0.06952751,0.3924366
0 days 00:00:01.400000,0.0003537829564853371,0.24328800000000003,-0.03531600000000001,10.371132000000001,77.32937526743689,77.32937526743689,77.32937526743689,77.32937526743689,0.009075712110370514,0.014486232791552938,0.004014257279586958,64.0,2.39,0.0,2,2,30.0,4,0.075,23.56,-0.01,52.6490185,9.746066599999999,33.75,33.25,52.6490121,9.7460618,-0.013788101090755204,-0.016580627893946133,4.229630909283058,-10.905,-20.86,0.005,23.556595,0.06946925,0.4016163
0 days 00:00:01.410000,0.0003537829564853371,-1.134036,-0.05886,10.194552000000002,77.21571459135643,77.21571459135643,77.21571459135643,77.21571459135643,0.009948376736367679,-0.017627825445142728,0.005235987755982988,64.0,2.39,0.0,2,2,30.0,4,0.075,23.55,-0.01,52.6490185,9.746066599999999,33.75,33.25,52.6490102,9.746060199999999,-0.013788101090755204,-0.0164060949687467,4.229630909283058,-10.905,-20.86,0.005,23.546665,0.0695282,0.39734125
0 days 00:00:01.420000,0.0003537829564853371,0.5140440000000001,-0.306072,10.457460000000001,77.19565682498931,77.19565682498931,77.19565682498931,77.19565682498931,0.00942477796076938,-0.004363323129985824,0.0038397243543875246,64.0,2.39,0.0,2,2,30.0,4,0.075,23.555,-0.02,52.6490185,9.746066599999999,33.75,33.25,52.6490083,9.7460586,-0.013613568165555772,-0.016231562043547264,4.229805442208257,-10.905,-20.86,0.005,23.551573,0.06951628,0.40329874
0 days 00:00:01.430000,0.00023585530432355804,-0.349236,-0.05101200000000001,10.445688,77.12211168164313,77.12211168164313,77.12211168164313,77.12211168164313,0.004363323129985824,0.006632251157578452,0.003316125578789226,64.0,2.39,0.0,2,2,30.0,4,0.07,23.555,-0.015,52.6490091,9.7460586,33.74,33.24,52.6490064,9.746057,-0.013613568165555772,-0.0164060949687467,4.229805442208257,-10.865,-20.85,-0.08,23.551584,0.06452884,0.40234196
0 days 00:00:01.440000,0.00023585530432355804,-1.224288,0.05101200000000001,9.425448000000001,77.1622272143774,77.1622272143774,77.1622272143774,77.1622272143774,0.0013962634015954637,-0.030717794835100197,0.00471238898038469,64.0,2.39,0.0,2,2,30.0,4,0.075,23.545,-0.015,52.6490091,9.7460586,33.74,33.24,52.6490045,9.7460554,-0.013613568165555772,-0.016057029118347832,4.229805442208257,-10.865,-20.85,-0.08,23.541725,0.06964248,0.39402917
0 days 00:00:01.450000,0.00023585530432355804,0.6670800000000001,0.04316400000000001,10.316196000000001,77.27588789045785,77.27588789045785,77.27588789045785,77.27588789045785,0.0019198621771937623,0.0027925268031909274,0.004014257279586958,64.0,2.39,0.0,2,2,30.0,4,0.075,23.55,-0.02,52.6490091,9.7460586,33.74,33.24,52.649002599999996,9.7460538,-0.013613568165555772,-0.016057029118347832,4.229805442208257,-10.865,-20.85,-0.08,23.546642,0.06957333,0.39910832
0 days 00:00:01.460000,0.00023585530432355804,-0.5493600000000001,-0.16873200000000002,10.398600000000002,77.40960633290543,77.40960633290543,77.40960633290543,77.40960633290543,0.00017453292519943296,-0.0020943951023931952,0.003316125578789226,64.0,2.39,0.0,2,2,30.0,4,0.07,23.55,-0.025,52.6490091,9.7460586,33.74,33.24,52.649000799999996,9.7460522,-0.013613568165555772,-0.016057029118347832,4.229979975133457,-10.865,-20.85,-0.08,23.546562,0.06450573,0.40403914
0 days 00:00:01.470000,0.00023585530432355804,-0.655308,-0.10202400000000002,9.201780000000001,77.40960633290543,77.40960633290543,77.40960633290543,77.40960633290543,-0.004014257279586958,-0.032812189937493394,0.0041887902047863905,64.0,2.39,0.0,2,2,30.0,4,0.07,23.54,-0.02,52.6490091,9.7460586,33.74,33.24,52.648998899999995,9.7460506,-0.013613568165555772,-0.015707963267948967,4.229979975133457,-10.865,-20.85,-0.08,23.536781,0.06468782,0.3906646
0 days 00:00:01.480000,0.00023585530432355804,1.1065680000000002,-0.054936000000000006,10.037592000000002,77.34943303380402,77.34943303380402,77.34943303380402,77.34943303380402,-0.005061454830783556,0.008552113334772213,0.0022689280275926286,64.0,2.39,0.0,2,2,30.0,4,0.07,23.555,-0.02,52.6490091,9.7460586,33.74,33.24,52.648996999999994,9.746049,-0.013613568165555772,-0.0158824961931484,4.229979975133457,-10.865,-20.85,-0.08,23.55171,0.06462865,0.39501038
0 days 00:00:01.490000,0.00023585530432355804,-0.592524,0.03531600000000001,10.324044,77.27588789045785,77.27588789045785,77.27588789045785,77.27588789045785,-0.0024434609527920616,0.004537856055185257,0.002967059728390361,64.0,2.39,0.0,2,2,30.0,4,0.075,23.545,-0.025,52.6489997,9.7460506,33.74,33.24,52.6489951,9.7460474,-0.013613568165555772,-0.0158824961931484,4.229979975133457,-10.855,-20.87,0.005,23.541634,0.0695623,0.39991853
0 days 00:00:01.500000,0.00023585530432355804,-0.6906240000000001,-0.20012400000000002,9.539244,77.12211168164313,77.12211168164313,77.12211168164313,77.12211168164313,0.0012217304763960308,-0.02076941809873252,0.002617993877991494,64.0,2.39,0.0,2,2,30.0,4,0.07,23.54,-0.02,52.6489997,9.7460506,33.74,33.24,52.6489932,9.7460458,-0.013613568165555772,-0.015707963267948967,4.229979975133457,-10.855,-20.87,0.005,23.536781,0.06468782,0.3906646
0 days 00:00:01.510000,0.00023585530432355804,0.7730280000000002,0.145188,10.112148,77.02850877192982,77.02850877192982,77.02850877192982,77.02850877192982,-0.004537856055185257,0.016929693744344998,0.0010471975511965976,64.0,2.39,0.0,2,2,30.0,4,0.075,23.55,-0.025,52.6489997,9.7460506,33.74,33.24,52.6489913,9.7460442,-0.013613568165555772,-0.0158824961931484,4.229979975133457,-10.855,-20.87,0.005,23.546633,0.06956122,0.39999792
0 days 00:00:01.520000,0.00023585530432355804,-1.1654280000000001,0.223668,10.1043,76.99507916131792,76.99507916131792,76.99507916131792,76.99507916131792,-0.007155849933176751,0.003490658503988659,0.0024434609527920616,64.0,2.39,0.0,2,2,30.0,4,0.075,23.54,-0.025,52.6489997,9.7460506,33.74,33.24,52.6489894,9.7460426,-0.013788101090755204,-0.0158824961931484,4.229979975133457,-10.855,-20.87,0.005,23.536634,0.06949359,0.39985126
0 days 00:00:01.530000,0.00023585530432355804,-0.623916,-0.074556,9.566712,77.28925973470261,77.28925973470261,77.28925973470261,77.28925973470261,-0.004537856055185257,-0.01658062789394613,0.002967059728390361,64.0,2.39,0.0,2,2,30.0,4,0.075,23.535,-0.025,52.6489997,9.7460506,33.74,33.24,52.6489876,9.746041,-0.013788101090755204,-0.015707963267948967,4.230154508058657,-10.855,-20.87,0.005,23.531704,0.06955131,0.3956652
0 days 00:00:01.540000,0.00023585530432355804,0.7063200000000002,-0.20404800000000003,10.257336000000002,77.42966409927257,77.42966409927257,77.42966409927257,77.42966409927257,0.0017453292519943296,0.016231562043547268,0.0017453292519943296,64.0,2.39,0.0,2,2,30.0,4,0.07,23.55,-0.02,52.648990399999995,9.7460428,33.7,33.230000000000004,52.6489857,9.746039399999999,-0.013788101090755204,-0.0158824961931484,4.230154508058657,-10.86,-20.89,-0.055,23.546711,0.06456081,0.3949422
0 days 00:00:01.550000,0.00023585530432355804,-0.7651800000000001,-0.11379600000000001,9.488232000000002,77.54332477535301,77.54332477535301,77.54332477535301,77.54332477535301,0.007679448708775049,-0.006806784082777885,0.0020943951023931952,64.0,2.39,0.0,2,2,30.0,4,0.07,23.54,-0.02,52.648990399999995,9.7460428,33.7,33.230000000000004,52.648983799999996,9.7460378,-0.013613568165555772,-0.0158824961931484,4.230154508058657,-10.86,-20.89,-0.055,23.536713,0.064631894,0.3947722
0 days 00:00:01.560000,0.00023585530432355804,0.30999600000000005,-0.13734000000000002,9.193932,77.32937526743689,77.32937526743689,77.32937526743689,77.32937526743689,0.009075712110370514,-0.0015707963267948967,0.00017453292519943296,64.0,2.39,0.0,2,2,30.0,4,0.07,23.545,-0.015,52.648990399999995,9.7460428,33.7,33.230000000000004,52.648981899999995,9.746036199999999,-0.013613568165555772,-0.015707963267948967,4.230154508058657,-10.86,-20.89,-0.055,23.541859,0.06475481,0.38574418
0 days 00:00:01.570000,0.00023585530432355804,0.5140440000000001,-0.003924,10.171008,77.10873983739837,77.10873983739837,77.10873983739837,77.10873983739837,0.003490658503988659,0.033510321638291124,-0.0006981317007977319,64.0,2.39,0.0,2,2,30.0,4,0.07,23.555,-0.015,52.648990399999995,9.7460428,33.7,33.230000000000004,52.648979999999995,9.7460346,-0.013439035240356337,-0.016057029118347832,4.230154508058657,-10.86,-20.89,-0.055,23.551723,0.06470954,0.39411038
0 days 00:00:01.580000,0.00023585530432355804,-1.243908,-0.066708,9.959112000000001,77.01513692768506,77.01513692768506,77.01513692768506,77.01513692768506,0.0008726646259971648,-0.00017453292519943296,-0.0005235987755982988,64.0,2.39,0.0,2,2,30.0,4,0.075,23.54,-0.02,52.648990399999995,9.7460428,33.7,33.230000000000004,52.6489781,9.746032999999999,-0.013439035240356337,-0.016057029118347832,4.230154508058657,-10.86,-20.89,-0.055,23.536646,0.069645144,0.39893568
0 days 00:00:01.590000,0.00023585530432355804,-0.07063200000000001,0.10987200000000001,9.409752000000001,77.06193838254171,77.06193838254171,77.06193838254171,77.06193838254171,0.0010471975511965976,-0.0038397243543875246,0.0006981317007977319,64.0,2.39,0.0,2,2,30.0,4,0.07,23.545,-0.02,52.6489811,9.7460347,33.7,33.230000000000004,52.6489762,9.7460314,-0.013439035240356337,-0.016057029118347832,4.230154508058657,-10.870000000000001,-20.88,0.115,23.541645,0.064644516,0.39894876
0 days 00:00:01.600000,0.00023585530432355804,0.47872800000000004,0.11772,10.210248,77.12211168164313,77.12211168164313,77.12211168164313,77.12211168164313,0.0015707963267948967,0.03159045946109736,0.0010471975511965976,64.0,2.39,0.0,2,2,30.0,4,0.075,23.55,-0.025,52.6489811,9.7460347,33.7,33.230000000000004,52.6489743,9.746029799999999,-0.013439035240356337,-0.0164060949687467,4.230154508058657,-10.870000000000001,-20.88,0.115,23.54642,0.06946535,0.41231358
0 days 00:00:01.610000,0.00023585530432355804,-1.243908,-0.184428,10.037592000000002,77.32937526743689,77.32937526743689,77.32937526743689,77.32937526743689,0.004014257279586958,0.003316125578789226,0.0010471975511965976,64.0,2.39,0.0,2,2,30.0,4,0.075,23.54,-0.03,52.6489811,9.7460347,33.7,33.230000000000004,52.6489725,9.7460282,-0.013439035240356337,-0.0164060949687467,4.230154508058657,-10.870000000000001,-20.88,0.115,23.53634,0.06940036,0.41714847
0 days 00:00:01.620000,0.00023585530432355804,-0.1962,-0.090252,9.295956,77.38286264441591,77.38286264441591,77.38286264441591,77.38286264441591,0.0015707963267948967,-0.009599310885968814,0.0,64.0,2.39,0.0,2,2,30.0,4,0.075,23.54,-0.025,52.6489811,9.7460347,33.7,33.230000000000004,52.6489706,9.7460266,-0.013439035240356337,-0.0164060949687467,4.230154508058657,-10.870000000000001,-20.88,0.115,23.536423,0.06946755,0.41214958
0 days 00:00:01.630000,0.00023585530432355804,0.6631560000000001,0.023544000000000002,9.715824000000001,77.32937526743689,77.32937526743689,77.32937526743689,77.32937526743689,-0.007330382858376183,0.021642082724729686,-0.0015707963267948967,64.0,2.39,0.0,2,2,30.0,4,0.075,23.545,-0.02,52.6489811,9.7460347,33.7,33.230000000000004,52.6489687,9.746025,-0.013439035240356337,-0.016580627893946133,4.230154508058657,-10.870000000000001,-20.88,0.115,23.541431,0.069478415,0.41134107
0 days 00:00:01.640000,0.00023585530432355804,-1.0084680000000001,-0.03531600000000001,9.272412000000001,77.24245827984595,77.24245827984595,77.24245827984595,77.24245827984595,-0.00942477796076938,-0.008028514559173916,0.0006981317007977319,64.0,2.39,0.0,2,2,30.0,4,0.075,23.535,-0.02,52.648971599999996,9.7460267,33.7,33.22,52.6489668,9.7460235,-0.013613568165555772,-0.0164060949687467,4.230154508058657,-10.85,-20.915,0.045,23.531504,0.06946478,0.4070808
0 days 00:00:01.650000,0.00023585530432355804,0.3924,-0.003924,9.778608,77.18228498074454,77.18228498074454,77.18228498074454,77.18228498074454,-0.0038397243543875246,0.0,0.0013962634015954637,64.0,2.39,0.0,2,2,30.0,4,0.075,23.545,-0.02,52.648971599999996,9.7460267,33.7,33.22,52.648964899999996,9.746021899999999,-0.013613568165555772,-0.0164060949687467,4.230154508058657,-10.85,-20.915,0.045,23.541504,0.06946255,0.40724483
0 days 00:00:01.660000,0.00023585530432355804,0.266832,-0.22759200000000002,10.343664,77.19565682498931,77.19565682498931,77.19565682498931,77.19565682498931,0.003316125578789226,0.02199114857512855,0.0006981317007977319,64.0,2.39,0.0,2,2,30.0,4,0.075,23.545,-0.025,52.648971599999996,9.7460267,33.7,33.22,52.648962999999995,9.7460203,-0.013613568165555772,-0.016755160819145562,4.230154508058657,-10.85,-20.915,0.045,23.541275,0.06928263,0.42046037
0 days 00:00:01.670000,0.00023585530432355804,-1.102644,-0.24328800000000003,9.696204000000002,77.18228498074454,77.18228498074454,77.18228498074454,77.18228498074454,0.006283185307179587,-0.008028514559173916,0.0008726646259971648,64.0,2.39,0.0,2,2,30.0,4,0.075,23.54,-0.02,52.648971599999996,9.7460267,33.7,33.22,52.648961199999995,9.7460186,-0.013439035240356337,-0.016580627893946133,4.230154508058657,-10.85,-20.915,0.045,23.536434,0.06947953,0.4112582
0 days 00:00:01.680000,0.00011792765216177902,0.015696,-0.11379600000000001,9.558864000000002,77.14216944801026,77.14216944801026,77.14216944801026,77.14216944801026,0.0027925268031909274,-0.0041887902047863905,-0.00034906585039886593,64.0,2.39,0.0,2,2,30.0,4,0.075,23.54,-0.02,52.648971599999996,9.7460267,33.7,33.22,52.648959299999994,9.746017,-0.013439035240356337,-0.016580627893946133,4.230154508058657,-10.85,-20.915,0.045,23.536434,0.06947953,0.4112582
0 days 00:00:01.690000,0.00011792765216177902,-0.21974400000000002,-0.133416,9.857088000000003,77.14885537013264,77.14885537013264,77.14885537013264,77.14885537013264,0.0005235987755982988,0.006632251157578452,-0.0008726646259971648,64.0,2.39,0.0,2,2,30.0,4,0.075,23.535,-0.02,52.6489623,9.7460186,33.69,33.21,52.6489574,9.7460155,-0.013439035240356337,-0.016580627893946133,4.230154508058657,-10.835,-20.86,0.025,23.531433,0.06948064,0.41117528
0 days 00:00:01.700000,0.00011792765216177902,-0.7848,-0.015696,9.205704,77.27588789045785,77.27588789045785,77.27588789045785,77.27588789045785,-0.003316125578789226,-0.01815142422074103,0.0005235987755982988,64.0,2.39,0.0,2,2,30.0,4,0.075,23.53,-0.015,52.6489623,9.7460186,33.69,33.21,52.6489555,9.7460139,-0.013439035240356337,-0.0164060949687467,4.230329040983856,-10.835,-20.86,0.025,23.526588,0.06960412,0.40198776
0 days 00:00:01.710000,0.00011792765216177902,0.46695600000000004,-0.066708,9.79038,77.35611895592639,77.35611895592639,77.35611895592639,77.35611895592639,-0.0020943951023931952,0.0,0.0006981317007977319,64.0,2.39,0.0,2,2,30.0,4,0.08,23.535,-0.015,52.6489623,9.7460186,33.69,33.21,52.6489536,9.7460123,-0.013439035240356337,-0.0164060949687467,4.230329040983856,-10.835,-20.86,0.025,23.531586,0.07460257,0.40213698
0 days 00:00:01.720000,0.00011792765216177902,-0.28252800000000006,-0.266832,10.025820000000001,77.38286264441591,77.38286264441591,77.38286264441591,77.38286264441591,0.0012217304763960308,0.004014257279586958,0.0,64.0,2.39,0.0,2,2,30.0,4,0.075,23.535,-0.015,52.6489623,9.7460186,33.69,33.21,52.6489517,9.7460107,-0.013439035240356337,-0.0164060949687467,4.230329040983856,-10.835,-20.86,0.025,23.531586,0.06960302,0.40206978
0 days 00:00:01.730000,0.00011792765216177902,-0.5768280000000001,-0.16088400000000003,9.311652,77.27588789045785,77.27588789045785,77.27588789045785,77.27588789045785,0.0010471975511965976,-0.01884955592153876,0.0005235987755982988,64.0,2.39,0.0,2,2,30.0,4,0.075,23.53,-0.01,52.6489623,9.7460186,33.69,33.21,52.6489499,9.7460091,-0.013439035240356337,-0.016231562043547264,4.230329040983856,-10.835,-20.86,0.025,23.52674,0.06972649,0.3928831
0 days 00:00:01.740000,0.00011792765216177902,0.6749280000000001,-0.027468000000000003,9.704052,77.14885537013264,77.14885537013264,77.14885537013264,77.14885537013264,-0.0010471975511965976,0.00645771823237902,-0.0006981317007977319,64.0,2.39,0.0,2,2,30.0,4,0.085,23.535,-0.005,52.6489525,9.7460104,33.71,33.21,52.648947899999996,9.7460075,-0.013613568165555772,-0.016231562043547264,4.230154508058657,-10.81,-20.86,-0.02,23.531818,0.07972394,0.38811362
0 days 00:00:01.750000,0.00011792765216177902,-0.5611320000000001,-0.0981,9.912024,77.02850877192982,77.02850877192982,77.02850877192982,77.02850877192982,-0.0031415926535897933,0.006283185307179587,0.0,64.0,2.39,0.0,2,2,30.0,4,0.085,23.53,-0.01,52.6489525,9.7460104,33.71,33.21,52.648946099999996,9.7460059,-0.013613568165555772,-0.0164060949687467,4.230329040983856,-10.81,-20.86,-0.02,23.52667,0.07960109,0.39713717
0 days 00:00:01.760000,0.00011792765216177902,-0.875052,-0.054936000000000006,9.217476,77.01513692768506,77.01513692768506,77.01513692768506,77.01513692768506,-0.002967059728390361,-0.01780235837034216,0.0005235987755982988,64.0,2.39,0.0,2,2,30.0,4,0.085,23.525000000000002,-0.0,52.6489525,9.7460104,33.71,33.21,52.648944199999995,9.7460043,-0.013613568165555772,-0.016231562043547264,4.230329040983856,-10.81,-20.86,-0.02,23.5219,0.079794206,0.38295242
0 days 00:00:01.770000,0.00011792765216177902,0.40024800000000005,-0.066708,9.79038,77.1622272143774,77.1622272143774,77.1622272143774,77.1622272143774,-0.0005235987755982988,0.012391837689159739,0.00034906585039886593,64.0,2.39,0.0,2,2,30.0,4,0.085,23.53,-0.0,52.6489525,9.7460104,33.71,33.21,52.648942299999995,9.7460027,-0.013613568165555772,-0.016231562043547264,4.230329040983856,-10.81,-20.86,-0.02,23.526901,0.0797931,0.3830336
0 days 00:00:01.780000,0.00011792765216177902,-0.6003720000000001,-0.16088400000000003,9.86886,77.31600342319211,77.31600342319211,77.31600342319211,77.31600342319211,0.0024434609527920616,0.007155849933176751,0.0005235987755982988,64.0,2.39,0.0,2,2,30.0,4,0.085,23.525000000000002,-0.0,52.6489525,9.7460104,33.71,33.21,52.6489404,9.746001099999999,-0.013613568165555772,-0.0164060949687467,4.230329040983856,-10.81,-20.86,-0.02,23.521833,0.07973832,0.38705742
0 days 00:00:01.790000,0.00011792765216177902,-0.33746400000000004,-0.25506,9.315576,77.38286264441591,77.38286264441591,77.38286264441591,77.38286264441591,0.003490658503988659,-0.010821041362364843,0.0012217304763960308,64.0,2.39,0.0,2,2,30.0,4,0.085,23.52,0.005,52.6489432,9.746002299999999,33.7,33.2,52.6489385,9.7459995,-0.013613568165555772,-0.016231562043547264,4.230329040983856,-10.82,-20.895,-0.04,23.516985,0.07986336,0.3778724
0 days 00:00:01.800000,0.00011792765216177902,0.74556,-0.12164400000000002,9.727596,77.35611895592639,77.35611895592639,77.35611895592639,77.35611895592639,0.00017453292519943296,0.01815142422074103,-0.00017453292519943296,64.0,2.39,0.0,2,2,30.0,4,0.085,23.53,0.005,52.6489432,9.746002299999999,33.7,33.2,52.6489366,9.745997899999999,-0.013613568165555772,-0.0164060949687467,4.230329040983856,-10.82,-20.895,-0.04,23.526917,0.079805255,0.38214058
0 days 00:00:01.810000,0.00011792765216177902,-0.533664,-0.153036,9.970884,77.14885537013264,77.14885537013264,77.14885537013264,77.14885537013264,-0.004363323129985824,0.011519173063162576,-0.0005235987755982988,64.0,2.39,0.0,2,2,30.0,4,0.085,23.525000000000002,0.005,52.6489432,9.746002299999999,33.7,33.2,52.6489348,9.7459963,-0.013613568165555772,-0.016580627893946133,4.230329040983856,-10.82,-20.895,-0.04,23.521849,0.079750486,0.38616347
0 days 00:00:01.820000,0.00011792765216177902,-0.6513840000000001,-0.11379600000000001,9.558864000000002,77.10873983739837,77.10873983739837,77.10873983739837,77.10873983739837,-0.005061454830783556,-0.009599310885968814,0.0,64.0,2.39,0.0,2,2,30.0,4,0.085,23.52,0.005,52.6489432,9.746002299999999,33.7,33.2,52.6489329,9.745994699999999,-0.013613568165555772,-0.0164060949687467,4.230329040983856,-10.82,-20.895,-0.04,23.516916,0.07980749,0.38197654
0 days 00:00:01.830000,0.00011792765216177902,0.3924,-0.15696000000000002,10.025820000000001,77.08199614890886,77.08199614890886,77.08199614890886,77.08199614890886,-0.005235987755982988,0.015707963267948967,-0.0006981317007977319,64.0,2.39,0.0,2,2,30.0,4,0.085,23.525000000000002,0.005,52.6489432,9.746002299999999,33.7,33.2,52.648931,9.7459931,-0.013788101090755204,-0.016580627893946133,4.230329040983856,-10.82,-20.895,-0.04,23.521849,0.07968309,0.38617745
0 days 00:00:01.840000,0.00011792765216177902,-0.6003720000000001,-0.11379600000000001,9.970884,77.06193838254171,77.06193838254171,77.06193838254171,77.06193838254171,-0.005235987755982988,0.005585053606381855,-0.0010471975511965976,64.0,2.39,0.0,2,2,30.0,4,0.09,23.52,0.005,52.648933799999995,9.7459943,33.7,33.19,52.6489291,9.7459916,-0.013788101090755204,-0.016580627893946133,4.230329040983856,-10.825000000000001,-20.900000000000002,-0.025,23.51685,0.08468375,0.3861635
0 days 00:00:01.850000,0.00023585530432355804,-0.5258160000000001,-0.145188,9.445068000000001,77.14885537013264,77.14885537013264,77.14885537013264,77.14885537013264,-0.005061454830783556,-0.006283185307179587,-0.0006981317007977319,64.0,2.39,0.0,2,2,30.0,4,0.09,23.52,0.01,52.648933799999995,9.7459943,33.7,33.19,52.648927199999996,9.745989999999999,-0.013788101090755204,-0.016580627893946133,4.230329040983856,-10.825000000000001,-20.900000000000002,-0.025,23.516933,0.08475269,0.38116467
0 days 00:00:01.860000,0.00023585530432355804,0.11772,-0.11772,10.096452000000001,77.35611895592639,77.35611895592639,77.35611895592639,77.35611895592639,-0.0022689280275926286,0.009773843811168246,-0.0019198621771937623,64.0,2.39,0.0,2,2,30.0,4,0.09,23.52,0.005,52.648933799999995,9.7459943,33.7,33.19,52.648925299999995,9.7459884,-0.013788101090755204,-0.016755160819145562,4.230329040983856,-10.825000000000001,-20.900000000000002,-0.025,23.516783,0.08462717,0.39026752
0 days 00:00:01.870000,0.0003537829564853371,-0.635688,-0.23544,9.923796000000001,77.40960633290543,77.40960633290543,77.40960633290543,77.40960633290543,0.00034906585039886593,-0.006283185307179587,-0.0015707963267948967,64.0,2.39,0.0,2,2,30.0,4,0.09,23.515,0.005,52.648933799999995,9.7459943,33.7,33.19,52.648923499999995,9.745986799999999,-0.013788101090755204,-0.016580627893946133,4.230329040983856,-10.825000000000001,-20.900000000000002,-0.025,23.511848,0.0846849,0.3860806
0 days 00:00:01.880000,0.0005896382608088951,-0.12164400000000002,-0.21582000000000004,9.684432000000001,77.44303594351734,77.44303594351734,77.44303594351734,77.44303594351734,0.0017453292519943296,-0.014835298641951801,-0.0013962634015954637,64.0,2.39,0.0,2,2,30.0,4,0.09,23.515,0.005,52.648933799999995,9.7459943,33.7,33.19,52.648921599999994,9.7459852,-0.013788101090755204,-0.016580627893946133,4.230329040983856,-10.825000000000001,-20.900000000000002,-0.025,23.511848,0.0846849,0.3860806
0 days 00:00:01.890000,0.0007075659129706742,0.45518400000000003,-0.10594800000000001,10.312272000000002,77.19565682498931,77.19565682498931,77.19565682498931,77.19565682498931,-0.0008726646259971648,0.0012217304763960308,-0.002617993877991494,64.0,2.39,0.0,2,2,30.0,4,0.09,23.525000000000002,-0.0,52.6489244,9.7459863,33.7,33.19,52.6489197,9.745983599999999,-0.013788101090755204,-0.016580627893946133,4.230154508058657,-10.825000000000001,-20.88,0.015,23.521767,0.08461369,0.39124522
0 days 00:00:01.900000,0.000825493565132453,-0.5258160000000001,0.15696000000000002,9.98658,77.01513692768506,77.01513692768506,77.01513692768506,77.01513692768506,-0.009948376736367679,-0.012042771838760874,-0.0012217304763960308,64.0,2.39,0.0,2,2,30.0,4,0.09,23.52,-0.0,52.6489244,9.7459863,33.7,33.19,52.6489178,9.745982,-0.013962634015954637,-0.0164060949687467,4.230329040983856,-10.825000000000001,-20.88,0.015,23.516834,0.08460387,0.38707304
0 days 00:00:01.910000,0.0010613488694560112,-0.51012,-0.16088400000000003,10.006200000000002,77.1622272143774,77.1622272143774,77.1622272143774,77.1622272143774,-0.012740903539558606,-0.016929693744344998,-0.0017453292519943296,64.0,2.39,0.0,2,2,30.0,4,0.09,23.52,-0.005,52.6489244,9.7459863,33.7,33.19,52.6489159,9.745980399999999,-0.014137166941154071,-0.016231562043547264,4.230329040983856,-10.825000000000001,-20.88,0.015,23.51682,0.084523655,0.38798255
0 days 00:00:01.920000,0.0012972041737795694,-0.125568,0.015696,8.80938,76.82793110825845,76.82793110825845,76.82793110825845,76.82793110825845,-0.010297442586766544,-0.029845130209103034,0.0,64.0,2.39,0.0,2,2,30.0,4,0.095,23.52,0.005,52.6489244,9.7459863,33.7,33.19,52.648914,9.7459788,-0.014137166941154071,-0.0158824961931484,4.230329040983856,-10.825000000000001,-20.88,0.015,23.517115,0.08978055,0.36984742
0 days 00:00:01.930000,0.0014151318259413483,0.9299880000000001,0.047088000000000005,9.409752000000001,77.06193838254171,77.06193838254171,77.06193838254171,77.06193838254171,-0.015533430342749534,0.022165681500327987,0.0010471975511965976,64.0,2.39,0.0,2,2,30.0,4,0.095,23.53,0.01,52.6489244,9.7459863,33.7,33.19,52.6489122,9.745977199999999,-0.014311699866353503,-0.016231562043547264,4.230329040983856,-10.825000000000001,-20.88,0.015,23.527063,0.089667745,0.3732347
0 days 00:00:01.940000,0.001650987130264906,-1.4126400000000003,0.08632800000000002,9.539244,77.06193838254171,77.06193838254171,77.06193838254171,77.06193838254171,-0.01291543646475804,0.00034906585039886593,0.0022689280275926286,64.0,2.39,0.0,2,2,30.0,4,0.095,23.51,0.005,52.6489141,9.745978299999999,33.6,33.18,52.648910199999996,9.7459756,-0.014486232791552936,-0.016057029118347832,4.230329040983856,-10.83,-20.86,0.105,23.50705,0.08959431,0.3738223
0 days 00:00:01.950000,0.0017689147824266852,-0.47480400000000006,-0.20404800000000003,9.900252000000002,77.28925973470261,77.28925973470261,77.28925973470261,77.28925973470261,-0.01064650843716541,-0.015707963267948967,0.0019198621771937623,64.0,2.39,0.0,2,2,30.0,4,0.09,23.51,0.005,52.6489141,9.745978299999999,33.6,33.18,52.648908399999996,9.745974,-0.014486232791552936,-0.0158824961931484,4.230329040983856,-10.83,-20.86,0.105,23.507114,0.08465427,0.36964753
0 days 00:00:01.960000,0.0017689147824266852,0.545436,-0.231516,11.426688,77.42966409927257,77.42966409927257,77.42966409927257,77.42966409927257,-0.010297442586766544,0.020943951023931952,0.0008726646259971648,64.0,2.39,0.0,2,2,30.0,4,0.09,23.515,-0.015,52.6489141,9.745978299999999,33.6,33.18,52.648906499999995,9.7459724,-0.014660765716752368,-0.016231562043547264,4.230329040983856,-10.83,-20.86,0.105,23.511658,0.08417511,0.39794323
0 days 00:00:01.970000,0.0018868424345884643,-1.3498560000000002,-0.357084,10.292652000000002,77.50320924261874,77.50320924261874,77.50320924261874,77.50320924261874,-0.007504915783575617,-0.027925268031909273,0.0012217304763960308,64.0,2.39,0.0,2,2,30.0,4,0.09,23.505,-0.02,52.6489141,9.745978299999999,33.6,33.18,52.648904599999995,9.7459708,-0.014660765716752368,-0.0158824961931484,4.230329040983856,-10.83,-20.86,0.105,23.501717,0.08422446,0.39457703
0 days 00:00:01.980000,0.0021226977389120225,0.45518400000000003,0.26290800000000003,9.84924,77.38286264441591,77.38286264441591,77.38286264441591,77.38286264441591,-0.0027925268031909274,-0.02565634000431664,0.0020943951023931952,64.0,2.39,0.0,2,2,30.0,4,0.09,23.51,-0.02,52.6489141,9.745978299999999,33.6,33.18,52.6489027,9.7459692,-0.014660765716752368,-0.015707963267948967,4.230329040983856,-10.83,-20.86,0.105,23.506784,0.08428345,0.39055416
0 days 00:00:01.990000,0.0023585530432355803,0.835812,-0.11379600000000001,10.920492,77.18228498074454,77.18228498074454,77.18228498074454,77.18228498074454,0.0036651914291880917,0.021467549799530253,0.0020943951023931952,64.0,2.39,0.0,2,2,30.0,4,0.085,23.525000000000002,-0.03,52.648904699999996,9.7459704,33.61,33.17,52.6489008,9.7459677,-0.014660765716752368,-0.0158824961931484,4.230329040983856,-10.835,-20.865000000000002,0.02,23.521555,0.07907376,0.404819
0 days 00:00:02,0.0024764806953973596,-1.475424,-0.16088400000000003,9.37836,76.89479032948223,76.89479032948223,76.89479032948223,76.89479032948223,0.0015707963267948967,-0.018675022996339326,0.0036651914291880917,64.0,2.39,0.0,2,2,30.0,4,0.085,23.515,-0.025,52.648904699999996,9.7459704,33.61,33.17,52.6488989,9.7459661,-0.014660765716752368,-0.015707963267948967,4.230503573909056,-10.835,-20.865000000000002,0.02,23.511705,0.07920953,0.39555824
0 days 00:00:02.010000,0.002594408347559139,0.290376,0.184428,8.715204000000002,76.89479032948223,76.89479032948223,76.89479032948223,76.89479032948223,-0.007155849933176751,0.0006981317007977319,0.0041887902047863905,64.0,2.39,0.0,2,2,30.0,4,0.085,23.515,-0.015,52.648904699999996,9.7459704,33.61,33.17,52.648897,9.7459645,-0.014660765716752368,-0.015707963267948967,4.230503573909056,-10.835,-20.865000000000002,0.02,23.511862,0.07935612,0.38556054
0 days 00:00:02.020000,0.002594408347559139,0.17658000000000004,0.14126400000000003,10.885176000000001,77.08199614890886,77.08199614890886,77.08199614890886,77.08199614890886,-0.004363323129985824,0.04345869837465881,0.0036651914291880917,64.0,2.39,0.0,2,2,30.0,4,0.09,23.52,-0.025,52.648904699999996,9.7459704,33.61,33.17,52.6488952,9.7459629,-0.014660765716752368,-0.016231562043547264,4.230503573909056,-10.835,-20.865000000000002,0.02,23.516497,0.084027335,0.40802202
0 days 00:00:02.030000,0.002594408347559139,-1.8756720000000002,0.074556,9.060516000000002,77.29594565682498,77.29594565682498,77.29594565682498,77.29594565682498,0.0006981317007977319,-0.03665191429188092,0.006806784082777885,64.0,2.39,0.0,2,2,30.0,4,0.09,23.505,-0.015,52.648904699999996,9.7459704,33.61,33.17,52.6488933,9.7459613,-0.014660765716752368,-0.0158824961931484,4.2306781068342545,-10.835,-20.865000000000002,0.02,23.501797,0.084297754,0.3895782
0 days 00:00:02.040000,0.002594408347559139,1.636308,-0.07063200000000001,9.888480000000001,77.38286264441591,77.38286264441591,77.38286264441591,77.38286264441591,-0.0017453292519943296,0.015184364492350668,0.00645771823237902,64.0,2.39,0.0,2,2,30.0,4,0.095,23.525000000000002,-0.01,52.6488953,9.7459625,33.6,33.160000000000004,52.6488914,9.7459597,-0.014835298641951801,-0.016057029118347832,4.2306781068342545,-10.795,-20.915,-0.06,23.521807,0.08923776,0.38909075
0 days 00:00:02.050000,0.002594408347559139,-0.25506,-0.003924,10.677204000000001,77.32937526743689,77.32937526743689,77.32937526743689,77.32937526743689,-0.006283185307179587,0.01815142422074103,0.007155849933176751,64.0,2.39,0.0,2,2,30.0,4,0.095,23.525000000000002,-0.02,52.6488953,9.7459625,33.6,33.160000000000004,52.648889499999996,9.7459581,-0.014835298641951801,-0.016231562043547264,4.230852639759455,-10.795,-20.915,-0.06,23.521576,0.08902853,0.40319315
0 days 00:00:02.060000,0.0027123359997209178,-1.7736480000000003,0.184428,9.527472000000001,77.18228498074454,77.18228498074454,77.18228498074454,77.18228498074454,-0.00645771823237902,-0.04136430327226561,0.009599310885968814,64.0,2.39,0.0,2,2,30.0,4,0.095,23.51,-0.015,52.6488953,9.7459625,33.6,33.160000000000004,52.648887599999995,9.7459565,-0.014835298641951801,-0.0158824961931484,4.230852639759455,-10.795,-20.915,-0.06,23.506796,0.08922802,0.3897465
0 days 00:00:02.070000,0.0027123359997209178,1.0791000000000002,-0.09417600000000001,10.006200000000002,77.10873983739837,77.10873983739837,77.10873983739837,77.10873983739837,-0.008028514559173916,-0.007155849933176751,0.010297442586766544,64.0,2.39,0.0,2,2,30.0,4,0.09,23.52,-0.015,52.6488953,9.7459625,33.6,33.160000000000004,52.6488857,9.7459549,-0.015009831567151233,-0.015707963267948967,4.231027172684653,-10.795,-20.915,-0.06,23.516863,0.08421979,0.3857418
0 days 00:00:02.080000,0.0027123359997209178,0.0,0.015696,10.35936,77.02850877192982,77.02850877192982,77.02850877192982,77.02850877192982,-0.013788101090755204,0.014137166941154071,0.009948376736367679,64.0,2.39,0.0,2,2,30.0,4,0.09,23.525000000000002,-0.025,52.6488953,9.7459625,33.6,33.160000000000004,52.648883899999994,9.7459533,-0.015184364492350668,-0.0158824961931484,4.231027172684653,-10.795,-20.915,-0.06,23.521635,0.083937116,0.39993742
0 days 00:00:02.090000,0.0027123359997209178,-1.3734000000000002,0.129492,8.883936,77.08199614890886,77.08199614890886,77.08199614890886,77.08199614890886,-0.014835298641951801,-0.02757620218151041,0.011519173063162576,64.0,2.39,0.0,2,2,30.0,4,0.09,23.51,-0.01,52.6488855,9.7459537,33.6,33.160000000000004,52.6488819,9.745951699999999,-0.0153588974175501,-0.015707963267948967,4.231201705609854,-10.81,-20.925,-0.05,23.506943,0.08416433,0.3806153
0 days 00:00:02.100000,0.0027123359997209178,0.9299880000000001,0.45126,8.522928,76.8413029525032,76.8413029525032,76.8413029525032,76.8413029525032,-0.010821041362364843,0.009599310885968814,0.012391837689159739,64.0,2.39,0.0,2,2,30.0,4,0.095,23.52,0.005,52.6488855,9.7459537,33.6,33.160000000000004,52.64888,9.7459501,-0.0153588974175501,-0.015707963267948967,4.231376238535052,-10.81,-20.925,-0.05,23.517178,0.08939167,0.36585277
0 days 00:00:02.110000,0.0027123359997209178,0.48657600000000006,0.20404800000000003,9.252792000000001,77.01513692768506,77.01513692768506,77.01513692768506,77.01513692768506,-0.010821041362364843,0.04747295565424577,0.015009831567151233,64.0,2.39,0.0,2,2,30.0,4,0.095,23.53,0.01,52.6488855,9.7459537,33.6,33.160000000000004,52.6488782,9.745948499999999,-0.015533430342749533,-0.016231562043547264,4.2315507714602525,-10.81,-20.925,-0.05,23.527063,0.08921168,0.37334394
0 days 00:00:02.120000,0.0027123359997209178,-1.51074,0.090252,9.154692,76.9415917843389,76.9415917843389,76.9415917843389,76.9415917843389,-0.006981317007977318,0.009948376736367679,0.017627825445142728,64.0,2.39,0.0,2,2,30.0,4,0.09,23.515,0.015,52.6488855,9.7459537,33.6,33.160000000000004,52.6488763,9.7459469,-0.015533430342749533,-0.016231562043547264,4.231725304385451,-10.81,-20.925,-0.05,23.512146,0.08429373,0.36802414
0 days 00:00:02.130000,0.0027123359997209178,0.5415120000000001,-0.074556,9.621648,77.21571459135643,77.21571459135643,77.21571459135643,77.21571459135643,-0.004363323129985824,0.02949606435870417,0.0158824961931484,64.0,2.39,0.0,2,2,30.0,4,0.09,23.52,0.02,52.6488855,9.7459537,33.6,33.160000000000004,52.6488744,9.745945299999999,-0.015533430342749533,-0.016580627893946133,4.231899837310651,-10.81,-20.925,-0.05,23.5171,0.08424261,0.37131462
0 days 00:00:02.140000,0.0027123359997209178,0.10594800000000001,-0.357084,11.399220000000001,77.27588789045785,77.27588789045785,77.27588789045785,77.27588789045785,-0.00034906585039886593,0.05689773361501515,0.013264502315156903,64.0,2.39,0.0,2,2,30.0,4,0.08,23.525000000000002,-0.0,52.6488756,9.745945299999999,33.65,33.15,52.648872499999996,9.7459438,-0.015533430342749533,-0.01710422666954443,4.231899837310651,-10.83,-20.905,0.02,23.521559,0.07374061,0.4035514
0 days 00:00:02.150000,0.0027123359997209178,-1.9894680000000002,0.0,9.817848000000001,77.34943303380402,77.34943303380402,77.34943303380402,77.34943303380402,-0.005061454830783556,-0.013264502315156903,0.012566370614359173,64.0,2.39,0.0,2,2,30.0,4,0.075,23.505,-0.0,52.6488756,9.745945299999999,33.65,33.15,52.648870599999995,9.7459422,-0.015533430342749533,-0.01710422666954443,4.23207437023585,-10.83,-20.905,0.02,23.50156,0.06874653,0.4031317
0 days 00:00:02.160000,0.0027123359997209178,1.0791000000000002,0.24721200000000002,8.915328,77.14216944801026,77.14216944801026,77.14216944801026,77.14216944801026,-0.01117010721276371,0.009599310885968814,0.01064650843716541,64.0,2.39,0.0,2,2,30.0,4,0.08,23.52,0.01,52.6488756,9.745945299999999,33.65,33.15,52.648868699999994,9.745940599999999,-0.015707963267948967,-0.01710422666954443,4.23224890316105,-10.83,-20.905,0.02,23.516731,0.07382857,0.39348143
0 days 00:00:02.170000,0.0027123359997209178,0.6749280000000001,0.28645200000000004,9.072288,76.78781557552418,76.78781557552418,76.78781557552418,76.78781557552418,-0.015184364492350668,0.05375614096142535,0.011344640137963142,64.0,2.39,0.0,2,2,30.0,4,0.08,23.53,0.015,52.6488756,9.745945299999999,33.65,33.15,52.6488668,9.745939,-0.0158824961931484,-0.017627825445142728,4.23224890316105,-10.83,-20.905,0.02,23.52661,0.07364093,0.4009837
0 days 00:00:02.180000,0.0027123359997209178,-1.4008680000000002,0.5729040000000001,7.820532000000001,76.78112965340179,76.78112965340179,76.78112965340179,76.78112965340179,-0.015707963267948967,0.016406094968746697,0.0158824961931484,64.0,2.39,0.0,2,2,30.0,4,0.085,23.515,0.035,52.6488756,9.745945299999999,33.65,33.15,52.648865,9.745937399999999,-0.016057029118347832,-0.01780235837034216,4.232423436086249,-10.83,-20.905,0.02,23.511898,0.078829736,0.3849212
0 days 00:00:02.190000,0.0027123359997209178,0.7848,0.317844,8.982036,76.92153401797175,76.92153401797175,76.92153401797175,76.92153401797175,-0.011519173063162576,0.05689773361501515,0.016406094968746697,64.0,2.39,0.0,2,2,30.0,4,0.075,23.52,0.04,52.648866399999996,9.7459372,33.64,33.14,52.648863,9.7459358,-0.016057029118347832,-0.01832595714594046,4.232597969011449,-10.82,-20.865000000000002,0.045,23.516785,0.06871216,0.39216292
0 days 00:00:02.200000,0.0027123359997209178,-0.20012400000000002,-0.07063200000000001,10.190628,77.21571459135643,77.21571459135643,77.21571459135643,77.21571459135643,-0.007853981633974483,0.07400196028455958,0.015358897417550098,64.0,2.39,0.0,2,2,30.0,4,0.075,23.52,0.035,52.648866399999996,9.7459372,33.64,33.14,52.6488611,9.745934199999999,-0.016057029118347832,-0.019024088846738195,4.232772501936648,-10.82,-20.865000000000002,0.045,23.51641,0.068368286,0.41357696
0 days 00:00:02.210000,0.002594408347559139,-1.3498560000000002,-0.11772,9.707976,77.38286264441591,77.38286264441591,77.38286264441591,77.38286264441591,-0.005934119456780722,0.016406094968746697,0.013264502315156903,64.0,2.39,0.0,2,2,30.0,4,0.07,23.51,0.035,52.648866399999996,9.7459372,33.64,33.14,52.6488593,9.7459326,-0.016231562043547264,-0.019198621771937627,4.232947034861848,-10.82,-20.865000000000002,0.045,23.506338,0.06323325,0.41741964
0 days 00:00:02.220000,0.002594408347559139,0.5258160000000001,0.21189600000000003,8.962416000000001,77.34943303380402,77.34943303380402,77.34943303380402,77.34943303380402,-0.006283185307179587,0.017453292519943295,0.01064650843716541,64.0,2.39,0.0,2,2,30.0,4,0.07,23.52,0.045,52.648866399999996,9.7459372,33.64,33.14,52.6488574,9.745930999999999,-0.016231562043547264,-0.01937315469713706,4.232947034861848,-10.82,-20.865000000000002,0.045,23.516459,0.0633258,0.41171858
0 days 00:00:02.230000,0.002594408347559139,-0.07063200000000001,0.28252800000000006,9.547092000000001,77.19565682498931,77.19565682498931,77.19565682498931,77.19565682498931,-0.007679448708775049,0.0317649923862968,0.010471975511965976,64.0,2.39,0.0,2,2,30.5,4,0.075,23.52,0.045,52.648866399999996,9.7459372,33.64,33.14,52.648855499999996,9.7459294,-0.016231562043547264,-0.019722220547535925,4.233121567787046,-10.82,-20.865000000000002,0.045,23.516314,0.06819191,0.42000747
0 days 00:00:02.240000,0.0027123359997209178,-1.208592,0.149112,9.138996,76.99507916131792,76.99507916131792,76.99507916131792,76.99507916131792,0.00017453292519943296,-0.012391837689159739,0.01291543646475804,64.0,2.39,0.0,2,2,31.0,4,0.075,23.51,0.045,52.648857,9.7459293,33.63,33.13,52.648853599999995,9.745927799999999,-0.016231562043547264,-0.019722220547535925,4.233296100712247,-10.8,-20.94,0.02,23.506315,0.068195105,0.4198103
0 days 00:00:02.250000,0.0027123359997209178,0.9378360000000001,0.298224,8.915328,76.80787334189132,76.80787334189132,76.80787334189132,76.80787334189132,-0.0017453292519943296,0.014660765716752367,0.01308996938995747,64.0,2.39,0.0,2,2,31.5,4,0.075,23.52,0.055,52.648857,9.7459293,33.63,33.13,52.648851699999994,9.7459262,-0.016231562043547264,-0.019722220547535925,4.233470633637445,-10.8,-20.94,0.02,23.516512,0.06835418,0.41001073
0 days 00:00:02.260000,0.0027123359997209178,-0.074556,0.3924,9.331272,76.95496362858366,76.95496362858366,76.95496362858366,76.95496362858366,-0.00645771823237902,0.04153883619746504,0.012042771838760874,64.0,2.39,0.0,2,2,32.0,4,0.075,23.52,0.06,52.648857,9.7459293,33.63,33.13,52.6488498,9.7459246,-0.0164060949687467,-0.020245819323134222,4.233470633637445,-10.8,-20.94,0.02,23.516396,0.06816263,0.41733578
0 days 00:00:02.270000,0.0027123359997209178,-1.3812480000000003,0.007848,9.029124000000001,77.14216944801026,77.14216944801026,77.14216944801026,77.14216944801026,-0.0041887902047863905,0.0027925268031909274,0.012740903539558606,64.0,2.39,0.0,2,2,32.5,4,0.075,23.51,0.07,52.648857,9.7459293,33.63,33.13,52.6488479,9.745923099999999,-0.0164060949687467,-0.020245819323134222,4.233645166562646,-10.8,-20.94,0.02,23.5066,0.068329975,0.40713674
0 days 00:00:02.280000,0.002594408347559139,0.3413880000000001,-0.129492,9.335196,77.35611895592639,77.35611895592639,77.35611895592639,77.35611895592639,0.0008726646259971648,0.013264502315156903,0.010821041362364843,64.0,2.39,0.0,2,2,33.0,4,0.075,23.515,0.075,52.648857,9.7459293,33.63,33.13,52.6488461,9.7459215,-0.0164060949687467,-0.020420352248333655,4.233819699487845,-10.8,-20.94,0.02,23.51163,0.068343,0.40634272
0 days 00:00:02.290000,0.002594408347559139,0.015696,0.054936000000000006,10.182780000000001,77.40960633290543,77.40960633290543,77.40960633290543,77.40960633290543,0.00471238898038469,0.017278759594743863,0.009948376736367679,64.0,2.39,0.0,2,2,33.5,4,0.08,23.515,0.07,52.648847599999996,9.7459213,33.62,33.12,52.6488441,9.745919899999999,-0.0164060949687467,-0.020594885173533087,4.233819699487845,-10.755,-20.91,-0.065,23.511454,0.073193,0.415526
0 days 00:00:02.300000,0.002594408347559139,-0.9299880000000001,0.04316400000000001,9.963036,77.29594565682498,77.29594565682498,77.29594565682498,77.29594565682498,0.011519173063162576,-0.01658062789394613,0.010122909661567111,64.0,2.39,0.0,2,2,34.0,4,0.075,23.505,0.07,52.648847599999996,9.7459213,33.62,33.12,52.6488422,9.7459183,-0.016231562043547264,-0.020420352248333655,4.233994232413044,-10.755,-20.91,-0.065,23.501528,0.0683361,0.41112489
0 days 00:00:02.310000,0.002594408347559139,0.16873200000000002,0.015696,10.053288000000002,77.14885537013264,77.14885537013264,77.14885537013264,77.14885537013264,0.016755160819145562,-0.013962634015954637,0.009773843811168246,64.0,2.39,0.0,2,2,34.5,4,0.075,23.51,0.065,52.648847599999996,9.7459213,33.62,33.12,52.6488404,9.7459167,-0.016057029118347832,-0.020245819323134222,4.234168765338243,-10.755,-20.91,-0.065,23.506498,0.06839182,0.41211122
0 days 00:00:02.320000,0.002594408347559139,-0.10202400000000002,0.015696,10.571256000000002,77.06193838254171,77.06193838254171,77.06193838254171,77.06193838254171,0.015184364492350668,-0.0010471975511965976,0.009948376736367679,64.0,2.39,0.0,2,2,35.0,4,0.075,23.51,0.06,52.648847599999996,9.7459213,33.62,33.12,52.6488385,9.7459151,-0.0158824961931484,-0.020245819323134222,4.234168765338243,-10.755,-20.91,-0.065,23.506397,0.06838436,0.41709763
0 days 00:00:02.330000,0.002594408347559139,-1.0830240000000002,0.20404800000000003,9.311652,77.08199614890886,77.08199614890886,77.08199614890886,77.08199614890886,0.012566370614359173,-0.034732052114687155,0.011519173063162576,64.0,2.39,0.0,2,2,35.5,4,0.075,23.505,0.065,52.648847599999996,9.7459213,33.62,33.12,52.648836599999996,9.7459135,-0.0158824961931484,-0.019896753472735357,4.234343298263443,-10.755,-20.91,-0.065,23.50164,0.06859564,0.40379554
0 days 00:00:02.340000,0.002594408347559139,0.48657600000000006,0.074556,9.53532,77.10873983739837,77.10873983739837,77.10873983739837,77.10873983739837,0.01361356816555577,-0.008028514559173916,0.010122909661567111,64.0,2.39,0.0,2,2,36.0,4,0.08,23.515,0.07,52.6488386,9.7459131,33.71,33.11,52.648834699999995,9.7459119,-0.015707963267948967,-0.019896753472735357,4.234343298263443,-10.74,-20.92,-0.11,23.511738,0.07374089,0.3990626
0 days 00:00:02.350000,0.0024764806953973596,-0.5375880000000001,0.306072,9.346968000000002,77.29594565682498,77.29594565682498,77.29594565682498,77.29594565682498,0.01902408884673819,-0.009773843811168246,0.010471975511965976,64.0,2.39,0.0,2,2,36.5,4,0.08,23.51,0.075,52.6488386,9.7459131,33.71,33.11,52.6488328,9.7459104,-0.015533430342749533,-0.019722220547535925,4.234517831188642,-10.74,-20.92,-0.11,23.506907,0.073953465,0.38984975
0 days 00:00:02.360000,0.0024764806953973596,-0.15696000000000002,0.015696,10.072908000000002,77.28925973470261,77.28925973470261,77.28925973470261,77.28925973470261,0.015707963267948967,-0.01291543646475804,0.010995574287564275,64.0,2.39,0.0,2,2,37.0,4,0.08,23.51,0.075,52.6488386,9.7459131,33.71,33.11,52.6488309,9.745908799999999,-0.0153588974175501,-0.019722220547535925,4.234692364113842,-10.74,-20.92,-0.11,23.506907,0.0740215,0.3898368
0 days 00:00:02.370000,0.0024764806953973596,-0.14126400000000003,-0.14126400000000003,11.446308000000002,77.38286264441591,77.38286264441591,77.38286264441591,77.38286264441591,0.010821041362364843,-0.009948376736367679,0.010297442586766544,64.0,2.39,0.0,2,2,37.5,4,0.08,23.51,0.055,52.6488386,9.7459131,33.71,33.11,52.648829,9.7459072,-0.015184364492350668,-0.019547687622336492,4.234692364113842,-10.74,-20.92,-0.11,23.506584,0.07384822,0.40571547
0 days 00:00:02.380000,0.0023585530432355803,-0.9770760000000002,0.003924,10.524168,77.24245827984595,77.24245827984595,77.24245827984595,77.24245827984595,0.008377580409572781,-0.05270894341022875,0.011693705988362009,64.0,2.39,0.0,2,2,38.0,4,0.08,23.505,0.05,52.6488386,9.7459131,33.71,33.11,52.6488272,9.7459056,-0.015184364492350668,-0.019024088846738195,4.2348668970390415,-10.74,-20.92,-0.11,23.501698,0.07396064,0.3983122
0 days 00:00:02.390000,0.0023585530432355803,0.5375880000000001,0.21582000000000004,10.159236000000002,77.21571459135643,77.21571459135643,77.21571459135643,77.21571459135643,0.005061454830783556,-0.039269908169872414,0.012391837689159739,64.0,2.39,0.0,2,2,38.5,4,0.065,23.52,0.045,52.648829199999994,9.7459051,33.7,33.1,52.6488252,9.745904,-0.015009831567151233,-0.018675022996339326,4.235041429964241,-10.785,-20.905,-0.045,23.51674,0.05907574,0.3951501
0 days 00:00:02.400000,0.0023585530432355803,-0.023544000000000002,-0.0981,10.677204000000001,77.12211168164313,77.12211168164313,77.12211168164313,77.12211168164313,0.0022689280275926286,-0.016231562043547268,0.012042771838760874,64.0,2.39,0.0,2,2,39.0,4,0.065,23.525000000000002,0.04,52.648829199999994,9.7459051,33.7,33.1,52.6488233,9.7459024,-0.015009831567151233,-0.018675022996339326,4.2352159628894395,-10.785,-20.905,-0.045,23.521646,0.058999304,0.400242
0 days 00:00:02.410000,0.0023585530432355803,-1.424412,0.10202400000000002,9.307728000000001,77.02850877192982,77.02850877192982,77.02850877192982,77.02850877192982,0.0,-0.05759586531581287,0.012217304763960306,64.0,2.39,0.0,2,2,39.5,4,0.065,23.51,0.045,52.648829199999994,9.7459051,33.7,33.1,52.6488215,9.7459008,-0.015009831567151233,-0.017976891295541596,4.23539049581464,-10.785,-20.905,-0.045,23.50701,0.05932486,0.3785543
0 days 00:00:02.420000,0.0022406253910738014,0.761256,0.223668,10.053288000000002,77.08199614890886,77.08199614890886,77.08199614890886,77.08199614890886,-0.005585053606381855,-0.02076941809873252,0.011344640137963142,64.0,2.39,0.0,2,2,40.0,4,0.065,23.52,0.04,52.648829199999994,9.7459051,33.7,33.1,52.648819599999996,9.7458992,-0.015009831567151233,-0.01780235837034216,4.23539049581464,-10.785,-20.905,-0.045,23.516985,0.05930873,0.37962863
0 days 00:00:02.430000,0.0022406253910738014,-0.47480400000000006,0.192276,11.014668,77.21571459135643,77.21571459135643,77.21571459135643,77.21571459135643,-0.009599310885968814,-0.012740903539558606,0.012042771838760874,64.0,2.39,0.0,2,2,40.0,4,0.065,23.52,0.03,52.648829199999994,9.7459051,33.7,33.1,52.648817699999995,9.7458977,-0.015184364492350668,-0.017627825445142728,4.235565028739839,-10.785,-20.905,-0.045,23.516874,0.05915298,0.3855323
0 days 00:00:02.440000,0.0022406253910738014,-1.1458080000000002,-0.011772000000000001,9.84924,77.29594565682498,77.29594565682498,77.29594565682498,77.29594565682498,-0.009599310885968814,-0.06073745796940267,0.01361356816555577,64.0,2.39,0.0,2,2,40.0,4,0.05,23.51,0.02,52.6488198,9.745897099999999,33.7,33.1,52.648815799999994,9.7458961,-0.015009831567151233,-0.01710422666954443,4.235739561665039,-10.78,-20.865000000000002,0.075,23.506903,0.044259273,0.3828111
0 days 00:00:02.450000,0.0021226977389120225,1.4008680000000002,0.007848,10.810620000000002,77.34943303380402,77.34943303380402,77.34943303380402,77.34943303380402,-0.009075712110370514,-0.011519173063162576,0.012217304763960306,64.0,2.39,0.0,2,2,40.0,4,0.05,23.525000000000002,0.01,52.6488198,9.745897099999999,33.7,33.1,52.6488139,9.7458945,-0.015184364492350668,-0.016929693744344994,4.235914094590238,-10.78,-20.865000000000002,0.075,23.5218,0.04409908,0.38896784
0 days 00:00:02.460000,0.0021226977389120225,-0.6670800000000001,0.031392,11.049984000000002,77.27588789045785,77.27588789045785,77.27588789045785,77.27588789045785,-0.00890117918517108,-0.017104226669544427,0.012391837689159739,64.0,2.39,0.0,2,2,40.0,4,0.045,23.52,-0.0,52.6488198,9.745897099999999,33.7,33.1,52.648812,9.7458929,-0.015184364492350668,-0.016755160819145562,4.235914094590238,-10.78,-20.865000000000002,0.075,23.516699,0.03901145,0.39470077
0 days 00:00:02.470000,0.0021226977389120225,-1.05948,0.003924,10.037592000000002,77.14885537013264,77.14885537013264,77.14885537013264,77.14885537013264,-0.00890117918517108,-0.05689773361501515,0.012042771838760874,64.0,2.39,0.0,2,2,40.0,4,0.045,23.51,-0.005,52.6488198,9.745897099999999,33.7,33.1,52.6488101,9.7458913,-0.0153588974175501,-0.016231562043547264,4.2360886275154375,-10.78,-20.865000000000002,0.075,23.50682,0.03905738,0.38723212
0 days 00:00:02.480000,0.0021226977389120225,0.918216,0.0,10.842012,77.06193838254171,77.06193838254171,77.06193838254171,77.06193838254171,-0.011344640137963142,-0.010995574287564275,0.009250245035569947,64.0,2.39,0.0,2,2,40.0,4,0.045,23.52,-0.015,52.6488198,9.745897099999999,33.7,33.1,52.6488083,9.7458897,-0.0153588974175501,-0.016057029118347832,4.236263160440636,-10.78,-20.865000000000002,0.075,23.516727,0.03896436,0.393288
0 days 00:00:02.490000,0.0020047700867502436,-1.067328,0.32176800000000005,10.116072,76.92153401797175,76.92153401797175,76.92153401797175,76.92153401797175,-0.016755160819145562,-0.02548180707911721,0.01064650843716541,64.0,2.39,0.0,2,2,40.0,4,0.045,23.505,-0.015,52.648810499999996,9.745889199999999,33.7,33.09,52.6488063,9.7458881,-0.015533430342749533,-0.015707963267948967,4.236263160440636,-10.72,-20.875,0.025,23.501863,0.03902689,0.3848513
0 days 00:00:02.500000,0.0020047700867502436,-0.306072,0.28252800000000006,9.488232000000002,76.99507916131792,76.99507916131792,76.99507916131792,76.99507916131792,-0.016755160819145562,-0.034557519189487726,0.011344640137963142,64.0,2.39,0.0,2,2,40.0,4,0.05,23.505,-0.015,52.648810499999996,9.745889199999999,33.7,33.09,52.648804399999996,9.7458866,-0.015707963267948967,-0.015533430342749533,4.236437693365836,-10.72,-20.875,0.025,23.50193,0.044023532,0.38083526
0 days 00:00:02.510000,0.0020047700867502436,0.7730280000000002,0.223668,10.539864000000001,77.19565682498931,77.19565682498931,77.19565682498931,77.19565682498931,-0.009599310885968814,0.008552113334772213,0.01064650843716541,64.0,2.39,0.0,2,2,40.0,4,0.05,23.515,-0.02,52.648810499999996,9.745889199999999,33.7,33.09,52.648802599999996,9.745885,-0.0158824961931484,-0.015533430342749533,4.236437693365836,-10.72,-20.875,0.025,23.511852,0.043875195,0.385997
0 days 00:00:02.520000,0.0020047700867502436,-0.926064,-0.007848,10.163160000000001,77.28925973470261,77.28925973470261,77.28925973470261,77.28925973470261,-0.0027925268031909274,-0.010297442586766544,0.01117010721276371,64.0,2.39,0.0,2,2,40.0,4,0.05,23.505,-0.025,52.648810499999996,9.745889199999999,33.7,33.09,52.648800699999995,9.7458834,-0.0158824961931484,-0.0153588974175501,4.236612226291036,-10.72,-20.875,0.025,23.501842,0.043863405,0.38673913
0 days 00:00:02.530000,0.0020047700867502436,-0.08632800000000002,-0.003924,9.825696,77.32937526743689,77.32937526743689,77.32937526743689,77.32937526743689,-0.0036651914291880917,-0.01361356816555577,0.01064650843716541,64.0,2.39,0.0,2,2,40.0,4,0.05,23.505,-0.025,52.648810499999996,9.745889199999999,33.7,33.09,52.648798799999994,9.7458818,-0.0158824961931484,-0.0153588974175501,4.236786759216235,-10.72,-20.875,0.025,23.501842,0.043863405,0.38673913
0 days 00:00:02.540000,0.0018868424345884643,0.49442400000000003,0.007848,10.606572000000002,77.12211168164313,77.12211168164313,77.12211168164313,77.12211168164313,-0.004014257279586958,0.010995574287564275,0.008726646259971648,64.0,2.39,0.0,2,2,40.0,4,0.06,23.51,-0.035,52.648801,9.7458805,33.87,33.09,52.6487969,9.7458802,-0.016057029118347832,-0.0153588974175501,4.236786759216235,-10.665000000000001,-20.94,0.07,23.50669,0.05363284,0.3969817
0 days 00:00:02.550000,0.0018868424345884643,-0.812268,0.21974400000000002,9.845316,76.99507916131792,76.99507916131792,76.99507916131792,76.99507916131792,-0.00645771823237902,-0.010821041362364843,0.009599310885968814,64.0,2.39,0.0,2,2,40.0,4,0.06,23.505,-0.035,52.648801,9.7458805,33.87,33.09,52.648795,9.7458786,-0.016057029118347832,-0.0153588974175501,4.236961292141434,-10.665000000000001,-20.94,0.07,23.501688,0.053634074,0.3969049
0 days 00:00:02.560000,0.0018868424345884643,0.145188,0.10594800000000001,9.755064,76.95496362858366,76.95496362858366,76.95496362858366,76.95496362858366,-0.006108652381980153,-0.0012217304763960308,0.009250245035569947,64.0,2.39,0.0,2,2,40.0,4,0.065,23.505,-0.035,52.648801,9.7458805,33.87,33.09,52.6487931,9.745877,-0.016231562043547264,-0.0153588974175501,4.236961292141434,-10.665000000000001,-20.94,0.07,23.501688,0.058564138,0.39699543
0 days 00:00:02.570000,0.0018868424345884643,-0.11772,0.133416,10.049364,76.92153401797175,76.92153401797175,76.92153401797175,76.92153401797175,-0.0036651914291880917,0.017104226669544427,0.009250245035569947,64.0,2.39,0.0,2,2,40.0,4,0.065,23.51,-0.04,52.648801,9.7458805,33.87,33.09,52.6487912,9.7458755,-0.016231562043547264,-0.015533430342749533,4.237135825066634,-10.665000000000001,-20.94,0.07,23.506542,0.05841516,0.40617308
0 days 00:00:02.580000,0.0018868424345884643,-0.7965720000000002,-0.019620000000000002,9.602028,77.02850877192982,77.02850877192982,77.02850877192982,77.02850877192982,0.0005235987755982988,0.0027925268031909274,0.00942477796076938,64.0,2.39,0.0,2,2,40.0,4,0.065,23.5,-0.035,52.648801,9.7458805,33.87,33.09,52.6487894,9.7458739,-0.016231562043547264,-0.015533430342749533,4.237135825066634,-10.665000000000001,-20.94,0.07,23.496622,0.058498826,0.40101904
0 days 00:00:02.590000,0.0018868424345884643,0.145188,0.21582000000000004,9.503928,77.12211168164313,77.12211168164313,77.12211168164313,77.12211168164313,0.00034906585039886593,0.014660765716752367,0.00890117918517108,64.0,2.39,0.0,2,2,40.0,4,0.085,23.495,-0.02,52.648791599999996,9.745872799999999,33.86,33.09,52.648787399999996,9.7458723,-0.0164060949687467,-0.015533430342749533,4.237310357991833,-10.605,-20.935,-0.13,23.491856,0.078673474,0.3862835
0 days 00:00:02.600000,0.0018868424345884643,0.10594800000000001,0.07063200000000001,9.782532000000002,77.19565682498931,77.19565682498931,77.19565682498931,77.19565682498931,0.0012217304763960308,0.02583087292951608,0.008726646259971648,64.0,2.39,0.0,2,2,40.0,4,0.085,23.495,-0.02,52.648791599999996,9.745872799999999,33.86,33.09,52.648785499999995,9.7458707,-0.0164060949687467,-0.015707963267948967,4.237484890917033,-10.605,-20.935,-0.13,23.491787,0.0786062,0.39038306
0 days 00:00:02.610000,0.0018868424345884643,-0.380628,0.04316400000000001,9.523548,77.18228498074454,77.18228498074454,77.18228498074454,77.18228498074454,0.0015707963267948967,0.017453292519943295,0.00942477796076938,64.0,2.39,0.0,2,2,40.0,4,0.085,23.495,-0.015,52.648791599999996,9.745872799999999,33.86,33.09,52.648783699999996,9.7458691,-0.0164060949687467,-0.0158824961931484,4.237484890917033,-10.605,-20.935,-0.13,23.491798,0.078620955,0.38948387
0 days 00:00:02.620000,0.0018868424345884643,0.05886,0.015696,9.507852000000002,77.10873983739837,77.10873983739837,77.10873983739837,77.10873983739837,0.003316125578789226,0.022863813201125717,0.00890117918517108,64.0,2.39,0.0,2,2,40.0,4,0.085,23.495,-0.015,52.648791599999996,9.745872799999999,33.86,33.09,52.648781799999995,9.7458676,-0.0164060949687467,-0.016231562043547264,4.237659423842232,-10.605,-20.935,-0.13,23.491661,0.07848643,0.39768293
0 days 00:00:02.630000,0.0018868424345884643,0.015696,0.10594800000000001,9.837468000000001,77.01513692768506,77.01513692768506,77.01513692768506,77.01513692768506,0.0041887902047863905,0.030368728984701335,0.009599310885968814,64.0,2.39,0.0,2,2,40.0,4,0.085,23.495,-0.015,52.648791599999996,9.745872799999999,33.86,33.09,52.6487799,9.745866,-0.016231562043547264,-0.0164060949687467,4.237659423842232,-10.605,-20.935,-0.13,23.491592,0.07848929,0.40176874
0 days 00:00:02.640000,0.0018868424345884643,-0.37670400000000004,0.0,9.743292000000002,76.97502139495079,76.97502139495079,76.97502139495079,76.97502139495079,0.00471238898038469,0.023387411976724018,0.009250245035569947,64.0,2.39,0.0,2,2,40.0,4,0.095,23.495,-0.01,52.6487822,9.745864899999999,33.86,33.09,52.648778,9.7458644,-0.0164060949687467,-0.016755160819145562,4.237833956767432,-10.655,-20.975,-0.055,23.491535,0.08836531,0.40514684
0 days 00:00:02.650000,0.0018868424345884643,-0.258984,0.019620000000000002,9.295956,76.92153401797175,76.92153401797175,76.92153401797175,76.92153401797175,0.0022689280275926286,0.022863813201125717,0.009075712110370514,64.0,2.39,0.0,2,2,40.0,4,0.095,23.490000000000002,-0.005,52.6487822,9.745864899999999,33.86,33.09,52.6487761,9.7458628,-0.016231562043547264,-0.016929693744344994,4.237833956767432,-10.655,-20.975,-0.055,23.48655,0.08845199,0.4041477
0 days 00:00:02.660000,0.0018868424345884643,-0.18835200000000002,0.20797200000000002,9.299880000000002,76.9415917843389,76.9415917843389,76.9415917843389,76.9415917843389,0.0010471975511965976,0.030368728984701335,0.009075712110370514,64.0,2.39,0.0,2,2,40.0,4,0.095,23.490000000000002,-0.0,52.6487822,9.745864899999999,33.86,33.09,52.6487742,9.7458613,-0.016231562043547264,-0.017278759594743863,4.23800848969263,-10.655,-20.975,-0.055,23.486494,0.088400066,0.4073463
0 days 00:00:02.670000,0.0018868424345884643,-0.49834800000000007,0.10594800000000001,9.209628,77.01513692768506,77.01513692768506,77.01513692768506,77.01513692768506,0.0024434609527920616,0.026878070480712675,0.00890117918517108,64.0,2.39,0.0,2,2,40.0,4,0.095,23.490000000000002,0.005,52.6487822,9.745864899999999,33.86,33.09,52.6487723,9.745859699999999,-0.016231562043547264,-0.017453292519943295,4.23800848969263,-10.655,-20.975,-0.055,23.48651,0.08841468,0.40644637
0 days 00:00:02.680000,0.0018868424345884643,-0.18835200000000002,0.0981,9.284184,77.19565682498931,77.19565682498931,77.19565682498931,77.19565682498931,0.004537856055185257,0.022514747350726852,0.008726646259971648,64.0,2.39,0.0,2,2,40.0,4,0.085,23.490000000000002,0.005,52.648772799999996,9.745856999999999,33.86,33.08,52.6487704,9.7458581,-0.016057029118347832,-0.01780235837034216,4.2381830226178305,-10.705,-20.94,0.04,23.486368,0.078355275,0.4144676
0 days 00:00:02.690000,0.0018868424345884643,0.21974400000000002,0.027468000000000003,9.73152,77.24245827984595,77.24245827984595,77.24245827984595,77.24245827984595,0.005585053606381855,0.033859387488689996,0.009250245035569947,64.0,2.39,0.0,2,2,40.0,4,0.085,23.495,0.01,52.648772799999996,9.745856999999999,33.86,33.08,52.648768499999996,9.7458565,-0.016057029118347832,-0.01815142422074103,4.2381830226178305,-10.705,-20.94,0.04,23.491312,0.07830244,0.4177571
0 days 00:00:02.700000,0.0018868424345884643,-0.27075600000000005,-0.047088000000000005,9.73152,77.14885537013264,77.14885537013264,77.14885537013264,77.14885537013264,0.004014257279586958,0.02495820830351891,0.008203047484373348,64.0,2.39,0.0,2,2,40.0,4,0.085,23.495,0.01,52.648772799999996,9.745856999999999,33.86,33.08,52.648766599999995,9.745854999999999,-0.016057029118347832,-0.01832595714594046,4.23835755554303,-10.705,-20.94,0.04,23.49124,0.07823662,0.42185652
0 days 00:00:02.710000,0.0018868424345884643,-0.28252800000000006,0.07063200000000001,9.602028,77.06193838254171,77.06193838254171,77.06193838254171,77.06193838254171,0.002967059728390361,0.015358897417550098,0.008552113334772213,64.0,2.39,0.0,2,2,40.0,4,0.085,23.490000000000002,0.01,52.648772799999996,9.745856999999999,33.86,33.08,52.648764799999995,9.7458534,-0.016057029118347832,-0.018500490071139894,4.23835755554303,-10.705,-20.94,0.04,23.486166,0.07817227,0.42586347
0 days 00:00:02.720000,0.0018868424345884643,0.0,0.007848,9.574560000000002,76.99507916131792,76.99507916131792,76.99507916131792,76.99507916131792,0.0015707963267948967,0.01937315469713706,0.008203047484373348,64.0,2.39,0.0,2,2,40.0,4,0.085,23.495,0.015,52.648772799999996,9.745856999999999,33.86,33.08,52.648762899999994,9.745851799999999,-0.016057029118347832,-0.018675022996339326,4.238532088468229,-10.705,-20.94,0.04,23.491184,0.078185216,0.42505693
0 days 00:00:02.730000,0.0018868424345884643,-0.46695600000000004,0.08632800000000002,9.500004,76.92153401797175,76.92153401797175,76.92153401797175,76.92153401797175,0.0,0.016057029118347832,0.008203047484373348,64.0,2.39,0.0,2,2,40.0,4,0.085,23.490000000000002,0.015,52.648772799999996,9.745856999999999,33.86,33.08,52.648761,9.7458502,-0.016057029118347832,-0.01884955592153876,4.238532088468229,-10.705,-20.94,0.04,23.486109,0.0781209,0.42906216
0 days 00:00:02.740000,0.0017689147824266852,-0.49442400000000003,0.20012400000000002,9.335196,76.92153401797175,76.92153401797175,76.92153401797175,76.92153401797175,-0.0010471975511965976,0.00645771823237902,0.008028514559173916,64.0,2.39,0.0,2,2,40.0,4,0.075,23.490000000000002,0.015,52.6487635,9.7458487,33.95,33.08,52.6487591,9.7458486,-0.0158824961931484,-0.019024088846738195,4.238706621393429,-10.715,-20.94,0.03,23.486034,0.06813195,0.4329883
0 days 00:00:02.750000,0.0017689147824266852,-0.133416,0.054936000000000006,9.649116000000001,77.08199614890886,77.08199614890886,77.08199614890886,77.08199614890886,0.0010471975511965976,0.013439035240356337,0.007504915783575617,64.0,2.39,0.0,2,2,40.0,4,0.075,23.495,0.02,52.6487635,9.7458487,33.95,33.08,52.6487572,9.745847099999999,-0.0158824961931484,-0.019024088846738195,4.238706621393429,-10.715,-20.94,0.03,23.491129,0.068209834,0.42808494
0 days 00:00:02.760000,0.0017689147824266852,-0.40809600000000007,0.0,9.53532,77.24245827984595,77.24245827984595,77.24245827984595,77.24245827984595,0.002967059728390361,0.0020943951023931952,0.008028514559173916,64.0,2.39,0.0,2,2,40.0,4,0.075,23.490000000000002,0.02,52.6487635,9.7458487,33.95,33.08,52.6487553,9.7458455,-0.0158824961931484,-0.019198621771937627,4.238881154318628,-10.715,-20.94,0.03,23.486053,0.06814624,0.43208843
0 days 00:00:02.770000,0.0017689147824266852,-0.015696,-0.003924,9.519624,77.32937526743689,77.32937526743689,77.32937526743689,77.32937526743689,0.0031415926535897933,0.0010471975511965976,0.008203047484373348,64.0,2.39,0.0,2,2,40.0,4,0.075,23.490000000000002,0.025,52.6487635,9.7458487,33.95,33.08,52.6487534,9.745843899999999,-0.015707963267948967,-0.019198621771937627,4.238881154318628,-10.715,-20.94,0.03,23.48615,0.06830017,0.42707804
0 days 00:00:02.780000,0.0017689147824266852,-0.047088000000000005,-0.10594800000000001,9.766836000000001,77.24245827984595,77.24245827984595,77.24245827984595,77.24245827984595,0.002617993877991494,0.002617993877991494,0.007330382858376183,64.0,2.39,0.0,2,2,40.0,4,0.065,23.5,0.025,52.6487541,9.7458408,33.95,33.08,52.648751499999996,9.7458423,-0.015707963267948967,-0.019198621771937627,4.239055687243828,-10.69,-20.97,-0.005,23.49615,0.05829839,0.4271129
0 days 00:00:02.790000,0.0017689147824266852,-0.33354000000000006,0.015696,9.931644,77.12211168164313,77.12211168164313,77.12211168164313,77.12211168164313,0.0017453292519943296,-0.007504915783575617,0.007853981633974483,64.0,2.39,0.0,2,2,40.0,4,0.065,23.495,0.02,52.6487541,9.7458408,33.95,33.08,52.648749599999995,9.7458408,-0.015707963267948967,-0.019198621771937627,4.239055687243828,-10.69,-20.97,-0.005,23.491055,0.058221374,0.43201542
0 days 00:00:02.800000,0.0017689147824266852,-0.10202400000000002,0.0,9.919872000000002,76.97502139495079,76.97502139495079,76.97502139495079,76.97502139495079,0.0012217304763960308,-0.008377580409572781,0.006981317007977318,64.0,2.39,0.0,2,2,40.0,4,0.065,23.5,0.02,52.6487541,9.7458408,33.95,33.08,52.648747699999994,9.745839199999999,-0.015707963267948967,-0.019024088846738195,4.239055687243828,-10.69,-20.97,-0.005,23.496126,0.058284283,0.42801103
0 days 00:00:02.810000,0.0017689147824266852,-0.40809600000000007,-0.011772000000000001,10.057212000000002,77.06193838254171,77.06193838254171,77.06193838254171,77.06193838254171,0.0031415926535897933,-0.008028514559173916,0.00645771823237902,64.0,2.39,0.0,2,2,40.0,4,0.065,23.495,0.02,52.6487541,9.7458408,33.95,33.08,52.648745899999994,9.7458376,-0.015533430342749533,-0.019024088846738195,4.239230220169027,-10.69,-20.97,-0.005,23.491129,0.05836046,0.4279058
0 days 00:00:02.820000,0.0017689147824266852,-0.623916,0.090252,9.84924,76.99507916131792,76.99507916131792,76.99507916131792,76.99507916131792,0.003490658503988659,-0.020594885173533087,0.006632251157578452,64.0,2.39,0.0,2,2,40.0,4,0.065,23.490000000000002,0.02,52.6487541,9.7458408,33.95,33.08,52.648744,9.745835999999999,-0.015533430342749533,-0.01884955592153876,4.239230220169027,-10.69,-20.97,-0.005,23.486204,0.05842561,0.42371204
0 days 00:00:02.830000,0.0017689147824266852,-0.133416,0.027468000000000003,9.845316,77.12211168164313,77.12211168164313,77.12211168164313,77.12211168164313,0.003316125578789226,-0.0158824961931484,0.00645771823237902,64.0,2.39,0.0,2,2,40.0,4,0.065,23.495,0.02,52.648744699999995,9.7458329,33.95,33.08,52.648742,9.745834499999999,-0.015533430342749533,-0.018675022996339326,4.2394047530942265,-10.66,-20.955000000000002,-0.03,23.491278,0.058487833,0.41970682
0 days 00:00:02.840000,0.0017689147824266852,-0.223668,0.05101200000000001,9.73152,77.24245827984595,77.24245827984595,77.24245827984595,77.24245827984595,0.0015707963267948967,-0.017278759594743863,0.006632251157578452,64.0,2.39,0.0,2,2,40.0,4,0.065,23.495,0.02,52.648744699999995,9.7458329,33.95,33.08,52.6487402,9.7458329,-0.015533430342749533,-0.018500490071139894,4.2394047530942265,-10.66,-20.955000000000002,-0.03,23.49135,0.058551516,0.41560727
0 days 00:00:02.850000,0.001650987130264906,-0.18835200000000002,0.10987200000000001,9.507852000000002,77.28925973470261,77.28925973470261,77.28925973470261,77.28925973470261,0.00017453292519943296,-0.023212879051524585,0.007504915783575617,64.0,2.39,0.0,2,2,40.0,4,0.065,23.495,0.02,52.648744699999995,9.7458329,33.95,33.08,52.6487383,9.745831299999999,-0.015533430342749533,-0.01832595714594046,4.239579286019426,-10.66,-20.955000000000002,-0.03,23.491423,0.0586152,0.41150773
0 days 00:00:02.860000,0.001650987130264906,0.129492,-0.10202400000000002,9.919872000000002,77.27588789045785,77.27588789045785,77.27588789045785,77.27588789045785,0.0013962634015954637,-0.011344640137963142,0.006632251157578452,64.0,2.39,0.0,2,2,40.0,4,0.065,23.495,0.02,52.648744699999995,9.7458329,33.95,33.08,52.6487364,9.7458297,-0.015533430342749533,-0.01815142422074103,4.239579286019426,-10.66,-20.955000000000002,-0.03,23.491493,0.058678884,0.4074082
0 days 00:00:02.870000,0.001650987130264906,-0.463032,-0.015696,10.12392,77.1622272143774,77.1622272143774,77.1622272143774,77.1622272143774,0.00471238898038469,-0.021467549799530253,0.006806784082777885,64.0,2.39,0.0,2,2,40.0,4,0.065,23.495,0.02,52.648744699999995,9.7458329,33.95,33.08,52.648734499999996,9.7458282,-0.0153588974175501,-0.017976891295541596,4.239579286019426,-10.66,-20.955000000000002,-0.03,23.491564,0.058812957,0.4032984
0 days 00:00:02.880000,0.001650987130264906,-0.16480800000000004,-0.05101200000000001,10.1043,77.08199614890886,77.08199614890886,77.08199614890886,77.08199614890886,0.005934119456780722,-0.02530727415391778,0.00645771823237902,64.0,2.39,0.0,2,2,40.0,4,0.065,23.495,0.015,52.648744699999995,9.7458329,33.95,33.08,52.648732599999995,9.7458266,-0.0153588974175501,-0.017627825445142728,4.239753818944626,-10.66,-20.955000000000002,-0.03,23.491615,0.058862116,0.40009788
0 days 00:00:02.890000,0.001650987130264906,-0.05101200000000001,-0.074556,10.402524000000001,76.97502139495079,76.97502139495079,76.97502139495079,76.97502139495079,0.005585053606381855,-0.016231562043547268,0.005235987755982988,64.0,2.39,0.0,2,2,40.0,4,0.065,23.495,0.015,52.6487353,9.7458251,33.94,33.08,52.648730699999994,9.745825,-0.0153588974175501,-0.017453292519943295,4.239753818944626,-10.63,-20.95,-0.085,23.491684,0.05892509,0.3959983
0 days 00:00:02.900000,0.001650987130264906,-0.788724,0.04316400000000001,9.98658,76.95496362858366,76.95496362858366,76.95496362858366,76.95496362858366,0.003490658503988659,-0.031241393610698498,0.005759586531581288,64.0,2.39,0.0,2,2,40.0,4,0.065,23.490000000000002,0.015,52.6487353,9.7458251,33.94,33.07,52.6487288,9.745823399999999,-0.0153588974175501,-0.017278759594743863,4.239928351869825,-10.63,-20.95,-0.085,23.486753,0.058989383,0.39181226
0 days 00:00:02.910000,0.001650987130264906,-0.12164400000000002,-0.011772000000000001,10.131768,77.08199614890886,77.08199614890886,77.08199614890886,77.08199614890886,0.0019198621771937623,-0.025132741228718346,0.005585053606381855,64.0,2.39,0.0,2,2,40.0,4,0.065,23.490000000000002,0.01,52.6487353,9.7458251,33.94,33.07,52.6487269,9.7458219,-0.0153588974175501,-0.016929693744344994,4.239928351869825,-10.63,-20.95,-0.085,23.486803,0.05903852,0.3886135
0 days 00:00:02.920000,0.001650987130264906,-0.3413880000000001,-0.047088000000000005,10.214172000000001,77.28925973470261,77.28925973470261,77.28925973470261,77.28925973470261,0.0013962634015954637,-0.02234021442552742,0.0054105206811824215,64.0,2.39,0.0,2,2,40.0,4,0.065,23.490000000000002,0.005,52.6487353,9.7458251,33.94,33.07,52.6487251,9.7458203,-0.0153588974175501,-0.016755160819145562,4.239928351869825,-10.63,-20.95,-0.085,23.486786,0.0590247,0.38951343
0 days 00:00:02.930000,0.001650987130264906,-0.39632400000000007,-0.031392,9.758988,77.32937526743689,77.32937526743689,77.32937526743689,77.32937526743689,0.002617993877991494,-0.03665191429188092,0.005585053606381855,64.0,2.39,0.0,2,2,40.0,4,0.065,23.485,0.005,52.6487353,9.7458251,33.94,33.07,52.6487232,9.7458187,-0.015184364492350668,-0.0164060949687467,4.240102884795024,-10.63,-20.95,-0.085,23.481922,0.05921841,0.38122365
0 days 00:00:02.940000,0.0015330594781031272,0.521892,-0.04316400000000001,9.751140000000001,77.27588789045785,77.27588789045785,77.27588789045785,77.27588789045785,-0.00017453292519943296,-0.016406094968746697,0.005061454830783556,64.0,2.39,0.0,2,2,40.0,4,0.055,23.490000000000002,-0.0,52.6487264,9.7458171,34.0,33.07,52.6487213,9.7458171,-0.015184364492350668,-0.016231562043547264,4.240102884795024,-10.65,-20.86,0.105,23.486906,0.04920465,0.38205385
0 days 00:00:02.950000,0.0015330594781031272,-0.13734000000000002,0.090252,10.045440000000001,77.12211168164313,77.12211168164313,77.12211168164313,77.12211168164313,-0.0013962634015954637,-0.010821041362364843,0.005235987755982988,64.0,2.39,0.0,2,2,40.0,4,0.055,23.490000000000002,-0.0,52.6487264,9.7458171,34.0,33.07,52.6487194,9.7458156,-0.015184364492350668,-0.016057029118347832,4.240102884795024,-10.65,-20.86,0.105,23.48697,0.049266893,0.37795505
0 days 00:00:02.960000,0.0015330594781031272,-0.56898,-0.074556,10.296576000000002,77.02850877192982,77.02850877192982,77.02850877192982,77.02850877192982,0.0027925268031909274,-0.02391101075232232,0.006108652381980153,64.0,2.39,0.0,2,2,40.0,4,0.055,23.490000000000002,-0.005,52.6487264,9.7458171,34.0,33.07,52.6487175,9.745814,-0.015184364492350668,-0.0158824961931484,4.240277417720224,-10.65,-20.86,0.105,23.486958,0.049253225,0.37885508
0 days 00:00:02.970000,0.0015330594781031272,0.003924,-0.12164400000000002,10.433916000000002,76.99507916131792,76.99507916131792,76.99507916131792,76.99507916131792,0.006283185307179587,-0.0158824961931484,0.0054105206811824215,64.0,2.39,0.0,2,2,40.0,4,0.055,23.490000000000002,-0.015,52.6487264,9.7458171,34.0,33.07,52.648715599999996,9.7458124,-0.015009831567151233,-0.015707963267948967,4.240277417720224,-10.65,-20.86,0.105,23.486864,0.0492308,0.38474533
0 days 00:00:02.980000,0.0015330594781031272,-0.459108,0.08632800000000002,10.151388,76.97502139495079,76.97502139495079,76.97502139495079,76.97502139495079,0.007330382858376183,-0.017104226669544427,0.005759586531581288,64.0,2.39,0.0,2,2,40.0,4,0.055,23.485,-0.015,52.6487264,9.7458171,34.0,33.07,52.648713699999995,9.7458109,-0.015009831567151233,-0.015533430342749533,4.240277417720224,-10.65,-20.86,0.105,23.481936,0.049293492,0.38056886
0 days 00:00:02.990000,0.0015330594781031272,-0.38847600000000004,0.03531600000000001,9.817848000000001,77.01513692768506,77.01513692768506,77.01513692768506,77.01513692768506,0.008028514559173916,-0.020420352248333655,0.006283185307179587,64.0,2.39,0.0,2,2,40.0,4,0.065,23.48,-0.015,52.6487177,9.7458081,33.76,33.07,52.6487118,9.7458092,-0.015009831567151233,-0.015184364492350668,4.240451950645423,-10.6,-20.915,-0.025,23.477066,0.059416533,0.3724472
0 days 00:00:03,0.0014151318259413483,0.039240000000000004,0.011772000000000001,10.072908000000002,77.1622272143774,77.1622272143774,77.1622272143774,77.1622272143774,0.006981317007977318,-0.005934119456780722,0.005934119456780722,64.0,2.39,0.0,2,2,40.0,4,0.065,23.48,-0.015,52.6487177,9.7458081,33.76,33.07,52.6487099,9.7458077,-0.014835298641951801,-0.015184364492350668,4.240451950645423,-10.6,-20.915,-0.025,23.477066,0.059481535,0.3724368
0 days 00:00:03.010000,0.0014151318259413483,-0.49834800000000007,-0.007848,9.817848000000001,77.18228498074454,77.18228498074454,77.18228498074454,77.18228498074454,0.004537856055185257,-0.014311699866353502,0.006981317007977318,64.0,2.39,0.0,2,2,40.0,4,0.065,23.475,-0.015,52.6487177,9.7458081,33.76,33.07,52.6487081,9.7458061,-0.014835298641951801,-0.015009831567151233,4.240451950645423,-10.6,-20.915,-0.025,23.472132,0.059543435,0.3682647
0 days 00:00:03.020000,0.0012972041737795694,0.023544000000000002,-0.066708,9.707976,77.24245827984595,77.24245827984595,77.24245827984595,77.24245827984595,0.0006981317007977319,-0.009250245035569947,0.007330382858376183,64.0,2.39,0.0,2,2,40.0,4,0.065,23.48,-0.015,52.6487177,9.7458081,33.76,33.07,52.6487062,9.7458045,-0.014835298641951801,-0.015009831567151233,4.240626483570622,-10.6,-20.915,-0.025,23.477129,0.05954232,0.36833975
0 days 00:00:03.030000,0.0012972041737795694,0.20012400000000002,-0.08240400000000002,10.151388,77.10873983739837,77.10873983739837,77.10873983739837,77.10873983739837,-0.0008726646259971648,0.005061454830783556,0.006806784082777885,64.0,2.39,0.0,2,2,40.5,4,0.06,23.485,-0.02,52.6487177,9.7458081,33.76,33.07,52.6487043,9.745803,-0.014835298641951801,-0.015009831567151233,4.240626483570622,-10.6,-20.915,-0.025,23.482056,0.054467592,0.3733395
0 days 00:00:03.040000,0.0012972041737795694,-0.3924,-0.129492,10.147464000000001,77.01513692768506,77.01513692768506,77.01513692768506,77.01513692768506,-0.0012217304763960308,-0.002617993877991494,0.006981317007977318,64.0,2.39,0.0,2,2,41.0,4,0.065,23.475,-0.025,52.648708299999996,9.745800299999999,33.76,33.07,52.6487024,9.7458014,-0.014835298641951801,-0.015009831567151233,4.240801016495822,-10.605,-20.91,0.04,23.471981,0.059395105,0.3782625
0 days 00:00:03.050000,0.0012972041737795694,-0.07063200000000001,-0.03531600000000001,9.912024,76.89479032948223,76.89479032948223,76.89479032948223,76.89479032948223,-0.0005235987755982988,-0.0022689280275926286,0.006283185307179587,64.0,2.39,0.0,2,2,41.5,4,0.06,23.475,-0.025,52.648708299999996,9.745800299999999,33.76,33.07,52.6487005,9.7457998,-0.014835298641951801,-0.014835298641951801,4.240801016495822,-10.605,-20.91,0.04,23.472048,0.054456428,0.37409213
0 days 00:00:03.060000,0.0011792765216177901,-0.090252,0.11379600000000001,9.672660000000002,76.78781557552418,76.78781557552418,76.78781557552418,76.78781557552418,-0.0006981317007977319,0.009948376736367679,0.006981317007977318,64.0,2.39,0.0,2,2,42.0,4,0.065,23.475,-0.025,52.648708299999996,9.745800299999999,33.76,33.07,52.648698599999996,9.7457982,-0.014835298641951801,-0.015009831567151233,4.240801016495822,-10.605,-20.91,0.04,23.471981,0.059395105,0.3782625
0 days 00:00:03.070000,0.0011792765216177901,-0.447336,0.031392,9.908100000000001,76.9415917843389,76.9415917843389,76.9415917843389,76.9415917843389,-0.00017453292519943296,0.012391837689159739,0.006981317007977318,64.0,2.39,0.0,2,2,42.5,4,0.065,23.47,-0.025,52.648708299999996,9.745800299999999,33.76,33.07,52.648696699999995,9.7457967,-0.014835298641951801,-0.015184364492350668,4.240975549421021,-10.605,-20.91,0.04,23.466915,0.059335455,0.38228273
0 days 00:00:03.080000,0.0010613488694560112,-0.5258160000000001,-0.011772000000000001,9.908100000000001,77.12211168164313,77.12211168164313,77.12211168164313,77.12211168164313,0.0027925268031909274,0.006632251157578452,0.007155849933176751,64.0,2.39,0.0,2,2,43.0,4,0.065,23.47,-0.025,52.648708299999996,9.745800299999999,33.76,33.07,52.648694899999995,9.745795099999999,-0.014835298641951801,-0.015184364492350668,4.240975549421021,-10.605,-20.91,0.04,23.466915,0.059335455,0.38228273
0 days 00:00:03.090000,0.0010613488694560112,0.003924,-0.03531600000000001,9.65304,77.21571459135643,77.21571459135643,77.21571459135643,77.21571459135643,0.004014257279586958,0.008552113334772213,0.007504915783575617,64.0,2.39,0.0,2,2,43.5,4,0.07,23.47,-0.01,52.6486988,9.7457926,33.76,33.06,52.648692999999994,9.7457935,-0.014835298641951801,-0.0153588974175501,4.241150082346221,-10.585,-20.97,-0.13,23.467077,0.064496644,0.37145567
0 days 00:00:03.100000,0.0010613488694560112,0.192276,0.011772000000000001,9.507852000000002,77.21571459135643,77.21571459135643,77.21571459135643,77.21571459135643,0.002617993877991494,0.017453292519943295,0.007504915783575617,64.0,2.39,0.0,2,2,44.0,4,0.07,23.475,-0.01,52.6486988,9.7457926,33.76,33.07,52.6486911,9.7457919,-0.014835298641951801,-0.015533430342749533,4.241150082346221,-10.585,-20.97,-0.13,23.472013,0.06443474,0.37562862
0 days 00:00:03.110000,0.0009434212172942321,-0.07848000000000001,-0.054936000000000006,9.751140000000001,77.02850877192982,77.02850877192982,77.02850877192982,77.02850877192982,0.003490658503988659,0.020071286397934793,0.006632251157578452,64.0,2.39,0.0,2,2,44.5,4,0.07,23.475,-0.01,52.6486988,9.7457926,33.76,33.07,52.6486892,9.745790399999999,-0.014835298641951801,-0.015707963267948967,4.24132461527142,-10.585,-20.97,-0.13,23.471947,0.06437396,0.3797248
0 days 00:00:03.120000,0.0009434212172942321,-0.33746400000000004,0.054936000000000006,9.782532000000002,76.95496362858366,76.95496362858366,76.95496362858366,76.95496362858366,0.0036651914291880917,0.016755160819145562,0.007155849933176751,64.0,2.39,0.0,2,2,45.0,4,0.07,23.47,-0.01,52.6486988,9.7457926,33.76,33.07,52.6486873,9.7457888,-0.014835298641951801,-0.0158824961931484,4.24132461527142,-10.585,-20.97,-0.13,23.46688,0.064314365,0.3837416
0 days 00:00:03.130000,0.0009434212172942321,-0.23544,-0.133416,10.441764000000001,76.9415917843389,76.9415917843389,76.9415917843389,76.9415917843389,0.005235987755982988,0.021642082724729686,0.005061454830783556,64.0,2.39,0.0,2,2,45.5,4,0.07,23.47,-0.015,52.6486988,9.7457926,33.76,33.07,52.6486854,9.745787199999999,-0.014660765716752368,-0.016057029118347832,4.24132461527142,-10.585,-20.97,-0.13,23.466734,0.064248,0.39282447
0 days 00:00:03.140000,0.0009434212172942321,-0.698472,-0.03531600000000001,9.876708000000002,76.95496362858366,76.95496362858366,76.95496362858366,76.95496362858366,0.007679448708775049,0.002617993877991494,0.004886921905584123,64.0,2.39,0.0,2,2,46.0,4,0.065,23.47,-0.02,52.6486897,9.745784,33.93,33.06,52.6486835,9.7457856,-0.014660765716752368,-0.016057029118347832,4.24149914819662,-10.625,-20.990000000000002,0.05,23.466654,0.05917525,0.39775002
0 days 00:00:03.150000,0.000825493565132453,0.17265600000000003,0.047088000000000005,9.684432000000001,76.9415917843389,76.9415917843389,76.9415917843389,76.9415917843389,0.0054105206811824215,0.016057029118347832,0.004363323129985824,64.0,2.39,0.0,2,2,46.5,4,0.065,23.475,-0.02,52.6486897,9.745784,33.93,33.06,52.648681599999996,9.7457841,-0.014486232791552936,-0.016231562043547264,4.24149914819662,-10.625,-20.990000000000002,0.05,23.471584,0.059184164,0.4019161
0 days 00:00:03.160000,0.000825493565132453,-0.39632400000000007,0.0,9.503928,77.06193838254171,77.06193838254171,77.06193838254171,77.06193838254171,0.00471238898038469,0.01884955592153876,0.004014257279586958,64.0,2.39,0.0,2,2,47.0,4,0.065,23.47,-0.015,52.6486897,9.745784,33.93,33.06,52.6486798,9.745782499999999,-0.014486232791552936,-0.0164060949687467,4.24149914819662,-10.625,-20.990000000000002,0.05,23.466595,0.05919843,0.40093136
0 days 00:00:03.170000,0.000825493565132453,-0.31392000000000003,-0.007848,8.931024,77.12211168164313,77.12211168164313,77.12211168164313,77.12211168164313,0.005235987755982988,0.004537856055185257,0.0038397243543875246,64.0,2.39,0.0,2,2,47.5,4,0.07,23.47,-0.005,52.6486897,9.745784,33.93,33.06,52.648677899999996,9.7457809,-0.014486232791552936,-0.016580627893946133,4.24149914819662,-10.625,-20.990000000000002,0.05,23.466692,0.064283416,0.39510143
0 days 00:00:03.180000,0.000825493565132453,0.5415120000000001,0.011772000000000001,9.766836000000001,77.10873983739837,77.10873983739837,77.10873983739837,77.10873983739837,0.0006981317007977319,0.03735004599267865,0.002967059728390361,64.0,2.39,0.0,2,2,48.0,4,0.07,23.475,-0.005,52.6486897,9.745784,33.93,33.06,52.648675999999995,9.7457794,-0.014486232791552936,-0.016929693744344994,4.241673681121819,-10.625,-20.990000000000002,0.05,23.471552,0.06416353,0.40337667
0 days 00:00:03.190000,0.000825493565132453,-0.9731520000000001,-0.09417600000000001,10.265184,77.08199614890886,77.08199614890886,77.08199614890886,77.08199614890886,-0.00645771823237902,0.019896753472735357,0.0022689280275926286,64.0,2.39,0.0,2,2,48.5,4,0.065,23.465,-0.02,52.648680299999995,9.7457762,33.94,33.06,52.6486741,9.745777799999999,-0.014486232791552936,-0.01710422666954443,4.241673681121819,-10.625,-20.95,0.11,23.461227,0.058889937,0.42222556
0 days 00:00:03.200000,0.000825493565132453,-0.580752,0.11379600000000001,9.833544,77.02850877192982,77.02850877192982,77.02850877192982,77.02850877192982,-0.008203047484373348,-0.012740903539558606,0.002617993877991494,64.0,2.39,0.0,2,2,49.0,4,0.065,23.465,-0.02,52.648680299999995,9.7457762,33.94,33.06,52.6486722,9.7457762,-0.014486232791552936,-0.016929693744344994,4.241673681121819,-10.625,-20.95,0.11,23.461298,0.058949247,0.41813126
0 days 00:00:03.210000,0.000825493565132453,0.9299880000000001,-0.027468000000000003,10.08468,76.92153401797175,76.92153401797175,76.92153401797175,76.92153401797175,-0.008726646259971648,0.021642082724729686,0.0015707963267948967,64.0,2.39,0.0,2,2,49.5,4,0.065,23.475,-0.02,52.648680299999995,9.7457762,33.94,33.06,52.6486703,9.745774599999999,-0.014660765716752368,-0.01710422666954443,4.241673681121819,-10.625,-20.95,0.11,23.471226,0.058813732,0.42240682
0 days 00:00:03.220000,0.000825493565132453,-0.9456840000000001,-0.003924,9.237096000000001,76.92153401797175,76.92153401797175,76.92153401797175,76.92153401797175,-0.004363323129985824,0.0015707963267948967,0.0024434609527920616,64.0,2.39,0.0,2,2,50.0,4,0.065,23.465,-0.015,52.648680299999995,9.7457762,33.94,33.06,52.6486684,9.7457731,-0.014660765716752368,-0.01710422666954443,4.241673681121819,-10.625,-20.95,0.11,23.461311,0.05888953,0.4172371
0 days 00:00:03.230000,0.000825493565132453,-0.40024800000000005,0.039240000000000004,8.742672,76.82793110825845,76.82793110825845,76.82793110825845,76.82793110825845,-0.0013962634015954637,-0.004886921905584123,0.002967059728390361,64.0,2.39,0.0,2,2,50.0,4,0.065,23.465,-0.005,52.648680299999995,9.7457762,33.94,33.06,52.6486666,9.7457715,-0.014660765716752368,-0.01710422666954443,4.241673681121819,-10.625,-20.95,0.11,23.461483,0.05903611,0.40723965
0 days 00:00:03.240000,0.000825493565132453,0.384552,0.04316400000000001,9.747216000000002,76.99507916131792,76.99507916131792,76.99507916131792,76.99507916131792,0.00034906585039886593,0.035953782591083186,0.0022689280275926286,64.0,2.39,0.0,2,2,50.0,4,0.065,23.475,-0.01,52.6486708,9.7457684,33.94,33.06,52.6486647,9.745769899999999,-0.014660765716752368,-0.017627825445142728,4.241673681121819,-10.605,-20.98,0.055,23.471178,0.058780145,0.42469764
0 days 00:00:03.250000,0.000825493565132453,-1.1301120000000002,-0.16088400000000003,9.912024,77.08199614890886,77.08199614890886,77.08199614890886,77.08199614890886,-0.0022689280275926286,0.012217304763960306,0.0015707963267948967,64.0,2.39,0.0,2,2,50.0,4,0.065,23.465,-0.01,52.6486708,9.7457684,33.94,33.06,52.6486628,9.7457684,-0.014660765716752368,-0.017627825445142728,4.241848214047018,-10.605,-20.98,0.055,23.461178,0.05878273,0.42452136
0 days 00:00:03.260000,0.000825493565132453,-0.145188,-0.10987200000000001,9.629496000000001,77.1622272143774,77.1622272143774,77.1622272143774,77.1622272143774,-0.005759586531581288,-0.004363323129985824,0.0012217304763960308,64.0,2.39,0.0,2,2,50.0,4,0.065,23.465,-0.005,52.6486708,9.7457684,33.94,33.06,52.648660899999996,9.7457668,-0.014660765716752368,-0.017627825445142728,4.241848214047018,-10.605,-20.98,0.055,23.461266,0.058856018,0.41952267
0 days 00:00:03.270000,0.000825493565132453,0.7494840000000002,0.039240000000000004,10.22202,77.1622272143774,77.1622272143774,77.1622272143774,77.1622272143774,-0.00890117918517108,0.02583087292951608,0.0005235987755982988,64.0,2.39,0.0,2,2,50.0,4,0.065,23.475,-0.01,52.6486708,9.7457684,33.94,33.06,52.648658999999995,9.7457652,-0.014835298641951801,-0.017976891295541596,4.241848214047018,-10.605,-20.98,0.055,23.471027,0.05858448,0.4328999
0 days 00:00:03.280000,0.000825493565132453,-0.8161920000000001,-0.18835200000000002,10.010124000000001,77.01513692768506,77.01513692768506,77.01513692768506,77.01513692768506,-0.006283185307179587,-0.002967059728390361,0.0024434609527920616,64.0,2.39,0.0,2,2,50.0,4,0.065,23.47,-0.015,52.6486708,9.7457684,33.94,33.06,52.648657099999994,9.7457637,-0.014835298641951801,-0.017976891295541596,4.241848214047018,-10.605,-20.98,0.055,23.465939,0.058511652,0.43780866
0 days 00:00:03.290000,0.000825493565132453,0.003924,-0.039240000000000004,9.288108000000001,76.99507916131792,76.99507916131792,76.99507916131792,76.99507916131792,-0.006981317007977318,-0.007504915783575617,0.0022689280275926286,64.0,2.39,0.0,2,2,50.0,4,0.065,23.475,-0.005,52.648661399999995,9.7457605,33.94,33.06,52.6486552,9.7457621,-0.014835298641951801,-0.01780235837034216,4.241848214047018,-10.6,-20.98,-0.03,23.471191,0.05871941,0.42380518
0 days 00:00:03.300000,0.000825493565132453,0.149112,-0.05101200000000001,10.171008,76.89479032948223,76.89479032948223,76.89479032948223,76.89479032948223,-0.009948376736367679,0.025132741228718346,0.0005235987755982988,64.0,2.39,0.0,2,2,50.0,4,0.065,23.48,-0.01,52.648661399999995,9.7457605,33.94,33.06,52.6486533,9.7457605,-0.015009831567151233,-0.01815142422074103,4.241848214047018,-10.6,-20.98,-0.03,23.47595,0.058446076,0.43709686
0 days 00:00:03.310000,0.000825493565132453,-1.6520040000000003,0.031392,9.354816000000001,76.86136071887034,76.86136071887034,76.86136071887034,76.86136071887034,-0.011344640137963142,-0.016057029118347832,0.0006981317007977319,64.0,2.39,0.0,2,2,50.0,4,0.065,23.465,-0.005,52.648661399999995,9.7457605,33.94,33.06,52.6486515,9.7457589,-0.015184364492350668,-0.017976891295541596,4.241848214047018,-10.6,-20.98,-0.03,23.461119,0.058512002,0.42774197
0 days 00:00:03.320000,0.0009434212172942321,0.302148,0.011772000000000001,9.021276000000002,77.01513692768506,77.01513692768506,77.01513692768506,77.01513692768506,-0.008028514559173916,-0.01117010721276371,0.0006981317007977319,64.0,2.39,0.0,2,2,50.0,4,0.065,23.47,0.005,52.648661399999995,9.7457605,33.94,33.06,52.6486496,9.745757399999999,-0.015184364492350668,-0.01780235837034216,4.241848214047018,-10.6,-20.98,-0.03,23.466372,0.058724638,0.41373938
0 days 00:00:03.330000,0.0009434212172942321,0.6749280000000001,0.015696,9.876708000000002,77.10873983739837,77.10873983739837,77.10873983739837,77.10873983739837,-0.0017453292519943296,0.025132741228718346,0.0012217304763960308,64.0,2.39,0.0,2,2,50.0,4,0.07,23.48,0.005,52.648661399999995,9.7457605,33.94,33.06,52.6486477,9.7457558,-0.015184364492350668,-0.01815142422074103,4.241848214047018,-10.6,-20.98,-0.03,23.476223,0.063596934,0.4221872
0 days 00:00:03.340000,0.0009434212172942321,-1.043784,-0.04316400000000001,9.433296,77.24245827984595,77.24245827984595,77.24245827984595,77.24245827984595,0.002967059728390361,-0.00471238898038469,0.0022689280275926286,64.0,2.39,0.0,2,2,50.0,4,0.075,23.465,0.015,52.648652,9.7457532,33.84,33.06,52.6486458,9.7457542,-0.015184364492350668,-0.017976891295541596,4.241848214047018,-10.57,-20.96,-0.145,23.461477,0.06881448,0.40789935
0 days 00:00:03.350000,0.0009434212172942321,0.10202400000000002,-0.32176800000000005,9.919872000000002,77.19565682498931,77.19565682498931,77.19565682498931,77.19565682498931,0.005759586531581288,-0.005235987755982988,0.0015707963267948967,64.0,2.39,0.0,2,2,50.0,4,0.07,23.47,0.015,52.648652,9.7457532,33.84,33.06,52.648643899999996,9.7457526,-0.015184364492350668,-0.017976891295541596,4.242022746972218,-10.57,-20.96,-0.145,23.466476,0.063813694,0.4079133
0 days 00:00:03.360000,0.0010613488694560112,0.05101200000000001,0.015696,10.598724,77.01513692768506,77.01513692768506,77.01513692768506,77.01513692768506,0.0008726646259971648,0.006283185307179587,0.0008726646259971648,64.0,2.39,0.0,2,2,50.0,4,0.07,23.47,0.01,52.648652,9.7457532,33.84,33.06,52.648641999999995,9.7457511,-0.015184364492350668,-0.017976891295541596,4.242022746972218,-10.57,-20.96,-0.145,23.466387,0.06373779,0.41291192
0 days 00:00:03.370000,0.0010613488694560112,-0.926064,-0.16088400000000003,9.692280000000002,76.97502139495079,76.97502139495079,76.97502139495079,76.97502139495079,-0.002617993877991494,-0.027052603405912107,0.0017453292519943296,64.0,2.39,0.0,2,2,50.0,4,0.07,23.465,0.01,52.648652,9.7457532,33.84,33.06,52.648640099999994,9.745749499999999,-0.015184364492350668,-0.01780235837034216,4.242022746972218,-10.57,-20.96,-0.145,23.46146,0.063801326,0.4087277
0 days 00:00:03.380000,0.0010613488694560112,0.27468000000000004,-0.015696,9.472536,76.86136071887034,76.86136071887034,76.86136071887034,76.86136071887034,-0.0024434609527920616,-0.01308996938995747,0.0013962634015954637,64.0,2.39,0.0,2,2,50.0,4,0.07,23.47,0.015,52.648652,9.7457532,33.84,33.06,52.648638299999995,9.745747999999999,-0.015184364492350668,-0.017627825445142728,4.242022746972218,-10.57,-20.96,-0.145,23.466618,0.06393807,0.39972287
0 days 00:00:03.390000,0.0010613488694560112,-0.11772,0.003924,9.884556000000002,76.92153401797175,76.92153401797175,76.92153401797175,76.92153401797175,-0.0010471975511965976,0.0054105206811824215,0.0008726646259971648,64.0,2.39,0.0,2,2,50.0,4,0.065,23.47,0.01,52.648642699999996,9.7457453,33.83,33.06,52.6486364,9.7457464,-0.015184364492350668,-0.017627825445142728,4.242022746972218,-10.59,-20.91,0.02,23.466528,0.05886273,0.4046456
0 days 00:00:03.400000,0.0010613488694560112,-1.0987200000000001,-0.09417600000000001,9.425448000000001,76.9415917843389,76.9415917843389,76.9415917843389,76.9415917843389,0.0022689280275926286,-0.01937315469713706,0.0015707963267948967,64.0,2.39,0.0,2,2,50.0,4,0.065,23.46,0.015,52.648642699999996,9.7457453,33.83,33.06,52.6486345,9.745744799999999,-0.015184364492350668,-0.017453292519943295,4.242022746972218,-10.59,-20.91,0.02,23.456688,0.05900348,0.39537716
0 days 00:00:03.410000,0.0010613488694560112,0.278604,-0.10202400000000002,9.762912000000002,77.24245827984595,77.24245827984595,77.24245827984595,77.24245827984595,0.003316125578789226,-0.005061454830783556,0.0019198621771937623,64.0,2.39,0.5999999999999996,2,2,50.0,4,0.065,23.465,0.015,52.648642699999996,9.7457453,33.83,33.06,52.6486326,9.7457432,-0.015009831567151233,-0.017453292519943295,4.242022746972218,-10.59,-20.91,0.02,23.461687,0.059071172,0.39545414
0 days 00:00:03.420000,0.0010613488694560112,0.011772000000000001,-0.153036,10.418220000000002,77.1622272143774,77.1622272143774,77.1622272143774,77.1622272143774,0.006981317007977318,0.004014257279586958,0.0017453292519943296,64.0,2.39,1.1999999999999993,2,2,50.0,4,0.065,23.465,0.01,52.648642699999996,9.7457453,33.83,33.06,52.6486307,9.7457417,-0.015009831567151233,-0.017453292519943295,4.242022746972218,-10.59,-20.91,0.02,23.461601,0.058996137,0.40045282
0 days 00:00:03.430000,0.0010613488694560112,-0.7730280000000002,-0.223668,9.350892000000002,77.21571459135643,77.21571459135643,77.21571459135643,77.21571459135643,0.005061454830783556,-0.02391101075232232,0.0027925268031909274,64.0,2.39,1.799999999999999,2,2,51.0,4,0.065,23.46,0.015,52.648642699999996,9.7457453,33.83,33.06,52.6486288,9.745740099999999,-0.015009831567151233,-0.017278759594743863,4.242022746972218,-10.59,-20.91,0.02,23.456757,0.059133932,0.39127335
0 days 00:00:03.440000,0.0010613488694560112,0.43948800000000005,-0.08632800000000002,9.558864000000002,76.97502139495079,76.97502139495079,76.97502139495079,76.97502139495079,0.005061454830783556,-0.00942477796076938,0.0022689280275926286,64.0,2.39,2.3999999999999986,2,2,52.0,4,0.07,23.47,0.01,52.6486332,9.745737499999999,33.84,33.05,52.6486269,9.7457385,-0.015009831567151233,-0.017278759594743863,4.242197279897417,-10.56,-20.965,0.105,23.46667,0.06405574,0.39651987
0 days 00:00:03.450000,0.0010613488694560112,-0.03531600000000001,-0.047088000000000005,10.088604,76.89479032948223,76.89479032948223,76.89479032948223,76.89479032948223,0.005235987755982988,0.006108652381980153,0.002617993877991494,64.0,2.39,2.849999999999998,2,2,53.0,4,0.07,23.47,0.005,52.6486332,9.745737499999999,33.84,33.05,52.6486251,9.745737,-0.014835298641951801,-0.017278759594743863,4.242197279897417,-10.56,-20.965,0.105,23.466581,0.064050786,0.40150735
0 days 00:00:03.460000,0.0010613488694560112,-1.0280880000000001,-0.15696000000000002,9.758988,76.89479032948223,76.89479032948223,76.89479032948223,76.89479032948223,0.006283185307179587,-0.015358897417550098,0.003316125578789226,61.0,2.39,3.299999999999997,2,2,54.0,4,0.065,23.46,0.005,52.6486332,9.745737499999999,33.84,33.05,52.648623199999996,9.7457354,-0.014835298641951801,-0.01710422666954443,4.242197279897417,-10.56,-20.965,0.105,23.456654,0.059114628,0.39716697
0 days 00:00:03.470000,0.0010613488694560112,-0.03531600000000001,-0.074556,9.617724,76.82793110825845,76.82793110825845,76.82793110825845,76.82793110825845,0.005061454830783556,-0.008377580409572781,0.0036651914291880917,58.0,2.39,3.4499999999999993,2,2,55.0,4,0.065,23.465,0.01,52.6486332,9.745737499999999,33.84,33.05,52.648621299999995,9.7457338,-0.014835298641951801,-0.01710422666954443,4.242197279897417,-10.56,-20.965,0.105,23.46174,0.059187524,0.3922538
0 days 00:00:03.480000,0.0010613488694560112,-0.023544000000000002,0.03531600000000001,9.802152000000001,76.9415917843389,76.9415917843389,76.9415917843389,76.9415917843389,0.002617993877991494,0.009075712110370514,0.0036651914291880917,55.0,2.39,3.6000000000000014,2,2,56.0,4,0.07,23.465,0.01,52.6486332,9.745737499999999,33.84,33.05,52.648619399999994,9.7457323,-0.014660765716752368,-0.01710422666954443,4.242371812822617,-10.56,-20.965,0.105,23.46174,0.06425545,0.39231673
0 days 00:00:03.490000,0.0010613488694560112,-0.7416360000000001,-0.1962,9.656964,76.99507916131792,76.99507916131792,76.99507916131792,76.99507916131792,0.002617993877991494,-0.005061454830783556,0.004537856055185257,52.0,2.39,3.4499999999999993,2,2,57.0,4,0.07,23.45,0.01,52.648623799999996,9.7457297,33.84,33.05,52.6486175,9.7457307,-0.014660765716752368,-0.016929693744344994,4.242371812822617,-10.545,-20.900000000000002,-0.025,23.44681,0.0643192,0.38796842
0 days 00:00:03.500000,0.0010613488694560112,-0.24721200000000002,0.09417600000000001,9.292032,77.08199614890886,77.08199614890886,77.08199614890886,77.08199614890886,0.00645771823237902,-0.008028514559173916,0.005759586531581288,49.0,2.39,3.299999999999997,2,2,58.0,4,0.07,23.45,0.015,52.648623799999996,9.7457297,33.84,33.05,52.6486156,9.7457291,-0.014660765716752368,-0.016929693744344994,4.242371812822617,-10.545,-20.900000000000002,-0.025,23.446894,0.06439249,0.38296968
0 days 00:00:03.510000,0.0010613488694560112,0.317844,-0.13734000000000002,10.143540000000002,77.06193838254171,77.06193838254171,77.06193838254171,77.06193838254171,0.007155849933176751,0.020594885173533087,0.004886921905584123,46.0,2.39,3.1499999999999986,2,2,59.0,4,0.07,23.455000000000002,0.01,52.648623799999996,9.7457297,33.84,33.05,52.6486137,9.7457276,-0.014660765716752368,-0.01710422666954443,4.242371812822617,-10.545,-20.900000000000002,-0.025,23.45174,0.06425796,0.39214572
0 days 00:00:03.520000,0.0010613488694560112,-1.02024,-0.25506,10.1043,76.92153401797175,76.92153401797175,76.92153401797175,76.92153401797175,0.007330382858376183,-0.0013962634015954637,0.005235987755982988,43.0,2.39,3.0,2,2,60.0,4,0.07,23.445,0.01,52.648623799999996,9.7457297,33.84,33.05,52.6486119,9.745726,-0.014486232791552936,-0.01710422666954443,4.242546345747817,-10.545,-20.900000000000002,-0.025,23.441742,0.06432888,0.39196348
0 days 00:00:03.530000,0.0010613488694560112,-0.41594400000000004,-0.13734000000000002,9.782532000000002,76.86136071887034,76.86136071887034,76.86136071887034,76.86136071887034,0.008377580409572781,-0.011519173063162576,0.005934119456780722,39.0,2.39,3.4499999999999993,2,2,61.0,4,0.065,23.44,0.01,52.648623799999996,9.7457297,33.84,33.05,52.64861,9.7457244,-0.014486232791552936,-0.016929693744344994,4.242546345747817,-10.545,-20.900000000000002,-0.025,23.436811,0.05938989,0.38771552
0 days 00:00:03.540000,0.0010613488694560112,0.25506,-0.05886,10.100376,76.72764227642276,76.72764227642276,76.72764227642276,76.72764227642276,0.006283185307179587,0.017278759594743863,0.0054105206811824215,35.0,2.39,3.8999999999999986,2,2,62.0,4,0.065,23.45,0.01,52.6486143,9.7457216,33.88,33.05,52.6486081,9.7457228,-0.014311699866353503,-0.017278759594743863,4.242546345747817,-10.57,-20.955000000000002,-0.045,23.446674,0.059338007,0.39605796
0 days 00:00:03.550000,0.0010613488694560112,-1.1497320000000002,-0.047088000000000005,9.672660000000002,76.64072528883183,76.64072528883183,76.64072528883183,76.64072528883183,0.004537856055185257,0.0017453292519943296,0.005759586531581288,30.0,2.39,3.75,2,2,63.0,4,0.065,23.44,0.01,52.6486143,9.7457216,33.88,33.05,52.648606199999996,9.7457213,-0.014311699866353503,-0.017278759594743863,4.2427208786730155,-10.57,-20.955000000000002,-0.045,23.436676,0.05934048,0.3958852
0 days 00:00:03.560000,0.0010613488694560112,-0.64746,-0.003924,9.554940000000002,76.70758451005563,76.70758451005563,76.70758451005563,76.70758451005563,0.0024434609527920616,-0.0013962634015954637,0.005585053606381855,26.0,2.39,3.6000000000000014,2,2,64.0,4,0.065,23.435,0.015,52.6486143,9.7457216,33.88,33.05,52.648604299999995,9.7457197,-0.014311699866353503,-0.017278759594743863,4.2427208786730155,-10.57,-20.955000000000002,-0.045,23.43176,0.05941326,0.39080006
0 days 00:00:03.570000,0.0009434212172942321,-0.368856,-0.015696,10.131768,76.80787334189132,76.80787334189132,76.80787334189132,76.80787334189132,0.0005235987755982988,0.017278759594743863,0.005061454830783556,22.5,2.39,3.1499999999999986,2,2,65.0,4,0.065,23.435,0.01,52.6486143,9.7457216,33.88,33.05,52.648602399999994,9.745718199999999,-0.014311699866353503,-0.017453292519943295,4.2427208786730155,-10.57,-20.955000000000002,-0.045,23.431606,0.05928319,0.399888
0 days 00:00:03.580000,0.0009434212172942321,-1.271376,-0.11379600000000001,9.861012,76.92153401797175,76.92153401797175,76.92153401797175,76.92153401797175,0.0015707963267948967,-0.006283185307179587,0.005585053606381855,19.0,2.39,2.6999999999999957,2,2,66.0,4,0.065,23.425,0.01,52.6486143,9.7457216,33.88,33.05,52.648600599999995,9.7457166,-0.014311699866353503,-0.017278759594743863,4.242895411598215,-10.57,-20.955000000000002,-0.045,23.421677,0.059344187,0.39562604
0 days 00:00:03.590000,0.0009434212172942321,-0.184428,0.062784,9.605952000000002,76.97502139495079,76.97502139495079,76.97502139495079,76.97502139495079,-0.0005235987755982988,-0.0036651914291880917,0.005934119456780722,16.0,2.39,2.549999999999997,2,2,67.0,4,0.065,23.425,0.015,52.648604999999996,9.745713799999999,33.88,33.05,52.6485987,9.745714999999999,-0.014311699866353503,-0.017278759594743863,4.242895411598215,-10.555,-20.935,-0.04,23.421762,0.05941573,0.3906273
0 days 00:00:03.600000,0.0009434212172942321,-0.08632800000000002,-0.16873200000000002,10.025820000000001,76.92153401797175,76.92153401797175,76.92153401797175,76.92153401797175,0.0013962634015954637,0.014311699866353502,0.005061454830783556,13.0,2.39,2.3999999999999986,2,2,68.0,4,0.06,23.43,0.01,52.648604999999996,9.745713799999999,33.88,33.05,52.6485968,9.745713499999999,-0.014311699866353503,-0.017453292519943295,4.242895411598215,-10.555,-20.935,-0.04,23.426607,0.054284953,0.39972922
0 days 00:00:03.610000,0.0009434212172942321,-1.0830240000000002,0.05886,9.425448000000001,76.80787334189132,76.80787334189132,76.80787334189132,76.80787334189132,0.0038397243543875246,-0.00890117918517108,0.005585053606381855,10.0,2.39,2.3999999999999986,2,2,69.0,4,0.065,23.42,0.015,52.648604999999996,9.745713799999999,33.88,33.05,52.6485949,9.7457119,-0.014137166941154071,-0.017453292519943295,4.243069944523414,-10.555,-20.935,-0.04,23.416695,0.05942735,0.39461714
0 days 00:00:03.620000,0.000825493565132453,-0.04316400000000001,-0.027468000000000003,9.943416000000001,76.72764227642276,76.72764227642276,76.72764227642276,76.72764227642276,0.005235987755982988,0.005061454830783556,0.004886921905584123,8.0,2.39,2.3999999999999986,2,2,70.0,4,0.065,23.42,0.015,52.648604999999996,9.745713799999999,33.88,33.05,52.648593,9.745710299999999,-0.014137166941154071,-0.017453292519943295,4.243069944523414,-10.555,-20.935,-0.04,23.416695,0.05942735,0.39461714
0 days 00:00:03.630000,0.000825493565132453,-0.6670800000000001,-0.11379600000000001,10.445688,76.56049422336329,76.56049422336329,76.56049422336329,76.56049422336329,0.00890117918517108,0.011344640137963142,0.004363323129985824,7.0,2.39,2.25,2,2,70.0,4,0.06,23.415,0.01,52.648604999999996,9.745713799999999,33.88,33.04,52.6485911,9.7457088,-0.014137166941154071,-0.017627825445142728,4.243069944523414,-10.555,-20.935,-0.04,23.411537,0.054300647,0.40354368
0 days 00:00:03.640000,0.000825493565132453,-1.31454,-0.05101200000000001,9.676584000000002,76.63403936670946,76.63403936670946,76.63403936670946,76.63403936670946,0.00942477796076938,-0.010471975511965976,0.00471238898038469,6.0,2.39,2.1000000000000014,2,2,70.0,4,0.065,23.405,0.01,52.6485955,9.745706,33.87,33.04,52.648589199999996,9.7457072,-0.013962634015954637,-0.017453292519943295,4.243244477448615,-10.55,-20.955000000000002,-0.07,23.401611,0.05943008,0.3993438
0 days 00:00:03.650000,0.000825493565132453,-0.3413880000000001,-0.047088000000000005,9.880632000000002,76.76107188703466,76.76107188703466,76.76107188703466,76.76107188703466,0.011693705988362009,0.007155849933176751,0.0041887902047863905,5.0,2.39,2.1000000000000014,2,2,70.0,4,0.065,23.405,0.01,52.6485955,9.745706,33.87,33.04,52.6485874,9.745705599999999,-0.013788101090755204,-0.017627825445142728,4.243244477448615,-10.55,-20.955000000000002,-0.07,23.401539,0.059443463,0.40341738
0 days 00:00:03.660000,0.000825493565132453,-0.8475840000000001,-0.16480800000000004,9.892404,76.89479032948223,76.89479032948223,76.89479032948223,76.89479032948223,0.013264502315156903,0.0041887902047863905,0.0031415926535897933,4.0,2.39,2.1000000000000014,2,2,70.0,4,0.06,23.400000000000002,0.01,52.6485955,9.745706,33.87,33.04,52.648585499999996,9.7457041,-0.013788101090755204,-0.017627825445142728,4.243244477448615,-10.55,-20.955000000000002,-0.07,23.39654,0.054445155,0.4032603
0 days 00:00:03.670000,0.000825493565132453,-0.6749280000000001,0.019620000000000002,9.448992,76.9415917843389,76.9415917843389,76.9415917843389,76.9415917843389,0.008203047484373348,-0.0027925268031909274,0.0041887902047863905,2.5,2.39,2.1000000000000014,2,2,70.0,4,0.065,23.39,0.015,52.6485955,9.745706,33.87,33.04,52.648583599999995,9.7457025,-0.013613568165555772,-0.017627825445142728,4.243244477448615,-10.55,-20.955000000000002,-0.07,23.38663,0.059585527,0.39814386
0 days 00:00:03.680000,0.000825493565132453,-0.07063200000000001,-0.019620000000000002,10.198476000000001,76.82793110825845,76.82793110825845,76.82793110825845,76.82793110825845,0.002967059728390361,0.0158824961931484,0.003490658503988659,1.0,2.39,2.1000000000000014,2,2,70.0,4,0.065,23.395,0.01,52.6485955,9.745706,33.87,33.04,52.6485817,9.745701,-0.013613568165555772,-0.01780235837034216,4.243419010373813,-10.55,-20.955000000000002,-0.07,23.391472,0.059460696,0.40731293
0 days 00:00:03.690000,0.0007075659129706742,-0.8711280000000001,-0.05886,10.371132000000001,76.67415489944372,76.67415489944372,76.67415489944372,76.67415489944372,0.0031415926535897933,0.0019198621771937623,0.003316125578789226,0.0,2.39,2.1000000000000014,2,2,70.0,4,0.06,23.385,0.005,52.6485862,9.745698299999999,33.87,33.04,52.6485798,9.7456994,-0.013613568165555772,-0.017627825445142728,4.243419010373813,-10.540000000000001,-20.86,-0.03,23.381454,0.05445108,0.40798518
0 days 00:00:03.700000,0.0007075659129706742,-0.51012,-0.027468000000000003,9.821772000000001,76.60060975609755,76.60060975609755,76.60060975609755,76.60060975609755,0.0013962634015954637,-0.00471238898038469,0.003316125578789226,-1.0,2.39,2.1000000000000014,2,2,70.0,4,0.06,23.38,0.005,52.6485862,9.745698299999999,33.87,33.04,52.648578,9.7456978,-0.013439035240356337,-0.017627825445142728,4.243419010373813,-10.540000000000001,-20.86,-0.03,23.376453,0.05452347,0.40788755
0 days 00:00:03.710000,0.0007075659129706742,-0.21189600000000003,-0.0981,10.12392,76.50700684638424,76.50700684638424,76.50700684638424,76.50700684638424,0.0015707963267948967,0.013264502315156903,0.0022689280275926286,-2.0,2.39,1.9499999999999993,2,2,70.0,4,0.06,23.38,-0.0,52.6485862,9.745698299999999,33.87,33.04,52.6485761,9.745696299999999,-0.013439035240356337,-0.01780235837034216,4.243419010373813,-10.540000000000001,-20.86,-0.03,23.376295,0.05440146,0.41696587
0 days 00:00:03.720000,0.0007075659129706742,-1.1183400000000001,0.11772,9.578484000000001,76.50032092426187,76.50032092426187,76.50032092426187,76.50032092426187,-0.002617993877991494,0.00034906585039886593,0.0027925268031909274,-4.0,2.39,1.7999999999999972,2,2,70.0,4,0.06,23.37,0.005,52.6485862,9.745698299999999,33.87,33.04,52.6485742,9.7456947,-0.013613568165555772,-0.01780235837034216,4.243419010373813,-10.540000000000001,-20.86,-0.03,23.366388,0.054399163,0.41179863
0 days 00:00:03.730000,0.0007075659129706742,-0.678852,0.039240000000000004,9.755064,76.6206675224647,76.6206675224647,76.6206675224647,76.6206675224647,-0.005934119456780722,0.005585053606381855,0.003316125578789226,-5.0,2.39,1.6499999999999986,2,2,70.0,4,0.05,23.365000000000002,-0.005,52.648576899999995,9.7456896,34.07,33.04,52.6485723,9.7456931,-0.013439035240356337,-0.01780235837034216,4.2435935432990135,-10.56,-20.86,0.12,23.361208,0.044338774,0.4215632
0 days 00:00:03.740000,0.0005896382608088951,-0.7808760000000001,-0.10594800000000001,9.935568000000002,76.78781557552418,76.78781557552418,76.78781557552418,76.78781557552418,-0.00471238898038469,0.005585053606381855,0.002967059728390361,-6.0,2.39,1.5,2,2,70.0,4,0.05,23.36,-0.005,52.648576899999995,9.7456896,34.07,33.04,52.6485704,9.745691599999999,-0.013613568165555772,-0.017976891295541596,4.2435935432990135,-10.56,-20.86,0.12,23.356136,0.044210915,0.42555803
0 days 00:00:03.750000,0.0005896382608088951,-0.698472,0.08240400000000002,9.307728000000001,76.78112965340179,76.78112965340179,76.78112965340179,76.78112965340179,-0.0017453292519943296,-0.007155849933176751,0.0036651914291880917,-13.0,2.39,1.6499999999999986,2,2,70.0,4,0.05,23.355,-0.0,52.648576899999995,9.7456896,34.07,33.04,52.6485686,9.74569,-0.013613568165555772,-0.01780235837034216,4.2435935432990135,-10.56,-20.86,0.12,23.3513,0.04433567,0.4163942
0 days 00:00:03.760000,0.0004717106086471161,0.23936400000000002,-0.039240000000000004,9.758988,76.72764227642276,76.72764227642276,76.72764227642276,76.72764227642276,-0.002967059728390361,0.020245819323134222,0.0036651914291880917,-19.0,2.39,1.7999999999999972,2,2,70.0,4,0.055,23.36,-0.0,52.648576899999995,9.7456896,34.07,33.04,52.648566699999996,9.7456885,-0.013613568165555772,-0.017976891295541596,4.2435935432990135,-10.56,-20.86,0.12,23.356226,0.0492785,0.4206274
0 days 00:00:03.770000,0.0003537829564853371,-0.90252,-0.12164400000000002,10.304424000000001,76.56049422336329,76.56049422336329,76.56049422336329,76.56049422336329,0.0005235987755982988,0.01064650843716541,0.0038397243543875246,-25.5,2.39,1.7999999999999972,2,2,70.0,4,0.05,23.35,-0.005,52.648576899999995,9.7456896,34.07,33.04,52.648564799999996,9.745686899999999,-0.013613568165555772,-0.01815142422074103,4.2435935432990135,-10.56,-20.86,0.12,23.346062,0.044157892,0.4294526
0 days 00:00:03.780000,0.0003537829564853371,-0.827964,-0.10202400000000002,9.935568000000002,76.48026315789473,76.48026315789473,76.48026315789473,76.48026315789473,0.0008726646259971648,-0.009075712110370514,0.002967059728390361,-32.0,2.39,1.7999999999999972,2,2,70.0,4,0.035,23.355,-0.025,52.6485676,9.7456817,34.08,33.04,52.648562899999995,9.7456853,-0.013439035240356337,-0.01815142422074103,4.243768076224212,-10.58,-20.88,0.23,23.350698,0.02896425,0.44932893
0 days 00:00:03.790000,0.0003537829564853371,-0.145188,-0.0981,10.218096000000001,76.41340393667095,76.41340393667095,76.41340393667095,76.41340393667095,-0.00034906585039886593,0.01117010721276371,0.0020943951023931952,-39.0,2.39,1.6499999999999986,2,2,70.0,4,0.035,23.355,-0.03,52.6485676,9.7456817,34.08,33.04,52.648561099999995,9.7456838,-0.013439035240356337,-0.01832595714594046,4.243768076224212,-10.58,-20.88,0.23,23.350529,0.0288423,0.4584027
0 days 00:00:03.800000,0.00023585530432355804,-1.2399840000000002,-0.011772000000000001,9.970884,76.34654471544715,76.34654471544715,76.34654471544715,76.34654471544715,-0.0012217304763960308,-0.0012217304763960308,0.0019198621771937623,-45.0,2.39,1.5,2,2,70.0,4,0.035,23.345,-0.03,52.6485676,9.7456817,34.08,33.04,52.6485592,9.7456822,-0.013439035240356337,-0.01832595714594046,4.243768076224212,-10.58,-20.88,0.23,23.34053,0.028844763,0.45821947
0 days 00:00:03.810000,0.00023585530432355804,-0.9770760000000002,-0.14126400000000003,9.613800000000001,76.43346170303809,76.43346170303809,76.43346170303809,76.43346170303809,0.00034906585039886593,-0.010297442586766544,0.0024434609527920616,-51.0,2.39,1.3499999999999996,2,2,70.0,4,0.035,23.335,-0.03,52.6485676,9.7456817,34.08,33.04,52.6485573,9.7456807,-0.013439035240356337,-0.01815142422074103,4.243768076224212,-10.58,-20.88,0.23,23.33061,0.028901946,0.45396465
0 days 00:00:03.820000,0.00011792765216177902,-0.33354000000000006,-0.149112,9.806076000000001,76.63403936670946,76.63403936670946,76.63403936670946,76.63403936670946,0.0020943951023931952,0.01064650843716541,0.0012217304763960308,-57.0,2.39,1.1999999999999993,2,2,70.0,4,0.035,23.335,-0.03,52.6485676,9.7456817,34.08,33.04,52.6485554,9.7456791,-0.013439035240356337,-0.01832595714594046,4.243768076224212,-10.58,-20.88,0.23,23.330532,0.028847225,0.4580362
0 days 00:00:03.830000,0.00011792765216177902,-1.0280880000000001,0.07848000000000001,9.315576,76.6206675224647,76.6206675224647,76.6206675224647,76.6206675224647,-0.0013962634015954637,-0.0017453292519943296,0.0015707963267948967,-62.0,2.39,1.1999999999999993,2,2,70.5,4,0.035,23.325,-0.025,52.6485676,9.7456817,34.08,33.04,52.6485536,9.745677599999999,-0.013439035240356337,-0.01832595714594046,4.243768076224212,-10.58,-20.88,0.23,23.320627,0.02891687,0.4528543
0 days 00:00:03.840000,0.0,-0.317844,-0.11772,9.547092000000001,76.54043645699615,76.54043645699615,76.54043645699615,76.54043645699615,-0.006108652381980153,0.007155849933176751,0.0015707963267948967,-65.0,2.39,1.1999999999999993,2,2,71.0,4,0.025,23.335,-0.035,52.6485582,9.7456739,34.09,33.04,52.6485517,9.745676,-0.013439035240356337,-0.018500490071139894,4.243768076224212,-10.55,-20.86,0.2,23.330359,0.018726226,0.46697208
0 days 00:00:03.850000,-0.00011792765216177902,-0.592524,-0.054936000000000006,10.010124000000001,76.38666024818143,76.38666024818143,76.38666024818143,76.38666024818143,-0.00890117918517108,0.0158824961931484,0.0010471975511965976,-69.0,2.39,1.1999999999999993,2,2,71.5,4,0.025,23.330000000000002,-0.035,52.6485582,9.7456739,34.09,33.05,52.6485498,9.7456744,-0.013439035240356337,-0.018500490071139894,4.243768076224212,-10.55,-20.86,0.2,23.325361,0.018727468,0.46687964
0 days 00:00:03.860000,-0.00011792765216177902,-1.2399840000000002,0.05886,9.554940000000002,76.12590928540864,76.12590928540864,76.12590928540864,76.12590928540864,-0.010297442586766544,-0.0041887902047863905,0.0017453292519943296,-72.0,2.39,1.1999999999999993,2,2,72.0,4,0.03,23.32,-0.035,52.6485582,9.7456739,34.09,33.05,52.6485479,9.745672899999999,-0.013613568165555772,-0.018500490071139894,4.2439426091494115,-10.55,-20.86,0.2,23.315363,0.023648035,0.46676594
0 days 00:00:03.870000,-0.00023585530432355804,-0.45518400000000003,-0.015696,10.116072,76.12590928540864,76.12590928540864,76.12590928540864,76.12590928540864,-0.00471238898038469,0.00942477796076938,0.0008726646259971648,-75.0,2.39,1.1999999999999993,2,2,72.5,4,0.03,23.315,-0.035,52.6485582,9.7456739,34.09,33.05,52.6485461,9.7456713,-0.013613568165555772,-0.018675022996339326,4.2439426091494115,-10.55,-20.86,0.2,23.310282,0.02359391,0.47074157
0 days 00:00:03.880000,-0.00023585530432355804,-1.2125160000000001,-0.08240400000000002,9.845316,76.0122486093282,76.0122486093282,76.0122486093282,76.0122486093282,-0.0005235987755982988,0.007504915783575617,0.0006981317007977319,-78.0,2.39,1.1999999999999993,2,2,73.0,4,0.03,23.305,-0.035,52.6485582,9.7456739,34.09,33.05,52.648544199999996,9.7456698,-0.013613568165555772,-0.018675022996339326,4.2439426091494115,-10.55,-20.86,0.2,23.300283,0.023596453,0.47055486
0 days 00:00:03.890000,-0.0003537829564853371,-1.3223880000000001,-0.062784,9.001656,76.12590928540864,76.12590928540864,76.12590928540864,76.12590928540864,0.0010471975511965976,-0.0012217304763960308,0.0013962634015954637,-81.0,2.39,1.4999999999999982,2,2,73.5,4,0.035,23.295,-0.035,52.6485488,9.745666199999999,34.08,33.05,52.648542299999995,9.745668199999999,-0.013613568165555772,-0.018675022996339326,4.2439426091494115,-10.48,-20.87,0.075,23.290285,0.028598532,0.4704362
0 days 00:00:03.900000,-0.0004717106086471161,-0.47088,-0.125568,9.727596,76.25294180573384,76.25294180573384,76.25294180573384,76.25294180573384,0.00034906585039886593,0.029321531433504733,0.00017453292519943296,-84.0,2.39,1.7999999999999972,2,2,74.0,4,0.035,23.295,-0.03,52.6485488,9.745666199999999,34.08,33.05,52.648540399999995,9.7456666,-0.013613568165555772,-0.019024088846738195,4.2439426091494115,-10.48,-20.87,0.075,23.290215,0.028555915,0.47356656
0 days 00:00:03.910000,-0.0004717106086471161,-1.5185880000000003,-0.23936400000000002,10.116072,76.48026315789473,76.48026315789473,76.48026315789473,76.48026315789473,0.00017453292519943296,0.01832595714594046,-0.00034906585039886593,-81.0,2.39,2.3999999999999986,2,2,74.5,4,0.035,23.28,-0.035,52.6485488,9.745666199999999,34.08,33.05,52.648538599999995,9.7456651,-0.013613568165555772,-0.019198621771937627,4.2439426091494115,-10.48,-20.87,0.075,23.27504,0.028436445,0.48234186
0 days 00:00:03.920000,-0.0005896382608088951,-1.00062,-0.26290800000000003,9.857088000000003,76.50700684638424,76.50700684638424,76.50700684638424,76.50700684638424,0.0,0.0024434609527920616,-0.0013962634015954637,-80.0,2.39,3.0,2,2,75.0,4,0.035,23.27,-0.035,52.6485488,9.745666199999999,34.08,33.05,52.6485367,9.7456635,-0.013613568165555772,-0.019198621771937627,4.2439426091494115,-10.48,-20.87,0.075,23.265041,0.028439058,0.4821499
0 days 00:00:03.930000,-0.0005896382608088951,-0.13734000000000002,-0.29430000000000006,9.955188000000001,76.27968549422336,76.27968549422336,76.27968549422336,76.27968549422336,0.0008726646259971648,0.02181661564992912,-0.0020943951023931952,-82.0,2.39,3.75,2,2,75.5,4,0.06,23.26,-0.02,52.648539799999995,9.745658299999999,33.65,33.04,52.6485348,9.7456619,-0.013962634015954637,-0.01937315469713706,4.243768076224212,-10.38,-20.795,-0.19,23.255249,0.05342372,0.47137946
0 days 00:00:03.940000,-0.0007075659129706742,-0.9810000000000001,-0.223668,10.108224,76.03230637569533,76.03230637569533,76.03230637569533,76.03230637569533,-0.0022689280275926286,0.023736477827122886,-0.0031415926535897933,-81.0,2.39,4.5,2,2,76.0,4,0.06,23.255,-0.025,52.648539799999995,9.745658299999999,33.65,33.04,52.648533,9.7456604,-0.013962634015954637,-0.019547687622336492,4.243768076224212,-10.38,-20.795,-0.19,23.250069,0.05329862,0.48033875
0 days 00:00:03.950000,-0.0007075659129706742,-1.738332,-0.10202400000000002,9.664812000000001,75.84510055626872,75.84510055626872,75.84510055626872,75.84510055626872,-0.004014257279586958,0.0006981317007977319,-0.0038397243543875246,-82.0,2.39,6.0,2,2,76.5,4,0.06,23.240000000000002,-0.025,52.648539799999995,9.745658299999999,33.65,33.04,52.6485311,9.7456588,-0.013962634015954637,-0.019547687622336492,4.243768076224212,-10.38,-20.795,-0.19,23.235071,0.053302713,0.4800456
0 days 00:00:03.960000,-0.0007075659129706742,-0.9103680000000001,-0.11379600000000001,9.621648,75.71138211382113,75.71138211382113,75.71138211382113,75.71138211382113,-0.006806784082777885,0.010995574287564275,-0.005061454830783556,-82.0,2.39,7.5,2,2,77.0,4,0.06,23.23,-0.02,52.648539799999995,9.745658299999999,33.65,33.04,52.6485292,9.7456573,-0.013962634015954637,-0.019722220547535925,4.243768076224212,-10.38,-20.795,-0.19,23.225086,0.053318642,0.47890478
0 days 00:00:03.970000,-0.000825493565132453,-1.342008,-0.039240000000000004,9.539244,75.7514976465554,75.7514976465554,75.7514976465554,75.7514976465554,-0.013788101090755204,0.016057029118347832,-0.004363323129985824,-83.0,2.39,9.75,2,2,77.5,4,0.065,23.22,-0.02,52.648539799999995,9.745658299999999,33.65,33.04,52.6485274,9.7456557,-0.014137166941154071,-0.019896753472735357,4.2435935432990135,-10.38,-20.795,-0.19,23.215004,0.058180064,0.48283887
0 days 00:00:03.980000,-0.0009434212172942321,-1.7540280000000001,0.054936000000000006,9.201780000000001,75.65120881471972,75.65120881471972,75.65120881471972,75.65120881471972,-0.014137166941154071,0.0031415926535897933,-0.0031415926535897933,-84.0,2.39,12.0,2,2,78.0,4,0.065,23.205000000000002,-0.015,52.648539799999995,9.745658299999999,33.65,33.04,52.6485255,9.745654199999999,-0.014311699866353503,-0.019896753472735357,4.2435935432990135,-10.38,-20.795,-0.19,23.20011,0.058171608,0.47755212
0 days 00:00:03.990000,-0.0009434212172942321,-0.9810000000000001,-0.031392,9.503928,75.58434959349593,75.58434959349593,75.58434959349593,75.58434959349593,-0.011519173063162576,0.020245819323134222,-0.0024434609527920616,-84.0,2.39,14.55,2,2,78.5,4,0.07,23.19,-0.0,52.6485305,9.7456506,33.660000000000004,33.04,52.6485236,9.7456526,-0.014486232791552936,-0.020071286397934793,4.2435935432990135,-10.4,-20.725,-0.09,23.18533,0.06325068,0.4663871
0 days 00:00:04,-0.0010613488694560112,-1.691244,-0.133416,9.837468000000001,75.3369704749679,75.3369704749679,75.3369704749679,75.3369704749679,-0.01361356816555577,0.03508111796508603,-0.0022689280275926286,-85.0,2.39,17.1,2,2,79.0,4,0.07,23.175,-0.0,52.6485305,9.7456506,33.660000000000004,33.04,52.6485218,9.7456511,-0.014660765716752368,-0.020420352248333655,4.2435935432990135,-10.4,-20.725,-0.09,23.170168,0.06305512,0.47418413
0 days 00:00:04.010000,-0.0011792765216177901,-3.0097080000000003,-0.184428,9.578484000000001,75.14976465554129,75.14976465554129,75.14976465554129,75.14976465554129,-0.011868238913561443,0.016231562043547268,-0.0027925268031909274,-85.0,2.39,20.1,2,2,79.5,4,0.07,23.150000000000002,-0.0,52.6485305,9.7456506,33.660000000000004,33.04,52.6485199,9.745649499999999,-0.014660765716752368,-0.020594885173533087,4.2435935432990135,-10.4,-20.725,-0.09,23.14509,0.06300338,0.47771287
0 days 00:00:04.020000,-0.0011792765216177901,-2.495664,0.027468000000000003,9.955188000000001,74.99598844672657,74.99598844672657,74.99598844672657,74.99598844672657,-0.013264502315156903,0.023561944901923447,-0.004014257279586958,-84.0,2.39,23.1,2,2,80.0,4,0.075,23.125,-0.0,52.6485305,9.7456506,33.660000000000004,33.04,52.648517999999996,9.745648,-0.014835298641951801,-0.02076941809873252,4.2435935432990135,-10.4,-20.725,-0.09,23.120012,0.067867234,0.481318
0 days 00:00:04.030000,-0.0011792765216177901,-2.9390760000000005,-0.23544,10.355436000000001,75.02941805733846,75.02941805733846,75.02941805733846,75.02941805733846,-0.010122909661567111,0.028972465583105875,-0.0041887902047863905,-83.0,2.39,26.25,2,2,80.0,4,0.075,23.1,-0.01,52.6485305,9.7456506,33.660000000000004,33.04,52.648516199999996,9.7456465,-0.015009831567151233,-0.02111848394913139,4.243419010373813,-10.4,-20.725,-0.09,23.094637,0.06751996,0.49886814
0 days 00:00:04.040000,-0.0011792765216177901,-3.4884360000000005,-0.16873200000000002,9.711900000000002,74.99598844672657,74.99598844672657,74.99598844672657,74.99598844672657,-0.004886921905584123,0.017627825445142728,-0.0038397243543875246,-82.0,2.39,29.4,2,2,80.0,4,0.075,23.065,-0.005,52.6485212,9.745643,33.64,33.04,52.648514299999995,9.7456449,-0.015009831567151233,-0.02129301687433082,4.243419010373813,-10.375,-20.725,-0.145,23.059666,0.06754568,0.49715495
0 days 00:00:04.050000,-0.0011792765216177901,-3.115656,-0.20404800000000003,9.413676,74.86895592640137,74.86895592640137,74.86895592640137,74.86895592640137,-0.00017453292519943296,0.031939525311496235,-0.004014257279586958,-82.0,2.39,33.14999999999999,2,2,80.0,4,0.075,23.035,-0.005,52.6485212,9.745643,33.64,33.04,52.648512499999995,9.745643399999999,-0.015009831567151233,-0.021642082724729686,4.243419010373813,-10.375,-20.725,-0.145,23.029497,0.06743461,0.5045543
0 days 00:00:04.060000,-0.0011792765216177901,-3.6140040000000004,-0.28252800000000006,9.711900000000002,74.84221223791185,74.84221223791185,74.84221223791185,74.84221223791185,0.007853981633974483,0.05131268000863328,-0.00645771823237902,-82.0,2.39,36.89999999999999,2,2,80.0,4,0.075,23.005,-0.005,52.6485212,9.745643,33.64,33.04,52.648510599999994,9.7456418,-0.014835298641951801,-0.02199114857512855,4.243419010373813,-10.375,-20.725,-0.145,22.999325,0.0674132,0.51192075
0 days 00:00:04.070000,-0.0012972041737795694,-4.591080000000001,-0.16873200000000002,9.405828000000001,74.5079161317929,74.5079161317929,74.5079161317929,74.5079161317929,0.008377580409572781,0.04084070449666731,-0.007155849933176751,-82.0,2.39,40.949999999999996,2,2,80.0,4,0.075,22.96,-0.0,52.6485212,9.745643,33.64,33.04,52.648508799999995,9.7456403,-0.014835298641951801,-0.022514747350726852,4.243244477448615,-10.375,-20.725,-0.145,22.95418,0.067323744,0.5179506
0 days 00:00:04.080000,-0.0012972041737795694,-4.37526,-0.11379600000000001,9.503928,74.26053701326487,74.26053701326487,74.26053701326487,74.26053701326487,0.004886921905584123,0.04293509959906051,-0.00645771823237902,-82.0,2.39,45.0,2,2,80.0,4,0.08,22.915,-0.0,52.6485212,9.745643,33.64,33.04,52.6485069,9.7456388,-0.014835298641951801,-0.022863813201125717,4.243244477448615,-10.375,-20.725,-0.145,22.909012,0.07221958,0.52500784
0 days 00:00:04.090000,-0.0014151318259413483,-4.508676,-0.10594800000000001,10.182780000000001,74.11344672657253,74.11344672657253,74.11344672657253,74.11344672657253,0.0006981317007977319,0.05951572749300663,-0.006806784082777885,-82.0,2.39,48.9,2,2,80.0,4,0.08,22.875,-0.005,52.648511899999995,9.7456353,33.65,33.03,52.648505099999994,9.745637199999999,-0.014835298641951801,-0.02356194490192345,4.243069944523414,-10.39,-20.645,0.04,22.868532,0.07192215,0.5450552
0 days 00:00:04.100000,-0.0014151318259413483,-5.748660000000001,-0.09417600000000001,9.65304,73.89949721865639,73.89949721865639,73.89949721865639,73.89949721865639,0.0054105206811824215,0.03769911184307752,-0.007330382858376183,-82.0,2.39,52.8,2,2,80.0,4,0.085,22.82,-0.005,52.648511899999995,9.7456353,33.65,33.03,52.648503299999994,9.7456357,-0.014660765716752368,-0.023911010752322315,4.243069944523414,-10.39,-20.645,0.04,22.813356,0.076919,0.5517828
0 days 00:00:04.110000,-0.0014151318259413483,-5.156136000000001,-0.08632800000000002,9.339120000000001,73.75240693196406,73.75240693196406,73.75240693196406,73.75240693196406,0.004363323129985824,0.04014257279586959,-0.007155849933176751,-77.0,2.39,56.699999999999996,2,2,80.0,4,0.085,22.77,-0.0,52.648511899999995,9.7456353,33.65,33.03,52.6485014,9.7456342,-0.014660765716752368,-0.024260076602721184,4.242895411598215,-10.39,-20.645,0.04,22.7633,0.076893315,0.55353445
0 days 00:00:04.120000,-0.001650987130264906,-5.199300000000001,-0.184428,9.880632000000002,73.27770646127514,73.27770646127514,73.27770646127514,73.27770646127514,0.0022689280275926286,0.062482787221396996,-0.008203047484373348,-72.0,2.39,60.599999999999994,2,2,80.0,4,0.085,22.72,-0.0,52.648511899999995,9.7456353,33.65,33.03,52.6484996,9.7456327,-0.014660765716752368,-0.02495820830351891,4.242895411598215,-10.39,-20.645,0.04,22.712923,0.07667863,0.56817675
0 days 00:00:04.130000,-0.0017689147824266852,-6.368652,0.149112,9.174312,72.96346812152332,72.96346812152332,72.96346812152332,72.96346812152332,-0.0015707963267948967,0.06597344572538566,-0.007330382858376183,-66.0,2.39,64.65,2,2,80.0,4,0.09,22.66,0.005,52.648511899999995,9.7456353,33.65,33.03,52.648497799999994,9.7456312,-0.014660765716752368,-0.02548180707911721,4.2427208786730155,-10.39,-20.645,0.04,22.652771,0.081599444,0.5736148
0 days 00:00:04.140000,-0.0017689147824266852,-6.792444000000001,0.062784,9.401904,72.81637783483097,72.81637783483097,72.81637783483097,72.81637783483097,-0.002967059728390361,0.06876597252857658,-0.006108652381980153,-59.0,2.39,68.7,2,2,80.0,4,0.095,22.595,0.005,52.648502199999996,9.7456278,33.59,33.03,52.6484959,9.7456296,-0.014660765716752368,-0.026179938779914945,4.2427208786730155,-10.33,-20.435,0.035,22.587389,0.086392,0.5877996
0 days 00:00:04.150000,-0.0018868424345884643,-7.286868,-0.027468000000000003,9.166464000000001,72.60242832691485,72.60242832691485,72.60242832691485,72.60242832691485,0.0015707963267948967,0.05515240436302082,-0.004014257279586958,-53.0,2.39,73.05,2,2,80.0,4,0.095,22.525000000000002,0.01,52.648502199999996,9.7456278,33.59,33.03,52.6484941,9.7456281,-0.014660765716752368,-0.026703537555513242,4.2427208786730155,-10.33,-20.435,0.035,22.517237,0.0863193,0.5927584
0 days 00:00:04.160000,-0.0020047700867502436,-6.812064,-0.129492,9.405828000000001,71.98063756953358,71.98063756953358,71.98063756953358,71.98063756953358,0.01064650843716541,0.059341194567807204,-0.003490658503988659,-46.0,2.39,77.39999999999999,2,2,80.0,4,0.1,22.46,0.015,52.648502199999996,9.7456278,33.59,33.03,52.6484923,9.745626699999999,-0.014660765716752368,-0.027401669256310976,4.2427208786730155,-10.33,-20.435,0.035,22.451979,0.091187686,0.60177153
0 days 00:00:04.170000,-0.0022406253910738014,-6.764976,-0.223668,9.617724,71.22512836970475,71.22512836970475,71.22512836970475,71.22512836970475,0.015009831567151233,0.07993607974134029,-0.004014257279586958,-40.5,2.39,81.14999999999999,2,2,80.0,4,0.1,22.395,0.015,52.648502199999996,9.7456278,33.59,33.03,52.648490499999994,9.7456252,-0.014486232791552936,-0.028099800957108706,4.242546345747817,-10.33,-20.435,0.035,22.386581,0.09109211,0.6156023
0 days 00:00:04.180000,-0.0023585530432355803,-7.659648000000001,-0.26290800000000003,9.813924,70.09520753102268,70.09520753102268,70.09520753102268,70.09520753102268,0.01658062789394613,0.08674286382411817,-0.006806784082777885,-35.0,2.39,84.89999999999999,2,2,80.0,4,0.1,22.32,0.01,52.648502199999996,9.7456278,33.59,33.03,52.648488699999994,9.7456237,-0.014311699866353503,-0.028972465583105872,4.242546345747817,-10.33,-20.435,0.035,22.310923,0.090879545,0.63794506
0 days 00:00:04.190000,-0.002594408347559139,-8.467992,0.23936400000000002,9.339120000000001,68.75802310654684,68.75802310654684,68.75802310654684,68.75802310654684,0.012217304763960306,0.054105206811824215,-0.006108652381980153,-29.0,2.39,88.19999999999999,2,2,80.0,4,0.105,22.235,0.015,52.648493099999996,9.745620299999999,33.59,33.02,52.648486899999995,9.7456222,-0.014137166941154071,-0.02949606435870417,4.242371812822617,-10.175,-20.145,-0.045,22.22577,0.09593133,0.6421767
0 days 00:00:04.200000,-0.0027123359997209178,-7.255476000000001,-0.066708,9.641268,66.47812366281556,66.47812366281556,66.47812366281556,66.47812366281556,0.009250245035569947,0.04223696789826277,-0.006108652381980153,-23.0,2.39,91.5,2,2,80.0,4,0.105,22.17,0.01,52.648493099999996,9.745620299999999,33.59,33.02,52.648485099999995,9.7456207,-0.014137166941154071,-0.030019663134302467,4.242371812822617,-10.175,-20.145,-0.045,22.16031,0.09572373,0.6568593
0 days 00:00:04.210000,-0.0029481913040444755,-6.541308000000001,-0.007848,9.531396,62.99475823705605,62.99475823705605,62.99475823705605,62.99475823705605,0.008028514559173916,0.054977871437821374,-0.007679448708775049,-18.0,2.39,94.8,2,2,80.0,4,0.11,22.105,0.015,52.648493099999996,9.745620299999999,33.59,33.02,52.648483399999996,9.7456192,-0.013962634015954637,-0.030543261909900768,4.242371812822617,-10.175,-20.145,-0.045,22.095148,0.10077339,0.66153234
0 days 00:00:04.220000,-0.0030661189562062544,-6.768900000000001,0.05101200000000001,9.633420000000001,58.6221651690201,58.6221651690201,58.6221651690201,58.6221651690201,0.01815142422074103,0.05480333851262195,-0.006632251157578452,-12.0,2.39,98.1,2,2,80.0,4,0.115,22.04,0.015,52.648493099999996,9.745620299999999,33.59,33.02,52.6484816,9.7456178,-0.013788101090755204,-0.031066860685499065,4.242197279897417,-10.175,-20.145,-0.045,22.02983,0.1057567,0.6711327
0 days 00:00:04.230000,-0.0030661189562062544,-6.800292000000001,-0.062784,9.193932,55.46640992725716,55.46640992725716,55.46640992725716,55.46640992725716,0.024783675378319478,0.07225663103256524,-0.008203047484373348,-8.0,2.39,115.5,2,2,80.5,4,0.115,21.975,0.015,52.648493099999996,9.745620299999999,33.59,33.02,52.6484798,9.7456163,-0.013613568165555772,-0.0317649923862968,4.242197279897417,-10.175,-20.145,-0.045,21.964392,0.10569257,0.6844281
0 days 00:00:04.240000,-0.0030661189562062544,-7.31826,-0.12164400000000002,9.229248000000002,53.92196191698759,53.92196191698759,53.92196191698759,53.92196191698759,0.020071286397934793,0.08255407361933179,-0.015184364492350668,-7.0,2.39,132.9,2,2,81.0,4,0.12,21.905,0.02,52.6484841,9.7456129,33.59,33.01,52.648478,9.7456148,-0.013439035240356337,-0.032637657012293965,4.242022746972218,-9.955,-19.815,-0.02,21.893988,0.11065184,0.6963616
0 days 00:00:04.250000,-0.0031840466083680333,-8.452296,0.05101200000000001,10.174932000000002,54.450149764655535,54.450149764655535,54.450149764655535,54.450149764655535,0.02181661564992912,0.047647488579445195,-0.01658062789394613,-8.0,2.39,148.5,2,2,81.5,4,0.125,21.825,0.015,52.6484841,9.7456129,33.59,33.01,52.6484763,9.7456134,-0.013264502315156905,-0.033161255787892266,4.241848214047018,-9.955,-19.815,-0.02,21.8135,0.11558979,0.71021575
0 days 00:00:04.260000,-0.0031840466083680333,-8.110908000000002,-0.17658000000000004,9.366588000000002,56.482670089858786,56.482670089858786,56.482670089858786,56.482670089858786,0.023736477827122886,0.007155849933176751,-0.014486232791552938,6.0,2.39,164.1,2,2,82.0,4,0.125,21.745,0.015,52.6484841,9.7456129,33.59,33.01,52.6484745,9.7456119,-0.012915436464758038,-0.033161255787892266,4.241673681121819,-9.955,-19.815,-0.02,21.733543,0.11587195,0.7075232
0 days 00:00:04.270000,-0.003301974260529812,-5.681952000000001,0.13734000000000002,9.641268,59.38436029097133,59.38436029097133,59.38436029097133,59.38436029097133,0.0022689280275926286,0.015707963267948967,-0.022165681500327987,10.0,2.39,144.3,2,2,82.5,4,0.135,21.695,0.015,52.6484841,9.7456129,33.59,33.01,52.6484728,9.7456105,-0.012915436464758038,-0.033335788713091695,4.24149914819662,-9.955,-19.815,-0.02,21.683447,0.12584366,0.7097789
0 days 00:00:04.280000,-0.003301974260529812,-6.651180000000001,0.16088400000000003,10.269108,63.20870774497219,63.20870774497219,63.20870774497219,63.20870774497219,0.008203047484373348,-0.01884955592153876,-0.014311699866353502,14.0,2.39,124.5,2,2,83.0,4,0.14,21.63,0.01,52.6484841,9.7456129,33.59,33.01,52.648471099999995,9.7456091,-0.012915436464758038,-0.033161255787892266,4.24132461527142,-9.955,-19.815,-0.02,21.618439,0.1308554,0.70890117
0 days 00:00:04.290000,-0.0029481913040444755,-6.384348000000001,0.40809600000000007,10.061136000000001,68.29000855798033,68.29000855798033,68.29000855798033,68.29000855798033,0.016057029118347832,0.008203047484373348,0.0008726646259971648,14.0,2.39,102.75,2,2,83.5,4,0.145,21.57,0.005,52.648475399999995,9.7456056,33.57,33.01,52.648469299999995,9.7456076,-0.012740903539558606,-0.033161255787892266,4.24132461527142,-9.765,-19.45,-0.035,21.558306,0.13594039,0.7119497
0 days 00:00:04.300000,-0.0024764806953973596,-6.23916,-0.368856,10.712520000000001,71.89372058194266,71.89372058194266,71.89372058194266,71.89372058194266,0.010471975511965976,0.013264502315156903,0.0008726646259971648,2.0,2.39,81.0,2,2,84.0,4,0.145,21.51,-0.005,52.648475399999995,9.7456056,33.57,33.01,52.6484676,9.7456062,-0.012566370614359171,-0.033335788713091695,4.24132461527142,-9.765,-19.45,-0.035,21.497885,0.1359169,0.7236823
0 days 00:00:04.310000,-0.0030661189562062544,-7.184844000000001,-1.15758,8.840772000000001,70.61002353444587,70.61002353444587,70.61002353444587,70.61002353444587,-0.0017453292519943296,-0.05131268000863328,-0.007679448708775049,24.0,2.39,90.45,2,2,84.5,4,0.135,21.44,-0.0,52.648475399999995,9.7456056,33.57,33.01,52.6484658,9.7456047,-0.012566370614359171,-0.0328121899374934,4.24132461527142,-9.765,-19.45,-0.035,21.42846,0.1261508,0.70500803
0 days 00:00:04.320000,-0.0037736848691769286,-4.999176000000001,-0.03531600000000001,8.679888,68.36355370132648,68.36355370132648,68.36355370132648,68.36355370132648,-0.039793506945470715,-0.027925268031909273,-0.015184364492350668,10.0,2.39,99.9,2,2,85.0,4,0.14,21.395,0.01,52.648475399999995,9.7456056,33.57,33.01,52.6484641,9.745603299999999,-0.012915436464758038,-0.032637657012293965,4.241150082346221,-9.765,-19.45,-0.035,21.383932,0.13110064,0.6899148
0 days 00:00:04.330000,-0.0035378295648533704,-6.596244,0.231516,11.497320000000002,66.93945228925973,66.93945228925973,66.93945228925973,66.93945228925973,-0.046774823953448036,0.03543018381548489,-0.004537856055185257,8.0,2.39,110.55,2,2,85.5,4,0.145,21.330000000000002,-0.01,52.648475399999995,9.7456056,33.57,33.01,52.6484624,9.745601899999999,-0.013439035240356337,-0.03298672286269283,4.241150082346221,-9.765,-19.45,-0.035,21.318066,0.13539879,0.71535796
0 days 00:00:04.340000,-0.0027123359997209178,-9.558864000000002,-0.5493600000000001,12.297816000000001,68.19640564826702,68.19640564826702,68.19640564826702,68.19640564826702,-0.013264502315156903,-0.032812189937493394,0.005934119456780722,0.0,2.39,121.19999999999999,2,2,86.0,4,0.135,21.240000000000002,-0.035,52.648467399999994,9.7455989,33.56,33.0,52.6484607,9.7456005,-0.013613568165555772,-0.032637657012293965,4.241150082346221,-9.58,-19.07,-0.04,21.227545,0.125076,0.7298524
0 days 00:00:04.350000,-0.0023585530432355803,-7.573320000000001,-0.761256,7.902936000000001,69.17255027813437,69.17255027813437,69.17255027813437,69.17255027813437,-0.011868238913561443,-0.11868238913561441,0.0038397243543875246,-2.0,2.39,120.14999999999999,2,2,86.5,4,0.13,21.165,-0.02,52.648467399999994,9.7455989,33.56,33.0,52.648458999999995,9.7455991,-0.013788101090755204,-0.031415926535897934,4.24132461527142,-9.58,-19.07,-0.04,21.153929,0.12054586,0.6865262
0 days 00:00:04.360000,-0.0030661189562062544,-2.8959120000000005,-1.2321360000000003,9.374436000000001,68.67110611895593,68.67110611895593,68.67110611895593,68.67110611895593,-0.039968039870670144,0.005934119456780722,-0.015358897417550098,-4.0,2.39,119.1,2,2,87.0,4,0.12,21.14,-0.015,52.648467399999994,9.7455989,33.56,33.0,52.6484573,9.7455977,-0.014137166941154071,-0.031415926535897934,4.241150082346221,-9.58,-19.07,-0.04,21.129097,0.11038896,0.6806446
0 days 00:00:04.370000,-0.0035378295648533704,-7.400664000000001,-0.12164400000000002,12.125160000000001,67.16008771929825,67.16008771929825,67.16008771929825,67.16008771929825,-0.03577924966588375,0.04485496177625426,-0.019896753472735357,-4.5,2.39,124.8,2,2,87.5,4,0.125,21.07,-0.04,52.648467399999994,9.7455989,33.56,33.0,52.6484556,9.745596299999999,-0.014486232791552936,-0.031939525311496235,4.240801016495822,-9.58,-19.07,-0.04,21.057976,0.114661016,0.7145669
0 days 00:00:04.380000,-0.0027123359997209178,-10.783152,0.8789760000000001,9.456840000000001,66.77899015832264,66.77899015832264,66.77899015832264,66.77899015832264,-0.0317649923862968,-0.07766715171374766,-0.003490658503988659,-5.0,2.39,130.5,2,2,88.0,4,0.135,20.965,-0.04,52.648467399999994,9.7455989,33.56,33.0,52.6484539,9.7455949,-0.014835298641951801,-0.031066860685499065,4.240801016495822,-9.58,-19.07,-0.04,20.953642,0.12473147,0.69311935
0 days 00:00:04.390000,-0.0022406253910738014,-5.320944,-0.859356,9.425448000000001,66.85922122379118,66.85922122379118,66.85922122379118,66.85922122379118,-0.02565634000431664,-0.06806784082777885,0.0036651914291880917,-6.0,2.39,136.65,2,2,88.5,4,0.13,20.915,-0.04,52.648458899999994,9.745591899999999,33.56,33.0,52.648452199999994,9.745593399999999,-0.015009831567151233,-0.030543261909900768,4.240975549421021,-9.43,-18.73,-0.01,20.904026,0.119798645,0.6805692
0 days 00:00:04.400000,-0.0027123359997209178,-3.6924840000000003,-0.631764,10.127844,66.47812366281556,66.47812366281556,66.47812366281556,66.47812366281556,-0.031939525311496235,0.04328416544945937,-0.0020943951023931952,-10.0,2.39,142.79999999999998,2,2,89.0,4,0.125,20.88,-0.045,52.648458899999994,9.745591899999999,33.56,33.0,52.648450499999996,9.7455921,-0.0153588974175501,-0.030892327760299633,4.240975549421021,-9.43,-18.73,-0.01,20.868647,0.11438945,0.6917462
0 days 00:00:04.410000,-0.0029481913040444755,-8.342424000000001,0.4316400000000001,10.061136000000001,65.55546640992726,65.55546640992726,65.55546640992726,65.55546640992726,-0.03752457891787808,0.04642575810304917,-0.005759586531581288,-14.0,2.39,138.29999999999998,2,2,89.5,4,0.13,20.8,-0.05,52.648458899999994,9.745591899999999,33.56,33.0,52.6484489,9.7455907,-0.015707963267948967,-0.031415926535897934,4.240801016495822,-9.43,-18.73,-0.01,20.788166,0.1189367,0.7052743
0 days 00:00:04.420000,-0.0024764806953973596,-10.194552000000002,-0.11772,9.641268,64.82670089858793,64.82670089858793,64.82670089858793,64.82670089858793,-0.017453292519943295,-0.03543018381548489,0.0019198621771937623,-28.0,2.39,133.79999999999998,2,2,90.0,4,0.13,20.705000000000002,-0.05,52.648458899999994,9.745591899999999,33.56,33.0,52.6484472,9.745589299999999,-0.0158824961931484,-0.031066860685499065,4.240801016495822,-9.43,-18.73,-0.01,20.693457,0.118975714,0.695089
0 days 00:00:04.430000,-0.0022406253910738014,-6.788520000000001,-0.46695600000000004,9.040896000000002,64.80664313222078,64.80664313222078,64.80664313222078,64.80664313222078,-0.0036651914291880917,-0.0010471975511965976,0.003316125578789226,-33.0,2.39,124.64999999999999,2,2,90.5,4,0.125,20.64,-0.045,52.648458899999994,9.745591899999999,33.56,33.0,52.6484455,9.7455879,-0.0158824961931484,-0.031066860685499065,4.240975549421021,-9.43,-18.73,-0.01,20.628641,0.11408779,0.6879938
0 days 00:00:04.440000,-0.0024764806953973596,-6.1057440000000005,-0.43948800000000005,9.692280000000002,63.8772999572101,63.8772999572101,63.8772999572101,63.8772999572101,-0.0017453292519943296,0.05183627878423159,-0.0015707963267948967,-38.0,2.39,115.5,2,2,91.0,4,0.125,20.580000000000002,-0.045,52.648450499999996,9.745585,33.57,33.0,52.6484439,9.7455865,-0.0158824961931484,-0.03159045946109736,4.240801016495822,-9.26,-18.44,0.14,20.56831,0.11394635,0.6968987
0 days 00:00:04.450000,-0.002594408347559139,-8.020656,-0.16873200000000002,9.26064,61.28316217372701,61.28316217372701,61.28316217372701,61.28316217372701,0.0013962634015954637,0.012042771838760874,-0.0027925268031909274,-42.0,2.39,112.2,2,2,91.5,4,0.125,20.505,-0.04,52.648450499999996,9.745585,33.57,33.0,52.6484422,9.745585199999999,-0.0158824961931484,-0.03159045946109736,4.240975549421021,-9.26,-18.44,0.14,20.493505,0.11406334,0.6895332
0 days 00:00:04.460000,-0.0024764806953973596,-6.702192000000001,-0.066708,9.233172000000001,58.02043217800599,58.02043217800599,58.02043217800599,58.02043217800599,0.007504915783575617,0.002617993877991494,-0.0019198621771937623,-45.0,2.39,108.9,2,2,92.0,4,0.125,20.44,-0.04,52.648450499999996,9.745585,33.57,33.0,52.6484406,9.7455838,-0.0158824961931484,-0.03159045946109736,4.240801016495822,-9.26,-18.44,0.14,20.42854,0.11409595,0.68748045
0 days 00:00:04.470000,-0.0024764806953973596,-5.568156,-0.23936400000000002,9.751140000000001,54.89810654685494,54.89810654685494,54.89810654685494,54.89810654685494,0.012740903539558606,0.04642575810304917,-0.004537856055185257,-48.5,2.39,115.5,2,2,92.5,4,0.125,20.385,-0.04,52.648450499999996,9.745585,33.57,33.0,52.648438899999995,9.7455825,-0.015707963267948967,-0.032114058236695664,4.240801016495822,-9.26,-18.44,0.14,20.373205,0.11407565,0.69638973
0 days 00:00:04.480000,-0.002594408347559139,-7.074972000000001,-0.27468000000000004,9.386208000000002,51.54177364142062,51.54177364142062,51.54177364142062,51.54177364142062,0.015009831567151233,0.038571776469074684,-0.009250245035569947,-52.0,2.39,122.1,2,2,93.0,4,0.125,20.32,-0.035,52.648450499999996,9.745585,33.57,33.0,52.6484373,9.745581099999999,-0.015533430342749533,-0.03246312408709453,4.240801016495822,-9.26,-18.44,0.14,20.308157,0.11419713,0.6963742
0 days 00:00:04.490000,-0.0024764806953973596,-7.122060000000001,-0.306072,8.911404000000001,49.549368848951644,49.549368848951644,49.549368848951644,49.549368848951644,0.014660765716752367,0.004886921905584123,-0.01117010721276371,-55.0,2.39,131.85,2,2,93.5,4,0.13,20.25,-0.03,52.6484423,9.745578199999999,33.57,32.99,52.6484357,9.7455797,-0.015533430342749533,-0.032637657012293965,4.240626483570622,-9.115,-18.165,0.03,20.238237,0.119254574,0.69271517
0 days 00:00:04.500000,-0.0023585530432355803,-5.776128,-0.192276,9.684432000000001,49.683087291399225,49.683087291399225,49.683087291399225,49.683087291399225,0.01658062789394613,0.04485496177625426,-0.011868238913561443,-35.0,2.39,141.6,2,2,94.0,4,0.13,20.195,-0.03,52.6484423,9.745578199999999,33.57,32.99,52.648434099999996,9.7455784,-0.0153588974175501,-0.03298672286269283,4.240451950645423,-9.115,-18.165,0.03,20.183023,0.11929483,0.69794416
0 days 00:00:04.510000,-0.0023585530432355803,-7.632180000000001,-0.502272,10.641888,50.58568677792041,50.58568677792041,50.58568677792041,50.58568677792041,0.0158824961931484,0.06475171524898962,-0.012566370614359173,-35.0,2.39,146.25,2,2,94.5,4,0.13,20.125,-0.04,52.6484423,9.745578199999999,33.57,32.99,52.6484324,9.7455771,-0.015184364492350668,-0.03368485456349056,4.240451950645423,-9.115,-18.165,0.03,20.112238,0.11908675,0.71964794
0 days 00:00:04.520000,-0.002594408347559139,-9.460764000000001,-0.302148,8.452296,51.013585793752675,51.013585793752675,51.013585793752675,51.013585793752675,0.007330382858376183,-0.03106686068549907,-0.015358897417550098,-21.0,2.39,150.9,2,2,95.0,4,0.13,20.03,-0.03,52.6484423,9.745578199999999,33.57,32.99,52.6484308,9.7455757,-0.015009831567151233,-0.033335788713091695,4.240277417720224,-9.115,-18.165,0.03,20.017874,0.11951525,0.6994482
0 days 00:00:04.530000,-0.002594408347559139,-5.803596000000001,0.463032,7.7459760000000015,51.040329482242186,51.040329482242186,51.040329482242186,51.040329482242186,-0.009250245035569947,-0.026529004630313806,-0.016929693744344998,-21.0,2.39,136.2,2,2,95.5,4,0.14,19.975,-0.015,52.6484423,9.745578199999999,33.57,32.99,52.648429199999995,9.745574399999999,-0.015184364492350668,-0.033161255787892266,4.240102884795024,-9.115,-18.165,0.03,19.96352,0.12970039,0.6793142
0 days 00:00:04.540000,-0.002594408347559139,-4.759812,0.15696000000000002,9.821772000000001,51.89612751390671,51.89612751390671,51.89612751390671,51.89612751390671,-0.009773843811168246,0.060388392119003806,-0.01361356816555577,-13.0,2.39,121.5,2,2,96.0,4,0.145,19.93,-0.015,52.6484339,9.7455723,33.38,32.99,52.6484276,9.7455731,-0.0153588974175501,-0.03368485456349056,4.239928351869825,-9.02,-17.93,-0.015,19.91819,0.13444398,0.6883497
0 days 00:00:04.550000,-0.0023585530432355803,-8.562168,-0.03531600000000001,9.609876,53.17982456140351,53.17982456140351,53.17982456140351,53.17982456140351,0.0054105206811824215,0.030717794835100197,-0.006632251157578452,-13.0,2.39,115.5,2,2,96.5,4,0.145,19.85,-0.015,52.6484339,9.7455723,33.38,32.99,52.648426,9.7455717,-0.015184364492350668,-0.034033920413889425,4.239928351869825,-9.02,-17.93,-0.015,19.837994,0.13449988,0.69255626
0 days 00:00:04.560000,-0.0022406253910738014,-8.907480000000001,0.07063200000000001,7.106364000000001,54.32980316645272,54.32980316645272,54.32980316645272,54.32980316645272,0.004537856055185257,-0.017104226669544427,-0.0038397243543875246,-8.0,2.99,109.5,2,2,97.0,4,0.15,19.76,0.01,52.6484339,9.7455723,33.38,32.99,52.648424399999996,9.7455704,-0.015184364492350668,-0.03385938748868999,4.239928351869825,-9.02,-17.93,-0.015,19.749012,0.13997753,0.6611409
0 days 00:00:04.570000,-0.002594408347559139,-5.501448000000001,-0.38847600000000004,9.072288,55.46640992725716,55.46640992725716,55.46640992725716,55.46640992725716,-0.010297442586766544,0.039269908169872414,-0.011519173063162576,-7.0,2.99,115.8,2,2,97.5,4,0.15,19.71,0.015,52.6484339,9.7455723,33.38,32.99,52.6484228,9.745569099999999,-0.0153588974175501,-0.03420845333908886,4.239753818944626,-9.02,-17.93,-0.015,19.69898,0.13985926,0.66135186
0 days 00:00:04.580000,-0.0027123359997209178,-7.243704000000001,0.153036,10.767456000000001,57.44544287548138,57.44544287548138,57.44544287548138,57.44544287548138,-0.019722220547535925,0.0497418836818384,-0.010821041362364843,-6.0,2.99,122.1,2,2,98.0,4,0.155,19.64,0.005,52.6484339,9.7455723,33.38,32.99,52.648421299999995,9.7455678,-0.015533430342749533,-0.034732052114687155,4.239579286019426,-9.02,-17.93,-0.015,19.628328,0.14446554,0.6793293
0 days 00:00:04.590000,-0.0023585530432355803,-8.997732000000001,-0.047088000000000005,10.112148,59.89249037227215,59.89249037227215,59.89249037227215,59.89249037227215,-0.01815142422074103,-0.031241393610698498,-0.003490658503988659,-6.0,2.99,132.89999999999998,2,2,98.5,4,0.155,19.555,-0.005,52.6484258,9.7455657,33.39,32.980000000000004,52.6484197,9.745566499999999,-0.015707963267948967,-0.03438298626428829,4.239579286019426,-8.89,-17.615000000000002,0.03,19.54327,0.14434351,0.67957497
0 days 00:00:04.600000,-0.0021226977389120225,-6.43536,-0.6670800000000001,9.441144000000001,62.25930680359436,62.25930680359436,62.25930680359436,62.25930680359436,-0.015358897417550098,-0.03106686068549907,-0.0010471975511965976,-10.0,2.99,143.7,2,2,99.0,4,0.15,19.495,-0.0,52.6484258,9.7455657,33.39,32.980000000000004,52.6484181,9.7455652,-0.0158824961931484,-0.034033920413889425,4.239579286019426,-8.89,-17.615000000000002,0.03,19.483711,0.13944566,0.6656618
0 days 00:00:04.610000,-0.0024764806953973596,-5.642712,-0.56898,9.10368,63.0749893025246,63.0749893025246,63.0749893025246,63.0749893025246,-0.020071286397934793,0.020420352248333655,-0.004886921905584123,-10.0,2.99,133.5,2,2,99.5,4,0.145,19.44,0.005,52.6484258,9.7455657,33.39,32.980000000000004,52.648416499999996,9.745563899999999,-0.016057029118347832,-0.03420845333908886,4.239579286019426,-8.89,-17.615000000000002,0.03,19.428799,0.13438594,0.6621287
0 days 00:00:04.620000,-0.0027123359997209178,-7.871544,-0.306072,8.052048000000001,61.66425973470261,61.66425973470261,61.66425973470261,61.66425973470261,-0.02426007660272118,0.005235987755982988,-0.008028514559173916,-16.0,2.99,123.29999999999998,2,2,100.0,4,0.145,19.365000000000002,0.02,52.6484258,9.7455657,33.39,32.980000000000004,52.648415,9.7455626,-0.016231562043547264,-0.03438298626428829,4.2394047530942265,-8.89,-17.615000000000002,0.03,19.35424,0.13450052,0.6479756
0 days 00:00:04.630000,-0.002594408347559139,-7.946100000000001,-0.24328800000000003,8.876088000000001,61.002353444587065,61.002353444587065,61.002353444587065,61.002353444587065,-0.014137166941154071,0.020594885173533087,-0.007155849933176751,-17.0,2.99,114.14999999999999,2,2,100.0,4,0.15,19.29,0.025,52.6484258,9.7455657,33.39,32.980000000000004,52.648413399999995,9.7455613,-0.0164060949687467,-0.034557519189487726,4.2394047530942265,-8.89,-17.615000000000002,0.03,19.279348,0.13945583,0.64387125
0 days 00:00:04.640000,-0.0023585530432355803,-7.640028000000001,-0.16088400000000003,9.900252000000002,60.16661317928968,60.16661317928968,60.16661317928968,60.16661317928968,-0.012042771838760874,0.028972465583105875,-0.006108652381980153,-18.0,2.99,105.0,2,2,100.0,4,0.15,19.215,0.02,52.648418,9.745559199999999,33.39,32.97,52.6484119,9.74556,-0.016580627893946133,-0.034732052114687155,4.2394047530942265,-8.715,-17.285,0.01,19.204105,0.139248,0.64965236
0 days 00:00:04.650000,-0.002594408347559139,-8.448372,-0.7337880000000001,9.362664,59.404418057338475,59.404418057338475,59.404418057338475,59.404418057338475,-0.00645771823237902,0.010122909661567111,-0.0031415926535897933,-21.0,2.99,111.45,2,2,100.0,4,0.145,19.135,0.025,52.648418,9.745559199999999,33.39,32.97,52.648410299999995,9.7455588,-0.016580627893946133,-0.03490658503988659,4.2394047530942265,-8.715,-17.285,0.01,19.124216,0.13432224,0.64513284
0 days 00:00:04.660000,-0.0027123359997209178,-7.39674,0.03531600000000001,9.943416000000001,59.477963200684634,59.477963200684634,59.477963200684634,59.477963200684634,-0.013264502315156903,0.0317649923862968,-0.004886921905584123,-24.0,2.99,117.9,2,2,100.0,4,0.145,19.065,0.02,52.648418,9.745559199999999,33.39,32.97,52.6484088,9.7455575,-0.016755160819145562,-0.035255650890285456,4.239230220169027,-8.715,-17.285,0.01,19.053858,0.1340554,0.65436006
0 days 00:00:04.670000,-0.0024764806953973596,-8.044200000000002,-0.031392,10.327968,59.437847667950365,59.437847667950365,59.437847667950365,59.437847667950365,-0.010297442586766544,0.01308996938995747,-0.0024434609527920616,-26.5,2.99,134.25,2,2,100.0,4,0.15,18.990000000000002,0.01,52.648418,9.745559199999999,33.39,32.97,52.648407299999995,9.7455562,-0.016755160819145562,-0.03543018381548489,4.239230220169027,-8.715,-17.285,0.01,18.978437,0.13887608,0.66510487
0 days 00:00:04.680000,-0.0024764806953973596,-7.785216000000001,-0.545436,9.225324,59.51139281129653,59.51139281129653,59.51139281129653,59.51139281129653,-0.009599310885968814,-0.015009831567151233,0.0008726646259971648,-29.0,2.99,150.6,2,2,100.0,4,0.145,18.915,0.015,52.648418,9.745559199999999,33.39,32.97,52.6484057,9.745555,-0.016929693744344994,-0.035255650890285456,4.239230220169027,-8.715,-17.285,0.01,18.903774,0.13394614,0.6540932
0 days 00:00:04.690000,-0.0027123359997209178,-6.4667520000000005,-0.20012400000000002,9.433296,60.14655541292255,60.14655541292255,60.14655541292255,60.14655541292255,-0.009948376736367679,0.0005235987755982988,0.0019198621771937623,-31.0,2.99,154.95,2,2,100.0,4,0.145,18.85,0.015,52.648410299999995,9.745552799999999,33.38,32.96,52.648404199999995,9.7455537,-0.01710422666954443,-0.035255650890285456,4.239230220169027,-8.53,-16.965,-0.09,18.838814,0.13387114,0.6518257
0 days 00:00:04.700000,-0.002594408347559139,-7.14168,-0.184428,9.311652,60.32707531022679,60.32707531022679,60.32707531022679,60.32707531022679,-0.005061454830783556,0.018500490071139894,0.004886921905584123,-33.0,2.99,159.29999999999998,2,2,100.0,4,0.14,18.785,0.02,52.648410299999995,9.745552799999999,33.38,32.96,52.6484027,9.745552499999999,-0.01710422666954443,-0.03543018381548489,4.2394047530942265,-8.53,-16.965,-0.09,18.773918,0.1289405,0.6477294
0 days 00:00:04.710000,-0.0024764806953973596,-8.157996,-0.21189600000000003,8.844696,59.81894522892597,59.81894522892597,59.81894522892597,59.81894522892597,-0.010122909661567111,0.018500490071139894,0.007155849933176751,-36.0,2.99,135.29999999999998,2,2,100.0,4,0.14,18.705000000000002,0.025,52.648410299999995,9.745552799999999,33.38,32.96,52.648401199999995,9.7455512,-0.01710422666954443,-0.03560471674068432,4.2394047530942265,-8.53,-16.965,-0.09,18.694036,0.12901862,0.64316213
0 days 00:00:04.720000,-0.0027123359997209178,-8.275716000000001,-0.694548,9.539244,59.1704107830552,59.1704107830552,59.1704107830552,59.1704107830552,-0.009250245035569947,0.028448866807507574,0.003316125578789226,-37.0,2.99,111.29999999999998,2,2,100.0,4,0.135,18.625,0.025,52.648410299999995,9.745552799999999,33.38,32.96,52.6483997,9.74555,-0.017278759594743863,-0.03595378259108319,4.2394047530942265,-8.53,-16.965,-0.09,18.613861,0.123844065,0.6467474
0 days 00:00:04.730000,-0.0027123359997209178,-8.825076000000001,-0.317844,9.315576,58.92971758664955,58.92971758664955,58.92971758664955,58.92971758664955,-0.009075712110370514,0.01937315469713706,0.0019198621771937623,-40.0,2.99,106.19999999999999,2,2,100.0,4,0.13,18.54,0.025,52.648410299999995,9.745552799999999,33.38,32.96,52.648398199999995,9.7455488,-0.017278759594743863,-0.03612831551628262,4.2394047530942265,-8.53,-16.965,-0.09,18.528805,0.11884171,0.64683956
0 days 00:00:04.740000,-0.002594408347559139,-8.173692,0.011772000000000001,10.108224,58.98320496362857,58.98320496362857,58.98320496362857,58.98320496362857,-0.006283185307179587,0.01780235837034216,0.0006981317007977319,-41.0,2.99,101.1,2,2,100.0,4,0.135,18.465,0.02,52.648403099999996,9.7455461,33.52,32.96,52.6483967,9.745547499999999,-0.017453292519943295,-0.03630284844148206,4.239579286019426,-8.385,-16.585,-0.06,18.45356,0.123631924,0.65245515
0 days 00:00:04.750000,-0.002594408347559139,-8.169768,-0.5532840000000001,10.661508,59.09686563970903,59.09686563970903,59.09686563970903,59.09686563970903,0.005934119456780722,0.006632251157578452,0.0031415926535897933,-37.0,2.99,113.85,2,2,100.0,4,0.13,18.385,0.01,52.648403099999996,9.7455461,33.52,32.96,52.648395199999996,9.745546299999999,-0.017278759594743863,-0.03630284844148206,4.239579286019426,-8.385,-16.585,-0.06,18.37325,0.11862404,0.6594359
0 days 00:00:04.760000,-0.002594408347559139,-8.1423,-0.6513840000000001,9.382284,59.076807873341885,59.076807873341885,59.076807873341885,59.076807873341885,0.011868238913561443,-0.008377580409572781,0.003490658503988659,-35.0,2.99,126.6,2,2,100.0,4,0.125,18.305,0.01,52.648403099999996,9.7455461,33.52,32.96,52.6483938,9.7455451,-0.017278759594743863,-0.03630284844148206,4.239579286019426,-8.385,-16.585,-0.06,18.293303,0.11367496,0.65644634
0 days 00:00:04.770000,-0.002594408347559139,-7.7734440000000005,-0.180504,9.252792000000001,58.66896662387677,58.66896662387677,58.66896662387677,58.66896662387677,0.011868238913561443,0.01937315469713706,0.0019198621771937623,-34.5,2.99,134.55,2,2,100.0,4,0.125,18.235,0.015,52.648403099999996,9.7455461,33.52,32.96,52.6483923,9.7455438,-0.01710422666954443,-0.03647738136668149,4.239579286019426,-8.385,-16.585,-0.06,18.223417,0.11386404,0.6520704
0 days 00:00:04.780000,-0.0027123359997209178,-8.448372,-0.18835200000000002,9.841392,57.779738981600346,57.779738981600346,57.779738981600346,57.779738981600346,0.005061454830783556,0.014311699866353502,0.0005235987755982988,-34.0,2.99,142.5,2,2,100.0,4,0.125,18.150000000000002,0.01,52.648403099999996,9.7455461,33.52,32.96,52.648390799999994,9.7455426,-0.01710422666954443,-0.03665191429188092,4.239579286019426,-8.385,-16.585,-0.06,18.138176,0.11377745,0.657132
0 days 00:00:04.790000,-0.0027123359997209178,-8.817228,-0.306072,9.386208000000002,56.3823812580231,56.3823812580231,56.3823812580231,56.3823812580231,0.005585053606381855,-0.0013962634015954637,0.0006981317007977319,-33.0,2.99,128.39999999999998,2,2,100.0,4,0.12,18.07,0.01,52.648395799999996,9.745539899999999,33.51,32.95,52.6483894,9.745541399999999,-0.016929693744344994,-0.03665191429188092,4.239579286019426,-8.255,-16.28,-0.02,18.05823,0.10894249,0.65409654
0 days 00:00:04.800000,-0.0027123359997209178,-7.953948000000001,-0.031392,9.786456000000001,54.79781771501926,54.79781771501926,54.79781771501926,54.79781771501926,-0.003316125578789226,0.018500490071139894,-0.0020943951023931952,-33.0,2.99,114.29999999999998,2,2,100.0,4,0.125,17.990000000000002,0.01,52.648395799999996,9.745539899999999,33.51,32.95,52.648387899999996,9.745540199999999,-0.01710422666954443,-0.03682644721708035,4.239579286019426,-8.255,-16.28,-0.02,17.97817,0.11382406,0.65440726
0 days 00:00:04.810000,-0.0028302636518826967,-8.777988,-0.290376,10.139616000000002,52.03653187847667,52.03653187847667,52.03653187847667,52.03653187847667,0.0020943951023931952,0.009075712110370514,-0.0027925268031909274,-32.0,2.99,108.44999999999999,2,2,100.0,4,0.12,17.91,-0.0,52.648395799999996,9.745539899999999,33.51,32.95,52.6483865,9.745538999999999,-0.016929693744344994,-0.03682644721708035,4.239579286019426,-8.255,-16.28,-0.02,17.897858,0.108819686,0.6613496
0 days 00:00:04.820000,-0.0029481913040444755,-8.668116000000001,-0.07848000000000001,9.594180000000001,50.11767222935387,50.11767222935387,50.11767222935387,50.11767222935387,0.005235987755982988,-0.0019198621771937623,-0.004537856055185257,-32.0,2.99,102.6,2,2,100.0,4,0.125,17.825,-0.0,52.648395799999996,9.745539899999999,33.51,32.95,52.6483851,9.7455378,-0.016929693744344994,-0.03682644721708035,4.239579286019426,-8.255,-16.28,-0.02,17.812916,0.11387195,0.65830517
0 days 00:00:04.830000,-0.0027123359997209178,-8.4366,0.074556,10.021896000000002,49.99732563115105,49.99732563115105,49.99732563115105,49.99732563115105,0.012740903539558606,0.006981317007977318,-0.0020943951023931952,-32.0,2.99,109.94999999999999,2,2,100.0,4,0.125,17.745,-0.005,52.648395799999996,9.745539899999999,33.51,32.95,52.648383599999995,9.745536699999999,-0.016755160819145562,-0.03682644721708035,4.239579286019426,-8.255,-16.28,-0.02,17.732784,0.11395247,0.66033614
0 days 00:00:04.840000,-0.0024764806953973596,-8.978112000000001,0.0,9.166464000000001,51.020271715875054,51.020271715875054,51.020271715875054,51.020271715875054,0.019896753472735357,-0.007155849933176751,-0.003490658503988659,-4.0,2.99,117.29999999999998,2,2,100.0,4,0.13,17.66,-0.0,52.648388499999996,9.7455339,33.5,32.95,52.6483822,9.745535499999999,-0.016580627893946133,-0.03682644721708035,4.2394047530942265,-8.09,-15.94,0.035,17.648026,0.119201764,0.6522741
0 days 00:00:04.850000,-0.0024764806953973596,-8.27964,-0.42771600000000004,9.256716,52.658322635857935,52.658322635857935,52.658322635857935,52.658322635857935,0.023736477827122886,-0.017104226669544427,-0.005061454830783556,-19.0,2.99,132.14999999999998,2,2,100.0,4,0.125,17.580000000000002,-0.0,52.648388499999996,9.7455339,33.5,32.95,52.6483808,9.7455343,-0.0164060949687467,-0.03665191429188092,4.2394047530942265,-8.09,-15.94,0.035,17.568193,0.1144149,0.64616036
0 days 00:00:04.860000,-0.0024764806953973596,-7.950024000000001,0.023544000000000002,9.299880000000002,54.48357937526744,54.48357937526744,54.48357937526744,54.48357937526744,0.01832595714594046,0.01291543646475804,-0.002967059728390361,-17.0,2.99,147.0,2,2,100.0,4,0.13,17.5,0.005,52.648388499999996,9.7455339,33.5,32.95,52.648379399999996,9.7455331,-0.016231562043547264,-0.03682644721708035,4.2394047530942265,-8.09,-15.94,0.035,17.48832,0.11960615,0.64134634
0 days 00:00:04.870000,-0.0023585530432355803,-9.044820000000001,-0.18835200000000002,9.758988,56.2553487376979,56.2553487376979,56.2553487376979,56.2553487376979,0.020245819323134222,0.008552113334772213,-0.004886921905584123,-18.5,2.99,147.89999999999998,2,2,100.0,4,0.13,17.415,-0.0,52.648388499999996,9.7455339,33.5,32.95,52.648378,9.745531999999999,-0.016057029118347832,-0.03682644721708035,4.2394047530942265,-8.09,-15.94,0.035,17.403194,0.11968811,0.6431923
0 days 00:00:04.880000,-0.0023585530432355803,-8.978112000000001,-0.33354000000000006,9.076212,56.730049208386816,56.730049208386816,56.730049208386816,56.730049208386816,0.019547687622336492,-0.035953782591083186,-0.008203047484373348,-20.0,2.99,148.79999999999998,2,2,100.0,4,0.13,17.330000000000002,0.005,52.648388499999996,9.7455339,33.5,32.95,52.6483766,9.7455308,-0.0158824961931484,-0.03647738136668149,4.239230220169027,-8.09,-15.94,0.035,17.318655,0.12002543,0.62900174
0 days 00:00:04.890000,-0.0023585530432355803,-7.125984000000001,-0.6160680000000002,9.323424000000001,56.08151476251604,56.08151476251604,56.08151476251604,56.08151476251604,0.013962634015954637,-0.0012217304763960308,-0.012042771838760874,-21.0,2.99,128.25,2,2,100.0,4,0.125,17.26,0.01,52.6483815,9.745528,33.5,32.94,52.6483752,9.7455296,-0.015707963267948967,-0.03647738136668149,4.239230220169027,-7.87,-15.535,-0.035,17.248882,0.11525442,0.6213537
0 days 00:00:04.900000,-0.0023585530432355803,-8.146224,-0.184428,10.331892000000002,55.33269148480959,55.33269148480959,55.33269148480959,55.33269148480959,0.002617993877991494,0.03787364476827695,-0.019547687622336492,-29.0,2.99,107.69999999999999,2,2,100.0,4,0.13,17.185,-0.0,52.6483815,9.745528,33.5,32.94,52.648373799999995,9.745528499999999,-0.015707963267948967,-0.03682644721708035,4.239055687243828,-7.87,-15.535,-0.035,17.173347,0.12004563,0.6346834
0 days 00:00:04.910000,-0.0022406253910738014,-10.473156000000001,-0.15696000000000002,9.864936,55.10537013264869,55.10537013264869,55.10537013264869,55.10537013264869,0.0019198621771937623,-0.01902408884673819,-0.023212879051524585,-27.0,2.99,104.24999999999999,2,2,100.0,4,0.135,17.080000000000002,-0.005,52.6483815,9.745528,33.5,32.94,52.6483724,9.7455274,-0.015707963267948967,-0.03665191429188092,4.238706621393429,-7.87,-15.535,-0.035,17.068346,0.12507406,0.63291377
0 days 00:00:04.920000,-0.0021226977389120225,-8.872164000000001,0.08632800000000002,8.962416000000001,55.33269148480959,55.33269148480959,55.33269148480959,55.33269148480959,0.0005235987755982988,-0.05777039824101231,-0.019547687622336492,-31.0,2.99,100.79999999999998,2,2,100.0,4,0.14,16.995,-0.0,52.6483815,9.745528,33.5,32.94,52.6483711,9.745526199999999,-0.015707963267948967,-0.03612831551628262,4.238532088468229,-7.87,-15.535,-0.035,16.983912,0.13034052,0.6159905
0 days 00:00:04.930000,-0.0021226977389120225,-6.050808000000001,-0.24328800000000003,9.931644,55.10537013264869,55.10537013264869,55.10537013264869,55.10537013264869,-0.00645771823237902,0.0,-0.022514747350726852,-31.0,2.99,112.94999999999999,2,2,100.0,4,0.14,16.94,-0.0,52.6483815,9.745528,33.5,32.94,52.648369699999996,9.7455251,-0.015707963267948967,-0.03612831551628262,4.23835755554303,-7.87,-15.535,-0.035,16.928946,0.13037172,0.61400414
0 days 00:00:04.940000,-0.0021226977389120225,-8.314956,-0.10987200000000001,9.994428000000003,54.65072742832691,54.65072742832691,54.65072742832691,54.65072742832691,-0.009773843811168246,0.01064650843716541,-0.022689280275926284,-35.0,2.99,125.1,2,2,100.0,4,0.145,16.86,-0.005,52.6483749,9.745521499999999,33.68,32.94,52.648368399999995,9.7455239,-0.0158824961931484,-0.03612831551628262,4.2381830226178305,-7.7,-15.14,-0.0,16.848818,0.13523045,0.6162131
0 days 00:00:04.950000,-0.0020047700867502436,-9.900252000000002,0.16480800000000004,8.052048000000001,54.10916773641421,54.10916773641421,54.10916773641421,54.10916773641421,-0.014311699866353502,-0.039095375244672985,-0.019896753472735357,-37.0,2.99,137.39999999999998,2,2,100.0,4,0.15,16.765,0.005,52.6483749,9.745521499999999,33.68,32.94,52.648367,9.7455228,-0.0158824961931484,-0.03577924966588375,4.23800848969263,-7.7,-15.14,-0.0,16.754448,0.14053594,0.5970216
0 days 00:00:04.960000,-0.0018868424345884643,-7.231932000000001,0.031392,9.248868000000002,54.035622593068034,54.035622593068034,54.035622593068034,54.035622593068034,-0.015707963267948967,-0.004886921905584123,-0.019896753472735357,-38.0,2.99,149.7,2,2,100.0,4,0.155,16.695,0.01,52.6483749,9.745521499999999,33.68,32.94,52.6483657,9.7455217,-0.016057029118347832,-0.03577924966588375,4.237659423842232,-7.7,-15.14,-0.0,16.684673,0.14555152,0.58962655
0 days 00:00:04.970000,-0.0018868424345884643,-7.832304000000001,-0.5532840000000001,10.826316000000002,54.035622593068034,54.035622593068034,54.035622593068034,54.035622593068034,-0.015533430342749534,0.03944444109507185,-0.020071286397934793,-43.0,2.99,135.15,2,2,100.0,4,0.155,16.62,-0.005,52.6483749,9.745521499999999,33.68,32.94,52.6483643,9.745520599999999,-0.016231562043547264,-0.03612831551628262,4.237484890917033,-7.7,-15.14,-0.0,16.608974,0.14515474,0.60775477
0 days 00:00:04.980000,-0.0018868424345884643,-10.414296000000002,-0.361008,9.527472000000001,53.55423620025674,53.55423620025674,53.55423620025674,53.55423620025674,-0.017453292519943295,-0.021642082724729686,-0.02129301687433082,-48.0,2.99,120.6,2,2,100.0,4,0.16,16.52,-0.005,52.6483749,9.745521499999999,33.68,32.94,52.648362999999996,9.7455195,-0.0164060949687467,-0.03595378259108319,4.237310357991833,-7.7,-15.14,-0.0,16.509144,0.15015452,0.6013696
0 days 00:00:04.990000,-0.0018868424345884643,-8.903556000000002,-0.42771600000000004,9.135072000000001,53.17982456140351,53.17982456140351,53.17982456140351,53.17982456140351,-0.010122909661567111,-0.034732052114687155,-0.019198621771937627,-51.0,2.99,109.35,2,2,100.0,4,0.16,16.435,-0.0,52.6483682,9.7455159,33.68,32.93,52.648361699999995,9.7455184,-0.016580627893946133,-0.03560471674068432,4.237135825066634,-7.465,-14.755,0.065,16.424583,0.15027812,0.5876122
0 days 00:00:05,-0.0017689147824266852,-7.5066120000000005,-0.4316400000000001,10.194552000000002,53.046106118955926,53.046106118955926,53.046106118955926,53.046106118955926,-0.004363323129985824,0.02495820830351891,-0.021467549799530253,-53.0,2.99,98.1,2,2,100.0,4,0.16,16.365000000000002,-0.005,52.6483682,9.7455159,33.68,32.93,52.6483603,9.7455173,-0.016580627893946133,-0.03577924966588375,4.236961292141434,-7.465,-14.755,0.065,16.354347,0.15018925,0.5929709
0 days 00:00:05.010000,-0.0018868424345884643,-9.531396,-0.60822,9.649116000000001,52.905701754385966,52.905701754385966,52.905701754385966,52.905701754385966,-0.0054105206811824215,-0.01064650843716541,-0.024609142453120045,-55.0,2.99,87.15,2,2,100.0,4,0.16,16.27,-0.01,52.6483682,9.7455159,33.68,32.93,52.648359,9.745516199999999,-0.016755160819145562,-0.03577924966588375,4.236612226291036,-7.465,-14.755,0.065,16.259228,0.15005898,0.59459543
0 days 00:00:05.020000,-0.0018868424345884643,-8.86824,-0.521892,8.974188000000002,52.67838040222507,52.67838040222507,52.67838040222507,52.67838040222507,-0.008028514559173916,-0.04345869837465881,-0.024783675378319478,-58.0,2.99,76.2,2,2,100.0,4,0.16,16.185,-0.005,52.6483682,9.7455159,33.68,32.93,52.6483577,9.7455151,-0.016755160819145562,-0.035255650890285456,4.236437693365836,-7.465,-14.755,0.065,16.174767,0.15033554,0.5780914
0 days 00:00:05.030000,-0.0018868424345884643,-6.702192000000001,-0.361008,10.127844,52.35745614035087,52.35745614035087,52.35745614035087,52.35745614035087,-0.003316125578789226,-0.005235987755982988,-0.02391101075232232,-60.0,2.99,83.69999999999999,2,2,100.0,4,0.16,16.12,-0.01,52.6483682,9.7455159,33.68,32.93,52.6483564,9.7455141,-0.016755160819145562,-0.035255650890285456,4.236263160440636,-7.465,-14.755,0.065,16.10963,0.1502902,0.5807968
0 days 00:00:05.040000,-0.0018868424345884643,-7.965720000000001,-0.655308,9.751140000000001,51.98304450149765,51.98304450149765,51.98304450149765,51.98304450149765,-0.0010471975511965976,0.009250245035569947,-0.02129301687433082,-63.0,2.99,91.19999999999999,2,2,100.0,4,0.16,16.045,-0.01,52.648361599999994,9.745510399999999,33.67,32.93,52.6483552,9.745512999999999,-0.016755160819145562,-0.035255650890285456,4.235914094590238,-7.275,-14.38,-0.06,16.034676,0.15033449,0.5781535
0 days 00:00:05.050000,-0.0018868424345884643,-9.1233,-0.45518400000000003,8.982036,51.43479888746256,51.43479888746256,51.43479888746256,51.43479888746256,0.0013962634015954637,-0.01117010721276371,-0.02129301687433082,-65.0,2.99,99.89999999999999,2,2,100.0,4,0.16,15.96,-0.005,52.648361599999994,9.745510399999999,33.67,32.93,52.6483539,9.7455119,-0.016755160819145562,-0.035255650890285456,4.235739561665039,-7.275,-14.38,-0.06,15.949905,0.15046842,0.57016164
0 days 00:00:05.060000,-0.0018868424345884643,-8.660268,-0.42379200000000006,9.645192000000002,50.58568677792041,50.58568677792041,50.58568677792041,50.58568677792041,0.0031415926535897933,-0.0013962634015954637,-0.019547687622336492,-68.0,2.99,108.6,2,2,100.0,4,0.16,15.875,-0.005,52.648361599999994,9.745510399999999,33.67,32.93,52.648352599999996,9.7455108,-0.016755160819145562,-0.035255650890285456,4.235565028739839,-7.275,-14.38,-0.06,15.864958,0.15051861,0.5671659
0 days 00:00:05.070000,-0.0018868424345884643,-9.480384,-0.25506,9.660888,49.72988874625588,49.72988874625588,49.72988874625588,49.72988874625588,0.007679448708775049,0.007155849933176751,-0.018500490071139894,-70.5,2.99,98.1,2,2,100.0,4,0.165,15.785,-0.01,52.648361599999994,9.745510399999999,33.67,32.93,52.648351299999995,9.745509799999999,-0.016755160819145562,-0.035255650890285456,4.23539049581464,-7.275,-14.38,-0.06,15.7748375,0.15548734,0.5690739
0 days 00:00:05.080000,-0.0017689147824266852,-9.386208000000002,-0.074556,9.751140000000001,49.790062045357296,49.790062045357296,49.790062045357296,49.790062045357296,0.013962634015954637,-0.00645771823237902,-0.013264502315156903,-73.0,2.99,87.6,2,2,100.0,4,0.165,15.695,-0.01,52.648361599999994,9.745510399999999,33.67,32.93,52.648350099999995,9.7455087,-0.016580627893946133,-0.035255650890285456,4.2352159628894395,-7.275,-14.38,-0.06,15.684894,0.15563926,0.5658749
0 days 00:00:05.090000,-0.0017689147824266852,-8.267868,-0.8868240000000002,9.715824000000001,50.224646983311935,50.224646983311935,50.224646983311935,50.224646983311935,0.019896753472735357,0.006108652381980153,-0.00942477796076938,-75.0,2.99,87.3,2,2,100.0,4,0.16,15.610000000000001,-0.005,52.6483552,9.745505,33.660000000000004,32.93,52.6483488,9.7455077,-0.0164060949687467,-0.03508111796508603,4.2352159628894395,-7.1000000000000005,-14.045,-0.055,15.60022,0.15091449,0.5550514
0 days 00:00:05.100000,-0.0020047700867502436,-8.69166,-0.918216,10.563408,50.358365425759516,50.358365425759516,50.358365425759516,50.358365425759516,0.019547687622336492,0.018500490071139894,-0.010471975511965976,-78.0,2.99,87.0,2,2,100.0,4,0.155,15.530000000000001,-0.015,52.6483552,9.745505,33.660000000000004,32.93,52.6483476,9.745506599999999,-0.016231562043547264,-0.035255650890285456,4.235041429964241,-7.1000000000000005,-14.045,-0.055,15.51982,0.1458514,0.5648393
0 days 00:00:05.110000,-0.0022406253910738014,-9.943416000000001,-0.40024800000000005,9.762912000000002,49.4691377834831,49.4691377834831,49.4691377834831,49.4691377834831,0.010297442586766544,-0.02949606435870417,-0.012391837689159739,-80.0,2.99,104.1,2,2,100.0,4,0.155,15.43,-0.02,52.6483552,9.745505,33.660000000000004,32.93,52.6483463,9.7455056,-0.016057029118347832,-0.03490658503988659,4.235041429964241,-7.1000000000000005,-14.045,-0.055,15.419903,0.14601277,0.5609038
0 days 00:00:05.120000,-0.0022406253910738014,-8.84862,-0.133416,8.193312,48.3459028669234,48.3459028669234,48.3459028669234,48.3459028669234,0.0054105206811824215,-0.03804817769347638,-0.012217304763960306,-72.0,2.99,121.19999999999999,2,2,100.0,4,0.155,15.345,-0.005,52.6483552,9.745505,33.660000000000004,32.93,52.6483451,9.7455046,-0.016057029118347832,-0.034557519189487726,4.2348668970390415,-7.1000000000000005,-14.045,-0.055,15.335666,0.14638704,0.5375963
0 days 00:00:05.130000,-0.0022406253910738014,-7.102440000000001,-0.10202400000000002,9.303804000000001,47.02877620881472,47.02877620881472,47.02877620881472,47.02877620881472,-0.0013962634015954637,-0.005934119456780722,-0.013264502315156903,-72.0,2.99,120.3,2,2,100.0,4,0.15,15.280000000000001,-0.0,52.6483492,9.7454995,33.76,32.93,52.6483439,9.7455035,-0.0158824961931484,-0.034557519189487726,4.2348668970390415,-6.965,-13.725,-0.015,15.270877,0.14159654,0.5302495
0 days 00:00:05.140000,-0.0023585530432355803,-7.447752,-0.42379200000000006,10.382904,42.596009841677365,42.596009841677365,42.596009841677365,42.596009841677365,0.006806784082777885,-0.009250245035569947,-0.008377580409572781,-75.0,2.99,119.4,2,2,100.0,4,0.145,15.21,-0.01,52.6483492,9.7454995,33.76,32.93,52.6483426,9.745502499999999,-0.0158824961931484,-0.034557519189487726,4.2348668970390415,-6.965,-13.725,-0.015,15.200574,0.13647684,0.53774464
0 days 00:00:05.150000,-0.0024764806953973596,-8.295336,-0.10987200000000001,9.358740000000001,37.46790757381258,37.46790757381258,37.46790757381258,37.46790757381258,0.009075712110370514,0.020420352248333655,-0.007330382858376183,-75.0,2.99,101.4,2,2,100.0,4,0.15,15.13,-0.005,52.6483492,9.7454995,33.76,32.93,52.6483414,9.7455015,-0.015707963267948967,-0.034732052114687155,4.234692364113842,-6.965,-13.725,-0.015,15.120702,0.14165054,0.53267795
0 days 00:00:05.160000,-0.0027123359997209178,-8.86824,-0.361008,9.523548,32.420036371416344,32.420036371416344,32.420036371416344,32.420036371416344,-0.011519173063162576,0.01884955592153876,-0.01815142422074103,-83.0,2.99,83.39999999999999,2,2,100.0,4,0.15,15.045,-0.005,52.6483492,9.7454995,33.76,32.93,52.6483402,9.7455005,-0.0158824961931484,-0.03490658503988659,4.234517831188642,-6.965,-13.725,-0.015,15.035661,0.14156276,0.5323752
0 days 00:00:05.170000,-0.0027123359997209178,-9.794304,-0.74556,9.841392,29.80584082156611,29.80584082156611,29.80584082156611,29.80584082156611,0.006806784082777885,-0.038571776469074684,-0.017976891295541593,-74.0,2.99,84.6,2,2,100.0,4,0.145,14.950000000000001,-0.01,52.6483492,9.7454995,33.76,32.93,52.648339,9.7454995,-0.0158824961931484,-0.034557519189487726,4.234343298263443,-6.965,-13.725,-0.015,14.940728,0.13661951,0.5287626
0 days 00:00:05.180000,-0.0022406253910738014,-7.196616000000001,0.9221400000000001,9.696204000000002,29.45148694908002,29.45148694908002,29.45148694908002,29.45148694908002,0.003316125578789226,-0.015009831567151233,-0.016406094968746697,-65.0,2.99,85.8,2,2,100.0,4,0.16,14.885,-0.01,52.6483492,9.7454995,33.76,32.93,52.6483378,9.7454985,-0.015707963267948967,-0.03438298626428829,4.234168765338243,-6.965,-13.725,-0.015,14.875859,0.151786,0.52413285
0 days 00:00:05.190000,-0.0020047700867502436,-7.687116000000001,-0.9339120000000001,10.920492,30.98924903722721,30.98924903722721,30.98924903722721,30.98924903722721,0.012042771838760874,0.026354471705114374,-0.01815142422074103,-65.0,2.99,108.75,2,2,100.0,4,0.145,14.81,-0.015,52.6483431,9.7454928,33.39,32.92,52.6483366,9.7454974,-0.015533430342749533,-0.034557519189487726,4.234168765338243,-6.775,-13.27,-0.075,14.80064,0.1368016,0.5288748
0 days 00:00:05.200000,-0.0021226977389120225,-9.943416000000001,-0.34531200000000006,8.585712000000001,33.76390671801455,33.76390671801455,33.76390671801455,33.76390671801455,0.008726646259971648,-0.03665191429188092,-0.021467549799530253,-45.0,2.99,131.7,2,2,100.0,4,0.145,14.71,-0.005,52.6483431,9.7454928,33.39,32.92,52.6483354,9.7454964,-0.0153588974175501,-0.03420845333908886,4.233994232413044,-6.775,-13.27,-0.075,14.701222,0.13717927,0.5102723
0 days 00:00:05.210000,-0.0020047700867502436,-7.2907920000000015,0.23544,8.362044000000001,36.00369062901155,36.00369062901155,36.00369062901155,36.00369062901155,0.0012217304763960308,-0.05585053606381855,-0.019198621771937627,-45.0,2.99,142.95,2,2,100.0,4,0.15,14.64,0.005,52.6483431,9.7454928,33.39,32.92,52.648334299999995,9.7454954,-0.0153588974175501,-0.03368485456349056,4.233819699487845,-6.775,-13.27,-0.075,14.631865,0.1424866,0.49030206
0 days 00:00:05.220000,-0.001650987130264906,-5.685876,-0.42379200000000006,9.864936,37.62836970474968,37.62836970474968,37.62836970474968,37.62836970474968,0.006108652381980153,0.009599310885968814,-0.01291543646475804,-38.0,2.99,154.2,2,2,100.0,4,0.15,14.59,0.005,52.6483431,9.7454928,33.39,32.92,52.648333099999995,9.7454945,-0.0153588974175501,-0.03368485456349056,4.233645166562646,-6.775,-13.27,-0.075,14.581893,0.14251246,0.4886183
0 days 00:00:05.230000,-0.001650987130264906,-7.816608000000001,-0.30999600000000005,8.844696,40.29605263157895,40.29605263157895,40.29605263157895,40.29605263157895,-0.0041887902047863905,0.024434609527920613,-0.013788101090755204,-38.0,2.99,129.0,2,2,100.0,4,0.15,14.515,0.01,52.6483431,9.7454928,33.39,32.92,52.648331899999995,9.7454935,-0.0153588974175501,-0.034033920413889425,4.233645166562646,-6.775,-13.27,-0.075,14.506935,0.14255024,0.48615947
0 days 00:00:05.240000,-0.0012972041737795694,-9.036972,0.039240000000000004,8.577864000000002,42.76315789473684,42.76315789473684,42.76315789473684,42.76315789473684,-0.006632251157578452,-0.012566370614359173,-0.011868238913561443,-37.0,2.99,103.79999999999998,2,2,100.0,4,0.145,14.425,0.02,52.6483372,9.745487899999999,33.4,32.92,52.6483308,9.7454925,-0.0153588974175501,-0.03368485456349056,4.233645166562646,-6.61,-12.905000000000001,-0.0,14.417491,0.13782863,0.4679955
0 days 00:00:05.250000,-0.0009434212172942321,-8.389512000000002,-0.302148,9.998352000000002,46.32675438596491,46.32675438596491,46.32675438596491,46.32675438596491,0.0022689280275926286,0.02600540585471551,-0.0017453292519943296,-37.0,2.99,96.44999999999999,2,2,100.0,4,0.145,14.34,0.015,52.6483372,9.745487899999999,33.4,32.92,52.6483296,9.7454915,-0.0153588974175501,-0.034033920413889425,4.233645166562646,-6.61,-12.905000000000001,-0.0,14.332206,0.13771902,0.47513205
0 days 00:00:05.260000,-0.0007075659129706742,-8.785836000000002,-1.094796,11.254032,47.1959242618742,47.1959242618742,47.1959242618742,47.1959242618742,0.002617993877991494,0.0158824961931484,-0.002967059728390361,-41.0,2.99,89.1,2,2,100.0,4,0.135,14.26,-0.005,52.6483372,9.745487899999999,33.4,32.92,52.6483285,9.7454906,-0.015184364492350668,-0.03420845333908886,4.233645166562646,-6.61,-12.905000000000001,-0.0,14.251486,0.12750317,0.49470752
0 days 00:00:05.270000,-0.000825493565132453,-9.331272,-0.5493600000000001,8.609256,46.96191698759093,46.96191698759093,46.96191698759093,46.96191698759093,-0.007330382858376183,-0.056025068989017976,-0.008203047484373348,-44.0,2.99,92.55,2,2,100.0,4,0.135,14.17,0.005,52.6483372,9.745487899999999,33.4,32.92,52.6483273,9.745489599999999,-0.0153588974175501,-0.03368485456349056,4.233470633637445,-6.61,-12.905000000000001,-0.0,14.162131,0.12773147,0.47424465
0 days 00:00:05.280000,-0.000825493565132453,-6.1057440000000005,-0.623916,8.997732000000001,45.196833547282836,45.196833547282836,45.196833547282836,45.196833547282836,-0.006981317007977318,-0.03106686068549907,-0.01064650843716541,-47.0,2.99,96.0,2,2,100.0,4,0.13,14.11,0.01,52.6483372,9.745487899999999,33.4,32.92,52.6483262,9.7454887,-0.0153588974175501,-0.033335788713091695,4.233296100712247,-6.61,-12.905000000000001,-0.0,14.102493,0.12291545,0.46222875
0 days 00:00:05.290000,-0.0004717106086471161,-6.776748000000001,-0.16480800000000004,9.955188000000001,44.775620453572955,44.775620453572955,44.775620453572955,44.775620453572955,-0.009075712110370514,0.048171087355043496,-0.007679448708775049,-50.0,2.99,97.64999999999999,2,2,100.0,4,0.12,14.05,-0.0,52.6483315,9.745483,33.4,32.910000000000004,52.6483251,9.745487599999999,-0.0153588974175501,-0.034033920413889425,4.233470633637445,-6.445,-12.565,0.11,14.041863,0.11264329,0.4798709
0 days 00:00:05.300000,-0.00011792765216177902,-9.970884,-0.8004960000000001,9.79038,44.89596705177578,44.89596705177578,44.89596705177578,44.89596705177578,-0.006632251157578452,0.004537856055185257,-0.006108652381980153,-18.0,2.99,99.29999999999998,2,2,100.0,4,0.115,13.950000000000001,-0.005,52.6483315,9.745483,33.4,32.910000000000004,52.648323899999994,9.745486699999999,-0.0153588974175501,-0.034033920413889425,4.233470633637445,-6.445,-12.565,0.11,13.9417515,0.10761939,0.48138827
0 days 00:00:05.310000,-0.00023585530432355804,-8.67204,-0.1962,7.757748000000001,44.84247967479674,44.84247967479674,44.84247967479674,44.84247967479674,-0.020943951023931952,-0.06370451769779302,-0.007330382858376183,-18.0,2.99,100.79999999999998,2,2,100.0,4,0.115,13.870000000000001,0.015,52.6483315,9.745483,33.4,32.910000000000004,52.648322799999995,9.745485799999999,-0.015533430342749533,-0.033335788713091695,4.233470633637445,-6.445,-12.565,0.11,13.862794,0.108038455,0.44902244
0 days 00:00:05.320000,-0.0003537829564853371,-4.724496,0.0981,9.566712,44.68201754385965,44.68201754385965,44.68201754385965,44.68201754385965,-0.02722713633111154,-0.006632251157578452,-0.006632251157578452,-28.0,2.99,102.29999999999998,2,2,100.0,4,0.12,13.825000000000001,0.015,52.6483315,9.745483,33.4,32.910000000000004,52.6483217,9.7454848,-0.0158824961931484,-0.033335788713091695,4.233296100712247,-6.445,-12.565,0.11,13.817819,0.1129049,0.4476399
0 days 00:00:05.330000,0.0,-6.388272000000001,0.129492,10.845936000000002,44.36109328198545,44.36109328198545,44.36109328198545,44.36109328198545,-0.009075712110370514,0.02530727415391778,0.007330382858376183,-28.0,2.99,100.35,2,2,100.0,4,0.12,13.765,0.005,52.6483315,9.745483,33.4,32.910000000000004,52.6483206,9.7454839,-0.0158824961931484,-0.033510321638291124,4.233470633637445,-6.445,-12.565,0.11,13.757441,0.112739794,0.45803437
0 days 00:00:05.340000,0.0005896382608088951,-9.107604,-0.51012,9.970884,44.36109328198545,44.36109328198545,44.36109328198545,44.36109328198545,0.010122909661567111,0.04363323129985824,0.015358897417550098,-38.0,2.99,98.4,2,2,100.0,4,0.115,13.675,-0.01,52.648325899999996,9.7454778,33.52,32.9,52.6483195,9.745482899999999,-0.015707963267948967,-0.034033920413889425,4.233645166562646,-6.275,-12.21,0.08,13.66674,0.107519835,0.47706592
0 days 00:00:05.350000,0.0003537829564853371,-10.072908000000002,-0.506196,9.091908000000002,44.57504278990158,44.57504278990158,44.57504278990158,44.57504278990158,-0.004537856055185257,0.012042771838760874,0.005061454830783556,-40.0,2.99,98.55,2,2,100.0,4,0.11,13.575000000000001,-0.005,52.648325899999996,9.7454778,33.52,32.9,52.6483184,9.745481999999999,-0.0158824961931484,-0.03420845333908886,4.233645166562646,-6.275,-12.21,0.08,13.566887,0.102533,0.4709741
0 days 00:00:05.360000,-0.00011792765216177902,-9.664812000000001,-0.698472,8.86824,43.966623876765084,43.966623876765084,43.966623876765084,43.966623876765084,-0.004537856055185257,-0.04310963252425994,0.00017453292519943296,-35.0,2.99,98.69999999999999,2,2,100.0,4,0.105,13.48,-0.0,52.648325899999996,9.7454778,33.52,32.9,52.648317299999995,9.7454811,-0.0158824961931484,-0.03368485456349056,4.233645166562646,-6.275,-12.21,0.08,13.472353,0.09777663,0.45559627
0 days 00:00:05.370000,-0.00011792765216177902,-7.169148000000001,0.05101200000000001,9.700128000000001,42.743100128369704,42.743100128369704,42.743100128369704,42.743100128369704,-0.00017453292519943296,0.00017453292519943296,0.0013962634015954637,-36.5,2.99,100.8,2,2,100.0,4,0.105,13.415000000000001,-0.0,52.648325899999996,9.7454778,33.52,32.9,52.6483163,9.7454802,-0.0158824961931484,-0.03368485456349056,4.233645166562646,-6.275,-12.21,0.08,13.407391,0.09781139,0.45340747
0 days 00:00:05.380000,0.00011792765216177902,-8.071668,-0.16480800000000004,11.038212,42.26171373555841,42.26171373555841,42.26171373555841,42.26171373555841,0.00471238898038469,0.05061454830783556,0.0013962634015954637,-38.0,2.99,102.9,2,2,100.0,4,0.105,13.335,-0.015,52.648325899999996,9.7454778,33.52,32.9,52.6483152,9.7454793,-0.0158824961931484,-0.03420845333908886,4.233645166562646,-6.275,-12.21,0.08,13.326685,0.097505264,0.47268018
0 days 00:00:05.390000,0.0,-11.014668,-0.45518400000000003,8.679888,42.462291399229784,42.462291399229784,42.462291399229784,42.462291399229784,0.016231562043547268,-0.03490658503988659,0.0054105206811824215,-41.0,2.99,106.5,2,2,100.0,4,0.1,13.23,-0.01,52.648320399999996,9.7454732,33.52,32.9,52.6483141,9.7454783,-0.015707963267948967,-0.03385938748868999,4.233819699487845,-6.11,-11.935,0.02,13.222078,0.09279578,0.4593826
0 days 00:00:05.400000,-0.00023585530432355804,-7.251552000000001,-0.20012400000000002,8.707356,42.67624090714591,42.67624090714591,42.67624090714591,42.67624090714591,0.009075712110370514,-0.03647738136668148,0.0054105206811824215,-43.0,2.99,110.1,2,2,100.0,4,0.1,13.16,-0.005,52.648320399999996,9.7454732,33.52,32.9,52.648313099999996,9.7454775,-0.015533430342749533,-0.033510321638291124,4.233819699487845,-6.11,-11.935,0.02,13.152444,0.0930617,0.44740996
0 days 00:00:05.410000,-0.0003537829564853371,-6.0822,-0.45126,10.661508,42.16142490372272,42.16142490372272,42.16142490372272,42.16142490372272,0.02199114857512855,0.028972465583105875,0.006981317007977318,-46.0,2.99,113.1,2,2,100.0,4,0.095,13.1,-0.015,52.648320399999996,9.7454732,33.52,32.9,52.648312,9.7454766,-0.0153588974175501,-0.03385938748868999,4.233994232413044,-6.11,-11.935,0.02,13.091985,0.087947555,0.45986956
0 days 00:00:05.420000,-0.0003537829564853371,-9.013428000000001,-0.251136,10.041516000000001,41.486146769362435,41.486146769362435,41.486146769362435,41.486146769362435,0.01884955592153876,0.03787364476827695,0.006108652381980153,-48.0,2.99,116.1,2,2,100.0,4,0.095,13.015,-0.02,52.648320399999996,9.7454732,33.52,32.9,52.648311,9.7454757,-0.015184364492350668,-0.03420845333908886,4.233994232413044,-6.11,-11.935,0.02,13.006701,0.0879267,0.46651337
0 days 00:00:05.430000,-0.0003537829564853371,-10.641888,-0.258984,8.71128,41.15185066324347,41.15185066324347,41.15185066324347,41.15185066324347,0.020420352248333655,-0.03159045946109736,0.003490658503988659,-51.0,2.99,110.39999999999999,2,2,100.0,4,0.09,12.91,-0.01,52.648320399999996,9.7454732,33.52,32.9,52.6483099,9.7454748,-0.015009831567151233,-0.03385938748868999,4.233994232413044,-6.11,-11.935,0.02,12.902262,0.08328019,0.44833586
0 days 00:00:05.440000,-0.0004717106086471161,-8.291412000000001,-0.10987200000000001,8.844696,41.165222507488224,41.165222507488224,41.165222507488224,41.165222507488224,0.02076941809873252,-0.006108652381980153,0.0012217304763960308,-53.0,2.99,104.69999999999999,2,2,100.0,4,0.085,12.835,-0.01,52.6483152,9.7454687,33.53,32.9,52.648308899999996,9.7454739,-0.014660765716752368,-0.034033920413889425,4.234168765338243,-5.955,-11.575000000000001,0.055,12.827227,0.07844162,0.44793335
0 days 00:00:05.450000,-0.0004717106086471161,-8.350272,-0.047088000000000005,10.857708,40.65040650406504,40.65040650406504,40.65040650406504,40.65040650406504,0.022689280275926284,0.05707226654021458,-0.0010471975511965976,-56.0,2.99,103.49999999999999,2,2,100.0,4,0.085,12.755,-0.02,52.6483152,9.7454687,33.53,32.9,52.6483079,9.745472999999999,-0.014311699866353503,-0.034557519189487726,4.234168765338243,-5.955,-11.575000000000001,0.055,12.746694,0.07839839,0.46185073
0 days 00:00:05.460000,-0.0005896382608088951,-11.132388,-0.20797200000000002,10.265184,39.861467693624306,39.861467693624306,39.861467693624306,39.861467693624306,0.014137166941154071,0.02181661564992912,-0.003316125578789226,-59.0,2.99,102.29999999999998,2,2,100.0,4,0.085,12.645,-0.03,52.6483152,9.7454687,33.53,32.9,52.648306899999994,9.7454722,-0.014311699866353503,-0.034732052114687155,4.234168765338243,-5.955,-11.575000000000001,0.055,12.636333,0.078278184,0.47024882
0 days 00:00:05.470000,-0.0005896382608088951,-10.559484000000001,0.039240000000000004,9.394056,38.57108472400513,38.57108472400513,38.57108472400513,38.57108472400513,0.015358897417550098,-0.04799655442984406,-0.0017453292519943296,-61.0,2.99,97.49999999999999,2,2,100.0,4,0.09,12.545,-0.03,52.6483152,9.7454687,33.53,32.9,52.6483059,9.7454713,-0.014137166941154071,-0.03420845333908886,4.234168765338243,-5.955,-11.575000000000001,0.055,12.536634,0.083501644,0.4602702
0 days 00:00:05.480000,-0.0005896382608088951,-7.004340000000001,-0.011772000000000001,9.743292000000002,36.210954214805305,36.210954214805305,36.210954214805305,36.210954214805305,0.014486232791552938,-0.019896753472735357,-0.0038397243543875246,-63.0,2.99,92.69999999999999,2,2,100.0,4,0.09,12.48,-0.03,52.6483152,9.7454687,33.53,32.9,52.6483049,9.7454705,-0.013962634015954637,-0.034033920413889425,4.233994232413044,-5.955,-11.575000000000001,0.055,12.471752,0.08364341,0.4558562
0 days 00:00:05.490000,-0.0007075659129706742,-7.471296000000001,-0.015696,10.092528000000001,33.382809157038935,33.382809157038935,33.382809157038935,33.382809157038935,0.012217304763960306,0.031415926535897934,-0.004014257279586958,-66.0,2.99,93.44999999999999,2,2,100.0,4,0.08,12.41,-0.025,52.648310099999996,9.7454643,33.52,32.89,52.648303899999995,9.7454696,-0.013613568165555772,-0.03438298626428829,4.234343298263443,-5.805,-11.195,-0.115,12.401806,0.07384497,0.45264125
0 days 00:00:05.500000,-0.0007075659129706742,-9.637344,-0.13734000000000002,8.989884,30.86221651690201,30.86221651690201,30.86221651690201,30.86221651690201,0.012740903539558606,-0.01902408884673819,-0.00471238898038469,-68.0,2.99,94.19999999999999,2,2,100.0,4,0.08,12.315,-0.02,52.648310099999996,9.7454643,33.52,32.89,52.6483029,9.7454688,-0.013439035240356337,-0.03420845333908886,4.234168765338243,-5.805,-11.195,-0.115,12.307111,0.074063875,0.44221848
0 days 00:00:05.510000,-0.00023585530432355804,-7.930404,0.384552,8.96634,30.654952931108255,30.654952931108255,30.654952931108255,30.654952931108255,0.019547687622336492,-0.02949606435870417,-0.0031415926535897933,-71.0,2.99,93.0,2,2,100.0,4,0.085,12.24,-0.015,52.648310099999996,9.7454643,33.52,32.89,52.6483019,9.7454679,-0.013264502315156905,-0.03385938748868999,4.234168765338243,-5.805,-11.195,-0.115,12.232477,0.07929756,0.43044078
0 days 00:00:05.520000,-0.00023585530432355804,-6.349032,-0.52974,10.33974,31.657841249465125,31.657841249465125,31.657841249465125,31.657841249465125,0.020071286397934793,0.03543018381548489,-0.00942477796076938,-57.0,2.99,91.8,2,2,100.0,4,0.08,12.18,-0.02,52.648310099999996,9.7454643,33.52,32.89,52.648300899999995,9.745467099999999,-0.013089969389957472,-0.03420845333908886,4.234168765338243,-5.805,-11.195,-0.115,12.172191,0.07427867,0.43757582
0 days 00:00:05.530000,-0.00023585530432355804,-8.98596,-0.27075600000000005,9.798228,33.28920624732563,33.28920624732563,33.28920624732563,33.28920624732563,0.009599310885968814,0.01361356816555577,-0.014137166941154071,-57.0,2.99,95.54999999999998,2,2,100.0,4,0.08,12.095,-0.025,52.648310099999996,9.7454643,33.52,32.89,52.6483,9.7454663,-0.012915436464758038,-0.03438298626428829,4.233994232413044,-5.805,-11.195,-0.115,12.086992,0.07430081,0.44176203
0 days 00:00:05.540000,0.0,-10.225944,0.145188,8.47584,34.419127086007705,34.419127086007705,34.419127086007705,34.419127086007705,0.017627825445142728,-0.017976891295541593,-0.011344640137963142,-50.0,2.99,99.29999999999998,2,2,100.0,4,0.085,11.995000000000001,-0.005,52.6483049,9.745460099999999,33.5,32.89,52.648298999999994,9.745465399999999,-0.012740903539558606,-0.034033920413889425,4.233819699487845,-5.535,-10.825000000000001,-0.09,11.987884,0.079729274,0.41420454
0 days 00:00:05.550000,0.00011792765216177902,-8.248248,0.05886,9.617724,34.12494651262302,34.12494651262302,34.12494651262302,34.12494651262302,0.017627825445142728,0.0027925268031909274,-0.010995574287564275,-50.0,2.99,88.35,2,2,100.0,4,0.09,11.915000000000001,-0.01,52.6483049,9.745460099999999,33.5,32.89,52.648298,9.7454646,-0.012566370614359171,-0.034033920413889425,4.233819699487845,-5.535,-10.825000000000001,-0.09,11.90776,0.08477259,0.41652822
0 days 00:00:05.560000,0.00011792765216177902,-8.448372,-0.30999600000000005,9.888480000000001,34.419127086007705,34.419127086007705,34.419127086007705,34.419127086007705,0.007853981633974483,0.015009831567151233,-0.012566370614359173,-56.0,2.99,77.39999999999999,2,2,100.0,4,0.09,11.83,-0.01,52.6483049,9.745460099999999,33.5,32.89,52.6482971,9.7454638,-0.012566370614359171,-0.03420845333908886,4.233645166562646,-5.535,-10.825000000000001,-0.09,11.822736,0.084783,0.41569945
0 days 00:00:05.570000,0.00023585530432355804,-8.852544000000002,0.28252800000000006,8.899632,35.669394522892595,35.669394522892595,35.669394522892595,35.669394522892595,-0.014660765716752367,0.0036651914291880917,-0.016755160819145562,-56.0,2.99,73.35,2,2,100.0,4,0.095,11.745000000000001,-0.005,52.6483049,9.745460099999999,33.5,32.89,52.648296099999996,9.745462999999999,-0.012740903539558606,-0.03420845333908886,4.233470633637445,-5.535,-10.825000000000001,-0.09,11.737957,0.08981074,0.40787435
0 days 00:00:05.580000,0.0004717106086471161,-8.715204000000002,-0.4316400000000001,9.692280000000002,37.73534445870774,37.73534445870774,37.73534445870774,37.73534445870774,-0.013788101090755204,0.0010471975511965976,-0.014137166941154071,-56.0,2.99,69.3,2,2,100.0,4,0.09,11.665000000000001,-0.005,52.6483049,9.745460099999999,33.5,32.89,52.6482952,9.7454622,-0.012740903539558606,-0.03420845333908886,4.233296100712247,-5.535,-10.825000000000001,-0.09,11.658005,0.08484601,0.40507472
0 days 00:00:05.590000,0.0005896382608088951,-8.091288,-0.298224,10.135692000000002,38.530969191270856,38.530969191270856,38.530969191270856,38.530969191270856,-0.014311699866353502,0.007679448708775049,-0.01291543646475804,-56.0,2.99,85.65,2,2,100.0,4,0.09,11.585,-0.01,52.6483001,9.7454561,33.51,32.89,52.648294299999996,9.7454614,-0.012915436464758038,-0.03438298626428829,4.233296100712247,-5.325,-10.435,-0.005,11.577809,0.084720016,0.40937087
0 days 00:00:05.600000,0.00023585530432355804,-8.781912,-0.384552,8.12268,37.39436243046641,37.39436243046641,37.39436243046641,37.39436243046641,-0.026354471705114374,-0.015184364492350668,-0.016231562043547268,-58.0,2.99,102.0,2,2,100.0,4,0.09,11.5,-0.0,52.6483001,9.7454561,33.51,32.89,52.6482934,9.7454606,-0.013089969389957472,-0.03420845333908886,4.233121567787046,-5.325,-10.435,-0.005,11.493272,0.08484389,0.39446488
0 days 00:00:05.610000,-0.00011792765216177902,-7.702812000000001,-0.3924,9.292032,36.17083868207103,36.17083868207103,36.17083868207103,36.17083868207103,-0.031241393610698498,0.016755160819145562,-0.024434609527920613,-58.0,2.99,110.1,2,2,100.0,4,0.09,11.425,0.005,52.6483001,9.7454561,33.51,32.89,52.648292399999995,9.745459799999999,-0.013439035240356337,-0.03438298626428829,4.232947034861848,-5.325,-10.435,-0.005,11.418419,0.08478103,0.38892567
0 days 00:00:05.620000,0.0,-8.232552,0.21582000000000004,9.37836,35.30166880616175,35.30166880616175,35.30166880616175,35.30166880616175,-0.03961897402027128,-0.0291469985083053,-0.021467549799530253,-52.0,2.99,118.19999999999999,2,2,100.0,4,0.095,11.345,0.005,52.6483001,9.7454561,33.51,32.89,52.6482915,9.7454591,-0.013962634015954637,-0.034033920413889425,4.232597969011449,-5.325,-10.435,-0.005,11.3386,0.08967055,0.38233244
0 days 00:00:05.630000,0.0003537829564853371,-6.800292000000001,-0.306072,9.331272,34.65313436029097,34.65313436029097,34.65313436029097,34.65313436029097,-0.023736477827122886,-0.042411500823462206,-0.007155849933176751,-52.0,2.99,103.19999999999999,2,2,100.0,4,0.095,11.28,0.01,52.6483001,9.7454561,33.51,32.89,52.648290599999996,9.7454583,-0.014137166941154071,-0.03368485456349056,4.232597969011449,-5.325,-10.435,-0.005,11.273938,0.089761354,0.37120497
0 days 00:00:05.640000,0.00023585530432355804,-5.587776,0.16088400000000003,9.299880000000002,33.202289259734705,33.202289259734705,33.202289259734705,33.202289259734705,-0.026878070480712675,0.04258603374866164,0.0015707963267948967,-59.0,2.99,88.19999999999999,2,2,100.0,4,0.095,11.225,0.02,52.648295499999996,9.7454523,33.5,32.88,52.6482897,9.745457499999999,-0.014311699866353503,-0.03385938748868999,4.232597969011449,-5.12,-10.055,-0.065,11.219244,0.08983808,0.36133313
0 days 00:00:05.650000,0.00011792765216177902,-8.899632,-0.596448,10.025820000000001,31.33691698759093,31.33691698759093,31.33691698759093,31.33691698759093,-0.021118483949131385,0.08011061266653972,0.00034906585039886593,-59.0,2.99,82.49999999999999,2,2,100.0,4,0.09,11.14,0.015,52.648295499999996,9.7454523,33.5,32.88,52.648288799999996,9.7454567,-0.014660765716752368,-0.034732052114687155,4.232597969011449,-5.12,-10.055,-0.065,11.133802,0.084538974,0.37312576
0 days 00:00:05.660000,-0.00011792765216177902,-11.454156000000001,0.074556,8.562168,29.712237911852803,29.712237911852803,29.712237911852803,29.712237911852803,-0.02617993877991494,-0.020420352248333655,-0.003490658503988659,-53.0,2.99,76.8,2,2,100.0,4,0.09,11.03,0.025,52.648295499999996,9.7454523,33.5,32.88,52.6482879,9.745455999999999,-0.014835298641951801,-0.034557519189487726,4.232597969011449,-5.12,-10.055,-0.065,11.024279,0.08470731,0.35740444
0 days 00:00:05.670000,-0.00011792765216177902,-7.899012000000001,-0.40809600000000007,9.315576,28.716035515618312,28.716035515618312,28.716035515618312,28.716035515618312,-0.01308996938995747,-0.047647488579445195,0.0010471975511965976,-53.0,2.99,87.14999999999999,2,2,100.0,4,0.09,10.955,0.025,52.648295499999996,9.7454523,33.5,32.88,52.6482871,9.7454553,-0.015009831567151233,-0.034033920413889425,4.232597969011449,-5.12,-10.055,-0.065,10.949507,0.08476988,0.3490957
0 days 00:00:05.680000,0.00023585530432355804,-5.909544,-0.054936000000000006,10.63404,29.712237911852803,29.712237911852803,29.712237911852803,29.712237911852803,-0.004363323129985824,0.0661479786505851,0.00942477796076938,-53.0,2.99,97.5,2,2,100.0,4,0.09,10.9,0.015,52.648295499999996,9.7454523,33.5,32.88,52.6482862,9.7454545,-0.015009831567151233,-0.034732052114687155,4.232772501936648,-5.12,-10.055,-0.065,10.893947,0.08453381,0.36482218
0 days 00:00:05.690000,0.0003537829564853371,-10.300500000000001,-0.482652,10.657584000000002,32.23951647411211,32.23951647411211,32.23951647411211,32.23951647411211,-0.0038397243543875246,0.06806784082777885,0.004014257279586958,-53.0,2.99,115.95,2,2,100.0,4,0.09,10.795,-0.005,52.648291,9.7454485,33.5,32.88,52.6482853,9.745453699999999,-0.015184364492350668,-0.03543018381548489,4.232772501936648,-4.96,-9.705,0.07,10.788048,0.08410765,0.38870758
0 days 00:00:05.700000,0.00011792765216177902,-11.826936,-0.7298640000000001,8.413056000000001,34.35895378690629,34.35895378690629,34.35895378690629,34.35895378690629,-0.0017453292519943296,-0.0762708883121522,0.0019198621771937623,-62.0,2.99,134.4,2,2,100.0,4,0.085,10.68,0.005,52.648291,9.7454485,33.5,32.88,52.648284499999995,9.745453,-0.015184364492350668,-0.034557519189487726,4.232772501936648,-4.96,-9.705,0.07,10.673797,0.07946325,0.3652525
0 days 00:00:05.710000,0.00011792765216177902,-5.776128,-0.349236,8.880012,34.56621737270004,34.56621737270004,34.56621737270004,34.56621737270004,-0.0027925268031909274,-0.047647488579445195,0.006806784082777885,-62.0,2.99,129.0,2,2,100.0,4,0.08,10.625,0.01,52.648291,9.7454485,33.5,32.88,52.6482836,9.7454523,-0.015184364492350668,-0.034033920413889425,4.232772501936648,-4.96,-9.705,0.07,10.619187,0.07465298,0.35272056
0 days 00:00:05.720000,0.0,-4.167288,0.28645200000000004,10.469232000000002,34.064773213521605,34.064773213521605,34.064773213521605,34.064773213521605,-0.01308996938995747,0.05969026041820607,0.004537856055185257,-63.0,2.99,123.6,2,2,100.0,4,0.085,10.59,0.005,52.648291,9.7454485,33.5,32.88,52.6482828,9.745451599999999,-0.0153588974175501,-0.034732052114687155,4.232947034861848,-4.96,-9.705,0.07,10.583787,0.07941889,0.36400416
0 days 00:00:05.730000,-0.00011792765216177902,-8.927100000000001,-0.1962,9.794304,33.16217372700043,33.16217372700043,33.16217372700043,33.16217372700043,-0.019896753472735357,0.04258603374866164,0.006806784082777885,-65.0,2.99,103.5,2,2,100.0,4,0.085,10.505,-0.0,52.648291,9.7454485,33.5,32.88,52.6482819,9.7454509,-0.015533430342749533,-0.03508111796508603,4.232947034861848,-4.96,-9.705,0.07,10.498536,0.07926666,0.36972743
0 days 00:00:05.740000,-0.00011792765216177902,-10.512396,0.153036,8.84862,33.61013050919983,33.61013050919983,33.61013050919983,33.61013050919983,-0.016231562043547268,0.014137166941154071,0.012566370614359173,-68.0,2.99,83.39999999999999,2,2,100.0,4,0.08,10.4,-0.0,52.6482865,9.745444599999999,33.54,32.87,52.6482811,9.7454501,-0.015533430342749533,-0.03543018381548489,4.233121567787046,-4.8500000000000005,-9.385,0.095,10.393473,0.07426811,0.36959502
0 days 00:00:05.750000,0.0,-9.390132000000001,-0.231516,10.092528000000001,33.87756739409499,33.87756739409499,33.87756739409499,33.87756739409499,-0.014835298641951801,0.0317649923862968,0.012042771838760874,-70.0,2.99,90.75,2,2,100.0,4,0.08,10.31,-0.01,52.6482865,9.745444599999999,33.54,32.87,52.648280199999995,9.7454494,-0.015707963267948967,-0.03577924966588375,4.233296100712247,-4.8500000000000005,-9.385,0.095,10.303044,0.07404021,0.38000882
0 days 00:00:05.760000,-0.00011792765216177902,-10.167084000000001,-0.580752,9.923796000000001,33.76390671801455,33.76390671801455,33.76390671801455,33.76390671801455,-0.007330382858376183,0.0008726646259971648,0.01064650843716541,-73.0,2.99,98.1,2,2,100.0,4,0.07,10.215,-0.015,52.6482865,9.745444599999999,33.54,32.87,52.6482794,9.745448699999999,-0.015707963267948967,-0.03577924966588375,4.233470633637445,-4.8500000000000005,-9.385,0.095,10.207925,0.064016335,0.38145003
0 days 00:00:05.770000,-0.00023585530432355804,-8.318880000000002,0.011772000000000001,9.197856000000002,33.13543003851092,33.13543003851092,33.13543003851092,33.13543003851092,-0.01117010721276371,-0.028274333882308142,0.006806784082777885,-75.5,2.99,109.35,2,2,100.0,4,0.075,10.135,-0.01,52.6482865,9.745444599999999,33.54,32.87,52.6482786,9.745448,-0.0158824961931484,-0.03543018381548489,4.233470633637445,-4.8500000000000005,-9.385,0.095,10.128286,0.06913009,0.37014812
0 days 00:00:05.780000,-0.00011792765216177902,-6.486372,-0.17658000000000004,10.488852000000001,32.67410141206675,32.67410141206675,32.67410141206675,32.67410141206675,-0.0031415926535897933,0.011693705988362009,0.008726646259971648,-78.0,2.99,120.6,2,2,100.0,4,0.06,10.075000000000001,-0.025,52.6482824,9.745441099999999,33.54,32.87,52.648277799999995,9.7454473,-0.015707963267948967,-0.03577924966588375,4.233819699487845,-4.69,-9.08,0.07,10.0676565,0.05393926,0.38627788
0 days 00:00:05.790000,-0.00011792765216177902,-7.753824000000001,-0.28645200000000004,9.817848000000001,32.420036371416344,32.420036371416344,32.420036371416344,32.420036371416344,-0.0038397243543875246,0.015009831567151233,0.008377580409572781,-84.0,5.29,120.89999999999999,2,2,100.0,4,0.06,10.005,-0.025,52.6482824,9.745441099999999,33.54,32.87,52.648277,9.7454466,-0.015707963267948967,-0.03595378259108319,4.233819699487845,-4.69,-9.08,0.07,9.997636,0.053951185,0.3855189
0 days 00:00:05.800000,-0.00011792765216177902,-8.86824,-0.09417600000000001,8.785836000000002,32.25288831835687,32.25288831835687,32.25288831835687,32.25288831835687,-0.005235987755982988,-0.01780235837034216,0.009075712110370514,-87.0,5.29,121.19999999999999,2,2,100.0,4,0.06,9.915000000000001,-0.02,52.6482824,9.745441099999999,33.54,32.87,52.6482762,9.7454459,-0.0158824961931484,-0.03577924966588375,4.233994232413044,-4.69,-9.08,0.07,9.907939,0.0540421,0.37556842
0 days 00:00:05.810000,0.0,-7.569396000000001,-0.266832,9.323424000000001,31.637783483097994,31.637783483097994,31.637783483097994,31.637783483097994,-0.004537856055185257,0.013439035240356337,0.006108652381980153,-89.0,5.29,110.55,2,2,100.0,4,0.06,9.845,-0.02,52.6482824,9.745441099999999,33.54,32.87,52.648275399999996,9.7454453,-0.0158824961931484,-0.03577924966588375,4.233994232413044,-4.69,-9.08,0.07,9.837984,0.054081872,0.37306476
0 days 00:00:05.820000,0.0,-7.793064,0.062784,9.590256,31.557552417629438,31.557552417629438,31.557552417629438,31.557552417629438,-0.0158824961931484,0.024609142453120045,0.0022689280275926286,-92.0,5.29,99.9,2,2,100.0,4,0.06,9.77,-0.02,52.6482824,9.745441099999999,33.54,32.87,52.6482746,9.745444599999999,-0.016057029118347832,-0.03612831551628262,4.233994232413044,-4.69,-9.08,0.07,9.762902,0.054005112,0.37379912
0 days 00:00:05.830000,0.00011792765216177902,-8.958492000000001,-0.14126400000000003,9.645192000000002,31.631097560975615,31.631097560975615,31.631097560975615,31.631097560975615,-0.005934119456780722,-0.006283185307179587,0.0054105206811824215,-91.0,5.29,98.7,2,2,100.0,4,0.06,9.685,-0.02,52.6482824,9.745441099999999,33.54,32.87,52.6482738,9.745443999999999,-0.016057029118347832,-0.03612831551628262,4.233994232413044,-4.69,-9.08,0.07,9.677958,0.05405441,0.3707293
0 days 00:00:05.840000,0.00023585530432355804,-8.326728000000001,-0.11379600000000001,9.064440000000001,31.33023106546855,31.33023106546855,31.33023106546855,31.33023106546855,-0.00471238898038469,0.012566370614359173,0.005934119456780722,-94.0,5.29,97.5,2,2,100.0,4,0.055,9.61,-0.02,52.648278399999995,9.7454377,33.54,32.87,52.6482731,9.7454432,-0.016057029118347832,-0.03630284844148206,4.234168765338243,-4.485,-8.715,0.1,9.602942,0.049071644,0.36961615
0 days 00:00:05.850000,0.00011792765216177902,-8.695584000000002,-0.33354000000000006,9.747216000000002,30.902332049636286,30.902332049636286,30.902332049636286,30.902332049636286,-0.006806784082777885,0.03228859116189509,0.00034906585039886593,-93.0,5.29,103.35,2,2,100.0,4,0.055,9.525,-0.025,52.648278399999995,9.7454377,33.54,32.87,52.648272299999995,9.745442599999999,-0.016057029118347832,-0.03665191429188092,4.234168765338243,-4.485,-8.715,0.1,9.517686,0.048987605,0.37484938
0 days 00:00:05.860000,0.0,-10.151388,-0.384552,10.594800000000001,30.293913136499786,30.293913136499786,30.293913136499786,30.293913136499786,0.0019198621771937623,0.016406094968746697,0.0013962634015954637,-100.0,7.99,109.19999999999999,2,2,100.0,4,0.05,9.425,-0.035,52.648278399999995,9.7454377,33.54,32.87,52.6482715,9.745441999999999,-0.016057029118347832,-0.03682644721708035,4.234168765338243,-4.485,-8.715,0.1,9.417321,0.043860238,0.38274068
0 days 00:00:05.870000,0.00011792765216177902,-10.327968,0.129492,8.899632,29.785783055198973,29.785783055198973,29.785783055198973,29.785783055198973,0.004886921905584123,-0.039095375244672985,0.0022689280275926286,-100.5,7.99,115.94999999999999,2,2,100.0,4,0.055,9.325000000000001,-0.03,52.648278399999995,9.7454377,33.54,32.87,52.6482708,9.7454413,-0.016057029118347832,-0.03647738136668149,4.234343298263443,-4.485,-8.715,0.1,9.317702,0.049051158,0.37089163
0 days 00:00:05.880000,0.00011792765216177902,-7.235856000000001,-0.32176800000000005,9.009504,29.391313649978606,29.391313649978606,29.391313649978606,29.391313649978606,0.005235987755982988,-0.02600540585471551,-0.00034906585039886593,-101.0,7.99,122.69999999999999,2,2,100.0,4,0.05,9.26,-0.025,52.648278399999995,9.7454377,33.54,32.87,52.6482701,9.7454407,-0.016057029118347832,-0.03612831551628262,4.234343298263443,-4.485,-8.715,0.1,9.253055,0.044221956,0.36021557
0 days 00:00:05.890000,0.00011792765216177902,-7.1613,-0.16088400000000003,8.840772000000001,29.351198117244326,29.351198117244326,29.351198117244326,29.351198117244326,0.008552113334772213,0.0031415926535897933,0.0015707963267948967,-100.0,7.99,116.85,2,2,100.0,4,0.05,9.195,-0.015,52.6482746,9.7454345,33.54,32.86,52.648269299999995,9.74544,-0.0158824961931484,-0.03630284844148206,4.234343298263443,-4.275,-8.345,0.03,9.188396,0.044455357,0.3494716
0 days 00:00:05.900000,0.00023585530432355804,-8.099136,0.13734000000000002,9.409752000000001,29.090447154471544,29.090447154471544,29.090447154471544,29.090447154471544,0.005061454830783556,0.023561944901923447,0.004537856055185257,-100.0,7.99,111.0,2,2,100.0,4,0.05,9.115,-0.015,52.6482746,9.7454345,33.54,32.86,52.648268599999994,9.7454394,-0.015707963267948967,-0.03647738136668149,4.234343298263443,-4.275,-8.345,0.03,9.108389,0.04453699,0.34815016
0 days 00:00:05.910000,0.00023585530432355804,-9.248868000000002,-0.5650560000000001,10.037592000000002,28.86981172443303,28.86981172443303,28.86981172443303,28.86981172443303,0.01064650843716541,0.01937315469713706,0.0020943951023931952,-97.5,7.99,102.9,2,2,100.0,4,0.045,9.025,-0.02,52.6482746,9.7454345,33.54,32.86,52.6482679,9.745438799999999,-0.015707963267948967,-0.03665191429188092,4.234517831188642,-4.275,-8.345,0.03,9.018206,0.039485957,0.35135955
0 days 00:00:05.920000,0.00011792765216177902,-9.582408000000001,0.011772000000000001,9.272412000000001,28.60237483953787,28.60237483953787,28.60237483953787,28.60237483953787,0.010471975511965976,-0.010471975511965976,0.00017453292519943296,-95.0,7.99,94.8,2,2,100.0,4,0.045,8.935,-0.02,52.6482746,9.7454345,33.54,32.86,52.6482671,9.745438199999999,-0.015533430342749533,-0.03665191429188092,4.234517831188642,-4.275,-8.345,0.03,8.9282675,0.039598506,0.34805515
0 days 00:00:05.930000,0.00011792765216177902,-8.542548,-0.039240000000000004,9.551016,28.542201540436455,28.542201540436455,28.542201540436455,28.542201540436455,0.010297442586766544,-0.00017453292519943296,0.0027925268031909274,-92.0,7.99,99.75,2,2,100.0,4,0.05,8.855,-0.02,52.6482746,9.7454345,33.54,32.86,52.6482664,9.745437599999999,-0.015533430342749533,-0.03665191429188092,4.234517831188642,-4.275,-8.345,0.03,8.84832,0.044643436,0.34520164
0 days 00:00:05.940000,0.00023585530432355804,-8.675964,-0.49834800000000007,10.716444000000001,28.274764655541286,28.274764655541286,28.274764655541286,28.274764655541286,0.023561944901923447,0.008028514559173916,0.004886921905584123,-92.0,7.99,104.69999999999999,2,2,100.0,4,0.04,8.77,-0.03,52.6482708,9.745431499999999,33.49,32.86,52.648265699999996,9.7454369,-0.015184364492350668,-0.03665191429188092,4.234517831188642,-4.11,-7.96,-0.01,8.763011,0.03466064,0.35191202
0 days 00:00:05.950000,0.00011792765216177902,-9.138996,-0.49050000000000005,9.343044,27.947154471544714,27.947154471544714,27.947154471544714,27.947154471544714,0.027052603405912107,-0.03822271061867582,0.0015707963267948967,-90.0,7.99,103.8,2,2,100.0,4,0.035,8.685,-0.03,52.6482708,9.745431499999999,33.49,32.86,52.648264999999995,9.7454363,-0.014835298641951801,-0.03630284844148206,4.234692364113842,-4.11,-7.96,-0.01,8.678189,0.029875172,0.3456825
0 days 00:00:05.960000,0.00011792765216177902,-7.2750960000000005,-0.03531600000000001,8.978112000000001,27.566056910569106,27.566056910569106,27.566056910569106,27.566056910569106,0.01780235837034216,-0.01780235837034216,-0.0027925268031909274,-89.0,7.99,102.9,2,2,100.0,4,0.04,8.615,-0.025,52.6482708,9.745431499999999,33.49,32.86,52.6482643,9.7454357,-0.014660765716752368,-0.03612831551628262,4.234517831188642,-4.11,-7.96,-0.01,8.608475,0.035067495,0.33671167
0 days 00:00:05.970000,0.00011792765216177902,-7.377120000000001,-0.15696000000000002,10.014048000000003,27.338735558408217,27.338735558408217,27.338735558408217,27.338735558408217,0.012740903539558606,0.03159045946109736,-0.002617993877991494,-85.0,7.99,108.6,2,2,100.0,4,0.04,8.545,-0.03,52.6482708,9.745431499999999,33.49,32.86,52.6482636,9.7454352,-0.014660765716752368,-0.03647738136668149,4.234517831188642,-4.11,-7.96,-0.01,8.538221,0.034987614,0.34215987
0 days 00:00:05.980000,0.00011792765216177902,-9.841392,-0.066708,9.374436000000001,27.017811296534017,27.017811296534017,27.017811296534017,27.017811296534017,0.004014257279586958,0.015707963267948967,0.00017453292519943296,-81.0,7.99,114.29999999999998,2,2,100.0,4,0.04,8.45,-0.025,52.6482708,9.745431499999999,33.49,32.86,52.648263,9.7454346,-0.014486232791552936,-0.03665191429188092,4.234517831188642,-4.11,-7.96,-0.01,8.443408,0.035148554,0.3351668
0 days 00:00:05.990000,0.0,-9.762912000000002,-0.24328800000000003,8.67204,25.968121523320498,25.968121523320498,25.968121523320498,25.968121523320498,-0.002617993877991494,-0.023387411976724018,0.0008726646259971648,-78.0,7.99,112.49999999999999,2,2,100.0,4,0.035,8.355,-0.025,52.6482673,9.7454286,33.51,32.86,52.6482623,9.745434,-0.014486232791552936,-0.03630284844148206,4.234692364113842,-3.92,-7.49,0.075,8.348588,0.030241719,0.32869977
0 days 00:00:06,-0.00023585530432355804,-7.373196000000001,0.0981,9.806076000000001,24.757969619169874,24.757969619169874,24.757969619169874,24.757969619169874,-0.008377580409572781,0.007155849933176751,0.00017453292519943296,-75.0,7.99,110.69999999999999,2,2,100.0,4,0.035,8.285,-0.025,52.6482673,9.7454286,33.51,32.86,52.6482616,9.7454334,-0.014660765716752368,-0.03647738136668149,4.234692364113842,-3.92,-7.49,0.075,8.278577,0.030200412,0.32760945
0 days 00:00:06.010000,-0.00023585530432355804,-7.832304000000001,0.133416,10.253412000000003,23.086489088575092,23.086489088575092,23.086489088575092,23.086489088575092,-0.012217304763960306,0.01780235837034216,0.00017453292519943296,-72.0,7.99,102.6,2,2,100.0,4,0.04,8.21,-0.035,52.6482673,9.7454286,33.51,32.86,52.648261,9.7454328,-0.014660765716752368,-0.03665191429188092,4.234692364113842,-3.92,-7.49,0.075,8.203203,0.03507248,0.33637166
0 days 00:00:06.020000,-0.0003537829564853371,-8.950644,-0.231516,9.343044,20.51909499358151,20.51909499358151,20.51909499358151,20.51909499358151,-0.005759586531581288,-0.012391837689159739,0.00017453292519943296,-69.0,7.99,94.5,2,2,100.0,4,0.04,8.120000000000001,-0.03,52.6482673,9.7454286,33.51,32.86,52.6482603,9.7454323,-0.014835298641951801,-0.03647738136668149,4.234692364113842,-3.92,-7.49,0.075,8.113504,0.035157826,0.32666823
0 days 00:00:06.030000,-0.0005896382608088951,-7.647876000000001,0.07848000000000001,9.095832000000001,17.864783910997005,17.864783910997005,17.864783910997005,17.864783910997005,-0.01308996938995747,-0.0017453292519943296,-0.004014257279586958,-66.0,7.99,93.75,2,2,100.0,4,0.04,8.05,-0.025,52.6482673,9.7454286,33.51,32.86,52.6482597,9.7454318,-0.014835298641951801,-0.03647738136668149,4.234517831188642,-3.92,-7.49,0.075,8.043734,0.03526982,0.31911957
0 days 00:00:06.040000,-0.0004717106086471161,-7.950024000000001,-0.09417600000000001,9.739368,17.624090714591357,17.624090714591357,17.624090714591357,17.624090714591357,-0.012042771838760874,0.008377580409572781,-0.0020943951023931952,-68.0,7.99,93.0,2,2,100.0,4,0.035,7.97,-0.03,52.648264,9.7454258,33.5,32.86,52.648258999999996,9.7454311,-0.014835298641951801,-0.03647738136668149,4.234692364113842,-3.74,-7.13,0.02,7.963604,0.03023953,0.3211243
0 days 00:00:06.050000,-0.0003537829564853371,-8.566092000000001,0.062784,9.602028,19.676668806161747,19.676668806161747,19.676668806161747,19.676668806161747,-0.006632251157578452,-0.0036651914291880917,-0.00017453292519943296,-69.0,7.99,99.45,2,2,100.0,4,0.035,7.890000000000001,-0.03,52.648264,9.7454258,33.5,32.86,52.648258399999996,9.745430599999999,-0.015009831567151233,-0.03647738136668149,4.234692364113842,-3.74,-7.13,0.02,7.883657,0.030227272,0.3182123
0 days 00:00:06.060000,-0.00023585530432355804,-8.4366,-0.231516,8.86824,22.81905220367993,22.81905220367993,22.81905220367993,22.81905220367993,-0.0015707963267948967,-0.011519173063162576,-0.00034906585039886593,-59.0,7.99,105.9,2,2,100.0,4,0.035,7.8100000000000005,-0.02,52.648264,9.7454258,33.5,32.86,52.648257799999996,9.7454301,-0.015009831567151233,-0.03630284844148206,4.234692364113842,-3.74,-7.13,0.02,7.8041286,0.030441497,0.30394095
0 days 00:00:06.070000,-0.0003537829564853371,-7.663572,0.08240400000000002,9.178236000000002,26.10852588789046,26.10852588789046,26.10852588789046,26.10852588789046,0.0017453292519943296,0.0006981317007977319,-0.002617993877991494,-54.5,7.99,108.15,2,2,100.0,4,0.035,7.735,-0.02,52.648264,9.7454258,33.5,32.86,52.648257099999995,9.7454296,-0.015009831567151233,-0.03630284844148206,4.234692364113842,-3.74,-7.13,0.02,7.729178,0.030482354,0.30121914
0 days 00:00:06.080000,-0.0004717106086471161,-7.616484000000002,-0.7259400000000001,9.621648,25.907948224219083,25.907948224219083,25.907948224219083,25.907948224219083,0.014311699866353502,-0.018500490071139894,-0.005759586531581288,-50.0,7.99,110.4,2,2,100.0,4,0.03,7.665,-0.02,52.648264,9.7454258,33.5,32.86,52.648256499999995,9.745429,-0.014835298641951801,-0.03612831551628262,4.234517831188642,-3.74,-7.13,0.02,7.6592755,0.025592998,0.2972626
0 days 00:00:06.090000,-0.0007075659129706742,-7.228008000000001,-0.6513840000000001,9.076212,24.81145699614891,24.81145699614891,24.81145699614891,24.81145699614891,0.004886921905584123,0.02234021442552742,-0.010995574287564275,-50.0,7.99,105.9,2,2,100.0,4,0.035,7.59,-0.01,52.648260799999996,9.7454231,33.5,32.85,52.648255899999995,9.7454285,-0.014835298641951801,-0.03630284844148206,4.234343298263443,-3.48,-6.845,-0.055,7.5846367,0.03076125,0.28595933
0 days 00:00:06.100000,-0.0007075659129706742,-9.025200000000002,0.1962,10.159236000000002,23.527759948652115,23.527759948652115,23.527759948652115,23.527759948652115,-0.002967059728390361,0.03717551306747922,-0.016057029118347832,-52.0,7.99,101.4,2,2,100.0,4,0.035,7.505,-0.015,52.648260799999996,9.7454231,33.5,32.85,52.648255299999995,9.745428,-0.014835298641951801,-0.03665191429188092,4.234168765338243,-3.48,-6.845,-0.055,7.4994097,0.030694056,0.29048827
0 days 00:00:06.110000,-0.0004717106086471161,-10.720368,0.125568,9.523548,23.681536157466834,23.681536157466834,23.681536157466834,23.681536157466834,0.010297442586766544,-0.04136430327226561,-0.010821041362364843,-54.0,7.99,98.85,2,2,100.0,4,0.04,7.4,-0.015,52.648260799999996,9.7454231,33.5,32.85,52.648254699999995,9.7454275,-0.014835298641951801,-0.03612831551628262,4.234168765338243,-3.48,-6.845,-0.055,7.3946295,0.03580802,0.28284392
0 days 00:00:06.120000,-0.00011792765216177902,-7.1456040000000005,-0.180504,8.997732000000001,24.416987590928542,24.416987590928542,24.416987590928542,24.416987590928542,0.012566370614359173,-0.05113814708343386,-0.00471238898038469,-47.0,7.99,96.3,2,2,100.0,4,0.04,7.33,-0.01,52.648260799999996,9.7454231,33.5,32.85,52.648254099999996,9.745427,-0.014660765716752368,-0.03577924966588375,4.234168765338243,-3.48,-6.845,-0.055,7.3249507,0.03600519,0.27275673
0 days 00:00:06.130000,-0.00023585530432355804,-4.975632,-0.8083440000000001,9.896328000000002,24.58413564398802,24.58413564398802,24.58413564398802,24.58413564398802,0.008726646259971648,0.01658062789394613,-0.007155849933176751,-47.0,7.99,101.85,2,2,100.0,4,0.035,7.285,-0.015,52.648260799999996,9.7454231,33.5,32.85,52.648253499999996,9.745426499999999,-0.014486232791552936,-0.03577924966588375,4.233994232413044,-3.48,-6.845,-0.055,7.279801,0.031004256,0.27606472
0 days 00:00:06.140000,-0.0004717106086471161,-7.651800000000001,-0.49442400000000003,10.135692000000002,23.668164313222082,23.668164313222082,23.668164313222082,23.668164313222082,0.0012217304763960308,0.020420352248333655,-0.010122909661567111,-45.0,7.99,107.4,2,2,100.0,4,0.045,7.2,-0.0,52.6482579,9.7454208,33.46,32.85,52.648253,9.745425899999999,-0.014835298641951801,-0.03560471674068432,4.233645166562646,-3.245,-6.5,-0.215,7.1954365,0.041192904,0.25693917
0 days 00:00:06.150000,-0.0005896382608088951,-9.445068000000001,-0.039240000000000004,8.675964,22.95277064612751,22.95277064612751,22.95277064612751,22.95277064612751,0.0,-0.05375614096142535,-0.005235987755982988,-44.0,7.99,113.25,2,2,100.0,4,0.045,7.11,0.01,52.6482579,9.7454208,33.46,32.85,52.6482524,9.7454254,-0.014835298641951801,-0.03508111796508603,4.233645166562646,-3.245,-6.5,-0.215,7.105976,0.04144388,0.24002299
0 days 00:00:06.160000,-0.0004717106086471161,-6.745356,-0.33354000000000006,9.186084000000001,23.006258023106547,23.006258023106547,23.006258023106547,23.006258023106547,0.0012217304763960308,-0.020943951023931952,-0.0031415926535897933,-42.0,7.99,119.1,2,2,100.0,4,0.045,7.045,0.01,52.6482579,9.7454208,33.46,32.85,52.6482518,9.745425,-0.014835298641951801,-0.03490658503988659,4.233645166562646,-3.245,-6.5,-0.215,7.0410576,0.04149593,0.23651464
0 days 00:00:06.170000,-0.0005896382608088951,-6.545232,-0.125568,9.170388,22.538243474540007,22.538243474540007,22.538243474540007,22.538243474540007,-0.013962634015954637,-0.01117010721276371,-0.005235987755982988,-38.5,7.99,114.75,2,2,100.0,4,0.045,6.985,0.015,52.6482579,9.7454208,33.46,32.85,52.6482513,9.7454245,-0.014835298641951801,-0.034732052114687155,4.233645166562646,-3.245,-6.5,-0.215,6.9813085,0.0416192,0.22820617
0 days 00:00:06.180000,-0.0005896382608088951,-8.079516,0.011772000000000001,9.841392,22.42458279845956,22.42458279845956,22.42458279845956,22.42458279845956,0.0015707963267948967,-0.019198621771937627,0.005061454830783556,-35.0,7.99,110.4,2,2,100.0,4,0.045,6.905,0.015,52.6482579,9.7454208,33.46,32.85,52.6482507,9.745424,-0.014835298641951801,-0.034557519189487726,4.233645166562646,-3.245,-6.5,-0.215,6.901396,0.04167828,0.2242241
0 days 00:00:06.190000,-0.0003537829564853371,-7.757748000000001,0.015696,9.217476,22.050171159606332,22.050171159606332,22.050171159606332,22.050171159606332,0.0012217304763960308,-0.0291469985083053,0.011519173063162576,-35.0,7.99,97.35,2,2,100.0,4,0.055,6.825,0.03,52.648255999999996,9.7454174,33.19,32.84,52.6482502,9.7454235,-0.015009831567151233,-0.034033920413889425,4.233645166562646,-3.1,-6.15,-0.19,6.822068,0.05195812,0.20305675
0 days 00:00:06.200000,-0.0003537829564853371,-7.820532000000001,-0.894672,9.872784,22.023427471116815,22.023427471116815,22.023427471116815,22.023427471116815,0.010471975511965976,0.022514747350726852,0.015358897417550098,-40.0,7.99,84.3,2,2,100.0,4,0.045,6.75,0.03,52.648255999999996,9.7454174,33.19,32.84,52.6482496,9.745422999999999,-0.014835298641951801,-0.03420845333908886,4.233994232413044,-3.1,-6.15,-0.19,6.747077,0.04201505,0.20152503
0 days 00:00:06.210000,-0.0005896382608088951,-9.229248000000002,-0.003924,9.649116000000001,21.896394950791613,21.896394950791613,21.896394950791613,21.896394950791613,-0.004363323129985824,0.007853981633974483,0.008377580409572781,-40.0,7.99,89.1,2,2,100.0,4,0.045,6.66,0.025,52.648255999999996,9.7454174,33.19,32.84,52.6482491,9.7454226,-0.014835298641951801,-0.03438298626428829,4.233994232413044,-3.1,-6.15,-0.19,6.656923,0.04196935,0.20460548
0 days 00:00:06.220000,-0.0005896382608088951,-9.460764000000001,-0.7848,9.036972,21.635643988018828,21.635643988018828,21.635643988018828,21.635643988018828,-0.00034906585039886593,-0.06928957130417489,0.009773843811168246,-42.0,7.99,93.89999999999999,2,2,100.0,4,0.04,6.57,0.03,52.648255999999996,9.7454174,33.19,32.84,52.648248599999995,9.745422099999999,-0.014835298641951801,-0.03368485456349056,4.234168765338243,-3.1,-6.15,-0.19,6.5672836,0.037157934,0.19185701
0 days 00:00:06.230000,-0.0005896382608088951,-6.078276000000001,-0.003924,9.861012,21.127513906718015,21.127513906718015,21.127513906718015,21.127513906718015,0.003316125578789226,-0.009599310885968814,0.011519173063162576,-46.0,7.99,90.14999999999999,2,2,100.0,4,0.04,6.515000000000001,0.03,52.648255999999996,9.7454174,33.19,32.84,52.648247999999995,9.7454217,-0.014835298641951801,-0.033510321638291124,4.234168765338243,-3.1,-6.15,-0.19,6.512347,0.037202276,0.18886839
0 days 00:00:06.240000,-0.0004717106086471161,-7.510536000000001,-0.6396120000000001,10.312272000000002,21.107456140350877,21.107456140350877,21.107456140350877,21.107456140350877,0.006981317007977318,0.028623399732707003,0.011344640137963142,-49.0,7.99,86.39999999999999,2,2,100.0,4,0.035,6.44,0.03,52.6482533,9.7454152,33.19,32.83,52.6482475,9.7454212,-0.014835298641951801,-0.03368485456349056,4.234343298263443,-2.975,-5.825,-0.12,6.4373574,0.032223437,0.18740511
0 days 00:00:06.250000,-0.0005896382608088951,-9.562788000000001,-0.6513840000000001,8.942796000000001,20.953679931536154,20.953679931536154,20.953679931536154,20.953679931536154,0.008203047484373348,-0.04293509959906051,0.0054105206811824215,-52.0,7.99,74.55,2,2,100.0,4,0.03,6.345,0.035,52.6482533,9.7454152,33.19,32.83,52.648247,9.7454208,-0.014660765716752368,-0.033335788713091695,4.234343298263443,-2.975,-5.825,-0.12,6.342641,0.027409304,0.17691672
0 days 00:00:06.260000,-0.0005896382608088951,-6.682572,0.08240400000000002,8.86824,20.64612751390672,20.64612751390672,20.64612751390672,20.64612751390672,0.009948376736367679,-0.061086523819801536,0.00471238898038469,-55.0,7.99,62.7,2,2,100.0,4,0.03,6.28,0.04,52.6482533,9.7454152,33.19,32.83,52.6482465,9.7454203,-0.014660765716752368,-0.032637657012293965,4.234517831188642,-2.975,-5.825,-0.12,6.277961,0.027578577,0.16537149
0 days 00:00:06.270000,-0.0004717106086471161,-4.76766,-0.09417600000000001,10.465308,20.258344030808725,20.258344030808725,20.258344030808725,20.258344030808725,0.014486232791552938,0.02495820830351891,0.005061454830783556,-58.0,7.99,69.45,2,2,100.0,4,0.03,6.235,0.035,52.6482533,9.7454152,33.19,32.83,52.648246,9.7454199,-0.014486232791552936,-0.0328121899374934,4.234517831188642,-2.975,-5.825,-0.12,6.232792,0.027540563,0.16998293
0 days 00:00:06.280000,-0.0004717106086471161,-7.989264,-0.251136,10.324044,20.23160034231921,20.23160034231921,20.23160034231921,20.23160034231921,0.01832595714594046,0.02426007660272118,0.005759586531581288,-61.0,7.99,76.2,2,2,100.0,4,0.03,6.16,0.025,52.6482533,9.7454152,33.19,32.83,52.648245499999994,9.745419499999999,-0.014311699866353503,-0.033161255787892266,4.234517831188642,-2.975,-5.825,-0.12,6.157442,0.027431646,0.17966063
0 days 00:00:06.290000,-0.0004717106086471161,-9.884556000000002,-0.28252800000000006,8.373816000000001,20.104567821994006,20.104567821994006,20.104567821994006,20.104567821994006,0.02565634000431664,-0.04468042885105484,0.006283185307179587,-64.0,7.99,92.69999999999999,2,2,100.0,4,0.025,6.0600000000000005,0.035,52.6482507,9.745413,33.19,32.82,52.648244999999996,9.745419,-0.013962634015954637,-0.032637657012293965,4.234692364113842,-2.86,-5.4750000000000005,-0.02,6.0579147,0.022724971,0.16310091
0 days 00:00:06.300000,-0.0005896382608088951,-7.149528,0.23544,9.048744000000001,19.55632220795892,19.55632220795892,19.55632220795892,19.55632220795892,0.017627825445142728,0.010821041362364843,0.0020943951023931952,-66.0,7.99,109.19999999999999,2,2,100.0,4,0.03,5.995,0.04,52.6482507,9.745413,33.19,32.82,52.6482446,9.745418599999999,-0.013788101090755204,-0.0328121899374934,4.234692364113842,-2.86,-5.4750000000000005,-0.02,5.993085,0.027836684,0.15709405
0 days 00:00:06.310000,-0.0005896382608088951,-8.59356,0.368856,10.453536000000001,19.141795036371416,19.141795036371416,19.141795036371416,19.141795036371416,0.016057029118347832,0.04380776422505767,0.0020943951023931952,-68.0,7.99,103.04999999999998,2,2,100.0,4,0.035,5.91,0.03,52.6482507,9.745413,33.19,32.82,52.6482441,9.7454182,-0.013613568165555772,-0.033161255787892266,4.234692364113842,-2.86,-5.4750000000000005,-0.02,5.9077454,0.032737467,0.16642468
0 days 00:00:06.320000,-0.0004717106086471161,-10.755684,-0.12164400000000002,9.629496000000001,18.372913992297818,18.372913992297818,18.372913992297818,18.372913992297818,0.022689280275926284,-0.01815142422074103,0.006283185307179587,-70.0,7.99,96.89999999999999,2,2,100.0,4,0.035,5.805,0.03,52.6482507,9.745413,33.19,32.82,52.6482436,9.7454178,-0.013439035240356337,-0.03298672286269283,4.234692364113842,-2.86,-5.4750000000000005,-0.02,5.802831,0.032826908,0.1619253
0 days 00:00:06.330000,-0.0004717106086471161,-8.479764000000001,-0.302148,8.978112000000001,17.717693624304665,17.717693624304665,17.717693624304665,17.717693624304665,0.017627825445142728,-0.02565634000431664,0.007155849933176751,-72.0,7.99,78.3,2,2,100.0,4,0.035,5.7250000000000005,0.035,52.6482507,9.745413,33.19,32.82,52.648243099999995,9.7454174,-0.013264502315156905,-0.0328121899374934,4.234692364113842,-2.86,-5.4750000000000005,-0.02,5.7230663,0.0329697,0.15328573
0 days 00:00:06.340000,-0.0004717106086471161,-6.965100000000001,-0.0981,9.707976,16.320335900727432,16.320335900727432,16.320335900727432,16.320335900727432,0.013788101090755204,0.03892084231947355,0.0031415926535897933,-78.0,7.99,59.7,2,2,100.0,4,0.025,5.665,0.035,52.6482484,9.7454109,33.2,32.81,52.6482427,9.745417,-0.012915436464758038,-0.033161255787892266,4.235041429964241,-2.74,-5.155,-0.04,5.663046,0.023023931,0.15315348
0 days 00:00:06.350000,-0.0005896382608088951,-8.997732000000001,-0.031392,9.503928,14.836061189559262,14.836061189559262,14.836061189559262,14.836061189559262,-0.0012217304763960308,0.029321531433504733,-0.0024434609527920616,-79.0,7.99,66.3,2,2,100.0,4,0.025,5.575,0.035,52.6482484,9.7454109,33.2,32.81,52.6482423,9.7454166,-0.012915436464758038,-0.033510321638291124,4.2348668970390415,-2.74,-5.155,-0.04,5.5730424,0.023037346,0.15211494
0 days 00:00:06.360000,-0.0007075659129706742,-9.150768000000001,0.07063200000000001,9.888480000000001,12.736681643132222,12.736681643132222,12.736681643132222,12.736681643132222,-0.0020943951023931952,-0.0031415926535897933,-0.005235987755982988,-81.0,7.99,72.89999999999999,2,2,100.0,4,0.025,5.49,0.03,52.6482484,9.7454109,33.2,32.81,52.6482418,9.7454162,-0.012915436464758038,-0.033510321638291124,4.2348668970390415,-2.74,-5.155,-0.04,5.4879227,0.023009587,0.1542641
0 days 00:00:06.370000,-0.0004717106086471161,-7.549776000000001,0.10594800000000001,9.437220000000002,11.74716516902011,11.74716516902011,11.74716516902011,11.74716516902011,-0.0024434609527920616,-0.0020943951023931952,-0.008552113334772213,-83.5,7.99,95.1,2,2,100.0,4,0.03,5.415,0.035,52.6482484,9.7454109,33.2,32.81,52.648241399999996,9.7454158,-0.013089969389957472,-0.033510321638291124,4.234692364113842,-2.74,-5.155,-0.04,5.4131327,0.028080536,0.14682423
0 days 00:00:06.380000,-0.0003537829564853371,-7.734204,-0.015696,10.1043,11.305894308943088,11.305894308943088,11.305894308943088,11.305894308943088,0.0038397243543875246,0.032114058236695664,-0.00942477796076938,-86.0,7.99,117.29999999999998,2,2,100.0,4,0.03,5.34,0.025,52.6482484,9.7454109,33.2,32.81,52.6482409,9.7454155,-0.012915436464758038,-0.03385938748868999,4.234692364113842,-2.74,-5.155,-0.04,5.3377857,0.027985472,0.15616336
0 days 00:00:06.390000,-0.00023585530432355804,-9.503928,0.290376,9.802152000000001,13.472133076593922,13.472133076593922,13.472133076593922,13.472133076593922,-0.0020943951023931952,0.014137166941154071,-0.013439035240356337,-87.0,7.99,102.3,2,2,100.0,4,0.03,5.255,0.02,52.648246099999994,9.7454089,33.21,32.8,52.6482405,9.745415099999999,-0.012915436464758038,-0.034033920413889425,4.234517831188642,-2.535,-4.88,0.015,5.2526374,0.027946256,0.1591995
0 days 00:00:06.400000,-0.00011792765216177902,-8.852544000000002,0.066708,9.025200000000002,15.752032520325201,15.752032520325201,15.752032520325201,15.752032520325201,-0.0054105206811824215,-0.04991641660703782,-0.013788101090755204,-75.0,7.99,87.3,2,2,100.0,4,0.035,5.17,0.025,52.648246099999994,9.7454089,33.21,32.8,52.648240099999995,9.7454147,-0.013089969389957472,-0.033510321638291124,4.234343298263443,-2.535,-4.88,0.015,5.1679354,0.03305673,0.14867543
0 days 00:00:06.410000,0.00011792765216177902,-5.893848,-0.3413880000000001,9.715824000000001,17.162762088147193,17.162762088147193,17.162762088147193,17.162762088147193,-0.00034906585039886593,-0.030019663134302467,-0.007504915783575617,-75.0,7.99,70.19999999999999,2,2,100.0,4,0.03,5.115,0.025,52.648246099999994,9.7454089,33.21,32.8,52.6482397,9.7454144,-0.013089969389957472,-0.033335788713091695,4.234343298263443,-2.535,-4.88,0.015,5.112991,0.02809296,0.14587511
0 days 00:00:06.420000,0.0004717106086471161,-5.729040000000001,0.5493600000000001,8.106984,17.624090714591357,17.624090714591357,17.624090714591357,17.624090714591357,-0.002617993877991494,-0.00645771823237902,-0.007504915783575617,-79.0,7.99,53.099999999999994,2,2,100.0,4,0.04,5.0600000000000005,0.04,52.648246099999994,9.7454089,33.21,32.8,52.6482393,9.745414,-0.013089969389957472,-0.033161255787892266,4.234343298263443,-2.535,-4.88,0.015,5.058544,0.03832389,0.12829985
0 days 00:00:06.430000,0.00011792765216177902,-5.803596000000001,-0.3413880000000001,11.473776,16.407252888318354,16.407252888318354,16.407252888318354,16.407252888318354,-0.012566370614359173,0.08360127117052839,-0.007679448708775049,-79.0,7.99,57.599999999999994,2,2,100.0,4,0.04,5.005,0.02,52.648246099999994,9.7454089,33.21,32.8,52.648238899999996,9.7454137,-0.013089969389957472,-0.034033920413889425,4.234168765338243,-2.535,-4.88,0.015,5.002782,0.038028967,0.15082918
0 days 00:00:06.440000,-0.0003537829564853371,-11.611116,-0.447336,9.437220000000002,15.070068463842535,15.070068463842535,15.070068463842535,15.070068463842535,-0.02129301687433082,-0.019896753472735357,-0.006981317007977318,-75.0,7.99,62.099999999999994,2,2,100.0,4,0.035,4.89,0.01,52.648244,9.745407199999999,33.21,32.8,52.6482385,9.7454133,-0.013439035240356337,-0.03385938748868999,4.234168765338243,-2.32,-4.53,0.045,4.8875356,0.032906506,0.15600279
0 days 00:00:06.450000,-0.00011792765216177902,-9.346968000000002,0.6749280000000001,9.178236000000002,15.243902439024389,15.243902439024389,15.243902439024389,15.243902439024389,-0.015184364492350668,-0.05305800926062761,-0.0012217304763960308,-75.0,7.99,87.89999999999999,2,2,100.0,4,0.04,4.8,0.015,52.648244,9.745407199999999,33.21,32.8,52.6482381,9.745413,-0.013439035240356337,-0.033335788713091695,4.234168765338243,-2.32,-4.53,0.045,4.797833,0.038047913,0.14551495
0 days 00:00:06.460000,0.00023585530432355804,-6.35688,-0.6867000000000001,10.402524000000001,15.959296106118956,15.959296106118956,15.959296106118956,15.959296106118956,-0.008028514559173916,-0.016755160819145562,0.006632251157578452,-66.0,7.99,113.69999999999999,2,2,100.0,4,0.035,4.74,0.005,52.648244,9.745407199999999,33.21,32.8,52.648237699999996,9.7454126,-0.013613568165555772,-0.033161255787892266,4.234168765338243,-2.32,-4.53,0.045,4.73756,0.0329254,0.15262066
0 days 00:00:06.470000,-0.00011792765216177902,-7.090668,-0.482652,10.116072,15.417736414206246,15.417736414206246,15.417736414206246,15.417736414206246,-0.010122909661567111,-0.005061454830783556,0.009599310885968814,-63.0,7.99,125.85,2,2,100.0,4,0.03,4.675,-0.0,52.648244,9.745407199999999,33.21,32.8,52.6482374,9.7454123,-0.013613568165555772,-0.033161255787892266,4.234343298263443,-2.32,-4.53,0.045,4.67243,0.027887175,0.15539451
0 days 00:00:06.480000,-0.0004717106086471161,-8.311032,0.5650560000000001,8.958492000000001,14.394790329482243,14.394790329482243,14.394790329482243,14.394790329482243,-0.02129301687433082,-0.05113814708343386,0.011344640137963142,-60.0,7.99,138.0,2,2,100.0,4,0.04,4.595,0.005,52.648244,9.745407199999999,33.21,32.8,52.648236999999995,9.745412,-0.013962634015954637,-0.032637657012293965,4.234343298263443,-2.32,-4.53,0.045,4.5927157,0.03797234,0.14549041
0 days 00:00:06.490000,-0.0003537829564853371,-6.772824000000001,-0.5258160000000001,9.700128000000001,14.341302952503208,14.341302952503208,14.341302952503208,14.341302952503208,-0.0013962634015954637,-0.08237954069413235,0.015358897417550098,-60.0,7.99,108.3,2,2,100.0,4,0.025,4.535,-0.0,52.6482421,9.7454056,33.22,32.79,52.6482366,9.745411599999999,-0.013788101090755204,-0.031939525311496235,4.234692364113842,-2.145,-4.12,0.08,4.5326867,0.02300088,0.14515203
0 days 00:00:06.500000,-0.0004717106086471161,-5.827140000000001,-0.3531600000000001,8.471916,13.71951219512195,13.71951219512195,13.71951219512195,13.71951219512195,0.013264502315156903,-0.0027925268031909274,0.021118483949131385,-57.0,7.99,78.6,2,2,100.0,4,0.025,4.4750000000000005,0.015,52.6482421,9.7454056,33.22,32.79,52.6482363,9.745411299999999,-0.013613568165555772,-0.031939525311496235,4.2348668970390415,-2.145,-4.12,0.08,4.4731965,0.02325639,0.12824118
0 days 00:00:06.510000,-0.0007075659129706742,-6.847380000000001,0.380628,9.802152000000001,13.26486949080017,13.26486949080017,13.26486949080017,13.26486949080017,-0.01117010721276371,0.08569566627292158,0.012391837689159739,-57.0,7.99,78.3,2,2,100.0,4,0.025,4.41,0.01,52.6482421,9.7454056,33.22,32.79,52.648235899999996,9.745410999999999,-0.013788101090755204,-0.0328121899374934,4.235041429964241,-2.145,-4.12,0.08,4.407954,0.023140684,0.13501306
0 days 00:00:06.520000,-0.0010613488694560112,-11.607192000000001,-0.29430000000000006,9.892404,13.084349593495936,13.084349593495936,13.084349593495936,13.084349593495936,-0.013264502315156903,-0.04223696789826277,0.016406094968746697,-62.0,7.99,78.0,2,2,100.0,4,0.025,4.3,0.005,52.6482421,9.7454056,33.22,32.79,52.6482356,9.745410699999999,-0.013788101090755204,-0.0322885911618951,4.2352159628894395,-2.145,-4.12,0.08,4.2979207,0.023152567,0.1341514
0 days 00:00:06.530000,-0.000825493565132453,-8.55432,0.38847600000000004,8.954568000000002,13.304985023534446,13.304985023534446,13.304985023534446,13.304985023534446,0.010995574287564275,-0.09546951008408983,0.03769911184307752,-62.0,7.99,87.3,2,2,100.0,4,0.03,4.215,0.01,52.6482421,9.7454056,33.22,32.79,52.648235199999995,9.7454105,-0.013788101090755204,-0.031415926535897934,4.235565028739839,-2.145,-4.12,0.08,4.2132344,0.028309518,0.12280328
0 days 00:00:06.540000,-0.0004717106086471161,-3.6767880000000006,-1.1772000000000002,11.960352000000002,13.706140350877192,13.706140350877192,13.706140350877192,13.706140350877192,0.021118483949131385,0.059341194567807204,0.032637657012293965,-67.0,7.99,96.6,2,2,100.0,4,0.02,4.1850000000000005,-0.005,52.6482402,9.7454039,33.24,32.78,52.6482349,9.745410099999999,-0.013613568165555772,-0.031939525311496235,4.235914094590238,-1.935,-3.755,-0.0,4.182706,0.018110797,0.13890103
0 days 00:00:06.550000,-0.0007075659129706742,-10.33974,-1.1732760000000002,10.51632,13.71951219512195,13.71951219512195,13.71951219512195,13.71951219512195,0.02809980095710871,0.06928957130417489,0.016406094968746697,-69.0,7.99,97.19999999999999,2,2,100.0,4,0.005,4.085,-0.015,52.6482402,9.7454039,33.24,32.78,52.648234599999995,9.7454098,-0.013264502315156905,-0.032637657012293965,4.2360886275154375,-1.935,-3.755,-0.0,4.082335,0.0030325826,0.14834644
0 days 00:00:06.560000,-0.0010613488694560112,-12.466548000000001,0.6827760000000002,6.941556,13.137836970474968,13.137836970474968,13.137836970474968,13.137836970474968,0.0024434609527920616,-0.0916297857297023,0.004363323129985824,-56.0,7.99,97.8,2,2,100.0,4,0.015,3.96,0.01,52.6482402,9.7454039,33.24,32.78,52.6482343,9.7454096,-0.013264502315156905,-0.0317649923862968,4.2360886275154375,-1.935,-3.755,-0.0,3.95832,0.01346305,0.11596203
0 days 00:00:06.570000,-0.0010613488694560112,-6.211692,-0.184428,9.53532,12.783483097988876,12.783483097988876,12.783483097988876,12.783483097988876,0.012042771838760874,-0.060388392119003806,0.004886921905584123,-57.0,7.99,94.19999999999999,2,2,100.0,4,0.015,3.9,0.01,52.6482402,9.7454039,33.24,32.78,52.6482339,9.7454093,-0.013089969389957472,-0.031066860685499065,4.2360886275154375,-1.935,-3.755,-0.0,3.8984287,0.013543857,0.11133292
0 days 00:00:06.580000,-0.000825493565132453,-4.3438680000000005,-0.20404800000000003,10.453536000000001,12.602963200684638,12.602963200684638,12.602963200684638,12.602963200684638,0.011868238913561443,0.049043751981040655,0.008377580409572781,-58.0,7.99,90.6,2,2,100.0,4,0.01,3.86,-0.0,52.6482402,9.7454039,33.24,32.78,52.6482336,9.745409,-0.012915436464758038,-0.03159045946109736,4.236263160440636,-1.935,-3.755,-0.0,3.858074,0.0084245745,0.12203787
0 days 00:00:06.590000,-0.000825493565132453,-7.957872000000001,-0.49442400000000003,9.288108000000001,12.569533590072743,12.569533590072743,12.569533590072743,12.569533590072743,0.0031415926535897933,0.01832595714594046,0.0027925268031909274,-58.0,7.99,92.85,2,2,100.0,4,0.015,3.7800000000000002,-0.0,52.6482386,9.745402499999999,33.22,32.78,52.6482333,9.745408699999999,-0.012915436464758038,-0.0317649923862968,4.236263160440636,-1.77,-3.465,-0.005,3.778093,0.013448275,0.12023518
0 days 00:00:06.600000,-0.0009434212172942321,-8.071668,0.066708,8.342424000000001,11.867511767222936,11.867511767222936,11.867511767222936,11.867511767222936,-0.00890117918517108,-0.01815142422074103,-0.003316125578789226,-62.0,7.99,95.1,2,2,100.0,4,0.015,3.705,0.015,52.6482386,9.745402499999999,33.22,32.78,52.648233,9.745408399999999,-0.013089969389957472,-0.03159045946109736,4.236263160440636,-1.77,-3.465,-0.005,3.703625,0.0136631755,0.10221828
0 days 00:00:06.610000,-0.0009434212172942321,-6.541308000000001,0.7848,10.127844,11.727107402652972,11.727107402652972,11.727107402652972,11.727107402652972,-0.011519173063162576,0.027401669256310976,-0.002617993877991494,-61.0,7.99,92.85,2,2,100.0,4,0.025,3.64,0.01,52.6482386,9.745402499999999,33.22,32.78,52.648232699999994,9.7454082,-0.013264502315156905,-0.0317649923862968,4.2360886275154375,-1.77,-3.465,-0.005,3.6384814,0.023596976,0.10593249
0 days 00:00:06.620000,-0.0007075659129706742,-8.369892000000002,-0.015696,11.159856,11.88756953359007,11.88756953359007,11.88756953359007,11.88756953359007,-0.0010471975511965976,0.06021385919380437,-0.0012217304763960308,-57.0,7.99,90.6,2,2,100.0,4,0.025,3.56,-0.005,52.6482386,9.745402499999999,33.22,32.78,52.6482325,9.745408,-0.013264502315156905,-0.03246312408709453,4.2360886275154375,-1.77,-3.465,-0.005,3.5579617,0.023398867,0.120866776
0 days 00:00:06.630000,-0.0005896382608088951,-11.010744,-0.3413880000000001,8.80938,11.727107402652972,11.727107402652972,11.727107402652972,11.727107402652972,-0.005934119456780722,-0.0024434609527920616,-0.0008726646259971648,-56.0,7.99,87.44999999999999,2,2,100.0,4,0.025,3.455,-0.0,52.6482386,9.745402499999999,33.22,32.78,52.648232199999995,9.7454077,-0.013264502315156905,-0.03246312408709453,4.2360886275154375,-1.77,-3.465,-0.005,3.4531794,0.023510357,0.112462126
0 days 00:00:06.640000,-0.0007075659129706742,-8.836848000000002,0.12164400000000002,8.71128,11.493100128369704,11.493100128369704,11.493100128369704,11.493100128369704,-0.010471975511965976,-0.015184364492350668,-0.004537856055185257,-50.0,7.99,84.3,2,2,100.0,4,0.025,3.37,0.01,52.648237099999996,9.7454013,33.22,32.77,52.6482319,9.7454074,-0.013264502315156905,-0.0322885911618951,4.2360886275154375,-1.6300000000000001,-3.1550000000000002,-0.035,3.368566,0.023687322,0.09912177
0 days 00:00:06.650000,-0.0005896382608088951,-7.2907920000000015,-0.074556,10.068984,10.757648694908001,10.757648694908001,10.757648694908001,10.757648694908001,-0.011344640137963142,0.032463124087094536,-0.006108652381980153,-46.0,7.99,91.35,1,2,100.0,4,0.025,3.3000000000000003,0.005,52.648237099999996,9.7454013,33.22,32.77,52.648231599999995,9.745407199999999,-0.013439035240356337,-0.032637657012293965,4.2360886275154375,-1.6300000000000001,-3.1550000000000002,-0.035,3.2984056,0.02361776,0.1030145
0 days 00:00:06.660000,-0.0004717106086471161,-8.813304,-0.26290800000000003,9.990504,10.630616174582798,10.630616174582798,10.630616174582798,10.630616174582798,-0.00471238898038469,0.0158824961931484,-0.006108652381980153,-45.0,7.99,98.4,1,2,100.0,4,0.02,3.215,-0.0,52.648237099999996,9.7454013,33.22,32.77,52.6482314,9.745407,-0.013439035240356337,-0.0328121899374934,4.235914094590238,-1.6300000000000001,-3.1550000000000002,-0.035,3.2132692,0.01858079,0.10573151
0 days 00:00:06.670000,-0.0003537829564853371,-8.385588,-0.5493600000000001,8.832924000000002,10.516955498502353,10.516955498502353,10.516955498502353,10.516955498502353,-0.009599310885968814,-0.005585053606381855,-0.007155849933176751,-41.0,7.99,98.4,1,2,100.0,4,0.02,3.1350000000000002,0.01,52.648237099999996,9.7454013,33.22,32.77,52.6482311,9.7454068,-0.013613568165555772,-0.032637657012293965,4.235914094590238,-1.6300000000000001,-3.1550000000000002,-0.035,3.1336567,0.018741567,0.092569925
0 days 00:00:06.680000,-0.0003537829564853371,-7.074972000000001,-0.153036,9.138996,10.115800171159606,10.115800171159606,10.115800171159606,10.115800171159606,-0.01361356816555577,0.031241393610698498,-0.011693705988362009,-37.0,7.99,98.4,1,2,100.0,4,0.02,3.065,0.01,52.648237099999996,9.7454013,33.22,32.77,52.648230899999994,9.745406599999999,-0.013788101090755204,-0.03298672286269283,4.235739561665039,-1.6300000000000001,-3.1550000000000002,-0.035,3.0636623,0.01874216,0.0913585
0 days 00:00:06.690000,-0.00023585530432355804,-7.8833160000000015,0.011772000000000001,10.233792000000001,10.008825417201539,10.008825417201539,10.008825417201539,10.008825417201539,-0.010471975511965976,0.0317649923862968,-0.011693705988362009,-19.0,7.99,97.5,1,2,100.0,4,0.02,2.99,-0.0,52.648235799999995,9.7454001,33.230000000000004,32.76,52.6482306,9.745406299999999,-0.013788101090755204,-0.033335788713091695,4.235739561665039,-1.43,-2.82,0.04,2.988339,0.01862408,0.09992183
0 days 00:00:06.700000,-0.00023585530432355804,-8.801532,-0.6513840000000001,9.79038,9.814933675652545,9.814933675652545,9.814933675652545,9.814933675652545,-0.0054105206811824215,0.0022689280275926286,-0.009075712110370514,-12.0,7.99,96.6,1,2,100.0,4,0.015,2.9050000000000002,-0.0,52.648235799999995,9.7454001,33.230000000000004,32.76,52.648230399999996,9.7454061,-0.013788101090755204,-0.033335788713091695,4.235565028739839,-1.43,-2.82,0.04,2.903386,0.013663617,0.09702014
0 days 00:00:06.710000,-0.00023585530432355804,-8.095212,-0.317844,9.65304,9.40040650406504,9.40040650406504,9.40040650406504,9.40040650406504,-0.0036651914291880917,0.007504915783575617,-0.010821041362364843,-10.0,7.99,92.85,1,1,100.0,4,0.015,2.83,-0.005,52.648235799999995,9.7454001,33.230000000000004,32.76,52.6482302,9.7454059,-0.013962634015954637,-0.033510321638291124,4.235565028739839,-1.43,-2.82,0.04,2.8282435,0.013604921,0.10001337
0 days 00:00:06.720000,-0.00011792765216177902,-8.734824000000001,-0.20012400000000002,9.527472000000001,9.17977107402653,9.17977107402653,9.17977107402653,9.17977107402653,0.002967059728390361,0.01815142422074103,-0.011868238913561443,-10.0,7.99,89.1,1,1,100.0,4,0.015,2.745,-0.005,52.648235799999995,9.7454001,33.230000000000004,32.76,52.64823,9.7454057,-0.013962634015954637,-0.03368485456349056,4.23539049581464,-1.43,-2.82,0.04,2.7432745,0.013637999,0.09764454
0 days 00:00:06.730000,-0.00011792765216177902,-9.135072000000001,-0.153036,9.248868000000002,9.052738553701326,9.052738553701326,9.052738553701326,9.052738553701326,0.00645771823237902,0.0005235987755982988,-0.013439035240356337,-10.0,7.99,92.85,1,1,100.0,4,0.015,2.6550000000000002,-0.0,52.648235799999995,9.7454001,33.230000000000004,32.76,52.648229699999995,9.7454055,-0.013788101090755204,-0.03368485456349056,4.2352159628894395,-1.43,-2.82,0.04,2.653494,0.013765731,0.08961469
0 days 00:00:06.740000,-0.00011792765216177902,-8.49546,0.015696,9.547092000000001,8.95244972186564,8.95244972186564,8.95244972186564,8.95244972186564,0.008028514559173916,0.004014257279586958,-0.012391837689159739,-12.0,7.99,96.6,1,1,100.0,4,0.015,2.575,0.01,52.6482344,9.7453989,33.25,32.76,52.6482295,9.7454053,-0.013788101090755204,-0.033510321638291124,4.235041429964241,-1.27,-2.485,-0.135,2.5738895,0.013946871,0.07647811
0 days 00:00:06.750000,-0.00011792765216177902,-8.80938,-0.17265600000000003,9.229248000000002,8.765243902439025,8.765243902439025,8.765243902439025,8.765243902439025,0.00942477796076938,0.006108652381980153,-0.01117010721276371,-12.0,7.99,96.3,1,1,100.0,4,0.015,2.49,0.015,52.6482344,9.7453989,33.25,32.76,52.6482293,9.7454051,-0.013613568165555772,-0.03368485456349056,4.235041429964241,-1.27,-2.485,-0.135,2.4890928,0.0140611,0.06906575
0 days 00:00:06.760000,-0.00011792765216177902,-8.899632,0.23936400000000002,9.295956,7.916131792896875,7.916131792896875,7.916131792896875,7.916131792896875,0.010471975511965976,0.008203047484373348,-0.008552113334772213,-12.0,7.99,96.0,1,1,100.0,4,0.015,2.4050000000000002,0.015,52.6482344,9.7453989,33.25,32.76,52.648229099999995,9.745405,-0.013613568165555772,-0.03368485456349056,4.2348668970390415,-1.27,-2.485,-0.135,2.404141,0.01410007,0.06620334
0 days 00:00:06.770000,-0.00011792765216177902,-8.876088000000001,0.180504,9.660888,7.668752674368848,7.668752674368848,7.668752674368848,7.668752674368848,0.008203047484373348,0.022514747350726852,-0.005585053606381855,-12.0,7.99,95.85,1,1,100.0,4,0.02,2.32,0.015,52.6482344,9.7453989,33.25,32.76,52.648229,9.7454048,-0.013439035240356337,-0.034033920413889425,4.2348668970390415,-1.27,-2.485,-0.135,2.319167,0.019138763,0.06421513
0 days 00:00:06.780000,-0.00011792765216177902,-9.276336,-0.15696000000000002,9.707976,7.615265297389817,7.615265297389817,7.615265297389817,7.615265297389817,0.010995574287564275,0.0017453292519943296,-0.0038397243543875246,-12.0,7.99,95.69999999999999,1,1,100.0,4,0.02,2.23,0.01,52.6482344,9.7453989,33.25,32.76,52.6482288,9.745404599999999,-0.013439035240356337,-0.034033920413889425,4.2348668970390415,-1.27,-2.485,-0.135,2.2290487,0.019112764,0.0661496
0 days 00:00:06.790000,-0.00011792765216177902,-8.515080000000001,-0.20404800000000003,9.315576,7.521662387676509,7.521662387676509,7.521662387676509,7.521662387676509,0.008377580409572781,-0.003316125578789226,-0.007330382858376183,-12.0,7.99,96.29999999999998,1,1,100.0,4,0.015,2.15,0.02,52.648233399999995,9.745398,33.24,32.75,52.648228599999996,9.7454044,-0.013264502315156905,-0.03385938748868999,4.234692364113842,-1.085,-2.105,-0.1,2.1494448,0.014298398,0.052989557
0 days 00:00:06.800000,-0.00023585530432355804,-8.016732000000001,-0.125568,9.609876,7.140564826700899,7.140564826700899,7.140564826700899,7.140564826700899,0.008552113334772213,0.0036651914291880917,-0.012217304763960306,-12.0,7.99,96.89999999999999,1,1,100.0,4,0.015,2.075,0.02,52.648233399999995,9.745398,33.24,32.75,52.6482284,9.745404299999999,-0.013089969389957472,-0.034033920413889425,4.234692364113842,-1.085,-2.105,-0.1,2.0744789,0.014336141,0.050810345
0 days 00:00:06.810000,-0.00023585530432355804,-8.052048000000001,0.49834800000000007,10.300500000000001,6.766153187847668,6.766153187847668,6.766153187847668,6.766153187847668,0.013439035240356337,0.0020943951023931952,-0.008377580409572781,-12.0,7.99,100.35,1,1,100.0,4,0.025,1.995,0.01,52.648233399999995,9.745398,33.24,32.75,52.6482283,9.7454042,-0.013089969389957472,-0.034033920413889425,4.234517831188642,-1.085,-2.105,-0.1,1.9941849,0.024240099,0.058212638
0 days 00:00:06.820000,-0.00023585530432355804,-8.519004,-0.3924,9.817848000000001,6.712665810868634,6.712665810868634,6.712665810868634,6.712665810868634,0.0017453292519943296,0.012042771838760874,-0.007853981633974483,-12.0,7.99,103.79999999999998,1,1,100.0,4,0.02,1.915,0.01,52.648233399999995,9.745398,33.24,32.75,52.6482281,9.745403999999999,-0.013089969389957472,-0.034033920413889425,4.234517831188642,-1.085,-2.105,-0.1,1.9142312,0.019276159,0.055425234
0 days 00:00:06.830000,-0.0003537829564853371,-9.660888,-0.43556400000000006,9.099756000000001,6.3181964056482665,6.3181964056482665,6.3181964056482665,6.3181964056482665,0.002617993877991494,-0.016057029118347832,-0.009773843811168246,-9.0,7.99,103.49999999999999,1,1,100.0,4,0.015,1.82,0.015,52.6482326,9.745397299999999,33.24,32.75,52.648227999999996,9.7454038,-0.012915436464758038,-0.03385938748868999,4.234343298263443,-0.895,-1.675,-0.01,1.8194647,0.014396637,0.046810746
0 days 00:00:06.840000,-0.0003537829564853371,-8.526852000000002,0.40809600000000007,9.492156000000001,5.903669234060761,5.903669234060761,5.903669234060761,5.903669234060761,-0.008726646259971648,0.035953782591083186,-0.01117010721276371,-9.0,7.99,103.19999999999999,1,1,100.0,4,0.02,1.74,0.015,52.6482326,9.745397299999999,33.24,32.75,52.6482278,9.745403699999999,-0.013089969389957472,-0.03438298626428829,4.234343298263443,-0.895,-1.675,-0.01,1.7394873,0.019411566,0.045081437
0 days 00:00:06.850000,-0.0003537829564853371,-9.79038,0.11772,9.896328000000002,5.395539152759949,5.395539152759949,5.395539152759949,5.395539152759949,-0.008726646259971648,-0.009250245035569947,-0.005235987755982988,-9.0,7.99,103.05,1,1,100.0,4,0.025,1.645,0.01,52.6482326,9.745397299999999,33.24,32.74,52.6482277,9.7454036,-0.013089969389957472,-0.03420845333908886,4.234168765338243,-0.895,-1.675,-0.01,1.6443795,0.024392232,0.046591062
0 days 00:00:06.860000,-0.0004717106086471161,-6.666876,-0.3296160000000001,10.1043,5.395539152759949,5.395539152759949,5.395539152759949,5.395539152759949,-0.01361356816555577,-0.039968039870670144,-0.003490658503988659,-9.0,7.99,102.9,1,1,100.0,4,0.02,1.58,0.005,52.6482326,9.745397299999999,33.24,32.74,52.6482276,9.7454035,-0.013264502315156905,-0.03385938748868999,4.234168765338243,-0.895,-1.675,-0.01,1.5792637,0.019355057,0.048751492
0 days 00:00:06.870000,-0.0007075659129706742,-4.763736000000001,-0.258984,10.229868,4.145271715875054,4.145271715875054,4.145271715875054,4.145271715875054,-0.02129301687433082,0.03228859116189509,-0.005934119456780722,-9.0,7.99,104.85,1,1,100.0,4,0.02,1.5350000000000001,-0.0,52.6482326,9.745397299999999,33.24,32.74,52.648227399999996,9.745403399999999,-0.013439035240356337,-0.03420845333908886,4.234168765338243,-0.895,-1.675,-0.01,1.5341018,0.01929267,0.052763768
0 days 00:00:06.880000,-0.0007075659129706742,-7.651800000000001,-0.38847600000000004,10.269108,3.2293003851091147,3.2293003851091147,3.2293003851091147,3.2293003851091147,-0.030194196059501903,0.04834562028024293,-0.010297442586766544,-9.0,7.99,106.79999999999998,1,1,100.0,4,0.02,1.465,-0.01,52.6482326,9.745397299999999,33.24,32.74,52.648227299999995,9.7454033,-0.013788101090755204,-0.034557519189487726,4.233994232413044,-0.895,-1.675,-0.01,1.4637799,0.019162418,0.06088071
0 days 00:00:06.890000,-0.0007075659129706742,-10.543788000000001,0.5375880000000001,9.629496000000001,2.640939238339752,2.640939238339752,2.640939238339752,2.640939238339752,-0.021642082724729686,0.005061454830783556,-0.005759586531581288,-9.0,7.99,103.19999999999999,1,1,100.0,4,0.025,1.36,-0.015,52.6482319,9.745396699999999,33.25,32.74,52.6482272,9.745403099999999,-0.013962634015954637,-0.034732052114687155,4.233994232413044,-0.6900000000000001,-1.33,0.05,1.358659,0.024128877,0.062560044
0 days 00:00:06.900000,-0.0005896382608088951,-8.57394,-0.180504,9.323424000000001,2.246469833119384,2.246469833119384,2.246469833119384,2.246469833119384,-0.02495820830351891,-0.017976891295541593,-0.003316125578789226,-8.0,7.99,99.6,1,1,100.0,4,0.02,1.28,-0.015,52.6482319,9.745396699999999,33.25,32.74,52.6482271,9.745403,-0.014137166941154071,-0.03438298626428829,4.233994232413044,-0.6900000000000001,-1.33,0.05,1.2787278,0.019164039,0.05926953
0 days 00:00:06.910000,-0.0007075659129706742,-6.933708,-0.11379600000000001,9.099756000000001,2.246469833119384,2.246469833119384,2.246469833119384,2.246469833119384,-0.02600540585471551,-0.009075712110370514,-0.0027925268031909274,-8.0,7.99,97.94999999999999,1,1,100.0,4,0.025,1.21,-0.01,52.6482319,9.745396699999999,33.25,32.74,52.648227,9.745403,-0.014486232791552936,-0.03438298626428829,4.233994232413044,-0.6900000000000001,-1.33,0.05,1.2089411,0.024250068,0.051946044
0 days 00:00:06.920000,-0.0005896382608088951,-5.560308000000001,0.04316400000000001,9.523548,2.079321780059906,2.079321780059906,2.079321780059906,2.079321780059906,-0.024783675378319478,-0.04136430327226561,0.003490658503988659,-8.0,7.99,96.3,1,1,100.0,4,0.025,1.16,-0.01,52.6482319,9.745396699999999,33.25,32.74,52.6482269,9.7454029,-0.014660765716752368,-0.034033920413889425,4.233994232413044,-0.6900000000000001,-1.33,0.05,1.158988,0.02427213,0.04982712
0 days 00:00:06.930000,-0.0007075659129706742,-4.084884,-0.7730280000000002,10.586952000000002,2.079321780059906,2.079321780059906,2.079321780059906,2.079321780059906,-0.0158824961931484,0.005759586531581288,0.007679448708775049,-8.0,7.99,93.3,1,1,100.0,4,0.02,1.12,-0.015,52.6482319,9.745396699999999,33.25,32.74,52.648226799999996,9.745402799999999,-0.014835298641951801,-0.034033920413889425,4.234168765338243,-0.6900000000000001,-1.33,0.05,1.1188409,0.019210044,0.053392794
0 days 00:00:06.940000,-0.000825493565132453,-7.078896,-0.47872800000000004,9.021276000000002,3.7976037655113397,3.7976037655113397,3.7976037655113397,3.7976037655113397,-0.023038346126325153,0.04921828490624009,0.004886921905584123,-7.0,7.99,90.3,1,1,100.0,4,0.015,1.055,-0.01,52.6482314,9.7453969,33.14,32.730000000000004,52.648226699999995,9.7454027,-0.015184364492350668,-0.034557519189487726,4.234168765338243,-0.485,-1.06,0.15,1.0540246,0.014293061,0.04666736
0 days 00:00:06.950000,-0.000825493565132453,-9.044820000000001,0.08240400000000002,8.420904,3.7976037655113397,3.7976037655113397,3.7976037655113397,3.7976037655113397,-0.020245819323134222,-0.012042771838760874,0.0006981317007977319,-7.0,7.99,88.19999999999999,1,1,100.0,4,0.015,0.965,-0.0,52.6482314,9.7453969,33.14,32.730000000000004,52.648226699999995,9.7454026,-0.0153588974175501,-0.03438298626428829,4.234168765338243,-0.485,-1.06,0.15,0.9644296,0.014488749,0.03339951
0 days 00:00:06.960000,-0.000825493565132453,-7.1887680000000005,-0.769104,10.068984,3.87114890885751,3.87114890885751,3.87114890885751,3.87114890885751,-0.013439035240356337,-0.017278759594743863,0.007330382858376183,-7.0,7.99,86.1,1,1,100.0,4,0.01,0.9,-0.005,52.6482314,9.7453969,33.14,32.730000000000004,52.6482266,9.745402499999999,-0.0153588974175501,-0.03420845333908886,4.234168765338243,-0.485,-1.06,0.15,0.8993024,0.009449321,0.03592804
0 days 00:00:06.970000,-0.0009434212172942321,-7.016112000000001,-0.361008,8.632800000000001,3.87114890885751,3.87114890885751,3.87114890885751,3.87114890885751,-0.008377580409572781,-0.0015707963267948967,0.00645771823237902,-7.0,7.99,84.0,1,1,100.0,4,0.01,0.8300000000000001,0.005,52.6482314,9.7453969,33.14,32.730000000000004,52.6482265,9.745402499999999,-0.015533430342749533,-0.03420845333908886,4.234343298263443,-0.485,-1.06,0.15,0.8296854,0.0096354745,0.023542909
0 days 00:00:06.980000,-0.0010613488694560112,-7.208388,-0.08632800000000002,9.464688,3.449935815147625,3.449935815147625,3.449935815147625,3.449935815147625,-0.019198621771937627,0.017627825445142728,-0.0019198621771937623,-7.0,7.99,81.89999999999999,1,1,100.0,4,0.01,0.765,0.005,52.6482314,9.7453969,33.14,32.730000000000004,52.6482264,9.7454024,-0.015707963267948967,-0.03438298626428829,4.234343298263443,-0.485,-1.06,0.15,0.7647197,0.009664188,0.021455202
0 days 00:00:06.990000,-0.0010613488694560112,-8.777988,0.12164400000000002,8.57394,2.9484916559691907,2.9484916559691907,2.9484916559691907,2.9484916559691907,-0.004363323129985824,-0.056548667764616284,0.0008726646259971648,-7.0,7.99,86.54999999999998,1,1,100.0,4,0.01,0.68,0.015,52.648230999999996,9.7453966,33.13,32.730000000000004,52.6482264,9.7454023,-0.015707963267948967,-0.03385938748868999,4.234343298263443,-0.305,-0.735,0.15,0.680118,0.009872658,0.008184665
0 days 00:00:07,-0.0010613488694560112,-5.371956,0.10987200000000001,8.911404000000001,2.9484916559691907,2.9484916559691907,2.9484916559691907,2.9484916559691907,-0.0024434609527920616,-0.05445427266222308,0.011868238913561443,-7.0,7.99,91.19999999999999,1,1,100.0,4,0.015,0.625,0.02,52.648230999999996,9.7453966,33.13,32.730000000000004,52.6482263,9.7454023,-0.015707963267948967,-0.033335788713091695,4.234343298263443,-0.305,-0.735,0.15,0.62531936,0.014984922,0.0010776289
0 days 00:00:07.010000,-0.0009434212172942321,-4.422348,-0.74556,11.046060000000002,2.721170303808301,2.721170303808301,2.721170303808301,2.721170303808301,0.012042771838760874,0.04520402762665313,0.018675022996339326,-7.0,7.99,89.85,1,1,100.0,4,0.01,0.585,0.01,52.648230999999996,9.7453966,33.13,32.730000000000004,52.6482263,9.7454022,-0.015707963267948967,-0.03368485456349056,4.234517831188642,-0.305,-0.735,0.15,0.5850049,0.009846286,0.009863461
0 days 00:00:07.020000,-0.0011792765216177901,-8.754444000000001,-0.612144,9.221400000000001,2.306643132220796,2.306643132220796,2.306643132220796,2.306643132220796,0.0015707963267948967,0.014835298641951801,0.014835298641951801,-7.0,7.99,88.5,1,1,100.0,4,0.005,0.505,0.01,52.648230999999996,9.7453966,33.13,32.730000000000004,52.6482263,9.7454022,-0.015533430342749533,-0.03385938748868999,4.234692364113842,-0.305,-0.735,0.15,0.5050491,0.004889091,0.007178263
0 days 00:00:07.030000,-0.0012972041737795694,-9.37836,-0.28645200000000004,7.4634480000000005,2.306643132220796,2.306643132220796,2.306643132220796,2.306643132220796,0.003490658503988659,-0.08080874436733745,0.01291543646475804,-6.0,7.99,85.5,1,1,100.0,4,0.0,0.41000000000000003,0.03,52.648230999999996,9.7453966,33.13,32.730000000000004,52.648226199999996,9.7454022,-0.015533430342749533,-0.033161255787892266,4.2348668970390415,-0.305,-0.735,0.15,0.41076922,0.00025458084,-0.016387904
0 days 00:00:07.040000,-0.0012972041737795694,-4.830444,-0.278604,8.86824,2.306643132220796,2.306643132220796,2.306643132220796,2.306643132220796,-0.0006981317007977319,-0.016929693744344998,0.010122909661567111,-6.0,7.99,82.5,1,1,100.0,4,0.0,0.365,0.04,52.6482308,9.7453963,33.13,32.72,52.648226199999996,9.7454021,-0.015533430342749533,-0.03298672286269283,4.235041429964241,-0.19,-0.385,0.05,0.36612067,0.00043399076,-0.027936898
0 days 00:00:07.050000,-0.0011792765216177901,-6.372576000000001,-0.694548,10.845936000000002,2.299957210098417,2.299957210098417,2.299957210098417,2.299957210098417,0.009773843811168246,0.0466002910282486,0.007853981633974483,-5.0,7.99,82.35000000000001,1,1,100.0,4,-0.005,0.305,0.025,52.6482308,9.7453963,33.13,32.72,52.648226199999996,9.7454021,-0.015533430342749533,-0.033335788713091695,4.235041429964241,-0.19,-0.385,0.05,0.3056638,-0.0047691916,-0.014896453
0 days 00:00:07.060000,-0.0012972041737795694,-9.978732,-0.180504,8.817228,1.9857188703465984,1.9857188703465984,1.9857188703465984,1.9857188703465984,0.004363323129985824,-0.022165681500327987,0.0041887902047863905,-1.0,7.99,82.2,1,1,100.0,4,-0.005,0.21,0.035,52.6482308,9.7453963,33.13,32.72,52.648226199999996,9.7454021,-0.0153588974175501,-0.033161255787892266,4.235041429964241,-0.19,-0.385,0.05,0.21104497,-0.004569099,-0.028091656
0 days 00:00:07.070000,-0.0012972041737795694,-8.083440000000001,-0.34531200000000006,8.452296,1.7450256739409498,1.7450256739409498,1.7450256739409498,1.7450256739409498,0.0027925268031909274,-0.052534410485029326,0.0015707963267948967,-1.0,7.99,83.4,1,1,100.0,4,-0.01,0.13,0.045,52.6482308,9.7453963,33.13,32.72,52.648226099999995,9.745402,-0.0153588974175501,-0.032637657012293965,4.235041429964241,-0.19,-0.385,0.05,0.1313992,-0.009373217,-0.040882673
0 days 00:00:07.080000,-0.0012972041737795694,-5.768280000000001,-0.015696,10.045440000000001,1.5645057766367136,1.5645057766367136,1.5645057766367136,1.5645057766367136,0.0019198621771937623,0.010995574287564275,0.00017453292519943296,-1.0,7.99,84.6,1,1,100.0,4,-0.005,0.075,0.04,52.6482308,9.7453963,33.13,32.72,52.648226099999995,9.745402,-0.0153588974175501,-0.0328121899374934,4.235041429964241,-0.19,-0.385,0.05,0.07627188,-0.004423198,-0.037590362
0 days 00:00:07.090000,-0.0012972041737795694,-8.263944,-0.29430000000000006,9.629496000000001,1.404043645699615,1.404043645699615,1.404043645699615,1.404043645699615,0.005585053606381855,0.0006981317007977319,0.0012217304763960308,-1.0,7.99,88.19999999999999,1,1,100.0,4,-0.01,-0.005,0.04,52.6482307,9.7453962,33.13,32.71,52.648226099999995,9.745402,-0.0153588974175501,-0.0328121899374934,4.235041429964241,-0.08,-0.1,-0.095,-0.0036850562,-0.009382299,-0.040291347
0 days 00:00:07.100000,-0.0012972041737795694,-8.464068000000001,-0.184428,9.044820000000001,1.2836970474967906,1.2836970474967906,1.2836970474967906,1.2836970474967906,0.005235987755982988,-0.025132741228718346,0.00017453292519943296,-1.0,13.09,91.8,1,1,100.0,4,-0.01,-0.085,0.045,52.6482307,9.7453962,33.13,32.71,52.648226099999995,9.745402,-0.015184364492350668,-0.03246312408709453,4.2352159628894395,-0.08,-0.1,-0.095,-0.08349463,-0.009274047,-0.047881506
0 days 00:00:07.110000,-0.0012972041737795694,-6.800292000000001,0.05886,9.272412000000001,1.176722293538725,1.176722293538725,1.176722293538725,1.176722293538725,-0.0015707963267948967,-0.014835298641951801,-0.0022689280275926286,-1.0,13.09,90.3,1,1,100.0,4,-0.005,-0.15,0.045,52.6482307,9.7453962,33.13,32.71,52.648226099999995,9.745402,-0.0153588974175501,-0.0322885911618951,4.235041429964241,-0.08,-0.1,-0.095,-0.14846909,-0.0042342753,-0.049889907
0 days 00:00:07.120000,-0.0012972041737795694,-6.384348000000001,-0.18835200000000002,10.178856000000001,1.0831193838254172,1.0831193838254172,1.0831193838254172,1.0831193838254172,0.0038397243543875246,-0.008377580409572781,-0.0010471975511965976,-1.0,13.09,88.8,1,1,100.0,4,-0.005,-0.21,0.04,52.6482307,9.7453962,33.13,32.71,52.648226199999996,9.745402,-0.015184364492350668,-0.0322885911618951,4.235041429964241,-0.08,-0.1,-0.095,-0.20859921,-0.0042894515,-0.046829104
0 days 00:00:07.130000,-0.0012972041737795694,-5.9684040000000005,-0.28252800000000006,10.010124000000001,1.0028883183568678,1.0028883183568678,1.0028883183568678,1.0028883183568678,0.00471238898038469,-0.0291469985083053,-0.0019198621771937623,-1.0,13.09,90.15,1,1,100.0,4,-0.01,-0.265,0.04,52.6482307,9.7453962,33.13,32.71,52.648226199999996,9.745402,-0.015184364492350668,-0.031939525311496235,4.235041429964241,-0.08,-0.1,-0.095,-0.26358747,-0.009263312,-0.048588388
0 days 00:00:07.140000,-0.0012972041737795694,-4.591080000000001,-0.258984,9.884556000000002,0.9427150192554556,0.9427150192554556,0.9427150192554556,0.9427150192554556,0.0,-0.049567350756638956,-0.0036651914291880917,-1.0,13.09,91.5,1,1,100.0,4,-0.01,-0.31,0.035,52.648231499999994,9.7453959,33.1,32.7,52.648226199999996,9.745402,-0.015184364492350668,-0.031415926535897934,4.235041429964241,0.055,0.195,-0.075,-0.30874765,-0.009319827,-0.04486675
0 days 00:00:07.150000,-0.0012972041737795694,-3.0411,-0.090252,10.33974,0.8758557980316645,0.8758557980316645,0.8758557980316645,0.8758557980316645,-0.0005235987755982988,-0.05375614096142535,-0.003490658503988659,-1.0,13.09,90.9,1,1,100.0,4,-0.01,-0.335,0.03,52.648231499999994,9.7453959,33.1,32.7,52.6482263,9.745402,-0.015184364492350668,-0.030892327760299633,4.235041429964241,0.055,0.195,-0.075,-0.33391356,-0.009386441,-0.04048016
0 days 00:00:07.160000,-0.0012972041737795694,-2.232756,-0.08632800000000002,10.75176,0.8357402652973899,0.8357402652973899,0.8357402652973899,0.8357402652973899,0.0,-0.05113814708343386,-0.0031415926535897933,0.0,13.09,90.3,1,1,100.0,4,-0.01,-0.355,0.02,52.648231499999994,9.7453959,33.1,32.7,52.6482263,9.745402,-0.015184364492350668,-0.030368728984701335,4.235041429964241,0.055,0.195,-0.075,-0.354229,-0.009531641,-0.03091831
0 days 00:00:07.170000,-0.0012972041737795694,-1.6166880000000001,-0.34531200000000006,10.610496000000001,0.7822528883183568,0.7822528883183568,0.7822528883183568,0.7822528883183568,0.0005235987755982988,-0.06265732014659643,-0.003490658503988659,0.0,13.09,91.5,1,1,100.0,4,-0.01,-0.37,0.01,52.648231499999994,9.7453959,33.1,32.7,52.6482263,9.745402,-0.015184364492350668,-0.029845130209103034,4.235041429964241,0.055,0.195,-0.075,-0.36953682,-0.009679432,-0.021186018
0 days 00:00:07.180000,-0.0012972041737795694,-0.56898,-0.015696,10.343664,0.7421373555840822,0.7421373555840822,0.7421373555840822,0.7421373555840822,-0.0019198621771937623,-0.07295476273336296,-0.0027925268031909274,0.0,13.09,92.69999999999999,1,1,100.0,4,-0.01,-0.37,0.005,52.648231499999994,9.7453959,33.1,32.7,52.6482263,9.7454021,-0.015184364492350668,-0.0291469985083053,4.235041429964241,0.055,0.195,-0.075,-0.36969715,-0.009759235,-0.015930759
0 days 00:00:07.190000,-0.0012972041737795694,0.835812,-0.28645200000000004,11.575800000000003,0.7087077449721865,0.7087077449721865,0.7087077449721865,0.7087077449721865,-0.00034906585039886593,-0.04642575810304917,-0.004886921905584123,1.0,13.09,93.14999999999999,1,1,100.0,4,-0.01,-0.36,-0.01,52.648231599999995,9.745396099999999,33.11,32.69,52.6482264,9.745402,-0.015184364492350668,-0.028623399732707007,4.2348668970390415,0.225,0.495,-0.055,-0.36013874,-0.009994184,-0.00045891682
0 days 00:00:07.200000,-0.0012972041737795694,-0.062784,0.019620000000000002,10.920492,0.6685922122379118,0.6685922122379118,0.6685922122379118,0.6685922122379118,0.0,-0.06789330790257941,-0.0013962634015954637,2.0,13.09,93.6,1,1,100.0,4,-0.005,-0.355,-0.025,52.648231599999995,9.745396099999999,33.11,32.69,52.6482264,9.745402,-0.015184364492350668,-0.027925268031909273,4.2348668970390415,0.225,0.495,-0.055,-0.35555962,-0.005228366,0.015000416
0 days 00:00:07.210000,-0.0012972041737795694,1.224288,-0.15696000000000002,10.739988,0.6418485237483953,0.6418485237483953,0.6418485237483953,0.6418485237483953,0.00034906585039886593,-0.09791297103688189,0.0019198621771937623,2.0,13.09,91.5,1,1,100.0,4,-0.005,-0.34,-0.03,52.648231599999995,9.745396099999999,33.11,32.69,52.6482264,9.7454021,-0.015184364492350668,-0.027052603405912107,4.2348668970390415,0.225,0.495,-0.055,-0.34068707,-0.0053151287,0.020713942
0 days 00:00:07.220000,-0.0014151318259413483,4.0260240000000005,0.003924,11.214792000000001,0.6217907573812581,0.6217907573812581,0.6217907573812581,0.6217907573812581,0.004014257279586958,-0.055326937288220246,-0.005585053606381855,3.0,13.09,89.39999999999999,1,1,100.0,4,-0.005,-0.3,-0.045,52.648231599999995,9.745396099999999,33.11,32.69,52.6482265,9.7454021,-0.015184364492350668,-0.026354471705114377,4.2348668970390415,0.225,0.495,-0.055,-0.30108163,-0.0055624223,0.036998756
0 days 00:00:07.230000,-0.0014151318259413483,2.1032640000000002,-0.24721200000000002,12.136932000000002,0.5883611467693625,0.5883611467693625,0.5883611467693625,0.5883611467693625,0.009075712110370514,-0.03159045946109736,-0.007504915783575617,3.0,13.09,86.1,1,1,100.0,4,-0.005,-0.275,-0.07,52.6482318,9.7453963,33.11,32.69,52.6482265,9.7454021,-0.015009831567151233,-0.026179938779914945,4.2348668970390415,0.31,0.59,0.015,-0.27673817,-0.005941679,0.062695235
0 days 00:00:07.240000,-0.0014151318259413483,0.027468000000000003,0.23544,10.025820000000001,0.5683033804022251,0.5683033804022251,0.5683033804022251,0.5683033804022251,0.009599310885968814,-0.10367255756846318,-0.005235987755982988,3.0,13.09,82.8,1,1,100.0,4,0.0,-0.27,-0.07,52.6482318,9.7453963,33.11,32.69,52.6482265,9.7454021,-0.015009831567151233,-0.025132741228718343,4.2348668970390415,0.31,0.59,0.015,-0.27167386,-0.00094847725,0.063185655
0 days 00:00:07.250000,-0.0014151318259413483,3.229452,-0.023544000000000002,10.720368,0.5482456140350878,0.5482456140350878,0.5482456140350878,0.5482456140350878,0.01658062789394613,-0.07714355293814937,-0.003316125578789226,2.0,13.09,80.25,1,1,100.0,4,0.0,-0.23500000000000001,-0.08,52.6482318,9.7453963,33.11,32.69,52.6482266,9.7454021,-0.014835298641951801,-0.024260076602721184,4.234692364113842,0.31,0.59,0.015,-0.23687147,-0.0011018647,0.07426773
0 days 00:00:07.260000,-0.0014151318259413483,2.8605960000000006,-0.8161920000000001,12.874644,0.5281878476679503,0.5281878476679503,0.5281878476679503,0.5281878476679503,0.039968039870670144,-0.04799655442984406,0.0013962634015954637,2.0,13.09,77.7,1,1,100.0,4,-0.005,-0.20500000000000002,-0.11,52.6482318,9.7453963,33.11,32.69,52.6482266,9.7454021,-0.014311699866353503,-0.023911010752322315,4.2348668970390415,0.31,0.59,0.015,-0.20757136,-0.006503128,0.10498495
0 days 00:00:07.270000,-0.0015330594781031272,0.9496080000000001,-1.192896,12.521484000000001,0.4947582370560547,0.4947582370560547,0.4947582370560547,0.4947582370560547,0.07522369076095561,-0.1054178868204575,0.010821041362364843,1.5,13.09,74.55,1,1,100.0,4,-0.015,-0.195,-0.135,52.6482318,9.7453963,33.11,32.69,52.6482266,9.7454021,-0.013613568165555772,-0.022863813201125717,4.2348668970390415,0.31,0.59,0.015,-0.19803537,-0.016775217,0.13029037
0 days 00:00:07.280000,-0.0015330594781031272,3.3393240000000004,-3.0607200000000003,16.975224,0.4947582370560547,0.4947582370560547,0.4947582370560547,0.4947582370560547,0.170518667919846,-0.07487462491055674,0.018675022996339326,1.0,13.09,71.39999999999999,1,1,100.0,4,-0.045,-0.155,-0.20500000000000002,52.6482318,9.7453963,33.11,32.69,52.6482266,9.7454021,-0.011868238913561441,-0.02199114857512855,4.235041429964241,0.31,0.59,0.015,-0.15947035,-0.047388725,0.2009938
0 days 00:00:07.290000,-0.0015330594781031272,1.0163160000000002,-1.1772000000000002,12.913884000000001,0.47470047068891746,0.47470047068891746,0.47470047068891746,0.47470047068891746,0.24591689160600103,-0.08517206749732328,0.023736477827122886,1.0,13.09,69.45,1,1,100.0,4,-0.055,-0.145,-0.23500000000000001,52.6482319,9.745396399999999,33.11,32.69,52.6482266,9.7454021,-0.00942477796076938,-0.02129301687433082,4.23539049581464,0.24,0.47500000000000003,0.085,-0.1499706,-0.057182748,0.23133083
0 days 00:00:07.300000,-0.0015330594781031272,0.827964,6.674724,-6.937632000000001,0.45464270432178006,0.45464270432178006,0.45464270432178006,0.45464270432178006,0.010821041362364843,-0.23474678439323735,0.009599310885968814,0.0,13.09,67.5,1,1,100.0,4,0.01,-0.135,-0.07,52.6482319,9.745396399999999,33.11,32.69,52.6482266,9.7454021,-0.009250245035569947,-0.01884955592153876,4.23539049581464,0.24,0.47500000000000003,0.085,-0.13629542,0.009375716,0.06753264
0 days 00:00:07.310000,-0.0015330594781031272,8.895708,-0.521892,12.211488000000001,0.4345849379546427,0.4345849379546427,0.4345849379546427,0.4345849379546427,0.02722713633111154,0.047647488579445195,0.0024434609527920616,0.0,13.09,67.35000000000001,1,1,100.0,4,0.005,-0.045,-0.09,52.6482319,9.745396399999999,33.11,32.69,52.648226699999995,9.7454021,-0.009075712110370514,-0.01937315469713706,4.235565028739839,0.24,0.47500000000000003,0.085,-0.04673503,0.004191056,0.08915309
0 days 00:00:07.320000,-0.001650987130264906,-1.134036,-1.090872,11.866176000000001,0.4212130937098844,0.4212130937098844,0.4212130937098844,0.4212130937098844,0.01815142422074103,-0.024609142453120045,0.0013962634015954637,0.0,13.09,67.2,1,1,100.0,4,-0.005,-0.055,-0.11,52.6482319,9.745396399999999,33.11,32.69,52.648226699999995,9.7454021,-0.00890117918517108,-0.019198621771937627,4.235565028739839,0.24,0.47500000000000003,0.085,-0.05710158,-0.00596934,0.10887504
0 days 00:00:07.330000,-0.001650987130264906,-1.7814960000000002,-0.380628,7.4124360000000005,0.4212130937098844,0.4212130937098844,0.4212130937098844,0.4212130937098844,0.00645771823237902,-0.19774580425095753,0.006806784082777885,0.0,13.09,67.05,1,1,100.0,4,-0.005,-0.07,-0.09,52.6482319,9.745396399999999,33.11,32.69,52.648226699999995,9.7454021,-0.008726646259971648,-0.01710422666954443,4.235565028739839,0.24,0.47500000000000003,0.085,-0.07152907,-0.0057746354,0.088742584
0 days 00:00:07.340000,-0.001650987130264906,6.41574,0.145188,9.649116000000001,0.40115532734274706,0.40115532734274706,0.40115532734274706,0.40115532734274706,0.0020943951023931952,-0.04729842272904633,0.0024434609527920616,0.0,13.09,66.89999999999999,1,1,100.0,4,-0.005,-0.005,-0.085,52.6482319,9.745396099999999,33.17,32.69,52.648226699999995,9.745402,-0.008726646259971648,-0.016755160819145562,4.235565028739839,0.115,0.24,0.125,-0.0064234203,-0.0057407296,0.084857434
0 days 00:00:07.350000,-0.001650987130264906,1.4401080000000002,0.09417600000000001,11.018592,0.3877834830979889,0.3877834830979889,0.3877834830979889,0.3877834830979889,0.0008726646259971648,-0.00645771823237902,0.0010471975511965976,0.0,13.09,66.89999999999999,1,1,100.0,4,-0.005,0.01,-0.095,52.6482319,9.745396099999999,33.17,32.69,52.648226699999995,9.745402,-0.008726646259971648,-0.016580627893946133,4.235565028739839,0.115,0.24,0.125,0.008423538,-0.005830163,0.095105484
0 days 00:00:07.360000,-0.0017689147824266852,-2.0130120000000002,-0.16088400000000003,7.973568000000001,0.38109756097560976,0.38109756097560976,0.38109756097560976,0.38109756097560976,-0.0019198621771937623,-0.1408480706359424,0.005934119456780722,0.0,13.09,66.89999999999999,1,1,100.0,4,-0.005,-0.005,-0.08,52.6482319,9.745396099999999,33.17,32.69,52.648226699999995,9.745402,-0.008726646259971648,-0.015184364492350668,4.235739561665039,0.115,0.24,0.125,-0.006214126,-0.0056971894,0.07986818
0 days 00:00:07.370000,-0.0017689147824266852,3.8847600000000004,-0.062784,8.982036,0.3677257167308515,0.3677257167308515,0.3677257167308515,0.3677257167308515,-0.004363323129985824,-0.0635299847725936,0.0038397243543875246,0.0,13.09,67.05,1,1,100.0,4,-0.005,0.035,-0.07,52.6482319,9.745396099999999,33.17,32.69,52.648226699999995,9.745402,-0.008726646259971648,-0.014660765716752368,4.235739561665039,0.115,0.24,0.125,0.03397002,-0.005615079,0.07045927
0 days 00:00:07.380000,-0.0017689147824266852,1.9580760000000001,-0.04316400000000001,10.343664,0.36103979460847235,0.36103979460847235,0.36103979460847235,0.36103979460847235,-0.005759586531581288,0.006283185307179587,0.0013962634015954637,0.0,13.09,67.2,1,1,100.0,4,-0.005,0.055,-0.075,52.6482319,9.745396099999999,33.17,32.69,52.648226699999995,9.745402,-0.008726646259971648,-0.014660765716752368,4.235739561665039,0.115,0.24,0.125,0.05389457,-0.0056612655,0.07575174
0 days 00:00:07.390000,-0.001650987130264906,-2.2484520000000003,-0.18835200000000002,8.267868,0.3476679503637142,0.3476679503637142,0.3476679503637142,0.3476679503637142,-0.005934119456780722,-0.08970992355250852,0.004537856055185257,0.0,13.09,67.2,1,1,100.0,4,-0.005,0.035,-0.06,52.6482319,9.745396099999999,33.17,32.69,52.648226699999995,9.745402,-0.00890117918517108,-0.013788101090755204,4.235739561665039,0.01,0.06,0.125,0.034169413,-0.00553811,0.06042996
0 days 00:00:07.400000,-0.001650987130264906,1.2556800000000001,0.0,8.263944,0.3476679503637142,0.3476679503637142,0.3476679503637142,0.3476679503637142,-0.005235987755982988,-0.07033676885537149,0.0041887902047863905,0.0,13.09,67.2,1,1,100.0,4,-0.005,0.045,-0.045,52.6482319,9.745396099999999,33.17,32.69,52.648226699999995,9.745402,-0.00890117918517108,-0.013089969389957472,4.235914094590238,0.01,0.06,0.125,0.044407114,-0.0054055583,0.04553887
0 days 00:00:07.410000,-0.001650987130264906,1.2360600000000002,0.7573320000000001,8.016732000000001,0.34098202824133506,0.34098202824133506,0.34098202824133506,0.34098202824133506,-0.022514747350726852,-0.0017453292519943296,-0.00017453292519943296,0.0,13.09,67.2,1,1,100.0,4,0.005,0.06,-0.025,52.6482319,9.745396099999999,33.17,32.69,52.648226699999995,9.745402,-0.009075712110370514,-0.013089969389957472,4.235914094590238,0.01,0.06,0.125,0.059667617,0.004765796,0.025827551
0 days 00:00:07.420000,-0.0015330594781031272,-1.8403560000000003,1.9894680000000002,3.6532440000000004,0.3276101839965768,0.3276101839965768,0.3276101839965768,0.3276101839965768,-0.09459684545809266,-0.06789330790257941,-0.006981317007977318,0.0,13.09,67.2,1,1,100.0,4,0.025,0.04,0.035,52.6482319,9.745396099999999,33.17,32.69,52.648226699999995,9.745402,-0.010122909661567111,-0.012391837689159739,4.235739561665039,0.01,0.06,0.125,0.04043063,0.025347969,-0.034246814
0 days 00:00:07.430000,-0.0014151318259413483,1.004544,-0.8436600000000001,10.394676000000002,0.32092426187419765,0.32092426187419765,0.32092426187419765,0.32092426187419765,-0.08936085770210968,-0.006981317007977318,-0.006806784082777885,0.0,13.09,67.2,1,1,100.0,4,0.015,0.055,0.03,52.6482319,9.745396099999999,33.17,32.68,52.648226699999995,9.7454019,-0.010995574287564275,-0.012217304763960308,4.235739561665039,-0.04,-0.08,0.055,0.055362403,0.015321542,-0.029159123
0 days 00:00:07.440000,-0.0011792765216177901,-1.8207360000000001,-1.396944,12.074148000000001,0.30755241762943947,0.30755241762943947,0.30755241762943947,0.30755241762943947,-0.0317649923862968,-0.00034906585039886593,-0.0015707963267948967,0.0,13.09,67.2,1,1,100.0,4,0.005,0.035,0.005,52.6482319,9.745396099999999,33.17,32.68,52.648226699999995,9.7454019,-0.011344640137963142,-0.012217304763960308,4.235739561665039,-0.04,-0.08,0.055,0.035058472,0.005051545,-0.0045150155
0 days 00:00:07.450000,-0.0009434212172942321,-2.891988,-0.015696,7.118136000000001,0.29418057338468123,0.29418057338468123,0.29418057338468123,0.29418057338468123,-0.03298672286269283,-0.07819075048934597,0.0008726646259971648,0.0,13.09,67.35,1,1,100.0,4,0.005,0.01,0.035,52.6482319,9.745396099999999,33.17,32.68,52.648226699999995,9.7454019,-0.011693705988362009,-0.011519173063162575,4.235739561665039,-0.04,-0.08,0.055,0.010402499,0.005407554,-0.034821637
0 days 00:00:07.460000,-0.000825493565132453,1.071252,-0.18835200000000002,8.852544000000002,0.29418057338468123,0.29418057338468123,0.29418057338468123,0.29418057338468123,-0.028972465583105875,-0.0024434609527920616,-0.003316125578789226,0.0,13.09,67.5,1,1,100.0,4,0.005,0.02,0.045,52.6482319,9.745396099999999,33.17,32.68,52.648226699999995,9.7454019,-0.011868238913561441,-0.011519173063162575,4.235739561665039,-0.04,-0.08,0.055,0.020517025,0.005530936,-0.044704143
0 days 00:00:07.470000,-0.0005896382608088951,-1.2556800000000001,0.32569200000000004,8.099136,0.2874946512623021,0.2874946512623021,0.2874946512623021,0.2874946512623021,-0.038571776469074684,0.020943951023931952,-0.007155849933176751,0.0,13.09,67.5,1,1,100.0,4,0.01,0.01,0.06,52.6482319,9.745396099999999,33.17,32.68,52.648226699999995,9.7454019,-0.012217304763960308,-0.011693705988362009,4.235565028739839,-0.04,-0.08,0.055,0.010700922,0.010730795,-0.059752323
0 days 00:00:07.480000,-0.0004717106086471161,-2.789964,1.2399840000000002,4.697028,0.2741228070175439,0.2741228070175439,0.2741228070175439,0.2741228070175439,-0.08482300164692441,-0.04921828490624009,-0.01064650843716541,0.0,13.09,67.5,1,1,100.0,4,0.02,-0.02,0.11,52.6482319,9.745396099999999,33.17,32.68,52.648226699999995,9.7454019,-0.013089969389957472,-0.01117010721276371,4.235565028739839,-0.04,-0.08,0.055,-0.018770065,0.021440975,-0.1099453
0 days 00:00:07.490000,-0.00023585530432355804,1.29492,-0.7808760000000001,10.563408,0.2741228070175439,0.2741228070175439,0.2741228070175439,0.2741228070175439,-0.07679448708775051,0.039968039870670144,-0.013788101090755204,0.0,13.09,67.5,1,1,100.0,4,0.015,-0.005,0.105,52.6482319,9.745396,33.17,32.67,52.648226699999995,9.7454018,-0.013962634015954637,-0.011519173063162575,4.23539049581464,-0.07,-0.125,0.005,-0.003790182,0.016465275,-0.10483096
0 days 00:00:07.500000,-0.00011792765216177902,-2.456424,-2.2366800000000002,14.444244000000003,0.2741228070175439,0.2741228070175439,0.2741228070175439,0.2741228070175439,0.0005235987755982988,0.06213372137099814,-0.007155849933176751,0.0,13.09,67.5,1,1,100.0,4,-0.005,-0.03,0.055,52.6482319,9.745396,33.17,32.67,52.648226699999995,9.7454018,-0.013962634015954637,-0.012217304763960308,4.2352159628894395,-0.07,-0.125,0.005,-0.029325826,-0.0042265328,-0.05542682
0 days 00:00:07.510000,0.0,-4.233996,-0.21582000000000004,6.639408000000001,0.26743688489516476,0.26743688489516476,0.26743688489516476,0.26743688489516476,-0.0027925268031909274,-0.07644542123735164,-0.0022689280275926286,0.0,13.09,67.5,1,1,100.0,4,-0.005,-0.07,0.09,52.6482319,9.745396,33.17,32.67,52.648226699999995,9.7454018,-0.013962634015954637,-0.011344640137963142,4.2352159628894395,-0.07,-0.125,0.005,-0.068974495,-0.0037319094,-0.09084928
0 days 00:00:07.520000,0.00011792765216177902,2.4799680000000004,0.007848,9.162540000000002,0.26743688489516476,0.26743688489516476,0.26743688489516476,0.26743688489516476,-0.0022689280275926286,0.042411500823462206,-0.005061454830783556,0.0,13.09,67.5,1,1,100.0,4,-0.005,-0.045,0.095,52.6482319,9.745396,33.17,32.67,52.648226699999995,9.7454018,-0.013962634015954637,-0.011868238913561441,4.2352159628894395,-0.07,-0.125,0.005,-0.043869376,-0.0036657425,-0.095587865
0 days 00:00:07.530000,0.00023585530432355804,-1.475424,-0.11772,10.245564,0.2540650406504065,0.2540650406504065,0.2540650406504065,0.2540650406504065,-0.00017453292519943296,0.0635299847725936,-0.005934119456780722,0.0,13.09,67.5,1,1,100.0,4,-0.005,-0.055,0.09,52.6482319,9.745396,33.17,32.67,52.648226699999995,9.7454018,-0.013962634015954637,-0.012566370614359171,4.2352159628894395,-0.07,-0.125,0.005,-0.053864714,-0.0037333658,-0.090745
0 days 00:00:07.540000,0.0003537829564853371,-3.17844,-0.18835200000000002,8.048124000000001,0.2540650406504065,0.2540650406504065,0.2540650406504065,0.2540650406504065,-0.0005235987755982988,-0.032812189937493394,-0.0027925268031909274,0.0,13.09,67.5,1,1,100.0,4,-0.005,-0.09,0.105,52.6482318,9.745396399999999,33.06,32.660000000000004,52.648226699999995,9.7454018,-0.013962634015954637,-0.012217304763960308,4.2352159628894395,-0.065,-0.08,-0.095,-0.08871051,-0.0035182415,-0.10615116
0 days 00:00:07.550000,0.0003537829564853371,1.6794720000000003,-0.07848000000000001,9.594180000000001,0.24737911852802735,0.24737911852802735,0.24737911852802735,0.24737911852802735,-0.0013962634015954637,0.047123889803846894,-0.0041887902047863905,0.0,13.09,67.5,1,1,100.0,4,-0.005,-0.07,0.11,52.6482318,9.745396399999999,33.06,32.660000000000004,52.648226699999995,9.7454018,-0.013962634015954637,-0.012566370614359171,4.235041429964241,-0.065,-0.08,-0.095,-0.06861221,-0.0034515124,-0.11092994
0 days 00:00:07.560000,0.0003537829564853371,-1.0163160000000002,-0.125568,10.26126,0.24737911852802735,0.24737911852802735,0.24737911852802735,0.24737911852802735,-0.0020943951023931952,0.060039326268604934,-0.004014257279586958,0.0,13.09,67.5,1,1,100.0,4,-0.005,-0.08,0.105,52.6482318,9.745396399999999,33.06,32.660000000000004,52.648226699999995,9.7454018,-0.013962634015954637,-0.013264502315156905,4.235041429964241,-0.065,-0.08,-0.095,-0.07860023,-0.003518797,-0.10611136
0 days 00:00:07.570000,0.0003537829564853371,-2.1542760000000003,-0.16480800000000004,8.683812000000001,0.23400727428326917,0.23400727428326917,0.23400727428326917,0.23400727428326917,-0.002967059728390361,-0.008203047484373348,-0.0012217304763960308,0.0,13.09,67.5,1,1,100.0,4,-0.005,-0.1,0.115,52.6482318,9.745396399999999,33.06,32.660000000000004,52.648226799999996,9.7454018,-0.013962634015954637,-0.013089969389957472,4.235041429964241,-0.065,-0.08,-0.095,-0.09848613,-0.0033757233,-0.11635759
0 days 00:00:07.580000,0.0003537829564853371,1.3184640000000003,-0.10987200000000001,9.96696,0.23400727428326917,0.23400727428326917,0.23400727428326917,0.23400727428326917,-0.0041887902047863905,0.052185344634630454,-0.0019198621771937623,0.0,13.09,67.5,1,1,100.0,4,-0.005,-0.085,0.115,52.6482318,9.745396399999999,33.06,32.660000000000004,52.648226799999996,9.7454018,-0.014137166941154071,-0.013613568165555772,4.235041429964241,-0.065,-0.08,-0.095,-0.08342662,-0.0033575732,-0.116205536
0 days 00:00:07.590000,0.0003537829564853371,-0.655308,-0.14126400000000003,10.410372000000002,0.22732135216089003,0.22732135216089003,0.22732135216089003,0.22732135216089003,-0.004537856055185257,0.056025068989017976,-0.0013962634015954637,0.0,13.09,67.5,1,1,100.0,4,-0.005,-0.09,0.11,52.6482318,9.745396399999999,33.06,32.65,52.648226799999996,9.7454018,-0.014137166941154071,-0.014137166941154071,4.235041429964241,-0.03,-0.04,-0.085,-0.08843598,-0.003426633,-0.11132087
0 days 00:00:07.600000,0.0003537829564853371,-1.012392,-0.18835200000000002,9.272412000000001,0.22732135216089003,0.22732135216089003,0.22732135216089003,0.22732135216089003,-0.005235987755982988,0.00645771823237902,0.0013962634015954637,0.0,13.09,67.5,1,1,100.0,4,-0.005,-0.1,0.115,52.6482318,9.745396399999999,33.06,32.65,52.648226799999996,9.7454018,-0.014137166941154071,-0.014311699866353503,4.235041429964241,-0.03,-0.04,-0.085,-0.098343976,-0.0033537152,-0.11647839
0 days 00:00:07.610000,0.0003537829564853371,1.769724,-0.0981,10.304424000000001,0.2139495079161318,0.2139495079161318,0.2139495079161318,0.2139495079161318,-0.006108652381980153,0.055326937288220246,0.0006981317007977319,0.0,13.09,67.64999999999999,1,1,100.0,4,-0.005,-0.08,0.11,52.6482318,9.745396399999999,33.06,32.65,52.648226799999996,9.7454018,-0.014311699866353503,-0.014835298641951801,4.235041429964241,-0.03,-0.04,-0.085,-0.07835937,-0.0034084436,-0.111234844
0 days 00:00:07.620000,0.00023585530432355804,0.019620000000000002,-0.149112,10.665432,0.2139495079161318,0.2139495079161318,0.2139495079161318,0.2139495079161318,-0.006283185307179587,0.052534410485029326,0.0012217304763960308,0.0,13.09,67.8,1,1,100.0,4,-0.005,-0.075,0.1,52.6482318,9.745396399999999,33.06,32.64,52.648226799999996,9.7454018,-0.014311699866353503,-0.0153588974175501,4.235041429964241,-0.03,-0.04,-0.085,-0.073455326,-0.003552051,-0.10120127
0 days 00:00:07.630000,0.00011792765216177902,-0.258984,-0.16480800000000004,9.743292000000002,0.2139495079161318,0.2139495079161318,0.2139495079161318,0.2139495079161318,-0.005759586531581288,0.011868238913561443,0.0027925268031909274,0.0,13.09,67.65,1,1,100.0,4,-0.005,-0.08,0.1,52.6482318,9.745396399999999,33.06,32.64,52.648226799999996,9.7454018,-0.014311699866353503,-0.015533430342749533,4.235041429964241,-0.03,-0.04,-0.085,-0.07843707,-0.003550756,-0.10129175
0 days 00:00:07.640000,0.00011792765216177902,1.8678240000000002,-0.090252,10.433916000000002,0.20726358579375265,0.20726358579375265,0.20726358579375265,0.20726358579375265,-0.006283185307179587,0.05096361415823442,0.0020943951023931952,0.0,13.09,67.5,1,1,100.0,4,-0.005,-0.06,0.095,52.6482318,9.745396399999999,33.06,32.64,52.648226799999996,9.7454017,-0.014486232791552936,-0.016057029118347832,4.235041429964241,0.015,-0.01,-0.07,-0.05846691,-0.0036095537,-0.096013494
0 days 00:00:07.650000,0.0,0.4316400000000001,-0.129492,10.736064,0.20726358579375265,0.20726358579375265,0.20726358579375265,0.20726358579375265,-0.006283185307179587,0.05113814708343386,0.0022689280275926286,0.0,13.09,67.5,1,1,100.0,4,-0.005,-0.05,0.085,52.6482318,9.745396399999999,33.06,32.64,52.648226799999996,9.7454017,-0.014486232791552936,-0.016580627893946133,4.235041429964241,0.015,-0.01,-0.07,-0.04858384,-0.0037563492,-0.085880734
0 days 00:00:07.660000,-0.00011792765216177902,-0.007848,-0.17265600000000003,10.033668000000002,0.20726358579375265,0.20726358579375265,0.20726358579375265,0.20726358579375265,-0.004886921905584123,0.016755160819145562,0.003316125578789226,0.0,13.09,67.5,1,1,100.0,4,-0.005,-0.05,0.085,52.6482318,9.745396399999999,33.06,32.63,52.648226799999996,9.7454018,-0.014486232791552936,-0.016580627893946133,4.235041429964241,0.015,-0.01,-0.07,-0.04858384,-0.0037563492,-0.085880734
0 days 00:00:07.670000,-0.00023585530432355804,1.6873200000000002,-0.10594800000000001,10.657584000000002,0.20726358579375265,0.20726358579375265,0.20726358579375265,0.20726358579375265,-0.003316125578789226,0.047647488579445195,0.0027925268031909274,0.0,13.09,67.5,1,1,100.0,4,-0.005,-0.03,0.075,52.6482318,9.745396399999999,33.06,32.63,52.648226799999996,9.7454018,-0.014486232791552936,-0.01710422666954443,4.235041429964241,0.015,-0.01,-0.07,-0.028712856,-0.003905772,-0.07556664
0 days 00:00:07.680000,-0.00023585530432355804,0.52974,-0.16088400000000003,10.830240000000002,0.20726358579375265,0.20726358579375265,0.20726358579375265,0.20726358579375265,-0.0015707963267948967,0.04991641660703782,0.0022689280275926286,0.0,13.09,67.5,1,1,100.0,4,-0.005,-0.025,0.065,52.6482318,9.745396399999999,33.05,32.63,52.6482269,9.7454017,-0.014486232791552936,-0.017627825445142728,4.235041429964241,0.01,0.02,-0.115,-0.023850366,-0.004051666,-0.06549613
0 days 00:00:07.690000,-0.0003537829564853371,-0.007848,-0.29430000000000006,10.422144000000001,0.19389174154899444,0.19389174154899444,0.19389174154899444,0.19389174154899444,0.0022689280275926286,0.019198621771937627,0.0031415926535897933,0.0,13.09,67.5,1,1,100.0,4,-0.005,-0.025,0.06,52.6482318,9.745396399999999,33.05,32.63,52.6482269,9.7454017,-0.014486232791552936,-0.01780235837034216,4.2352159628894395,0.01,0.02,-0.115,-0.023927955,-0.0041240226,-0.060501616
0 days 00:00:07.700000,-0.0004717106086471161,1.15758,-0.125568,10.626192000000001,0.19389174154899444,0.19389174154899444,0.19389174154899444,0.19389174154899444,0.005759586531581288,0.03665191429188092,0.002617993877991494,0.0,13.09,67.5,1,1,100.0,4,-0.005,-0.01,0.05,52.6482318,9.745396399999999,33.05,32.63,52.6482269,9.7454017,-0.014486232791552936,-0.01815142422074103,4.2352159628894395,0.01,0.02,-0.115,-0.009090831,-0.004272679,-0.05024043
0 days 00:00:07.710000,-0.0004717106086471161,0.580752,-0.12164400000000002,10.673280000000002,0.19389174154899444,0.19389174154899444,0.19389174154899444,0.19389174154899444,0.002967059728390361,0.041015237421866746,0.0012217304763960308,0.0,13.09,67.5,1,1,100.0,4,-0.005,0.0,0.045,52.6482318,9.745396399999999,33.05,32.62,52.6482269,9.7454017,-0.014486232791552936,-0.018675022996339326,4.2352159628894395,0.01,0.02,-0.115,0.00084032724,-0.0043477314,-0.045059863
0 days 00:00:07.720000,-0.0005896382608088951,-0.10202400000000002,-0.20012400000000002,10.347588,0.19389174154899444,0.19389174154899444,0.19389174154899444,0.19389174154899444,0.004363323129985824,0.018675022996339326,0.0012217304763960308,0.0,13.09,67.5,1,1,100.0,4,-0.005,0.0,0.04,52.6482318,9.745396399999999,33.05,32.62,52.6482269,9.7454017,-0.014486232791552936,-0.01884955592153876,4.2352159628894395,0.01,0.02,-0.115,0.0007539376,-0.0044201496,-0.040061127
0 days 00:00:07.730000,-0.0005896382608088951,0.6396120000000001,-0.192276,10.398600000000002,0.18051989730423618,0.18051989730423618,0.18051989730423618,0.18051989730423618,0.004886921905584123,0.026703537555513242,0.0008726646259971648,0.0,13.09,67.5,1,1,100.0,4,-0.005,0.01,0.03,52.6482318,9.745396399999999,33.05,32.62,52.6482269,9.7454017,-0.014311699866353503,-0.019024088846738195,4.2352159628894395,0.01,0.02,-0.115,0.010568879,-0.0045729517,-0.029872844
0 days 00:00:07.740000,-0.0007075659129706742,0.192276,-0.223668,10.641888,0.18051989730423618,0.18051989730423618,0.18051989730423618,0.18051989730423618,0.0054105206811824215,0.03228859116189509,0.0,0.0,13.09,67.5,1,1,100.0,4,-0.005,0.01,0.025,52.648231599999995,9.7453966,32.99,32.62,52.6482269,9.7454017,-0.014311699866353503,-0.01937315469713706,4.2352159628894395,-0.02,-0.06,-0.05,0.010482422,-0.004644547,-0.024870606
0 days 00:00:07.750000,-0.0007075659129706742,-0.52974,-0.231516,10.151388,0.18051989730423618,0.18051989730423618,0.18051989730423618,0.18051989730423618,0.0054105206811824215,0.011344640137963142,0.0,0.0,13.09,67.5,1,1,100.0,4,-0.005,0.01,0.02,52.648231599999995,9.7453966,32.99,32.62,52.6482269,9.7454017,-0.014311699866353503,-0.019547687622336492,4.2352159628894395,-0.02,-0.06,-0.05,0.010389019,-0.004716116,-0.019870242
0 days 00:00:07.760000,-0.0007075659129706742,0.10594800000000001,-0.22759200000000002,10.233792000000001,0.1738339751818571,0.1738339751818571,0.1738339751818571,0.1738339751818571,0.004886921905584123,0.020420352248333655,-0.00034906585039886593,0.0,13.09,67.5,1,1,100.0,4,-0.01,0.01,0.015,52.648231599999995,9.7453966,32.99,32.62,52.6482269,9.7454017,-0.014137166941154071,-0.019722220547535925,4.2352159628894395,-0.02,-0.06,-0.05,0.010293869,-0.009789779,-0.01493976
0 days 00:00:07.770000,-0.0007075659129706742,-0.459108,-0.23936400000000002,10.343664,0.1738339751818571,0.1738339751818571,0.1738339751818571,0.1738339751818571,0.0041887902047863905,0.023387411976724018,-0.0008726646259971648,0.0,13.09,67.5,1,1,100.0,4,-0.01,0.01,0.01,52.648231599999995,9.7453966,32.99,32.62,52.6482269,9.7454016,-0.014137166941154071,-0.019896753472735357,4.2352159628894395,-0.02,-0.06,-0.05,0.010196975,-0.009860474,-0.009939454
0 days 00:00:07.780000,-0.0007075659129706742,-1.0163160000000002,-0.223668,9.970884,0.1738339751818571,0.1738339751818571,0.1738339751818571,0.1738339751818571,0.0027925268031909274,0.006283185307179587,-0.0008726646259971648,0.0,13.09,67.5,1,1,100.0,4,-0.01,0.0,0.01,52.648231499999994,9.7453966,32.99,32.61,52.6482269,9.7454016,-0.014137166941154071,-0.020071286397934793,4.2352159628894395,-0.045,-0.095,-0.01,0.00020069939,-0.009857662,-0.010138353
0 days 00:00:07.790000,-0.0007075659129706742,-0.506196,-0.20404800000000003,10.100376,0.1738339751818571,0.1738339751818571,0.1738339751818571,0.1738339751818571,0.0013962634015954637,0.012740903539558606,-0.0013962634015954637,0.0,13.09,67.64999999999999,1,1,100.0,4,-0.01,0.0,0.005,52.648231499999994,9.7453966,32.99,32.61,52.6482269,9.7454016,-0.014137166941154071,-0.020071286397934793,4.2352159628894395,-0.045,-0.095,-0.01,0.000100349695,-0.009928331,-0.00513986
0 days 00:00:07.800000,-0.0007075659129706742,-0.8907480000000001,-0.21582000000000004,10.178856000000001,0.16046213093709882,0.16046213093709882,0.16046213093709882,0.16046213093709882,-0.00017453292519943296,0.014311699866353502,-0.0013962634015954637,0.0,13.09,67.8,1,1,100.0,4,-0.01,-0.01,-0.0,52.648231499999994,9.7453966,32.99,32.61,52.6482269,9.7454016,-0.014137166941154071,-0.020245819323134222,4.235041429964241,-0.045,-0.095,-0.01,-0.009997951,-0.0099961385,-0.00034379106
0 days 00:00:07.810000,-0.0007075659129706742,-1.2596040000000002,-0.10987200000000001,9.547092000000001,0.16046213093709882,0.16046213093709882,0.16046213093709882,0.16046213093709882,-0.004014257279586958,-0.003490658503988659,-0.0015707963267948967,0.0,13.09,67.65,1,1,100.0,4,-0.01,-0.02,0.005,52.648231499999994,9.7453966,32.99,32.61,52.6482269,9.7454016,-0.014137166941154071,-0.020245819323134222,4.235041429964241,-0.045,-0.095,-0.01,-0.01989468,-0.009922608,-0.005544691
0 days 00:00:07.820000,-0.0007075659129706742,-0.5415120000000001,-0.223668,9.923796000000001,0.16046213093709882,0.16046213093709882,0.16046213093709882,0.16046213093709882,-0.005061454830783556,0.005235987755982988,-0.0017453292519943296,0.0,13.09,67.5,1,1,100.0,4,-0.01,-0.025,0.005,52.648231499999994,9.7453966,32.99,32.61,52.6482269,9.7454016,-0.014137166941154071,-0.020245819323134222,4.235041429964241,-0.045,-0.095,-0.01,-0.024893656,-0.009921176,-0.005645903
0 days 00:00:07.830000,-0.0007075659129706742,-0.9731520000000001,-0.20797200000000002,10.029744,0.16046213093709882,0.16046213093709882,0.16046213093709882,0.16046213093709882,-0.0027925268031909274,0.007330382858376183,-0.0013962634015954637,0.0,13.09,67.5,1,1,100.0,4,-0.01,-0.03,-0.0,52.648231499999994,9.7453966,32.99,32.61,52.6482269,9.7454016,-0.014311699866353503,-0.020420352248333655,4.235041429964241,-0.045,-0.095,-0.01,-0.029993745,-0.009990209,-0.0007556173
0 days 00:00:07.840000,-0.0007075659129706742,-1.342008,-0.17658000000000004,9.5157,0.15377620881471973,0.15377620881471973,0.15377620881471973,0.15377620881471973,-0.0020943951023931952,-0.009948376736367679,-0.00017453292519943296,0.0,13.09,67.5,1,1,100.0,4,-0.015,-0.04,0.005,52.648231499999994,9.7453966,33.0,32.6,52.6482269,9.7454016,-0.014311699866353503,-0.020245819323134222,4.235041429964241,-0.04,-0.06,0.045,-0.03989058,-0.014915333,-0.006022826
0 days 00:00:07.850000,-0.0007075659129706742,-0.655308,-0.145188,9.625572000000002,0.15377620881471973,0.15377620881471973,0.15377620881471973,0.15377620881471973,-0.0015707963267948967,-0.0024434609527920616,-0.0005235987755982988,0.0,13.09,67.5,1,1,100.0,4,-0.015,-0.045,0.005,52.648231499999994,9.7453966,33.0,32.6,52.6482269,9.7454016,-0.014311699866353503,-0.020245819323134222,4.235041429964241,-0.04,-0.06,0.045,-0.044889558,-0.014913885,-0.006124038
0 days 00:00:07.860000,-0.0007075659129706742,-0.9221400000000001,-0.145188,9.711900000000002,0.15377620881471973,0.15377620881471973,0.15377620881471973,0.15377620881471973,-0.0005235987755982988,0.00017453292519943296,-0.0010471975511965976,0.0,13.09,67.5,1,1,100.0,4,-0.015,-0.055,0.005,52.648231499999994,9.7453966,33.0,32.6,52.6482269,9.7454016,-0.014311699866353503,-0.020245819323134222,4.235041429964241,-0.04,-0.06,0.045,-0.054887507,-0.014910988,-0.006326461
0 days 00:00:07.870000,-0.0007075659129706742,-1.1968200000000002,-0.125568,9.488232000000002,0.15377620881471973,0.15377620881471973,0.15377620881471973,0.15377620881471973,0.0,-0.01064650843716541,-0.00034906585039886593,0.0,13.09,67.5,1,1,100.0,4,-0.015,-0.065,0.01,52.648231499999994,9.7453966,33.0,32.6,52.6482269,9.7454016,-0.014311699866353503,-0.020071286397934793,4.235041429964241,-0.04,-0.06,0.045,-0.06478621,-0.01483671,-0.011516042
0 days 00:00:07.880000,-0.0007075659129706742,-0.7337880000000001,-0.12164400000000002,9.609876,0.15377620881471973,0.15377620881471973,0.15377620881471973,0.15377620881471973,0.0010471975511965976,-0.006806784082777885,-0.0005235987755982988,0.0,13.09,67.5,1,1,100.0,4,-0.01,-0.07,0.01,52.648231499999994,9.7453966,33.0,32.6,52.6482269,9.7454016,-0.014311699866353503,-0.020071286397934793,4.235041429964241,-0.04,-0.06,0.045,-0.06978521,-0.009835786,-0.0115448255
0 days 00:00:07.890000,-0.0007075659129706742,-0.8436600000000001,-0.129492,9.758988,0.1404043645699615,0.1404043645699615,0.1404043645699615,0.1404043645699615,0.0020943951023931952,-0.005061454830783556,-0.0006981317007977319,0.0,13.09,67.5,1,1,100.0,4,-0.01,-0.075,0.01,52.648231499999994,9.7453965,33.0,32.59,52.6482269,9.7454015,-0.014311699866353503,-0.020071286397934793,4.235041429964241,-0.02,-0.02,-0.005,-0.074784204,-0.00983435,-0.011645165
0 days 00:00:07.900000,-0.0007075659129706742,-0.9731520000000001,-0.14126400000000003,9.543168,0.1404043645699615,0.1404043645699615,0.1404043645699615,0.1404043645699615,0.002967059728390361,-0.014311699866353502,-0.00034906585039886593,0.0,13.09,67.5,1,1,100.0,4,-0.01,-0.085,0.015,52.648231499999994,9.7453965,33.0,32.59,52.6482269,9.7454015,-0.014137166941154071,-0.019896753472735357,4.235041429964241,-0.02,-0.02,-0.005,-0.084684744,-0.009763085,-0.016827842
0 days 00:00:07.910000,-0.0007075659129706742,-0.5258160000000001,-0.11772,9.641268,0.1404043645699615,0.1404043645699615,0.1404043645699615,0.1404043645699615,0.0036651914291880917,-0.010122909661567111,-0.0006981317007977319,0.0,13.09,67.5,1,1,100.0,4,-0.01,-0.085,0.015,52.648231499999994,9.7453965,33.0,32.59,52.6482269,9.7454015,-0.014137166941154071,-0.019722220547535925,4.235041429964241,-0.02,-0.02,-0.005,-0.08468765,-0.009763294,-0.016813062
0 days 00:00:07.920000,-0.0007075659129706742,-0.631764,-0.133416,9.704052,0.1404043645699615,0.1404043645699615,0.1404043645699615,0.1404043645699615,0.004014257279586958,-0.009075712110370514,-0.0006981317007977319,0.0,13.09,67.5,1,1,100.0,4,-0.01,-0.09,0.015,52.648231499999994,9.7453965,33.0,32.59,52.648227,9.7454015,-0.014137166941154071,-0.019722220547535925,4.235041429964241,-0.02,-0.02,-0.005,-0.089686684,-0.0097619,-0.016911658
0 days 00:00:07.930000,-0.0007075659129706742,-0.694548,-0.11772,9.547092000000001,0.1404043645699615,0.1404043645699615,0.1404043645699615,0.1404043645699615,0.004363323129985824,-0.017278759594743863,-0.00034906585039886593,0.0,13.09,67.5,1,1,100.0,4,-0.01,-0.095,0.02,52.648231499999994,9.7453965,33.0,32.59,52.648227,9.7454015,-0.014137166941154071,-0.019547687622336492,4.235041429964241,-0.02,-0.02,-0.005,-0.09459092,-0.00969007,-0.021992274
0 days 00:00:07.940000,-0.0007075659129706742,-0.22759200000000002,-0.11772,9.704052,0.13371844244758238,0.13371844244758238,0.13371844244758238,0.13371844244758238,0.0041887902047863905,-0.01291543646475804,-0.00017453292519943296,0.0,13.09,67.5,1,1,100.0,4,-0.01,-0.095,0.02,52.6482313,9.7453965,33.0,32.59,52.648227,9.7454015,-0.013962634015954637,-0.01937315469713706,4.235041429964241,0.005,0.04,0.015,-0.09459474,-0.0096941395,-0.021974076
0 days 00:00:07.950000,-0.0007075659129706742,-0.231516,-0.09417600000000001,9.747216000000002,0.13371844244758238,0.13371844244758238,0.13371844244758238,0.13371844244758238,0.004014257279586958,-0.012042771838760874,-0.00017453292519943296,0.0,13.09,67.5,1,1,100.0,4,-0.01,-0.095,0.02,52.6482313,9.7453965,33.0,32.59,52.648227,9.7454015,-0.013962634015954637,-0.01937315469713706,4.235041429964241,0.005,0.04,0.015,-0.09459474,-0.0096941395,-0.021974076
0 days 00:00:07.960000,-0.000825493565132453,-0.13734000000000002,-0.10594800000000001,9.758988,0.13371844244758238,0.13371844244758238,0.13371844244758238,0.13371844244758238,0.0038397243543875246,-0.014835298641951801,0.0005235987755982988,0.0,13.09,67.5,1,1,100.0,4,-0.01,-0.095,0.02,52.6482313,9.7453965,33.0,32.59,52.648227,9.7454015,-0.013962634015954637,-0.019198621771937627,4.235041429964241,0.005,0.04,0.015,-0.09459854,-0.0096943695,-0.021957565
0 days 00:00:07.970000,-0.000825493565132453,0.184428,-0.08240400000000002,9.912024,0.13371844244758238,0.13371844244758238,0.13371844244758238,0.13371844244758238,0.0036651914291880917,-0.009948376736367679,0.0005235987755982988,0.0,13.09,67.5,1,1,100.0,4,-0.01,-0.09,0.02,52.6482313,9.7453965,33.0,32.59,52.648227,9.7454015,-0.013962634015954637,-0.019024088846738195,4.235041429964241,0.005,0.04,0.015,-0.08960326,-0.009695929,-0.021845952
0 days 00:00:07.980000,-0.000825493565132453,0.074556,-0.090252,9.931644,0.13371844244758238,0.13371844244758238,0.13371844244758238,0.13371844244758238,0.002967059728390361,-0.011693705988362009,0.0013962634015954637,0.0,13.09,67.5,1,1,100.0,4,-0.01,-0.09,0.02,52.6482313,9.7453965,33.0,32.59,52.648227,9.7454015,-0.013788101090755204,-0.019024088846738195,4.235041429964241,0.005,0.04,0.015,-0.08960326,-0.00969974,-0.021844259
0 days 00:00:07.990000,-0.000825493565132453,0.223668,-0.0981,9.845316,0.13371844244758238,0.13371844244758238,0.13371844244758238,0.13371844244758238,0.0022689280275926286,-0.015358897417550098,0.0017453292519943296,0.0,13.09,67.5,1,1,100.0,4,-0.01,-0.085,0.02,52.6482314,9.7453965,33.0,32.58,52.648227,9.7454015,-0.013788101090755204,-0.01884955592153876,4.235041429964241,0.035,0.095,-0.01,-0.08460794,-0.009701256,-0.021734387
0 days 00:00:08,-0.0009434212172942321,0.45126,-0.08632800000000002,10.021896000000002,0.13371844244758238,0.13371844244758238,0.13371844244758238,0.13371844244758238,0.0015707963267948967,-0.008552113334772213,0.0020943951023931952,0.0,13.09,67.5,1,1,100.0,4,-0.01,-0.08,0.015,52.6482314,9.7453965,33.0,32.58,52.648227,9.7454015,-0.013788101090755204,-0.018675022996339326,4.235041429964241,0.035,0.095,-0.01,-0.07970594,-0.009771673,-0.016627608
0 days 00:00:08.010000,-0.0009434212172942321,0.23936400000000002,-0.11772,9.970884,0.13371844244758238,0.13371844244758238,0.13371844244758238,0.13371844244758238,0.0005235987755982988,-0.011519173063162576,0.0020943951023931952,0.0,13.09,67.35000000000001,1,1,100.0,4,-0.01,-0.075,0.015,52.6482314,9.7453965,33.0,32.58,52.648227,9.7454015,-0.013788101090755204,-0.018675022996339326,4.235041429964241,0.035,0.095,-0.01,-0.074706815,-0.00977296,-0.016534247
0 days 00:00:08.020000,-0.0009434212172942321,0.368856,-0.125568,9.86886,0.13371844244758238,0.13371844244758238,0.13371844244758238,0.13371844244758238,-0.00017453292519943296,-0.01361356816555577,0.002617993877991494,0.0,13.09,67.2,1,1,100.0,4,-0.01,-0.07,0.015,52.6482314,9.7453965,33.0,32.58,52.648227,9.7454015,-0.013788101090755204,-0.018500490071139894,4.2352159628894395,0.035,0.095,-0.01,-0.06971053,-0.009774415,-0.01642872
0 days 00:00:08.030000,-0.0009434212172942321,0.596448,-0.10987200000000001,10.006200000000002,0.13371844244758238,0.13371844244758238,0.13371844244758238,0.13371844244758238,-0.0010471975511965976,-0.006806784082777885,0.0022689280275926286,0.0,13.09,67.2,1,1,100.0,4,-0.01,-0.06,0.015,52.6482314,9.7453965,33.0,32.58,52.648227,9.7454015,-0.013788101090755204,-0.01832595714594046,4.2352159628894395,0.035,0.095,-0.01,-0.05971505,-0.009777109,-0.016233323
0 days 00:00:08.040000,-0.0010613488694560112,0.36493200000000003,-0.16480800000000004,9.963036,0.13371844244758238,0.13371844244758238,0.13371844244758238,0.13371844244758238,-0.0017453292519943296,-0.009075712110370514,0.0020943951023931952,0.0,13.09,67.2,1,1,100.0,4,-0.01,-0.055,0.01,52.6482314,9.7453965,33.0,32.57,52.6482271,9.7454014,-0.013788101090755204,-0.01832595714594046,4.2352159628894395,0.015,0.08,0.025,-0.054807514,-0.009847299,-0.011143022
0 days 00:00:08.050000,-0.0010613488694560112,0.46695600000000004,-0.153036,9.892404,0.13371844244758238,0.13371844244758238,0.13371844244758238,0.13371844244758238,-0.0020943951023931952,-0.010471975511965976,0.0017453292519943296,0.0,13.09,67.05,1,1,100.0,4,-0.01,-0.05,0.01,52.6482314,9.7453965,33.0,32.57,52.6482271,9.7454015,-0.013788101090755204,-0.01815142422074103,4.2352159628894395,0.015,0.08,0.025,-0.04981026,-0.009848682,-0.011042713
0 days 00:00:08.060000,-0.0011792765216177901,0.604296,-0.16480800000000004,9.990504,0.13371844244758238,0.13371844244758238,0.13371844244758238,0.13371844244758238,-0.0022689280275926286,-0.0041887902047863905,0.0013962634015954637,0.0,13.09,66.89999999999999,1,1,100.0,4,-0.01,-0.04,0.01,52.6482314,9.7453965,33.0,32.57,52.6482271,9.7454015,-0.013788101090755204,-0.01815142422074103,4.2352159628894395,0.015,0.08,0.025,-0.039811905,-0.009851185,-0.010861226
0 days 00:00:08.070000,-0.0011792765216177901,0.33354000000000006,-0.149112,9.92772,0.12034659820282413,0.12034659820282413,0.12034659820282413,0.12034659820282413,-0.0022689280275926286,-0.005061454830783556,0.0010471975511965976,0.0,13.09,66.75,1,1,100.0,4,-0.01,-0.035,0.01,52.6482314,9.7453965,33.0,32.57,52.6482271,9.7454015,-0.013962634015954637,-0.01815142422074103,4.2352159628894395,0.015,0.08,0.025,-0.03481273,-0.009850557,-0.010772202
0 days 00:00:08.080000,-0.0011792765216177901,0.302148,-0.16088400000000003,9.82962,0.12034659820282413,0.12034659820282413,0.12034659820282413,0.12034659820282413,-0.0022689280275926286,-0.00471238898038469,0.00034906585039886593,0.0,13.09,66.6,1,1,100.0,4,-0.01,-0.03,0.01,52.6482314,9.7453965,33.0,32.57,52.6482271,9.7454015,-0.013962634015954637,-0.017976891295541596,4.2352159628894395,0.015,0.08,0.025,-0.029815393,-0.009851896,-0.010676256
0 days 00:00:08.090000,-0.0011792765216177901,0.33354000000000006,-0.16480800000000004,9.861012,0.12034659820282413,0.12034659820282413,0.12034659820282413,0.12034659820282413,-0.0022689280275926286,-0.0010471975511965976,-0.00034906585039886593,0.0,13.09,66.45,1,1,100.0,4,-0.01,-0.025,0.005,52.6482319,9.7453966,32.88,32.56,52.6482271,9.7454014,-0.013962634015954637,-0.017976891295541596,4.2352159628894395,0.025,0.035,0.025,-0.02490608,-0.0099229505,-0.0055876807
0 days 00:00:08.100000,-0.0012972041737795694,0.05886,-0.133416,9.821772000000001,0.12034659820282413,0.12034659820282413,0.12034659820282413,0.12034659820282413,-0.0022689280275926286,0.0005235987755982988,-0.0006981317007977319,0.0,13.09,66.3,1,1,100.0,4,-0.01,-0.025,0.005,52.6482319,9.7453966,32.88,32.56,52.6482271,9.7454014,-0.013962634015954637,-0.017976891295541596,4.2352159628894395,0.025,0.035,0.025,-0.02490608,-0.0099229505,-0.0055876807
0 days 00:00:08.110000,-0.0012972041737795694,-0.054936000000000006,-0.145188,9.668736,0.12034659820282413,0.12034659820282413,0.12034659820282413,0.12034659820282413,-0.0022689280275926286,-0.0020943951023931952,-0.0008726646259971648,0.0,13.09,66.3,1,1,100.0,4,-0.01,-0.02,0.01,52.6482319,9.7453966,32.88,32.56,52.6482271,9.7454014,-0.013962634015954637,-0.017976891295541596,4.2352159628894395,0.025,0.035,0.025,-0.01981701,-0.009854406,-0.010496515
0 days 00:00:08.120000,-0.0012972041737795694,0.04316400000000001,-0.149112,9.79038,0.12034659820282413,0.12034659820282413,0.12034659820282413,0.12034659820282413,-0.0017453292519943296,0.004886921905584123,-0.0012217304763960308,0.0,13.09,66.3,1,1,100.0,4,-0.01,-0.02,0.01,52.6482319,9.7453966,32.88,32.56,52.6482271,9.7454014,-0.013962634015954637,-0.01815142422074103,4.2352159628894395,0.025,0.035,0.025,-0.019815201,-0.009854358,-0.010499973
0 days 00:00:08.130000,-0.0012972041737795694,-0.27468000000000004,-0.15696000000000002,9.696204000000002,0.12034659820282413,0.12034659820282413,0.12034659820282413,0.12034659820282413,-0.0017453292519943296,0.0036651914291880917,-0.0013962634015954637,0.0,13.09,66.15,1,1,100.0,4,-0.01,-0.02,0.01,52.6482319,9.7453966,32.88,32.56,52.6482271,9.7454014,-0.013962634015954637,-0.01815142422074103,4.2352159628894395,0.025,0.035,0.025,-0.019815201,-0.009854358,-0.010499973
0 days 00:00:08.140000,-0.0012972041737795694,-0.290376,-0.129492,9.590256,0.11366067608044501,0.11366067608044501,0.11366067608044501,0.11366067608044501,-0.0019198621771937623,0.0027925268031909274,-0.0013962634015954637,0.0,13.09,66.0,1,1,100.0,4,-0.01,-0.02,0.01,52.6482317,9.7453966,32.86,32.56,52.6482271,9.7454014,-0.014137166941154071,-0.01815142422074103,4.2352159628894395,0.01,-0.01,-0.025,-0.019815201,-0.009852525,-0.010501692
0 days 00:00:08.150000,-0.0012972041737795694,-0.22759200000000002,-0.15696000000000002,9.700128000000001,0.11366067608044501,0.11366067608044501,0.11366067608044501,0.11366067608044501,-0.0017453292519943296,0.008552113334772213,-0.0015707963267948967,0.0,13.09,66.0,1,1,100.0,4,-0.01,-0.02,0.015,52.6482317,9.7453966,32.86,32.56,52.6482271,9.7454014,-0.014137166941154071,-0.01832595714594046,4.2352159628894395,0.01,-0.01,-0.025,-0.019721767,-0.009781805,-0.015503811
0 days 00:00:08.160000,-0.0012972041737795694,-0.51012,-0.16873200000000002,9.641268,0.11366067608044501,0.11366067608044501,0.11366067608044501,0.11366067608044501,-0.0020943951023931952,0.00645771823237902,-0.0015707963267948967,0.0,13.09,66.0,1,1,100.0,4,-0.01,-0.025,0.015,52.6482317,9.7453966,32.86,32.56,52.6482271,9.7454014,-0.014137166941154071,-0.01832595714594046,4.2352159628894395,0.01,-0.01,-0.025,-0.024720928,-0.009780509,-0.015595426
0 days 00:00:08.170000,-0.0012972041737795694,-0.47088,-0.17265600000000003,9.543168,0.11366067608044501,0.11366067608044501,0.11366067608044501,0.11366067608044501,-0.0022689280275926286,0.005061454830783556,-0.0013962634015954637,0.0,13.09,65.85000000000001,1,1,100.0,4,-0.01,-0.03,0.015,52.6482317,9.7453966,32.86,32.56,52.6482271,9.7454014,-0.014137166941154071,-0.01832595714594046,4.235041429964241,0.01,-0.01,-0.025,-0.029720088,-0.009779214,-0.015687041
0 days 00:00:08.180000,-0.0012972041737795694,-0.3924,-0.16480800000000004,9.645192000000002,0.11366067608044501,0.11366067608044501,0.11366067608044501,0.11366067608044501,-0.002617993877991494,0.00942477796076938,-0.0015707963267948967,0.0,13.09,65.7,1,1,100.0,4,-0.01,-0.03,0.02,52.6482317,9.7453966,32.86,32.56,52.6482271,9.7454014,-0.014137166941154071,-0.018500490071139894,4.235041429964241,0.01,-0.01,-0.025,-0.029624877,-0.00970847,-0.020690873
0 days 00:00:08.190000,-0.0012972041737795694,-0.671004,-0.192276,9.617724,0.11366067608044501,0.11366067608044501,0.11366067608044501,0.11366067608044501,-0.002617993877991494,0.00645771823237902,-0.0010471975511965976,0.0,13.09,65.7,1,1,100.0,4,-0.01,-0.035,0.02,52.648231599999995,9.7453966,32.87,32.55,52.6482271,9.7454014,-0.014137166941154071,-0.018500490071139894,4.235041429964241,-0.005,-0.055,-0.025,-0.03462402,-0.009707162,-0.020783361
0 days 00:00:08.200000,-0.0012972041737795694,-0.557208,-0.18835200000000002,9.543168,0.11366067608044501,0.11366067608044501,0.11366067608044501,0.11366067608044501,-0.0024434609527920616,0.0041887902047863905,-0.0010471975511965976,0.0,13.09,65.7,1,1,100.0,4,-0.01,-0.04,0.025,52.648231599999995,9.7453966,32.87,32.55,52.6482271,9.7454014,-0.014137166941154071,-0.018675022996339326,4.235041429964241,-0.005,-0.055,-0.025,-0.039526176,-0.009635085,-0.025881393
0 days 00:00:08.210000,-0.0012972041737795694,-0.459108,-0.17658000000000004,9.664812000000001,0.11366067608044501,0.11366067608044501,0.11366067608044501,0.11366067608044501,-0.0024434609527920616,0.009075712110370514,-0.0008726646259971648,0.0,13.09,65.7,1,1,100.0,4,-0.01,-0.04,0.025,52.648231599999995,9.7453966,32.87,32.55,52.6482271,9.7454014,-0.014311699866353503,-0.018675022996339326,4.235041429964241,-0.005,-0.055,-0.025,-0.039526176,-0.009630567,-0.025883075
0 days 00:00:08.220000,-0.0012972041737795694,-0.714168,-0.180504,9.637344,0.11366067608044501,0.11366067608044501,0.11366067608044501,0.11366067608044501,-0.0024434609527920616,0.005235987755982988,-0.00034906585039886593,0.0,13.09,65.7,1,1,100.0,4,-0.01,-0.045,0.025,52.648231599999995,9.7453966,32.87,32.55,52.6482271,9.7454014,-0.014311699866353503,-0.018675022996339326,4.235041429964241,-0.005,-0.055,-0.025,-0.044525307,-0.009629232,-0.025976434
0 days 00:00:08.230000,-0.0012972041737795694,-0.6160680000000002,-0.180504,9.605952000000002,0.10028883183568676,0.10028883183568676,0.10028883183568676,0.10028883183568676,-0.0020943951023931952,0.0027925268031909274,0.0,0.0,13.09,65.7,1,1,100.0,4,-0.015,-0.05,0.03,52.648231599999995,9.7453966,32.87,32.55,52.6482271,9.7454014,-0.014311699866353503,-0.01884955592153876,4.235041429964241,-0.005,-0.055,-0.025,-0.049425665,-0.014555717,-0.031148592
0 days 00:00:08.240000,-0.0012972041737795694,-0.47872800000000004,-0.153036,9.719748000000001,0.10028883183568676,0.10028883183568676,0.10028883183568676,0.10028883183568676,-0.0020943951023931952,0.0054105206811824215,-0.00017453292519943296,0.0,13.09,65.7,1,1,100.0,4,-0.015,-0.05,0.03,52.648231599999995,9.7453966,32.87,32.55,52.6482271,9.7454013,-0.014311699866353503,-0.01884955592153876,4.235041429964241,-0.03,-0.01,-0.005,-0.049425665,-0.014555717,-0.031148592
0 days 00:00:08.250000,-0.0012972041737795694,-0.6396120000000001,-0.16873200000000002,9.73152,0.10028883183568676,0.10028883183568676,0.10028883183568676,0.10028883183568676,-0.0017453292519943296,0.0019198621771937623,0.0005235987755982988,0.0,13.09,65.7,1,1,100.0,4,-0.015,-0.055,0.03,52.648231599999995,9.7453966,32.87,32.54,52.6482271,9.7454013,-0.014311699866353503,-0.01884955592153876,4.235041429964241,-0.03,-0.01,-0.005,-0.054424778,-0.014554368,-0.031242825
0 days 00:00:08.260000,-0.0012972041737795694,-0.47872800000000004,-0.149112,9.719748000000001,0.10028883183568676,0.10028883183568676,0.10028883183568676,0.10028883183568676,-0.0010471975511965976,-0.00034906585039886593,0.00034906585039886593,0.0,13.09,65.7,1,1,100.0,4,-0.015,-0.06,0.03,52.648231599999995,9.7453966,32.87,32.54,52.6482272,9.7454013,-0.014311699866353503,-0.01884955592153876,4.235041429964241,-0.03,-0.01,-0.005,-0.059423886,-0.01455302,-0.031337056
0 days 00:00:08.270000,-0.0012972041737795694,-0.37278,-0.149112,9.825696,0.10028883183568676,0.10028883183568676,0.10028883183568676,0.10028883183568676,-0.0006981317007977319,0.0013962634015954637,0.0005235987755982988,0.0,13.09,65.7,1,1,100.0,4,-0.015,-0.06,0.03,52.648231599999995,9.7453966,32.87,32.54,52.6482272,9.7454013,-0.014311699866353503,-0.01884955592153876,4.235041429964241,-0.03,-0.01,-0.005,-0.059423886,-0.01455302,-0.031337056
0 days 00:00:08.280000,-0.0012972041737795694,-0.45126,-0.16480800000000004,9.821772000000001,0.10028883183568676,0.10028883183568676,0.10028883183568676,0.10028883183568676,0.00017453292519943296,-0.0024434609527920616,0.0008726646259971648,0.0,13.09,65.7,1,1,100.0,4,-0.015,-0.065,0.03,52.648231599999995,9.7453966,32.87,32.54,52.6482272,9.7454013,-0.014311699866353503,-0.01884955592153876,4.235041429964241,-0.03,-0.01,-0.005,-0.064422995,-0.01455167,-0.03143129
0 days 00:00:08.290000,-0.0012972041737795694,-0.30999600000000005,-0.15696000000000002,9.817848000000001,0.10028883183568676,0.10028883183568676,0.10028883183568676,0.10028883183568676,0.0006981317007977319,-0.0038397243543875246,0.0012217304763960308,0.0,13.09,65.7,1,1,100.0,4,-0.015,-0.065,0.03,52.648231599999995,9.7453965,32.86,32.54,52.6482272,9.7454013,-0.014311699866353503,-0.01884955592153876,4.235041429964241,-0.015,0.0,0.005,-0.064422995,-0.01455167,-0.03143129
0 days 00:00:08.300000,-0.0014151318259413483,-0.20404800000000003,-0.15696000000000002,9.935568000000002,0.10028883183568676,0.10028883183568676,0.10028883183568676,0.10028883183568676,0.0017453292519943296,-0.0020943951023931952,0.0012217304763960308,0.0,13.09,65.7,1,1,100.0,4,-0.015,-0.065,0.03,52.648231599999995,9.7453965,32.86,32.54,52.6482272,9.7454013,-0.014311699866353503,-0.01884955592153876,4.235041429964241,-0.015,0.0,0.005,-0.064422995,-0.01455167,-0.03143129
0 days 00:00:08.310000,-0.0014151318259413483,-0.278604,-0.13734000000000002,9.904176000000001,0.10028883183568676,0.10028883183568676,0.10028883183568676,0.10028883183568676,0.0019198621771937623,-0.005585053606381855,0.0012217304763960308,0.0,13.09,65.7,1,1,100.0,4,-0.015,-0.065,0.025,52.648231599999995,9.7453965,32.86,32.54,52.6482272,9.7454013,-0.014311699866353503,-0.01884955592153876,4.235041429964241,-0.015,0.0,0.005,-0.06451724,-0.014623214,-0.026432691
0 days 00:00:08.320000,-0.0014151318259413483,-0.133416,-0.153036,9.892404,0.10028883183568676,0.10028883183568676,0.10028883183568676,0.10028883183568676,0.0020943951023931952,-0.006806784082777885,0.0013962634015954637,0.0,13.09,65.7,1,1,100.0,4,-0.015,-0.06,0.025,52.648231599999995,9.7453965,32.86,32.56,52.6482271,9.7454014,-0.014311699866353503,-0.01884955592153876,4.235041429964241,-0.015,0.0,0.005,-0.05951813,-0.014624563,-0.026338458
0 days 00:00:08.330000,-0.0014151318259413483,-0.031392,-0.145188,9.998352000000002,0.10028883183568676,0.10028883183568676,0.10028883183568676,0.10028883183568676,0.0024434609527920616,-0.004886921905584123,0.0010471975511965976,0.0,13.09,65.7,1,1,100.0,4,-0.015,-0.06,0.025,52.648231599999995,9.7453965,32.86,32.56,52.6482271,9.7454014,-0.014137166941154071,-0.018675022996339326,4.235041429964241,-0.015,0.0,0.005,-0.05952269,-0.014629305,-0.026325518
0 days 00:00:08.340000,-0.0014151318259413483,-0.10987200000000001,-0.153036,9.970884,0.0,0.0,0.0,0.0,0.0024434609527920616,-0.007853981633974483,0.0010471975511965976,0.0,13.09,65.7,1,1,100.0,4,-0.015,-0.06,0.02,52.6482317,9.7453968,32.82,32.56,52.6482271,9.7454014,-0.014137166941154071,-0.018675022996339326,4.235041429964241,0.01,0.02,-0.02,-0.05961606,-0.014699977,-0.021326888
0 days 00:00:08.350000,-0.0014151318259413483,0.015696,-0.153036,9.951264,0.0,0.0,0.0,0.0,0.0024434609527920616,-0.008552113334772213,0.0012217304763960308,0.0,13.09,65.7,1,1,100.0,4,-0.015,-0.055,0.02,52.6482317,9.7453968,32.82,32.56,52.6482271,9.7454014,-0.014137166941154071,-0.018675022996339326,4.2352159628894395,0.01,0.02,-0.02,-0.05461693,-0.014701297,-0.021233527
0 days 00:00:08.360000,-0.0014151318259413483,0.12164400000000002,-0.145188,10.010124000000001,0.0,0.0,0.0,0.0,0.0024434609527920616,-0.005934119456780722,0.0008726646259971648,0.0,13.09,65.7,1,1,100.0,4,-0.015,-0.05,0.02,52.6482317,9.7453968,32.82,32.56,52.6482271,9.7454014,-0.014137166941154071,-0.018500490071139894,4.2352159628894395,0.01,0.02,-0.02,-0.049621455,-0.014702739,-0.021131508
0 days 00:00:08.370000,-0.0014151318259413483,-0.007848,-0.153036,9.94734,0.0,0.0,0.0,0.0,0.0019198621771937623,-0.008377580409572781,0.0008726646259971648,0.0,13.09,65.7,1,1,100.0,4,-0.015,-0.05,0.015,52.6482317,9.7453968,32.82,32.56,52.6482271,9.7454014,-0.014137166941154071,-0.018500490071139894,4.2352159628894395,0.01,0.02,-0.02,-0.04971395,-0.014773411,-0.016132863
0 days 00:00:08.380000,-0.0014151318259413483,0.153036,-0.14126400000000003,9.92772,0.0,0.0,0.0,0.0,0.0015707963267948967,-0.008028514559173916,0.00017453292519943296,0.0,13.09,65.7,1,1,100.0,4,-0.015,-0.045,0.015,52.6482317,9.7453968,32.82,32.56,52.6482271,9.7454014,-0.014137166941154071,-0.01832595714594046,4.2352159628894395,0.01,0.02,-0.02,-0.044717573,-0.014774828,-0.016032571
0 days 00:00:08.390000,-0.0014151318259413483,0.16480800000000004,-0.153036,9.963036,0.0,0.0,0.0,0.0,0.0012217304763960308,-0.005235987755982988,0.00034906585039886593,0.0,13.09,65.7,1,1,100.0,4,-0.015,-0.045,0.015,52.6482317,9.7453968,32.82,32.56,52.6482271,9.7454014,-0.014137166941154071,-0.01832595714594046,4.2352159628894395,0.015,0.03,-0.04,-0.044717573,-0.014774828,-0.016032571
0 days 00:00:08.400000,-0.0014151318259413483,0.062784,-0.14126400000000003,9.915948000000002,0.0,0.0,0.0,0.0,0.0006981317007977319,-0.006283185307179587,0.00017453292519943296,0.0,13.09,65.7,1,1,100.0,4,-0.015,-0.04,0.015,52.6482317,9.7453968,32.82,32.56,52.6482271,9.7454014,-0.014137166941154071,-0.01832595714594046,4.2352159628894395,0.015,0.03,-0.04,-0.03971841,-0.014776124,-0.015940957
0 days 00:00:08.410000,-0.0014151318259413483,0.12164400000000002,-0.149112,9.84924,0.0,0.0,0.0,0.0,0.00034906585039886593,-0.005585053606381855,0.00017453292519943296,0.0,13.09,65.7,1,1,100.0,4,-0.015,-0.035,0.015,52.6482317,9.7453968,32.82,32.56,52.6482271,9.7454014,-0.014137166941154071,-0.01832595714594046,4.2352159628894395,0.015,0.03,-0.04,-0.034719247,-0.014777419,-0.01584934
0 days 00:00:08.420000,-0.0014151318259413483,0.133416,-0.145188,9.904176000000001,0.0,0.0,0.0,0.0,0.00017453292519943296,-0.0024434609527920616,-0.00034906585039886593,0.0,13.09,65.7,1,1,100.0,4,-0.015,-0.035,0.01,52.6482317,9.7453968,32.82,32.56,52.6482271,9.7454014,-0.014137166941154071,-0.01832595714594046,4.2352159628894395,0.015,0.03,-0.04,-0.03481087,-0.014848091,-0.01085068
0 days 00:00:08.430000,-0.0014151318259413483,-0.03531600000000001,-0.149112,9.845316,0.0,0.0,0.0,0.0,-0.00017453292519943296,-0.003490658503988659,-0.00034906585039886593,0.0,13.09,65.7,1,1,100.0,4,-0.015,-0.03,0.01,52.6482317,9.7453968,32.82,32.56,52.6482271,9.7454014,-0.014137166941154071,-0.01815142422074103,4.2352159628894395,0.015,0.03,-0.04,-0.029813554,-0.014849459,-0.010753862
0 days 00:00:08.440000,-0.0014151318259413483,0.023544000000000002,-0.133416,9.794304,0.0,0.0,0.0,0.0,-0.0006981317007977319,-0.0020943951023931952,-0.0006981317007977319,0.0,13.09,65.7,1,1,100.0,4,-0.01,-0.025,0.01,52.648231599999995,9.7453968,32.83,32.56,52.6482271,9.7454014,-0.014137166941154071,-0.01832595714594046,4.2352159628894395,0.005,0.025,0.02,-0.024812553,-0.009851181,-0.010596765
0 days 00:00:08.450000,-0.0014151318259413483,-0.039240000000000004,-0.15696000000000002,9.82962,0.0,0.0,0.0,0.0,-0.0008726646259971648,0.0010471975511965976,-0.00034906585039886593,0.0,13.09,65.7,1,1,100.0,4,-0.01,-0.025,0.005,52.648231599999995,9.7453968,32.83,32.56,52.6482271,9.7454014,-0.014137166941154071,-0.01832595714594046,4.2352159628894395,0.005,0.025,0.02,-0.024904177,-0.0099218525,-0.005598105
0 days 00:00:08.460000,-0.0014151318259413483,-0.180504,-0.145188,9.758988,0.0,0.0,0.0,0.0,-0.0012217304763960308,0.0,-0.00034906585039886593,0.0,13.09,65.7,1,1,100.0,4,-0.01,-0.025,0.01,52.648231599999995,9.7453968,32.83,32.56,52.6482271,9.7454014,-0.014137166941154071,-0.01832595714594046,4.2352159628894395,0.005,0.025,0.02,-0.024812553,-0.009851181,-0.010596765
0 days 00:00:08.470000,-0.0014151318259413483,-0.10202400000000002,-0.13734000000000002,9.723672,0.0,0.0,0.0,0.0,-0.0010471975511965976,0.0012217304763960308,-0.0008726646259971648,0.0,13.09,65.7,1,1,100.0,4,-0.01,-0.025,0.01,52.648231599999995,9.7453968,32.83,32.56,52.6482271,9.7454014,-0.014137166941154071,-0.01832595714594046,4.235041429964241,0.005,0.025,0.02,-0.024812553,-0.009851181,-0.010596765
0 days 00:00:08.480000,-0.0014151318259413483,-0.16480800000000004,-0.14126400000000003,9.762912000000002,0.0,0.0,0.0,0.0,-0.0008726646259971648,0.004014257279586958,-0.0006981317007977319,0.0,13.09,65.7,1,1,100.0,4,-0.01,-0.025,0.01,52.648231599999995,9.7453968,32.83,32.56,52.6482271,9.7454014,-0.014137166941154071,-0.01832595714594046,4.235041429964241,0.005,0.025,0.02,-0.024812553,-0.009851181,-0.010596765
0 days 00:00:08.490000,-0.0014151318259413483,-0.290376,-0.13734000000000002,9.700128000000001,0.0,0.0,0.0,0.0,-0.0010471975511965976,0.0024434609527920616,-0.0006981317007977319,0.0,13.09,65.7,1,1,100.0,4,-0.01,-0.02,0.005,52.648231599999995,9.7453968,32.83,32.56,52.6482271,9.7454014,-0.014137166941154071,-0.018500490071139894,4.235041429964241,-0.005,0.0,0.015,-0.01990408,-0.009923099,-0.0055099633
0 days 00:00:08.500000,-0.0014151318259413483,-0.23544,-0.145188,9.680508000000001,0.0,0.0,0.0,0.0,-0.0008726646259971648,0.0036651914291880917,-0.0005235987755982988,0.0,13.09,65.7,1,1,100.0,4,-0.01,-0.02,0.01,52.648231599999995,9.7453968,32.83,32.56,52.6482271,9.7454014,-0.014137166941154071,-0.018500490071139894,4.235041429964241,-0.005,0.0,0.015,-0.019811584,-0.009852427,-0.010508607
0 days 00:00:08.510000,-0.0014151318259413483,-0.27075600000000005,-0.133416,9.727596,0.0,0.0,0.0,0.0,-0.0006981317007977319,0.005934119456780722,-0.00034906585039886593,0.0,13.09,65.7,1,1,100.0,4,-0.01,-0.02,0.01,52.648231599999995,9.7453968,32.83,32.56,52.6482271,9.7454014,-0.014137166941154071,-0.018675022996339326,4.235041429964241,-0.005,0.0,0.015,-0.019809773,-0.009852379,-0.010512065
0 days 00:00:08.520000,-0.0014151318259413483,-0.380628,-0.14126400000000003,9.672660000000002,0.0,0.0,0.0,0.0,-0.0005235987755982988,0.0041887902047863905,-0.0005235987755982988,0.0,13.09,65.7,1,1,100.0,4,-0.01,-0.02,0.01,52.648231599999995,9.7453968,32.83,32.56,52.6482271,9.7454014,-0.014137166941154071,-0.018675022996339326,4.235041429964241,-0.005,0.0,0.015,-0.019809773,-0.009852379,-0.010512065
0 days 00:00:08.530000,-0.0014151318259413483,-0.33354000000000006,-0.13734000000000002,9.660888,0.0,0.0,0.0,0.0,-0.0005235987755982988,0.004537856055185257,-0.0005235987755982988,0.0,13.09,65.7,1,1,100.0,4,-0.01,-0.025,0.01,52.648231599999995,9.7453968,32.83,32.56,52.6482271,9.7454014,-0.014137166941154071,-0.018675022996339326,4.235041429964241,-0.005,0.0,0.015,-0.024808902,-0.009851058,-0.010605426
0 days 00:00:08.540000,-0.0014151318259413483,-0.33746400000000004,-0.129492,9.700128000000001,0.0,0.0,0.0,0.0,-0.0010471975511965976,0.006283185307179587,-0.00034906585039886593,0.0,13.09,65.7,1,1,100.0,4,-0.01,-0.02,0.01,52.6482317,9.7453969,32.83,32.56,52.6482271,9.7454014,-0.014311699866353503,-0.019024088846738195,4.235041429964241,-0.005,-0.025,-0.0,-0.01980615,-0.009850444,-0.0105206985
0 days 00:00:08.550000,-0.0014151318259413483,-0.4434120000000001,-0.13734000000000002,9.711900000000002,0.0,0.0,0.0,0.0,-0.0008726646259971648,0.004363323129985824,-0.00034906585039886593,0.0,13.09,65.55,1,1,100.0,4,-0.01,-0.02,0.01,52.6482317,9.7453969,32.83,32.56,52.6482271,9.7454014,-0.014311699866353503,-0.019024088846738195,4.235041429964241,-0.005,-0.025,-0.0,-0.01980615,-0.009850444,-0.0105206985
0 days 00:00:08.560000,-0.0014151318259413483,-0.40024800000000005,-0.153036,9.707976,0.0,0.0,0.0,0.0,-0.0005235987755982988,0.003490658503988659,0.00017453292519943296,0.0,13.09,65.39999999999999,1,1,100.0,4,-0.01,-0.02,0.015,52.6482317,9.7453969,32.83,32.56,52.6482271,9.7454014,-0.014311699866353503,-0.019024088846738195,4.235041429964241,-0.005,-0.025,-0.0,-0.019711036,-0.009778902,-0.015519281
0 days 00:00:08.570000,-0.0014151318259413483,-0.34531200000000006,-0.13734000000000002,9.751140000000001,0.0,0.0,0.0,0.0,-0.0005235987755982988,0.004886921905584123,0.00034906585039886593,0.0,13.09,65.55,1,1,100.0,4,-0.01,-0.025,0.015,52.6482317,9.7453969,32.83,32.56,52.6482271,9.7454014,-0.014311699866353503,-0.019198621771937627,4.235041429964241,-0.005,-0.025,-0.0,-0.024707431,-0.009777479,-0.015618699
0 days 00:00:08.580000,-0.0014151318259413483,-0.41202000000000005,-0.133416,9.743292000000002,0.0,0.0,0.0,0.0,-0.0008726646259971648,0.002967059728390361,0.00034906585039886593,0.0,13.09,65.7,1,1,100.0,4,-0.01,-0.025,0.015,52.6482317,9.7453969,32.83,32.56,52.6482271,9.7454014,-0.014311699866353503,-0.019198621771937627,4.235041429964241,-0.005,-0.025,-0.0,-0.024707431,-0.009777479,-0.015618699
0 days 00:00:08.590000,-0.0014151318259413483,-0.361008,-0.149112,9.762912000000002,0.0,0.0,0.0,0.0,-0.0005235987755982988,0.0017453292519943296,0.0005235987755982988,0.0,13.09,65.55,1,1,100.0,4,-0.01,-0.02,0.015,52.6482317,9.7453969,32.83,32.56,52.6482271,9.7454014,-0.014311699866353503,-0.01937315469713706,4.235041429964241,-0.005,-0.025,-0.035,-0.019705668,-0.009778803,-0.015526161
0 days 00:00:08.600000,-0.0014151318259413483,-0.28252800000000006,-0.149112,9.794304,0.0,0.0,0.0,0.0,-0.0006981317007977319,0.002617993877991494,0.0005235987755982988,0.0,13.09,65.39999999999999,1,1,100.0,4,-0.01,-0.02,0.015,52.6482317,9.7453969,32.83,32.56,52.6482271,9.7454014,-0.014311699866353503,-0.01937315469713706,4.235041429964241,-0.005,-0.025,-0.035,-0.019705668,-0.009778803,-0.015526161
0 days 00:00:08.610000,-0.0014151318259413483,-0.3296160000000001,-0.149112,9.802152000000001,0.0,0.0,0.0,0.0,-0.0008726646259971648,0.0006981317007977319,0.0008726646259971648,0.0,13.09,65.55,1,1,100.0,4,-0.01,-0.025,0.015,52.6482317,9.7453969,32.83,32.56,52.6482271,9.7454014,-0.014311699866353503,-0.01937315469713706,4.235041429964241,-0.005,-0.025,-0.035,-0.024704732,-0.0097774165,-0.01562301
0 days 00:00:08.620000,-0.0014151318259413483,-0.25506,-0.145188,9.806076000000001,0.0,0.0,0.0,0.0,-0.0006981317007977319,-0.0008726646259971648,0.0005235987755982988,0.0,13.09,65.7,1,1,100.0,4,-0.01,-0.025,0.015,52.6482317,9.7453969,32.83,32.56,52.6482271,9.7454014,-0.014311699866353503,-0.01937315469713706,4.235041429964241,-0.005,-0.025,-0.035,-0.024704732,-0.0097774165,-0.01562301
0 days 00:00:08.630000,-0.0014151318259413483,-0.1962,-0.16480800000000004,9.864936,0.0,0.0,0.0,0.0,-0.0006981317007977319,-0.00017453292519943296,0.0006981317007977319,0.0,13.09,65.55,1,1,100.0,4,-0.01,-0.025,0.015,52.6482317,9.7453969,32.83,32.56,52.6482271,9.7454014,-0.014311699866353503,-0.01937315469713706,4.235041429964241,-0.005,-0.025,-0.035,-0.024704732,-0.0097774165,-0.01562301
0 days 00:00:08.640000,-0.0014151318259413483,-0.24721200000000002,-0.153036,9.857088000000003,0.0,0.0,0.0,0.0,-0.0005235987755982988,-0.0020943951023931952,0.0008726646259971648,0.0,13.09,65.39999999999999,1,1,100.0,4,-0.01,-0.025,0.015,52.6482317,9.7453969,32.82,32.56,52.6482271,9.7454014,-0.014311699866353503,-0.01937315469713706,4.235041429964241,0.0,0.025,-0.04,-0.024704732,-0.0097774165,-0.01562301
0 days 00:00:08.650000,-0.0014151318259413483,-0.16088400000000003,-0.15696000000000002,9.857088000000003,0.0,0.0,0.0,0.0,-0.00034906585039886593,-0.002967059728390361,0.0008726646259971648,0.0,13.09,65.39999999999999,1,1,100.0,4,-0.01,-0.025,0.015,52.6482317,9.7453969,32.82,32.56,52.6482271,9.7454014,-0.014311699866353503,-0.01937315469713706,4.235041429964241,0.0,0.025,-0.04,-0.024704732,-0.0097774165,-0.01562301
0 days 00:00:08.660000,-0.0014151318259413483,-0.125568,-0.16088400000000003,9.904176000000001,0.0,0.0,0.0,0.0,-0.00017453292519943296,-0.0024434609527920616,0.0006981317007977319,0.0,13.09,65.39999999999999,1,1,100.0,4,-0.01,-0.02,0.015,52.6482317,9.7453969,32.82,32.56,52.6482271,9.7454014,-0.014311699866353503,-0.01937315469713706,4.235041429964241,0.0,0.025,-0.04,-0.019705668,-0.009778803,-0.015526161
0 days 00:00:08.670000,-0.0014151318259413483,-0.15696000000000002,-0.15696000000000002,9.880632000000002,0.0,0.0,0.0,0.0,-0.00017453292519943296,-0.004014257279586958,0.0005235987755982988,0.0,13.09,65.39999999999999,1,1,100.0,4,-0.01,-0.02,0.015,52.6482317,9.7453969,32.82,32.56,52.6482271,9.7454014,-0.014311699866353503,-0.01937315469713706,4.235041429964241,0.0,0.025,-0.04,-0.019705668,-0.009778803,-0.015526161
0 days 00:00:08.680000,-0.0014151318259413483,-0.10987200000000001,-0.153036,9.861012,0.0,0.0,0.0,0.0,-0.00034906585039886593,-0.004886921905584123,0.0005235987755982988,0.0,13.09,65.39999999999999,1,1,100.0,4,-0.01,-0.02,0.015,52.6482317,9.7453969,32.82,32.56,52.6482271,9.7454014,-0.014311699866353503,-0.019198621771937627,4.235041429964241,0.0,0.025,-0.04,-0.019708352,-0.009778853,-0.015522721
0 days 00:00:08.690000,-0.0014151318259413483,-0.05101200000000001,-0.17265600000000003,9.915948000000002,0.0,0.0,0.0,0.0,-0.00017453292519943296,-0.0038397243543875246,0.00034906585039886593,0.0,13.09,65.39999999999999,1,1,100.0,4,-0.01,-0.02,0.015,52.6482317,9.7453969,32.82,32.56,52.6482271,9.7454014,-0.014311699866353503,-0.019198621771937627,4.235041429964241,-0.005,0.02,-0.005,-0.019708352,-0.009778853,-0.015522721
0 days 00:00:08.700000,-0.0014151318259413483,-0.0981,-0.17265600000000003,9.892404,0.0,0.0,0.0,0.0,-0.00017453292519943296,-0.00471238898038469,0.0005235987755982988,0.0,13.09,65.39999999999999,1,1,100.0,4,-0.01,-0.015,0.01,52.6482317,9.7453969,32.82,32.56,52.6482271,9.7454014,-0.014311699866353503,-0.019198621771937627,4.235041429964241,-0.005,0.02,-0.005,-0.014805261,-0.00985177,-0.010428177
0 days 00:00:08.710000,-0.0014151318259413483,-0.03531600000000001,-0.16088400000000003,9.864936,0.0,0.0,0.0,0.0,0.0,-0.00471238898038469,0.00017453292519943296,0.0,13.09,65.39999999999999,1,1,100.0,4,-0.01,-0.015,0.01,52.6482317,9.7453969,32.82,32.56,52.6482271,9.7454014,-0.014311699866353503,-0.019198621771937627,4.235041429964241,-0.005,0.02,-0.005,-0.014805261,-0.00985177,-0.010428177
0 days 00:00:08.720000,-0.0014151318259413483,-0.007848,-0.15696000000000002,9.876708000000002,0.0,0.0,0.0,0.0,0.0,-0.0031415926535897933,0.00017453292519943296,0.0,13.09,65.39999999999999,1,1,100.0,4,-0.015,-0.015,0.01,52.6482317,9.7453969,32.82,32.56,52.6482271,9.7454014,-0.014311699866353503,-0.019198621771937627,4.235041429964241,-0.005,0.02,-0.005,-0.014805261,-0.014851257,-0.0104997335
0 days 00:00:08.730000,-0.0014151318259413483,-0.08632800000000002,-0.16480800000000004,9.86886,0.0,0.0,0.0,0.0,0.0,-0.0038397243543875246,0.0,0.0,13.09,65.39999999999999,1,1,100.0,4,-0.015,-0.01,0.01,52.6482317,9.7453969,32.82,32.56,52.6482271,9.7454014,-0.014311699866353503,-0.019024088846738195,4.235041429964241,-0.005,0.02,-0.005,-0.009807961,-0.014852655,-0.010402044
0 days 00:00:08.740000,-0.0014151318259413483,-0.047088000000000005,-0.17658000000000004,9.825696,0.0,0.0,0.0,0.0,0.00034906585039886593,-0.0036651914291880917,0.0,0.0,13.09,65.39999999999999,1,1,100.0,4,0.0,-0.01,0.015,52.648231599999995,9.7453969,32.82,32.56,52.6482271,9.7454014,-0.014486232791552936,-0.019024088846738195,4.235041429964241,0.02,0.005,-0.03,-0.009712846,0.00022000217,-0.015185921
0 days 00:00:08.750000,-0.0014151318259413483,-0.03531600000000001,-0.15696000000000002,9.837468000000001,0.0,0.0,0.0,0.0,0.00017453292519943296,-0.0013962634015954637,-0.00017453292519943296,0.0,13.09,65.39999999999999,1,1,100.0,4,0.0,-0.01,0.015,52.648231599999995,9.7453969,32.82,32.56,52.6482271,9.7454014,-0.014486232791552936,-0.019024088846738195,4.235041429964241,0.02,0.005,-0.03,-0.009712846,0.00022000217,-0.015185921
0 days 00:00:08.760000,-0.0014151318259413483,-0.125568,-0.153036,9.817848000000001,0.0,0.0,0.0,0.0,0.00017453292519943296,-0.0022689280275926286,-0.00034906585039886593,0.0,13.09,65.39999999999999,1,1,100.0,4,0.0,-0.01,0.015,52.648231599999995,9.7453969,32.82,32.56,52.6482271,9.7454014,-0.014486232791552936,-0.019024088846738195,4.235041429964241,0.02,0.005,-0.03,-0.009712846,0.00022000217,-0.015185921
0 days 00:00:08.770000,-0.0014151318259413483,-0.11772,-0.15696000000000002,9.79038,0.0,0.0,0.0,0.0,-0.00034906585039886593,-0.0017453292519943296,-0.00017453292519943296,0.0,13.09,65.39999999999999,1,1,100.0,4,0.0,-0.01,0.015,52.648231599999995,9.7453969,32.82,32.56,52.6482271,9.7454014,-0.014486232791552936,-0.019024088846738195,4.235041429964241,0.02,0.005,-0.03,-0.009712846,0.00022000217,-0.015185921
0 days 00:00:08.780000,-0.0014151318259413483,-0.08632800000000002,-0.16480800000000004,9.817848000000001,0.0,0.0,0.0,0.0,-0.00017453292519943296,0.0005235987755982988,-0.00034906585039886593,0.0,13.09,65.39999999999999,1,1,100.0,4,0.0,-0.01,0.015,52.648231599999995,9.7453969,32.82,32.56,52.6482271,9.7454014,-0.014486232791552936,-0.019024088846738195,4.235041429964241,0.02,0.005,-0.03,-0.009712846,0.00022000217,-0.015185921
0 days 00:00:08.790000,-0.0014151318259413483,-0.184428,-0.153036,9.794304,0.0,0.0,0.0,0.0,-0.00017453292519943296,0.00017453292519943296,-0.0005235987755982988,0.0,13.09,65.39999999999999,1,1,100.0,4,0.005,-0.01,0.005,52.648231599999995,9.7453969,32.82,32.56,52.6482271,9.7454014,-0.014660765716752368,-0.019024088846738195,4.235041429964241,0.015,0.0,0.035,-0.009903075,0.0050755395,-0.0051154657
0 days 00:00:08.800000,-0.0014151318259413483,-0.16873200000000002,-0.153036,9.735444000000001,0.0,0.0,0.0,0.0,-0.0005235987755982988,0.00017453292519943296,-0.00034906585039886593,0.0,13.09,65.39999999999999,1,1,100.0,4,0.005,-0.01,0.005,52.648231599999995,9.7453969,32.82,32.56,52.6482271,9.7454014,-0.014660765716752368,-0.019024088846738195,4.235041429964241,0.015,0.0,0.035,-0.009903075,0.0050755395,-0.0051154657
0 days 00:00:08.810000,-0.0014151318259413483,-0.153036,-0.15696000000000002,9.778608,0.0,0.0,0.0,0.0,-0.00034906585039886593,0.0020943951023931952,-0.0005235987755982988,0.0,13.09,65.39999999999999,1,1,100.0,4,0.005,-0.01,0.005,52.648231599999995,9.7453969,32.82,32.56,52.6482271,9.7454014,-0.014660765716752368,-0.019024088846738195,4.235041429964241,0.015,0.0,0.035,-0.009903075,0.0050755395,-0.0051154657
0 days 00:00:08.820000,-0.0014151318259413483,-0.223668,-0.145188,9.758988,0.0,0.0,0.0,0.0,-0.00034906585039886593,0.0022689280275926286,-0.0005235987755982988,0.0,13.09,65.39999999999999,1,1,100.0,4,0.005,-0.01,0.005,52.648231599999995,9.7453969,32.82,32.56,52.6482271,9.7454014,-0.014660765716752368,-0.019198621771937627,4.235041429964241,0.015,0.0,0.035,-0.00990217,0.0050755646,-0.005117194
0 days 00:00:08.830000,-0.0014151318259413483,-0.22759200000000002,-0.145188,9.727596,0.0,0.0,0.0,0.0,-0.00034906585039886593,0.0020943951023931952,-0.0005235987755982988,0.0,13.09,65.39999999999999,1,1,100.0,4,0.005,-0.005,0.005,52.648231599999995,9.7453969,32.82,32.56,52.6482271,9.7454014,-0.014660765716752368,-0.019198621771937627,4.235041429964241,0.005,-0.005,0.015,-0.004903091,0.0050741574,-0.005021217
0 days 00:00:08.840000,-0.0014151318259413483,-0.20797200000000002,-0.153036,9.762912000000002,0.0,0.0,0.0,0.0,-0.00017453292519943296,0.0036651914291880917,-0.00034906585039886593,0.0,13.09,65.39999999999999,1,1,100.0,4,0.005,-0.005,0.005,52.648231599999995,9.7453969,32.82,32.56,52.6482271,9.7454014,-0.014660765716752368,-0.019198621771937627,4.235041429964241,0.005,-0.005,0.015,-0.004903091,0.0050741574,-0.005021217
0 days 00:00:08.850000,-0.0014151318259413483,-0.266832,-0.14126400000000003,9.743292000000002,0.0,0.0,0.0,0.0,-0.00034906585039886593,0.003316125578789226,-0.00034906585039886593,0.0,13.09,65.25,1,1,100.0,4,0.005,-0.005,0.005,52.648231599999995,9.7453969,32.82,32.56,52.6482271,9.7454014,-0.014660765716752368,-0.019198621771937627,4.235041429964241,0.005,-0.005,0.015,-0.004903091,0.0050741574,-0.005021217
0 days 00:00:08.860000,-0.0014151318259413483,-0.27468000000000004,-0.145188,9.751140000000001,0.0,0.0,0.0,0.0,-0.00017453292519943296,0.002967059728390361,-0.00017453292519943296,0.0,13.09,65.1,1,1,100.0,4,0.005,-0.005,0.005,52.648231599999995,9.7453969,32.82,32.56,52.6482271,9.7454014,-0.014660765716752368,-0.01937315469713706,4.235041429964241,0.005,-0.005,0.015,-0.0049022017,0.00507417,-0.0050220727
0 days 00:00:08.870000,-0.0014151318259413483,-0.25506,-0.133416,9.766836000000001,0.0,0.0,0.0,0.0,-0.00017453292519943296,0.003316125578789226,-0.00017453292519943296,0.0,13.09,65.1,1,1,100.0,4,0.005,-0.01,0.005,52.648231599999995,9.7453969,32.82,32.56,52.6482271,9.7454014,-0.014660765716752368,-0.01937315469713706,4.235041429964241,0.005,-0.005,0.015,-0.009901264,0.00507559,-0.005118922
0 days 00:00:08.880000,-0.0014151318259413483,-0.28252800000000006,-0.149112,9.770760000000001,0.0,0.0,0.0,0.0,0.00017453292519943296,0.002967059728390361,0.0,0.0,13.09,65.1,1,1,100.0,4,0.005,-0.01,0.005,52.648231599999995,9.7453969,32.82,32.56,52.6482271,9.7454014,-0.014660765716752368,-0.01937315469713706,4.235041429964241,0.005,-0.005,0.015,-0.009901264,0.00507559,-0.005118922
0 days 00:00:08.890000,-0.0014151318259413483,-0.278604,-0.133416,9.762912000000002,0.0,0.0,0.0,0.0,0.00017453292519943296,0.0024434609527920616,0.00017453292519943296,0.0,13.09,65.1,1,1,100.0,4,-0.005,-0.005,-0.0,52.648231599999995,9.7453968,32.82,32.56,52.6482271,9.7454014,-0.014486232791552936,-0.01937315469713706,4.235041429964241,-0.02,-0.005,0.025,-0.0049990616,-0.0049980725,-0.00016927817
0 days 00:00:08.900000,-0.0014151318259413483,-0.258984,-0.149112,9.798228,0.0,0.0,0.0,0.0,0.00034906585039886593,0.002617993877991494,0.00034906585039886593,0.0,13.09,65.1,1,1,100.0,4,-0.005,-0.005,-0.0,52.648231599999995,9.7453968,32.82,32.56,52.6482271,9.7454014,-0.014486232791552936,-0.019547687622336492,4.235041429964241,-0.02,-0.005,0.025,-0.004999045,-0.0049980595,-0.00017015058
0 days 00:00:08.910000,-0.0014151318259413483,-0.278604,-0.145188,9.79038,0.0,0.0,0.0,0.0,0.00034906585039886593,0.0019198621771937623,0.00034906585039886593,0.0,13.09,65.1,1,1,100.0,4,-0.005,-0.005,-0.0,52.648231599999995,9.7453968,32.82,32.56,52.6482271,9.7454014,-0.014486232791552936,-0.019547687622336492,4.235041429964241,-0.02,-0.005,0.025,-0.004999045,-0.0049980595,-0.00017015058
0 days 00:00:08.920000,-0.0014151318259413483,-0.258984,-0.13734000000000002,9.794304,0.0,0.0,0.0,0.0,0.00034906585039886593,0.0008726646259971648,0.0005235987755982988,0.0,13.09,65.1,1,1,100.0,4,-0.005,-0.005,-0.0,52.648231599999995,9.7453968,32.82,32.56,52.6482271,9.7454014,-0.014486232791552936,-0.019547687622336492,4.235041429964241,-0.02,-0.005,0.025,-0.004999045,-0.0049980595,-0.00017015058
0 days 00:00:08.930000,-0.0014151318259413483,-0.21189600000000003,-0.14126400000000003,9.821772000000001,0.0,0.0,0.0,0.0,0.00034906585039886593,0.0013962634015954637,0.00034906585039886593,0.0,13.09,65.1,1,1,100.0,4,-0.005,-0.005,-0.0,52.648231599999995,9.7453968,32.82,32.56,52.6482271,9.7454014,-0.014486232791552936,-0.019547687622336492,4.235041429964241,-0.02,-0.005,0.025,-0.004999045,-0.0049980595,-0.00017015058
0 days 00:00:08.940000,-0.0014151318259413483,-0.251136,-0.145188,9.841392,0.0,0.0,0.0,0.0,0.0005235987755982988,0.00034906585039886593,0.0006981317007977319,0.0,13.09,65.1,1,1,100.0,4,-0.005,0.0,0.01,52.648231499999994,9.745397299999999,32.72,32.56,52.6482271,9.7454014,-0.014486232791552936,-0.019547687622336492,4.235041429964241,-0.005,-0.02,-0.045,0.00019546442,-0.004854646,-0.010069469
0 days 00:00:08.950000,-0.0014151318259413483,-0.21582000000000004,-0.13734000000000002,9.813924,0.0,0.0,0.0,0.0,0.00034906585039886593,-0.0008726646259971648,0.00034906585039886593,0.0,13.09,65.1,1,1,100.0,4,-0.005,0.0,0.01,52.648231499999994,9.745397299999999,32.72,32.56,52.6482271,9.7454014,-0.014486232791552936,-0.019547687622336492,4.235041429964241,-0.005,-0.02,-0.045,0.00019546442,-0.004854646,-0.010069469
0 days 00:00:08.960000,-0.0014151318259413483,-0.184428,-0.15696000000000002,9.853164,0.0,0.0,0.0,0.0,0.00034906585039886593,-0.00034906585039886593,0.0006981317007977319,0.0,13.09,65.1,1,1,100.0,4,-0.005,0.0,0.01,52.648231499999994,9.745397299999999,32.72,32.56,52.6482271,9.7454014,-0.014486232791552936,-0.019547687622336492,4.235041429964241,-0.005,-0.02,-0.045,0.00019546442,-0.004854646,-0.010069469
0 days 00:00:08.970000,-0.0014151318259413483,-0.1962,-0.13734000000000002,9.845316,0.0,0.0,0.0,0.0,0.00017453292519943296,-0.0013962634015954637,0.00034906585039886593,0.0,13.09,65.1,1,1,100.0,4,-0.005,0.0,0.01,52.648231499999994,9.745397299999999,32.72,32.56,52.6482271,9.7454014,-0.014486232791552936,-0.019547687622336492,4.235041429964241,-0.005,-0.02,-0.045,0.00019546442,-0.004854646,-0.010069469
0 days 00:00:08.980000,-0.0014151318259413483,-0.1962,-0.145188,9.837468000000001,0.0,0.0,0.0,0.0,0.0,-0.0024434609527920616,0.0005235987755982988,0.0,13.09,65.1,1,1,100.0,4,0.0,-0.005,0.01,52.648231599999995,9.7453972,32.71,32.56,52.6482271,9.7454014,-0.014486232791552936,-0.019547687622336492,4.235041429964241,0.005,0.015,-0.02,-0.00480358,0.00014624531,-0.010094763
0 days 00:00:08.990000,-0.0014151318259413483,-0.145188,-0.149112,9.857088000000003,0.0,0.0,0.0,0.0,0.00017453292519943296,-0.0019198621771937623,0.0005235987755982988,0.0,13.09,65.1,1,1,100.0,4,0.0,-0.005,0.01,52.648231599999995,9.7453972,32.71,32.56,52.6482271,9.7454014,-0.014486232791552936,-0.019547687622336492,4.235041429964241,0.005,0.015,-0.02,-0.00480358,0.00014624531,-0.010094763
0 days 00:00:09,-0.0014151318259413483,-0.17265600000000003,-0.149112,9.861012,0.0,0.0,0.0,0.0,-0.00017453292519943296,-0.0022689280275926286,0.0005235987755982988,0.0,13.09,65.1,1,1,100.0,4,0.0,-0.005,0.01,52.648231599999995,9.7453972,32.71,32.56,52.6482271,9.7454014,-0.014486232791552936,-0.01937315469713706,4.235041429964241,0.005,0.015,-0.02,-0.0048053423,0.00014623317,-0.010093924
0 days 00:00:09.010000,-0.0014151318259413483,-0.16873200000000002,-0.14126400000000003,9.833544,0.0,0.0,0.0,0.0,-0.00017453292519943296,-0.003316125578789226,0.00034906585039886593,0.0,13.09,65.1,1,1,100.0,4,0.0,-0.005,0.01,52.648231599999995,9.7453972,32.71,32.56,52.6482271,9.7454014,-0.014486232791552936,-0.01937315469713706,4.235041429964241,0.005,0.015,-0.02,-0.0048053423,0.00014623317,-0.010093924
0 days 00:00:09.020000,-0.0014151318259413483,-0.10594800000000001,-0.15696000000000002,9.845316,0.0,0.0,0.0,0.0,-0.00034906585039886593,-0.0020943951023931952,0.0005235987755982988,0.0,13.09,65.1,1,1,100.0,4,0.0,-0.005,0.005,52.648231599999995,9.7453972,32.71,32.56,52.6482271,9.7454014,-0.014486232791552936,-0.01937315469713706,4.2352159628894395,0.005,0.015,-0.02,-0.0049022017,7.3818126e-05,-0.005095387
0 days 00:00:09.030000,-0.0014151318259413483,-0.149112,-0.14126400000000003,9.84924,0.0,0.0,0.0,0.0,-0.00034906585039886593,-0.0024434609527920616,0.00034906585039886593,0.0,13.09,65.1,1,1,100.0,4,0.0,-0.005,0.005,52.648231599999995,9.7453972,32.71,32.56,52.6482271,9.7454014,-0.014486232791552936,-0.01937315469713706,4.2352159628894395,0.005,0.015,-0.02,-0.0049022017,7.3818126e-05,-0.005095387
0 days 00:00:09.040000,-0.0014151318259413483,-0.145188,-0.149112,9.817848000000001,0.0,0.0,0.0,0.0,-0.0005235987755982988,-0.0031415926535897933,0.00017453292519943296,0.0,13.09,65.1,1,1,100.0,4,0.0,-0.005,-0.0,52.6482295,9.745396699999999,33.0,32.56,52.6482271,9.7454014,-0.014486232791552936,-0.01937315469713706,4.2352159628894395,0.005,0.015,0.045,-0.0049990616,1.4030832e-06,-9.6849544e-05
0 days 00:00:09.050000,-0.0014151318259413483,-0.08632800000000002,-0.153036,9.841392,0.0,0.0,0.0,0.0,-0.00034906585039886593,-0.0019198621771937623,0.0,0.0,13.09,65.1,1,1,100.0,4,0.0,-0.005,-0.0,52.6482295,9.745396699999999,33.0,32.56,52.6482271,9.7454014,-0.014486232791552936,-0.01937315469713706,4.2352159628894395,0.005,0.015,0.045,-0.0049990616,1.4030832e-06,-9.6849544e-05
0 days 00:00:09.060000,-0.0014151318259413483,-0.14126400000000003,-0.153036,9.82962,0.0,0.0,0.0,0.0,-0.00034906585039886593,-0.0015707963267948967,0.00017453292519943296,0.0,13.09,65.1,1,1,100.0,4,0.0,-0.005,-0.0,52.6482295,9.745396699999999,33.0,32.56,52.6482271,9.7454014,-0.014486232791552936,-0.01937315469713706,4.2352159628894395,0.005,0.015,0.045,-0.0049990616,1.4030832e-06,-9.6849544e-05
0 days 00:00:09.070000,-0.0014151318259413483,-0.153036,-0.149112,9.794304,0.0,0.0,0.0,0.0,-0.00034906585039886593,-0.0020943951023931952,0.0,0.0,13.09,65.1,1,1,100.0,4,0.0,-0.005,-0.0,52.6482295,9.745396699999999,33.0,32.56,52.6482271,9.7454014,-0.014486232791552936,-0.019198621771937627,4.2352159628894395,0.005,0.015,0.045,-0.0049990783,1.3904445e-06,-9.597715e-05
0 days 00:00:09.080000,-0.0014151318259413483,-0.10987200000000001,-0.16088400000000003,9.821772000000001,0.0,0.0,0.0,0.0,0.0,-0.0005235987755982988,-0.00017453292519943296,0.0,13.09,65.1,1,1,100.0,4,0.0,-0.005,-0.0,52.6482295,9.745396699999999,33.0,32.56,52.6482271,9.7454014,-0.014486232791552936,-0.019198621771937627,4.2352159628894395,0.005,0.015,0.045,-0.0049990783,1.3904445e-06,-9.597715e-05
0 days 00:00:09.090000,-0.0014151318259413483,-0.17658000000000004,-0.149112,9.794304,0.0,0.0,0.0,0.0,-0.0005235987755982988,-0.00017453292519943296,0.0,0.0,13.09,65.1,1,1,100.0,4,0.0,0.005,0.005,52.6482295,9.745396699999999,32.99,32.56,52.6482271,9.7454014,-0.014660765716752368,-0.01937315469713706,4.2352159628894395,-0.005,-0.02,-0.035,0.0050959215,7.186746e-05,-0.004901675
0 days 00:00:09.100000,-0.0014151318259413483,-0.184428,-0.153036,9.774684,0.0,0.0,0.0,0.0,-0.0005235987755982988,-0.0008726646259971648,-0.00017453292519943296,0.0,13.09,65.1,1,1,100.0,4,0.0,0.005,0.005,52.6482295,9.745396699999999,32.99,32.56,52.6482271,9.7454014,-0.014660765716752368,-0.01937315469713706,4.2352159628894395,-0.005,-0.02,-0.035,0.0050959215,7.186746e-05,-0.004901675
0 days 00:00:09.110000,-0.0014151318259413483,-0.133416,-0.14126400000000003,9.782532000000002,0.0,0.0,0.0,0.0,-0.0006981317007977319,0.0008726646259971648,-0.0005235987755982988,0.0,13.09,65.1,1,1,100.0,4,0.0,0.005,0.005,52.6482295,9.745396699999999,32.99,32.56,52.6482271,9.7454014,-0.014660765716752368,-0.01937315469713706,4.2352159628894395,-0.005,-0.02,-0.035,0.0050959215,7.186746e-05,-0.004901675
0 days 00:00:09.120000,-0.0014151318259413483,-0.20404800000000003,-0.16088400000000003,9.798228,0.0,0.0,0.0,0.0,-0.0005235987755982988,0.0008726646259971648,-0.00034906585039886593,0.0,13.09,65.1,1,1,100.0,4,0.0,0.005,0.005,52.6482295,9.745396699999999,32.99,32.56,52.6482271,9.7454014,-0.014660765716752368,-0.01937315469713706,4.235041429964241,-0.005,-0.02,-0.035,0.0050959215,7.186746e-05,-0.004901675
0 days 00:00:09.130000,-0.0014151318259413483,-0.18835200000000002,-0.153036,9.755064,0.0,0.0,0.0,0.0,-0.0006981317007977319,0.0005235987755982988,-0.00034906585039886593,0.0,13.09,65.1,1,1,100.0,4,0.0,0.005,0.005,52.6482295,9.745396699999999,32.99,32.56,52.6482271,9.7454014,-0.014660765716752368,-0.01937315469713706,4.235041429964241,-0.005,-0.02,-0.035,0.0050959215,7.186746e-05,-0.004901675
0 days 00:00:09.140000,-0.0014151318259413483,-0.145188,-0.16088400000000003,9.786456000000001,0.0,0.0,0.0,0.0,-0.0008726646259971648,0.0020943951023931952,-0.00017453292519943296,0.0,13.09,65.1,1,1,100.0,4,0.0,0.01,0.01,52.6482296,9.7453969,32.96,32.56,52.6482271,9.7454014,-0.014660765716752368,-0.01937315469713706,4.235041429964241,-0.01,-0.02,-0.025,0.010191843,0.00014373491,-0.00980335
0 days 00:00:09.150000,-0.0014151318259413483,-0.21974400000000002,-0.153036,9.79038,0.0,0.0,0.0,0.0,-0.0006981317007977319,0.0020943951023931952,-0.00017453292519943296,0.0,13.09,65.1,1,1,100.0,4,0.0,0.01,0.01,52.6482296,9.7453969,32.96,32.56,52.6482271,9.7454014,-0.014660765716752368,-0.01937315469713706,4.235041429964241,-0.01,-0.02,-0.025,0.010191843,0.00014373491,-0.00980335
0 days 00:00:09.160000,-0.0014151318259413483,-0.1962,-0.153036,9.758988,0.0,0.0,0.0,0.0,-0.0006981317007977319,0.0015707963267948967,-0.00017453292519943296,10.0,13.09,65.1,1,1,100.0,4,0.0,0.01,0.01,52.6482296,9.7453969,32.96,32.56,52.6482271,9.7454014,-0.014660765716752368,-0.01937315469713706,4.235041429964241,-0.01,-0.02,-0.025,0.010191843,0.00014373491,-0.00980335
0 days 00:00:09.170000,-0.0014151318259413483,-0.184428,-0.153036,9.778608,0.0,0.0,0.0,0.0,-0.00034906585039886593,0.0022689280275926286,0.0,10.0,13.09,65.1,1,1,100.0,4,0.0,0.01,0.01,52.6482296,9.7453969,32.96,32.56,52.6482271,9.7454014,-0.014660765716752368,-0.01937315469713706,4.235041429964241,-0.01,-0.02,-0.025,0.010191843,0.00014373491,-0.00980335
0 days 00:00:09.180000,-0.0014151318259413483,-0.223668,-0.145188,9.798228,0.0,0.0,0.0,0.0,-0.0005235987755982988,0.0022689280275926286,0.0,10.0,13.09,65.1,1,1,100.0,4,0.0,0.01,0.01,52.6482296,9.7453969,32.96,32.56,52.6482271,9.7454014,-0.014660765716752368,-0.019547687622336492,4.235041429964241,-0.01,-0.02,-0.025,0.010193554,0.00014370884,-0.009801571
0 days 00:00:09.190000,-0.0014151318259413483,-0.223668,-0.153036,9.770760000000001,0.0,0.0,0.0,0.0,-0.00034906585039886593,0.0015707963267948967,0.0,10.0,13.09,65.1,1,1,100.0,4,0.0,0.005,0.005,52.6482295,9.745396999999999,32.97,32.56,52.6482271,9.7454014,-0.014660765716752368,-0.019547687622336492,4.235041429964241,0.005,-0.005,0.015,0.005096777,7.185442e-05,-0.0049007856
0 days 00:00:09.200000,-0.0014151318259413483,-0.20404800000000003,-0.15696000000000002,9.798228,0.0,0.0,0.0,0.0,-0.00034906585039886593,0.0024434609527920616,0.00017453292519943296,10.0,13.09,65.1,1,1,100.0,4,0.0,0.005,0.005,52.6482295,9.745396999999999,32.97,32.56,52.6482271,9.7454014,-0.014660765716752368,-0.019547687622336492,4.235041429964241,0.005,-0.005,0.015,0.005096777,7.185442e-05,-0.0049007856
0 days 00:00:09.210000,-0.0014151318259413483,-0.23544,-0.153036,9.813924,0.0,0.0,0.0,0.0,0.0,0.0020943951023931952,0.0,10.0,13.09,65.1,1,1,100.0,4,0.0,0.005,0.005,52.6482295,9.745396999999999,32.97,32.56,52.6482271,9.7454014,-0.014660765716752368,-0.019547687622336492,4.235041429964241,0.005,-0.005,0.015,0.005096777,7.185442e-05,-0.0049007856
0 days 00:00:09.220000,-0.0014151318259413483,-0.24721200000000002,-0.145188,9.778608,0.0,0.0,0.0,0.0,-0.00017453292519943296,0.0005235987755982988,0.0,10.0,13.09,65.1,1,1,100.0,4,0.0,0.005,0.005,52.6482295,9.745396999999999,32.97,32.56,52.6482271,9.7454014,-0.014660765716752368,-0.019547687622336492,4.235041429964241,0.005,-0.005,0.015,0.005096777,7.185442e-05,-0.0049007856
0 days 00:00:09.230000,-0.0014151318259413483,-0.192276,-0.15696000000000002,9.833544,0.0,0.0,0.0,0.0,0.0,0.0012217304763960308,0.00034906585039886593,10.0,13.09,65.1,1,1,100.0,4,0.01,0.0,0.005,52.6482295,9.745396999999999,32.97,32.56,52.6482271,9.7454014,-0.014660765716752368,-0.019547687622336492,4.2352159628894395,0.015,-0.005,-0.01,9.773221e-05,0.010072213,-0.004851905
0 days 00:00:09.240000,-0.0014151318259413483,-0.21189600000000003,-0.149112,9.825696,0.0,0.0,0.0,0.0,0.0,0.00034906585039886593,0.00034906585039886593,10.0,13.09,65.1,1,1,100.0,4,0.01,0.0,0.005,52.6482295,9.745396999999999,32.97,32.56,52.6482271,9.7454014,-0.014660765716752368,-0.019547687622336492,4.2352159628894395,0.015,-0.005,-0.01,9.773221e-05,0.010072213,-0.004851905
0 days 00:00:09.250000,-0.0014151318259413483,-0.20404800000000003,-0.16480800000000004,9.82962,0.0,0.0,0.0,0.0,0.0006981317007977319,-0.0005235987755982988,0.0005235987755982988,10.0,13.09,65.1,1,1,100.0,4,0.005,0.0,0.005,52.6482295,9.745396999999999,32.97,32.56,52.6482271,9.7454014,-0.014660765716752368,-0.019547687622336492,4.2352159628894395,0.015,-0.005,-0.01,9.773221e-05,0.0050727497,-0.0049252063
0 days 00:00:09.260000,-0.0014151318259413483,-0.16480800000000004,-0.145188,9.825696,0.0,0.0,0.0,0.0,0.0005235987755982988,0.00017453292519943296,0.0005235987755982988,10.0,13.09,65.1,1,1,100.0,4,0.005,0.0,0.005,52.6482295,9.745396999999999,32.97,32.56,52.6482271,9.7454014,-0.014660765716752368,-0.019547687622336492,4.2352159628894395,0.015,-0.005,-0.01,9.773221e-05,0.0050727497,-0.0049252063
0 days 00:00:09.270000,-0.0014151318259413483,-0.1962,-0.14126400000000003,9.82962,0.0,0.0,0.0,0.0,0.0005235987755982988,-0.00034906585039886593,0.00017453292519943296,10.0,13.09,65.1,1,1,100.0,4,0.005,0.0,0.005,52.6482295,9.745396999999999,32.97,32.56,52.6482271,9.7454014,-0.014660765716752368,-0.019547687622336492,4.2352159628894395,0.015,-0.005,-0.01,9.773221e-05,0.0050727497,-0.0049252063
0 days 00:00:09.280000,-0.0014151318259413483,-0.23544,-0.153036,9.81,0.0,0.0,0.0,0.0,0.00034906585039886593,-0.0017453292519943296,0.0005235987755982988,10.0,13.09,65.1,1,1,100.0,4,0.005,0.0,0.01,52.6482295,9.7453969,32.96,32.56,52.6482271,9.7454014,-0.014660765716752368,-0.019547687622336492,4.2352159628894395,0.0,0.01,-0.03,0.00019546442,0.005146037,-0.009923713
0 days 00:00:09.290000,-0.0014151318259413483,-0.16480800000000004,-0.14126400000000003,9.825696,0.0,0.0,0.0,0.0,0.00017453292519943296,-0.0008726646259971648,0.00017453292519943296,10.0,13.09,65.1,1,1,100.0,4,0.005,0.0,0.01,52.6482295,9.7453969,32.96,32.56,52.6482271,9.7454014,-0.014660765716752368,-0.019547687622336492,4.2352159628894395,0.0,0.01,-0.03,0.00019546442,0.005146037,-0.009923713
0 days 00:00:09.300000,-0.0014151318259413483,-0.21974400000000002,-0.16873200000000002,9.837468000000001,0.0,0.0,0.0,0.0,0.0,-0.0012217304763960308,0.0005235987755982988,10.0,13.09,65.1,1,1,100.0,4,0.0,0.0,0.01,52.6482295,9.7453969,32.96,32.56,52.6482271,9.7454014,-0.014660765716752368,-0.019547687622336492,4.2352159628894395,0.0,0.01,-0.03,0.00019546442,0.0001465744,-0.009997015
0 days 00:00:09.310000,-0.0014151318259413483,-0.18835200000000002,-0.15696000000000002,9.806076000000001,0.0,0.0,0.0,0.0,0.0,-0.0024434609527920616,0.00017453292519943296,10.0,13.09,65.1,1,1,100.0,4,0.0,0.0,0.01,52.6482295,9.7453969,32.96,32.56,52.6482271,9.7454014,-0.014660765716752368,-0.01937315469713706,4.2352159628894395,0.0,0.01,-0.03,0.00019371942,0.0001465749,-0.009997048
0 days 00:00:09.320000,-0.0014151318259413483,-0.16088400000000003,-0.16480800000000004,9.86886,0.0,0.0,0.0,0.0,0.0,-0.0006981317007977319,0.00017453292519943296,10.0,13.09,65.1,1,1,100.0,4,0.0,0.0,0.01,52.6482295,9.7453969,32.96,32.56,52.6482271,9.7454014,-0.014660765716752368,-0.01937315469713706,4.2352159628894395,0.0,0.01,-0.03,0.00019371942,0.0001465749,-0.009997048
0 days 00:00:09.330000,-0.0014151318259413483,-0.21582000000000004,-0.149112,9.876708000000002,0.0,0.0,0.0,0.0,0.0,-0.0020943951023931952,0.0,10.0,13.09,65.1,1,1,100.0,4,0.0,0.0,0.01,52.6482295,9.7453969,32.96,32.56,52.6482271,9.7454014,-0.014660765716752368,-0.01937315469713706,4.2352159628894395,0.0,0.01,-0.03,0.00019371942,0.0001465749,-0.009997048
0 days 00:00:09.340000,-0.0014151318259413483,-0.180504,-0.14126400000000003,9.786456000000001,0.0,0.0,0.0,0.0,0.0,-0.004363323129985824,0.00017453292519943296,10.0,13.09,65.1,1,1,100.0,4,0.0,0.0,0.005,52.6482293,9.745396999999999,32.93,32.56,52.6482271,9.7454014,-0.014660765716752368,-0.01937315469713706,4.2352159628894395,-0.005,0.0,0.025,9.685971e-05,7.328745e-05,-0.004998524
0 days 00:00:09.350000,-0.0014151318259413483,-0.054936000000000006,-0.125568,9.837468000000001,0.0,0.0,0.0,0.0,0.0,-0.0013962634015954637,0.00017453292519943296,10.0,13.09,65.1,1,1,100.0,4,0.0,0.0,0.005,52.6482293,9.745396999999999,32.93,32.56,52.6482271,9.7454014,-0.014660765716752368,-0.01937315469713706,4.2352159628894395,-0.005,0.0,0.025,9.685971e-05,7.328745e-05,-0.004998524
0 days 00:00:09.360000,-0.0014151318259413483,-0.17658000000000004,-0.13734000000000002,9.802152000000001,0.0,0.0,0.0,0.0,0.00034906585039886593,-0.0017453292519943296,0.00034906585039886593,10.0,13.09,65.1,1,1,100.0,4,0.0,0.0,0.005,52.6482293,9.745396999999999,32.93,32.56,52.6482271,9.7454014,-0.014660765716752368,-0.01937315469713706,4.2352159628894395,-0.005,0.0,0.025,9.685971e-05,7.328745e-05,-0.004998524
0 days 00:00:09.370000,-0.0014151318259413483,-0.18835200000000002,-0.13734000000000002,9.755064,0.0,0.0,0.0,0.0,0.0,-0.0020943951023931952,0.00034906585039886593,10.0,13.09,65.1,1,1,100.0,4,0.0,0.0,0.005,52.6482293,9.745396999999999,32.93,32.56,52.6482271,9.7454014,-0.014660765716752368,-0.01937315469713706,4.2352159628894395,-0.005,0.0,0.025,9.685971e-05,7.328745e-05,-0.004998524
0 days 00:00:09.380000,-0.0014151318259413483,-0.17265600000000003,-0.145188,9.79038,0.0,0.0,0.0,0.0,-0.00034906585039886593,0.00034906585039886593,0.00034906585039886593,10.0,13.09,65.1,1,1,100.0,4,0.0,0.0,0.005,52.6482293,9.745396999999999,32.93,32.56,52.6482271,9.7454014,-0.014660765716752368,-0.01937315469713706,4.2352159628894395,-0.005,0.0,0.025,9.685971e-05,7.328745e-05,-0.004998524
0 days 00:00:09.390000,-0.0014151318259413483,-0.27468000000000004,-0.149112,9.778608,0.0,0.0,0.0,0.0,-0.0005235987755982988,-0.00017453292519943296,0.00034906585039886593,10.0,13.09,65.1,1,1,100.0,4,-0.005,0.0,-0.0,52.648229199999996,9.7453971,32.93,32.56,52.6482271,9.7454014,-0.014660765716752368,-0.01937315469713706,4.2352159628894395,-0.005,0.015,0.005,0.0,-0.0049994625,-7.33012e-05
0 days 00:00:09.400000,-0.0014151318259413483,-0.20797200000000002,-0.16088400000000003,9.79038,0.0,0.0,0.0,0.0,-0.0005235987755982988,-0.00017453292519943296,0.0,10.0,13.09,65.1,1,1,100.0,4,-0.005,0.0,-0.0,52.648229199999996,9.7453971,32.93,32.56,52.6482271,9.7454014,-0.014660765716752368,-0.01937315469713706,4.2352159628894395,-0.005,0.015,0.005,0.0,-0.0049994625,-7.33012e-05
0 days 00:00:09.410000,-0.0014151318259413483,-0.18835200000000002,-0.16088400000000003,9.81,0.0,0.0,0.0,0.0,-0.0005235987755982988,0.0008726646259971648,0.0,10.0,13.09,65.1,1,1,100.0,4,-0.005,0.0,-0.0,52.648229199999996,9.7453971,32.93,32.56,52.6482271,9.7454014,-0.014660765716752368,-0.01937315469713706,4.2352159628894395,-0.005,0.015,0.005,0.0,-0.0049994625,-7.33012e-05
0 days 00:00:09.420000,-0.0014151318259413483,-0.180504,-0.16480800000000004,9.825696,0.0,0.0,0.0,0.0,-0.0005235987755982988,0.00034906585039886593,-0.00034906585039886593,10.0,13.09,65.1,1,1,100.0,4,-0.005,0.0,-0.0,52.648229199999996,9.7453971,32.93,32.56,52.6482271,9.7454014,-0.014660765716752368,-0.01937315469713706,4.2352159628894395,-0.005,0.015,0.005,0.0,-0.0049994625,-7.33012e-05
0 days 00:00:09.430000,-0.0014151318259413483,-0.145188,-0.15696000000000002,9.806076000000001,0.0,0.0,0.0,0.0,-0.0005235987755982988,0.0,-0.0005235987755982988,10.0,13.09,65.1,1,1,100.0,4,-0.005,0.0,-0.0,52.648229199999996,9.7453971,32.93,32.56,52.6482271,9.7454014,-0.014660765716752368,-0.01937315469713706,4.2352159628894395,-0.005,0.015,0.005,0.0,-0.0049994625,-7.33012e-05
0 days 00:00:09.440000,-0.0014151318259413483,-0.12164400000000002,-0.149112,9.806076000000001,0.0,0.0,0.0,0.0,-0.00034906585039886593,0.0008726646259971648,-0.00034906585039886593,10.0,13.09,65.1,1,1,100.0,4,-0.005,-0.005,0.01,52.648229199999996,9.7453971,32.93,32.56,52.6482271,9.7454014,-0.014660765716752368,-0.01937315469713706,4.2352159628894395,0.0,0.015,-0.065,-0.0048053423,-0.004851468,-0.010167199
0 days 00:00:09.450000,-0.0014151318259413483,-0.15696000000000002,-0.13734000000000002,9.770760000000001,0.0,0.0,0.0,0.0,-0.0008726646259971648,0.0005235987755982988,-0.00034906585039886593,10.0,13.09,65.1,1,1,100.0,4,-0.005,-0.005,0.01,52.648229199999996,9.7453971,32.93,32.56,52.6482271,9.7454014,-0.014660765716752368,-0.01937315469713706,4.2352159628894395,0.0,0.015,-0.065,-0.0048053423,-0.004851468,-0.010167199
0 days 00:00:09.460000,-0.0014151318259413483,-0.145188,-0.13734000000000002,9.770760000000001,0.0,0.0,0.0,0.0,-0.0006981317007977319,0.0008726646259971648,-0.00034906585039886593,0.0,13.09,65.1,1,1,100.0,4,-0.005,-0.005,0.015,52.648229199999996,9.7453971,32.93,32.56,52.6482271,9.7454014,-0.014660765716752368,-0.01937315469713706,4.2352159628894395,0.0,0.015,-0.065,-0.0047084824,-0.0047781803,-0.015165724
0 days 00:00:09.470000,-0.0014151318259413483,-0.16088400000000003,-0.14126400000000003,9.786456000000001,0.0,0.0,0.0,0.0,-0.0005235987755982988,0.0019198621771937623,-0.00034906585039886593,0.5,13.09,65.1,1,1,100.0,4,-0.005,0.0,0.015,52.648229199999996,9.7453971,32.93,32.56,52.6482271,9.7454014,-0.014660765716752368,-0.01937315469713706,4.2352159628894395,0.0,0.015,-0.065,0.0002905791,-0.0047796,-0.015068875
0 days 00:00:09.480000,-0.0014151318259413483,-0.23544,-0.149112,9.778608,0.0,0.0,0.0,0.0,-0.00034906585039886593,0.0010471975511965976,0.00017453292519943296,1.0,13.09,65.1,1,1,100.0,4,-0.005,0.0,0.015,52.648229199999996,9.7453971,32.93,32.56,52.6482271,9.7454014,-0.014660765716752368,-0.01937315469713706,4.2352159628894395,0.0,-0.01,-0.03,0.0002905791,-0.0047796,-0.015068875
0 days 00:00:09.490000,-0.0014151318259413483,-0.184428,-0.15696000000000002,9.802152000000001,0.0,0.0,0.0,0.0,-0.00017453292519943296,0.0013962634015954637,0.0,1.0,13.09,65.1,1,1,100.0,4,-0.005,0.0,0.015,52.648229199999996,9.7453971,32.93,32.56,52.6482271,9.7454014,-0.014660765716752368,-0.01937315469713706,4.2352159628894395,0.0,-0.01,-0.03,0.0002905791,-0.0047796,-0.015068875
0 days 00:00:09.500000,-0.0014151318259413483,-0.18835200000000002,-0.153036,9.841392,0.0,0.0,0.0,0.0,0.00017453292519943296,0.0019198621771937623,-0.00017453292519943296,1.0,13.09,65.1,1,1,100.0,4,-0.005,0.0,0.015,52.648229199999996,9.7453971,32.93,32.56,52.6482271,9.7454014,-0.014660765716752368,-0.01937315469713706,4.2352159628894395,0.0,-0.01,-0.03,0.0002905791,-0.0047796,-0.015068875
0 days 00:00:09.510000,-0.0014151318259413483,-0.25506,-0.16088400000000003,9.825696,0.0,0.0,0.0,0.0,0.0,0.0006981317007977319,0.00034906585039886593,1.0,13.09,65.1,1,1,100.0,4,-0.005,0.0,0.015,52.648229199999996,9.7453971,32.93,32.56,52.6482271,9.7454014,-0.014660765716752368,-0.01937315469713706,4.2352159628894395,0.0,-0.01,-0.03,0.0002905791,-0.0047796,-0.015068875
0 days 00:00:09.520000,-0.0014151318259413483,-0.17658000000000004,-0.15696000000000002,9.821772000000001,0.0,0.0,0.0,0.0,0.0,0.00017453292519943296,0.00017453292519943296,0.0,13.09,65.1,1,1,100.0,4,-0.005,0.0,0.015,52.648229199999996,9.7453971,32.93,32.56,52.6482271,9.7454014,-0.014660765716752368,-0.01937315469713706,4.2352159628894395,0.0,-0.01,-0.03,0.0002905791,-0.0047796,-0.015068875
0 days 00:00:09.530000,-0.0014151318259413483,-0.16873200000000002,-0.153036,9.837468000000001,0.0,0.0,0.0,0.0,-0.00017453292519943296,0.0012217304763960308,0.00017453292519943296,0.0,13.09,64.95,1,1,100.0,4,-0.005,0.0,0.015,52.648229199999996,9.7453971,32.93,32.56,52.6482271,9.7454014,-0.014660765716752368,-0.01937315469713706,4.2352159628894395,0.0,-0.01,-0.03,0.0002905791,-0.0047796,-0.015068875
0 days 00:00:09.540000,-0.0014151318259413483,-0.21582000000000004,-0.16088400000000003,9.81,0.0,0.0,0.0,0.0,-0.00017453292519943296,-0.00017453292519943296,0.00017453292519943296,0.0,13.09,64.8,1,1,100.0,4,0.005,0.005,0.005,52.648229199999996,9.745396999999999,32.96,32.56,52.6482271,9.7454014,-0.014660765716752368,-0.01937315469713706,4.2352159628894395,0.005,-0.025,0.04,0.0050959215,0.0050713303,-0.004828374
0 days 00:00:09.550000,-0.0014151318259413483,-0.184428,-0.15696000000000002,9.782532000000002,0.0,0.0,0.0,0.0,-0.00034906585039886593,-0.0006981317007977319,0.00034906585039886593,0.0,13.09,64.8,1,1,100.0,4,0.0,0.005,0.005,52.648229199999996,9.745396999999999,32.96,32.56,52.6482271,9.7454014,-0.014660765716752368,-0.01937315469713706,4.2352159628894395,0.005,-0.025,0.04,0.0050959215,7.186746e-05,-0.004901675
0 days 00:00:09.560000,-0.0014151318259413483,-0.145188,-0.149112,9.825696,0.0,0.0,0.0,0.0,0.0,0.00034906585039886593,0.0,-1.0,13.09,64.8,1,1,100.0,4,0.0,0.005,0.005,52.648229199999996,9.745396999999999,32.96,32.56,52.6482271,9.7454014,-0.014660765716752368,-0.01937315469713706,4.2352159628894395,0.005,-0.025,0.04,0.0050959215,7.186746e-05,-0.004901675
0 days 00:00:09.570000,-0.0014151318259413483,-0.20012400000000002,-0.153036,9.81,0.0,0.0,0.0,0.0,0.0,-0.00017453292519943296,0.00017453292519943296,-1.5,13.09,64.8,1,1,100.0,4,0.0,0.005,0.005,52.648229199999996,9.745396999999999,32.96,32.56,52.6482271,9.7454014,-0.014660765716752368,-0.01937315469713706,4.2352159628894395,0.005,-0.025,0.04,0.0050959215,7.186746e-05,-0.004901675
0 days 00:00:09.580000,-0.0014151318259413483,-0.192276,-0.15696000000000002,9.817848000000001,0.0,0.0,0.0,0.0,0.00017453292519943296,-0.00034906585039886593,0.00034906585039886593,-2.0,13.09,64.8,1,1,100.0,4,0.0,0.005,0.005,52.648229199999996,9.745396999999999,32.96,32.56,52.6482271,9.7454014,-0.014660765716752368,-0.01937315469713706,4.2352159628894395,0.005,-0.025,0.04,0.0050959215,7.186746e-05,-0.004901675
0 days 00:00:09.590000,-0.0014151318259413483,-0.184428,-0.14126400000000003,9.821772000000001,0.0,0.0,0.0,0.0,0.0,0.0,0.00017453292519943296,-2.0,13.09,64.8,1,1,100.0,4,0.0,0.005,-0.0,52.648229099999995,9.745396999999999,32.97,32.56,52.6482271,9.7454014,-0.014660765716752368,-0.01937315469713706,4.2352159628894395,0.0,-0.01,0.025,0.0049990616,-1.4199866e-06,9.68493e-05
0 days 00:00:09.600000,-0.0014151318259413483,-0.23544,-0.145188,9.845316,0.0,0.0,0.0,0.0,-0.00017453292519943296,-0.0005235987755982988,0.00017453292519943296,-3.0,13.09,64.8,1,1,100.0,4,0.0,0.005,-0.0,52.648229099999995,9.745396999999999,32.97,32.56,52.6482271,9.7454014,-0.014660765716752368,-0.01937315469713706,4.2352159628894395,0.0,-0.01,0.025,0.0049990616,-1.4199866e-06,9.68493e-05
0 days 00:00:09.610000,-0.0014151318259413483,-0.231516,-0.145188,9.841392,0.0,0.0,0.0,0.0,0.0,-0.0010471975511965976,0.00017453292519943296,-4.0,13.09,64.8,1,1,100.0,4,0.0,0.005,-0.0,52.648229099999995,9.745396999999999,32.97,32.56,52.6482271,9.7454014,-0.014660765716752368,-0.01937315469713706,4.2352159628894395,0.0,-0.01,0.025,0.0049990616,-1.4199866e-06,9.68493e-05
0 days 00:00:09.620000,-0.0014151318259413483,-0.21189600000000003,-0.149112,9.821772000000001,0.0,0.0,0.0,0.0,-0.00017453292519943296,-0.0010471975511965976,0.00034906585039886593,-4.0,13.09,64.8,1,1,100.0,4,0.0,0.005,-0.0,52.648229099999995,9.745396999999999,32.97,32.56,52.6482271,9.7454014,-0.014660765716752368,-0.01937315469713706,4.2352159628894395,0.0,-0.01,0.025,0.0049990616,-1.4199866e-06,9.68493e-05
0 days 00:00:09.630000,-0.0014151318259413483,-0.20797200000000002,-0.145188,9.821772000000001,0.0,0.0,0.0,0.0,0.0,-0.0013962634015954637,0.00017453292519943296,-5.0,13.09,64.94999999999999,1,1,100.0,4,0.0,0.005,-0.0,52.648229099999995,9.745396999999999,32.97,32.56,52.6482271,9.7454014,-0.014660765716752368,-0.01937315469713706,4.2352159628894395,0.0,-0.01,0.025,0.0049990616,-1.4199866e-06,9.68493e-05
0 days 00:00:09.640000,-0.0014151318259413483,-0.1962,-0.153036,9.79038,0.0,0.0,0.0,0.0,0.0,-0.0015707963267948967,0.00017453292519943296,-5.0,13.09,65.1,1,1,100.0,4,0.0,0.005,-0.0,52.648229099999995,9.745396999999999,32.97,32.56,52.6482271,9.7454014,-0.014660765716752368,-0.01937315469713706,4.2352159628894395,-0.005,-0.01,0.005,0.0049990616,-1.4199866e-06,9.68493e-05
0 days 00:00:09.650000,-0.0014151318259413483,-0.184428,-0.16088400000000003,9.806076000000001,0.0,0.0,0.0,0.0,0.00017453292519943296,-0.0006981317007977319,0.00034906585039886593,-6.0,13.09,64.95,1,1,100.0,4,0.0,0.005,-0.0,52.648229099999995,9.745396999999999,32.97,32.56,52.6482271,9.7454014,-0.014660765716752368,-0.01937315469713706,4.2352159628894395,-0.005,-0.01,0.005,0.0049990616,-1.4199866e-06,9.68493e-05
0 days 00:00:09.660000,-0.0014151318259413483,-0.180504,-0.149112,9.782532000000002,0.0,0.0,0.0,0.0,0.0,-0.0006981317007977319,0.00017453292519943296,-6.0,13.09,64.8,1,1,100.0,4,0.0,0.005,-0.0,52.648229099999995,9.745396999999999,32.97,32.56,52.6482271,9.7454014,-0.014660765716752368,-0.01937315469713706,4.2352159628894395,-0.005,-0.01,0.005,0.0049990616,-1.4199866e-06,9.68493e-05
0 days 00:00:09.670000,-0.0014151318259413483,-0.16873200000000002,-0.149112,9.802152000000001,0.0,0.0,0.0,0.0,0.00017453292519943296,0.0,0.00017453292519943296,-6.5,13.09,64.8,1,1,100.0,4,0.0,0.005,-0.0,52.648229099999995,9.745396999999999,32.97,32.56,52.6482271,9.7454014,-0.014660765716752368,-0.01937315469713706,4.2352159628894395,-0.005,-0.01,0.005,0.0049990616,-1.4199866e-06,9.68493e-05
0 days 00:00:09.680000,-0.0014151318259413483,-0.18835200000000002,-0.149112,9.79038,0.0,0.0,0.0,0.0,-0.00017453292519943296,0.0,0.00017453292519943296,-7.0,13.09,64.8,1,1,100.0,4,0.0,0.005,-0.0,52.648229099999995,9.745396999999999,32.97,32.56,52.6482271,9.7454014,-0.014660765716752368,-0.01937315469713706,4.2352159628894395,-0.005,-0.01,0.005,0.0049990616,-1.4199866e-06,9.68493e-05
0 days 00:00:09.690000,-0.0014151318259413483,-0.1962,-0.153036,9.806076000000001,0.0,0.0,0.0,0.0,-0.00017453292519943296,0.0,0.00017453292519943296,-7.0,13.09,64.8,1,1,100.0,4,0.005,0.005,-0.0,52.648229199999996,9.7453971,32.97,32.56,52.6482271,9.7454014,-0.014660765716752368,-0.01937315469713706,4.2352159628894395,0.01,-0.005,-0.01,0.0049990616,0.0049980427,0.0001701505
0 days 00:00:09.700000,-0.0014151318259413483,-0.180504,-0.13734000000000002,9.806076000000001,0.0,0.0,0.0,0.0,-0.00034906585039886593,0.0,-0.00034906585039886593,-7.0,13.09,64.8,1,1,100.0,4,0.005,0.005,-0.0,52.648229199999996,9.7453971,32.97,32.56,52.6482271,9.7454014,-0.014660765716752368,-0.01937315469713706,4.2352159628894395,0.01,-0.005,-0.01,0.0049990616,0.0049980427,0.0001701505
0 days 00:00:09.710000,-0.0014151318259413483,-0.192276,-0.16088400000000003,9.813924,0.0,0.0,0.0,0.0,-0.00017453292519943296,0.0,-0.00017453292519943296,-7.0,13.09,64.8,1,1,100.0,4,0.005,0.005,-0.0,52.648229199999996,9.7453971,32.97,32.56,52.6482271,9.7454014,-0.014660765716752368,-0.01937315469713706,4.2352159628894395,0.01,-0.005,-0.01,0.0049990616,0.0049980427,0.0001701505
0 days 00:00:09.720000,-0.0014151318259413483,-0.184428,-0.149112,9.806076000000001,0.0,0.0,0.0,0.0,-0.00017453292519943296,0.00034906585039886593,0.0,-6.0,13.09,64.8,1,1,100.0,4,0.005,0.005,-0.0,52.648229199999996,9.7453971,32.97,32.56,52.6482271,9.7454014,-0.014660765716752368,-0.01937315469713706,4.2352159628894395,0.01,-0.005,-0.01,0.0049990616,0.0049980427,0.0001701505
0 days 00:00:09.730000,-0.0014151318259413483,-0.1962,-0.145188,9.794304,0.0,0.0,0.0,0.0,-0.00017453292519943296,0.00017453292519943296,0.00017453292519943296,-6.0,13.09,64.8,1,1,100.0,4,0.005,0.005,-0.0,52.648229199999996,9.7453971,32.97,32.56,52.6482271,9.7454014,-0.014660765716752368,-0.01937315469713706,4.2352159628894395,0.01,-0.005,-0.01,0.0049990616,0.0049980427,0.0001701505
0 days 00:00:09.740000,-0.0014151318259413483,-0.153036,-0.153036,9.774684,0.0,0.0,0.0,0.0,-0.00017453292519943296,0.0005235987755982988,0.0,-6.0,13.09,64.8,1,1,100.0,4,0.0,0.0,-0.0,52.6482293,9.7453972,32.96,32.56,52.6482271,9.7454014,-0.014660765716752368,-0.01937315469713706,4.2352159628894395,-0.005,0.015,0.015,0.0,0.0,0.0
0 days 00:00:09.750000,-0.0014151318259413483,-0.15696000000000002,-0.14126400000000003,9.786456000000001,0.0,0.0,0.0,0.0,-0.0005235987755982988,0.0010471975511965976,0.0,-6.0,13.09,64.8,1,1,100.0,4,0.0,0.005,-0.0,52.6482293,9.7453972,32.96,32.56,52.6482271,9.7454014,-0.014660765716752368,-0.01937315469713706,4.2352159628894395,-0.005,0.015,0.015,0.0049990616,-1.4199866e-06,9.68493e-05
0 days 00:00:09.760000,-0.0014151318259413483,-0.16873200000000002,-0.149112,9.798228,0.0,0.0,0.0,0.0,-0.00034906585039886593,0.0006981317007977319,0.00017453292519943296,-6.0,13.09,64.8,1,1,100.0,4,0.0,0.005,-0.0,52.6482293,9.7453972,32.96,32.56,52.6482271,9.7454014,-0.014660765716752368,-0.01937315469713706,4.2352159628894395,-0.005,0.015,0.015,0.0049990616,-1.4199866e-06,9.68493e-05
0 days 00:00:09.770000,-0.0014151318259413483,-0.145188,-0.145188,9.806076000000001,0.0,0.0,0.0,0.0,-0.00017453292519943296,0.0005235987755982988,0.0,-6.0,13.09,64.8,1,1,100.0,4,0.0,0.005,-0.0,52.6482293,9.7453972,32.96,32.56,52.6482271,9.7454014,-0.014660765716752368,-0.01937315469713706,4.2352159628894395,-0.005,0.015,0.015,0.0049990616,-1.4199866e-06,9.68493e-05
0 days 00:00:09.780000,-0.0014151318259413483,-0.125568,-0.149112,9.825696,0.0,0.0,0.0,0.0,-0.00017453292519943296,0.0012217304763960308,0.0,-6.0,13.09,64.8,1,1,100.0,4,0.0,0.005,-0.0,52.6482293,9.7453972,32.96,32.56,52.6482271,9.7454014,-0.014660765716752368,-0.01937315469713706,4.2352159628894395,-0.005,0.015,0.015,0.0049990616,-1.4199866e-06,9.68493e-05
0 days 00:00:09.790000,-0.0014151318259413483,-0.180504,-0.15696000000000002,9.813924,0.0,0.0,0.0,0.0,0.0,0.00034906585039886593,0.00017453292519943296,-6.0,13.09,64.8,1,1,100.0,4,0.0,0.005,-0.005,52.648229199999996,9.7453972,32.97,32.56,52.6482271,9.7454014,-0.014660765716752368,-0.01937315469713706,4.2352159628894395,0.0,-0.02,0.035,0.0049022017,-7.470743e-05,0.005095374
0 days 00:00:09.800000,-0.0014151318259413483,-0.16480800000000004,-0.145188,9.806076000000001,0.0,0.0,0.0,0.0,-0.00034906585039886593,0.00034906585039886593,0.00017453292519943296,-3.0,13.09,64.8,1,1,100.0,4,0.0,0.005,-0.005,52.648229199999996,9.7453972,32.97,32.56,52.6482271,9.7454014,-0.014660765716752368,-0.01937315469713706,4.2352159628894395,0.0,-0.02,0.035,0.0049022017,-7.470743e-05,0.005095374
0 days 00:00:09.810000,-0.0014151318259413483,-0.17658000000000004,-0.145188,9.821772000000001,0.0,0.0,0.0,0.0,-0.00017453292519943296,0.0006981317007977319,0.0,-1.0,13.09,64.8,1,1,100.0,4,0.0,0.005,-0.005,52.648229199999996,9.7453972,32.97,32.56,52.6482271,9.7454014,-0.014660765716752368,-0.01937315469713706,4.2352159628894395,0.0,-0.02,0.035,0.0049022017,-7.470743e-05,0.005095374
0 days 00:00:09.820000,-0.0014151318259413483,-0.21189600000000003,-0.15696000000000002,9.79038,0.0,0.0,0.0,0.0,-0.0005235987755982988,0.00017453292519943296,0.00017453292519943296,-1.0,13.09,64.8,1,1,100.0,4,0.0,0.005,-0.005,52.648229199999996,9.7453972,32.97,32.56,52.6482271,9.7454014,-0.014660765716752368,-0.01937315469713706,4.2352159628894395,0.0,-0.02,0.035,0.0049022017,-7.470743e-05,0.005095374
0 days 00:00:09.830000,-0.0014151318259413483,-0.20404800000000003,-0.145188,9.806076000000001,0.0,0.0,0.0,0.0,-0.0005235987755982988,0.0,0.00017453292519943296,-1.0,13.09,64.8,1,1,100.0,4,0.0,0.005,-0.01,52.648229199999996,9.7453972,32.97,32.56,52.6482271,9.7454014,-0.014660765716752368,-0.01937315469713706,4.2352159628894395,0.0,-0.005,0.015,0.0048053423,-0.00014799487,0.0100938985
0 days 00:00:09.840000,-0.0014151318259413483,-0.18835200000000002,-0.153036,9.825696,0.0,0.0,0.0,0.0,-0.00034906585039886593,0.00034906585039886593,0.00034906585039886593,-1.0,13.09,64.8,1,1,100.0,4,0.0,0.005,-0.01,52.648229199999996,9.7453972,32.97,32.56,52.6482271,9.7454014,-0.014660765716752368,-0.01937315469713706,4.2352159628894395,0.0,-0.005,0.015,0.0048053423,-0.00014799487,0.0100938985
0 days 00:00:09.850000,-0.0014151318259413483,-0.1962,-0.15696000000000002,9.817848000000001,0.0,0.0,0.0,0.0,-0.00017453292519943296,-0.00034906585039886593,0.00017453292519943296,-1.0,13.09,64.8,1,1,100.0,4,0.0,0.005,-0.01,52.648229199999996,9.7453972,32.97,32.56,52.6482271,9.7454014,-0.014660765716752368,-0.01937315469713706,4.2352159628894395,0.0,-0.005,0.015,0.0048053423,-0.00014799487,0.0100938985
0 days 00:00:09.860000,-0.0014151318259413483,-0.180504,-0.145188,9.825696,0.0,0.0,0.0,0.0,0.0,-0.00034906585039886593,0.00034906585039886593,-1.0,13.09,64.8,1,1,100.0,4,0.0,0.005,-0.01,52.648229199999996,9.7453972,32.97,32.56,52.6482271,9.7454014,-0.014660765716752368,-0.01937315469713706,4.2352159628894395,0.0,-0.005,0.015,0.0048053423,-0.00014799487,0.0100938985
0 days 00:00:09.870000,-0.0014151318259413483,-0.16480800000000004,-0.153036,9.817848000000001,0.0,0.0,0.0,0.0,-0.00017453292519943296,0.0,0.00034906585039886593,-1.0,13.09,64.8,1,1,100.0,4,0.0,0.005,-0.01,52.648229199999996,9.7453972,32.97,32.56,52.6482271,9.7454014,-0.014660765716752368,-0.01937315469713706,4.2352159628894395,0.0,-0.005,0.015,0.0048053423,-0.00014799487,0.0100938985
0 days 00:00:09.880000,-0.0014151318259413483,-0.20797200000000002,-0.145188,9.821772000000001,0.0,0.0,0.0,0.0,0.0,-0.0006981317007977319,0.00034906585039886593,-1.0,13.09,64.8,1,1,100.0,4,0.0,0.005,-0.01,52.648229199999996,9.7453972,32.97,32.56,52.6482271,9.7454014,-0.014660765716752368,-0.01937315469713706,4.2352159628894395,0.0,-0.005,0.015,0.0048053423,-0.00014799487,0.0100938985
0 days 00:00:09.890000,-0.0014151318259413483,-0.20012400000000002,-0.16088400000000003,9.806076000000001,0.0,0.0,0.0,0.0,0.0,-0.00034906585039886593,0.0005235987755982988,-1.0,13.09,64.8,1,1,100.0,4,-0.005,0.005,-0.0,52.6482293,9.7453972,32.97,32.56,52.6482271,9.7454014,-0.014660765716752368,-0.01937315469713706,4.2352159628894395,-0.01,0.01,-0.055,0.0049990616,-0.0050008823,2.3548098e-05
0 days 00:00:09.900000,-0.0014151318259413483,-0.20797200000000002,-0.149112,9.802152000000001,0.0,0.0,0.0,0.0,-0.00017453292519943296,-0.00034906585039886593,0.00034906585039886593,-1.0,13.09,64.8,1,1,100.0,4,-0.005,0.005,-0.0,52.6482293,9.7453972,32.97,32.56,52.6482271,9.7454014,-0.014660765716752368,-0.01937315469713706,4.2352159628894395,-0.01,0.01,-0.055,0.0049990616,-0.0050008823,2.3548098e-05
0 days 00:00:09.910000,-0.0014151318259413483,-0.223668,-0.153036,9.798228,0.0,0.0,0.0,0.0,-0.00034906585039886593,-0.0006981317007977319,0.00017453292519943296,-1.0,13.09,64.8,1,1,100.0,4,-0.005,0.005,-0.0,52.6482293,9.7453972,32.97,32.56,52.6482271,9.7454014,-0.014660765716752368,-0.01937315469713706,4.2352159628894395,-0.01,0.01,-0.055,0.0049990616,-0.0050008823,2.3548098e-05
0 days 00:00:09.920000,-0.0014151318259413483,-0.21582000000000004,-0.15696000000000002,9.813924,0.0,0.0,0.0,0.0,-0.00017453292519943296,-0.00034906585039886593,0.00017453292519943296,-1.0,13.09,64.8,1,1,100.0,4,-0.005,0.0,-0.0,52.6482293,9.7453972,32.97,32.56,52.6482271,9.7454014,-0.014660765716752368,-0.01937315469713706,4.2352159628894395,-0.01,0.01,-0.055,0.0,-0.0049994625,-7.33012e-05
0 days 00:00:09.930000,-0.0014151318259413483,-0.192276,-0.153036,9.825696,0.0,0.0,0.0,0.0,-0.00017453292519943296,0.00017453292519943296,0.0,-1.0,13.09,64.8,1,1,100.0,4,-0.005,0.0,-0.0,52.6482293,9.7453972,32.97,32.56,52.6482271,9.7454014,-0.014660765716752368,-0.01937315469713706,4.2352159628894395,-0.01,0.01,-0.055,0.0,-0.0049994625,-7.33012e-05
0 days 00:00:09.940000,-0.0014151318259413483,-0.21974400000000002,-0.149112,9.802152000000001,0.0,0.0,0.0,0.0,-0.00034906585039886593,-0.00034906585039886593,0.00017453292519943296,-1.0,13.09,64.8,1,1,100.0,4,0.0,0.0,0.01,52.648229099999995,9.7453972,32.96,32.56,52.6482271,9.7454014,-0.014660765716752368,-0.01937315469713706,4.2352159628894395,0.0,0.005,-0.045,0.00019371942,0.0001465749,-0.009997048
0 days 00:00:09.950000,-0.0014151318259413483,-0.192276,-0.16088400000000003,9.813924,0.0,0.0,0.0,0.0,-0.00017453292519943296,-0.00034906585039886593,0.00017453292519943296,-1.0,13.09,64.8,1,1,100.0,4,0.0,0.0,0.01,52.648229099999995,9.7453972,32.96,32.56,52.6482271,9.7454014,-0.014660765716752368,-0.01937315469713706,4.2352159628894395,0.0,0.005,-0.045,0.00019371942,0.0001465749,-0.009997048
0 days 00:00:09.960000,-0.0014151318259413483,-0.18835200000000002,-0.149112,9.806076000000001,0.0,0.0,0.0,0.0,0.0,0.0,0.00034906585039886593,-1.0,13.09,64.8,1,1,100.0,4,0.0,0.0,0.01,52.648229099999995,9.7453972,32.96,32.56,52.6482271,9.7454014,-0.014660765716752368,-0.01937315469713706,4.2352159628894395,0.0,0.005,-0.045,0.00019371942,0.0001465749,-0.009997048
0 days 00:00:09.970000,-0.0014151318259413483,-0.180504,-0.13734000000000002,9.79038,0.0,0.0,0.0,0.0,-0.00017453292519943296,-0.0005235987755982988,-0.00017453292519943296,-1.0,13.09,64.8,1,1,100.0,4,0.0,0.0,0.01,52.648229099999995,9.7453972,32.96,32.56,52.6482271,9.7454014,-0.014660765716752368,-0.01937315469713706,4.2352159628894395,0.0,0.005,-0.045,0.00019371942,0.0001465749,-0.009997048
0 days 00:00:09.980000,-0.0014151318259413483,-0.17658000000000004,-0.15696000000000002,9.802152000000001,0.0,0.0,0.0,0.0,-0.00017453292519943296,0.0,0.0,-1.0,13.09,64.8,1,1,100.0,4,0.0,0.0,0.01,52.648229099999995,9.7453972,32.96,32.56,52.6482271,9.7454014,-0.014660765716752368,-0.01937315469713706,4.2352159628894395,0.0,0.005,-0.045,0.00019371942,0.0001465749,-0.009997048
0 days 00:00:09.990000,-0.0014151318259413483,-0.16480800000000004,-0.15696000000000002,9.802152000000001,0.0,0.0,0.0,0.0,-0.00017453292519943296,0.00034906585039886593,0.0,-1.0,13.09,64.8,1,1,100.0,4,-0.005,0.0,-0.005,52.648229099999995,9.7453972,32.97,32.56,52.6482271,9.7454014,-0.014660765716752368,-0.01937315469713706,4.2352159628894395,-0.005,0.005,0.065,-9.685971e-05,-0.00507275,0.004925223
0 days 00:00:10,-0.0014151318259413483,-0.1962,-0.14126400000000003,9.782532000000002,0.0,0.0,0.0,0.0,-0.00034906585039886593,-0.0005235987755982988,-0.00017453292519943296,-1.0,13.09,64.8,1,1,100.0,4,-0.005,0.0,-0.005,52.648229099999995,9.7453972,32.97,32.56,52.6482271,9.7454014,-0.014660765716752368,-0.01937315469713706,4.2352159628894395,-0.005,0.005,0.065,-9.685971e-05,-0.00507275,0.004925223
0 days 00:00:10.010000,-0.0014151318259413483,-0.16480800000000004,-0.15696000000000002,9.81,0.0,0.0,0.0,0.0,-0.00017453292519943296,0.00017453292519943296,-0.00017453292519943296,-1.0,13.09,64.8,1,1,100.0,4,-0.005,0.0,-0.005,52.648229099999995,9.7453972,32.97,32.56,52.6482271,9.7454014,-0.014660765716752368,-0.01937315469713706,4.2352159628894395,-0.005,0.005,0.065,-9.685971e-05,-0.00507275,0.004925223
0 days 00:00:10.020000,-0.0014151318259413483,-0.17658000000000004,-0.16088400000000003,9.821772000000001,0.0,0.0,0.0,0.0,0.0,0.0005235987755982988,0.0,-1.0,13.09,64.8,1,1,100.0,4,-0.005,0.0,-0.005,52.648229099999995,9.7453972,32.97,32.56,52.6482271,9.7454014,-0.014660765716752368,-0.01937315469713706,4.2352159628894395,-0.005,0.005,0.065,-9.685971e-05,-0.00507275,0.004925223
0 days 00:00:10.030000,-0.0014151318259413483,-0.18835200000000002,-0.13734000000000002,9.806076000000001,0.0,0.0,0.0,0.0,-0.00017453292519943296,0.0,-0.00017453292519943296,-1.0,13.09,64.8,1,1,100.0,4,-0.005,0.0,-0.005,52.648229099999995,9.7453972,32.97,32.56,52.6482271,9.7454014,-0.014660765716752368,-0.01937315469713706,4.2352159628894395,-0.005,0.005,0.065,-9.685971e-05,-0.00507275,0.004925223
0 days 00:00:10.040000,-0.0014151318259413483,-0.16873200000000002,-0.149112,9.806076000000001,0.0,0.0,0.0,0.0,-0.00017453292519943296,0.00017453292519943296,0.0,-1.0,13.09,64.8,1,1,100.0,4,-0.005,0.01,-0.005,52.6482281,9.745396999999999,33.21,32.56,52.6482271,9.7454014,-0.014660765716752368,-0.01937315469713706,4.2352159628894395,-0.01,-0.025,0.01,0.009901264,-0.00507559,0.005118922
0 days 00:00:10.050000,-0.0014151318259413483,-0.17265600000000003,-0.149112,9.798228,0.0,0.0,0.0,0.0,-0.00034906585039886593,0.00017453292519943296,0.0,-1.0,13.09,64.8,1,1,100.0,4,-0.005,0.01,-0.005,52.6482281,9.745396999999999,33.21,32.56,52.6482271,9.7454014,-0.014660765716752368,-0.01937315469713706,4.2352159628894395,-0.01,-0.025,0.01,0.009901264,-0.00507559,0.005118922
0 days 00:00:10.060000,-0.0014151318259413483,-0.18835200000000002,-0.149112,9.806076000000001,0.0,0.0,0.0,0.0,-0.00034906585039886593,-0.00034906585039886593,0.00017453292519943296,-1.0,13.09,64.8,1,1,100.0,4,-0.005,0.01,-0.005,52.6482281,9.745396999999999,33.21,32.56,52.6482271,9.7454014,-0.014660765716752368,-0.01937315469713706,4.2352159628894395,-0.01,-0.025,0.01,0.009901264,-0.00507559,0.005118922
0 days 00:00:10.070000,-0.0014151318259413483,-0.15696000000000002,-0.145188,9.802152000000001,0.0,0.0,0.0,0.0,-0.0005235987755982988,0.0,0.0,-1.0,13.09,64.8,1,1,100.0,4,-0.005,0.01,-0.005,52.6482281,9.745396999999999,33.21,32.56,52.6482271,9.7454014,-0.014660765716752368,-0.01937315469713706,4.2352159628894395,-0.01,-0.025,0.01,0.009901264,-0.00507559,0.005118922
0 days 00:00:10.080000,-0.0014151318259413483,-0.16480800000000004,-0.153036,9.821772000000001,0.0,0.0,0.0,0.0,0.0,0.0,0.0,-1.0,13.09,64.8,1,1,100.0,4,0.0,0.005,0.005,52.6482281,9.745396999999999,33.2,32.56,52.6482271,9.7454014,-0.014660765716752368,-0.01937315469713706,4.2352159628894395,0.005,-0.01,-0.04,0.0050959215,7.186746e-05,-0.004901675
0 days 00:00:10.090000,-0.0014151318259413483,-0.17265600000000003,-0.145188,9.798228,0.0,0.0,0.0,0.0,-0.00034906585039886593,-0.00017453292519943296,0.0,-1.0,13.09,64.8,1,1,100.0,4,0.0,0.005,0.005,52.6482281,9.745396999999999,33.2,32.56,52.6482271,9.7454014,-0.014660765716752368,-0.01937315469713706,4.2352159628894395,0.005,-0.01,-0.04,0.0050959215,7.186746e-05,-0.004901675
0 days 00:00:10.100000,-0.0014151318259413483,-0.184428,-0.16088400000000003,9.802152000000001,0.0,0.0,0.0,0.0,-0.00017453292519943296,-0.00017453292519943296,0.00017453292519943296,-1.0,13.09,64.8,1,1,100.0,4,0.0,0.005,0.005,52.6482281,9.745396999999999,33.2,32.56,52.6482271,9.7454014,-0.014660765716752368,-0.01937315469713706,4.2352159628894395,0.005,-0.01,-0.04,0.0050959215,7.186746e-05,-0.004901675
0 days 00:00:10.110000,-0.0014151318259413483,-0.180504,-0.13734000000000002,9.821772000000001,0.0,0.0,0.0,0.0,0.0,0.0,0.0,-1.0,13.09,64.8,1,1,100.0,4,0.0,0.005,0.005,52.6482281,9.745396999999999,33.2,32.56,52.6482271,9.7454014,-0.014660765716752368,-0.01937315469713706,4.2352159628894395,0.005,-0.01,-0.04,0.0050959215,7.186746e-05,-0.004901675
0 days 00:00:10.120000,-0.0014151318259413483,-0.184428,-0.149112,9.806076000000001,0.0,0.0,0.0,0.0,-0.00017453292519943296,0.0,0.0,-1.0,13.09,64.8,1,1,100.0,4,0.0,0.005,0.005,52.6482281,9.745396999999999,33.2,32.56,52.6482271,9.7454014,-0.014660765716752368,-0.01937315469713706,4.2352159628894395,0.005,-0.01,-0.04,0.0050959215,7.186746e-05,-0.004901675
0 days 00:00:10.130000,-0.0014151318259413483,-0.192276,-0.149112,9.825696,0.0,0.0,0.0,0.0,-0.00017453292519943296,0.00017453292519943296,0.00017453292519943296,-1.0,13.09,64.8,1,1,100.0,4,0.0,0.005,0.005,52.6482281,9.745396999999999,33.2,32.56,52.6482271,9.7454014,-0.014660765716752368,-0.01937315469713706,4.2352159628894395,0.005,-0.01,-0.04,0.0050959215,7.186746e-05,-0.004901675
0 days 00:00:10.140000,-0.0014151318259413483,-0.192276,-0.15696000000000002,9.81,0.0,0.0,0.0,0.0,-0.00017453292519943296,0.00017453292519943296,0.00017453292519943296,0.0,13.09,64.8,1,1,100.0,4,0.0,0.0,-0.0,52.6482281,9.7453971,33.18,32.56,52.6482271,9.7454014,-0.014660765716752368,-0.01937315469713706,4.2352159628894395,0.0,0.015,0.015,0.0,0.0,0.0
0 days 00:00:10.150000,-0.0014151318259413483,-0.20404800000000003,-0.149112,9.81,0.0,0.0,0.0,0.0,-0.00017453292519943296,-0.00017453292519943296,0.00034906585039886593,0.0,13.09,64.8,1,1,100.0,4,0.0,0.0,-0.0,52.6482281,9.7453971,33.18,32.56,52.6482271,9.7454014,-0.014660765716752368,-0.01937315469713706,4.2352159628894395,0.0,0.015,0.015,0.0,0.0,0.0
0 days 00:00:10.160000,-0.0014151318259413483,-0.17658000000000004,-0.153036,9.806076000000001,0.0,0.0,0.0,0.0,-0.00017453292519943296,0.00034906585039886593,0.00017453292519943296,0.0,13.09,64.8,1,1,100.0,4,0.0,0.0,-0.0,52.6482281,9.7453971,33.18,32.56,52.6482271,9.7454014,-0.014660765716752368,-0.01937315469713706,4.2352159628894395,0.0,0.015,0.015,0.0,0.0,0.0
0 days 00:00:10.170000,-0.0014151318259413483,-0.192276,-0.14126400000000003,9.813924,0.0,0.0,0.0,0.0,-0.00034906585039886593,0.0006981317007977319,0.0,0.0,13.09,64.8,1,1,100.0,4,0.0,0.0,-0.0,52.6482281,9.7453971,33.18,32.56,52.6482271,9.7454014,-0.014660765716752368,-0.01937315469713706,4.2352159628894395,0.0,0.015,0.015,0.0,0.0,0.0
0 days 00:00:10.180000,-0.0014151318259413483,-0.21189600000000003,-0.153036,9.794304,0.0,0.0,0.0,0.0,-0.00017453292519943296,0.0,0.00017453292519943296,0.0,13.09,64.8,1,1,100.0,4,0.0,0.0,-0.0,52.6482281,9.7453971,33.18,32.56,52.6482271,9.7454014,-0.014660765716752368,-0.01937315469713706,4.2352159628894395,0.0,0.015,0.015,0.0,0.0,0.0
0 days 00:00:10.190000,-0.0014151318259413483,-0.192276,-0.145188,9.806076000000001,0.0,0.0,0.0,0.0,-0.00017453292519943296,0.00034906585039886593,0.00017453292519943296,0.0,13.09,64.8,1,1,100.0,4,-0.005,0.005,0.005,52.648227999999996,9.7453971,33.18,32.56,52.6482271,9.7454014,-0.014660765716752368,-0.01937315469713706,4.2352159628894395,-0.01,-0.01,-0.025,0.0050959215,-0.0049275947,-0.004974976
0 days 00:00:10.200000,-0.0014151318259413483,-0.20012400000000002,-0.15696000000000002,9.806076000000001,0.0,0.0,0.0,0.0,-0.00034906585039886593,0.0005235987755982988,0.00034906585039886593,0.0,13.09,64.8,1,1,100.0,4,-0.005,0.005,0.005,52.648227999999996,9.7453971,33.18,32.56,52.6482271,9.7454014,-0.014660765716752368,-0.01937315469713706,4.2352159628894395,-0.01,-0.01,-0.025,0.0050959215,-0.0049275947,-0.004974976
0 days 00:00:10.210000,-0.0014151318259413483,-0.21582000000000004,-0.149112,9.806076000000001,0.0,0.0,0.0,0.0,-0.00017453292519943296,-0.00017453292519943296,0.00017453292519943296,0.0,13.09,64.8,1,1,100.0,4,-0.005,0.005,0.005,52.648227999999996,9.7453971,33.18,32.56,52.6482271,9.7454014,-0.014660765716752368,-0.01937315469713706,4.2352159628894395,-0.01,-0.01,-0.025,0.0050959215,-0.0049275947,-0.004974976
0 days 00:00:10.220000,-0.0014151318259413483,-0.192276,-0.149112,9.817848000000001,0.0,0.0,0.0,0.0,-0.00017453292519943296,0.00017453292519943296,0.0,0.0,13.09,64.8,1,1,100.0,4,-0.005,0.005,0.005,52.648227999999996,9.7453971,33.18,32.56,52.6482271,9.7454014,-0.014660765716752368,-0.01937315469713706,4.2352159628894395,-0.01,-0.01,-0.025,0.0050959215,-0.0049275947,-0.004974976
0 days 00:00:10.230000,-0.0014151318259413483,-0.20012400000000002,-0.15696000000000002,9.82962,0.0,0.0,0.0,0.0,0.0,0.00034906585039886593,0.00017453292519943296,0.0,13.09,64.8,1,1,100.0,4,-0.005,0.005,0.005,52.648227999999996,9.7453971,33.18,32.56,52.6482271,9.7454014,-0.014660765716752368,-0.01937315469713706,4.2352159628894395,-0.01,-0.01,-0.025,0.0050959215,-0.0049275947,-0.004974976
0 days 00:00:10.240000,-0.0014151318259413483,-0.1962,-0.145188,9.794304,0.0,0.0,0.0,0.0,-0.00017453292519943296,0.00017453292519943296,0.0,0.0,13.09,64.8,1,1,100.0,4,0.005,0.0,0.005,52.648227999999996,9.7453971,33.18,32.56,52.6482271,9.7454014,-0.014660765716752368,-0.01937315469713706,4.2352159628894395,0.015,0.005,-0.015,9.685971e-05,0.00507275,-0.004925223
0 days 00:00:10.250000,-0.0014151318259413483,-0.18835200000000002,-0.15696000000000002,9.798228,0.0,0.0,0.0,0.0,-0.00017453292519943296,-0.00017453292519943296,0.0,0.0,13.09,64.8,1,1,100.0,4,0.005,0.0,0.005,52.648227999999996,9.7453971,33.18,32.56,52.6482271,9.7454014,-0.014660765716752368,-0.01937315469713706,4.2352159628894395,0.015,0.005,-0.015,9.685971e-05,0.00507275,-0.004925223
0 days 00:00:10.260000,-0.0014151318259413483,-0.20012400000000002,-0.153036,9.817848000000001,0.0,0.0,0.0,0.0,0.0,0.00034906585039886593,0.00017453292519943296,0.0,13.09,64.8,1,1,100.0,4,0.005,0.0,0.005,52.648227999999996,9.7453971,33.18,32.56,52.6482271,9.7454014,-0.014660765716752368,-0.01937315469713706,4.2352159628894395,0.015,0.005,-0.015,9.685971e-05,0.00507275,-0.004925223
0 days 00:00:10.270000,-0.0014151318259413483,-0.192276,-0.15696000000000002,9.786456000000001,0.0,0.0,0.0,0.0,0.0,-0.00017453292519943296,0.0,0.0,13.09,64.8,1,1,100.0,4,0.005,0.0,0.005,52.648227999999996,9.7453971,33.18,32.56,52.6482271,9.7454014,-0.014660765716752368,-0.01937315469713706,4.2352159628894395,0.015,0.005,-0.015,9.685971e-05,0.00507275,-0.004925223
0 days 00:00:10.280000,-0.0014151318259413483,-0.1962,-0.153036,9.798228,0.0,0.0,0.0,0.0,-0.00017453292519943296,-0.0005235987755982988,0.00017453292519943296,0.0,13.09,64.8,1,1,100.0,4,0.005,0.0,0.005,52.648227999999996,9.7453971,33.18,32.56,52.6482271,9.7454014,-0.014660765716752368,-0.01937315469713706,4.2352159628894395,0.015,0.005,-0.015,9.685971e-05,0.00507275,-0.004925223
0 days 00:00:10.290000,-0.0014151318259413483,-0.180504,-0.15696000000000002,9.81,0.0,0.0,0.0,0.0,-0.00017453292519943296,-0.00034906585039886593,0.00017453292519943296,0.0,13.09,64.8,1,1,100.0,4,0.005,-0.005,0.015,52.648227999999996,9.7453971,33.18,32.56,52.6482271,9.7454014,-0.014660765716752368,-0.01937315469713706,4.2352159628894395,0.01,0.005,-0.05,-0.0047084824,0.0052207448,-0.015019122
0 days 00:00:10.300000,-0.0014151318259413483,-0.17265600000000003,-0.153036,9.817848000000001,0.0,0.0,0.0,0.0,0.0,-0.00034906585039886593,-0.00017453292519943296,0.0,13.09,64.8,1,1,100.0,4,0.005,0.0,0.015,52.648227999999996,9.7453971,33.18,32.56,52.6482271,9.7454014,-0.014660765716752368,-0.01937315469713706,4.2352159628894395,0.01,0.005,-0.05,0.0002905791,0.005219325,-0.0149222715
0 days 00:00:10.310000,-0.0014151318259413483,-0.20012400000000002,-0.153036,9.802152000000001,0.0,0.0,0.0,0.0,0.0,-0.0006981317007977319,0.0,0.0,13.09,64.8,1,1,100.0,4,0.005,-0.005,0.015,52.648227999999996,9.7453971,33.18,32.56,52.6482271,9.7454014,-0.014660765716752368,-0.01937315469713706,4.2352159628894395,0.01,0.005,-0.05,-0.0047084824,0.0052207448,-0.015019122
0 days 00:00:10.320000,-0.0014151318259413483,-0.17265600000000003,-0.149112,9.802152000000001,0.0,0.0,0.0,0.0,-0.00034906585039886593,-0.00034906585039886593,0.00017453292519943296,0.0,13.09,64.8,1,1,100.0,4,0.005,0.0,0.015,52.648227999999996,9.7453971,33.18,32.56,52.6482271,9.7454014,-0.014660765716752368,-0.01937315469713706,4.2352159628894395,0.01,0.005,-0.05,0.0002905791,0.005219325,-0.0149222715
0 days 00:00:10.330000,-0.0014151318259413483,-0.192276,-0.15696000000000002,9.813924,0.0,0.0,0.0,0.0,-0.00017453292519943296,-0.0006981317007977319,0.00017453292519943296,0.0,13.09,64.8,1,1,100.0,4,0.005,0.0,0.015,52.648227999999996,9.7453971,33.18,32.56,52.6482271,9.7454014,-0.014660765716752368,-0.01937315469713706,4.2352159628894395,0.01,0.005,-0.05,0.0002905791,0.005219325,-0.0149222715
0 days 00:00:10.340000,-0.0014151318259413483,-0.180504,-0.149112,9.802152000000001,0.0,0.0,0.0,0.0,-0.00017453292519943296,-0.0006981317007977319,0.0,0.0,13.09,64.8,1,1,100.0,4,0.0,0.005,0.005,52.6482282,9.7453971,33.2,32.56,52.6482271,9.7454014,-0.014660765716752368,-0.01937315469713706,4.2352159628894395,-0.005,-0.015,0.025,0.0050959215,7.186746e-05,-0.004901675
0 days 00:00:10.350000,-0.0014151318259413483,-0.17265600000000003,-0.149112,9.806076000000001,0.0,0.0,0.0,0.0,0.0,-0.00034906585039886593,0.00017453292519943296,0.0,13.09,64.8,1,1,100.0,4,0.0,0.005,0.005,52.6482282,9.7453971,33.2,32.56,52.6482271,9.7454014,-0.014660765716752368,-0.01937315469713706,4.2352159628894395,-0.005,-0.015,0.025,0.0050959215,7.186746e-05,-0.004901675
0 days 00:00:10.360000,-0.0014151318259413483,-0.17658000000000004,-0.149112,9.802152000000001,0.0,0.0,0.0,0.0,-0.00017453292519943296,-0.00017453292519943296,0.00017453292519943296,0.0,13.09,64.8,1,1,100.0,4,0.0,0.005,0.005,52.6482282,9.7453971,33.2,32.56,52.6482271,9.7454014,-0.014660765716752368,-0.01937315469713706,4.2352159628894395,-0.005,-0.015,0.025,0.0050959215,7.186746e-05,-0.004901675
0 days 00:00:10.370000,-0.0014151318259413483,-0.184428,-0.145188,9.813924,0.0,0.0,0.0,0.0,-0.00017453292519943296,-0.0005235987755982988,0.0,0.0,13.09,64.8,1,1,100.0,4,0.0,0.005,0.005,52.6482282,9.7453971,33.2,32.56,52.6482271,9.7454014,-0.014660765716752368,-0.01937315469713706,4.2352159628894395,-0.005,-0.015,0.025,0.0050959215,7.186746e-05,-0.004901675
0 days 00:00:10.380000,-0.0014151318259413483,-0.17265600000000003,-0.149112,9.81,0.0,0.0,0.0,0.0,-0.00017453292519943296,-0.00017453292519943296,0.00017453292519943296,0.0,13.09,64.8,1,1,100.0,4,0.0,0.005,0.005,52.6482282,9.7453971,33.2,32.56,52.6482271,9.7454014,-0.014660765716752368,-0.01937315469713706,4.2352159628894395,-0.005,-0.015,0.025,0.0050959215,7.186746e-05,-0.004901675
0 days 00:00:10.390000,-0.0014151318259413483,-0.16873200000000002,-0.149112,9.813924,0.0,0.0,0.0,0.0,-0.00017453292519943296,-0.00017453292519943296,0.0,0.0,13.09,64.8,1,1,100.0,4,0.0,0.0,0.005,52.6482281,9.7453972,33.21,32.56,52.6482271,9.7454014,-0.014660765716752368,-0.01937315469713706,4.2352159628894395,0.005,0.01,0.01,9.685971e-05,7.328745e-05,-0.004998524
0 days 00:00:10.400000,-0.0014151318259413483,-0.192276,-0.15696000000000002,9.806076000000001,0.0,0.0,0.0,0.0,0.0,-0.00034906585039886593,0.00034906585039886593,0.0,13.09,64.8,1,1,100.0,4,0.0,0.0,0.005,52.6482281,9.7453972,33.21,32.56,52.6482271,9.7454014,-0.014660765716752368,-0.01937315469713706,4.2352159628894395,0.005,0.01,0.01,9.685971e-05,7.328745e-05,-0.004998524
0 days 00:00:10.410000,-0.0014151318259413483,-0.16873200000000002,-0.149112,9.802152000000001,0.0,0.0,0.0,0.0,0.0,-0.00017453292519943296,0.00017453292519943296,0.0,13.09,64.8,1,1,100.0,4,0.0,0.0,0.005,52.6482281,9.7453972,33.21,32.56,52.6482271,9.7454014,-0.014660765716752368,-0.01937315469713706,4.2352159628894395,0.005,0.01,0.01,9.685971e-05,7.328745e-05,-0.004998524
0 days 00:00:10.420000,-0.0014151318259413483,-0.184428,-0.153036,9.817848000000001,0.0,0.0,0.0,0.0,0.00017453292519943296,0.00017453292519943296,0.00034906585039886593,0.0,13.09,64.8,1,1,100.0,4,0.0,0.0,0.005,52.6482281,9.7453972,33.21,32.56,52.6482271,9.7454014,-0.014660765716752368,-0.01937315469713706,4.2352159628894395,0.005,0.01,0.01,9.685971e-05,7.328745e-05,-0.004998524
0 days 00:00:10.430000,-0.0014151318259413483,-0.184428,-0.145188,9.798228,0.0,0.0,0.0,0.0,-0.00017453292519943296,0.00017453292519943296,0.00034906585039886593,0.0,13.09,64.8,1,1,99.5,4,0.0,0.0,0.005,52.6482281,9.7453972,33.21,32.56,52.6482271,9.7454014,-0.014660765716752368,-0.01937315469713706,4.2352159628894395,0.005,0.01,0.01,9.685971e-05,7.328745e-05,-0.004998524
0 days 00:00:10.440000,-0.0014151318259413483,-0.17658000000000004,-0.149112,9.806076000000001,0.0,0.0,0.0,0.0,-0.00017453292519943296,0.0005235987755982988,0.00034906585039886593,0.0,13.09,64.8,1,1,99.0,4,0.005,-0.005,0.015,52.6482281,9.7453972,33.21,32.56,52.6482271,9.7454014,-0.014660765716752368,-0.01937315469713706,4.2352159628894395,0.015,0.01,-0.07,-0.0047084824,0.0052207448,-0.015019122
0 days 00:00:10.450000,-0.0014151318259413483,-0.18835200000000002,-0.149112,9.806076000000001,0.0,0.0,0.0,0.0,-0.00017453292519943296,0.00034906585039886593,0.00034906585039886593,0.0,13.09,64.8,1,1,98.5,4,0.005,-0.005,0.015,52.6482281,9.7453972,33.21,32.56,52.6482271,9.7454014,-0.014660765716752368,-0.01937315469713706,4.2352159628894395,0.015,0.01,-0.07,-0.0047084824,0.0052207448,-0.015019122
0 days 00:00:10.460000,-0.0014151318259413483,-0.18835200000000002,-0.153036,9.806076000000001,0.0,0.0,0.0,0.0,0.0,0.00017453292519943296,0.00034906585039886593,0.0,13.09,64.8,1,1,98.0,4,0.005,-0.005,0.015,52.6482281,9.7453972,33.21,32.56,52.6482271,9.7454014,-0.014660765716752368,-0.01937315469713706,4.2352159628894395,0.015,0.01,-0.07,-0.0047084824,0.0052207448,-0.015019122
0 days 00:00:10.470000,-0.0014151318259413483,-0.16088400000000003,-0.14126400000000003,9.798228,0.0,0.0,0.0,0.0,-0.00017453292519943296,0.00034906585039886593,0.00017453292519943296,0.0,13.09,64.8,1,1,97.5,4,0.005,-0.005,0.015,52.6482281,9.7453972,33.21,32.56,52.6482271,9.7454014,-0.014660765716752368,-0.01937315469713706,4.2352159628894395,0.015,0.01,-0.07,-0.0047084824,0.0052207448,-0.015019122
0 days 00:00:10.480000,-0.0014151318259413483,-0.20797200000000002,-0.149112,9.813924,0.0,0.0,0.0,0.0,-0.00017453292519943296,0.0,0.00034906585039886593,0.0,13.09,64.8,1,1,97.0,4,0.005,-0.005,0.015,52.6482281,9.7453972,33.21,32.56,52.6482271,9.7454014,-0.014660765716752368,-0.01937315469713706,4.2352159628894395,0.015,0.01,-0.07,-0.0047084824,0.0052207448,-0.015019122
0 days 00:00:10.490000,-0.0014151318259413483,-0.180504,-0.149112,9.81,0.0,0.0,0.0,0.0,-0.00017453292519943296,0.00017453292519943296,0.00017453292519943296,0.0,13.09,64.8,1,1,96.5,4,0.0,-0.01,0.015,52.6482281,9.7453972,33.2,32.56,52.6482271,9.7454014,-0.014660765716752368,-0.01937315469713706,4.2352159628894395,0.0,0.02,-0.025,-0.009707544,0.0002227023,-0.015189271
0 days 00:00:10.500000,-0.0014151318259413483,-0.180504,-0.15696000000000002,9.802152000000001,0.0,0.0,0.0,0.0,-0.00017453292519943296,0.00034906585039886593,0.00034906585039886593,0.0,13.09,64.8,1,1,96.0,4,0.0,-0.005,0.015,52.6482281,9.7453972,33.2,32.56,52.6482271,9.7454014,-0.014660765716752368,-0.01937315469713706,4.2352159628894395,0.0,0.02,-0.025,-0.0047084824,0.00022128232,-0.015092422
0 days 00:00:10.510000,-0.0014151318259413483,-0.1962,-0.15696000000000002,9.81,0.0,0.0,0.0,0.0,-0.00017453292519943296,0.0005235987755982988,0.00034906585039886593,0.0,13.09,64.8,1,1,95.5,4,0.0,-0.005,0.015,52.6482281,9.7453972,33.2,32.56,52.6482271,9.7454014,-0.014660765716752368,-0.01937315469713706,4.2352159628894395,0.0,0.02,-0.025,-0.0047084824,0.00022128232,-0.015092422
0 days 00:00:10.520000,-0.0014151318259413483,-0.184428,-0.13734000000000002,9.798228,0.0,0.0,0.0,0.0,-0.00034906585039886593,0.00017453292519943296,0.00017453292519943296,0.0,13.09,64.8,1,1,95.0,4,0.0,-0.005,0.015,52.6482281,9.7453972,33.2,32.56,52.6482271,9.7454014,-0.014660765716752368,-0.01937315469713706,4.2352159628894395,0.0,0.02,-0.025,-0.0047084824,0.00022128232,-0.015092422
0 days 00:00:10.530000,-0.0014151318259413483,-0.18835200000000002,-0.145188,9.813924,0.0,0.0,0.0,0.0,-0.00034906585039886593,0.00034906585039886593,0.00017453292519943296,0.0,13.09,64.8,1,1,94.5,4,0.0,-0.005,0.015,52.6482281,9.7453972,33.2,32.56,52.6482271,9.7454014,-0.014660765716752368,-0.01937315469713706,4.2352159628894395,0.0,0.02,-0.025,-0.0047084824,0.00022128232,-0.015092422
0 days 00:00:10.540000,-0.0014151318259413483,-0.192276,-0.149112,9.817848000000001,0.0,0.0,0.0,0.0,-0.00017453292519943296,0.0,0.0,0.0,13.09,64.8,1,1,94.0,4,0.0,0.0,0.01,52.648227899999995,9.7453971,33.19,32.56,52.6482271,9.7454014,-0.014660765716752368,-0.01937315469713706,4.2352159628894395,-0.005,-0.03,0.025,0.00019371942,0.0001465749,-0.009997048
0 days 00:00:10.550000,-0.0014151318259413483,-0.20404800000000003,-0.153036,9.794304,0.0,0.0,0.0,0.0,-0.00034906585039886593,0.0,0.0,0.0,13.09,64.8,1,1,93.5,4,0.0,0.0,0.01,52.648227899999995,9.7453971,33.19,32.56,52.6482271,9.7454014,-0.014660765716752368,-0.01937315469713706,4.2352159628894395,-0.005,-0.03,0.025,0.00019371942,0.0001465749,-0.009997048
0 days 00:00:10.560000,-0.0014151318259413483,-0.192276,-0.15696000000000002,9.817848000000001,0.0,0.0,0.0,0.0,-0.00017453292519943296,0.00017453292519943296,0.00034906585039886593,0.0,13.09,64.8,1,1,93.0,4,0.0,0.0,0.01,52.648227899999995,9.7453971,33.19,32.56,52.6482271,9.7454014,-0.014660765716752368,-0.01937315469713706,4.2352159628894395,-0.005,-0.03,0.025,0.00019371942,0.0001465749,-0.009997048
0 days 00:00:10.570000,-0.0014151318259413483,-0.180504,-0.145188,9.798228,0.0,0.0,0.0,0.0,-0.00017453292519943296,-0.00017453292519943296,0.0,0.0,13.09,64.8,1,1,92.5,4,0.0,0.0,0.01,52.648227899999995,9.7453971,33.19,32.56,52.6482271,9.7454014,-0.014660765716752368,-0.01937315469713706,4.2352159628894395,-0.005,-0.03,0.025,0.00019371942,0.0001465749,-0.009997048
0 days 00:00:10.580000,-0.0014151318259413483,-0.1962,-0.153036,9.802152000000001,0.0,0.0,0.0,0.0,-0.00034906585039886593,-0.00017453292519943296,0.00017453292519943296,0.0,13.09,64.8,1,1,92.0,4,0.005,-0.005,0.015,52.6482278,9.7453971,33.2,32.56,52.6482271,9.7454014,-0.014660765716752368,-0.01937315469713706,4.2352159628894395,0.015,0.015,-0.045,-0.0047084824,0.0052207448,-0.015019122
0 days 00:00:10.590000,-0.0014151318259413483,-0.192276,-0.145188,9.802152000000001,0.0,0.0,0.0,0.0,-0.0005235987755982988,0.0,0.00017453292519943296,0.0,13.09,64.8,1,1,91.5,4,0.005,-0.005,0.015,52.6482278,9.7453971,33.2,32.56,52.6482271,9.7454014,-0.014660765716752368,-0.01937315469713706,4.2352159628894395,0.015,0.015,-0.045,-0.0047084824,0.0052207448,-0.015019122
0 days 00:00:10.600000,-0.0014151318259413483,-0.192276,-0.153036,9.806076000000001,0.0,0.0,0.0,0.0,-0.00034906585039886593,-0.00034906585039886593,0.00017453292519943296,0.0,13.09,64.8,1,1,91.0,4,0.005,-0.005,0.015,52.6482278,9.7453971,33.2,32.56,52.6482271,9.7454014,-0.014660765716752368,-0.01937315469713706,4.2352159628894395,0.015,0.015,-0.045,-0.0047084824,0.0052207448,-0.015019122
0 days 00:00:10.610000,-0.0014151318259413483,-0.180504,-0.14126400000000003,9.813924,0.0,0.0,0.0,0.0,-0.00034906585039886593,-0.00017453292519943296,0.0,0.0,13.09,64.8,1,1,90.5,4,0.005,-0.005,0.015,52.6482278,9.7453971,33.2,32.56,52.6482271,9.7454014,-0.014660765716752368,-0.01937315469713706,4.2352159628894395,0.015,0.015,-0.045,-0.0047084824,0.0052207448,-0.015019122
0 days 00:00:10.620000,-0.0014151318259413483,-0.17658000000000004,-0.153036,9.81,0.0,0.0,0.0,0.0,0.0,-0.00017453292519943296,-0.00017453292519943296,0.0,13.09,64.8,1,1,90.0,4,0.005,-0.005,0.015,52.6482278,9.7453971,33.2,32.56,52.6482271,9.7454014,-0.014660765716752368,-0.01937315469713706,4.2352159628894395,0.015,0.015,-0.045,-0.0047084824,0.0052207448,-0.015019122
0 days 00:00:10.630000,-0.0014151318259413483,-0.20797200000000002,-0.153036,9.817848000000001,0.0,0.0,0.0,0.0,0.0,-0.00017453292519943296,0.00017453292519943296,0.0,13.09,64.8,1,1,90.0,4,0.0,0.0,0.01,52.6482278,9.7453971,33.2,32.56,52.6482271,9.7454014,-0.014660765716752368,-0.01937315469713706,4.2352159628894395,0.0,-0.01,-0.0,0.00019371942,0.0001465749,-0.009997048
0 days 00:00:10.640000,-0.0014151318259413483,-0.192276,-0.14126400000000003,9.802152000000001,0.0,0.0,0.0,0.0,-0.00017453292519943296,-0.0005235987755982988,0.00017453292519943296,0.0,13.09,64.8,1,1,90.0,4,0.0,0.0,0.01,52.6482278,9.7453971,33.2,32.56,52.6482271,9.7454014,-0.014660765716752368,-0.01937315469713706,4.2352159628894395,0.0,-0.01,-0.0,0.00019371942,0.0001465749,-0.009997048
0 days 00:00:10.650000,-0.0014151318259413483,-0.17658000000000004,-0.153036,9.813924,0.0,0.0,0.0,0.0,0.0,-0.00017453292519943296,0.00017453292519943296,0.0,13.09,64.8,1,1,90.0,4,0.0,0.0,0.01,52.6482278,9.7453971,33.2,32.56,52.6482271,9.7454014,-0.014660765716752368,-0.01937315469713706,4.2352159628894395,0.0,-0.01,-0.0,0.00019371942,0.0001465749,-0.009997048
0 days 00:00:10.660000,-0.0014151318259413483,-0.17265600000000003,-0.153036,9.798228,0.0,0.0,0.0,0.0,-0.00034906585039886593,-0.00017453292519943296,0.0,0.0,13.09,64.8,1,1,90.0,4,0.0,0.0,0.01,52.6482278,9.7453971,33.2,32.56,52.6482271,9.7454014,-0.014660765716752368,-0.01937315469713706,4.2352159628894395,0.0,-0.01,-0.0,0.00019371942,0.0001465749,-0.009997048
0 days 00:00:10.670000,-0.0014151318259413483,-0.20012400000000002,-0.153036,9.813924,0.0,0.0,0.0,0.0,0.0,-0.0005235987755982988,0.00017453292519943296,0.0,13.09,64.8,1,1,90.0,4,0.0,0.0,0.01,52.6482278,9.7453971,33.2,32.56,52.6482271,9.7454014,-0.014660765716752368,-0.01937315469713706,4.2352159628894395,0.0,-0.01,-0.0,0.00019371942,0.0001465749,-0.009997048
0 days 00:00:10.680000,-0.0014151318259413483,-0.16873200000000002,-0.149112,9.802152000000001,0.0,0.0,0.0,0.0,-0.00034906585039886593,0.0,0.00017453292519943296,0.0,13.09,64.8,1,1,90.0,4,0.0,0.0,0.015,52.6482278,9.7453971,33.2,32.56,52.6482271,9.7454014,-0.014660765716752368,-0.01937315469713706,4.2352159628894395,0.0,-0.01,-0.0,0.0002905791,0.00021986233,-0.014995573
0 days 00:00:10.690000,-0.0014151318259413483,-0.17265600000000003,-0.149112,9.813924,0.0,0.0,0.0,0.0,-0.00034906585039886593,0.0,0.0,0.0,13.09,64.8,1,1,90.0,4,0.0,0.005,0.005,52.6482278,9.7453971,33.2,32.56,52.6482271,9.7454014,-0.014660765716752368,-0.01937315469713706,4.2352159628894395,0.0,-0.02,0.025,0.0050959215,7.186746e-05,-0.004901675
0 days 00:00:10.700000,-0.0014151318259413483,-0.184428,-0.153036,9.81,0.0,0.0,0.0,0.0,-0.00017453292519943296,0.0,0.0,0.0,13.09,64.8,1,1,90.0,4,0.0,0.005,0.005,52.6482278,9.7453971,33.2,32.56,52.6482271,9.7454014,-0.014660765716752368,-0.01937315469713706,4.2352159628894395,0.0,-0.02,0.025,0.0050959215,7.186746e-05,-0.004901675
0 days 00:00:10.710000,-0.0014151318259413483,-0.192276,-0.16088400000000003,9.806076000000001,0.0,0.0,0.0,0.0,0.0,0.0,0.00034906585039886593,0.0,13.09,64.8,1,1,90.0,4,0.0,0.005,0.005,52.6482278,9.7453971,33.2,32.56,52.6482271,9.7454014,-0.014660765716752368,-0.01937315469713706,4.2352159628894395,0.0,-0.02,0.025,0.0050959215,7.186746e-05,-0.004901675
0 days 00:00:10.720000,-0.0014151318259413483,-0.17265600000000003,-0.145188,9.806076000000001,0.0,0.0,0.0,0.0,-0.00017453292519943296,0.00017453292519943296,0.00017453292519943296,0.0,13.09,64.8,1,1,90.0,4,0.0,0.005,0.005,52.6482278,9.7453971,33.2,32.56,52.6482271,9.7454014,-0.014660765716752368,-0.01937315469713706,4.2352159628894395,0.0,-0.02,0.025,0.0050959215,7.186746e-05,-0.004901675
0 days 00:00:10.730000,-0.0014151318259413483,-0.184428,-0.145188,9.79038,0.0,0.0,0.0,0.0,-0.00017453292519943296,-0.00017453292519943296,0.00017453292519943296,0.0,13.09,64.8,1,1,90.0,4,0.0,0.005,0.005,52.6482278,9.7453971,33.2,32.56,52.6482271,9.7454014,-0.014660765716752368,-0.01937315469713706,4.2352159628894395,0.0,-0.02,0.025,0.0050959215,7.186746e-05,-0.004901675
0 days 00:00:10.740000,-0.0014151318259413483,-0.180504,-0.14126400000000003,9.806076000000001,0.0,0.0,0.0,0.0,-0.00034906585039886593,0.00017453292519943296,0.00017453292519943296,0.0,13.09,64.8,1,1,90.0,4,0.0,0.01,0.005,52.648227899999995,9.745397299999999,33.160000000000004,32.56,52.6482271,9.7454014,-0.014660765716752368,-0.01937315469713706,4.2352159628894395,-0.005,-0.02,-0.005,0.010094983,7.044747e-05,-0.004804826
0 days 00:00:10.750000,-0.0014151318259413483,-0.184428,-0.16480800000000004,9.817848000000001,0.0,0.0,0.0,0.0,0.0,0.00017453292519943296,0.00034906585039886593,0.0,13.09,64.8,1,1,90.0,4,0.0,0.01,0.005,52.648227899999995,9.745397299999999,33.160000000000004,32.56,52.6482271,9.7454014,-0.014660765716752368,-0.01937315469713706,4.2352159628894395,-0.005,-0.02,-0.005,0.010094983,7.044747e-05,-0.004804826
0 days 00:00:10.760000,-0.0014151318259413483,-0.17658000000000004,-0.149112,9.794304,0.0,0.0,0.0,0.0,-0.00017453292519943296,0.0,0.00017453292519943296,0.0,13.09,64.8,1,1,90.0,4,0.0,0.01,0.005,52.648227899999995,9.745397299999999,33.160000000000004,32.56,52.6482271,9.7454014,-0.014660765716752368,-0.01937315469713706,4.2352159628894395,-0.005,-0.02,-0.005,0.010094983,7.044747e-05,-0.004804826
0 days 00:00:10.770000,-0.0014151318259413483,-0.16873200000000002,-0.14126400000000003,9.813924,0.0,0.0,0.0,0.0,0.0,0.00034906585039886593,0.0,0.0,13.09,64.8,1,1,90.0,4,0.0,0.01,0.005,52.648227899999995,9.745397299999999,33.160000000000004,32.56,52.6482271,9.7454014,-0.014660765716752368,-0.01937315469713706,4.2352159628894395,-0.005,-0.02,-0.005,0.010094983,7.044747e-05,-0.004804826
0 days 00:00:10.780000,-0.0014151318259413483,-0.18835200000000002,-0.153036,9.813924,0.0,0.0,0.0,0.0,0.00017453292519943296,0.00017453292519943296,0.0,0.0,13.09,64.8,1,1,90.0,4,0.005,0.005,-0.0,52.648227899999995,9.745397299999999,33.160000000000004,32.56,52.6482271,9.7454014,-0.014660765716752368,-0.01937315469713706,4.2352159628894395,0.01,0.0,0.02,0.0049990616,0.0049980427,0.0001701505
0 days 00:00:10.790000,-0.0014151318259413483,-0.192276,-0.14126400000000003,9.794304,0.0,0.0,0.0,0.0,0.0,-0.00017453292519943296,-0.00017453292519943296,0.0,13.09,64.8,1,1,90.0,4,0.005,0.005,-0.0,52.648227899999995,9.745397299999999,33.160000000000004,32.56,52.6482271,9.7454014,-0.014660765716752368,-0.01937315469713706,4.2352159628894395,0.01,0.0,0.02,0.0049990616,0.0049980427,0.0001701505
0 days 00:00:10.800000,-0.0014151318259413483,-0.17265600000000003,-0.153036,9.806076000000001,0.0,0.0,0.0,0.0,-0.00017453292519943296,0.00034906585039886593,0.0,0.0,13.09,64.8,1,1,90.0,4,0.005,0.005,-0.0,52.648227899999995,9.745397299999999,33.160000000000004,32.56,52.6482271,9.7454014,-0.014660765716752368,-0.01937315469713706,4.2352159628894395,0.01,0.0,0.02,0.0049990616,0.0049980427,0.0001701505
0 days 00:00:10.810000,-0.0014151318259413483,-0.20012400000000002,-0.15696000000000002,9.802152000000001,0.0,0.0,0.0,0.0,0.0,0.0,0.00017453292519943296,0.0,13.09,64.8,1,1,90.0,4,0.005,0.005,-0.0,52.648227899999995,9.745397299999999,33.160000000000004,32.56,52.6482271,9.7454014,-0.014660765716752368,-0.01937315469713706,4.2352159628894395,0.01,0.0,0.02,0.0049990616,0.0049980427,0.0001701505
0 days 00:00:10.820000,-0.0014151318259413483,-0.17658000000000004,-0.145188,9.802152000000001,0.0,0.0,0.0,0.0,-0.00034906585039886593,0.0,0.0,0.0,13.09,64.8,1,1,90.0,4,0.005,0.005,-0.0,52.648227899999995,9.745397299999999,33.160000000000004,32.56,52.6482271,9.7454014,-0.014660765716752368,-0.01937315469713706,4.2352159628894395,0.01,0.0,0.02,0.0049990616,0.0049980427,0.0001701505
0 days 00:00:10.830000,-0.0014151318259413483,-0.20012400000000002,-0.149112,9.821772000000001,0.0,0.0,0.0,0.0,-0.00017453292519943296,0.00017453292519943296,0.00017453292519943296,0.0,13.09,64.8,1,1,90.0,4,0.005,0.005,0.005,52.648227899999995,9.745397299999999,33.160000000000004,32.56,52.6482271,9.7454014,-0.014660765716752368,-0.01937315469713706,4.2352159628894395,0.0,-0.015,-0.02,0.0050959215,0.0050713303,-0.004828374
0 days 00:00:10.840000,-0.0014151318259413483,-0.192276,-0.149112,9.81,0.0,0.0,0.0,0.0,-0.00017453292519943296,0.00017453292519943296,0.00017453292519943296,0.0,13.09,64.8,1,1,90.0,4,0.005,0.005,0.005,52.648227899999995,9.745397299999999,33.160000000000004,32.56,52.6482271,9.7454014,-0.014660765716752368,-0.01937315469713706,4.2352159628894395,0.0,-0.015,-0.02,0.0050959215,0.0050713303,-0.004828374
0 days 00:00:10.850000,-0.0014151318259413483,-0.1962,-0.149112,9.81,0.0,0.0,0.0,0.0,-0.00017453292519943296,-0.00017453292519943296,0.0,0.0,13.09,64.8,1,1,90.0,4,0.005,0.005,0.005,52.648227899999995,9.745397299999999,33.160000000000004,32.56,52.6482271,9.7454014,-0.014660765716752368,-0.01937315469713706,4.2352159628894395,0.0,-0.015,-0.02,0.0050959215,0.0050713303,-0.004828374
0 days 00:00:10.860000,-0.0014151318259413483,-0.184428,-0.145188,9.81,0.0,0.0,0.0,0.0,-0.00017453292519943296,0.00017453292519943296,0.0,0.0,13.09,64.8,1,1,90.0,4,0.005,0.005,0.005,52.648227899999995,9.745397299999999,33.160000000000004,32.56,52.6482271,9.7454014,-0.014660765716752368,-0.01937315469713706,4.2352159628894395,0.0,-0.015,-0.02,0.0050959215,0.0050713303,-0.004828374
0 days 00:00:10.870000,-0.0014151318259413483,-0.180504,-0.15696000000000002,9.806076000000001,0.0,0.0,0.0,0.0,-0.00017453292519943296,0.00034906585039886593,0.0,0.0,13.09,64.8,1,1,90.0,4,0.005,0.005,0.005,52.648227899999995,9.745397299999999,33.160000000000004,32.56,52.6482271,9.7454014,-0.014660765716752368,-0.01937315469713706,4.2352159628894395,0.0,-0.015,-0.02,0.0050959215,0.0050713303,-0.004828374
0 days 00:00:10.880000,-0.0014151318259413483,-0.21189600000000003,-0.14126400000000003,9.79038,0.0,0.0,0.0,0.0,-0.0005235987755982988,-0.00034906585039886593,0.00017453292519943296,0.0,13.09,64.8,1,1,90.0,4,0.005,0.005,0.005,52.648227899999995,9.745397299999999,33.160000000000004,32.56,52.6482271,9.7454014,-0.014660765716752368,-0.01937315469713706,4.2352159628894395,0.0,-0.015,-0.02,0.0050959215,0.0050713303,-0.004828374
0 days 00:00:10.890000,-0.0014151318259413483,-0.17658000000000004,-0.153036,9.817848000000001,0.0,0.0,0.0,0.0,-0.00034906585039886593,0.0,0.0,0.0,13.09,64.8,1,1,90.0,4,0.0,0.0,0.005,52.648227899999995,9.745397299999999,33.160000000000004,32.56,52.6482271,9.7454014,-0.014660765716752368,-0.01937315469713706,4.2352159628894395,-0.005,0.02,0.005,9.685971e-05,7.328745e-05,-0.004998524
0 days 00:00:10.900000,-0.0014151318259413483,-0.192276,-0.149112,9.817848000000001,0.0,0.0,0.0,0.0,-0.00017453292519943296,0.0,0.0,0.0,13.09,64.8,1,1,90.0,4,0.0,0.0,0.005,52.648227899999995,9.745397299999999,33.160000000000004,32.56,52.6482271,9.7454014,-0.014660765716752368,-0.01937315469713706,4.2352159628894395,-0.005,0.02,0.005,9.685971e-05,7.328745e-05,-0.004998524
0 days 00:00:10.910000,-0.0014151318259413483,-0.192276,-0.153036,9.813924,0.0,0.0,0.0,0.0,0.0,-0.00017453292519943296,0.0,0.0,13.09,64.8,1,1,90.0,4,0.0,0.0,0.005,52.648227899999995,9.745397299999999,33.160000000000004,32.56,52.6482271,9.7454014,-0.014660765716752368,-0.01937315469713706,4.2352159628894395,-0.005,0.02,0.005,9.685971e-05,7.328745e-05,-0.004998524
0 days 00:00:10.920000,-0.0014151318259413483,-0.18835200000000002,-0.153036,9.802152000000001,0.0,0.0,0.0,0.0,-0.00017453292519943296,-0.00034906585039886593,0.0,0.0,13.09,64.8,1,1,90.0,4,0.0,0.0,0.005,52.648227899999995,9.745397299999999,33.160000000000004,32.56,52.6482271,9.7454014,-0.014660765716752368,-0.01937315469713706,4.2352159628894395,-0.005,0.02,0.005,9.685971e-05,7.328745e-05,-0.004998524
0 days 00:00:10.930000,-0.0014151318259413483,-0.1962,-0.145188,9.825696,0.0,0.0,0.0,0.0,-0.00017453292519943296,0.0,0.00017453292519943296,0.0,13.09,64.65,1,1,90.0,4,0.0,0.0,0.005,52.648227899999995,9.745397299999999,33.160000000000004,32.56,52.6482271,9.7454014,-0.014660765716752368,-0.01937315469713706,4.2352159628894395,-0.005,0.02,0.005,9.685971e-05,7.328745e-05,-0.004998524
0 days 00:00:10.940000,-0.0014151318259413483,-0.20012400000000002,-0.153036,9.798228,0.0,0.0,0.0,0.0,-0.00017453292519943296,-0.0005235987755982988,0.00034906585039886593,0.0,13.09,64.5,1,1,90.0,4,0.0,0.005,-0.0,52.6482278,9.7453972,33.160000000000004,32.56,52.6482271,9.7454014,-0.014660765716752368,-0.01937315469713706,4.2352159628894395,0.0,-0.015,0.02,0.0049990616,-1.4199866e-06,9.68493e-05
0 days 00:00:10.950000,-0.0014151318259413483,-0.17658000000000004,-0.149112,9.802152000000001,0.0,0.0,0.0,0.0,0.0,-0.0005235987755982988,0.00017453292519943296,0.0,13.09,64.64999999999999,1,1,90.0,4,0.0,0.005,-0.0,52.6482278,9.7453972,33.160000000000004,32.56,52.6482271,9.7454014,-0.014660765716752368,-0.01937315469713706,4.2352159628894395,0.0,-0.015,0.02,0.0049990616,-1.4199866e-06,9.68493e-05
0 days 00:00:10.960000,-0.0014151318259413483,-0.184428,-0.149112,9.825696,0.0,0.0,0.0,0.0,0.0,0.00034906585039886593,0.00034906585039886593,0.0,13.09,64.8,1,1,90.0,4,0.0,0.005,-0.0,52.6482278,9.7453972,33.160000000000004,32.56,52.6482271,9.7454014,-0.014660765716752368,-0.01937315469713706,4.2352159628894395,0.0,-0.015,0.02,0.0049990616,-1.4199866e-06,9.68493e-05
0 days 00:00:10.970000,-0.0014151318259413483,-0.20797200000000002,-0.15696000000000002,9.81,0.0,0.0,0.0,0.0,0.0,0.0,0.0005235987755982988,0.0,13.09,64.8,1,1,90.0,4,0.0,0.005,-0.0,52.6482278,9.7453972,33.160000000000004,32.56,52.6482271,9.7454014,-0.014660765716752368,-0.01937315469713706,4.2352159628894395,0.0,-0.015,0.02,0.0049990616,-1.4199866e-06,9.68493e-05
0 days 00:00:10.980000,-0.0014151318259413483,-0.18835200000000002,-0.13734000000000002,9.806076000000001,0.0,0.0,0.0,0.0,-0.00017453292519943296,-0.00017453292519943296,0.00034906585039886593,0.0,13.09,64.8,1,1,90.0,4,0.0,0.005,-0.0,52.6482278,9.7453972,33.160000000000004,32.56,52.6482271,9.7454014,-0.014660765716752368,-0.01937315469713706,4.23539049581464,0.0,-0.015,0.02,0.0049990616,-1.4199866e-06,9.68493e-05
0 days 00:00:10.990000,-0.0014151318259413483,-0.17265600000000003,-0.153036,9.813924,0.0,0.0,0.0,0.0,0.0,0.0,0.00017453292519943296,0.0,13.09,64.65,1,1,90.0,4,0.0,0.005,-0.0,52.648227899999995,9.7453972,33.160000000000004,32.56,52.6482271,9.7454014,-0.014660765716752368,-0.01937315469713706,4.23539049581464,-0.005,0.0,-0.0,0.0049990616,-1.4199866e-06,9.68493e-05
0 days 00:00:11,-0.0014151318259413483,-0.192276,-0.149112,9.81,0.0,0.0,0.0,0.0,-0.00017453292519943296,0.0,0.00017453292519943296,0.0,13.09,64.5,1,1,90.0,4,0.0,0.005,-0.0,52.648227899999995,9.7453972,33.160000000000004,32.56,52.6482271,9.7454014,-0.014660765716752368,-0.01937315469713706,4.23539049581464,-0.005,0.0,-0.0,0.0049990616,-1.4199866e-06,9.68493e-05
0 days 00:00:11.010000,-0.0014151318259413483,-0.18835200000000002,-0.149112,9.81,0.0,0.0,0.0,0.0,0.0,-0.00034906585039886593,0.00017453292519943296,0.0,13.09,64.5,1,1,90.0,4,0.0,0.005,-0.0,52.648227899999995,9.7453972,33.160000000000004,32.56,52.6482271,9.7454014,-0.014660765716752368,-0.01937315469713706,4.23539049581464,-0.005,0.0,-0.0,0.0049990616,-1.4199866e-06,9.68493e-05
0 days 00:00:11.020000,-0.0014151318259413483,-0.17265600000000003,-0.149112,9.813924,0.0,0.0,0.0,0.0,0.0,0.00017453292519943296,0.00017453292519943296,0.0,13.09,64.5,1,1,90.0,4,0.0,0.005,-0.0,52.648227899999995,9.7453972,33.160000000000004,32.56,52.6482271,9.7454014,-0.014660765716752368,-0.01937315469713706,4.23539049581464,-0.005,0.0,-0.0,0.0049990616,-1.4199866e-06,9.68493e-05
0 days 00:00:11.030000,-0.0014151318259413483,-0.184428,-0.145188,9.798228,0.0,0.0,0.0,0.0,-0.00017453292519943296,0.00017453292519943296,0.0,0.0,13.09,64.64999999999999,1,1,89.5,4,0.0,0.005,-0.0,52.648227899999995,9.7453972,33.160000000000004,32.56,52.6482271,9.7454014,-0.014660765716752368,-0.01937315469713706,4.23539049581464,-0.005,0.0,-0.0,0.0049990616,-1.4199866e-06,9.68493e-05
0 days 00:00:11.040000,-0.0014151318259413483,-0.180504,-0.15696000000000002,9.802152000000001,0.0,0.0,0.0,0.0,-0.00034906585039886593,0.00017453292519943296,0.00017453292519943296,0.0,13.09,64.8,1,1,89.0,4,0.005,0.005,-0.0,52.6482275,9.7453966,33.34,32.56,52.6482271,9.7454014,-0.014660765716752368,-0.01937315469713706,4.23539049581464,0.005,-0.025,0.005,0.0049990616,0.0049980427,0.0001701505
0 days 00:00:11.050000,-0.0014151318259413483,-0.18835200000000002,-0.149112,9.806076000000001,0.0,0.0,0.0,0.0,-0.00034906585039886593,0.0,0.0,0.0,13.09,64.65,1,1,88.5,4,0.005,0.005,-0.0,52.6482275,9.7453966,33.34,32.56,52.6482271,9.7454014,-0.014660765716752368,-0.01937315469713706,4.23539049581464,0.005,-0.025,0.005,0.0049990616,0.0049980427,0.0001701505
0 days 00:00:11.060000,-0.0014151318259413483,-0.17658000000000004,-0.15696000000000002,9.81,0.0,0.0,0.0,0.0,0.0,0.0,0.0,0.0,13.09,64.5,1,1,88.0,4,0.005,0.005,-0.0,52.6482275,9.7453966,33.34,32.56,52.6482271,9.7454014,-0.014660765716752368,-0.01937315469713706,4.23539049581464,0.005,-0.025,0.005,0.0049990616,0.0049980427,0.0001701505
0 days 00:00:11.070000,-0.0014151318259413483,-0.180504,-0.153036,9.802152000000001,0.0,0.0,0.0,0.0,0.0,0.0,0.00017453292519943296,0.0,13.09,64.64999999999999,1,1,87.5,4,0.005,0.005,-0.0,52.6482275,9.7453966,33.34,32.56,52.6482271,9.7454014,-0.014660765716752368,-0.01937315469713706,4.23539049581464,0.005,-0.025,0.005,0.0049990616,0.0049980427,0.0001701505
0 days 00:00:11.080000,-0.0014151318259413483,-0.184428,-0.145188,9.81,0.0,0.0,0.0,0.0,-0.00017453292519943296,0.0,0.00017453292519943296,0.0,13.09,64.8,1,1,87.0,4,0.005,0.005,-0.0,52.6482275,9.7453966,33.34,32.56,52.6482271,9.7454014,-0.014660765716752368,-0.01937315469713706,4.23539049581464,0.005,-0.025,0.005,0.0049990616,0.0049980427,0.0001701505
0 days 00:00:11.090000,-0.0014151318259413483,-0.180504,-0.153036,9.794304,0.0,0.0,0.0,0.0,-0.00017453292519943296,-0.00017453292519943296,0.0,0.0,13.09,64.65,1,1,86.5,4,0.005,0.01,-0.0,52.6482275,9.7453965,33.34,32.56,52.6482271,9.7454014,-0.014660765716752368,-0.019547687622336492,4.23539049581464,0.0,-0.025,-0.015,0.00999809,0.004996597,0.00026874462
0 days 00:00:11.100000,-0.0014151318259413483,-0.16873200000000002,-0.149112,9.798228,0.0,0.0,0.0,0.0,0.0,-0.00017453292519943296,-0.00017453292519943296,0.0,13.09,64.5,1,1,86.0,4,0.005,0.01,-0.0,52.6482275,9.7453965,33.34,32.56,52.6482271,9.7454014,-0.014660765716752368,-0.019547687622336492,4.23539049581464,0.0,-0.025,-0.015,0.00999809,0.004996597,0.00026874462
0 days 00:00:11.110000,-0.0014151318259413483,-0.17658000000000004,-0.133416,9.798228,0.0,0.0,0.0,0.0,-0.00034906585039886593,0.0,-0.00034906585039886593,0.0,13.09,64.5,1,1,85.5,4,0.005,0.01,-0.0,52.6482275,9.7453965,33.34,32.56,52.6482271,9.7454014,-0.014660765716752368,-0.019547687622336492,4.23539049581464,0.0,-0.025,-0.015,0.00999809,0.004996597,0.00026874462
0 days 00:00:11.120000,-0.0014151318259413483,-0.1962,-0.16088400000000003,9.813924,0.0,0.0,0.0,0.0,-0.00034906585039886593,0.0,0.0,0.0,13.09,64.5,1,1,85.0,4,0.005,0.01,-0.0,52.6482275,9.7453965,33.34,32.56,52.6482271,9.7454014,-0.014660765716752368,-0.019547687622336492,4.23539049581464,0.0,-0.025,-0.015,0.00999809,0.004996597,0.00026874462
0 days 00:00:11.130000,-0.0014151318259413483,-0.20404800000000003,-0.153036,9.802152000000001,0.0,0.0,0.0,0.0,-0.00017453292519943296,-0.00017453292519943296,0.00017453292519943296,0.0,13.09,64.5,1,1,84.5,4,0.0,0.01,0.005,52.648227399999996,9.7453966,33.32,32.56,52.6482271,9.7454014,-0.014660765716752368,-0.01937315469713706,4.23539049581464,-0.005,0.005,-0.025,0.010094983,7.044747e-05,-0.004804826
0 days 00:00:11.140000,-0.0014151318259413483,-0.17265600000000003,-0.145188,9.81,0.0,0.0,0.0,0.0,-0.00017453292519943296,0.0,0.0,0.0,13.09,64.5,1,1,84.0,4,0.0,0.01,0.005,52.648227399999996,9.7453966,33.32,32.56,52.6482271,9.7454014,-0.014660765716752368,-0.01937315469713706,4.23539049581464,-0.005,0.005,-0.025,0.010094983,7.044747e-05,-0.004804826
0 days 00:00:11.150000,-0.0014151318259413483,-0.17658000000000004,-0.149112,9.81,0.0,0.0,0.0,0.0,-0.00017453292519943296,0.00017453292519943296,-0.00017453292519943296,0.0,13.09,64.5,1,1,83.5,4,0.0,0.01,0.005,52.648227399999996,9.7453966,33.32,32.56,52.6482271,9.7454014,-0.014660765716752368,-0.01937315469713706,4.23539049581464,-0.005,0.005,-0.025,0.010094983,7.044747e-05,-0.004804826
0 days 00:00:11.160000,-0.0014151318259413483,-0.192276,-0.16088400000000003,9.802152000000001,0.0,0.0,0.0,0.0,0.00017453292519943296,0.0,-0.00017453292519943296,0.0,13.09,64.5,1,1,83.0,4,0.0,0.01,0.005,52.648227399999996,9.7453966,33.32,32.56,52.6482271,9.7454014,-0.014660765716752368,-0.01937315469713706,4.23539049581464,-0.005,0.005,-0.025,0.010094983,7.044747e-05,-0.004804826
0 days 00:00:11.170000,-0.0014151318259413483,-0.192276,-0.145188,9.79038,0.0,0.0,0.0,0.0,-0.00017453292519943296,0.0,0.0,0.0,13.09,64.5,1,1,82.5,4,0.0,0.01,0.005,52.648227399999996,9.7453966,33.32,32.56,52.6482271,9.7454014,-0.014660765716752368,-0.01937315469713706,4.23539049581464,-0.005,0.005,-0.025,0.010094983,7.044747e-05,-0.004804826
0 days 00:00:11.180000,-0.0014151318259413483,-0.180504,-0.16088400000000003,9.82962,0.0,0.0,0.0,0.0,0.0,0.0005235987755982988,0.00017453292519943296,0.0,13.09,64.5,1,1,82.0,4,0.0,0.01,0.005,52.648227399999996,9.7453966,33.32,32.56,52.6482271,9.7454014,-0.014660765716752368,-0.019547687622336492,4.23539049581464,-0.005,0.005,-0.025,0.010095822,7.042164e-05,-0.004803064
0 days 00:00:11.190000,-0.0014151318259413483,-0.1962,-0.14126400000000003,9.79038,0.0,0.0,0.0,0.0,-0.00017453292519943296,0.00017453292519943296,0.0,0.0,13.09,64.5,1,1,81.5,4,0.0,-0.005,0.01,52.6482275,9.7453966,33.32,32.56,52.6482271,9.7454014,-0.014660765716752368,-0.01937315469713706,4.23539049581464,0.01,0.035,-0.03,-0.0048053423,0.00014799487,-0.0100938985
0 days 00:00:11.200000,-0.0014151318259413483,-0.192276,-0.149112,9.806076000000001,0.0,0.0,0.0,0.0,-0.00034906585039886593,0.00017453292519943296,0.00017453292519943296,0.0,13.09,64.5,1,1,81.0,4,0.0,-0.005,0.01,52.6482275,9.7453966,33.32,32.56,52.6482271,9.7454014,-0.014660765716752368,-0.01937315469713706,4.23539049581464,0.01,0.035,-0.03,-0.0048053423,0.00014799487,-0.0100938985
0 days 00:00:11.210000,-0.0014151318259413483,-0.192276,-0.145188,9.821772000000001,0.0,0.0,0.0,0.0,-0.00034906585039886593,0.00017453292519943296,0.00017453292519943296,0.0,13.09,64.5,1,1,80.5,4,0.0,-0.005,0.01,52.6482275,9.7453966,33.32,32.56,52.6482271,9.7454014,-0.014660765716752368,-0.01937315469713706,4.23539049581464,0.01,0.035,-0.03,-0.0048053423,0.00014799487,-0.0100938985
0 days 00:00:11.220000,-0.0014151318259413483,-0.18835200000000002,-0.14126400000000003,9.806076000000001,0.0,0.0,0.0,0.0,-0.00034906585039886593,-0.00017453292519943296,-0.00017453292519943296,0.0,13.09,64.5,1,1,80.0,4,0.0,-0.005,0.01,52.6482275,9.7453966,33.32,32.56,52.6482271,9.7454014,-0.014660765716752368,-0.01937315469713706,4.23539049581464,0.01,0.035,-0.03,-0.0048053423,0.00014799487,-0.0100938985
0 days 00:00:11.230000,-0.0014151318259413483,-0.192276,-0.16480800000000004,9.837468000000001,0.0,0.0,0.0,0.0,0.0,0.00034906585039886593,0.00017453292519943296,0.0,13.09,64.5,1,1,80.0,4,0.005,0.0,0.01,52.648227399999996,9.7453966,33.32,32.56,52.6482271,9.7454014,-0.014660765716752368,-0.01937315469713706,4.23539049581464,0.01,-0.005,-0.015,0.00019371942,0.0051460373,-0.009923748
0 days 00:00:11.240000,-0.0014151318259413483,-0.20012400000000002,-0.13734000000000002,9.802152000000001,0.0,0.0,0.0,0.0,-0.00017453292519943296,0.0,0.00017453292519943296,0.0,13.09,64.5,1,1,80.0,4,0.005,0.0,0.01,52.648227399999996,9.7453966,33.32,32.56,52.6482271,9.7454014,-0.014660765716752368,-0.01937315469713706,4.23539049581464,0.01,-0.005,-0.015,0.00019371942,0.0051460373,-0.009923748
0 days 00:00:11.250000,-0.0014151318259413483,-0.18835200000000002,-0.153036,9.798228,0.0,0.0,0.0,0.0,-0.00017453292519943296,-0.00017453292519943296,0.00017453292519943296,0.0,13.09,64.5,1,1,80.0,4,0.005,0.0,0.01,52.648227399999996,9.7453966,33.32,32.56,52.6482271,9.7454014,-0.014660765716752368,-0.01937315469713706,4.23539049581464,0.01,-0.005,-0.015,0.00019371942,0.0051460373,-0.009923748
0 days 00:00:11.260000,-0.0014151318259413483,-0.180504,-0.153036,9.81,0.0,0.0,0.0,0.0,-0.00034906585039886593,0.0,0.0,0.0,13.09,64.5,1,1,80.0,4,0.005,0.0,0.01,52.648227399999996,9.7453966,33.32,32.56,52.6482271,9.7454014,-0.014660765716752368,-0.01937315469713706,4.23539049581464,0.01,-0.005,-0.015,0.00019371942,0.0051460373,-0.009923748
0 days 00:00:11.270000,-0.0012972041737795694,-0.1962,-0.149112,9.821772000000001,0.0,0.0,0.0,0.0,-0.00017453292519943296,0.0,0.00017453292519943296,0.0,13.09,64.5,1,1,80.0,4,0.005,0.0,0.01,52.648227399999996,9.7453966,33.32,32.56,52.6482271,9.7454014,-0.014660765716752368,-0.01937315469713706,4.23539049581464,0.01,-0.005,-0.015,0.00019371942,0.0051460373,-0.009923748
0 days 00:00:11.280000,-0.0012972041737795694,-0.1962,-0.15696000000000002,9.802152000000001,0.0,0.0,0.0,0.0,-0.00017453292519943296,0.0,0.00034906585039886593,0.0,13.09,64.5,1,1,80.0,4,0.005,0.0,0.01,52.648227399999996,9.7453966,33.32,32.56,52.6482271,9.7454014,-0.014660765716752368,-0.01937315469713706,4.23539049581464,0.01,-0.005,-0.015,0.00019371942,0.0051460373,-0.009923748
0 days 00:00:11.290000,-0.0012972041737795694,-0.180504,-0.149112,9.817848000000001,0.0,0.0,0.0,0.0,0.0,0.0,0.00017453292519943296,0.0,13.09,64.5,1,1,80.0,4,0.005,0.0,-0.0,52.6482275,9.7453966,33.32,32.56,52.6482271,9.7454014,-0.014660765716752368,-0.01937315469713706,4.23539049581464,0.01,-0.005,0.035,0.0,0.0049994625,7.33012e-05
0 days 00:00:11.300000,-0.0012972041737795694,-0.17265600000000003,-0.149112,9.806076000000001,0.0,0.0,0.0,0.0,0.0,-0.00034906585039886593,-0.00034906585039886593,0.0,13.09,64.5,1,1,80.0,4,0.005,0.0,-0.0,52.6482275,9.7453966,33.32,32.56,52.6482271,9.7454014,-0.014660765716752368,-0.01937315469713706,4.23539049581464,0.01,-0.005,0.035,0.0,0.0049994625,7.33012e-05
0 days 00:00:11.310000,-0.0011792765216177901,-0.1962,-0.16088400000000003,9.798228,0.0,0.0,0.0,0.0,-0.00017453292519943296,-0.00017453292519943296,0.00017453292519943296,0.0,13.09,64.5,1,1,80.0,4,0.005,0.0,-0.0,52.6482275,9.7453966,33.32,32.56,52.6482271,9.7454014,-0.014660765716752368,-0.01937315469713706,4.23539049581464,0.01,-0.005,0.035,0.0,0.0049994625,7.33012e-05
0 days 00:00:11.320000,-0.0011792765216177901,-0.17265600000000003,-0.145188,9.81,0.0,0.0,0.0,0.0,0.0,0.0,0.0,0.0,13.09,64.5,1,1,80.0,4,0.005,0.0,-0.0,52.6482275,9.7453966,33.32,32.56,52.6482271,9.7454014,-0.014660765716752368,-0.01937315469713706,4.23539049581464,0.01,-0.005,0.035,0.0,0.0049994625,7.33012e-05
0 days 00:00:11.330000,-0.0011792765216177901,-0.20404800000000003,-0.16088400000000003,9.802152000000001,0.0,0.0,0.0,0.0,0.0,-0.00034906585039886593,0.00034906585039886593,0.0,13.09,64.35000000000001,1,1,80.0,4,0.005,0.0,-0.0,52.6482275,9.7453966,33.32,32.56,52.6482271,9.7454014,-0.014660765716752368,-0.01937315469713706,4.23539049581464,0.01,-0.005,0.035,0.0,0.0049994625,7.33012e-05
0 days 00:00:11.340000,-0.0010613488694560112,-0.180504,-0.149112,9.81,0.0,0.0,0.0,0.0,0.0,0.0,0.00034906585039886593,0.0,13.09,64.2,1,1,80.0,4,0.005,-0.005,0.005,52.6482275,9.7453968,33.29,32.56,52.6482271,9.7454014,-0.014660765716752368,-0.01937315469713706,4.23539049581464,0.01,0.0,-0.015,-0.0049022017,0.00507417,-0.0050220727
0 days 00:00:11.350000,-0.0010613488694560112,-0.17265600000000003,-0.149112,9.798228,0.0,0.0,0.0,0.0,-0.00017453292519943296,-0.00017453292519943296,0.0,0.0,13.09,64.2,1,1,80.0,4,0.005,-0.005,0.005,52.6482275,9.7453968,33.29,32.56,52.6482271,9.7454014,-0.014660765716752368,-0.01937315469713706,4.23539049581464,0.01,0.0,-0.015,-0.0049022017,0.00507417,-0.0050220727
0 days 00:00:11.360000,-0.0010613488694560112,-0.18835200000000002,-0.145188,9.802152000000001,0.0,0.0,0.0,0.0,-0.00017453292519943296,-0.00017453292519943296,0.0,0.0,13.09,64.2,1,1,80.0,4,0.005,-0.005,0.005,52.6482275,9.7453968,33.29,32.56,52.6482271,9.7454014,-0.014660765716752368,-0.01937315469713706,4.23539049581464,0.01,0.0,-0.015,-0.0049022017,0.00507417,-0.0050220727
0 days 00:00:11.370000,-0.0009434212172942321,-0.180504,-0.16480800000000004,9.806076000000001,0.0,0.0,0.0,0.0,0.0,0.0,0.00017453292519943296,0.0,13.09,64.2,1,1,80.0,4,0.005,-0.005,0.005,52.6482275,9.7453968,33.29,32.56,52.6482271,9.7454014,-0.014660765716752368,-0.01937315469713706,4.23539049581464,0.01,0.0,-0.015,-0.0049022017,0.00507417,-0.0050220727
0 days 00:00:11.380000,-0.0009434212172942321,-0.18835200000000002,-0.153036,9.813924,0.0,0.0,0.0,0.0,0.00017453292519943296,0.00017453292519943296,0.00017453292519943296,0.0,13.09,64.2,1,1,80.0,4,0.005,-0.005,0.005,52.6482275,9.7453968,33.29,32.56,52.6482271,9.7454014,-0.014660765716752368,-0.01937315469713706,4.23539049581464,0.01,0.0,-0.015,-0.0049022017,0.00507417,-0.0050220727
0 days 00:00:11.390000,-0.000825493565132453,-0.184428,-0.145188,9.786456000000001,0.0,0.0,0.0,0.0,0.0,-0.00034906585039886593,0.0,0.0,13.09,64.05,1,1,80.0,4,-0.005,0.005,0.01,52.6482275,9.745396699999999,33.28,32.56,52.6482271,9.7454014,-0.014660765716752368,-0.01937315469713706,4.23539049581464,-0.02,0.0,-0.025,0.005192781,-0.0048543075,-0.009973501
0 days 00:00:11.400000,-0.0007075659129706742,-0.17265600000000003,-0.13734000000000002,9.802152000000001,0.0,0.0,0.0,0.0,-0.00034906585039886593,0.00017453292519943296,-0.00017453292519943296,0.0,13.09,63.89999999999999,1,1,80.0,4,-0.005,0.005,0.01,52.6482275,9.745396699999999,33.28,32.56,52.6482271,9.7454014,-0.014660765716752368,-0.01937315469713706,4.23539049581464,-0.02,0.0,-0.025,0.005192781,-0.0048543075,-0.009973501
0 days 00:00:11.410000,-0.0007075659129706742,-0.1962,-0.15696000000000002,9.81,0.0,0.0,0.0,0.0,-0.00017453292519943296,0.00034906585039886593,0.00017453292519943296,0.0,13.09,63.89999999999999,1,1,80.0,4,-0.005,0.005,0.01,52.6482275,9.745396699999999,33.28,32.56,52.6482271,9.7454014,-0.014660765716752368,-0.01937315469713706,4.23539049581464,-0.02,0.0,-0.025,0.005192781,-0.0048543075,-0.009973501
0 days 00:00:11.420000,-0.0005896382608088951,-0.17265600000000003,-0.149112,9.79038,0.0,0.0,0.0,0.0,-0.00034906585039886593,0.0,-0.00017453292519943296,0.0,13.09,63.89999999999999,1,1,80.0,4,-0.005,0.005,0.01,52.6482275,9.745396699999999,33.28,32.56,52.6482271,9.7454014,-0.014660765716752368,-0.01937315469713706,4.23539049581464,-0.02,0.0,-0.025,0.005192781,-0.0048543075,-0.009973501
0 days 00:00:11.430000,-0.0005896382608088951,-0.20012400000000002,-0.15696000000000002,9.813924,0.0,0.0,0.0,0.0,-0.00017453292519943296,0.00034906585039886593,0.00034906585039886593,0.0,13.09,63.74999999999999,1,1,80.0,4,-0.005,0.005,0.01,52.6482275,9.745396699999999,33.28,32.56,52.6482271,9.7454014,-0.014660765716752368,-0.01937315469713706,4.23539049581464,-0.02,0.0,-0.025,0.005192781,-0.0048543075,-0.009973501
0 days 00:00:11.440000,-0.0004717106086471161,-0.18835200000000002,-0.145188,9.79038,0.0,0.0,0.0,0.0,-0.00017453292519943296,-0.00017453292519943296,0.00017453292519943296,0.0,13.09,63.599999999999994,1,1,80.0,4,0.0,0.0,0.005,52.6482275,9.745396699999999,33.29,32.56,52.6482271,9.7454014,-0.014660765716752368,-0.01937315469713706,4.23539049581464,0.005,0.005,0.02,9.685971e-05,7.328745e-05,-0.004998524
0 days 00:00:11.450000,-0.0004717106086471161,-0.17658000000000004,-0.149112,9.813924,0.0,0.0,0.0,0.0,-0.00017453292519943296,0.0,0.00017453292519943296,0.0,13.09,63.449999999999996,1,1,80.0,4,0.0,0.0,0.005,52.6482275,9.745396699999999,33.29,32.56,52.6482271,9.7454014,-0.014660765716752368,-0.01937315469713706,4.23539049581464,0.005,0.005,0.02,9.685971e-05,7.328745e-05,-0.004998524
0 days 00:00:11.460000,-0.0003537829564853371,-0.17658000000000004,-0.153036,9.825696,0.0,0.0,0.0,0.0,0.00017453292519943296,0.00034906585039886593,0.00017453292519943296,0.0,13.09,63.3,1,1,80.0,4,0.0,0.0,0.005,52.6482275,9.745396699999999,33.29,32.56,52.6482271,9.7454014,-0.014660765716752368,-0.01937315469713706,4.23539049581464,0.005,0.005,0.02,9.685971e-05,7.328745e-05,-0.004998524
0 days 00:00:11.470000,-0.00023585530432355804,-0.180504,-0.145188,9.802152000000001,0.0,0.0,0.0,0.0,0.0,-0.00017453292519943296,-0.00017453292519943296,0.0,13.09,62.849999999999994,1,1,80.0,4,0.0,0.0,0.005,52.6482275,9.745396699999999,33.29,32.56,52.6482271,9.7454014,-0.014660765716752368,-0.01937315469713706,4.23539049581464,0.005,0.005,0.02,9.685971e-05,7.328745e-05,-0.004998524
0 days 00:00:11.480000,-0.00023585530432355804,-0.18835200000000002,-0.145188,9.802152000000001,0.0,0.0,0.0,0.0,0.0,0.0,0.0,0.0,13.09,62.39999999999999,1,1,80.0,4,0.0,0.0,0.005,52.6482275,9.745396699999999,33.29,32.56,52.6482271,9.7454014,-0.014660765716752368,-0.01937315469713706,4.23539049581464,0.005,0.005,0.02,9.685971e-05,7.328745e-05,-0.004998524
0 days 00:00:11.490000,-0.00023585530432355804,-0.17658000000000004,-0.149112,9.806076000000001,0.0,0.0,0.0,0.0,-0.00017453292519943296,0.00017453292519943296,0.0,0.0,13.09,61.949999999999996,1,1,80.0,4,0.0,0.0,0.01,52.6482275,9.745396699999999,33.28,32.56,52.6482271,9.7454014,-0.014660765716752368,-0.01937315469713706,4.23539049581464,0.005,0.0,-0.035,0.00019371942,0.0001465749,-0.009997048
0 days 00:00:11.500000,-0.00011792765216177902,-0.18835200000000002,-0.145188,9.806076000000001,0.0,0.0,0.0,0.0,-0.0005235987755982988,0.00034906585039886593,0.0,0.0,13.09,61.5,1,1,80.0,4,0.0,0.0,0.01,52.6482275,9.745396699999999,33.28,32.56,52.6482271,9.7454014,-0.014660765716752368,-0.01937315469713706,4.23539049581464,0.005,0.0,-0.035,0.00019371942,0.0001465749,-0.009997048
0 days 00:00:11.510000,-0.00011792765216177902,-0.192276,-0.15696000000000002,9.794304,0.0,0.0,0.0,0.0,-0.0005235987755982988,-0.00034906585039886593,0.00017453292519943296,0.0,13.09,60.9,1,1,80.0,4,0.0,0.0,0.01,52.6482275,9.745396699999999,33.28,32.56,52.6482271,9.7454014,-0.014660765716752368,-0.01937315469713706,4.23539049581464,0.005,0.0,-0.035,0.00019371942,0.0001465749,-0.009997048
0 days 00:00:11.520000,-0.00011792765216177902,-0.17265600000000003,-0.153036,9.841392,0.0,0.0,0.0,0.0,0.0,0.00017453292519943296,0.00017453292519943296,0.0,13.09,60.3,1,1,80.0,4,0.0,0.0,0.01,52.6482275,9.745396699999999,33.28,32.56,52.6482271,9.7454014,-0.014660765716752368,-0.01937315469713706,4.23539049581464,0.005,0.0,-0.035,0.00019371942,0.0001465749,-0.009997048
0 days 00:00:11.530000,0.0,-0.17658000000000004,-0.145188,9.802152000000001,0.0,0.0,0.0,0.0,-0.00017453292519943296,0.00017453292519943296,0.0,0.0,13.09,59.25,1,1,80.0,4,0.0,0.0,0.01,52.6482275,9.745396699999999,33.28,32.56,52.6482271,9.7454014,-0.014660765716752368,-0.01937315469713706,4.23539049581464,0.005,0.0,-0.035,0.00019371942,0.0001465749,-0.009997048
0 days 00:00:11.540000,0.0,-0.20404800000000003,-0.16088400000000003,9.817848000000001,0.0,0.0,0.0,0.0,0.0,0.0,0.00034906585039886593,0.0,13.09,58.2,1,1,80.0,4,0.0,0.0,0.01,52.648227399999996,9.745396699999999,33.27,32.56,52.6482271,9.7454014,-0.014660765716752368,-0.01937315469713706,4.23539049581464,-0.005,0.005,-0.01,0.00019371942,0.0001465749,-0.009997048
0 days 00:00:11.550000,0.0,-0.17658000000000004,-0.149112,9.798228,0.0,0.0,0.0,0.0,-0.00034906585039886593,0.00017453292519943296,0.00034906585039886593,0.0,13.09,57.0,1,1,80.0,4,0.0,0.0,0.01,52.648227399999996,9.745396699999999,33.27,32.56,52.6482271,9.7454014,-0.014660765716752368,-0.01937315469713706,4.23539049581464,-0.005,0.005,-0.01,0.00019371942,0.0001465749,-0.009997048
0 days 00:00:11.560000,0.00011792765216177902,-0.18835200000000002,-0.153036,9.817848000000001,0.0,0.0,0.0,0.0,0.0,0.0,0.0,0.0,13.09,55.8,1,1,80.0,4,0.0,0.0,0.01,52.648227399999996,9.745396699999999,33.27,32.56,52.6482271,9.7454014,-0.014660765716752368,-0.01937315469713706,4.23539049581464,-0.005,0.005,-0.01,0.00019371942,0.0001465749,-0.009997048
0 days 00:00:11.570000,0.00011792765216177902,-0.20012400000000002,-0.14126400000000003,9.806076000000001,0.0,0.0,0.0,0.0,-0.00034906585039886593,-0.00017453292519943296,0.0,0.0,13.09,54.3,1,1,80.0,4,0.0,0.0,0.01,52.648227399999996,9.745396699999999,33.27,32.56,52.6482271,9.7454014,-0.014660765716752368,-0.01937315469713706,4.23539049581464,-0.005,0.005,-0.01,0.00019371942,0.0001465749,-0.009997048
0 days 00:00:11.580000,0.00011792765216177902,-0.18835200000000002,-0.15696000000000002,9.806076000000001,0.0,0.0,0.0,0.0,-0.00034906585039886593,0.0,0.00017453292519943296,0.0,13.09,52.8,1,1,80.0,4,0.0,0.0,0.01,52.648227399999996,9.745396699999999,33.27,32.56,52.6482271,9.7454014,-0.014660765716752368,-0.01937315469713706,4.23539049581464,-0.005,0.005,-0.01,0.00019371942,0.0001465749,-0.009997048
0 days 00:00:11.590000,0.00023585530432355804,-0.20012400000000002,-0.15696000000000002,9.817848000000001,0.0,0.0,0.0,0.0,-0.00017453292519943296,-0.00017453292519943296,0.00034906585039886593,0.0,13.09,51.15,1,1,80.0,4,0.0,-0.005,-0.0,52.648227399999996,9.745396699999999,33.28,32.56,52.6482271,9.7454014,-0.014660765716752368,-0.01937315469713706,4.23539049581464,0.0,0.01,0.035,-0.0049990616,1.4199866e-06,-9.68493e-05
0 days 00:00:11.600000,0.00023585530432355804,-0.180504,-0.145188,9.81,0.0,0.0,0.0,0.0,-0.00017453292519943296,-0.00017453292519943296,0.00017453292519943296,0.0,13.09,49.5,1,1,80.0,4,0.0,-0.005,-0.0,52.648227399999996,9.745396699999999,33.28,32.56,52.6482271,9.7454014,-0.014660765716752368,-0.01937315469713706,4.23539049581464,0.0,0.01,0.035,-0.0049990616,1.4199866e-06,-9.68493e-05
0 days 00:00:11.610000,0.0003537829564853371,-0.20797200000000002,-0.153036,9.813924,0.0,0.0,0.0,0.0,-0.00017453292519943296,-0.00034906585039886593,0.00034906585039886593,0.0,13.09,47.699999999999996,1,1,80.0,4,0.0,-0.005,-0.0,52.648227399999996,9.745396699999999,33.28,32.56,52.6482271,9.7454014,-0.014660765716752368,-0.01937315469713706,4.23539049581464,0.0,0.01,0.035,-0.0049990616,1.4199866e-06,-9.68493e-05
0 days 00:00:11.620000,0.0003537829564853371,-0.17265600000000003,-0.149112,9.813924,0.0,0.0,0.0,0.0,0.0,0.0,0.0,0.0,13.09,45.89999999999999,1,1,80.0,4,-0.005,-0.005,-0.0,52.648227399999996,9.745396699999999,33.28,32.56,52.6482271,9.7454014,-0.014660765716752368,-0.01937315469713706,4.23539049581464,0.0,0.01,0.035,-0.0049990616,-0.0049980427,-0.0001701505
0 days 00:00:11.630000,0.0004717106086471161,-0.20404800000000003,-0.149112,9.81,0.0,0.0,0.0,0.0,0.0,0.0,0.00017453292519943296,0.0,13.09,44.099999999999994,1,1,79.5,4,0.0,-0.005,-0.0,52.648227399999996,9.745396699999999,33.28,32.56,52.6482271,9.7454014,-0.014660765716752368,-0.01937315469713706,4.23539049581464,0.0,0.01,0.035,-0.0049990616,1.4199866e-06,-9.68493e-05
0 days 00:00:11.640000,0.0005896382608088951,-0.18835200000000002,-0.153036,9.802152000000001,0.0,0.0,0.0,0.0,-0.00017453292519943296,0.00017453292519943296,0.00034906585039886593,0.0,13.09,42.3,1,1,79.0,4,0.0,-0.005,-0.005,52.648227399999996,9.745396699999999,33.28,32.56,52.6482271,9.7454014,-0.014660765716752368,-0.01937315469713706,4.23539049581464,0.005,-0.005,0.045,-0.0050959215,-7.186746e-05,0.004901675
0 days 00:00:11.650000,0.0007075659129706742,-0.1962,-0.145188,9.802152000000001,0.0,0.0,0.0,0.0,-0.00017453292519943296,-0.00017453292519943296,0.00017453292519943296,0.0,13.09,40.65,1,1,78.5,4,0.0,-0.005,-0.005,52.648227399999996,9.745396699999999,33.28,32.56,52.6482271,9.7454014,-0.014660765716752368,-0.01937315469713706,4.23539049581464,0.005,-0.005,0.045,-0.0050959215,-7.186746e-05,0.004901675
0 days 00:00:11.660000,0.000825493565132453,-0.1962,-0.149112,9.813924,0.0,0.0,0.0,0.0,0.00017453292519943296,-0.00017453292519943296,0.0,0.0,13.09,39.0,1,1,78.0,4,0.0,-0.005,-0.005,52.648227399999996,9.745396699999999,33.28,32.56,52.6482271,9.7454014,-0.014660765716752368,-0.01937315469713706,4.23539049581464,0.005,-0.005,0.045,-0.0050959215,-7.186746e-05,0.004901675
0 days 00:00:11.670000,0.0010613488694560112,-0.1962,-0.13734000000000002,9.786456000000001,0.0,0.0,0.0,0.0,-0.00034906585039886593,-0.00034906585039886593,0.0,0.0,13.09,37.199999999999996,1,1,77.5,4,0.0,-0.005,-0.005,52.648227399999996,9.745396699999999,33.28,32.56,52.6482271,9.7454014,-0.014660765716752368,-0.01937315469713706,4.23539049581464,0.005,-0.005,0.045,-0.0050959215,-7.186746e-05,0.004901675
0 days 00:00:11.680000,0.0011792765216177901,-0.17265600000000003,-0.15696000000000002,9.821772000000001,0.0,0.0,0.0,0.0,0.0,0.0,-0.00017453292519943296,0.0,13.09,35.39999999999999,1,1,77.0,4,0.0,-0.005,-0.005,52.648227399999996,9.745396699999999,33.28,32.56,52.6482271,9.7454014,-0.014660765716752368,-0.01937315469713706,4.23539049581464,0.005,-0.005,0.045,-0.0050959215,-7.186746e-05,0.004901675
0 days 00:00:11.690000,0.0012972041737795694,-0.20012400000000002,-0.153036,9.81,0.0,0.0,0.0,0.0,0.0,0.0,0.0,0.0,13.09,33.599999999999994,1,1,76.5,4,0.0,0.0,-0.0,52.648227299999995,9.7453968,33.29,32.56,52.6482271,9.7454014,-0.014660765716752368,-0.01937315469713706,4.23539049581464,0.0,-0.01,-0.035,0.0,0.0,0.0
0 days 00:00:11.700000,0.0015330594781031272,-0.1962,-0.145188,9.794304,0.0,0.0,0.0,0.0,0.00017453292519943296,-0.00034906585039886593,0.0,0.0,13.09,31.799999999999997,1,1,76.0,4,0.0,0.0,-0.0,52.648227299999995,9.7453968,33.29,32.56,52.6482271,9.7454014,-0.014660765716752368,-0.01937315469713706,4.23539049581464,0.0,-0.01,-0.035,0.0,0.0,0.0
0 days 00:00:11.710000,0.0017689147824266852,-0.180504,-0.149112,9.798228,0.0,0.0,0.0,0.0,0.0,-0.00017453292519943296,0.0,0.0,13.09,30.299999999999997,1,1,75.5,4,0.0,0.0,-0.0,52.648227299999995,9.7453968,33.29,32.56,52.6482271,9.7454014,-0.014660765716752368,-0.01937315469713706,4.23539049581464,0.0,-0.01,-0.035,0.0,0.0,0.0
0 days 00:00:11.720000,0.0018868424345884643,-0.184428,-0.145188,9.802152000000001,0.0,0.0,0.0,0.0,0.0,-0.00034906585039886593,0.0,0.0,13.09,28.799999999999997,1,1,75.0,4,0.0,0.0,-0.0,52.648227299999995,9.7453968,33.29,32.56,52.6482271,9.7454014,-0.014660765716752368,-0.01937315469713706,4.23539049581464,0.0,-0.01,-0.035,0.0,0.0,0.0
0 days 00:00:11.730000,0.0021226977389120225,-0.17658000000000004,-0.15696000000000002,9.817848000000001,0.0,0.0,0.0,0.0,0.00017453292519943296,-0.00017453292519943296,-0.00017453292519943296,0.0,13.09,27.45,1,1,74.5,4,0.005,0.0,0.005,52.6482275,9.7453969,33.28,32.56,52.6482271,9.7454014,-0.014660765716752368,-0.01937315469713706,4.23539049581464,0.005,-0.01,-0.03,9.685971e-05,0.00507275,-0.004925223
0 days 00:00:11.740000,0.0023585530432355803,-0.17658000000000004,-0.149112,9.802152000000001,0.0,0.0,0.0,0.0,0.0,0.00017453292519943296,0.0,0.0,13.09,26.1,1,1,74.0,4,0.005,0.0,0.005,52.6482275,9.7453969,33.28,32.56,52.6482271,9.7454014,-0.014660765716752368,-0.01937315469713706,4.23539049581464,0.005,-0.01,-0.03,9.685971e-05,0.00507275,-0.004925223
0 days 00:00:11.750000,0.002594408347559139,-0.192276,-0.153036,9.821772000000001,0.0,0.0,0.0,0.0,0.0,0.00017453292519943296,0.00017453292519943296,0.0,13.09,25.2,1,1,73.5,4,0.005,0.0,0.005,52.6482275,9.7453969,33.28,32.56,52.6482271,9.7454014,-0.014660765716752368,-0.01937315469713706,4.23539049581464,0.005,-0.01,-0.03,9.685971e-05,0.00507275,-0.004925223
0 days 00:00:11.760000,0.0029481913040444755,-0.18835200000000002,-0.145188,9.798228,0.0,0.0,0.0,0.0,0.0,-0.00034906585039886593,-0.00017453292519943296,0.0,13.09,24.299999999999997,1,1,73.0,4,0.005,0.0,0.005,52.6482275,9.7453969,33.28,32.56,52.6482271,9.7454014,-0.014660765716752368,-0.01937315469713706,4.23539049581464,0.005,-0.01,-0.03,9.685971e-05,0.00507275,-0.004925223
0 days 00:00:11.770000,0.0031840466083680333,-0.17265600000000003,-0.15696000000000002,9.813924,0.0,0.0,0.0,0.0,0.00017453292519943296,0.0,0.0,0.0,13.09,23.4,1,1,72.5,4,0.005,0.005,0.005,52.6482275,9.7453969,33.28,32.56,52.6482271,9.7454014,-0.014660765716752368,-0.01937315469713706,4.23539049581464,0.005,-0.01,-0.03,0.0050959215,0.0050713303,-0.004828374
0 days 00:00:11.780000,0.0035378295648533704,-0.180504,-0.13734000000000002,9.806076000000001,0.0,0.0,0.0,0.0,0.0,-0.00017453292519943296,0.0,0.0,13.09,22.5,1,1,72.0,4,0.005,0.005,0.005,52.6482275,9.7453969,33.28,32.56,52.6482271,9.7454014,-0.014660765716752368,-0.01937315469713706,4.23539049581464,0.005,-0.01,-0.03,0.0050959215,0.0050713303,-0.004828374
0 days 00:00:11.790000,0.0037736848691769286,-0.17658000000000004,-0.15696000000000002,9.81,0.0,0.0,0.0,0.0,0.0,0.00017453292519943296,0.0,0.0,13.09,21.599999999999998,1,1,71.5,4,0.005,0.005,-0.0,52.648227399999996,9.7453969,33.28,32.56,52.6482271,9.7454014,-0.014660765716752368,-0.01937315469713706,4.23539049581464,0.0,-0.02,0.02,0.0049990616,0.0049980427,0.0001701505
0 days 00:00:11.800000,0.004127467825662266,-0.18835200000000002,-0.149112,9.813924,0.0,0.0,0.0,0.0,0.0,0.00034906585039886593,0.00017453292519943296,0.0,13.09,20.699999999999996,1,1,71.0,4,0.005,0.005,-0.0,52.648227399999996,9.7453969,33.28,32.56,52.6482271,9.7454014,-0.014660765716752368,-0.01937315469713706,4.23539049581464,0.0,-0.02,0.02,0.0049990616,0.0049980427,0.0001701505
0 days 00:00:11.810000,0.004363323129985823,-0.18835200000000002,-0.149112,9.806076000000001,0.0,0.0,0.0,0.0,-0.00017453292519943296,0.0,0.0,0.0,13.09,19.049999999999997,1,1,70.5,4,0.005,0.005,-0.0,52.648227399999996,9.7453969,33.28,32.56,52.6482271,9.7454014,-0.014660765716752368,-0.01937315469713706,4.23539049581464,0.0,-0.02,0.02,0.0049990616,0.0049980427,0.0001701505
0 days 00:00:11.820000,0.0047171060864711605,-0.184428,-0.145188,9.798228,0.0,0.0,0.0,0.0,-0.00034906585039886593,0.0,0.0,0.0,13.09,17.4,1,1,70.0,4,0.005,0.005,-0.0,52.648227399999996,9.7453969,33.28,32.56,52.6482271,9.7454014,-0.014660765716752368,-0.01937315469713706,4.23539049581464,0.0,-0.02,0.02,0.0049990616,0.0049980427,0.0001701505
0 days 00:00:11.830000,0.005070889042956497,-0.184428,-0.145188,9.817848000000001,0.0,0.0,0.0,0.0,0.0,0.00034906585039886593,0.00017453292519943296,0.0,13.09,15.0,1,1,70.0,4,0.005,0.005,-0.0,52.648227399999996,9.7453969,33.28,32.56,52.6482271,9.7454014,-0.014660765716752368,-0.01937315469713706,4.23539049581464,0.0,-0.02,0.02,0.0049990616,0.0049980427,0.0001701505
0 days 00:00:11.840000,0.0054246719994418355,-0.20797200000000002,-0.153036,9.806076000000001,0.0,0.0,0.0,0.0,-0.00017453292519943296,0.00034906585039886593,0.00017453292519943296,0.0,13.09,12.600000000000001,1,1,70.0,4,0.0,0.0,-0.005,52.6482275,9.7453969,33.29,32.56,52.6482271,9.7454014,-0.014660765716752368,-0.01937315469713706,4.23539049581464,0.0,0.02,0.035,-9.685971e-05,-7.328745e-05,0.004998524
0 days 00:00:11.850000,0.005778454955927172,-0.223668,-0.14126400000000003,9.794304,0.0,0.0,0.0,0.0,0.0,0.0,0.00017453292519943296,0.0,13.09,10.5,1,1,70.0,4,0.0,0.0,-0.005,52.6482275,9.7453969,33.29,32.56,52.6482271,9.7454014,-0.014660765716752368,-0.01937315469713706,4.23539049581464,0.0,0.02,0.035,-9.685971e-05,-7.328745e-05,0.004998524
0 days 00:00:11.860000,0.006014310260250731,-0.23936400000000002,-0.145188,9.81,0.0,0.0,0.0,0.0,0.00017453292519943296,0.00034906585039886593,0.00034906585039886593,0.0,13.09,8.399999999999999,1,1,70.0,4,0.0,0.0,-0.005,52.6482275,9.7453969,33.29,32.56,52.6482271,9.7454014,-0.014660765716752368,-0.01937315469713706,4.23539049581464,0.0,0.02,0.035,-9.685971e-05,-7.328745e-05,0.004998524
0 days 00:00:11.870000,0.006368093216736067,-0.266832,-0.153036,9.762912000000002,0.0,0.0,0.0,0.0,-0.00017453292519943296,0.00017453292519943296,0.0005235987755982988,0.0,13.09,8.399999999999999,1,1,70.0,4,0.0,0.0,-0.005,52.6482275,9.7453969,33.29,32.56,52.6482271,9.7454014,-0.014660765716752368,-0.01937315469713706,4.23539049581464,0.0,0.02,0.035,-9.685971e-05,-7.328745e-05,0.004998524
0 days 00:00:11.880000,0.006368093216736067,-0.266832,-0.153036,9.762912000000002,0.0,0.0,0.0,0.0,-0.00017453292519943296,0.00017453292519943296,0.0005235987755982988,0.0,13.09,8.399999999999999,1,1,70.0,4,0.0,0.0,-0.005,52.6482275,9.7453969,33.29,32.56,52.6482271,9.7454014,-0.014660765716752368,-0.01937315469713706,4.23539049581464,0.0,0.02,0.035,-9.685971e-05,-7.328745e-05,0.004998524
