,Steer_Angle,Acc_Body_X,Acc_Body_Y,Acc_Body_Z,Tire_Rate_FL,Tire_Rate_FR,Tire_Rate_RL,Tire_Rate_RR,Rate_Body_X,Rate_Body_Y,Rate_Body_Z,Engine_Torque,Gear_Transmission,Break_Pressure,RCS1,RCS2,Rain,Temp,INS_Vel_Hor_X_POI1,INS_Vel_Hor_Y_POI1,INS_Vel_Hor_Z_POI1,GNSS_Lat_Abs,GNSS_Long_Abs,GNSS_Height,INS_Height_POI1,INS_Lat_Abs_POI1,INS_Long_Abs_POI1,INS_Roll,INS_Pitch,INS_Yaw,GNSS_Vel_Frame_X,GNSS_Vel_Frame_Y,GNSS_Vel_Frame_Z,INS_Vel_Body_X,INS_Vel_Body_Y,INS_Vel_Body_Z
0 days 00:00:00,-0.00023585530432355804,-0.671004,-0.11772,9.590256,77.14885537013264,77.14885537013264,77.14885537013264,77.14885537013264,0.04747295565424577,-0.024085543677521748,0.0027925268031909274,69.0,2.39,0.0,2,2,20.0,4,0.01,23.54,-0.16,52.6492447,9.7463433,32.13,31.560000000000002,52.6492359,9.746342799999999,-0.003665191429188092,-0.010995574287564275,4.2439426091494115,-10.655,-20.98,0.165,23.53682,0.008464877,0.41885474
0 days 00:00:00.010000,-0.00023585530432355804,0.5846760000000001,-0.180504,9.445068000000001,77.10873983739837,77.10873983739837,77.10873983739837,77.10873983739837,0.04642575810304917,0.003316125578789226,0.0019198621771937623,69.0,2.39,0.0,2,2,20.0,4,0.01,23.535,-0.16,52.6492447,9.7463433,32.13,31.560000000000002,52.649234,9.7463412,-0.003141592653589793,-0.010821041362364843,4.2439426091494115,-10.655,-20.98,0.165,23.53189,0.008697263,0.41468823
0 days 00:00:00.020000,-0.00023585530432355804,-0.43948800000000005,0.090252,9.335196,77.01513692768506,77.01513692768506,77.01513692768506,77.01513692768506,0.04363323129985824,0.007155849933176751,0.0031415926535897933,69.0,2.39,0.0,2,2,20.0,4,0.01,23.54,-0.155,52.6492447,9.7463433,32.13,31.560000000000002,52.6492322,9.746339599999999,-0.002617993877991494,-0.010821041362364843,4.2439426091494115,-10.655,-20.98,0.165,23.536947,0.00892734,0.40973806
0 days 00:00:00.030000,-0.00023585530432355804,-0.49050000000000005,-0.21189600000000003,9.068364,77.06193838254171,77.06193838254171,77.06193838254171,77.06193838254171,0.04328416544945937,-0.008028514559173916,0.002617993877991494,69.0,2.39,0.0,2,2,20.0,4,0.01,23.54,-0.15,52.6492447,9.7463433,32.13,31.57,52.6492303,9.7463381,-0.0022689280275926286,-0.010821041362364843,4.244117142074611,-10.655,-20.98,0.165,23.537,0.009081708,0.4047352
0 days 00:00:00.040000,-0.00023585530432355804,0.49442400000000003,-0.054936000000000006,9.331272,77.19565682498931,77.19565682498931,77.19565682498931,77.19565682498931,0.04066617157146788,0.015707963267948967,0.0013962634015954637,69.0,2.39,0.0,2,2,20.0,4,0.005,23.535,-0.145,52.6492353,9.7463354,32.13,31.57,52.6492284,9.7463365,-0.0017453292519943296,-0.010821041362364843,4.244117142074611,-10.655,-20.98,0.165,23.532053,0.0043024546,0.39966786
0 days 00:00:00.050000,-0.00023585530432355804,-0.349236,0.11379600000000001,9.252792000000001,77.24245827984595,77.24245827984595,77.24245827984595,77.24245827984595,0.04014257279586959,0.016057029118347832,0.0022689280275926286,69.0,2.39,0.0,2,2,20.0,4,-0.005,23.545,-0.14,52.6492353,9.7463354,32.14,31.560000000000002,52.6492265,9.746334899999999,-0.0012217304763960308,-0.010995574287564275,4.244117142074611,-10.69,-20.975,0.20500000000000002,23.542038,-0.0054873163,0.3988707
0 days 00:00:00.060000,-0.00023585530432355804,-0.25506,-0.066708,9.064440000000001,77.24245827984595,77.24245827984595,77.24245827984595,77.24245827984595,0.040491638646268445,0.009948376736367679,0.002967059728390361,69.0,2.39,0.0,2,2,20.0,4,0.0,23.54,-0.135,52.6492353,9.7463354,32.14,31.57,52.6492246,9.7463333,-0.0008726646259971648,-0.01117010721276371,4.244117142074611,-10.69,-20.975,0.20500000000000002,23.537024,-0.00034725977,0.3979303
0 days 00:00:00.070000,-0.00023585530432355804,0.48657600000000006,-0.15696000000000002,9.605952000000002,77.28925973470261,77.28925973470261,77.28925973470261,77.28925973470261,0.03752457891787808,0.03438298626428829,0.0008726646259971648,69.0,2.39,0.0,2,2,20.0,4,-0.005,23.54,-0.13,52.6492353,9.7463354,32.14,31.57,52.649222699999996,9.7463318,-0.0005235987755982988,-0.011344640137963142,4.244117142074611,-10.69,-20.975,0.20500000000000002,23.537012,-0.0052078883,0.3970361
0 days 00:00:00.080000,-0.00023585530432355804,-0.64746,0.05101200000000001,9.311652,77.14216944801026,77.14216944801026,77.14216944801026,77.14216944801026,0.033859387488689996,0.021118483949131385,0.0012217304763960308,69.0,2.39,0.0,2,2,20.0,4,-0.005,23.545,-0.125,52.6492353,9.7463354,32.14,31.57,52.649220799999995,9.7463302,0.0,-0.011693705988362009,4.244117142074611,-10.69,-20.975,0.20500000000000002,23.54193,-0.005,0.40031347
0 days 00:00:00.090000,-0.00023585530432355804,-0.32569200000000004,-0.125568,8.452296,77.12211168164313,77.12211168164313,77.12211168164313,77.12211168164313,0.032812189937493394,0.008028514559173916,0.0008726646259971648,69.0,2.39,0.0,2,2,20.0,4,-0.005,23.54,-0.12,52.649226299999995,9.746326999999999,32.14,31.57,52.649218999999995,9.7463286,0.00034906585039886593,-0.011868238913561441,4.244117142074611,-10.69,-20.975,0.20500000000000002,23.536917,-0.004860596,0.39936507
0 days 00:00:00.100000,-0.00023585530432355804,0.7848,0.145188,8.919252,76.9415917843389,76.9415917843389,76.9415917843389,76.9415917843389,0.030019663134302467,0.04450589592585541,0.00017453292519943296,69.0,2.39,0.0,2,2,20.0,4,-0.01,23.54,-0.11,52.649226299999995,9.746326999999999,32.26,31.57,52.649217099999994,9.746326999999999,0.0006981317007977319,-0.011868238913561441,4.244117142074611,-10.69,-20.995,0.17500000000000002,23.537037,-0.00972817,0.38937092
0 days 00:00:00.110000,-0.00023585530432355804,-0.698472,0.019620000000000002,8.942796000000001,76.92153401797175,76.92153401797175,76.92153401797175,76.92153401797175,0.02775073510670984,0.042411500823462206,0.0005235987755982988,69.0,2.39,0.0,2,2,20.0,4,-0.01,23.545,-0.1,52.649226299999995,9.746326999999999,32.26,31.57,52.6492152,9.7463255,0.0008726646259971648,-0.012391837689159739,4.244117142074611,-10.69,-20.995,0.17500000000000002,23.541952,-0.00965813,0.39175922
0 days 00:00:00.120000,-0.00023585530432355804,-0.5532840000000001,0.133416,8.083440000000001,77.08199614890886,77.08199614890886,77.08199614890886,77.08199614890886,0.028797932657906436,0.01937315469713706,0.00017453292519943296,69.0,2.39,0.0,2,2,20.0,4,-0.01,23.54,-0.095,52.649226299999995,9.746326999999999,32.26,31.57,52.6492133,9.7463239,0.0012217304763960308,-0.012740903539558606,4.244117142074611,-10.69,-20.995,0.17500000000000002,23.536879,-0.009517524,0.39491698
0 days 00:00:00.130000,-0.00023585530432355804,0.9810000000000001,0.054936000000000006,8.923176000000002,77.19565682498931,77.19565682498931,77.19565682498931,77.19565682498931,0.03106686068549907,0.05899212871740834,-0.0012217304763960308,69.0,2.39,0.0,2,2,20.0,4,-0.01,23.535,-0.075,52.649226299999995,9.746326999999999,32.26,31.57,52.6492114,9.7463223,0.0015707963267948964,-0.012915436464758038,4.244117142074611,-10.69,-20.995,0.17500000000000002,23.532068,-0.009404734,0.3789653
0 days 00:00:00.140000,-0.00023585530432355804,-0.557208,-0.10202400000000002,9.036972,77.34943303380402,77.34943303380402,77.34943303380402,77.34943303380402,0.03316125578789226,0.05026548245743669,-0.0013962634015954637,69.0,2.39,0.0,2,2,20.0,4,-0.005,23.545,-0.065,52.649216599999995,9.7463191,32.26,31.57,52.6492095,9.7463208,0.0017453292519943296,-0.013613568165555772,4.244117142074611,-10.69,-20.995,0.17500000000000002,23.541933,-0.0043271407,0.38552365
0 days 00:00:00.150000,-0.00023585530432355804,-0.482652,0.08240400000000002,8.350272,77.21571459135643,77.21571459135643,77.21571459135643,77.21571459135643,0.032637657012293965,0.028797932657906436,-0.0015707963267948967,69.0,2.39,0.0,2,2,20.0,4,-0.005,23.545,-0.065,52.649216599999995,9.7463191,32.160000000000004,31.57,52.6492077,9.7463192,0.0020943951023931952,-0.014137166941154071,4.244117142074611,-10.685,-21.05,0.13,23.541727,-0.004166751,0.3978516
0 days 00:00:00.160000,-0.00023585530432355804,0.9103680000000001,-0.054936000000000006,9.492156000000001,77.08199614890886,77.08199614890886,77.08199614890886,77.08199614890886,0.032812189937493394,0.06370451769779302,-0.002967059728390361,69.0,2.39,0.0,2,2,20.0,4,-0.005,23.54,-0.05,52.649216599999995,9.7463191,32.160000000000004,31.57,52.6492058,9.7463176,0.0024434609527920616,-0.014311699866353503,4.244117142074611,-10.685,-21.05,0.13,23.536875,-0.0040546576,0.38689187
0 days 00:00:00.170000,-0.00023585530432355804,-0.835812,-0.153036,9.24102,77.02850877192982,77.02850877192982,77.02850877192982,77.02850877192982,0.030368728984701335,0.0466002910282486,-0.003316125578789226,69.0,2.39,0.0,2,2,20.0,4,-0.005,23.55,-0.045,52.649216599999995,9.7463191,32.160000000000004,31.57,52.649203899999996,9.746316,0.0027925268031909274,-0.015009831567151233,4.244117142074611,-10.685,-21.05,0.13,23.54667,-0.0038872631,0.39847565
0 days 00:00:00.180000,-0.00023585530432355804,-0.7573320000000001,-0.023544000000000002,8.420904,76.99507916131792,76.99507916131792,76.99507916131792,76.99507916131792,0.030019663134302467,0.021118483949131385,-0.002967059728390361,69.0,2.39,0.0,2,2,20.0,4,-0.005,23.545,-0.04,52.649216599999995,9.7463191,32.160000000000004,31.57,52.649201999999995,9.7463145,0.003141592653589793,-0.015533430342749533,4.2439426091494115,-10.685,-21.05,0.13,23.541538,-0.0037253855,0.4057288
0 days 00:00:00.190000,-0.00023585530432355804,0.7926480000000001,0.011772000000000001,9.080136000000001,77.02850877192982,77.02850877192982,77.02850877192982,77.02850877192982,0.026529004630313806,0.056025068989017976,-0.0036651914291880917,69.0,2.39,0.0,2,2,20.0,4,-0.005,23.54,-0.025,52.649207499999996,9.746311,32.160000000000004,31.57,52.649200099999995,9.7463129,0.003490658503988659,-0.015707963267948967,4.2439426091494115,-10.685,-21.05,0.13,23.536703,-0.0036220446,0.39476225
0 days 00:00:00.200000,-0.00023585530432355804,-0.714168,0.039240000000000004,8.934948,77.21571459135643,77.21571459135643,77.21571459135643,77.21571459135643,0.02775073510670984,0.04084070449666731,-0.0027925268031909274,69.0,2.39,0.0,2,2,20.0,4,-0.005,23.555,-0.02,52.649207499999996,9.746311,32.2,31.57,52.6491982,9.7463113,0.003665191429188092,-0.0164060949687467,4.2439426091494115,-10.685,-21.065,0.055,23.551502,-0.0035103422,0.40644115
0 days 00:00:00.210000,-0.00023585530432355804,-0.180504,0.019620000000000002,8.448372,77.29594565682498,77.29594565682498,77.29594565682498,77.29594565682498,0.03159045946109736,0.022165681500327987,-0.002967059728390361,69.0,2.39,0.0,2,2,20.0,4,-0.005,23.55,-0.01,52.649207499999996,9.746311,32.2,31.57,52.6491964,9.7463097,0.004014257279586958,-0.016755160819145562,4.2439426091494115,-10.685,-21.065,0.055,23.546526,-0.0033759396,0.40458095
0 days 00:00:00.220000,-0.00023585530432355804,0.7573320000000001,-0.05101200000000001,9.531396,77.27588789045785,77.27588789045785,77.27588789045785,77.27588789045785,0.033859387488689996,0.05742133239061344,-0.0036651914291880917,69.0,2.39,0.0,2,2,20.0,4,-0.005,23.55,-0.0,52.649207499999996,9.746311,32.2,31.57,52.6491945,9.7463082,0.0041887902047863905,-0.016929693744344994,4.2439426091494115,-10.685,-21.065,0.055,23.546625,-0.0033299942,0.39869267
0 days 00:00:00.230000,-0.00023585530432355804,-1.161504,-0.23544,10.135692000000002,77.44303594351734,77.44303594351734,77.44303594351734,77.44303594351734,0.040491638646268445,0.03106686068549907,-0.0038397243543875246,69.0,2.39,0.0,2,2,20.0,4,-0.005,23.56,0.005,52.649207499999996,9.746311,32.2,31.57,52.6491926,9.746306599999999,0.004537856055185257,-0.017627825445142728,4.243768076224212,-10.685,-21.065,0.055,23.556427,-0.0031381138,0.41030928
0 days 00:00:00.240000,-0.00023585530432355804,-0.9810000000000001,-0.08240400000000002,9.225324,77.35611895592639,77.35611895592639,77.35611895592639,77.35611895592639,0.04747295565424577,-0.011519173063162576,-0.003490658503988659,69.0,2.39,0.0,2,2,20.0,4,-0.005,23.55,-0.0,52.649198,9.7463031,32.2,31.57,52.6491907,9.746305,0.005061454830783556,-0.01780235837034216,4.243768076224212,-10.685,-21.065,0.055,23.546268,-0.0028780648,0.4192433
0 days 00:00:00.250000,-0.00023585530432355804,1.0830240000000002,-0.145188,9.225324,77.28925973470261,77.28925973470261,77.28925973470261,77.28925973470261,0.05794493116621175,0.009773843811168246,-0.004537856055185257,69.0,2.39,0.0,2,2,20.0,4,-0.005,23.545,0.01,52.649198,9.7463031,32.2,31.560000000000002,52.6491888,9.7463034,0.0054105206811824215,-0.01780235837034216,4.243768076224212,-10.69,-21.04,-0.065,23.541447,-0.0027862987,0.40915704
0 days 00:00:00.260000,-0.00011792765216177902,-0.039240000000000004,-0.10594800000000001,8.515080000000001,77.24245827984595,77.24245827984595,77.24245827984595,77.24245827984595,0.06876597252857658,0.019198621771937627,-0.0036651914291880917,69.0,2.39,0.0,2,2,20.0,4,-0.01,23.555,0.015,52.649198,9.7463031,32.2,31.560000000000002,52.6491869,9.746301899999999,0.006108652381980154,-0.01780235837034216,4.243768076224212,-10.69,-21.04,-0.065,23.551535,-0.0075300103,0.40436834
0 days 00:00:00.270000,-0.00011792765216177902,-0.8201160000000001,0.04316400000000001,7.22016,76.99507916131792,76.99507916131792,76.99507916131792,76.99507916131792,0.07504915783575616,-0.008552113334772213,-0.0027925268031909274,69.0,2.39,0.0,2,2,20.0,4,-0.01,23.56,0.03,52.649198,9.7463031,32.2,31.560000000000002,52.6491851,9.7463003,0.006806784082777886,-0.01815142422074103,4.243768076224212,-10.69,-21.04,-0.065,23.556662,-0.007293214,0.39768785
0 days 00:00:00.280000,-0.00011792765216177902,0.7298640000000001,-0.031392,8.59356,77.06193838254171,77.06193838254171,77.06193838254171,77.06193838254171,0.07522369076095561,0.029845130209103034,-0.0024434609527920616,69.0,2.39,0.0,2,2,20.0,4,-0.01,23.55,0.055,52.649198,9.7463031,32.2,31.560000000000002,52.649183199999996,9.746298699999999,0.007504915783575617,-0.017976891295541596,4.2435935432990135,-10.69,-21.04,-0.065,23.547182,-0.0072353696,0.3684065
0 days 00:00:00.290000,-0.00011792765216177902,-0.623916,-0.15696000000000002,9.354816000000001,77.19565682498931,77.19565682498931,77.19565682498931,77.19565682498931,0.07487462491055674,0.02809980095710871,-0.003316125578789226,69.0,2.39,0.0,2,2,20.0,4,-0.01,23.56,0.065,52.649188699999996,9.7462951,32.2,31.560000000000002,52.649181299999995,9.7462971,0.00820304748437335,-0.01832595714594046,4.2435935432990135,-10.69,-21.04,-0.065,23.557234,-0.0069912607,0.36681595
0 days 00:00:00.300000,-0.00011792765216177902,-0.722016,0.05101200000000001,8.012808000000001,77.18228498074454,77.18228498074454,77.18228498074454,77.18228498074454,0.07138396640656808,-0.006283185307179587,-0.0013962634015954637,69.0,2.39,0.0,2,2,20.0,4,0.005,23.55,0.07,52.649188699999996,9.7462951,32.2,31.560000000000002,52.649179399999994,9.7462955,0.00890117918517108,-0.018500490071139894,4.2435935432990135,-10.67,-21.015,-0.11,23.547264,0.008254685,0.36561465
0 days 00:00:00.310000,-0.00011792765216177902,1.161504,0.40417200000000003,9.452916,77.06193838254171,77.06193838254171,77.06193838254171,77.06193838254171,0.06859143960337716,0.045553093477052,-0.00034906585039886593,69.0,2.39,0.0,2,2,20.0,4,0.005,23.545,0.09,52.649188699999996,9.7462951,32.2,31.560000000000002,52.6491775,9.746293999999999,0.009599310885968814,-0.018500490071139894,4.2435935432990135,-10.67,-21.015,-0.11,23.542637,0.008317093,0.34552065
0 days 00:00:00.320000,0.0,-0.722016,-0.42771600000000004,11.214792000000001,77.18228498074454,77.18228498074454,77.18228498074454,77.18228498074454,0.08674286382411817,0.033335788713091695,0.0006981317007977319,69.0,2.39,0.0,2,2,20.0,4,0.005,23.56,0.095,52.649188699999996,9.7462951,32.2,31.560000000000002,52.6491756,9.7462924,0.010297442586766544,-0.01884955592153876,4.2435935432990135,-10.67,-21.015,-0.11,23.557606,0.008594367,0.3490161
0 days 00:00:00.330000,-0.00011792765216177902,-1.3263120000000002,-0.18835200000000002,9.825696,77.38286264441591,77.38286264441591,77.38286264441591,77.38286264441591,0.10402162341886204,-0.017453292519943295,0.004014257279586958,69.0,2.39,0.0,2,2,20.0,4,0.0,23.555,0.08,52.649188699999996,9.7462951,32.2,31.560000000000002,52.6491737,9.746290799999999,0.01117010721276371,-0.019198621771937627,4.2435935432990135,-10.67,-21.015,-0.11,23.552195,0.0041575455,0.37218732
0 days 00:00:00.340000,-0.00011792765216177902,0.5886000000000001,-0.40024800000000005,10.955808000000001,77.63024176294394,77.63024176294394,77.63024176294394,77.63024176294394,0.1153662635568252,0.030368728984701335,-0.0005235987755982988,69.0,2.39,0.0,2,2,20.0,4,-0.005,23.54,0.08,52.6491793,9.7462871,32.2,31.560000000000002,52.6491719,9.746289299999999,0.012217304763960308,-0.019024088846738195,4.2435935432990135,-10.67,-21.015,-0.11,23.537264,-0.0005060363,0.36784822
0 days 00:00:00.350000,0.0,-1.0084680000000001,-0.6160680000000002,9.915948000000002,77.44303594351734,77.44303594351734,77.44303594351734,77.44303594351734,0.11327186845443199,0.010122909661567111,-0.0015707963267948967,69.0,2.39,0.0,2,2,20.0,4,0.0,23.555,0.065,52.6491793,9.7462871,32.18,31.55,52.64917,9.7462877,0.013264502315156905,-0.019547687622336492,4.2435935432990135,-10.715,-21.005,-0.11,23.551771,0.005245014,0.39539415
0 days 00:00:00.360000,0.00023585530432355804,0.011772000000000001,-0.129492,7.8833160000000015,77.24245827984595,77.24245827984595,77.24245827984595,77.24245827984595,0.09843656981248018,-0.015533430342749534,-0.0006981317007977319,69.0,2.39,0.0,2,2,20.0,4,-0.01,23.55,0.065,52.6491793,9.7462871,32.18,31.55,52.6491681,9.746286099999999,0.014486232791552936,-0.019547687622336492,4.2435935432990135,-10.715,-21.005,-0.11,23.54677,-0.0042722924,0.39543453
0 days 00:00:00.370000,0.00011792765216177902,1.6990920000000003,0.8829000000000001,8.679888,76.72764227642276,76.72764227642276,76.72764227642276,76.72764227642276,0.09215338450530061,0.05986479334340551,0.0005235987755982988,69.0,2.39,0.0,2,2,20.0,4,-0.01,23.55,0.085,52.6491793,9.7462871,32.18,31.55,52.649166199999996,9.7462845,0.015533430342749533,-0.01937315469713706,4.2435935432990135,-10.715,-21.005,-0.11,23.547226,-0.0042326255,0.3713357
0 days 00:00:00.380000,0.00011792765216177902,-0.9496080000000001,-0.24721200000000002,7.946100000000001,76.76107188703466,76.76107188703466,76.76107188703466,76.76107188703466,0.09721483933608417,0.03787364476827695,0.007853981633974483,69.0,2.39,0.0,2,2,20.0,4,-0.005,23.57,0.095,52.6491793,9.7462871,32.18,31.55,52.649164299999995,9.746282899999999,0.0164060949687467,-0.020071286397934793,4.2435935432990135,-10.715,-21.005,-0.11,23.56716,0.0012030081,0.37809876
0 days 00:00:00.390000,0.00011792765216177902,0.10987200000000001,0.04316400000000001,10.912644,77.34943303380402,77.34943303380402,77.34943303380402,77.34943303380402,0.10175269539126942,0.06963863715457375,0.004537856055185257,69.0,2.39,0.0,2,2,20.0,4,-0.01,23.56,0.115,52.649169799999996,9.7462793,32.18,31.55,52.649162399999994,9.746281399999999,0.017278759594743863,-0.020420352248333655,4.2435935432990135,-10.715,-21.005,-0.11,23.557436,-0.0036731716,0.36621216
0 days 00:00:00.400000,0.00023585530432355804,-1.78542,-0.090252,11.493396,77.35611895592639,77.35611895592639,77.35611895592639,77.35611895592639,0.10629055144645466,0.009599310885968814,0.008552113334772213,69.0,2.39,0.0,2,2,20.0,4,-0.015,23.56,0.105,52.649169799999996,9.7462793,32.160000000000004,31.54,52.649160599999995,9.7462798,0.018500490071139894,-0.02111848394913139,4.2435935432990135,-10.76,-20.955000000000002,-0.16,23.556963,-0.0077357036,0.3927482
0 days 00:00:00.410000,0.00023585530432355804,-0.317844,-0.694548,9.468612,78.01133932391954,78.01133932391954,78.01133932391954,78.01133932391954,0.09494591130849155,-0.03735004599267865,0.0036651914291880917,69.0,2.39,0.0,2,2,20.0,4,-0.02,23.545,0.09,52.649169799999996,9.7462793,32.160000000000004,31.54,52.6491587,9.746278199999999,0.019547687622336492,-0.02111848394913139,4.243768076224212,-10.76,-20.955000000000002,-0.16,23.541649,-0.012036519,0.40753093
0 days 00:00:00.420000,0.00023585530432355804,0.8161920000000001,0.42379200000000006,8.338500000000002,77.06193838254171,77.06193838254171,77.06193838254171,77.06193838254171,0.07330382858376185,-0.028972465583105875,0.0017453292519943296,69.0,2.39,0.0,2,2,20.0,4,-0.03,23.54,0.09,52.649169799999996,9.7462793,32.160000000000004,31.54,52.6491568,9.7462766,0.020420352248333655,-0.02076941809873252,4.243768076224212,-10.76,-20.955000000000002,-0.16,23.536795,-0.021848707,0.39942572
0 days 00:00:00.430000,0.00023585530432355804,-0.302148,0.384552,11.238336,77.14216944801026,77.14216944801026,77.14216944801026,77.14216944801026,0.06475171524898962,0.00471238898038469,0.004363323129985824,69.0,2.39,0.0,2,2,20.0,4,-0.03,23.55,0.105,52.649169799999996,9.7462793,32.160000000000004,31.54,52.6491549,9.7462751,0.02111848394913139,-0.020420352248333655,4.243768076224212,-10.76,-20.955000000000002,-0.16,23.547234,-0.02205572,0.37643746
0 days 00:00:00.440000,0.00023585530432355804,-2.460348,0.039240000000000004,10.276956000000002,77.08199614890886,77.08199614890886,77.08199614890886,77.08199614890886,0.07190756518216637,-0.0815068760681352,0.006806784082777885,69.0,2.39,0.0,2,2,20.0,4,-0.03,23.55,0.09,52.6491603,9.7462713,32.160000000000004,31.54,52.649153,9.7462735,0.02181661564992912,-0.020594885173533087,4.243768076224212,-10.76,-20.955000000000002,-0.16,23.54686,-0.021376103,0.39555478
0 days 00:00:00.450000,0.00023585530432355804,1.8795960000000003,0.49442400000000003,11.069604000000002,77.10873983739837,77.10873983739837,77.10873983739837,77.10873983739837,0.06527531402458793,-0.01815142422074103,0.007504915783575617,69.0,2.39,0.0,2,2,20.0,4,-0.045,23.535,0.09,52.6491603,9.7462713,32.15,31.54,52.6491512,9.7462719,0.022689280275926284,-0.019722220547535925,4.2439426091494115,-10.785,-20.975,-0.17500000000000002,23.532198,-0.036499955,0.37507454
0 days 00:00:00.460000,0.0004717106086471161,0.32569200000000004,-0.10594800000000001,11.560104,77.78401797175866,77.78401797175866,77.78401797175866,77.78401797175866,0.0466002910282486,-0.0022689280275926286,0.005061454830783556,69.0,2.39,0.0,2,2,20.0,4,-0.04,23.555,0.075,52.6491603,9.7462713,32.15,31.54,52.6491493,9.746270299999999,0.023387411976724018,-0.019547687622336492,4.2439426091494115,-10.785,-20.975,-0.17500000000000002,23.551968,-0.030975653,0.38626078
0 days 00:00:00.470000,0.0004717106086471161,-1.9266840000000003,-0.054936000000000006,9.099756000000001,77.73053059477962,77.73053059477962,77.73053059477962,77.73053059477962,0.020594885173533087,-0.0815068760681352,0.003316125578789226,69.0,2.39,0.0,2,2,20.0,4,-0.045,23.56,0.06,52.6491603,9.7462713,32.15,31.53,52.6491474,9.7462687,0.023911010752322315,-0.019547687622336492,4.2439426091494115,-10.785,-20.975,-0.17500000000000002,23.556671,-0.03541108,0.40148705
0 days 00:00:00.480000,0.0004717106086471161,0.7416360000000001,0.918216,8.982036,77.32937526743689,77.32937526743689,77.32937526743689,77.32937526743689,-0.004537856055185257,-0.05585053606381855,0.0013962634015954637,69.0,2.39,0.0,2,2,20.0,4,-0.05,23.545,0.065,52.6491603,9.7462713,32.15,31.53,52.649145499999996,9.7462672,0.02408554367752175,-0.01884955592153876,4.2439426091494115,-10.785,-20.975,-0.17500000000000002,23.542042,-0.040862825,0.37989235
0 days 00:00:00.490000,0.0003537829564853371,-0.18835200000000002,0.8789760000000001,11.481624000000002,77.31600342319211,77.31600342319211,77.31600342319211,77.31600342319211,-0.00017453292519943296,-0.028972465583105875,0.0017453292519943296,69.0,2.39,0.0,2,2,20.0,4,-0.045,23.55,0.075,52.6491508,9.7462634,32.15,31.53,52.649143599999995,9.7462656,0.02408554367752175,-0.01815142422074103,4.2439426091494115,-10.785,-20.975,-0.17500000000000002,23.547482,-0.0364987,0.35343644
0 days 00:00:00.500000,0.0004717106086471161,-1.2399840000000002,0.482652,10.500624,77.08199614890886,77.08199614890886,77.08199614890886,77.08199614890886,0.00645771823237902,-0.07644542123735164,0.00471238898038469,69.0,2.39,0.0,2,2,20.0,4,-0.06,23.56,0.06,52.6491508,9.7462634,32.13,31.53,52.649141699999994,9.746264,0.024260076602721184,-0.017976891295541596,4.2439426091494115,-10.75,-20.92,-0.055,23.55727,-0.051164124,0.3648709
0 days 00:00:00.510000,0.0005306744347280056,1.1654280000000001,-0.0981,10.857708,77.24245827984595,77.24245827984595,77.24245827984595,77.24245827984595,0.010122909661567111,-0.041887902047863905,0.0019198621771937623,69.0,2.39,0.0,2,2,20.0,4,-0.055,23.545,0.05,52.6491508,9.7462634,32.13,31.53,52.649139899999994,9.746262399999999,0.024260076602721184,-0.017278759594743863,4.2439426091494115,-10.75,-20.92,-0.055,23.54235,-0.04632829,0.3580447
0 days 00:00:00.520000,0.0005896382608088951,-0.502272,0.6906240000000001,10.586952000000002,77.38286264441591,77.38286264441591,77.38286264441591,77.38286264441591,-0.007679448708775049,-0.023212879051524585,-0.0006981317007977319,69.0,2.39,0.0,2,2,20.0,4,-0.06,23.56,0.04,52.6491508,9.7462634,32.13,31.53,52.649138,9.7462608,0.024434609527920616,-0.016755160819145562,4.2439426091494115,-10.75,-20.92,-0.055,23.557362,-0.05131505,0.35609874
0 days 00:00:00.530000,0.0004717106086471161,-1.80504,0.32569200000000004,10.292652000000002,77.49652332049635,77.49652332049635,77.49652332049635,77.49652332049635,-0.023561944901923447,-0.0736528944341607,-0.0010471975511965976,69.0,2.39,0.0,2,2,20.0,4,-0.055,23.56,0.035,52.6491508,9.7462634,32.13,31.53,52.6491361,9.7462593,0.024260076602721184,-0.016580627893946133,4.2439426091494115,-10.75,-20.92,-0.055,23.55734,-0.046357136,0.35685602
0 days 00:00:00.540000,0.0004717106086471161,1.1065680000000002,0.596448,9.86886,77.34943303380402,77.34943303380402,77.34943303380402,77.34943303380402,-0.049043751981040655,-0.03769911184307752,-0.0027925268031909274,69.0,2.39,0.0,2,2,20.0,4,-0.055,23.54,0.03,52.6491415,9.746255399999999,32.13,31.53,52.6491342,9.7462577,0.02408554367752175,-0.0158824961931484,4.2439426091494115,-10.75,-20.92,-0.055,23.537508,-0.046702743,0.34508687
0 days 00:00:00.550000,0.0004717106086471161,0.23936400000000002,0.788724,11.112768,77.56338254172015,77.56338254172015,77.56338254172015,77.56338254172015,-0.05201081170943102,-0.0054105206811824215,-0.00017453292519943296,69.0,2.39,0.0,2,2,20.0,4,-0.06,23.555,0.035,52.6491415,9.746255399999999,32.09,31.52,52.6491323,9.7462561,0.023736477827122883,-0.015533430342749533,4.2439426091494115,-10.66,-20.905,-0.125,23.552702,-0.05212992,0.3322103
0 days 00:00:00.560000,0.0004717106086471161,-0.60822,1.012392,11.002896000000002,77.14885537013264,77.14885537013264,77.14885537013264,77.14885537013264,-0.04415683007545654,-0.03106686068549907,0.00017453292519943296,69.0,2.39,0.0,2,2,20.0,4,-0.05,23.56,0.02,52.6491415,9.746255399999999,32.09,31.52,52.6491304,9.7462545,0.023212879051524585,-0.0153588974175501,4.2439426091494115,-10.66,-20.905,-0.125,23.557528,-0.042052064,0.3429122
0 days 00:00:00.570000,0.0004717106086471161,0.9496080000000001,0.23936400000000002,11.571876,77.24245827984595,77.24245827984595,77.24245827984595,77.24245827984595,-0.06824237375297829,0.032114058236695664,-0.0020943951023931952,69.0,2.39,0.0,2,2,20.0,4,-0.045,23.555,0.01,52.6491415,9.746255399999999,32.09,31.52,52.6491286,9.7462529,0.022689280275926284,-0.015184364492350668,4.243768076224212,-10.66,-20.905,-0.125,23.552437,-0.037101053,0.3485866
0 days 00:00:00.580000,0.0004717106086471161,-1.3459320000000001,0.42379200000000006,11.485548000000001,77.02850877192982,77.02850877192982,77.02850877192982,77.02850877192982,-0.08220500776893291,0.0006981317007977319,-0.005235987755982988,69.0,2.39,0.0,2,2,20.0,4,-0.045,23.565,-0.01,52.6491415,9.746255399999999,32.09,31.52,52.6491267,9.746251299999999,0.02199114857512855,-0.0153588974175501,4.243768076224212,-10.66,-20.905,-0.125,23.562067,-0.036810897,0.37281662
0 days 00:00:00.590000,0.0004717106086471161,-0.6435360000000001,0.7063200000000002,8.483688,77.38286264441591,77.38286264441591,77.38286264441591,77.38286264441591,-0.09616764178488756,-0.030019663134302467,-0.0036651914291880917,69.0,2.39,0.0,2,2,20.0,4,-0.04,23.555,-0.025,52.649132099999996,9.746247499999999,32.09,31.52,52.649124799999996,9.7462498,0.02129301687433082,-0.0153588974175501,4.243768076224212,-10.66,-20.905,-0.125,23.551838,-0.031756233,0.38752568
0 days 00:00:00.600000,0.0003537829564853371,0.8554320000000001,0.37278,10.135692000000002,77.19565682498931,77.19565682498931,77.19565682498931,77.19565682498931,-0.08691739674931762,0.03159045946109736,-0.002967059728390361,69.0,2.39,0.0,2,2,20.0,4,-0.035,23.53,-0.01,52.649132099999996,9.746247499999999,32.1,31.52,52.649122899999995,9.7462482,0.020245819323134222,-0.015009831567151233,4.243768076224212,-10.575000000000001,-20.945,-0.035,23.527199,-0.027640719,0.3638011
0 days 00:00:00.610000,0.0003537829564853371,-1.1418840000000001,0.29430000000000006,10.355436000000001,77.71047282841249,77.71047282841249,77.71047282841249,77.71047282841249,-0.06387905062299247,-0.007504915783575617,-0.0019198621771937623,69.0,2.39,0.0,2,2,20.0,4,-0.03,23.54,-0.015,52.649132099999996,9.746247499999999,32.1,31.52,52.649121,9.7462466,0.01937315469713706,-0.015184364492350668,4.2435935432990135,-10.575000000000001,-20.945,-0.035,23.53706,-0.022779785,0.37293574
0 days 00:00:00.620000,0.0003537829564853371,0.7063200000000002,0.9613800000000001,9.551016,77.49652332049635,77.49652332049635,77.49652332049635,77.49652332049635,-0.05131268000863328,0.00890117918517108,-0.0017453292519943296,69.0,2.39,0.0,2,2,20.0,4,-0.03,23.53,-0.02,52.649132099999996,9.746247499999999,32.1,31.52,52.6491191,9.746245,0.01884955592153876,-0.015184364492350668,4.2435935432990135,-10.575000000000001,-20.945,-0.035,23.526985,-0.022883682,0.37777048
0 days 00:00:00.630000,0.0004127467825662265,1.3694760000000001,0.42771600000000004,9.821772000000001,77.42966409927257,77.42966409927257,77.42966409927257,77.42966409927257,-0.06387905062299247,0.07173303225696695,-0.002617993877991494,69.0,2.39,0.0,2,2,20.0,4,-0.02,23.54,-0.015,52.649132099999996,9.746247499999999,32.1,31.52,52.6491173,9.7462434,0.01832595714594046,-0.0153588974175501,4.2435935432990135,-10.575000000000001,-20.945,-0.035,23.536993,-0.01309671,0.3768358
0 days 00:00:00.640000,0.0004717106086471161,-1.5656760000000003,-0.317844,9.664812000000001,77.08199614890886,77.08199614890886,77.08199614890886,77.08199614890886,-0.05951572749300663,0.02949606435870417,-0.0054105206811824215,69.0,2.39,0.0,2,2,20.0,4,-0.02,23.555,-0.015,52.6491227,9.7462397,32.1,31.52,52.6491154,9.7462419,0.017627825445142728,-0.016057029118347832,4.2435935432990135,-10.575000000000001,-20.945,-0.035,23.551723,-0.013065898,0.3934966
0 days 00:00:00.650000,0.0003537829564853371,-0.47088,1.2399840000000002,8.876088000000001,77.02850877192982,77.02850877192982,77.02850877192982,77.02850877192982,-0.051487212933832724,-0.00017453292519943296,-0.0017453292519943296,69.0,2.39,0.0,2,2,20.0,4,0.005,23.525000000000002,-0.015,52.6491227,9.7462397,32.1,31.52,52.6491135,9.7462403,0.016755160819145562,-0.016057029118347832,4.243419010373813,-10.515,-21.04,0.025,23.521727,0.011579134,0.39258456
0 days 00:00:00.660000,0.0003537829564853371,1.243908,0.03531600000000001,10.547712000000002,77.31600342319211,77.31600342319211,77.31600342319211,77.31600342319211,-0.03647738136668148,0.07033676885537149,-0.0020943951023931952,69.0,2.39,0.0,2,2,20.0,4,0.015,23.52,-0.01,52.6491227,9.7462397,32.1,31.52,52.6491116,9.7462387,0.016231562043547264,-0.016057029118347832,4.243419010373813,-10.515,-21.04,0.025,23.516808,0.021289812,0.3873493
0 days 00:00:00.670000,0.0004717106086471161,-1.6009920000000002,0.317844,11.218716,77.08199614890886,77.08199614890886,77.08199614890886,77.08199614890886,-0.02234021442552742,0.032463124087094536,-0.003490658503988659,69.0,2.39,0.0,2,2,20.0,4,0.015,23.535,-0.015,52.6491227,9.7462397,32.1,31.52,52.6491097,9.7462371,0.0158824961931484,-0.016755160819145562,4.243419010373813,-10.515,-21.04,0.025,23.531445,0.021498732,0.40902227
0 days 00:00:00.680000,0.0003537829564853371,-0.9142920000000001,-0.17658000000000004,9.1233,77.57675438596492,77.57675438596492,77.57675438596492,77.57675438596492,-0.026703537555513242,-0.013439035240356337,-0.005061454830783556,69.0,2.39,0.0,2,2,20.0,4,0.015,23.52,-0.03,52.6491227,9.7462397,32.1,31.52,52.649107799999996,9.7462356,0.015707963267948967,-0.01710422666954443,4.243419010373813,-10.515,-21.04,0.025,23.516047,0.021787912,0.43197843
0 days 00:00:00.690000,0.0003537829564853371,1.2988440000000003,0.9064440000000001,9.350892000000002,77.14216944801026,77.14216944801026,77.14216944801026,77.14216944801026,-0.03159045946109736,0.02949606435870417,-0.003316125578789226,69.0,2.39,0.0,2,2,20.0,4,0.015,23.51,-0.02,52.649113,9.7462322,32.1,31.52,52.649105999999996,9.746234,0.0153588974175501,-0.016929693744344994,4.243419010373813,-10.515,-21.04,0.025,23.506292,0.021417925,0.41771555
0 days 00:00:00.700000,0.0004717106086471161,-0.64746,0.4198680000000001,9.476460000000001,77.59681215233205,77.59681215233205,77.59681215233205,77.59681215233205,-0.023561944901923447,0.030194196059501903,-0.0005235987755982988,69.0,2.39,0.0,2,2,20.0,4,0.04,23.535,-0.02,52.649113,9.7462322,32.07,31.51,52.649104099999995,9.7462324,0.014835298641951801,-0.017278759594743863,4.243419010373813,-10.53,-21.09,0.135,23.531141,0.046324585,0.425992
0 days 00:00:00.710000,0.0004717106086471161,-0.4316400000000001,0.019620000000000002,9.162540000000002,77.01513692768506,77.01513692768506,77.01513692768506,77.01513692768506,-0.007330382858376183,0.011519173063162576,0.0005235987755982988,69.0,2.39,0.0,2,2,20.0,4,0.04,23.53,-0.02,52.649113,9.7462322,32.07,31.51,52.649102199999994,9.746230899999999,0.014660765716752368,-0.017627825445142728,4.243419010373813,-10.53,-21.09,0.135,23.525991,0.04636936,0.43412504
0 days 00:00:00.720000,0.0003537829564853371,0.8475840000000001,0.0981,10.12392,77.65029952931107,77.65029952931107,77.65029952931107,77.65029952931107,0.008028514559173916,0.05881759579220891,-0.0012217304763960308,69.0,2.39,0.0,2,2,20.0,4,0.04,23.525000000000002,-0.01,52.649113,9.7462322,32.07,31.51,52.6491003,9.7462293,0.014486232791552936,-0.01780235837034216,4.243419010373813,-10.53,-21.09,0.135,23.521095,0.046206947,0.42815232
0 days 00:00:00.730000,0.0004717106086471161,-0.635688,-0.604296,10.072908000000002,77.06193838254171,77.06193838254171,77.06193838254171,77.06193838254171,0.02426007660272118,0.02809980095710871,-0.0019198621771937623,69.0,2.39,0.0,2,2,20.0,4,0.04,23.535,-0.015,52.649113,9.7462322,32.07,31.51,52.6490984,9.7462277,0.014660765716752368,-0.01832595714594046,4.243419010373813,-10.53,-21.09,0.135,23.530773,0.046538197,0.44564036
0 days 00:00:00.740000,0.0004717106086471161,-0.47480400000000006,0.655308,9.095832000000001,77.24245827984595,77.24245827984595,77.24245827984595,77.24245827984595,0.016755160819145562,0.013439035240356337,-0.0019198621771937623,69.0,2.39,0.0,2,2,20.0,4,0.03,23.53,-0.02,52.6491036,9.7462243,32.07,31.51,52.6490965,9.746226199999999,0.014835298641951801,-0.018675022996339326,4.243419010373813,-10.53,-21.09,0.135,23.525524,0.036811702,0.4588987
0 days 00:00:00.750000,0.0004717106086471161,-0.4434120000000001,-0.0981,9.551016,77.08199614890886,77.08199614890886,77.08199614890886,77.08199614890886,0.02617993877991494,0.012391837689159739,0.0006981317007977319,69.0,2.39,0.0,2,2,20.0,4,0.05,23.53,-0.015,52.6491036,9.7462243,32.06,31.51,52.6490947,9.7462246,0.014835298641951801,-0.01884955592153876,4.243419010373813,-10.59,-21.075,0.095,23.52554,0.056796253,0.45770895
0 days 00:00:00.760000,0.0004717106086471161,-0.11772,0.33746400000000004,9.331272,76.97502139495079,76.97502139495079,76.97502139495079,76.97502139495079,0.019896753472735357,0.020245819323134222,0.004014257279586958,69.0,2.39,0.0,2,2,20.0,4,0.045,23.53,-0.015,52.6491036,9.7462243,32.06,31.51,52.6490928,9.746222999999999,0.015184364492350668,-0.01884955592153876,4.243419010373813,-10.59,-21.075,0.095,23.52554,0.051956594,0.457765
0 days 00:00:00.770000,0.0004717106086471161,-0.533664,-0.545436,10.139616000000002,77.38286264441591,77.38286264441591,77.38286264441591,77.38286264441591,0.01902408884673819,0.014486232791552938,0.0027925268031909274,69.0,2.39,0.0,2,2,20.0,4,0.05,23.53,-0.01,52.6491036,9.7462243,32.06,31.51,52.6490909,9.7462214,0.0153588974175501,-0.019024088846738195,4.243419010373813,-10.59,-21.075,0.095,23.525553,0.057022184,0.4567861
0 days 00:00:00.780000,0.0004717106086471161,-0.592524,0.36493200000000003,9.692280000000002,77.31600342319211,77.31600342319211,77.31600342319211,77.31600342319211,0.024085543677521748,-0.022689280275926284,0.0027925268031909274,69.0,2.39,0.0,2,2,20.0,4,0.04,23.525000000000002,-0.01,52.6491036,9.7462243,32.06,31.51,52.649089,9.7462199,0.015533430342749533,-0.019198621771937627,4.243419010373813,-10.59,-21.075,0.095,23.520472,0.047165398,0.46094102
0 days 00:00:00.790000,0.0005896382608088951,1.1222640000000002,0.20012400000000002,9.782532000000002,77.73053059477962,77.73053059477962,77.73053059477962,77.73053059477962,0.022689280275926284,0.011344640137963142,0.004363323129985824,69.0,2.39,0.0,2,2,20.0,4,0.04,23.52,-0.01,52.6490939,9.7462166,32.06,31.51,52.649087099999996,9.746218299999999,0.0158824961931484,-0.019024088846738195,4.243419010373813,-10.59,-21.075,0.095,23.515554,0.047259588,0.45672482
0 days 00:00:00.800000,0.0005896382608088951,-0.10594800000000001,-0.3924,9.213552,77.12211168164313,77.12211168164313,77.12211168164313,77.12211168164313,0.012042771838760874,0.018500490071139894,0.0017453292519943296,69.0,2.39,0.0,2,2,20.0,4,0.035,23.545,-0.01,52.6490939,9.7462166,32.02,31.51,52.649085199999995,9.7462167,0.016057029118347832,-0.01937315469713706,4.2435935432990135,-10.65,-21.04,-0.0,23.540388,0.042479515,0.4654884
0 days 00:00:00.810000,0.0005896382608088951,-1.263528,0.6513840000000001,8.825076000000001,77.1622272143774,77.1622272143774,77.1622272143774,77.1622272143774,0.014137166941154071,-0.013962634015954637,0.005235987755982988,69.0,2.39,0.0,2,2,20.5,4,0.03,23.55,-0.005,52.6490939,9.7462166,32.02,31.51,52.649083399999995,9.7462152,0.016231562043547264,-0.019547687622336492,4.2435935432990135,-10.65,-21.04,-0.0,23.545403,0.037548553,0.46476954
0 days 00:00:00.820000,0.0005896382608088951,0.533664,0.10987200000000001,10.178856000000001,77.24245827984595,77.24245827984595,77.24245827984595,77.24245827984595,0.017104226669544427,0.012217304763960306,0.005235987755982988,69.0,2.39,0.0,2,2,21.0,4,0.035,23.535,0.005,52.6490939,9.7462166,32.02,31.51,52.649081499999994,9.746213599999999,0.0164060949687467,-0.01937315469713706,4.2435935432990135,-10.65,-21.04,-0.0,23.530682,0.042392787,0.4502847
0 days 00:00:00.830000,0.0005896382608088951,-0.41202000000000005,-0.27468000000000004,9.751140000000001,76.89479032948223,76.89479032948223,76.89479032948223,76.89479032948223,0.01937315469713706,0.008552113334772213,0.005061454830783556,69.0,2.39,0.0,2,2,21.5,4,0.03,23.545,0.005,52.6490939,9.7462166,32.02,31.51,52.6490796,9.746212,0.016580627893946133,-0.01937315469713706,4.243768076224212,-10.65,-21.04,-0.0,23.54068,0.037475273,0.45055392
0 days 00:00:00.840000,0.0005896382608088951,-0.7337880000000001,0.28252800000000006,9.213552,77.29594565682498,77.29594565682498,77.29594565682498,77.29594565682498,0.010995574287564275,-0.013788101090755204,0.00645771823237902,69.0,2.39,0.0,2,2,22.0,4,0.025,23.54,0.005,52.6490845,9.7462087,32.02,31.51,52.6490777,9.7462105,0.016755160819145562,-0.019547687622336492,4.243768076224212,-10.65,-21.04,-0.0,23.5356,0.032621816,0.4546415
0 days 00:00:00.850000,0.0005896382608088951,0.298224,0.40809600000000007,10.288728,77.01513692768506,77.01513692768506,77.01513692768506,77.01513692768506,0.0031415926535897933,0.00645771823237902,0.005759586531581288,69.0,2.39,0.0,2,2,22.5,4,0.01,23.54,0.01,52.6490845,9.7462087,32.03,31.5,52.6490758,9.7462089,0.016929693744344994,-0.01937315469713706,4.243768076224212,-10.685,-20.995,0.01,23.535778,0.017549144,0.44578424
0 days 00:00:00.860000,0.0005896382608088951,-0.52974,-0.3413880000000001,9.111528000000002,77.46309370988446,77.46309370988446,77.46309370988446,77.46309370988446,-0.015358897417550098,-0.0038397243543875246,0.004537856055185257,69.0,2.39,0.0,2,2,23.0,4,0.015,23.545,0.005,52.6490845,9.7462087,32.03,31.5,52.6490739,9.7462073,0.01710422666954443,-0.019547687622336492,4.2439426091494115,-10.685,-20.995,0.01,23.5406,0.022783646,0.45489883
0 days 00:00:00.870000,0.0005896382608088951,-0.7965720000000002,0.6670800000000001,8.836848000000002,77.38286264441591,77.38286264441591,77.38286264441591,77.38286264441591,-0.01064650843716541,-0.026354471705114374,0.006108652381980153,69.0,2.39,0.0,2,2,23.5,4,0.01,23.54,0.01,52.6490845,9.7462087,32.03,31.5,52.649072,9.7462058,0.016929693744344994,-0.019547687622336492,4.2439426091494115,-10.685,-20.995,0.01,23.535698,0.017618684,0.44989142
0 days 00:00:00.880000,0.0007075659129706742,0.859356,-0.149112,9.433296,77.65029952931107,77.65029952931107,77.65029952931107,77.65029952931107,-0.0022689280275926286,-0.0013962634015954637,0.005585053606381855,69.0,2.39,0.0,2,2,24.0,4,0.01,23.535,0.02,52.6490845,9.7462087,32.03,31.5,52.649070099999996,9.7462042,0.016755160819145562,-0.019198621771937627,4.2439426091494115,-10.685,-20.995,0.01,23.531046,0.017233394,0.43158734
0 days 00:00:00.890000,0.0007075659129706742,-0.12164400000000002,0.1962,10.63404,77.29594565682498,77.29594565682498,77.29594565682498,77.29594565682498,0.015184364492350668,0.01780235837034216,0.005585053606381855,69.0,2.39,0.0,2,2,24.5,4,0.005,23.545,0.025,52.6490752,9.7462008,32.03,31.5,52.649068299999996,9.7462026,0.016755160819145562,-0.019198621771937627,4.2439426091494115,-10.685,-20.995,0.01,23.541142,0.0121535575,0.4268647
0 days 00:00:00.900000,0.0007075659129706742,-0.623916,-0.37278,10.418220000000002,77.48315147625159,77.48315147625159,77.48315147625159,77.48315147625159,0.016755160819145562,-0.0017453292519943296,0.0005235987755982988,69.0,2.39,0.0,2,2,25.0,4,0.0,23.545,0.015,52.6490752,9.7462008,32.04,31.5,52.649066399999995,9.746201,0.016929693744344994,-0.01937315469713706,4.244117142074611,-10.65,-20.990000000000002,-0.025,23.540873,0.007467588,0.441052
0 days 00:00:00.910000,0.000825493565132453,-0.37670400000000004,0.192276,8.978112000000001,77.02850877192982,77.02850877192982,77.02850877192982,77.02850877192982,0.008552113334772213,-0.023038346126325153,0.00017453292519943296,69.0,2.39,0.0,2,2,25.5,4,-0.005,23.54,0.01,52.6490752,9.7462008,32.04,31.5,52.649064499999994,9.7461995,0.01710422666954443,-0.01937315469713706,4.244117142074611,-10.65,-20.990000000000002,-0.025,23.535778,0.0026291423,0.44603768
0 days 00:00:00.920000,0.0009434212172942321,0.36493200000000003,0.64746,8.358120000000001,77.01513692768506,77.01513692768506,77.01513692768506,77.01513692768506,-0.005759586531581288,-0.004014257279586958,0.0012217304763960308,69.0,2.39,0.0,2,2,26.0,4,-0.005,23.54,0.02,52.6490752,9.7462008,32.04,31.5,52.6490626,9.7461979,0.017278759594743863,-0.019198621771937627,4.244117142074611,-10.65,-20.990000000000002,-0.025,23.536045,0.0024632695,0.43193346
0 days 00:00:00.930000,0.0009434212172942321,-0.20797200000000002,0.8632800000000002,9.582408000000001,76.67415489944372,76.67415489944372,76.67415489944372,76.67415489944372,0.0022689280275926286,0.013788101090755204,0.0041887902047863905,69.0,2.39,0.0,2,2,26.5,4,0.0,23.545,0.035,52.6490752,9.7462008,32.04,31.5,52.6490607,9.7461963,0.017278759594743863,-0.019024088846738195,4.244117142074611,-10.65,-20.990000000000002,-0.025,23.541405,0.00713407,0.4128399
0 days 00:00:00.940000,0.0010613488694560112,-0.6396120000000001,-0.482652,10.017972000000002,77.50320924261874,77.50320924261874,77.50320924261874,77.50320924261874,-0.0013962634015954637,0.00471238898038469,0.0031415926535897933,69.0,2.39,0.0,2,2,27.0,4,0.005,23.545,0.035,52.649065699999994,9.746193,32.04,31.5,52.6490588,9.7461948,0.017278759594743863,-0.019198621771937627,4.244117142074611,-10.65,-20.990000000000002,-0.025,23.541332,0.012204315,0.41686165
0 days 00:00:00.950000,0.0009434212172942321,-0.43556400000000006,-0.15696000000000002,10.802772000000001,77.49652332049635,77.49652332049635,77.49652332049635,77.49652332049635,0.0015707963267948967,-0.008203047484373348,0.0010471975511965976,69.0,2.39,0.0,2,2,27.5,4,0.0,23.535,0.035,52.649065699999994,9.746193,32.06,31.490000000000002,52.649057,9.7461932,0.017278759594743863,-0.019198621771937627,4.244117142074611,-10.63,-20.985,-0.045,23.531334,0.0072017433,0.4167561
0 days 00:00:00.960000,0.0010613488694560112,-0.631764,1.071252,9.527472000000001,77.931108258451,77.931108258451,77.931108258451,77.931108258451,-0.007155849933176751,-0.027925268031909273,0.0012217304763960308,69.0,2.39,0.0,2,2,28.0,4,-0.005,23.535,0.025,52.649065699999994,9.746193,32.06,31.490000000000002,52.6490551,9.7461916,0.017278759594743863,-0.019198621771937627,4.244117142074611,-10.63,-20.985,-0.045,23.531143,0.002375237,0.42683914
0 days 00:00:00.970000,0.0011792765216177901,0.6670800000000001,-0.3531600000000001,9.594180000000001,77.34943303380402,77.34943303380402,77.34943303380402,77.34943303380402,-0.0036651914291880917,-0.015533430342749534,-0.0019198621771937623,69.0,2.39,0.0,2,2,28.5,4,0.005,23.53,0.025,52.649065699999994,9.746193,32.06,31.490000000000002,52.6490532,9.74619,0.01710422666954443,-0.01884955592153876,4.244117142074611,-10.63,-20.985,-0.045,23.526293,0.012157179,0.41836154
0 days 00:00:00.980000,0.0012972041737795694,-0.33354000000000006,1.283148,8.365968,77.38286264441591,77.38286264441591,77.38286264441591,77.38286264441591,-0.010122909661567111,-0.015009831567151233,0.0031415926535897933,69.0,2.39,0.0,2,2,29.0,4,0.0,23.54,0.03,52.649065699999994,9.746193,32.06,31.490000000000002,52.649051299999996,9.746188499999999,0.01710422666954443,-0.018675022996339326,4.244117142074611,-10.63,-20.985,-0.045,23.536457,0.0070053735,0.40952986
0 days 00:00:00.990000,0.0012972041737795694,0.21974400000000002,-0.290376,10.163160000000001,76.63403936670946,76.63403936670946,76.63403936670946,76.63403936670946,-0.0008726646259971648,0.00890117918517108,0.0024434609527920616,69.0,2.39,0.0,2,2,29.5,4,0.01,23.535,0.045,52.649056099999996,9.746185299999999,32.06,31.490000000000002,52.649049399999996,9.7461869,0.01710422666954443,-0.018500490071139894,4.244117142074611,-10.63,-20.985,-0.045,23.531803,0.016675564,0.39016372
0 days 00:00:01,0.0015330594781031272,-1.0555560000000002,0.302148,9.080136000000001,77.06193838254171,77.06193838254171,77.06193838254171,77.06193838254171,-0.0015707963267948967,-0.014137166941154071,0.006283185307179587,69.0,2.39,0.0,2,2,30.0,4,0.0,23.54,0.04,52.649056099999996,9.746185299999999,32.04,31.490000000000002,52.649047499999995,9.746185299999999,0.01710422666954443,-0.018675022996339326,4.244117142074611,-10.625,-20.995,-0.04,23.536644,0.0068343696,0.39953306
0 days 00:00:01.010000,0.0015330594781031272,0.33354000000000006,0.10202400000000002,10.881252,77.21571459135643,77.21571459135643,77.21571459135643,77.21571459135643,0.0019198621771937623,0.01780235837034216,0.003316125578789226,69.0,2.39,0.0,1,2,30.5,4,0.0,23.535,0.05,52.649056099999996,9.746185299999999,32.04,31.490000000000002,52.6490456,9.7461837,0.01710422666954443,-0.018500490071139894,4.244291674999811,-10.625,-20.995,-0.04,23.531897,0.006591523,0.38533634
0 days 00:00:01.020000,0.001650987130264906,-0.80442,0.482652,9.766836000000001,77.46309370988446,77.46309370988446,77.46309370988446,77.46309370988446,-0.00942477796076938,-0.009599310885968814,0.004014257279586958,69.0,2.39,0.0,1,2,31.0,4,0.0,23.54,0.035,52.649056099999996,9.746185299999999,32.04,31.490000000000002,52.6490438,9.7461822,0.01710422666954443,-0.018675022996339326,4.244291674999811,-10.625,-20.995,-0.04,23.53655,0.0069198716,0.40453145
0 days 00:00:01.030000,0.001650987130264906,0.08240400000000002,-0.37278,9.299880000000002,77.71047282841249,77.71047282841249,77.71047282841249,77.71047282841249,-0.008726646259971648,-0.024085543677521748,0.0015707963267948967,69.0,2.39,0.0,1,2,31.5,4,0.0,23.53,0.04,52.649056099999996,9.746185299999999,32.04,31.490000000000002,52.6490419,9.746180599999999,0.016929693744344994,-0.018675022996339326,4.244291674999811,-10.625,-20.995,-0.04,23.526646,0.006761477,0.39934748
0 days 00:00:01.040000,0.001650987130264906,0.3296160000000001,0.8240400000000001,8.707356,77.40960633290543,77.40960633290543,77.40960633290543,77.40960633290543,-0.010297442586766544,-0.013962634015954637,0.004886921905584123,69.0,2.39,0.0,1,1,32.0,4,-0.005,23.535,0.045,52.6490466,9.746177399999999,32.04,31.490000000000002,52.64904,9.746179,0.016929693744344994,-0.01832595714594046,4.244291674999811,-10.625,-20.995,-0.04,23.531872,0.0015400874,0.38631403
0 days 00:00:01.050000,0.001650987130264906,-0.20404800000000003,0.32569200000000004,9.876708000000002,77.14216944801026,77.14216944801026,77.14216944801026,77.14216944801026,0.004537856055185257,0.016406094968746697,0.005934119456780722,69.0,2.39,0.0,1,1,32.5,4,0.005,23.54,0.055,52.6490466,9.746177399999999,32.04,31.48,52.6490381,9.7461775,0.016755160819145562,-0.01815142422074103,4.244291674999811,-10.59,-21.0,-0.04,23.53712,0.011236452,0.37213412
0 days 00:00:01.060000,0.0017689147824266852,-0.9888480000000001,-0.27075600000000005,10.492776000000001,76.95496362858366,76.95496362858366,76.95496362858366,76.95496362858366,0.02617993877991494,-0.006981317007977318,0.00645771823237902,69.0,2.39,0.0,1,1,33.0,4,0.005,23.54,0.055,52.6490466,9.746177399999999,32.04,31.48,52.6490362,9.746175899999999,0.016755160819145562,-0.01832595714594046,4.24446620792501,-10.59,-21.0,-0.04,23.537056,0.011305278,0.3762415
0 days 00:00:01.070000,0.0017689147824266852,-0.039240000000000004,0.38847600000000004,10.692900000000002,77.46309370988446,77.46309370988446,77.46309370988446,77.46309370988446,0.033510321638291124,0.0020943951023931952,0.0022689280275926286,69.0,2.39,0.0,1,1,33.5,4,0.0,23.535,0.045,52.6490466,9.746177399999999,32.04,31.48,52.6490343,9.7461743,0.01710422666954443,-0.01832595714594046,4.24446620792501,-10.59,-21.0,-0.04,23.531872,0.0066067805,0.3862283
0 days 00:00:01.080000,0.0017689147824266852,-0.20404800000000003,0.482652,10.288728,77.19565682498931,77.19565682498931,77.19565682498931,77.19565682498931,0.03543018381548489,-0.01361356816555577,0.006283185307179587,69.0,2.39,0.0,1,1,34.0,4,0.0,23.535,0.04,52.6490466,9.746177399999999,32.04,31.48,52.649032399999996,9.7461728,0.017453292519943295,-0.01832595714594046,4.24446620792501,-10.59,-21.0,-0.04,23.53178,0.0068288455,0.39122438
0 days 00:00:01.090000,0.0018868424345884643,0.32176800000000005,-0.40417200000000003,9.970884,77.38286264441591,77.38286264441591,77.38286264441591,77.38286264441591,0.0158824961931484,0.005585053606381855,0.0013962634015954637,69.0,2.39,0.0,1,1,34.5,4,0.005,23.535,0.035,52.649037199999995,9.746169499999999,32.04,31.48,52.649030599999996,9.7461712,0.01780235837034216,-0.01815142422074103,4.24464074085021,-10.59,-21.0,-0.04,23.531757,0.011980497,0.39202493
0 days 00:00:01.100000,0.0017689147824266852,-1.4950440000000003,1.0830240000000002,9.943416000000001,77.29594565682498,77.29594565682498,77.29594565682498,77.29594565682498,0.006981317007977318,-0.020071286397934793,0.005235987755982988,69.0,2.39,0.0,2,1,35.0,4,0.0,23.54,0.035,52.649037199999995,9.746169499999999,32.04,31.470000000000002,52.649028699999995,9.7461696,0.01780235837034216,-0.01832595714594046,4.24464074085021,-10.620000000000001,-20.995,-0.07,23.53669,0.0070560323,0.39631194
0 days 00:00:01.110000,0.0018868424345884643,-0.30999600000000005,0.9692280000000001,9.366588000000002,77.44303594351734,77.44303594351734,77.44303594351734,77.44303594351734,-0.0024434609527920616,-0.030717794835100197,0.00942477796076938,69.0,2.39,0.0,2,1,35.5,4,0.01,23.525000000000002,0.03,52.649037199999995,9.746169499999999,32.04,31.470000000000002,52.649026799999994,9.746167999999999,0.017976891295541596,-0.01815142422074103,4.24464074085021,-10.620000000000001,-20.995,-0.07,23.521667,0.017134713,0.39674985
0 days 00:00:01.120000,0.0017689147824266852,1.338084,-0.32569200000000004,10.586952000000002,77.19565682498931,77.19565682498931,77.19565682498931,77.19565682498931,0.002967059728390361,0.013439035240356337,0.008203047484373348,69.0,2.39,0.0,2,1,36.0,4,0.015,23.525000000000002,0.035,52.649037199999995,9.746169499999999,32.04,31.470000000000002,52.6490249,9.7461665,0.017976891295541596,-0.01780235837034216,4.24464074085021,-10.620000000000001,-20.995,-0.07,23.521896,0.021896444,0.38345224
0 days 00:00:01.130000,0.001709950956345796,-0.94176,0.4198680000000001,9.605952000000002,77.28925973470261,77.28925973470261,77.28925973470261,77.28925973470261,-0.006283185307179587,-0.009075712110370514,0.01064650843716541,69.0,2.39,0.0,2,2,36.5,4,0.01,23.54,0.03,52.649037199999995,9.746169499999999,32.04,31.470000000000002,52.649023,9.7461649,0.017976891295541596,-0.017976891295541596,4.244815273775409,-10.620000000000001,-20.995,-0.07,23.536737,0.017065763,0.3929148
0 days 00:00:01.140000,0.001650987130264906,-0.28645200000000004,0.066708,9.994428000000003,77.21571459135643,77.21571459135643,77.21571459135643,77.21571459135643,0.007853981633974483,-0.01815142422074103,0.010122909661567111,69.0,2.39,0.0,2,2,37.0,4,0.01,23.535,0.03,52.6490277,9.7461617,32.04,31.470000000000002,52.6490211,9.7461633,0.017976891295541596,-0.01780235837034216,4.244815273775409,-10.620000000000001,-20.995,-0.07,23.531805,0.016990317,0.3887185
0 days 00:00:01.150000,0.001650987130264906,-0.007848,-0.011772000000000001,9.770760000000001,77.54332477535301,77.54332477535301,77.54332477535301,77.54332477535301,-0.0031415926535897933,0.0038397243543875246,0.006806784082777885,69.0,2.39,0.0,2,2,37.5,4,0.0,23.535,0.03,52.6490277,9.7461617,32.06,31.470000000000002,52.6490192,9.7461618,0.01815142422074103,-0.017627825445142728,4.244989806700609,-10.625,-21.015,-0.11,23.531872,0.0069852658,0.38479066
0 days 00:00:01.160000,0.0015330594781031272,-1.377324,0.30999600000000005,10.708596000000002,76.89479032948223,76.89479032948223,76.89479032948223,76.89479032948223,0.014835298641951801,-0.03665191429188092,0.008028514559173916,69.0,2.39,0.0,2,2,38.0,4,-0.005,23.535,0.03,52.6490277,9.7461617,32.06,31.470000000000002,52.6490174,9.7461602,0.017976891295541596,-0.01780235837034216,4.244989806700609,-10.625,-21.015,-0.11,23.531805,0.0019927428,0.38898814
0 days 00:00:01.170000,0.0014151318259413483,0.357084,0.7730280000000002,10.426068,77.40960633290543,77.40960633290543,77.40960633290543,77.40960633290543,0.018675022996339326,-0.034208453339088854,0.012391837689159739,69.0,2.39,0.0,2,2,38.5,4,-0.005,23.525000000000002,0.025,52.6490277,9.7461617,32.06,31.470000000000002,52.6490155,9.7461586,0.01815142422074103,-0.017278759594743863,4.245164339625807,-10.625,-21.015,-0.11,23.52192,0.0019246003,0.3814942
0 days 00:00:01.180000,0.0014151318259413483,0.7651800000000001,-0.21582000000000004,11.485548000000001,77.28925973470261,77.28925973470261,77.28925973470261,77.28925973470261,0.01884955592153876,0.022689280275926284,0.010821041362364843,69.0,2.39,0.0,2,2,39.0,4,-0.005,23.53,0.015,52.6490277,9.7461617,32.06,31.470000000000002,52.649013599999996,9.7461571,0.01832595714594046,-0.016929693744344994,4.245164339625807,-10.625,-21.015,-0.11,23.526882,0.002025497,0.38336608
0 days 00:00:01.190000,0.0012972041737795694,-2.224908,0.39632400000000007,9.609876,77.29594565682498,77.29594565682498,77.29594565682498,77.29594565682498,0.015707963267948967,-0.05637413483941684,0.013264502315156903,69.0,2.39,0.0,2,2,39.5,4,-0.01,23.54,-0.0,52.649018299999994,9.7461538,32.06,31.470000000000002,52.649011699999996,9.7461555,0.018500490071139894,-0.017278759594743863,4.245338872551008,-10.625,-21.015,-0.11,23.536488,-0.0024741665,0.40683714
0 days 00:00:01.200000,0.0012972041737795694,1.2517560000000003,-0.125568,9.923796000000001,77.59681215233205,77.59681215233205,77.59681215233205,77.59681215233205,0.018675022996339326,-0.02495820830351891,0.011344640137963142,69.0,2.39,0.0,2,2,40.0,4,-0.01,23.515,0.005,52.649018299999994,9.7461538,32.07,31.470000000000002,52.649009799999995,9.7461539,0.018675022996339326,-0.016580627893946133,4.245513405476206,-10.625,-20.990000000000002,-0.045,23.511848,-0.0028111006,0.3849959
0 days 00:00:01.210000,0.0011792765216177901,0.506196,0.8161920000000001,11.187324000000002,77.24245827984595,77.24245827984595,77.24245827984595,77.24245827984595,0.0054105206811824215,0.02548180707911721,0.007504915783575617,69.0,2.39,0.0,2,2,40.0,4,-0.015,23.525000000000002,-0.0,52.649018299999994,9.7461538,32.07,31.470000000000002,52.6490079,9.7461524,0.019024088846738195,-0.0164060949687467,4.245513405476206,-10.625,-20.990000000000002,-0.045,23.521833,-0.007655646,0.38615158
0 days 00:00:01.220000,0.000825493565132453,-1.9580760000000001,-0.011772000000000001,9.704052,77.1622272143774,77.1622272143774,77.1622272143774,77.1622272143774,-0.0019198621771937623,-0.042411500823462206,0.008203047484373348,69.0,2.39,0.0,2,2,40.0,4,-0.01,23.535,-0.01,52.649018299999994,9.7461538,32.07,31.470000000000002,52.649006,9.746150799999999,0.019024088846738195,-0.016580627893946133,4.245687938401406,-10.625,-20.990000000000002,-0.045,23.531599,-0.0023850983,0.4003236
0 days 00:00:01.230000,0.0007665297390515636,0.545436,1.012392,11.112768,77.08199614890886,77.08199614890886,77.08199614890886,77.08199614890886,-0.0019198621771937623,-0.012566370614359173,0.006632251157578452,69.0,2.39,0.0,2,2,40.0,4,-0.015,23.515,-0.01,52.649018299999994,9.7461538,32.07,31.470000000000002,52.6490042,9.7461492,0.019024088846738195,-0.016231562043547264,4.245687938401406,-10.625,-20.990000000000002,-0.045,23.51174,-0.007546625,0.39188156
0 days 00:00:01.240000,0.0007075659129706742,-0.4434120000000001,-0.25506,10.469232000000002,77.02850877192982,77.02850877192982,77.02850877192982,77.02850877192982,-0.0019198621771937623,-0.019722220547535925,0.007155849933176751,69.0,2.39,0.0,2,2,40.0,4,-0.01,23.525000000000002,-0.025,52.6490089,9.746146,32.07,31.470000000000002,52.6490023,9.7461477,0.019024088846738195,-0.016057029118347832,4.245687938401406,-10.625,-20.990000000000002,-0.045,23.521566,-0.0023372301,0.4028395
0 days 00:00:01.250000,0.0005896382608088951,-0.714168,0.031392,9.602028,77.31600342319211,77.31600342319211,77.31600342319211,77.31600342319211,-0.003490658503988659,-0.04328416544945937,0.009250245035569947,69.0,2.39,0.0,2,2,40.0,4,-0.015,23.515,-0.03,52.6490089,9.746146,32.07,31.46,52.6490004,9.746146099999999,0.019024088846738195,-0.0158824961931484,4.245862471326605,-10.595,-20.955000000000002,-0.015,23.511557,-0.007322339,0.40366977
0 days 00:00:01.260000,0.0004717106086471161,0.671004,1.0163160000000002,10.053288000000002,77.38286264441591,77.38286264441591,77.38286264441591,77.38286264441591,-0.013439035240356337,-0.008203047484373348,0.009773843811168246,69.0,2.39,0.0,2,2,40.0,4,-0.02,23.51,-0.025,52.6490089,9.746146,32.07,31.46,52.6489985,9.7461445,0.019024088846738195,-0.0153588974175501,4.245862471326605,-10.595,-20.955000000000002,-0.015,23.506844,-0.012652183,0.38638115
0 days 00:00:01.270000,0.0003537829564853371,-0.3296160000000001,0.27468000000000004,10.225944,77.38286264441591,77.38286264441591,77.38286264441591,77.38286264441591,-0.02129301687433082,-0.006806784082777885,0.010122909661567111,69.0,2.39,0.0,2,2,40.0,4,-0.015,23.52,-0.03,52.6490089,9.746146,32.07,31.46,52.6489966,9.746143,0.01884955592153876,-0.0153588974175501,4.246037004251805,-10.595,-20.955000000000002,-0.015,23.516764,-0.007623382,0.3914368
0 days 00:00:01.280000,0.00023585530432355804,-0.36493200000000003,0.21974400000000002,8.420904,77.28925973470261,77.28925973470261,77.28925973470261,77.28925973470261,-0.020420352248333655,-0.02775073510670984,0.011519173063162576,69.0,2.39,0.0,2,2,40.0,4,-0.015,23.515,-0.035,52.6490089,9.746146,32.07,31.46,52.648994699999996,9.746141399999999,0.018675022996339326,-0.015184364492350668,4.246037004251805,-10.595,-20.955000000000002,-0.015,23.511757,-0.0076764063,0.39225432
0 days 00:00:01.290000,0.0,1.1732760000000002,1.094796,10.375056,76.99507916131792,76.99507916131792,76.99507916131792,76.99507916131792,-0.009075712110370514,0.03630284844148206,0.008726646259971648,69.0,2.39,0.0,2,2,40.0,4,-0.02,23.515,-0.02,52.6489997,9.746137899999999,32.07,31.46,52.648992799999995,9.7461398,0.018500490071139894,-0.015009831567151233,4.246211537177004,-10.595,-20.955000000000002,-0.015,23.51205,-0.013097385,0.37324685
0 days 00:00:01.300000,0.0,-1.2792240000000001,-0.231516,10.704672,77.31600342319211,77.31600342319211,77.31600342319211,77.31600342319211,0.007679448708775049,0.016929693744344998,0.009075712110370514,69.0,2.39,0.0,2,2,40.0,4,-0.015,23.54,-0.025,52.6489997,9.746137899999999,32.13,31.46,52.648990999999995,9.7461383,0.01832595714594046,-0.0153588974175501,4.246386070102204,-10.605,-21.025000000000002,0.04,23.53684,-0.0079143215,0.38674128
0 days 00:00:01.310000,-0.00011792765216177902,-0.7808760000000001,-0.7848,11.038212,77.29594565682498,77.29594565682498,77.29594565682498,77.29594565682498,0.023387411976724018,-0.008377580409572781,0.005759586531581288,69.0,2.39,0.0,2,2,40.0,4,-0.025,23.525000000000002,-0.035,52.6489997,9.746137899999999,32.13,31.46,52.648989099999994,9.7461367,0.018500490071139894,-0.015533430342749533,4.246386070102204,-10.605,-21.025000000000002,0.04,23.521618,-0.017588457,0.40079898
0 days 00:00:01.320000,0.0,0.3531600000000001,0.851508,9.813924,77.21571459135643,77.21571459135643,77.21571459135643,77.21571459135643,0.01291543646475804,-0.011344640137963142,0.005235987755982988,69.0,2.39,0.0,2,2,40.0,4,-0.035,23.52,-0.045,52.6489997,9.746137899999999,32.13,31.46,52.6489872,9.7461351,0.018675022996339326,-0.015533430342749533,4.246386070102204,-10.605,-21.025000000000002,0.04,23.516464,-0.027331492,0.41090822
0 days 00:00:01.330000,0.0,0.266832,0.266832,10.461384,77.08199614890886,77.08199614890886,77.08199614890886,77.08199614890886,-0.0006981317007977319,0.031939525311496235,0.0010471975511965976,69.0,2.39,0.0,2,2,40.0,4,-0.03,23.525000000000002,-0.045,52.6489997,9.746137899999999,32.13,31.46,52.6489853,9.7461336,0.01884955592153876,-0.0153588974175501,4.246560603027403,-10.605,-21.025000000000002,0.04,23.521534,-0.022336578,0.40679184
0 days 00:00:01.340000,-0.00011792765216177902,-1.4871960000000002,0.60822,10.312272000000002,76.99507916131792,76.99507916131792,76.99507916131792,76.99507916131792,-0.024434609527920613,0.00034906585039886593,0.0010471975511965976,69.0,2.39,0.0,2,2,40.0,4,-0.03,23.53,-0.05,52.648990399999995,9.746129999999999,32.13,31.46,52.6489834,9.746132,0.01884955592153876,-0.015707963267948967,4.246560603027403,-10.605,-21.025000000000002,0.04,23.526312,-0.022086108,0.42007795
0 days 00:00:01.350000,-0.00011792765216177902,-0.33746400000000004,0.33354000000000006,9.813924,77.34943303380402,77.34943303380402,77.34943303380402,77.34943303380402,-0.032114058236695664,-0.02076941809873252,0.0024434609527920616,69.0,2.39,0.0,2,2,40.0,4,-0.02,23.505,-0.06,52.648990399999995,9.746129999999999,32.1,31.46,52.6489815,9.7461304,0.018500490071139894,-0.015533430342749533,4.246560603027403,-10.57,-20.990000000000002,0.035,23.50123,-0.012132628,0.42538857
0 days 00:00:01.360000,-0.00023585530432355804,1.290996,0.51012,9.072288,77.27588789045785,77.27588789045785,77.27588789045785,77.27588789045785,-0.026354471705114374,0.011868238913561443,0.0041887902047863905,69.0,2.39,0.0,2,2,40.0,4,-0.02,23.505,-0.06,52.648990399999995,9.746129999999999,32.1,31.46,52.6489797,9.7461289,0.01815142422074103,-0.0153588974175501,4.246560603027403,-10.57,-20.990000000000002,0.035,23.501305,-0.012355562,0.42128327
0 days 00:00:01.370000,-0.00011792765216177902,0.40417200000000003,0.557208,8.864316,77.63692768506633,77.63692768506633,77.63692768506633,77.63692768506633,-0.02583087292951608,0.041015237421866746,0.0020943951023931952,69.0,2.39,0.0,2,2,40.0,4,-0.015,23.52,-0.05,52.648990399999995,9.746129999999999,32.1,31.46,52.6489778,9.7461273,0.017976891295541596,-0.015533430342749533,4.246560603027403,-10.57,-20.990000000000002,0.035,23.516386,-0.007531716,0.4155281
0 days 00:00:01.380000,-0.00011792765216177902,-1.243908,0.03531600000000001,9.119376,77.21571459135643,77.21571459135643,77.21571459135643,77.21571459135643,-0.012217304763960306,0.01832595714594046,0.0010471975511965976,69.0,2.39,0.0,2,2,40.0,4,-0.01,23.525000000000002,-0.04,52.648990399999995,9.746129999999999,32.1,31.46,52.648975899999996,9.7461257,0.017627825445142728,-0.0158824961931484,4.246560603027403,-10.57,-20.990000000000002,0.035,23.521397,-0.002707691,0.41372696
0 days 00:00:01.390000,-0.00011792765216177902,-0.08240400000000002,0.463032,8.365968,77.24245827984595,77.24245827984595,77.24245827984595,77.24245827984595,-0.008028514559173916,0.003490658503988659,-0.00017453292519943296,69.0,2.39,0.0,2,2,40.0,4,-0.015,23.515,-0.035,52.6489808,9.7461223,32.1,31.46,52.648973999999995,9.746124199999999,0.017627825445142728,-0.016057029118347832,4.246560603027403,-10.57,-20.990000000000002,0.035,23.511406,-0.0077255033,0.41276062
0 days 00:00:01.400000,-0.00011792765216177902,0.5140440000000001,0.24721200000000002,10.893024,76.6206675224647,76.6206675224647,76.6206675224647,76.6206675224647,-0.0012217304763960308,0.05270894341022875,-0.0006981317007977319,69.0,2.39,0.0,2,2,40.0,4,-0.01,23.51,-0.02,52.6489808,9.7461223,32.09,31.46,52.648972099999995,9.7461226,0.017453292519943295,-0.016057029118347832,4.246560603027403,-10.56,-21.01,0.09,23.506649,-0.0030614603,0.39759597
0 days 00:00:01.410000,-0.00011792765216177902,-1.8403560000000003,0.517968,9.758988,77.24245827984595,77.24245827984595,77.24245827984595,77.24245827984595,0.008552113334772213,-0.014137166941154071,0.0027925268031909274,69.0,2.39,0.0,2,2,40.0,4,-0.005,23.515,-0.035,52.6489808,9.7461223,32.09,31.46,52.6489702,9.746120999999999,0.017453292519943295,-0.016580627893946133,4.246560603027403,-10.56,-21.01,0.09,23.511187,0.0024157788,0.42489332
0 days 00:00:01.420000,-0.00011792765216177902,0.678852,-0.51012,10.885176000000001,77.08199614890886,77.08199614890886,77.08199614890886,77.08199614890886,0.0317649923862968,0.0024434609527920616,0.0019198621771937623,69.0,2.39,0.0,2,2,40.0,4,-0.005,23.5,-0.035,52.6489808,9.7461223,32.09,31.46,52.6489683,9.746119499999999,0.017627825445142728,-0.0164060949687467,4.246560603027403,-10.56,-21.01,0.09,23.496264,0.0024132682,0.420544
0 days 00:00:01.430000,0.0,0.0981,0.6435360000000001,10.783152,77.68372913992297,77.68372913992297,77.68372913992297,77.68372913992297,0.008552113334772213,0.0317649923862968,0.00017453292519943296,69.0,2.39,0.0,2,2,40.0,4,-0.01,23.51,-0.045,52.6489808,9.7461223,32.09,31.46,52.6489665,9.7461179,0.01780235837034216,-0.0164060949687467,4.246560603027403,-10.56,-21.01,0.09,23.506098,-0.0023316313,0.43079373
0 days 00:00:01.440000,0.0,-1.9109880000000001,-0.184428,8.989884,77.68372913992297,77.68372913992297,77.68372913992297,77.68372913992297,-0.007853981633974483,-0.034557519189487726,-0.003316125578789226,69.0,2.39,0.0,2,2,40.0,4,-0.005,23.51,-0.055,52.648970899999995,9.7461149,32.09,31.46,52.6489646,9.746116299999999,0.017976891295541596,-0.016755160819145562,4.246560603027403,-10.56,-21.01,0.09,23.50578,0.0030699782,0.44890502
0 days 00:00:01.450000,0.0,1.094796,0.894672,8.110908000000002,77.27588789045785,77.27588789045785,77.27588789045785,77.27588789045785,-0.015184364492350668,-0.016929693744344998,-0.0020943951023931952,69.0,2.39,0.0,2,2,40.0,4,-0.005,23.495,-0.05,52.648970899999995,9.7461149,31.92,31.46,52.6489627,9.746114799999999,0.01780235837034216,-0.0164060949687467,4.246560603027403,-10.575000000000001,-21.055,0.08,23.491018,0.0027521912,0.43545723
0 days 00:00:01.460000,0.0,1.2517560000000003,0.506196,9.539244,76.82793110825845,76.82793110825845,76.82793110825845,76.82793110825845,-0.020420352248333655,0.06126105674500097,-0.0027925268031909274,69.0,2.39,0.0,2,2,40.0,4,0.005,23.505,-0.03,52.648970899999995,9.7461149,31.92,31.46,52.6489608,9.7461132,0.017627825445142728,-0.016231562043547264,4.246560603027403,-10.575000000000001,-21.055,0.08,23.501417,0.012252736,0.4113501
0 days 00:00:01.470000,0.0,-2.11896,-0.32176800000000005,8.734824000000001,76.97502139495079,76.97502139495079,76.97502139495079,76.97502139495079,-0.0013962634015954637,-0.012217304763960306,0.0,69.0,2.39,0.0,2,2,40.0,4,0.005,23.52,-0.03,52.648970899999995,9.7461149,31.92,31.46,52.6489589,9.7461117,0.017453292519943295,-0.016929693744344994,4.246560603027403,-10.575000000000001,-21.055,0.08,23.516123,0.012471714,0.4280106
0 days 00:00:01.480000,0.0,0.9456840000000001,0.46695600000000004,9.888480000000001,76.80787334189132,76.80787334189132,76.80787334189132,76.80787334189132,0.010122909661567111,0.023387411976724018,-0.0024434609527920616,69.0,2.39,0.0,2,2,40.0,4,0.0,23.5,-0.02,52.648970899999995,9.7461149,31.92,31.46,52.648956999999996,9.7461101,0.017453292519943295,-0.016755160819145562,4.246560603027403,-10.575000000000001,-21.055,0.08,23.496367,0.0072204974,0.41366202
0 days 00:00:01.490000,0.0,-0.23936400000000002,-0.23544,11.485548000000001,77.31600342319211,77.31600342319211,77.31600342319211,77.31600342319211,0.009773843811168246,0.052185344634630454,-0.003490658503988659,69.0,2.39,0.0,2,2,40.0,4,0.005,23.515,-0.02,52.6489614,9.746107199999999,31.92,31.46,52.648955099999995,9.7461085,0.017627825445142728,-0.016929693744344994,4.246560603027403,-10.575000000000001,-21.055,0.08,23.51129,0.012368681,0.41792676
0 days 00:00:01.500000,0.0,-2.6055360000000003,0.8436600000000001,8.589636,77.24245827984595,77.24245827984595,77.24245827984595,77.24245827984595,0.0038397243543875246,-0.05742133239061344,-0.0008726646259971648,69.0,2.39,0.0,2,2,40.0,4,0.005,23.515,-0.04,52.6489614,9.746107199999999,31.92,31.45,52.648953299999995,9.746107,0.017627825445142728,-0.017627825445142728,4.246386070102204,-10.575000000000001,-21.03,0.07,23.51064,0.01301049,0.45433187
0 days 00:00:01.510000,0.0,1.852128,-0.047088000000000005,9.323424000000001,77.63692768506633,77.63692768506633,77.63692768506633,77.63692768506633,0.005585053606381855,-0.006108652381980153,-0.0015707963267948967,69.0,2.39,0.0,2,2,40.0,4,0.01,23.490000000000002,-0.025,52.6489614,9.746107199999999,31.92,31.45,52.648951399999994,9.7461054,0.017627825445142728,-0.016929693744344994,4.246386070102204,-10.575000000000001,-21.03,0.07,23.48621,0.017448567,0.42241398
0 days 00:00:01.520000,-0.00011792765216177902,0.10594800000000001,0.129492,10.677204000000001,77.42966409927257,77.42966409927257,77.42966409927257,77.42966409927257,0.017976891295541593,0.030019663134302467,0.00034906585039886593,69.0,2.39,0.0,2,2,40.0,4,0.01,23.51,-0.02,52.6489614,9.746107199999999,31.92,31.45,52.6489495,9.7461039,0.01780235837034216,-0.016929693744344994,4.246386070102204,-10.575000000000001,-21.03,0.07,23.506292,0.017439323,0.41775098
0 days 00:00:01.530000,0.0,-2.071872,-0.3296160000000001,7.891164000000001,77.42966409927257,77.42966409927257,77.42966409927257,77.42966409927257,0.024085543677521748,-0.04939281783143952,0.0015707963267948967,69.0,2.39,0.0,2,2,40.0,4,0.01,23.51,-0.03,52.6489614,9.746107199999999,31.92,31.45,52.6489476,9.7461023,0.017976891295541596,-0.017278759594743863,4.246386070102204,-10.575000000000001,-21.03,0.07,23.505972,0.017839462,0.43594867
0 days 00:00:01.540000,0.0,1.9776960000000001,0.463032,9.472536,76.95496362858366,76.95496362858366,76.95496362858366,76.95496362858366,0.027925268031909273,0.023736477827122886,-0.0013962634015954637,69.0,2.39,0.0,2,2,40.0,4,0.005,23.490000000000002,-0.01,52.6489519,9.7460994,31.92,31.45,52.6489457,9.7461007,0.01815142422074103,-0.016755160819145562,4.246386070102204,-10.575000000000001,-21.03,0.07,23.486534,0.012323942,0.40340164
0 days 00:00:01.550000,0.0,-0.0981,0.251136,10.975428,76.99507916131792,76.99507916131792,76.99507916131792,76.99507916131792,0.019547687622336492,0.052185344634630454,-0.0020943951023931952,69.0,2.39,0.0,2,2,40.0,4,0.0,23.525000000000002,-0.005,52.6489519,9.7460994,31.93,31.45,52.6489438,9.7460992,0.018500490071139894,-0.01710422666954443,4.246386070102204,-10.585,-21.015,0.06,23.521473,0.007535866,0.40728688
0 days 00:00:01.560000,0.0,-2.6016120000000003,0.21189600000000003,9.048744000000001,76.99507916131792,76.99507916131792,76.99507916131792,76.99507916131792,0.012042771838760874,-0.04415683007545654,-0.0008726646259971648,69.0,2.39,0.0,2,2,40.0,4,0.005,23.525000000000002,-0.02,52.6489519,9.7460994,31.93,31.45,52.6489419,9.746097599999999,0.018675022996339326,-0.017627825445142728,4.246386070102204,-10.585,-21.015,0.06,23.52099,0.013116129,0.43450084
0 days 00:00:01.570000,0.0,1.6677000000000002,0.10987200000000001,9.488232000000002,76.92153401797175,76.92153401797175,76.92153401797175,76.92153401797175,-0.0036651914291880917,0.007504915783575617,-0.003316125578789226,69.0,2.39,0.0,2,2,40.0,4,0.005,23.5,-0.01,52.6489519,9.7460994,31.93,31.45,52.6489401,9.746096099999999,0.01884955592153876,-0.017278759594743863,4.246386070102204,-10.585,-21.015,0.06,23.496319,0.012840611,0.41586098
0 days 00:00:01.580000,-0.00011792765216177902,-0.545436,-0.47872800000000004,11.532636,77.31600342319211,77.31600342319211,77.31600342319211,77.31600342319211,-0.002617993877991494,0.02949606435870417,-0.003316125578789226,69.0,2.39,0.0,2,2,40.0,4,0.005,23.52,-0.01,52.6489519,9.7460994,31.93,31.45,52.648938199999996,9.7460945,0.01884955592153876,-0.017278759594743863,4.246386070102204,-10.585,-21.015,0.06,23.516317,0.012847125,0.41620648
0 days 00:00:01.590000,-0.00011792765216177902,-2.660472,1.3734000000000002,8.138376000000001,77.38286264441591,77.38286264441591,77.38286264441591,77.38286264441591,-0.006981317007977318,-0.08290313946973064,0.0036651914291880917,69.0,2.39,0.0,2,2,40.0,4,0.0,23.515,-0.025,52.6489425,9.7460916,31.93,31.45,52.648936299999995,9.746092899999999,0.018675022996339326,-0.017627825445142728,4.246386070102204,-10.585,-21.015,0.06,23.510904,0.008207064,0.43941635
0 days 00:00:01.600000,-0.00011792765216177902,2.888064,-0.074556,9.370512000000002,77.68372913992297,77.68372913992297,77.68372913992297,77.68372913992297,-0.0017453292519943296,0.008552113334772213,0.0005235987755982988,69.0,2.39,0.0,2,2,40.0,4,0.005,23.490000000000002,-0.01,52.6489425,9.7460916,31.93,31.45,52.648934399999995,9.7460914,0.018675022996339326,-0.016755160819145562,4.246386070102204,-10.59,-21.005,0.015,23.486534,0.012535162,0.40339518
0 days 00:00:01.610000,-0.00023585530432355804,0.0981,-0.10202400000000002,10.108224,77.19565682498931,77.19565682498931,77.19565682498931,77.19565682498931,-0.007504915783575617,0.034557519189487726,-0.0005235987755982988,69.0,2.39,0.0,2,2,40.5,4,0.0,23.52,-0.005,52.6489425,9.7460916,31.93,31.45,52.6489325,9.7460898,0.018675022996339326,-0.016755160819145562,4.246386070102204,-10.59,-21.005,0.015,23.516615,0.0074520633,0.39899266
0 days 00:00:01.620000,-0.00023585530432355804,-2.1464280000000002,0.17265600000000003,8.189388000000001,77.21571459135643,77.21571459135643,77.21571459135643,77.21571459135643,0.004363323129985824,-0.04363323129985824,0.002617993877991494,69.0,2.39,0.0,2,2,41.0,4,0.0,23.52,-0.01,52.6489425,9.7460916,31.93,31.45,52.6489306,9.746088199999999,0.018675022996339326,-0.01710422666954443,4.246386070102204,-10.59,-21.005,0.015,23.516388,0.0076987105,0.41219845
0 days 00:00:01.630000,-0.00023585530432355804,1.5852960000000003,-0.03531600000000001,10.422144000000001,77.12211168164313,77.12211168164313,77.12211168164313,77.12211168164313,0.029670597283903602,0.027401669256310976,0.0,69.0,2.39,0.0,2,2,41.5,4,0.0,23.5,0.01,52.6489425,9.7460916,31.93,31.45,52.6489287,9.7460867,0.018675022996339326,-0.016755160819145562,4.246386070102204,-10.59,-21.005,0.015,23.49687,0.007165736,0.38366234
0 days 00:00:01.640000,-0.00023585530432355804,-0.769104,-0.05101200000000001,11.352132000000001,77.08199614890886,77.08199614890886,77.08199614890886,77.08199614890886,0.038571776469074684,0.02617993877991494,-0.0017453292519943296,69.0,2.39,0.0,2,2,42.0,4,-0.005,23.52,-0.0,52.648933199999995,9.746084,31.93,31.45,52.6489268,9.7460851,0.019024088846738195,-0.016929693744344994,4.246386070102204,-10.59,-21.005,0.015,23.51663,0.00257522,0.39819044
0 days 00:00:01.650000,-0.00023585530432355804,-1.9149120000000002,-0.180504,8.707356,77.24245827984595,77.24245827984595,77.24245827984595,77.24245827984595,0.030368728984701335,-0.05637413483941684,-0.00034906585039886593,69.0,2.39,0.0,2,2,42.5,4,0.005,23.505,-0.015,52.648933199999995,9.746084,31.87,31.44,52.648925,9.7460836,0.019198621771937627,-0.01710422666954443,4.246386070102204,-10.56,-20.990000000000002,-0.035,23.501303,0.0130046625,0.4168402
0 days 00:00:01.660000,-0.00023585530432355804,2.036556,0.266832,10.284804000000001,77.02850877192982,77.02850877192982,77.02850877192982,77.02850877192982,0.020071286397934793,0.016755160819145562,-0.002617993877991494,69.0,2.39,0.0,2,2,43.0,4,0.005,23.485,-0.0,52.648933199999995,9.746084,31.87,31.44,52.6489231,9.746082,0.019547687622336492,-0.016580627893946133,4.246386070102204,-10.56,-20.990000000000002,-0.035,23.481773,0.012610004,0.38920614
0 days 00:00:01.670000,-0.0003537829564853371,-1.51074,0.40417200000000003,10.398600000000002,77.28925973470261,77.28925973470261,77.28925973470261,77.28925973470261,0.008203047484373348,0.011693705988362009,-0.00017453292519943296,69.0,2.39,0.0,2,2,43.5,4,0.005,23.51,-0.005,52.648933199999995,9.746084,31.87,31.44,52.6489212,9.7460804,0.019722220547535925,-0.016755160819145562,4.246211537177004,-10.56,-20.990000000000002,-0.035,23.506617,0.012865607,0.3987185
0 days 00:00:01.680000,-0.00023585530432355804,-1.6794720000000003,0.592524,8.499384000000001,77.40960633290543,77.40960633290543,77.40960633290543,77.40960633290543,-0.011693705988362009,-0.0619591884457987,0.0013962634015954637,69.0,2.39,0.0,2,2,44.0,4,0.005,23.495,-0.01,52.648933199999995,9.746084,31.87,31.44,52.648919299999996,9.746078899999999,0.019896753472735357,-0.016755160819145562,4.246211537177004,-10.56,-20.990000000000002,-0.035,23.491535,0.013029659,0.40346327
0 days 00:00:01.690000,-0.00023585530432355804,2.585916,-0.015696,10.131768,77.27588789045785,77.27588789045785,77.27588789045785,77.27588789045785,-0.03228859116189509,0.019722220547535925,-0.0024434609527920616,69.0,2.39,0.0,2,2,44.5,4,0.01,23.48,-0.0,52.648923599999996,9.7460763,31.87,31.44,52.648917399999995,9.7460773,0.019722220547535925,-0.016231562043547264,4.246211537177004,-10.56,-20.990000000000002,-0.035,23.476906,0.017513713,0.380829
0 days 00:00:01.700000,-0.0003537829564853371,-1.067328,0.7063200000000002,10.037592000000002,77.06193838254171,77.06193838254171,77.06193838254171,77.06193838254171,-0.03717551306747922,0.007155849933176751,-0.0010471975511965976,69.0,2.39,0.0,2,2,45.0,4,-0.005,23.52,-0.0,52.648923599999996,9.7460763,31.85,31.43,52.6489155,9.7460758,0.019547687622336492,-0.016580627893946133,4.246386070102204,-10.58,-20.990000000000002,0.01,23.516768,0.0026232572,0.38998175
0 days 00:00:01.710000,-0.0004717106086471161,-0.894672,-0.027468000000000003,8.781912,77.21571459135643,77.21571459135643,77.21571459135643,77.21571459135643,-0.028797932657906436,-0.039968039870670144,-0.0006981317007977319,69.0,2.39,0.0,2,2,45.5,4,0.005,23.51,-0.005,52.648923599999996,9.7460763,31.85,31.43,52.6489136,9.746074199999999,0.019198621771937627,-0.016580627893946133,4.246211537177004,-10.58,-20.990000000000002,0.01,23.506687,0.012578076,0.39462328
0 days 00:00:01.720000,-0.0004717106086471161,1.6677000000000002,0.074556,9.680508000000001,77.06193838254171,77.06193838254171,77.06193838254171,77.06193838254171,-0.011519173063162576,0.020943951023931952,0.0012217304763960308,69.0,2.39,0.0,2,2,46.0,4,0.0,23.505,0.005,52.648923599999996,9.7460763,31.85,31.43,52.6489118,9.7460726,0.01884955592153876,-0.016231562043547264,4.246211537177004,-10.58,-20.990000000000002,0.01,23.501986,0.0070965653,0.3764399
0 days 00:00:01.730000,-0.0004717106086471161,-1.181124,0.08240400000000002,10.484928,77.27588789045785,77.27588789045785,77.27588789045785,77.27588789045785,0.005759586531581288,0.014137166941154071,0.0017453292519943296,69.0,2.39,0.0,2,2,46.5,4,0.0,23.52,0.01,52.648923599999996,9.7460763,31.85,31.43,52.6489099,9.7460711,0.01884955592153876,-0.0164060949687467,4.246211537177004,-10.58,-20.990000000000002,0.01,23.516998,0.0070842877,0.37578863
0 days 00:00:01.740000,-0.0004717106086471161,-1.4793480000000003,0.41594400000000004,9.825696,77.14885537013264,77.14885537013264,77.14885537013264,77.14885537013264,0.013264502315156903,-0.03769911184307752,0.0031415926535897933,69.0,2.39,0.0,2,2,47.0,4,0.0,23.51,-0.0,52.6489141,9.7460685,31.85,31.43,52.648908,9.746069499999999,0.01884955592153876,-0.016580627893946133,4.246386070102204,-10.58,-20.990000000000002,0.01,23.50677,0.0073469845,0.38972348
0 days 00:00:01.750000,-0.0004717106086471161,1.5342840000000002,-0.463032,10.547712000000002,77.32937526743689,77.32937526743689,77.32937526743689,77.32937526743689,0.0022689280275926286,0.024434609527920613,-0.0012217304763960308,69.0,2.39,0.0,2,2,47.5,4,0.005,23.495,-0.0,52.6489141,9.7460685,31.84,31.43,52.6489061,9.746068,0.01884955592153876,-0.016231562043547264,4.246386070102204,-10.56,-21.0,-0.0,23.491905,0.012186848,0.38118184
0 days 00:00:01.760000,-0.0004717106086471161,-1.035936,0.506196,9.221400000000001,76.99507916131792,76.99507916131792,76.99507916131792,76.99507916131792,-0.009948376736367679,-0.006981317007977318,0.0008726646259971648,69.0,2.39,0.0,2,2,48.0,4,0.0,23.51,-0.005,52.6489141,9.7460685,31.84,31.43,52.6489042,9.7460664,0.019024088846738195,-0.0164060949687467,4.246211537177004,-10.56,-21.0,-0.0,23.506754,0.0074320603,0.3906186
0 days 00:00:01.770000,-0.0004717106086471161,-0.16480800000000004,0.48657600000000006,9.193932,77.28925973470261,77.28925973470261,77.28925973470261,77.28925973470261,-0.016057029118347832,-0.016057029118347832,0.003490658503988659,69.0,2.39,0.0,2,2,48.5,4,0.0,23.5,-0.0,52.6489141,9.7460685,31.84,31.43,52.648902299999996,9.7460648,0.01884955592153876,-0.0164060949687467,4.246386070102204,-10.56,-21.0,-0.0,23.496838,0.0072665624,0.3854575
0 days 00:00:01.780000,-0.0004717106086471161,0.835812,0.612144,10.904796000000003,77.06193838254171,77.06193838254171,77.06193838254171,77.06193838254171,-0.015009831567151233,0.029670597283903602,0.0015707963267948967,69.0,2.39,0.0,2,2,49.0,4,0.005,23.5,0.005,52.6489141,9.7460685,31.84,31.43,52.648900399999995,9.7460633,0.018675022996339326,-0.016231562043547264,4.246386070102204,-10.56,-21.0,-0.0,23.496986,0.012028476,0.37626663
0 days 00:00:01.790000,-0.0004717106086471161,-1.7579520000000002,-0.031392,10.669356000000002,77.57675438596492,77.57675438596492,77.57675438596492,77.57675438596492,-0.028448866807507574,0.008726646259971648,-0.00034906585039886593,69.0,2.39,0.0,2,2,49.5,4,0.01,23.51,-0.005,52.648904599999995,9.7460607,31.84,31.43,52.648898599999995,9.7460617,0.018500490071139894,-0.0164060949687467,4.246386070102204,-10.56,-21.0,-0.0,23.506754,0.017225819,0.39043748
0 days 00:00:01.800000,-0.0004717106086471161,-0.737712,-0.49050000000000005,9.739368,77.24245827984595,77.24245827984595,77.24245827984595,77.24245827984595,-0.038571776469074684,-0.047647488579445195,-0.0041887902047863905,69.0,2.39,0.0,2,2,50.0,4,0.005,23.495,-0.015,52.648904599999995,9.7460607,31.84,31.42,52.648896699999995,9.746060199999999,0.01832595714594046,-0.016580627893946133,4.246386070102204,-10.555,-21.025000000000002,-0.01,23.491524,0.012412364,0.4043824
0 days 00:00:01.810000,-0.0004717106086471161,1.2596040000000002,0.9810000000000001,9.84924,77.38286264441591,77.38286264441591,77.38286264441591,77.38286264441591,-0.039793506945470715,-0.0054105206811824215,-0.0031415926535897933,69.0,2.39,0.0,2,2,50.0,4,0.0,23.485,-0.015,52.648904599999995,9.7460607,31.84,31.42,52.6488948,9.7460586,0.01780235837034216,-0.016057029118347832,4.246211537177004,-10.555,-21.025000000000002,-0.01,23.481733,0.0069796015,0.3920191
0 days 00:00:01.820000,-0.0005896382608088951,-0.3531600000000001,-0.145188,9.798228,76.9415917843389,76.9415917843389,76.9415917843389,76.9415917843389,-0.030368728984701335,0.0012217304763960308,-0.002967059728390361,69.0,2.39,0.0,2,2,50.0,4,0.01,23.5,-0.015,52.648904599999995,9.7460607,31.84,31.42,52.6488929,9.746057,0.017453292519943295,-0.016057029118347832,4.246211537177004,-10.555,-21.025000000000002,-0.01,23.49673,0.01684544,0.3920878
0 days 00:00:01.830000,-0.0005306744347280056,-0.6631560000000001,0.5886000000000001,9.135072000000001,77.12211168164313,77.12211168164313,77.12211168164313,77.12211168164313,-0.024783675378319478,-0.019722220547535925,0.0005235987755982988,69.0,2.39,0.0,2,2,50.0,4,0.01,23.5,-0.015,52.648904599999995,9.7460607,31.84,31.42,52.648891,9.746055499999999,0.01710422666954443,-0.016057029118347832,4.246211537177004,-10.555,-21.025000000000002,-0.01,23.49673,0.016708575,0.39209363
0 days 00:00:01.840000,-0.0004717106086471161,0.851508,0.15696000000000002,10.398600000000002,77.1622272143774,77.1622272143774,77.1622272143774,77.1622272143774,-0.02199114857512855,0.0291469985083053,-0.00034906585039886593,69.0,2.39,0.0,2,2,50.0,4,0.015,23.495,-0.005,52.6488954,9.7460534,31.84,31.42,52.6488891,9.7460539,0.016929693744344994,-0.0158824961931484,4.246211537177004,-10.555,-21.025000000000002,-0.01,23.491957,0.021399388,0.37783483
0 days 00:00:01.850000,-0.0005306744347280056,-1.2321360000000003,0.4434120000000001,10.457460000000001,77.27588789045785,77.27588789045785,77.27588789045785,77.27588789045785,-0.034033920413889425,0.0017453292519943296,-0.003316125578789226,69.0,2.39,0.0,2,2,50.0,4,0.01,23.51,-0.015,52.6488954,9.7460534,31.720000000000002,31.41,52.6488872,9.7460524,0.016755160819145562,-0.016231562043547264,4.246211537177004,-10.535,-21.005,0.055,23.506659,0.016643135,0.3963621
0 days 00:00:01.860000,-0.0005896382608088951,-0.6003720000000001,0.05886,9.311652,77.38286264441591,77.38286264441591,77.38286264441591,77.38286264441591,-0.04380776422505767,-0.04084070449666731,-0.0024434609527920616,69.0,2.39,0.0,2,2,50.0,4,0.015,23.5,-0.02,52.6488954,9.7460534,31.720000000000002,31.41,52.648885299999996,9.746050799999999,0.0164060949687467,-0.016231562043547264,4.246211537177004,-10.535,-21.005,0.055,23.49658,0.021583458,0.4011222
0 days 00:00:01.870000,-0.0004717106086471161,1.5852960000000003,0.8004960000000001,10.24164,77.10873983739837,77.10873983739837,77.10873983739837,77.10873983739837,-0.04852015320544236,0.012217304763960306,-0.0013962634015954637,69.0,2.39,0.0,2,2,50.0,4,0.015,23.495,-0.015,52.6488954,9.7460534,31.720000000000002,31.41,52.6488835,9.7460493,0.0158824961931484,-0.015707963267948967,4.246211537177004,-10.535,-21.005,0.055,23.491865,0.021097392,0.3837549
0 days 00:00:01.880000,-0.0004717106086471161,-0.9496080000000001,0.11772,10.437840000000001,77.01513692768506,77.01513692768506,77.01513692768506,77.01513692768506,-0.0466002910282486,0.007504915783575617,-0.0027925268031909274,69.0,2.39,0.0,2,2,50.0,4,0.02,23.51,-0.02,52.6488954,9.7460534,31.720000000000002,31.41,52.648881599999996,9.7460477,0.0153588974175501,-0.0158824961931484,4.246211537177004,-10.535,-21.005,0.055,23.506716,0.026039276,0.3930257
0 days 00:00:01.890000,-0.0004717106086471161,-1.110492,0.180504,8.503308,76.97502139495079,76.97502139495079,76.97502139495079,76.97502139495079,-0.047123889803846894,-0.03700098014227979,-0.0005235987755982988,69.0,2.39,0.0,2,2,50.0,4,0.02,23.505,-0.025,52.648885899999996,9.7460457,31.720000000000002,31.41,52.648879699999995,9.7460461,0.015009831567151233,-0.0158824961931484,4.246211537177004,-10.535,-21.005,0.055,23.501638,0.025975928,0.39795414
0 days 00:00:01.900000,-0.0005896382608088951,0.7848,0.23936400000000002,11.191248000000002,76.89479032948223,76.89479032948223,76.89479032948223,76.89479032948223,-0.034208453339088854,0.03560471674068432,-0.004537856055185257,69.0,2.39,0.0,2,2,50.0,4,0.015,23.490000000000002,-0.015,52.648885899999996,9.7460457,31.7,31.41,52.6488778,9.7460446,0.014660765716752368,-0.015533430342749533,4.246037004251805,-10.525,-20.990000000000002,0.025,23.486933,0.020567283,0.3796031
0 days 00:00:01.910000,-0.0005896382608088951,-1.6873200000000002,-0.0981,10.233792000000001,77.5165810868635,77.5165810868635,77.5165810868635,77.5165810868635,-0.029845130209103034,-0.016231562043547268,-0.002967059728390361,69.0,2.39,0.0,2,2,50.0,4,0.015,23.495,-0.025,52.648885899999996,9.7460457,31.7,31.41,52.6488759,9.746043,0.014311699866353503,-0.0158824961931484,4.246037004251805,-10.525,-20.990000000000002,0.025,23.49164,0.020696336,0.397885
0 days 00:00:01.920000,-0.0005896382608088951,0.5846760000000001,-0.08632800000000002,10.119996,77.42966409927257,77.42966409927257,77.42966409927257,77.42966409927257,-0.020943951023931952,-0.018500490071139894,-0.004014257279586958,69.0,2.39,0.0,2,2,50.0,4,0.015,23.48,-0.03,52.648885899999996,9.7460457,31.7,31.41,52.648874,9.746041499999999,0.013962634015954637,-0.015707963267948967,4.246037004251805,-10.525,-20.990000000000002,0.025,23.476631,0.020566713,0.39855582
0 days 00:00:01.930000,-0.0004717106086471161,0.7063200000000002,0.25506,10.100376,77.68372913992297,77.68372913992297,77.68372913992297,77.68372913992297,-0.014311699866353502,0.015009831567151233,-0.00471238898038469,69.0,2.39,0.0,2,2,50.0,4,0.015,23.490000000000002,-0.035,52.648885899999996,9.7460457,31.7,31.41,52.6488721,9.7460399,0.013788101090755204,-0.015533430342749533,4.246037004251805,-10.525,-20.990000000000002,0.025,23.486622,0.02051173,0.39961654
0 days 00:00:01.940000,-0.0004717106086471161,-0.714168,-0.655308,10.700748,77.21571459135643,77.21571459135643,77.21571459135643,77.21571459135643,-0.014311699866353502,0.01064650843716541,-0.008203047484373348,69.0,2.39,0.0,2,2,50.0,4,0.015,23.5,-0.035,52.6488765,9.7460378,31.7,31.41,52.6488703,9.7460384,0.013613568165555772,-0.015707963267948967,4.245862471326605,-10.525,-20.990000000000002,0.025,23.496552,0.020499922,0.40387595
0 days 00:00:01.950000,-0.0004717106086471161,-0.612144,0.48657600000000006,8.067744000000001,77.06193838254171,77.06193838254171,77.06193838254171,77.06193838254171,-0.02722713633111154,-0.034033920413889425,-0.00645771823237902,69.0,2.39,0.0,2,2,50.0,4,0.015,23.495,-0.05,52.6488765,9.7460378,31.69,31.400000000000002,52.6488684,9.746036799999999,0.013439035240356337,-0.015707963267948967,4.245862471326605,-10.535,-21.025000000000002,0.085,23.491316,0.020629933,0.41879788
0 days 00:00:01.960000,-0.0004717106086471161,1.4322600000000003,0.9221400000000001,10.367208,76.6206675224647,76.6206675224647,76.6206675224647,76.6206675224647,-0.02391101075232232,0.041887902047863905,-0.004886921905584123,69.0,2.39,0.0,2,2,50.0,4,0.02,23.490000000000002,-0.03,52.6488765,9.7460378,31.69,31.400000000000002,52.6488665,9.746035299999999,0.013089969389957472,-0.015533430342749533,4.245862471326605,-10.535,-21.025000000000002,0.085,23.4867,0.02516687,0.39456636
0 days 00:00:01.970000,-0.0004717106086471161,-1.2674520000000002,-0.15696000000000002,10.586952000000002,77.06193838254171,77.06193838254171,77.06193838254171,77.06193838254171,-0.017976891295541593,0.011693705988362009,-0.002967059728390361,69.0,2.39,0.0,2,2,50.0,4,0.03,23.505,-0.035,52.6488765,9.7460378,31.69,31.400000000000002,52.648864599999996,9.7460337,0.012915436464758038,-0.0158824961931484,4.245687938401406,-10.535,-21.025000000000002,0.085,23.50148,0.0352707,0.40787646
0 days 00:00:01.980000,-0.0004717106086471161,-1.1418840000000001,-0.08240400000000002,8.16192,76.97502139495079,76.97502139495079,76.97502139495079,76.97502139495079,-0.010821041362364843,-0.023038346126325153,-0.003316125578789226,69.0,2.39,0.0,2,2,50.0,4,0.025,23.495,-0.045,52.6488765,9.7460378,31.69,31.400000000000002,52.648862699999995,9.746032099999999,0.012740903539558606,-0.016057029118347832,4.245687938401406,-10.535,-21.025000000000002,0.085,23.49125,0.030377518,0.4218851
0 days 00:00:01.990000,-0.0004717106086471161,1.2792240000000001,0.4316400000000001,9.727596,77.5165810868635,77.5165810868635,77.5165810868635,77.5165810868635,-0.002967059728390361,0.03368485456349056,-0.004014257279586958,69.0,2.39,0.0,2,2,50.0,4,0.025,23.485,-0.03,52.6488671,9.74603,31.69,31.400000000000002,52.648860799999994,9.7460306,0.012566370614359171,-0.015707963267948967,4.245687938401406,-10.535,-21.025000000000002,0.085,23.481632,0.0300104,0.398537
0 days 00:00:02,-0.0004717106086471161,-0.8829000000000001,-0.6278400000000001,10.665432,77.24245827984595,77.24245827984595,77.24245827984595,77.24245827984595,-0.012391837689159739,0.014137166941154071,-0.005061454830783556,69.0,2.39,0.0,2,2,50.0,4,0.03,23.505,-0.03,52.6488671,9.74603,31.7,31.39,52.648858999999995,9.746029,0.012566370614359171,-0.016231562043547264,4.245687938401406,-10.53,-21.03,0.09,23.501417,0.035168584,0.4110927
0 days 00:00:02.010000,-0.0004717106086471161,-1.2870720000000002,1.1301120000000002,9.441144000000001,77.27588789045785,77.27588789045785,77.27588789045785,77.27588789045785,-0.020245819323134222,-0.033510321638291124,-0.0013962634015954637,69.0,2.39,0.0,2,2,50.0,4,0.025,23.5,-0.035,52.6488671,9.74603,31.7,31.39,52.6488571,9.7460275,0.012391837689159739,-0.0164060949687467,4.245687938401406,-10.53,-21.03,0.09,23.496264,0.030208977,0.42017916
0 days 00:00:02.020000,-0.0004717106086471161,1.4989680000000003,-0.74556,10.641888,77.06193838254171,77.06193838254171,77.06193838254171,77.06193838254171,-0.003490658503988659,0.01291543646475804,-0.002617993877991494,69.0,2.39,0.0,2,2,50.0,4,0.035,23.485,-0.035,52.6488671,9.74603,31.7,31.39,52.6488552,9.7460259,0.012217304763960308,-0.016057029118347832,4.245687938401406,-10.53,-21.03,0.09,23.481411,0.040031753,0.4116203
0 days 00:00:02.030000,-0.0005896382608088951,-0.306072,0.05886,9.774684,77.27588789045785,77.27588789045785,77.27588789045785,77.27588789045785,0.004363323129985824,0.016755160819145562,-0.0006981317007977319,69.0,2.39,0.0,2,2,50.0,4,0.025,23.505,-0.04,52.6488671,9.74603,31.7,31.39,52.6488533,9.7460243,0.012217304763960308,-0.016057029118347832,4.245513405476206,-10.53,-21.03,0.09,23.501326,0.0300975,0.41706255
0 days 00:00:02.040000,-0.0004717106086471161,-0.8632800000000002,0.278604,9.448992,77.12211168164313,77.12211168164313,77.12211168164313,77.12211168164313,0.01780235837034216,0.0036651914291880917,-0.0015707963267948967,69.0,2.39,0.0,2,2,50.0,4,0.025,23.5,-0.04,52.6488575,9.7460228,31.7,31.39,52.6488514,9.7460228,0.012217304763960308,-0.016231562043547264,4.245513405476206,-10.53,-21.03,0.09,23.496256,0.030146621,0.42108282
0 days 00:00:02.050000,-0.0004717106086471161,0.7180920000000001,-0.7180920000000001,9.939492000000001,77.08199614890886,77.08199614890886,77.08199614890886,77.08199614890886,0.019198621771937627,0.034732052114687155,-0.002617993877991494,69.0,2.39,0.0,2,2,50.0,4,0.04,23.495,-0.04,52.6488575,9.7460228,31.900000000000002,31.39,52.6488495,9.7460212,0.012391837689159739,-0.0164060949687467,4.245513405476206,-10.53,-21.03,0.075,23.491182,0.04526876,0.42491022
0 days 00:00:02.060000,-0.0004717106086471161,-0.42771600000000004,-0.368856,8.919252,76.85467479674796,76.85467479674796,76.85467479674796,76.85467479674796,0.014835298641951801,0.016057029118347832,-0.0038397243543875246,69.0,2.39,0.0,2,2,50.0,4,0.03,23.505,-0.04,52.6488575,9.7460228,31.900000000000002,31.39,52.648847599999996,9.7460197,0.012566370614359171,-0.016755160819145562,4.245513405476206,-10.53,-21.03,0.075,23.50103,0.035448853,0.43339476
0 days 00:00:02.070000,-0.0004717106086471161,-0.635688,0.612144,8.7309,76.97502139495079,76.97502139495079,76.97502139495079,76.97502139495079,0.01658062789394613,0.0013962634015954637,-0.0015707963267948967,69.0,2.39,0.0,2,2,50.0,4,0.025,23.5,-0.03,52.6488575,9.7460228,31.900000000000002,31.39,52.648845699999995,9.746018099999999,0.012740903539558606,-0.016755160819145562,4.245513405476206,-10.53,-21.03,0.075,23.496199,0.030396447,0.42337072
0 days 00:00:02.080000,-0.0004717106086471161,-0.16873200000000002,-0.192276,10.673280000000002,77.21571459135643,77.21571459135643,77.21571459135643,77.21571459135643,0.03630284844148206,0.030717794835100197,-0.0019198621771937623,69.0,2.39,0.0,2,2,50.0,4,0.03,23.495,-0.02,52.6488575,9.7460228,31.900000000000002,31.39,52.648843899999996,9.746016599999999,0.012915436464758038,-0.016929693744344994,4.245513405476206,-10.53,-21.03,0.075,23.491295,0.035392657,0.41731903
0 days 00:00:02.090000,-0.0004717106086471161,-0.9574560000000001,-0.357084,10.567332000000002,77.24245827984595,77.24245827984595,77.24245827984595,77.24245827984595,0.05305800926062761,-0.003316125578789226,0.00034906585039886593,69.0,2.39,0.0,2,2,50.0,4,0.03,23.495,-0.03,52.648848099999995,9.746014899999999,31.900000000000002,31.39,52.648841999999995,9.746015,0.013264502315156905,-0.01710422666954443,4.245513405476206,-10.53,-21.03,0.075,23.49105,0.035725333,0.4314039
0 days 00:00:02.100000,-0.0003537829564853371,1.0516320000000001,-0.153036,8.49546,77.59681215233205,77.59681215233205,77.59681215233205,77.59681215233205,0.045029494701453704,-0.005934119456780722,-0.0005235987755982988,69.0,2.39,0.0,2,2,50.0,4,0.03,23.48,-0.04,52.648848099999995,9.746014899999999,31.92,31.39,52.6488401,9.7460135,0.013613568165555772,-0.01710422666954443,4.245513405476206,-10.56,-20.985,0.035,23.47588,0.036008537,0.44113252
0 days 00:00:02.110000,-0.0004717106086471161,1.035936,0.45518400000000003,9.138996,76.89479032948223,76.89479032948223,76.89479032948223,76.89479032948223,0.038397243543875255,0.051487212933832724,-0.0024434609527920616,69.0,2.39,0.0,2,2,50.0,4,0.03,23.490000000000002,-0.025,52.648848099999995,9.746014899999999,31.92,31.39,52.6488382,9.7460119,0.014137166941154071,-0.016929693744344994,4.245513405476206,-10.56,-20.985,0.035,23.48621,0.03597196,0.42218962
0 days 00:00:02.120000,-0.0004717106086471161,-2.13858,0.1962,9.452916,76.97502139495079,76.97502139495079,76.97502139495079,76.97502139495079,0.03682644721708035,0.008377580409572781,0.00034906585039886593,69.0,2.39,0.0,2,2,50.0,4,0.035,23.505,-0.02,52.648848099999995,9.746014899999999,31.92,31.39,52.6488363,9.7460104,0.014486232791552936,-0.017453292519943295,4.245338872551008,-10.56,-20.985,0.035,23.50107,0.041228317,0.4296636
0 days 00:00:02.130000,-0.0003537829564853371,-0.361008,-0.52974,8.695584000000002,76.70758451005563,76.70758451005563,76.70758451005563,76.70758451005563,0.034033920413889425,-0.006108652381980153,0.0010471975511965976,69.0,2.39,0.0,2,2,50.0,4,0.035,23.485,-0.015,52.648848099999995,9.746014899999999,31.92,31.39,52.6488344,9.7460088,0.014835298641951801,-0.017627825445142728,4.245338872551008,-10.56,-20.985,0.035,23.481087,0.04135975,0.42839932
0 days 00:00:02.140000,-0.0003537829564853371,0.8868240000000002,0.07848000000000001,10.096452000000001,77.14216944801026,77.14216944801026,77.14216944801026,77.14216944801026,0.04782202150464464,0.039095375244672985,0.0008726646259971648,69.0,2.39,0.0,2,2,50.0,4,0.025,23.48,-0.005,52.6488387,9.746006999999999,31.92,31.39,52.6488325,9.7460072,0.015184364492350668,-0.017453292519943295,4.245338872551008,-10.56,-20.985,0.035,23.476336,0.031295072,0.4143543
0 days 00:00:02.150000,-0.0004717106086471161,-0.8240400000000001,0.52974,9.464688,76.92153401797175,76.92153401797175,76.92153401797175,76.92153401797175,0.06457718232379019,0.002617993877991494,0.002967059728390361,69.0,2.39,0.0,2,2,50.0,4,0.02,23.495,-0.005,52.6488387,9.746006999999999,31.91,31.38,52.6488307,9.7460057,0.015707963267948967,-0.017976891295541596,4.245513405476206,-10.595,-20.955000000000002,-0.075,23.491116,0.026709951,0.42697662
0 days 00:00:02.160000,-0.0003537829564853371,0.592524,-0.7926480000000001,9.00558,77.40960633290543,77.40960633290543,77.40960633290543,77.40960633290543,0.07173303225696695,0.030717794835100197,0.0022689280275926286,69.0,2.39,0.0,2,2,50.0,4,0.02,23.490000000000002,-0.0,52.6488387,9.746006999999999,31.91,31.38,52.6488288,9.7460041,0.0164060949687467,-0.017976891295541596,4.245513405476206,-10.595,-20.955000000000002,-0.075,23.486204,0.026924543,0.4218695
0 days 00:00:02.170000,-0.0003537829564853371,-0.4198680000000001,-0.7063200000000002,9.939492000000001,77.21571459135643,77.21571459135643,77.21571459135643,77.21571459135643,0.07522369076095561,0.041189770347066175,0.0008726646259971648,69.0,2.39,0.0,2,2,50.0,4,0.01,23.495,0.01,52.6488387,9.746006999999999,31.91,31.38,52.648826899999996,9.746002599999999,0.01710422666954443,-0.01832595714594046,4.245513405476206,-10.595,-20.955000000000002,-0.075,23.49124,0.017191298,0.4203134
0 days 00:00:02.180000,-0.0003537829564853371,-1.6794720000000003,0.9339120000000001,7.989264,77.28925973470261,77.28925973470261,77.28925973470261,77.28925973470261,0.07033676885537149,-0.017453292519943295,0.006283185307179587,69.0,2.39,0.0,2,2,50.0,4,0.0,23.495,0.005,52.6488387,9.746006999999999,31.91,31.38,52.648824999999995,9.746001,0.017976891295541596,-0.018675022996339326,4.245513405476206,-10.595,-20.955000000000002,-0.075,23.490997,0.007796968,0.43367496
0 days 00:00:02.190000,-0.0003537829564853371,1.750104,-1.1772000000000002,10.096452000000001,76.92153401797175,76.92153401797175,76.92153401797175,76.92153401797175,0.07347836150896127,0.04363323129985824,0.0024434609527920616,69.0,2.39,0.0,2,2,50.0,4,0.01,23.48,0.025,52.6488294,9.745999099999999,31.91,31.38,52.648823099999994,9.7459995,0.018675022996339326,-0.018500490071139894,4.245513405476206,-10.595,-20.955000000000002,-0.075,23.476442,0.017642826,0.40911284
0 days 00:00:02.200000,-0.0003537829564853371,-0.6631560000000001,0.7298640000000001,10.072908000000002,76.99507916131792,76.99507916131792,76.99507916131792,76.99507916131792,0.06649704450098395,0.035953782591083186,0.0038397243543875246,69.0,2.39,0.0,2,2,50.0,4,-0.01,23.505,0.025,52.6488294,9.745999099999999,31.91,31.38,52.6488212,9.745997899999999,0.01937315469713706,-0.019024088846738195,4.245687938401406,-10.655,-20.97,-0.07,23.50122,-0.0018204765,0.42225325
0 days 00:00:02.210000,-0.0004717106086471161,-1.05948,-0.918216,9.456840000000001,77.08199614890886,77.08199614890886,77.08199614890886,77.08199614890886,0.07417649320975901,-0.004886921905584123,0.0013962634015954637,69.0,2.39,0.0,2,2,50.5,4,-0.005,23.505,0.02,52.6488294,9.745999099999999,31.91,31.38,52.6488194,9.7459963,0.020071286397934793,-0.01937315469713706,4.245687938401406,-10.655,-20.97,-0.07,23.500977,0.0037382792,0.43535388
0 days 00:00:02.220000,-0.0004717106086471161,0.7298640000000001,1.361628,7.722432,76.99507916131792,76.99507916131792,76.99507916131792,76.99507916131792,0.07557275661135446,0.00645771823237902,0.0038397243543875246,69.0,2.39,0.0,2,2,51.0,4,-0.015,23.495,0.025,52.6488294,9.745999099999999,31.91,31.38,52.6488175,9.7459948,0.02076941809873252,-0.01937315469713706,4.245687938401406,-10.655,-20.97,-0.07,23.491077,-0.006063474,0.43036723
0 days 00:00:02.230000,-0.00023585530432355804,1.0084680000000001,-0.5493600000000001,9.798228,76.89479032948223,76.89479032948223,76.89479032948223,76.89479032948223,0.06736970912698112,0.08255407361933179,0.0031415926535897933,69.0,2.39,0.0,2,2,51.5,4,-0.005,23.505,0.045,52.6488294,9.745999099999999,31.91,31.38,52.6488156,9.7459932,0.021467549799530253,-0.019547687622336492,4.245687938401406,-10.655,-20.97,-0.07,23.501389,0.003897647,0.41445956
0 days 00:00:02.240000,-0.0003537829564853371,-2.8056600000000005,-0.5650560000000001,11.485548000000001,77.54332477535301,77.54332477535301,77.54332477535301,77.54332477535301,0.05235987755982988,0.014486232791552938,0.0036651914291880917,69.0,2.39,0.0,2,2,52.0,4,-0.015,23.515,0.045,52.6488204,9.745992,31.91,31.38,52.6488137,9.7459916,0.022165681500327987,-0.020245819323134222,4.245687938401406,-10.655,-20.97,-0.07,23.511093,-0.005442423,0.43128365
0 days 00:00:02.250000,-0.0003537829564853371,-1.1968200000000002,0.4316400000000001,9.056592,77.10873983739837,77.10873983739837,77.10873983739837,77.10873983739837,0.03769911184307752,-0.06806784082777885,0.0010471975511965976,69.0,2.39,0.0,2,2,52.5,4,-0.04,23.485,0.03,52.6488204,9.745992,31.69,31.37,52.6488118,9.7459901,0.022863813201125717,-0.020420352248333655,4.245862471326605,-10.735,-20.955000000000002,-0.11,23.480717,-0.02971213,0.4503419
0 days 00:00:02.260000,-0.0003537829564853371,2.817432,0.502272,9.186084000000001,77.46309370988446,77.46309370988446,77.46309370988446,77.46309370988446,0.020943951023931952,0.029670597283903602,-0.002967059728390361,69.0,2.39,0.0,2,2,53.0,4,-0.035,23.475,0.035,52.6488204,9.745992,31.69,31.37,52.648809899999996,9.7459885,0.023387411976724018,-0.019722220547535925,4.245687938401406,-10.735,-20.955000000000002,-0.11,23.471125,-0.024982559,0.42865744
0 days 00:00:02.270000,-0.0003537829564853371,-1.2556800000000001,0.533664,7.957872000000001,76.89479032948223,76.89479032948223,76.89479032948223,76.89479032948223,0.01658062789394613,0.0012217304763960308,0.002617993877991494,69.0,2.39,0.0,2,2,53.5,4,-0.03,23.505,0.045,52.6488204,9.745992,31.69,31.37,52.6488081,9.745987,0.02356194490192345,-0.020071286397934793,4.245687938401406,-10.735,-20.955000000000002,-0.11,23.50117,-0.01993747,0.4273413
0 days 00:00:02.280000,-0.0004717106086471161,0.28252800000000006,0.17265600000000003,8.26002,76.8413029525032,76.8413029525032,76.8413029525032,76.8413029525032,0.013962634015954637,-0.00942477796076938,0.005934119456780722,69.0,2.39,0.0,2,2,54.0,4,-0.03,23.495,0.06,52.6488204,9.745992,31.69,31.37,52.648806199999996,9.7459854,0.023736477827122883,-0.020071286397934793,4.245687938401406,-10.735,-20.955000000000002,-0.11,23.491472,-0.020223593,0.41215146
0 days 00:00:02.290000,-0.0004717106086471161,0.9378360000000001,0.545436,10.335816000000001,76.72764227642276,76.72764227642276,76.72764227642276,76.72764227642276,0.011868238913561443,0.06126105674500097,0.005585053606381855,69.0,2.39,0.0,2,2,54.5,4,-0.03,23.5,0.08,52.6488109,9.745984199999999,31.69,31.37,52.648804299999995,9.7459838,0.023911010752322315,-0.019896753472735357,4.245687938401406,-10.735,-20.955000000000002,-0.11,23.496939,-0.020725386,0.38816515
0 days 00:00:02.300000,-0.0005306744347280056,-2.8252800000000007,0.17265600000000003,9.798228,76.97502139495079,76.97502139495079,76.97502139495079,76.97502139495079,0.005235987755982988,0.006632251157578452,0.0036651914291880917,69.0,2.39,0.0,2,2,55.0,4,-0.05,23.52,0.07,52.6488109,9.745984199999999,31.68,31.36,52.6488024,9.7459823,0.02408554367752175,-0.020594885173533087,4.245862471326605,-10.685,-20.95,-0.045,23.516455,-0.04000608,0.41545627
0 days 00:00:02.310000,-0.0005896382608088951,-1.035936,-0.24328800000000003,10.367208,77.38286264441591,77.38286264441591,77.38286264441591,77.38286264441591,0.018675022996339326,-0.04834562028024293,0.0013962634015954637,69.0,2.39,0.0,2,2,55.5,4,-0.05,23.495,0.07,52.6488109,9.745984199999999,31.68,31.36,52.6488005,9.745980699999999,0.024260076602721184,-0.02076941809873252,4.245862471326605,-10.685,-20.95,-0.045,23.491388,-0.039846603,0.41904736
0 days 00:00:02.320000,-0.0005896382608088951,1.90314,0.46695600000000004,10.210248,77.42966409927257,77.42966409927257,77.42966409927257,77.42966409927257,0.012566370614359173,0.010471975511965976,0.00034906585039886593,69.0,2.39,0.0,2,2,56.0,4,-0.055,23.485,0.065,52.6488109,9.745984199999999,31.68,31.36,52.6487986,9.745979199999999,0.024434609527920616,-0.020245819323134222,4.245862471326605,-10.685,-20.95,-0.045,23.481504,-0.044955302,0.41167513
0 days 00:00:02.330000,-0.0005896382608088951,-0.7180920000000001,-0.05886,10.75176,77.54332477535301,77.54332477535301,77.54332477535301,77.54332477535301,0.013439035240356337,-0.006806784082777885,-0.0027925268031909274,69.0,2.39,0.0,2,2,56.5,4,-0.05,23.505,0.06,52.6488109,9.745984199999999,31.68,31.36,52.6487968,9.7459776,0.024434609527920616,-0.020420352248333655,4.245862471326605,-10.685,-20.95,-0.045,23.501324,-0.03972455,0.42105576
0 days 00:00:02.340000,-0.0005896382608088951,-1.0084680000000001,0.596448,8.130528000000002,77.24245827984595,77.24245827984595,77.24245827984595,77.24245827984595,-0.0015707963267948967,-0.07225663103256524,-0.0013962634015954637,69.0,2.39,0.0,2,2,57.0,4,-0.055,23.5,0.05,52.6488015,9.7459764,31.68,31.36,52.6487949,9.745975999999999,0.024609142453120045,-0.020245819323134222,4.245862471326605,-10.685,-20.95,-0.045,23.496197,-0.044506952,0.4269789
0 days 00:00:02.350000,-0.0005896382608088951,2.185668,0.317844,10.068984,77.08199614890886,77.08199614890886,77.08199614890886,77.08199614890886,-0.02129301687433082,0.03752457891787808,-0.003316125578789226,69.0,2.39,0.0,2,2,57.5,4,-0.045,23.495,0.07,52.6488015,9.7459764,31.68,31.35,52.648793,9.745974499999999,0.024609142453120045,-0.019547687622336492,4.245862471326605,-10.61,-20.985,-0.065,23.49188,-0.03540806,0.39024657
0 days 00:00:02.360000,-0.0004717106086471161,-2.005164,0.51012,11.681748,76.89479032948223,76.89479032948223,76.89479032948223,76.89479032948223,-0.03612831551628262,0.016406094968746697,-0.0031415926535897933,69.0,2.39,0.0,2,2,58.0,4,-0.045,23.52,0.065,52.6488015,9.7459764,31.68,31.35,52.6487911,9.7459729,0.024434609527920616,-0.019896753472735357,4.245687938401406,-10.61,-20.985,-0.065,23.516638,-0.035141535,0.4039328
0 days 00:00:02.370000,-0.0004717106086471161,-1.655928,-0.290376,9.190008,77.24245827984595,77.24245827984595,77.24245827984595,77.24245827984595,-0.04642575810304917,-0.08185594191853407,-0.003316125578789226,69.0,2.39,0.0,2,2,58.5,4,-0.04,23.5,0.05,52.6488015,9.7459764,31.68,31.35,52.648789199999996,9.7459714,0.02408554367752175,-0.020071286397934793,4.245687938401406,-10.61,-20.985,-0.065,23.496271,-0.029833622,0.4224947
0 days 00:00:02.380000,-0.0005896382608088951,3.0254040000000004,0.7769520000000001,10.728216000000002,76.95496362858366,76.95496362858366,76.95496362858366,76.95496362858366,-0.05811946409141117,0.009250245035569947,-0.006806784082777885,69.0,2.39,0.0,2,2,59.0,4,-0.045,23.485,0.055,52.6488015,9.7459764,31.68,31.35,52.648787399999996,9.7459698,0.02356194490192345,-0.01937315469713706,4.245687938401406,-10.61,-20.985,-0.065,23.48166,-0.035564538,0.40090954
0 days 00:00:02.390000,-0.0005896382608088951,-2.087568,0.6749280000000001,8.734824000000001,77.35611895592639,77.35611895592639,77.35611895592639,77.35611895592639,-0.05969026041820607,-0.04206243497306335,-0.006806784082777885,69.0,2.39,0.0,2,2,59.5,4,-0.035,23.52,0.045,52.6487919,9.745968699999999,31.68,31.34,52.648785499999995,9.7459682,0.02303834612632515,-0.01937315469713706,4.245687938401406,-10.61,-20.985,-0.065,23.516459,-0.025531163,0.4113338
0 days 00:00:02.400000,-0.0007075659129706742,-1.4715,0.42379200000000006,9.774684,77.32937526743689,77.32937526743689,77.32937526743689,77.32937526743689,-0.040491638646268445,-0.059341194567807204,-0.006632251157578452,69.0,2.39,0.0,2,2,60.0,4,-0.035,23.495,0.055,52.6487919,9.745968699999999,31.650000000000002,31.34,52.648783599999994,9.7459667,0.022514747350726852,-0.019024088846738195,4.245513405476206,-10.58,-20.965,-0.045,23.491796,-0.02616713,0.39264262
0 days 00:00:02.410000,-0.0005896382608088951,0.5493600000000001,0.125568,11.104920000000002,77.40960633290543,77.40960633290543,77.40960633290543,77.40960633290543,-0.033859387488689996,-0.028797932657906436,-0.004014257279586958,69.0,2.39,0.0,2,2,60.0,4,-0.03,23.485,0.055,52.6487919,9.745968699999999,31.650000000000002,31.34,52.6487817,9.7459651,0.02199114857512855,-0.01832595714594046,4.245513405476206,-10.58,-20.965,-0.045,23.482065,-0.021738587,0.37593913
0 days 00:00:02.420000,-0.0004717106086471161,0.149112,-0.019620000000000002,11.709216000000001,77.32937526743689,77.32937526743689,77.32937526743689,77.32937526743689,-0.03874630939427412,-0.03508111796508603,-0.006632251157578452,69.0,2.39,0.0,2,2,60.0,4,-0.03,23.490000000000002,0.045,52.6487919,9.745968699999999,31.650000000000002,31.34,52.6487798,9.7459635,0.021642082724729686,-0.017976891295541596,4.245338872551008,-10.58,-20.965,-0.045,23.487013,-0.021828882,0.37782255
0 days 00:00:02.430000,-0.0004717106086471161,-0.4434120000000001,0.722016,8.927100000000001,77.48315147625159,77.48315147625159,77.48315147625159,77.48315147625159,-0.04520402762665313,-0.07923794804054256,-0.0054105206811824215,69.0,2.39,0.0,2,2,60.0,4,-0.03,23.495,0.025,52.6487919,9.745968699999999,31.650000000000002,31.34,52.6487779,9.745961999999999,0.02129301687433082,-0.017627825445142728,4.245338872551008,-10.58,-20.965,-0.045,23.49179,-0.021707686,0.38969877
0 days 00:00:02.440000,-0.0004717106086471161,1.7069400000000003,0.8985960000000001,10.253412000000003,76.86136071887034,76.86136071887034,76.86136071887034,76.86136071887034,-0.03892084231947355,-0.0013962634015954637,-0.007330382858376183,69.0,2.39,0.0,2,2,60.0,4,-0.025,23.490000000000002,0.035,52.6487817,9.7459591,31.650000000000002,31.34,52.6487761,9.7459604,0.02076941809873252,-0.016929693744344994,4.245164339625807,-10.58,-20.965,-0.045,23.487226,-0.01746282,0.36310548
0 days 00:00:02.450000,-0.0004717106086471161,-1.3263120000000002,0.16873200000000002,11.116692,77.14885537013264,77.14885537013264,77.14885537013264,77.14885537013264,-0.03752457891787808,-0.006806784082777885,-0.007155849933176751,69.0,2.39,0.0,2,2,60.0,4,-0.015,23.515,0.035,52.6487817,9.7459591,32.11,31.330000000000002,52.6487742,9.7459588,0.020420352248333655,-0.016929693744344994,4.245164339625807,-10.535,-20.945,-0.07,23.512222,-0.007583008,0.36331832
0 days 00:00:02.460000,-0.0004717106086471161,-1.80504,-0.11379600000000001,10.414296000000002,76.97502139495079,76.97502139495079,76.97502139495079,76.97502139495079,-0.03735004599267865,-0.06579891280018622,-0.00890117918517108,69.0,2.39,0.0,2,2,60.0,4,-0.015,23.505,0.02,52.6487817,9.7459591,32.11,31.330000000000002,52.6487723,9.745957299999999,0.020071286397934793,-0.016929693744344994,4.245164339625807,-10.535,-20.945,-0.07,23.50197,-0.0074122213,0.37814128
0 days 00:00:02.470000,-0.0004717106086471161,0.64746,0.027468000000000003,11.418840000000001,77.35611895592639,77.35611895592639,77.35611895592639,77.35611895592639,-0.03368485456349056,-0.03874630939427412,-0.008726646259971648,69.0,2.39,0.0,2,2,60.0,4,-0.015,23.490000000000002,0.015,52.6487817,9.7459591,32.11,31.330000000000002,52.6487704,9.7459557,0.019722220547535925,-0.016231562043547264,4.244989806700609,-10.535,-20.945,-0.07,23.48715,-0.0077739977,0.3664892
0 days 00:00:02.480000,-0.0004717106086471161,0.08240400000000002,0.788724,10.783152,77.21571459135643,77.21571459135643,77.21571459135643,77.21571459135643,-0.03892084231947355,-0.026529004630313806,-0.008203047484373348,69.0,2.39,0.0,2,2,60.0,4,-0.015,23.495,-0.0,52.6487817,9.7459591,32.11,31.330000000000002,52.648768499999996,9.745954099999999,0.01937315469713706,-0.0158824961931484,4.244989806700609,-10.535,-20.945,-0.07,23.492037,-0.0077686696,0.37336415
0 days 00:00:02.490000,-0.0003537829564853371,-0.7926480000000001,-0.317844,10.151388,77.5165810868635,77.5165810868635,77.5165810868635,77.5165810868635,-0.034557519189487726,-0.044331363000655974,-0.004537856055185257,69.0,2.39,0.0,2,2,60.0,4,-0.005,23.5,-0.01,52.648772099999995,9.7459514,32.11,31.330000000000002,52.648766599999995,9.745952599999999,0.019024088846738195,-0.015533430342749533,4.244815273775409,-10.535,-20.945,-0.07,23.497011,0.0021348835,0.375047
0 days 00:00:02.500000,-0.0003537829564853371,0.502272,-0.5375880000000001,10.708596000000002,77.18228498074454,77.18228498074454,77.18228498074454,77.18228498074454,-0.009773843811168246,-0.03438298626428829,-0.007155849933176751,69.0,2.39,0.0,2,2,60.0,4,0.0,23.485,-0.015,52.648772099999995,9.7459514,32.08,31.330000000000002,52.6487647,9.745951,0.018500490071139894,-0.015009831567151233,4.244815273775409,-10.5,-20.96,0.01,23.48213,0.006798375,0.3674281
0 days 00:00:02.510000,-0.0003537829564853371,0.25506,1.0320120000000002,8.821152,77.40960633290543,77.40960633290543,77.40960633290543,77.40960633290543,-0.010297442586766544,-0.01361356816555577,-0.005934119456780722,69.0,2.39,0.0,2,2,60.0,4,-0.005,23.490000000000002,-0.02,52.648772099999995,9.7459514,32.08,31.330000000000002,52.6487628,9.745949399999999,0.018500490071139894,-0.014660765716752368,4.24464074085021,-10.5,-20.96,0.01,23.48718,0.0017414367,0.36439705
0 days 00:00:02.520000,-0.00029481913040444753,-0.153036,-0.557208,11.410992,77.34943303380402,77.34943303380402,77.34943303380402,77.34943303380402,0.013439035240356337,0.018675022996339326,-0.009075712110370514,69.0,2.39,0.0,2,2,60.0,4,0.005,23.495,-0.01,52.648772099999995,9.7459514,32.08,31.330000000000002,52.648761,9.745947899999999,0.01832595714594046,-0.014660765716752368,4.24464074085021,-10.5,-20.96,0.01,23.492329,0.011494272,0.35429016
0 days 00:00:02.530000,-0.00023585530432355804,-1.3498560000000002,-0.306072,10.826316000000002,76.89479032948223,76.89479032948223,76.89479032948223,76.89479032948223,0.013962634015954637,-0.032812189937493394,-0.007330382858376183,69.0,2.39,0.0,2,2,60.0,4,0.0,23.495,-0.03,52.648772099999995,9.7459514,32.08,31.330000000000002,52.6487591,9.7459463,0.018500490071139894,-0.014835298641951801,4.24446620792501,-10.5,-20.96,0.01,23.491972,0.0070027625,0.3784745
0 days 00:00:02.540000,-0.00011792765216177902,1.0987200000000001,-0.33354000000000006,11.399220000000001,77.08199614890886,77.08199614890886,77.08199614890886,77.08199614890886,0.0017453292519943296,-0.006981317007977318,-0.009250245035569947,69.0,2.39,0.0,2,2,60.0,4,0.0,23.485,-0.04,52.6487627,9.7459436,32.08,31.330000000000002,52.6487572,9.745944699999999,0.018675022996339326,-0.014486232791552936,4.24446620792501,-10.5,-20.96,0.01,23.481956,0.0070997025,0.38012677
0 days 00:00:02.550000,-0.00023585530432355804,-0.7298640000000001,0.7808760000000001,10.26126,76.76775780915703,76.76775780915703,76.76775780915703,76.76775780915703,0.0006981317007977319,-0.008377580409572781,-0.005759586531581288,69.0,2.39,0.0,2,2,60.0,4,0.015,23.495,-0.055,52.6487627,9.7459436,32.07,31.330000000000002,52.6487553,9.7459432,0.01832595714594046,-0.014311699866353503,4.244291674999811,-10.5,-20.97,0.02,23.491808,0.022166857,0.39089572
0 days 00:00:02.560000,-0.00023585530432355804,-0.8711280000000001,-0.08240400000000002,8.931024,77.35611895592639,77.35611895592639,77.35611895592639,77.35611895592639,0.011519173063162576,-0.02565634000431664,-0.004886921905584123,69.0,2.39,0.0,2,2,60.0,4,0.02,23.490000000000002,-0.055,52.6487627,9.7459436,32.07,31.330000000000002,52.6487534,9.7459416,0.01832595714594046,-0.014311699866353503,4.244291674999811,-10.5,-20.97,0.02,23.486807,0.027164707,0.39073253
0 days 00:00:02.570000,-0.00023585530432355804,0.302148,0.027468000000000003,10.704672,77.34943303380402,77.34943303380402,77.34943303380402,77.34943303380402,0.024783675378319478,0.013788101090755204,-0.004537856055185257,69.0,2.39,0.0,2,2,60.0,4,0.02,23.48,-0.05,52.6487627,9.7459436,32.07,31.330000000000002,52.648751499999996,9.7459401,0.018500490071139894,-0.013962634015954637,4.244291674999811,-10.5,-20.97,0.02,23.477013,0.026986165,0.37739247
0 days 00:00:02.580000,0.0,-0.47480400000000006,-0.125568,9.786456000000001,77.40960633290543,77.40960633290543,77.40960633290543,77.40960633290543,0.02548180707911721,-0.016231562043547268,-0.0036651914291880917,69.0,2.39,0.0,2,2,60.0,4,0.02,23.485,-0.06,52.6487627,9.7459436,32.07,31.330000000000002,52.648749699999996,9.7459385,0.01884955592153876,-0.014137166941154071,4.244117142074611,-10.5,-20.97,0.02,23.481804,0.027384927,0.3915477
0 days 00:00:02.590000,-0.00011792765216177902,1.224288,-0.015696,9.806076000000001,77.34943303380402,77.34943303380402,77.34943303380402,77.34943303380402,0.014137166941154071,0.019198621771937627,-0.006283185307179587,69.0,2.39,0.0,2,2,60.0,4,0.02,23.48,-0.055,52.648753299999996,9.7459358,32.07,31.330000000000002,52.648747799999995,9.7459369,0.019024088846738195,-0.013962634015954637,4.244117142074611,-10.5,-20.97,0.02,23.476942,0.027278868,0.38237688
0 days 00:00:02.600000,-0.00011792765216177902,-0.17658000000000004,0.16873200000000002,9.931644,76.80787334189132,76.80787334189132,76.80787334189132,76.80787334189132,0.0010471975511965976,0.029321531433504733,-0.00471238898038469,69.0,2.39,0.0,2,2,60.0,4,0.025,23.495,-0.055,52.648753299999996,9.7459358,32.08,31.330000000000002,52.648745899999994,9.745935399999999,0.019024088846738195,-0.014137166941154071,4.244117142074611,-10.56,-20.945,0.06,23.491875,0.032359947,0.3865905
0 days 00:00:02.610000,-0.00011792765216177902,-1.1458080000000002,0.6435360000000001,9.711900000000002,76.76775780915703,76.76775780915703,76.76775780915703,76.76775780915703,-0.005061454830783556,0.0012217304763960308,-0.0022689280275926286,69.0,2.39,0.0,2,2,60.5,4,0.025,23.495,-0.06,52.648753299999996,9.7459358,32.08,31.330000000000002,52.648744,9.7459338,0.019024088846738195,-0.014486232791552936,4.244117142074611,-10.56,-20.945,0.06,23.491667,0.032611042,0.3997878
0 days 00:00:02.620000,-0.00011792765216177902,0.20797200000000002,-0.149112,8.597484000000001,76.6206675224647,76.6206675224647,76.6206675224647,76.6206675224647,-0.0041887902047863905,0.006283185307179587,0.002967059728390361,69.0,2.39,0.0,2,2,61.0,4,0.03,23.485,-0.06,52.648753299999996,9.7459358,32.08,31.330000000000002,52.6487421,9.7459322,0.019024088846738195,-0.014486232791552936,4.2439426091494115,-10.56,-20.945,0.06,23.481667,0.03760738,0.39954787
0 days 00:00:02.630000,-0.00011792765216177902,0.9810000000000001,0.04316400000000001,11.077452000000001,76.85467479674796,76.85467479674796,76.85467479674796,76.85467479674796,0.002967059728390361,0.07400196028455958,0.004014257279586958,69.0,2.39,0.0,2,2,61.5,4,0.025,23.485,-0.045,52.648753299999996,9.7459358,32.08,31.330000000000002,52.6487402,9.745930699999999,0.019024088846738195,-0.014486232791552936,4.244117142074611,-10.56,-20.945,0.06,23.481884,0.03232297,0.38464728
0 days 00:00:02.640000,-0.00011792765216177902,-2.044404,-0.14126400000000003,10.653660000000002,77.29594565682498,77.29594565682498,77.29594565682498,77.29594565682498,0.0024434609527920616,0.016755160819145562,0.0020943951023931952,69.0,2.39,0.0,2,2,62.0,4,0.025,23.5,-0.06,52.648744699999995,9.7459297,32.08,31.330000000000002,52.6487383,9.7459291,0.019024088846738195,-0.0153588974175501,4.244117142074611,-10.56,-20.945,0.06,23.496307,0.033002477,0.42036107
0 days 00:00:02.650000,0.0,-0.49050000000000005,-0.8083440000000001,8.954568000000002,77.49652332049635,77.49652332049635,77.49652332049635,77.49652332049635,-0.007155849933176751,-0.0017453292519943296,0.0010471975511965976,69.0,2.39,0.0,2,2,62.5,4,0.02,23.465,-0.075,52.648744699999995,9.7459297,31.63,31.32,52.6487365,9.7459276,0.019024088846738195,-0.0153588974175501,4.244117142074611,-10.605,-20.93,0.125,23.46108,0.028278464,0.4349143
0 days 00:00:02.660000,0.0,1.090872,-0.153036,10.265184,77.63692768506633,77.63692768506633,77.63692768506633,77.63692768506633,-0.007853981633974483,0.05166174585903216,-0.004363323129985824,69.0,2.39,0.0,2,2,63.0,4,0.01,23.46,-0.065,52.648744699999995,9.7459297,31.63,31.32,52.6487346,9.745925999999999,0.019024088846738195,-0.015184364492350668,4.244117142074611,-10.605,-20.93,0.125,23.456308,0.01801073,0.42093754
0 days 00:00:02.670000,0.0,-1.6794720000000003,0.502272,7.6439520000000005,77.19565682498931,77.19565682498931,77.19565682498931,77.19565682498931,0.0020943951023931952,-0.02076941809873252,-0.0013962634015954637,69.0,2.39,0.0,2,2,63.5,4,0.005,23.475,-0.07,52.648744699999995,9.7459297,31.63,31.330000000000002,52.6487327,9.7459244,0.01884955592153876,-0.015707963267948967,4.244117142074611,-10.605,-20.93,0.125,23.471004,0.013268311,0.43854848
0 days 00:00:02.680000,0.0,2.1974400000000003,0.64746,8.774064000000001,76.72764227642276,76.72764227642276,76.72764227642276,76.72764227642276,0.0054105206811824215,0.056025068989017976,0.0,69.0,2.39,0.0,2,2,64.0,4,0.01,23.46,-0.045,52.648744699999995,9.7459297,31.63,31.330000000000002,52.648730799999996,9.7459229,0.019024088846738195,-0.015533430342749533,4.2439426091494115,-10.605,-20.93,0.125,23.45647,0.01778607,0.40912986
0 days 00:00:02.690000,0.0,0.361008,-0.07848000000000001,11.152008,76.54043645699615,76.54043645699615,76.54043645699615,76.54043645699615,0.0031415926535897933,0.09808750396208131,-0.00034906585039886593,69.0,2.39,0.0,2,2,64.5,4,0.015,23.48,-0.035,52.6487355,9.7459217,31.63,31.330000000000002,52.648728899999995,9.7459213,0.019024088846738195,-0.016057029118347832,4.244117142074611,-10.605,-20.93,0.125,23.47641,0.022834705,0.41163844
0 days 00:00:02.700000,-0.00011792765216177902,-3.0175560000000003,-0.22759200000000002,8.644572000000002,76.76775780915703,76.76775780915703,76.76775780915703,76.76775780915703,0.010471975511965976,-0.019722220547535925,0.0024434609527920616,69.0,2.39,0.0,2,2,65.0,4,0.005,23.490000000000002,-0.055,52.6487355,9.7459217,31.66,31.32,52.648727099999995,9.7459198,0.019024088846738195,-0.01710422666954443,4.244117142074611,-10.64,-20.995,0.09,23.485624,0.013687836,0.45657286
0 days 00:00:02.710000,0.0,1.3223880000000001,0.7730280000000002,7.902936000000001,76.99507916131792,76.99507916131792,76.99507916131792,76.99507916131792,0.01361356816555577,0.022514747350726852,0.0013962634015954637,69.0,2.39,0.0,2,2,65.5,4,0.0,23.46,-0.04,52.6487355,9.7459217,31.66,31.32,52.648725199999994,9.7459182,0.019198621771937627,-0.016929693744344994,4.244117142074611,-10.64,-20.995,0.09,23.455961,0.008392084,0.43706533
0 days 00:00:02.720000,0.0,0.5258160000000001,-0.066708,10.280880000000002,77.38286264441591,77.38286264441591,77.38286264441591,77.38286264441591,0.024085543677521748,0.08656833089891874,-0.0010471975511965976,69.0,2.39,0.0,2,2,66.0,4,0.01,23.475,-0.025,52.6487355,9.7459217,31.66,31.32,52.6487233,9.7459167,0.01937315469713706,-0.01710422666954443,4.244117142074611,-10.64,-20.995,0.09,23.47114,0.018260228,0.42622477
0 days 00:00:02.730000,0.0,-2.5545240000000002,-0.42771600000000004,8.585712000000001,77.27588789045785,77.27588789045785,77.27588789045785,77.27588789045785,0.01884955592153876,-0.015533430342749534,-0.0013962634015954637,69.0,2.39,0.0,2,2,66.5,4,0.005,23.485,-0.025,52.6487355,9.7459217,31.66,31.32,52.6487214,9.7459151,0.019547687622336492,-0.017976891295541596,4.244117142074611,-10.64,-20.995,0.09,23.480755,0.013739442,0.44697735
0 days 00:00:02.740000,-0.00011792765216177902,1.13796,0.596448,8.911404000000001,77.24245827984595,77.24245827984595,77.24245827984595,77.24245827984595,0.015533430342749534,0.013439035240356337,-0.0036651914291880917,69.0,2.39,0.0,2,2,67.0,4,0.0,23.46,-0.015,52.648725999999996,9.7459139,31.66,31.32,52.6487195,9.7459135,0.019722220547535925,-0.017976891295541596,4.244117142074611,-10.64,-20.995,0.09,23.455938,0.008612387,0.43662775
0 days 00:00:02.750000,0.0,0.698472,-0.074556,10.500624,76.95496362858366,76.95496362858366,76.95496362858366,76.95496362858366,0.020245819323134222,0.05811946409141117,-0.004363323129985824,69.0,2.39,0.0,2,2,67.5,4,-0.01,23.490000000000002,-0.01,52.648725999999996,9.7459139,31.69,31.310000000000002,52.6487177,9.745911999999999,0.020071286397934793,-0.01832595714594046,4.244117142074611,-10.665000000000001,-21.0,0.09,23.485872,-0.0011581624,0.4405629
0 days 00:00:02.760000,0.0,-1.6520040000000003,0.298224,8.220780000000001,76.70758451005563,76.70758451005563,76.70758451005563,76.70758451005563,0.00942477796076938,-0.012217304763960306,-0.0010471975511965976,69.0,2.39,0.0,2,2,68.0,4,-0.01,23.5,-0.015,52.648725999999996,9.7459139,31.69,31.310000000000002,52.6487158,9.7459104,0.020245819323134222,-0.01884955592153876,4.244117142074611,-10.665000000000001,-21.0,0.09,23.495544,-0.0007273016,0.45804426
0 days 00:00:02.770000,0.0,1.3537800000000002,0.278604,9.86886,77.18228498074454,77.18228498074454,77.18228498074454,77.18228498074454,0.015184364492350668,0.046949356878647465,-0.0013962634015954637,69.0,2.39,0.0,2,2,68.5,4,-0.01,23.485,-0.0,52.648725999999996,9.7459139,31.69,31.310000000000002,52.6487139,9.745908799999999,0.020420352248333655,-0.018675022996339326,4.2439426091494115,-10.665000000000001,-21.0,0.09,23.480906,-0.0010430396,0.4386702
0 days 00:00:02.780000,0.0,-0.56898,-0.23544,10.045440000000001,77.06193838254171,77.06193838254171,77.06193838254171,77.06193838254171,0.014486232791552938,0.04834562028024293,-0.003490658503988659,69.0,2.39,0.0,2,2,69.0,4,-0.01,23.5,-0.0,52.648725999999996,9.7459139,31.69,31.310000000000002,52.648711999999996,9.745907299999999,0.020420352248333655,-0.019198621771937627,4.2439426091494115,-10.665000000000001,-21.0,0.09,23.495668,-0.00078611844,0.45125005
0 days 00:00:02.790000,0.0,-2.0130120000000002,-0.07848000000000001,7.659648000000001,77.38286264441591,77.38286264441591,77.38286264441591,77.38286264441591,0.016057029118347832,-0.02617993877991494,-0.0036651914291880917,69.0,2.39,0.0,2,2,69.5,4,-0.015,23.495,-0.005,52.6487165,9.7459061,31.69,31.310000000000002,52.648710099999995,9.7459057,0.020594885173533087,-0.019722220547535925,4.2439426091494115,-10.665000000000001,-21.0,0.09,23.490332,-0.005352038,0.4685522
0 days 00:00:02.800000,0.0,1.6990920000000003,0.11379600000000001,9.825696,77.08199614890886,77.08199614890886,77.08199614890886,77.08199614890886,0.01780235837034216,0.04066617157146788,-0.005585053606381855,69.0,2.39,0.0,2,2,70.0,4,-0.015,23.48,0.015,52.6487165,9.7459061,31.68,31.310000000000002,52.648708199999994,9.7459042,0.02076941809873252,-0.01937315469713706,4.2439426091494115,-10.655,-20.995,0.01,23.475883,-0.0058618695,0.44007266
0 days 00:00:02.810000,0.0,-1.0830240000000002,0.380628,8.942796000000001,77.06193838254171,77.06193838254171,77.06193838254171,77.06193838254171,0.010122909661567111,0.02565634000431664,-0.004014257279586958,69.0,2.39,0.0,2,2,70.0,4,-0.015,23.495,0.015,52.6487165,9.7459061,31.68,31.310000000000002,52.648706399999995,9.745902599999999,0.020943951023931952,-0.019896753472735357,4.2439426091494115,-10.655,-20.995,0.01,23.490648,-0.0055213883,0.45266128
0 days 00:00:02.820000,0.0,-0.8161920000000001,0.08240400000000002,8.169768,76.86136071887034,76.86136071887034,76.86136071887034,76.86136071887034,0.016057029118347832,-0.013788101090755204,-0.0015707963267948967,69.0,2.39,0.0,2,2,70.0,4,-0.015,23.490000000000002,0.025,52.6487165,9.7459061,31.68,31.310000000000002,52.6487045,9.745901,0.02111848394913139,-0.020071286397934793,4.243768076224212,-10.655,-20.995,0.01,23.485771,-0.005569053,0.44666508
0 days 00:00:02.830000,0.0,1.6206120000000002,0.361008,9.92772,77.1622272143774,77.1622272143774,77.1622272143774,77.1622272143774,0.023736477827122886,0.03769911184307752,-0.0008726646259971648,69.0,2.39,0.0,2,2,70.0,4,-0.015,23.48,0.04,52.6487165,9.7459061,31.68,31.310000000000002,52.6487026,9.7458995,0.02129301687433082,-0.019896753472735357,4.243768076224212,-10.655,-20.995,0.01,23.476147,-0.005901914,0.4273754
0 days 00:00:02.840000,-0.00011792765216177902,-0.8004960000000001,-0.011772000000000001,9.92772,77.14885537013264,77.14885537013264,77.14885537013264,77.14885537013264,0.032812189937493394,0.0158824961931484,-0.0010471975511965976,69.0,2.39,0.0,2,2,70.0,4,-0.01,23.5,0.04,52.648706499999996,9.745897099999999,31.68,31.310000000000002,52.6487007,9.7458979,0.021467549799530253,-0.020245819323134222,4.243768076224212,-10.655,-20.995,0.01,23.495995,-0.00064387755,0.43586668
0 days 00:00:02.850000,0.0,-0.5258160000000001,-0.3296160000000001,9.205704,77.32937526743689,77.32937526743689,77.32937526743689,77.32937526743689,0.027052603405912107,0.0010471975511965976,-0.0006981317007977319,69.0,2.39,0.0,2,2,70.0,4,-0.015,23.495,0.04,52.648706499999996,9.745897099999999,31.970000000000002,31.3,52.6486988,9.7458963,0.02181661564992912,-0.020420352248333655,4.243768076224212,-10.66,-20.990000000000002,-0.07,23.49092,-0.0054033087,0.43997374
0 days 00:00:02.860000,0.0,-0.07848000000000001,-0.066708,10.245564,77.44303594351734,77.44303594351734,77.44303594351734,77.44303594351734,0.020420352248333655,0.022165681500327987,-0.004537856055185257,69.0,2.39,0.0,2,2,70.0,4,-0.02,23.495,0.045,52.648706499999996,9.745897099999999,31.970000000000002,31.3,52.6486969,9.7458948,0.022165681500327987,-0.020594885173533087,4.243768076224212,-10.66,-20.990000000000002,-0.07,23.490946,-0.010268425,0.43918765
0 days 00:00:02.870000,0.0,-1.2870720000000002,0.6160680000000002,9.315576,76.9415917843389,76.9415917843389,76.9415917843389,76.9415917843389,0.008203047484373348,-0.03438298626428829,-0.005585053606381855,69.0,2.39,0.0,2,2,70.0,4,-0.02,23.495,0.04,52.648706499999996,9.745897099999999,31.970000000000002,31.3,52.6486951,9.7458932,0.02234021442552742,-0.02076941809873252,4.243768076224212,-10.66,-20.990000000000002,-0.07,23.490767,-0.00998852,0.448286
0 days 00:00:02.880000,0.0,0.5532840000000001,-0.502272,9.900252000000002,76.89479032948223,76.89479032948223,76.89479032948223,76.89479032948223,-0.004537856055185257,-0.005585053606381855,-0.006806784082777885,69.0,2.39,0.0,2,1,70.0,4,-0.015,23.485,0.045,52.648706499999996,9.745897099999999,31.970000000000002,31.3,52.6486932,9.7458916,0.02234021442552742,-0.020420352248333655,4.243768076224212,-10.66,-20.990000000000002,-0.07,23.481024,-0.0052891695,0.43477467
0 days 00:00:02.890000,-0.00011792765216177902,-0.37278,1.090872,8.891784000000001,77.08199614890886,77.08199614890886,77.08199614890886,77.08199614890886,-0.022863813201125717,-0.015533430342749534,-0.0013962634015954637,69.0,2.39,0.0,2,1,70.0,4,-0.02,23.490000000000002,0.045,52.6486972,9.745889199999999,31.970000000000002,31.3,52.648691299999996,9.74589,0.02234021442552742,-0.020420352248333655,4.2435935432990135,-10.66,-20.990000000000002,-0.07,23.486021,-0.010285641,0.43498844
0 days 00:00:02.900000,0.0,-0.23936400000000002,1.1222640000000002,8.303184000000002,76.82793110825845,76.82793110825845,76.82793110825845,76.82793110825845,-0.02617993877991494,-0.00942477796076938,0.0022689280275926286,69.0,2.39,0.0,2,1,70.0,4,-0.02,23.490000000000002,0.055,52.6486972,9.745889199999999,31.98,31.3,52.648689399999995,9.7458885,0.022165681500327987,-0.020245819323134222,4.2435935432990135,-10.655,-20.925,-0.09,23.4863,-0.010674005,0.420893
0 days 00:00:02.910000,-0.00023585530432355804,0.7808760000000001,0.10202400000000002,10.280880000000002,77.42966409927257,77.42966409927257,77.42966409927257,77.42966409927257,-0.0317649923862968,0.031939525311496235,0.0024434609527920616,69.0,2.39,0.0,2,1,70.0,4,-0.01,23.490000000000002,0.07,52.6486972,9.745889199999999,31.98,31.3,52.648687499999994,9.7458869,0.02199114857512855,-0.020071286397934793,4.2435935432990135,-10.655,-20.925,-0.09,23.486675,-0.0011697928,0.40157977
0 days 00:00:02.920000,-0.00029481913040444753,-1.114416,-0.7416360000000001,9.625572000000002,77.06193838254171,77.06193838254171,77.06193838254171,77.06193838254171,-0.046076692252650306,-0.01902408884673819,-0.00017453292519943296,69.0,2.39,0.0,2,1,70.0,4,-0.015,23.5,0.065,52.6486972,9.745889199999999,31.98,31.3,52.6486856,9.7458853,0.021642082724729686,-0.020420352248333655,4.2435935432990135,-10.655,-20.925,-0.09,23.496428,-0.0060187867,0.4150859
0 days 00:00:02.930000,-0.0003537829564853371,-0.482652,0.5650560000000001,9.248868000000002,77.54332477535301,77.54332477535301,77.54332477535301,77.54332477535301,-0.04520402762665313,-0.030368728984701335,-0.0027925268031909274,69.0,2.39,0.0,2,1,70.0,4,-0.025,23.490000000000002,0.07,52.6486972,9.745889199999999,31.98,31.3,52.6486838,9.7458838,0.02129301687433082,-0.020245819323134222,4.2435935432990135,-10.655,-20.925,-0.09,23.486603,-0.016359473,0.40599644
0 days 00:00:02.940000,-0.00023585530432355804,0.192276,0.8240400000000001,11.120616000000002,77.14216944801026,77.14216944801026,77.14216944801026,77.14216944801026,-0.034033920413889425,0.007155849933176751,-0.004363323129985824,69.0,2.39,0.0,2,1,70.0,4,-0.02,23.490000000000002,0.075,52.6486878,9.745881299999999,31.98,31.3,52.6486819,9.745882199999999,0.02076941809873252,-0.019896753472735357,4.2435935432990135,-10.655,-20.925,-0.09,23.486841,-0.011847211,0.39268947
0 days 00:00:02.950000,-0.0003537829564853371,-1.389096,-0.8672040000000001,10.551636000000002,77.18228498074454,77.18228498074454,77.18228498074454,77.18228498074454,-0.02495820830351891,-0.04450589592585541,-0.00471238898038469,69.0,2.39,0.0,2,1,70.0,4,-0.02,23.495,0.06,52.6486878,9.745881299999999,31.98,31.29,52.64868,9.7458806,0.020420352248333655,-0.020071286397934793,4.2435935432990135,-10.620000000000001,-20.945,-0.04,23.491472,-0.011592309,0.4118779
0 days 00:00:02.960000,-0.0003537829564853371,0.64746,0.5415120000000001,9.044820000000001,77.06193838254171,77.06193838254171,77.06193838254171,77.06193838254171,-0.03612831551628262,-0.04834562028024293,-0.005061454830783556,69.0,2.39,0.14999999999999855,2,1,70.0,4,-0.03,23.485,0.055,52.6486878,9.745881299999999,31.98,31.29,52.6486781,9.7458791,0.020245819323134222,-0.019547687622336492,4.243419010373813,-10.620000000000001,-20.945,-0.04,23.48159,-0.02181391,0.4045833
0 days 00:00:02.970000,-0.0003537829564853371,0.94176,0.8318880000000001,10.649736000000003,77.06193838254171,77.06193838254171,77.06193838254171,77.06193838254171,-0.046949356878647465,0.015707963267948967,-0.0012217304763960308,69.0,2.39,0.29999999999999716,2,1,70.0,4,-0.025,23.495,0.06,52.6486878,9.745881299999999,31.98,31.29,52.6486762,9.745877499999999,0.019896753472735357,-0.019198621771937627,4.243419010373813,-10.620000000000001,-20.945,-0.04,23.491823,-0.01721484,0.39147502
0 days 00:00:02.980000,-0.0003537829564853371,-1.8011160000000002,0.506196,9.633420000000001,77.14216944801026,77.14216944801026,77.14216944801026,77.14216944801026,-0.05567600313861911,-0.028797932657906436,0.0008726646259971648,69.0,2.39,0.5999999999999979,2,2,70.0,4,-0.015,23.505,0.05,52.6486878,9.745881299999999,31.98,31.29,52.6486744,9.7458759,0.01937315469713706,-0.01937315469713706,4.243419010373813,-10.620000000000001,-20.945,-0.04,23.501558,-0.0071448293,0.4055614
0 days 00:00:02.990000,-0.0003537829564853371,0.28252800000000006,-0.545436,9.413676,77.29594565682498,77.29594565682498,77.29594565682498,77.29594565682498,-0.05305800926062761,-0.018675022996339326,-0.0012217304763960308,69.0,2.39,0.8999999999999986,2,2,70.0,4,-0.015,23.490000000000002,0.055,52.648678499999995,9.745873399999999,31.98,31.29,52.648672499999996,9.745874299999999,0.01884955592153876,-0.019024088846738195,4.243419010373813,-10.620000000000001,-20.945,-0.04,23.486795,-0.0076114074,0.392072
0 days 00:00:03,-0.0005896382608088951,0.23936400000000002,1.13796,11.371752,77.48315147625159,77.48315147625159,77.48315147625159,77.48315147625159,-0.04310963252425994,0.008726646259971648,-0.006108652381980153,69.0,2.39,0.8999999999999986,2,2,70.0,4,-0.02,23.490000000000002,0.06,52.648678499999995,9.745873399999999,31.990000000000002,31.29,52.648670599999996,9.745872799999999,0.01832595714594046,-0.01884955592153876,4.243419010373813,-10.56,-20.94,-0.09,23.486958,-0.012982582,0.38306275
0 days 00:00:03.010000,-0.0005896382608088951,-1.338084,-0.90252,10.06506,77.42966409927257,77.42966409927257,77.42966409927257,77.42966409927257,-0.039968039870670144,-0.05166174585903216,-0.009773843811168246,69.0,2.39,0.8999999999999986,2,2,70.0,4,-0.005,23.495,0.045,52.648678499999995,9.745873399999999,31.990000000000002,31.29,52.648668699999995,9.7458712,0.01780235837034216,-0.01884955592153876,4.243419010373813,-10.56,-20.94,-0.09,23.491676,0.0020831232,0.3978781
0 days 00:00:03.020000,-0.0004717106086471161,0.27075600000000005,0.6003720000000001,9.268488000000001,77.14885537013264,77.14885537013264,77.14885537013264,77.14885537013264,-0.045553093477052,-0.04642575810304917,-0.011693705988362009,69.0,2.39,1.049999999999999,2,2,70.0,4,-0.015,23.485,0.045,52.648678499999995,9.745873399999999,31.990000000000002,31.28,52.6486668,9.745869599999999,0.017453292519943295,-0.01832595714594046,4.243244477448615,-10.56,-20.94,-0.09,23.481882,-0.008272107,0.38557166
0 days 00:00:03.030000,-0.0004717106086471161,0.133416,1.0163160000000002,10.665432,76.8413029525032,76.8413029525032,76.8413029525032,76.8413029525032,-0.040491638646268445,-0.014835298641951801,-0.007853981633974483,69.0,2.39,1.1999999999999993,2,2,70.0,4,-0.01,23.490000000000002,0.05,52.648678499999995,9.745873399999999,31.990000000000002,31.28,52.6486649,9.7458681,0.01710422666954443,-0.017976891295541596,4.243069944523414,-10.56,-20.94,-0.09,23.487103,-0.0036315857,0.37237906
0 days 00:00:03.040000,-0.0004717106086471161,-0.9339120000000001,-0.133416,10.967580000000002,76.85467479674796,76.85467479674796,76.85467479674796,76.85467479674796,-0.040491638646268445,-0.02530727415391778,-0.0041887902047863905,69.0,2.39,1.3499999999999996,2,2,70.0,4,0.0,23.490000000000002,0.04,52.6486695,9.7458665,31.990000000000002,31.28,52.6486631,9.7458665,0.016580627893946133,-0.01780235837034216,4.243069944523414,-10.56,-20.94,-0.09,23.48699,0.00626987,0.37810963
0 days 00:00:03.050000,-0.0005896382608088951,-0.05101200000000001,-0.011772000000000001,9.519624,76.97502139495079,76.97502139495079,76.97502139495079,76.97502139495079,-0.04747295565424577,-0.039793506945470715,-0.0031415926535897933,66.5,2.39,1.5,2,2,70.0,4,0.015,23.475,0.03,52.6486695,9.7458665,31.78,31.28,52.6486612,9.745864899999999,0.016057029118347832,-0.017278759594743863,4.242895411598215,-10.53,-20.93,-0.045,23.472015,0.021028878,0.37531388
0 days 00:00:03.060000,-0.0005896382608088951,0.26290800000000003,0.521892,10.75176,77.61018399657681,77.61018399657681,77.61018399657681,77.61018399657681,-0.032114058236695664,-0.004363323129985824,-0.004014257279586958,64.0,2.39,1.8000000000000007,2,2,70.0,4,0.015,23.475,0.035,52.6486695,9.7458665,31.78,31.28,52.6486593,9.7458634,0.015533430342749533,-0.016929693744344994,4.242895411598215,-10.53,-20.93,-0.045,23.472229,0.020627443,0.36213392
0 days 00:00:03.070000,-0.0004717106086471161,-1.012392,0.21582000000000004,10.324044,77.46309370988446,77.46309370988446,77.46309370988446,77.46309370988446,-0.004537856055185257,-0.03961897402027128,-0.0036651914291880917,61.0,2.39,2.1000000000000014,2,2,70.0,4,0.02,23.48,0.025,52.6486695,9.7458665,31.78,31.28,52.6486574,9.7458618,0.0153588974175501,-0.016929693744344994,4.242895411598215,-10.53,-20.93,-0.045,23.477058,0.02571851,0.37214267
0 days 00:00:03.080000,-0.0004717106086471161,1.263528,-0.965304,10.108224,77.54332477535301,77.54332477535301,77.54332477535301,77.54332477535301,-0.005061454830783556,-0.013439035240356337,-0.008203047484373348,58.0,2.39,2.3999999999999986,2,2,70.0,4,0.02,23.47,0.02,52.6486695,9.7458665,31.78,31.28,52.6486555,9.7458602,0.015184364492350668,-0.016580627893946133,4.242895411598215,-10.53,-20.93,-0.045,23.467106,0.025602518,0.368786
0 days 00:00:03.090000,-0.0004717106086471161,-0.48657600000000006,0.10987200000000001,11.760228000000001,76.99507916131792,76.99507916131792,76.99507916131792,76.99507916131792,0.0,0.008552113334772213,-0.010122909661567111,55.0,2.39,2.6999999999999957,2,2,70.0,4,0.01,23.485,0.015,52.6486604,9.7458593,31.78,31.28,52.6486537,9.7458587,0.015184364492350668,-0.0164060949687467,4.2427208786730155,-10.53,-20.93,-0.045,23.482086,0.015621127,0.37008736
0 days 00:00:03.100000,-0.0004717106086471161,-2.185668,0.129492,9.252792000000001,76.8413029525032,76.8413029525032,76.8413029525032,76.8413029525032,0.005585053606381855,-0.07103490055616922,-0.005934119456780722,52.0,2.39,2.9999999999999964,2,2,70.0,4,0.03,23.475,-0.005,52.6486604,9.7458593,31.85,31.27,52.648651799999996,9.7458571,0.015009831567151233,-0.0164060949687467,4.242546345747817,-10.525,-20.945,0.045,23.47176,0.035851963,0.38962093
0 days 00:00:03.110000,-0.0003537829564853371,1.8756720000000002,0.29430000000000006,10.229868,76.50032092426187,76.50032092426187,76.50032092426187,76.50032092426187,0.014486232791552938,0.010821041362364843,-0.0041887902047863905,49.0,2.39,3.299999999999997,2,2,70.0,4,0.03,23.455000000000002,-0.0,52.6486604,9.7458593,31.85,31.27,52.648649899999995,9.745855599999999,0.015009831567151233,-0.015707963267948967,4.242546345747817,-10.525,-20.945,0.045,23.452106,0.03552626,0.36792335
0 days 00:00:03.120000,-0.0003537829564853371,-0.459108,0.003924,10.951884000000002,76.72764227642276,76.72764227642276,76.72764227642276,76.72764227642276,0.01308996938995747,0.028797932657906436,-0.0013962634015954637,46.0,2.39,3.8999999999999986,2,2,70.0,4,0.035,23.475,-0.005,52.6486604,9.7458593,31.85,31.27,52.648647999999994,9.745854,0.015184364492350668,-0.0158824961931484,4.242546345747817,-10.525,-20.945,0.045,23.47196,0.040732782,0.3772503
0 days 00:00:03.130000,-0.0003537829564853371,-2.0169360000000003,-0.129492,10.469232000000002,77.06193838254171,77.06193838254171,77.06193838254171,77.06193838254171,0.01902408884673819,-0.024085543677521748,-0.0013962634015954637,42.0,2.39,4.5,2,2,70.0,4,0.03,23.47,-0.015,52.6486604,9.7458593,31.85,31.27,52.6486461,9.7458524,0.0153588974175501,-0.016057029118347832,4.242546345747817,-10.525,-20.945,0.045,23.466734,0.03601446,0.39133337
0 days 00:00:03.140000,-0.0003537829564853371,0.11772,-0.05101200000000001,8.974188000000002,77.38286264441591,77.38286264441591,77.38286264441591,77.38286264441591,0.0020943951023931952,-0.01117010721276371,-0.0036651914291880917,38.0,2.39,4.949999999999999,2,2,70.0,4,0.03,23.455000000000002,-0.025,52.6486509,9.745851499999999,31.85,31.27,52.6486443,9.745850899999999,0.015533430342749533,-0.0158824961931484,4.242546345747817,-10.525,-20.945,0.045,23.451645,0.03617075,0.3969912
0 days 00:00:03.150000,-0.0003537829564853371,-0.18835200000000002,0.133416,11.026440000000001,77.14885537013264,77.14885537013264,77.14885537013264,77.14885537013264,0.006806784082777885,0.02495820830351891,-0.004537856055185257,33.0,2.39,5.399999999999999,2,2,70.0,4,0.035,23.455000000000002,-0.015,52.6486509,9.745851499999999,31.86,31.27,52.6486424,9.7458493,0.015533430342749533,-0.015707963267948967,4.242371812822617,-10.58,-20.915,-0.015,23.45187,0.040951263,0.3828234
0 days 00:00:03.160000,-0.0003537829564853371,-2.083644,-0.066708,9.998352000000002,77.08199614890886,77.08199614890886,77.08199614890886,77.08199614890886,0.004886921905584123,-0.0317649923862968,-0.003316125578789226,29.0,2.39,6.299999999999997,2,2,70.0,4,0.035,23.455000000000002,-0.025,52.6486509,9.745851499999999,31.86,31.27,52.6486405,9.7458478,0.015533430342749533,-0.016057029118347832,4.242371812822617,-10.58,-20.915,-0.015,23.451576,0.041233722,0.4010061
0 days 00:00:03.170000,-0.0003537829564853371,1.13796,-0.15696000000000002,10.159236000000002,76.50700684638424,76.50700684638424,76.50700684638424,76.50700684638424,0.004363323129985824,0.011519173063162576,-0.0024434609527920616,25.5,2.39,7.199999999999996,2,2,70.0,4,0.035,23.435,-0.03,52.6486509,9.745851499999999,31.86,31.27,52.6486386,9.745846199999999,0.015533430342749533,-0.015707963267948967,4.242371812822617,-10.58,-20.915,-0.015,23.431637,0.041179344,0.3975056
0 days 00:00:03.180000,-0.0003537829564853371,-0.49834800000000007,0.604296,10.127844,76.50032092426187,76.50032092426187,76.50032092426187,76.50032092426187,-0.0019198621771937623,0.05078908123303499,-0.0006981317007977319,22.0,2.39,8.849999999999998,2,2,70.0,4,0.03,23.45,-0.03,52.6486509,9.745851499999999,31.86,31.27,52.6486368,9.7458446,0.015707963267948967,-0.0158824961931484,4.242371812822617,-10.58,-20.915,-0.015,23.446566,0.036317315,0.40190423
0 days 00:00:03.190000,-0.0003537829564853371,-2.405412,0.153036,9.39798,75.84510055626872,75.84510055626872,75.84510055626872,75.84510055626872,0.0006981317007977319,0.0010471975511965976,0.0006981317007977319,18.0,2.39,10.5,2,2,70.0,4,0.035,23.445,-0.035,52.6486417,9.7458435,31.86,31.27,52.6486349,9.7458431,0.015707963267948967,-0.016231562043547264,4.242371812822617,-10.58,-20.915,-0.015,23.441343,0.041522507,0.41492665
0 days 00:00:03.200000,-0.0003537829564853371,-0.21189600000000003,-0.33354000000000006,9.825696,76.27299957210099,76.27299957210099,76.27299957210099,76.27299957210099,-0.005759586531581288,0.030194196059501903,0.002617993877991494,15.0,2.39,11.55,2,2,70.0,4,0.025,23.425,-0.03,52.6486417,9.7458435,31.88,31.27,52.648633,9.7458415,0.015707963267948967,-0.016231562043547264,4.242371812822617,-10.65,-20.93,0.015,23.421427,0.031440116,0.4097604
0 days 00:00:03.210000,-0.0003537829564853371,-1.5539040000000002,0.45126,11.128464000000001,76.25294180573384,76.25294180573384,76.25294180573384,76.25294180573384,-0.0012217304763960308,0.045553093477052,0.0010471975511965976,12.5,2.39,12.600000000000001,2,2,70.5,4,0.02,23.42,-0.03,52.6486417,9.7458435,31.88,31.27,52.648631099999996,9.74584,0.015707963267948967,-0.016580627893946133,4.242371812822617,-10.65,-20.93,0.015,23.416283,0.026567847,0.41793063
0 days 00:00:03.220000,-0.0003537829564853371,-3.076416,-0.054936000000000006,9.511776000000001,76.56049422336329,76.56049422336329,76.56049422336329,76.56049422336329,0.009599310885968814,-0.010995574287564275,0.004363323129985824,10.0,2.39,13.8,2,2,71.0,4,0.02,23.41,-0.045,52.6486417,9.7458435,31.88,31.27,52.648629299999996,9.7458384,0.015707963267948967,-0.01710422666954443,4.242371812822617,-10.65,-20.93,0.015,23.405806,0.026993318,0.44501472
0 days 00:00:03.230000,-0.0003537829564853371,-0.40024800000000005,-0.46695600000000004,9.696204000000002,76.60060975609755,76.60060975609755,76.60060975609755,76.60060975609755,0.016406094968746697,0.033335788713091695,-0.0024434609527920616,8.0,2.39,15.0,2,2,71.5,4,0.02,23.38,-0.04,52.6486417,9.7458435,31.88,31.27,52.648627399999995,9.7458368,0.015707963267948967,-0.016929693744344994,4.242371812822617,-10.65,-20.93,0.015,23.375973,0.02684265,0.43542367
0 days 00:00:03.240000,-0.0004717106086471161,-1.88352,0.251136,9.127224,76.3331728712024,76.3331728712024,76.3331728712024,76.3331728712024,0.026354471705114374,0.03106686068549907,-0.0036651914291880917,7.0,2.39,16.2,2,2,72.0,4,0.015,23.375,-0.04,52.648632,9.745835,31.88,31.27,52.648625499999994,9.7458353,0.0158824961931484,-0.017278759594743863,4.242371812822617,-10.65,-20.93,0.015,23.370821,0.022047495,0.44357067
0 days 00:00:03.250000,-0.0004127467825662265,-1.9345320000000001,0.10987200000000001,9.146844,76.03230637569533,76.03230637569533,76.03230637569533,76.03230637569533,0.038397243543875255,0.02583087292951608,-0.0020943951023931952,6.0,2.39,17.4,2,2,72.5,4,0.01,23.37,-0.035,52.648632,9.745835,32.05,31.27,52.6486236,9.7458337,0.016231562043547264,-0.01780235837034216,4.242371812822617,-10.64,-20.94,0.015,23.365675,0.017319016,0.45079187
0 days 00:00:03.260000,-0.0003537829564853371,-1.424412,0.20404800000000003,8.707356,75.55760590500643,75.55760590500643,75.55760590500643,75.55760590500643,0.03700098014227979,0.048171087355043496,-0.0005235987755982988,5.0,2.39,18.45,2,2,73.0,4,0.01,23.35,-0.03,52.648632,9.745835,32.05,31.27,52.6486218,9.745832199999999,0.016580627893946133,-0.017976891295541596,4.242371812822617,-10.64,-20.94,0.015,23.345688,0.017455138,0.44950536
0 days 00:00:03.270000,-0.0003537829564853371,-1.718712,0.11379600000000001,10.316196000000001,75.1831942661532,75.1831942661532,75.1831942661532,75.1831942661532,0.019547687622336492,0.08918632477691024,-0.003316125578789226,3.5,2.39,19.5,2,2,73.5,4,0.01,23.34,-0.015,52.648632,9.745835,32.05,31.27,52.6486199,9.7458306,0.01710422666954443,-0.018500490071139894,4.242371812822617,-10.64,-20.94,0.015,23.33573,0.017639892,0.44653782
0 days 00:00:03.280000,-0.0003537829564853371,-3.9671640000000004,0.21189600000000003,10.559484000000001,75.46400299529311,75.46400299529311,75.46400299529311,75.46400299529311,-0.0019198621771937623,0.05078908123303499,-0.0019198621771937623,2.0,2.39,20.849999999999998,2,2,74.0,4,0.01,23.325,-0.02,52.648632,9.745835,32.05,31.27,52.648618,9.745828999999999,0.017278759594743863,-0.01937315469713706,4.242371812822617,-10.64,-20.94,0.015,23.320236,0.018151028,0.4716036
0 days 00:00:03.290000,-0.0003537829564853371,-3.0646440000000004,0.306072,9.65304,75.55760590500643,75.55760590500643,75.55760590500643,75.55760590500643,-0.014311699866353502,0.010995574287564275,0.0005235987755982988,0.5,2.39,22.199999999999996,2,2,74.5,4,0.01,23.285,-0.03,52.6486228,9.7458271,32.05,31.27,52.6486162,9.745827499999999,0.01710422666954443,-0.019896753472735357,4.242371812822617,-10.64,-20.94,0.015,23.279793,0.018434945,0.49301618
0 days 00:00:03.300000,-0.0003537829564853371,-1.2399840000000002,0.16480800000000004,9.876708000000002,75.72475395806589,75.72475395806589,75.72475395806589,75.72475395806589,-0.021467549799530253,0.05724679946541401,0.0013962634015954637,-1.0,2.39,23.249999999999996,2,2,75.0,4,0.01,23.26,-0.03,52.6486228,9.7458271,32.09,31.27,52.6486143,9.7458259,0.01710422666954443,-0.020071286397934793,4.242371812822617,-10.625,-20.875,0.005,23.254713,0.018495858,0.49657705
0 days 00:00:03.310000,-0.0004717106086471161,-3.4923600000000006,0.12164400000000002,8.45622,75.99219084296105,75.99219084296105,75.99219084296105,75.99219084296105,-0.02199114857512855,0.028797932657906436,-0.00034906585039886593,-2.0,2.39,24.299999999999997,2,2,75.5,4,0.01,23.25,-0.03,52.6486228,9.7458271,32.09,31.27,52.6486124,9.7458244,0.016929693744344994,-0.020594885173533087,4.242371812822617,-10.625,-20.875,0.005,23.244452,0.01861183,0.5085487
0 days 00:00:03.320000,-0.0004717106086471161,-2.53098,-0.302148,9.323424000000001,75.46400299529311,75.46400299529311,75.46400299529311,75.46400299529311,-0.003490658503988659,0.03543018381548489,-0.0031415926535897933,-3.0,2.39,24.9,2,2,76.0,4,0.01,23.215,-0.015,52.6486228,9.7458271,32.09,31.27,52.6486106,9.7458228,0.016580627893946133,-0.02076941809873252,4.242371812822617,-10.625,-20.875,0.005,23.209682,0.018240878,0.49688998
0 days 00:00:03.330000,-0.0004717106086471161,-2.268072,0.9888480000000001,9.401904,75.02941805733846,75.02941805733846,75.02941805733846,75.02941805733846,-0.004014257279586958,0.06928957130417489,-0.0024434609527920616,-4.5,2.39,25.5,2,2,76.5,4,0.01,23.19,-0.015,52.6486228,9.7458271,32.09,31.27,52.6486087,9.7458213,0.016580627893946133,-0.02111848394913139,4.242371812822617,-10.625,-20.875,0.005,23.184513,0.01836645,0.5044628
0 days 00:00:03.340000,-0.0003537829564853371,-3.2804640000000003,-1.4008680000000002,10.649736000000003,74.6951219512195,74.6951219512195,74.6951219512195,74.6951219512195,0.003490658503988659,0.06911503837897545,-0.005061454830783556,-6.0,2.39,26.099999999999998,2,2,77.0,4,0.015,23.17,-0.01,52.648613399999995,9.745819299999999,32.09,31.27,52.6486069,9.7458197,0.016580627893946133,-0.02181661564992912,4.242371812822617,-10.625,-20.875,0.005,23.164268,0.023544006,0.51512897
0 days 00:00:03.350000,-0.0003537829564853371,-3.7278000000000002,1.0555560000000002,7.400664000000001,74.5079161317929,74.5079161317929,74.5079161317929,74.5079161317929,0.0,0.005934119456780722,-0.0005235987755982988,-11.0,2.39,26.699999999999996,2,2,77.5,4,0.0,23.14,-0.02,52.648613399999995,9.745819299999999,32.11,31.27,52.648604999999996,9.7458182,0.016580627893946133,-0.022514747350726852,4.242371812822617,-10.59,-20.785,0.07,23.133684,0.00896875,0.5408678
0 days 00:00:03.360000,-0.0003537829564853371,-1.0084680000000001,0.56898,9.303804000000001,74.56140350877193,74.56140350877193,74.56140350877193,74.56140350877193,0.0054105206811824215,0.10122909661567112,-0.00034906585039886593,-17.0,2.39,27.449999999999996,2,2,78.0,4,0.01,23.105,0.005,52.648613399999995,9.745819299999999,32.11,31.27,52.6486032,9.745816699999999,0.016580627893946133,-0.022689280275926284,4.242371812822617,-10.59,-20.785,0.07,23.099165,0.018606761,0.518955
0 days 00:00:03.370000,-0.00023585530432355804,-4.402728000000001,-0.258984,10.794924000000002,74.78872486093282,74.78872486093282,74.78872486093282,74.78872486093282,0.030543261909900768,0.07731808586334879,-0.0005235987755982988,-22.5,2.39,28.199999999999996,2,2,78.5,4,0.015,23.1,0.01,52.648613399999995,9.745819299999999,32.11,31.27,52.648601299999996,9.7458151,0.016580627893946133,-0.023736477827122883,4.242371812822617,-10.59,-20.785,0.07,23.093729,0.023922283,0.5379413
0 days 00:00:03.380000,-0.00011792765216177902,-4.622472,-0.20797200000000002,8.267868,74.86895592640137,74.86895592640137,74.86895592640137,74.86895592640137,0.02600540585471551,0.005585053606381855,-0.0012217304763960308,-28.0,2.39,28.949999999999996,2,2,79.0,4,0.01,23.055,-0.0,52.648613399999995,9.745819299999999,32.11,31.27,52.648599499999996,9.7458136,0.016929693744344994,-0.024434609527920616,4.242371812822617,-10.59,-20.785,0.07,23.048119,0.019534335,0.5630339
0 days 00:00:03.390000,-0.00023585530432355804,-1.5460560000000003,0.192276,9.951264,74.62157680787334,74.62157680787334,74.62157680787334,74.62157680787334,0.013439035240356337,0.06736970912698112,-0.007853981633974483,-34.0,2.39,29.699999999999996,2,2,79.5,4,0.005,23.01,0.015,52.6486038,9.7458118,32.11,31.27,52.648597599999995,9.745811999999999,0.017278759594743863,-0.024434609527920616,4.242371812822617,-10.59,-20.785,0.07,23.003498,0.0144535275,0.54702085
0 days 00:00:03.400000,-0.00023585530432355804,-4.06134,0.298224,9.068364,73.1306161745828,73.1306161745828,73.1306161745828,73.1306161745828,-0.0041887902047863905,0.013439035240356337,-0.006108652381980153,-39.0,2.39,29.999999999999996,2,2,80.0,4,0.01,23.0,0.01,52.6486038,9.7458118,32.09,31.26,52.648595799999995,9.7458105,0.017278759594743863,-0.025132741228718343,4.242197279897417,-10.515,-20.66,0.135,22.992989,0.019812273,0.5677378
0 days 00:00:03.410000,-0.00023585530432355804,-2.1621240000000004,0.349236,9.81,73.1907894736842,73.1907894736842,73.1907894736842,73.1907894736842,-0.009948376736367679,0.04834562028024293,-0.003316125578789226,-40.5,2.39,30.299999999999997,2,2,80.5,4,0.01,22.96,0.015,52.6486038,9.7458118,32.09,31.26,52.648593899999995,9.745809,0.017278759594743863,-0.02530727415391778,4.242197279897417,-10.515,-20.66,0.135,22.953028,0.01977776,0.56574047
0 days 00:00:03.420000,-0.00023585530432355804,-3.9750120000000004,-0.16088400000000003,9.857088000000003,73.69223363286264,73.69223363286264,73.69223363286264,73.69223363286264,-0.007504915783575617,0.06998770300497262,-0.0019198621771937623,-42.0,2.39,31.049999999999997,2,2,81.0,4,0.015,22.945,0.015,52.6486038,9.7458118,32.09,31.26,52.648592099999995,9.7458074,0.017278759594743863,-0.025830872929516076,4.242197279897417,-10.515,-20.66,0.135,22.937733,0.024977967,0.577283
0 days 00:00:03.430000,0.0,-5.31702,0.062784,10.100376,74.11344672657253,74.11344672657253,74.11344672657253,74.11344672657253,0.0031415926535897933,0.020420352248333655,-0.0019198621771937623,-42.0,2.39,31.799999999999997,2,2,81.5,4,0.01,22.905,0.015,52.6486038,9.7458118,32.09,31.26,52.648590299999995,9.745805899999999,0.01710422666954443,-0.02652900463031381,4.242197279897417,-10.515,-20.66,0.135,22.89734,0.020133682,0.5923232
0 days 00:00:03.440000,0.00011792765216177902,-2.6133840000000004,0.066708,9.802152000000001,74.01984381685922,74.01984381685922,74.01984381685922,74.01984381685922,-0.0036651914291880917,0.015184364492350668,-0.007504915783575617,-42.0,2.39,32.25,2,2,82.0,4,0.01,22.855,0.01,52.6485949,9.7458046,32.09,31.26,52.648588399999994,9.745804399999999,0.01710422666954443,-0.026703537555513242,4.242022746972218,-10.515,-20.66,0.135,22.847118,0.020264685,0.59998155
0 days 00:00:03.450000,-0.00023585530432355804,-2.31516,-0.047088000000000005,10.22202,73.46491228070175,73.46491228070175,73.46491228070175,73.46491228070175,-0.0158824961931484,0.031415926535897934,-0.009250245035569947,-42.5,2.39,32.699999999999996,2,2,82.5,4,0.01,22.830000000000002,0.01,52.6485949,9.7458046,31.96,31.26,52.648586599999994,9.7458029,0.01710422666954443,-0.026878070480712675,4.242022746972218,-10.43,-20.52,0.015,22.822023,0.020321393,0.6032968
0 days 00:00:03.460000,-0.00023585530432355804,-4.5675360000000005,0.9613800000000001,9.217476,72.86986521181001,72.86986521181001,72.86986521181001,72.86986521181001,-0.002967059728390361,-0.004537856055185257,-0.0010471975511965976,-43.0,2.39,34.2,2,2,83.0,4,0.01,22.81,0.005,52.6485949,9.7458046,31.96,31.26,52.648584799999995,9.7458013,0.016929693744344994,-0.027227136331111543,4.241848214047018,-10.43,-20.52,0.015,22.801682,0.020426355,0.6157186
0 days 00:00:03.470000,0.00011792765216177902,-3.1627440000000004,-0.612144,9.711900000000002,72.88992297817715,72.88992297817715,72.88992297817715,72.88992297817715,0.009075712110370514,0.020245819323134222,0.0017453292519943296,-43.0,2.39,35.7,2,2,83.5,4,0.02,22.77,0.01,52.6485949,9.7458046,31.96,31.26,52.648582999999995,9.7457998,0.016929693744344994,-0.027052603405912107,4.241848214047018,-10.43,-20.52,0.015,22.76194,0.030254621,0.6054909
0 days 00:00:03.480000,0.0004717106086471161,-4.116276,0.027468000000000003,9.645192000000002,72.86986521181001,72.86986521181001,72.86986521181001,72.86986521181001,0.015358897417550098,-0.004363323129985824,0.00017453292519943296,-45.0,2.39,38.25,2,2,84.0,4,0.01,22.740000000000002,0.01,52.6485949,9.7458046,31.96,31.26,52.648581099999994,9.745798299999999,0.01710422666954443,-0.027401669256310976,4.242022746972218,-10.43,-20.52,0.015,22.731737,0.020483594,0.612779
0 days 00:00:03.490000,0.00023585530432355804,-3.209832,0.17265600000000003,9.853164,72.43528027385537,72.43528027385537,72.43528027385537,72.43528027385537,0.02565634000431664,-0.0158824961931484,-0.0017453292519943296,-44.0,2.39,40.8,2,2,84.5,4,0.01,22.7,0.01,52.6485856,9.745797099999999,31.96,31.26,52.648579299999994,9.745796799999999,0.017278759594743863,-0.027227136331111543,4.242022746972218,-10.43,-20.52,0.015,22.69186,0.020503182,0.60771984
0 days 00:00:03.500000,-0.00023585530432355804,-2.774268,0.3924,9.821772000000001,71.33878904578519,71.33878904578519,71.33878904578519,71.33878904578519,0.021118483949131385,0.028274333882308142,0.0008726646259971648,-43.0,2.39,42.75,2,2,85.0,4,0.01,22.67,0.01,52.6485856,9.745797099999999,31.94,31.26,52.648577499999995,9.7457953,0.017453292519943295,-0.027227136331111543,4.241848214047018,-10.34,-20.34,-0.03,22.661871,0.020594995,0.6068997
0 days 00:00:03.510000,-0.00023585530432355804,-4.771584,-0.36493200000000003,12.133008000000002,71.19169875909286,71.19169875909286,71.19169875909286,71.19169875909286,0.03106686068549907,0.005934119456780722,0.004014257279586958,-30.0,2.39,44.7,2,2,85.5,4,0.01,22.645,0.01,52.6485856,9.745797099999999,31.94,31.26,52.648575699999995,9.7457938,0.017627825445142728,-0.027401669256310976,4.241848214047018,-10.34,-20.34,-0.03,22.636774,0.020758566,0.6101658
0 days 00:00:03.520000,-0.00011792765216177902,-5.732964000000001,0.003924,9.417600000000002,70.72368421052632,70.72368421052632,70.72368421052632,70.72368421052632,0.021467549799530253,-0.07557275661135446,0.002967059728390361,-30.0,2.39,45.9,2,2,86.0,4,0.005,22.605,-0.015,52.6485856,9.745797099999999,31.94,31.26,52.648573899999995,9.7457922,0.017976891295541596,-0.02757620218151041,4.242022746972218,-10.34,-20.34,-0.03,22.595991,0.01647278,0.6380823
0 days 00:00:03.530000,-0.00011792765216177902,-3.17844,0.702396,8.322804000000001,69.70073812580232,69.70073812580232,69.70073812580232,69.70073812580232,0.008726646259971648,-0.061086523819801536,0.00017453292519943296,-28.5,2.39,47.099999999999994,2,2,86.5,4,0.0,22.55,-0.015,52.6485856,9.745797099999999,31.94,31.26,52.648572099999996,9.745790699999999,0.01815142422074103,-0.026703537555513242,4.242022746972218,-10.34,-20.34,-0.03,22.54156,0.011200408,0.61698616
0 days 00:00:03.540000,-0.0005896382608088951,-3.5237520000000004,-0.08632800000000002,10.174932000000002,68.5507595207531,68.5507595207531,68.5507595207531,68.5507595207531,0.02617993877991494,-0.016755160819145562,-0.0022689280275926286,-27.0,2.39,46.65,2,2,87.0,4,0.01,22.52,-0.0,52.648576399999996,9.7457896,31.94,31.26,52.648570299999996,9.745789199999999,0.01832595714594046,-0.026179938779914945,4.242022746972218,-10.34,-20.34,-0.03,22.512283,0.020800957,0.5892227
0 days 00:00:03.550000,-0.000825493565132453,-4.905,-0.054936000000000006,10.135692000000002,67.70833333333333,67.70833333333333,67.70833333333333,67.70833333333333,0.04852015320544236,-0.07923794804054256,0.002617993877991494,-32.0,2.39,46.2,2,2,87.5,4,0.005,22.485,-0.005,52.648576399999996,9.7457896,31.970000000000002,31.25,52.648568499999996,9.7457877,0.018500490071139894,-0.02600540585471551,4.242022746972218,-10.24,-20.135,0.05,22.477268,0.015907593,0.5894705
0 days 00:00:03.560000,-0.0005896382608088951,-1.6166880000000001,0.184428,10.567332000000002,65.61563970902867,65.61563970902867,65.61563970902867,65.61563970902867,0.05707226654021458,-0.07539822368615504,0.00471238898038469,-32.0,2.39,45.9,2,2,88.0,4,0.005,22.44,-0.01,52.648576399999996,9.7457896,31.970000000000002,31.25,52.648566699999996,9.7457862,0.019024088846738195,-0.025132741228718343,4.242022746972218,-10.24,-20.135,0.05,22.432663,0.01591667,0.5737173
0 days 00:00:03.570000,-0.0007075659129706742,-1.192896,-0.4198680000000001,9.707976,61.88489516474113,61.88489516474113,61.88489516474113,61.88489516474113,0.05445427266222308,-0.04293509959906051,0.006981317007977318,-34.5,2.39,45.599999999999994,2,2,88.5,4,0.005,22.425,-0.015,52.648576399999996,9.7457896,31.970000000000002,31.25,52.6485649,9.7457847,0.019547687622336492,-0.024434609527920616,4.242022746972218,-10.24,-20.135,0.05,22.417938,0.016001485,0.5626818
0 days 00:00:03.580000,-0.000825493565132453,-3.9867840000000005,0.6160680000000002,9.770760000000001,59.190468549422334,59.190468549422334,59.190468549422334,59.190468549422334,0.059341194567807204,-0.017104226669544427,0.010122909661567111,-37.0,2.39,46.49999999999999,2,2,89.0,4,-0.005,22.415,-0.015,52.648576399999996,9.7457896,31.970000000000002,31.25,52.6485631,9.7457832,0.020245819323134222,-0.02408554367752175,4.242022746972218,-10.24,-20.135,0.05,22.40814,0.0062330617,0.55480844
0 days 00:00:03.590000,-0.0009434212172942321,-5.568156,0.24328800000000003,9.617724,57.418699186991866,57.418699186991866,57.418699186991866,57.418699186991866,0.07853981633974483,-0.0671951762017817,0.013788101090755204,-40.0,2.39,47.39999999999999,2,2,89.5,4,-0.005,22.38,-0.015,52.6485675,9.7457821,31.970000000000002,31.25,52.6485613,9.7457817,0.02076941809873252,-0.023911010752322315,4.242197279897417,-10.24,-20.135,0.05,22.373243,0.006424955,0.5500583
0 days 00:00:03.600000,-0.000825493565132453,-2.134656,-0.40809600000000007,10.873404,57.44544287548138,57.44544287548138,57.44544287548138,57.44544287548138,0.08604473212332044,-0.044331363000655974,0.00890117918517108,-42.0,2.39,48.3,2,2,90.0,4,-0.005,22.325,-0.015,52.6485675,9.7457821,31.970000000000002,31.25,52.6485595,9.7457803,0.021642082724729686,-0.023212879051524585,4.242197279897417,-10.16,-19.89,-0.06,22.318638,0.006539332,0.5331603
0 days 00:00:03.610000,-0.0007665297390515636,-2.546676,0.153036,11.434536,58.27449721865641,58.27449721865641,58.27449721865641,58.27449721865641,0.08848819307611251,-0.06440264939859076,0.007679448708775049,-36.0,2.39,49.2,2,2,90.0,4,-0.015,22.305,-0.025,52.6485675,9.7457821,31.970000000000002,31.25,52.6485577,9.7457788,0.022514747350726852,-0.022689280275926284,4.242371812822617,-10.16,-19.89,-0.06,22.298693,-0.0030410988,0.5312377
0 days 00:00:03.620000,-0.0007075659129706742,-3.496284,0.33746400000000004,10.127844,58.876230209670524,58.876230209670524,58.876230209670524,58.876230209670524,0.07766715171374766,-0.08011061266653972,0.00942477796076938,-36.0,2.39,48.0,2,2,90.0,4,-0.015,22.285,-0.04,52.6485675,9.7457821,31.970000000000002,31.25,52.6485559,9.7457773,0.023387411976724018,-0.022165681500327987,4.242371812822617,-10.16,-19.89,-0.06,22.278639,-0.0025102173,0.53411674
0 days 00:00:03.630000,-0.0005896382608088951,-3.213756,0.517968,8.821152,59.71865639709028,59.71865639709028,59.71865639709028,59.71865639709028,0.05567600313861911,-0.05724679946541401,0.012391837689159739,-23.0,2.39,46.8,2,2,90.0,4,-0.015,22.25,-0.045,52.6485675,9.7457821,31.970000000000002,31.25,52.6485541,9.745775799999999,0.02408554367752175,-0.02129301687433082,4.242371812822617,-10.16,-19.89,-0.06,22.244,-0.002503117,0.5189344
0 days 00:00:03.640000,-0.0005896382608088951,-3.6571680000000004,-0.066708,9.841392,60.03958065896448,60.03958065896448,60.03958065896448,60.03958065896448,0.041887902047863905,-0.020594885173533087,0.009250245035569947,-23.0,2.39,46.949999999999996,2,2,90.0,4,-0.015,22.22,-0.035,52.6485585,9.745774299999999,31.970000000000002,31.25,52.6485524,9.745774299999999,0.024783675378319478,-0.02076941809873252,4.242546345747817,-10.16,-19.89,-0.06,22.214481,-0.0026926564,0.49667495
0 days 00:00:03.650000,-0.0005896382608088951,-5.065884,1.208592,9.421524000000002,61.089270432178004,61.089270432178004,61.089270432178004,61.089270432178004,0.029321531433504733,-0.0582939970166106,0.008552113334772213,-19.5,2.39,47.099999999999994,2,2,90.0,4,-0.02,22.185,-0.04,52.6485585,9.745774299999999,32.03,31.25,52.6485506,9.7457728,0.025132741228718343,-0.020594885173533087,4.2427208786730155,-10.13,-19.675,-0.055,22.17947,-0.0075076264,0.49720246
0 days 00:00:03.660000,-0.0004717106086471161,-2.5702200000000004,0.40809600000000007,10.547712000000002,62.693891741548995,62.693891741548995,62.693891741548995,62.693891741548995,0.019547687622336492,-0.03787364476827695,0.005061454830783556,-16.0,2.39,46.49999999999999,2,2,90.0,4,-0.01,22.135,-0.035,52.6485585,9.745774299999999,32.03,31.25,52.6485488,9.7457713,0.02548180707911721,-0.019896753472735357,4.2427208786730155,-10.13,-19.675,-0.055,22.129923,0.002115443,0.47547907
0 days 00:00:03.670000,-0.0004717106086471161,-3.5551440000000003,0.7769520000000001,10.488852000000001,63.76363928112966,63.76363928112966,63.76363928112966,63.76363928112966,0.02775073510670984,-0.02617993877991494,0.006632251157578452,-14.5,2.39,45.89999999999999,2,2,90.0,4,-0.01,22.115000000000002,-0.045,52.6485585,9.745774299999999,32.03,31.25,52.648547,9.745769899999999,0.025656340004316644,-0.019547687622336492,4.2427208786730155,-10.13,-19.675,-0.055,22.109896,0.0022467186,0.4773605
0 days 00:00:03.680000,-0.0004717106086471161,-3.7905840000000004,-0.17265600000000003,10.779228,65.28134360290973,65.28134360290973,65.28134360290973,65.28134360290973,0.03298672286269283,-0.011344640137963142,0.0019198621771937623,-13.0,2.39,49.05,2,2,90.0,4,-0.005,22.080000000000002,-0.05,52.6485585,9.745774299999999,32.03,31.25,52.648545299999995,9.7457684,0.025830872929516076,-0.01937315469713706,4.2427208786730155,-10.13,-19.675,-0.055,22.074888,0.0073403,0.47769284
0 days 00:00:03.690000,-0.0004717106086471161,-4.398804,-0.15696000000000002,9.284184,66.06359649122807,66.06359649122807,66.06359649122807,66.06359649122807,0.017453292519943295,-0.032463124087094536,-0.004537856055185257,-14.0,2.39,52.2,2,2,90.0,4,-0.01,22.045,-0.06,52.6485498,9.7457668,32.03,31.25,52.648543499999995,9.7457669,0.026179938779914945,-0.019198621771937627,4.2427208786730155,-10.13,-19.675,-0.055,22.039785,0.0026520404,0.4832928
0 days 00:00:03.700000,-0.00023585530432355804,-3.8690640000000003,0.8711280000000001,7.9617960000000005,66.99293966623875,66.99293966623875,66.99293966623875,66.99293966623875,0.00645771823237902,-0.03787364476827695,-0.002617993877991494,-14.0,2.39,52.5,2,2,90.0,4,-0.015,22.0,-0.055,52.6485498,9.7457668,32.06,31.25,52.648541699999996,9.7457655,0.026354471705114377,-0.01884955592153876,4.2427208786730155,-10.09,-19.54,0.02,21.995054,-0.0026186903,0.46988806
0 days 00:00:03.710000,-0.00011792765216177902,-2.986164,0.298224,10.131768,68.93185708172872,68.93185708172872,68.93185708172872,68.93185708172872,0.00942477796076938,0.010995574287564275,-0.003490658503988659,-17.0,2.39,52.8,2,2,90.0,4,-0.005,21.965,-0.04,52.6485498,9.7457668,32.06,31.25,52.64854,9.745764,0.02652900463031381,-0.018500490071139894,4.2427208786730155,-10.09,-19.54,0.02,21.9605,0.006841146,0.44630882
0 days 00:00:03.720000,0.0,-4.677408000000001,0.251136,9.472536,70.34258664955071,70.34258664955071,70.34258664955071,70.34258664955071,0.008726646259971648,-0.015533430342749534,-0.002617993877991494,-17.0,2.39,51.0,2,2,90.0,4,-0.005,21.935,-0.045,52.6485498,9.7457668,32.06,31.25,52.6485382,9.7457625,0.02652900463031381,-0.018675022996339326,4.242546345747817,-10.09,-19.54,0.02,21.930334,0.0070605623,0.45457765
0 days 00:00:03.730000,0.00023585530432355804,-3.3040080000000005,0.47872800000000004,9.896328000000002,71.19169875909286,71.19169875909286,71.19169875909286,71.19169875909286,0.01308996938995747,0.00890117918517108,-0.004886921905584123,-20.0,2.39,49.2,2,2,90.0,4,-0.005,21.89,-0.04,52.6485498,9.7457668,32.06,31.25,52.6485365,9.745761,0.026703537555513242,-0.018500490071139894,4.242546345747817,-10.09,-19.54,0.02,21.885513,0.0068819965,0.44492063
0 days 00:00:03.740000,0.0004717106086471161,-2.888064,0.258984,9.766836000000001,71.22512836970475,71.22512836970475,71.22512836970475,71.22512836970475,0.0010471975511965976,0.014835298641951801,-0.011868238913561443,-23.0,2.39,49.95,2,2,90.0,4,0.0,21.86,-0.04,52.648540999999994,9.7457593,32.06,31.25,52.6485347,9.7457596,0.026878070480712675,-0.018500490071139894,4.242546345747817,-10.09,-19.54,0.02,21.85552,0.011942929,0.4442303
0 days 00:00:03.750000,0.0004717106086471161,-3.2529960000000004,0.37278,8.350272,70.56322207958922,70.56322207958922,70.56322207958922,70.56322207958922,-0.01884955592153876,-0.010122909661567111,-0.013962634015954637,-27.0,2.39,50.7,2,2,90.0,4,0.0,21.835,-0.04,52.648540999999994,9.7457593,32.06,31.25,52.648533,9.7457581,0.026878070480712675,-0.018675022996339326,4.242371812822617,-9.97,-19.490000000000002,0.08,21.830444,0.012032896,0.44757673
0 days 00:00:03.760000,0.0005306744347280056,-2.7389520000000003,0.40809600000000007,8.715204000000002,69.75422550278134,69.75422550278134,69.75422550278134,69.75422550278134,-0.023387411976724018,0.029845130209103034,-0.012042771838760874,-27.0,2.39,51.15,2,2,90.0,4,0.005,21.8,-0.03,52.648540999999994,9.7457593,32.06,31.25,52.6485312,9.7457567,0.026703537555513242,-0.018500490071139894,4.242197279897417,-9.97,-19.490000000000002,0.08,21.795713,0.01656702,0.4329945
0 days 00:00:03.770000,0.0005896382608088951,-4.445892000000001,0.8083440000000001,9.774684,69.49347454000855,69.49347454000855,69.49347454000855,69.49347454000855,-0.03508111796508603,0.08604473212332044,-0.013962634015954637,-30.0,2.39,51.599999999999994,2,2,90.0,4,0.01,21.775000000000002,-0.02,52.648540999999994,9.7457593,32.06,31.25,52.648529499999995,9.7457552,0.026354471705114377,-0.01884955592153876,4.242197279897417,-9.97,-19.490000000000002,0.08,21.770754,0.021338739,0.43000823
0 days 00:00:03.780000,0.000825493565132453,-6.333336000000001,0.10594800000000001,10.390752000000003,70.66351091142491,70.66351091142491,70.66351091142491,70.66351091142491,-0.02565634000431664,0.02600540585471551,-0.011693705988362009,-33.0,2.39,53.099999999999994,2,2,90.0,4,0.02,21.735,-0.02,52.648540999999994,9.7457593,32.06,31.25,52.648527699999995,9.7457538,0.02600540585471551,-0.019722220547535925,4.242022746972218,-9.97,-19.490000000000002,0.08,21.73038,0.03165875,0.44795907
0 days 00:00:03.790000,0.0010613488694560112,-3.633624,-0.851508,9.798228,70.97774925117672,70.97774925117672,70.97774925117672,70.97774925117672,-0.005061454830783556,0.0019198621771937623,-0.012391837689159739,-36.0,2.39,54.599999999999994,2,2,90.0,4,0.02,21.675,-0.025,52.6485322,9.745752099999999,32.06,31.25,52.648526,9.7457523,0.025830872929516076,-0.020071286397934793,4.241848214047018,-9.97,-19.490000000000002,0.08,21.670132,0.03187449,0.45934084
0 days 00:00:03.800000,0.0012972041737795694,-1.389096,-0.047088000000000005,10.987200000000001,70.39607402652973,70.39607402652973,70.39607402652973,70.39607402652973,-0.004886921905584123,0.08220500776893291,-0.021467549799530253,-40.0,2.39,56.24999999999999,2,2,90.0,4,0.01,21.64,-0.025,52.6485322,9.745752099999999,32.05,31.25,52.6485243,9.745750899999999,0.025656340004316644,-0.020071286397934793,4.241848214047018,-9.835,-19.395,0.045,21.63514,0.02177959,0.45890075
0 days 00:00:03.810000,0.0011792765216177901,-5.37588,0.30999600000000005,8.844696,68.83156824989302,68.83156824989302,68.83156824989302,68.83156824989302,-0.009599310885968814,0.015707963267948967,-0.02617993877991494,-42.0,2.39,57.89999999999999,2,2,90.5,4,0.01,21.625,-0.04,52.6485322,9.745752099999999,32.05,31.25,52.6485225,9.7457494,0.025656340004316644,-0.020943951023931952,4.24149914819662,-9.835,-19.395,0.045,21.61942,0.02264059,0.49245232
0 days 00:00:03.820000,0.0010613488694560112,-2.9979360000000006,0.9810000000000001,6.635484,67.21357509627727,67.21357509627727,67.21357509627727,67.21357509627727,-0.02391101075232232,0.004886921905584123,-0.022863813201125717,-46.0,2.39,62.24999999999999,2,2,91.0,4,0.02,21.575,-0.03,52.6485322,9.745752099999999,32.05,31.25,52.6485208,9.745747999999999,0.02548180707911721,-0.020943951023931952,4.24132461527142,-9.835,-19.395,0.045,21.569641,0.032269977,0.48116013
0 days 00:00:03.830000,0.0009434212172942321,-1.7971920000000001,0.8868240000000002,9.503928,65.74267222935387,65.74267222935387,65.74267222935387,65.74267222935387,-0.01902408884673819,0.12269664641520137,-0.017278759594743863,-48.0,2.39,66.6,2,2,91.5,4,0.03,21.545,-0.0,52.6485322,9.745752099999999,32.05,31.25,52.648519099999994,9.7457465,0.02530727415391778,-0.02111848394913139,4.241150082346221,-9.835,-19.395,0.045,21.540195,0.04150306,0.45405912
0 days 00:00:03.840000,0.0015330594781031272,-5.980176000000001,0.298224,10.002276000000002,65.52203679931537,65.52203679931537,65.52203679931537,65.52203679931537,-0.02548180707911721,0.08447393579652554,-0.017976891295541593,-48.0,2.39,68.4,2,2,92.0,4,0.04,21.53,0.005,52.6485236,9.7457452,32.05,31.25,52.648517299999995,9.745745099999999,0.025132741228718343,-0.02234021442552742,4.240975549421021,-9.835,-19.395,0.045,21.524742,0.051947936,0.47479057
0 days 00:00:03.850000,0.0012382403476986798,-5.952708,0.03531600000000001,9.452916,65.16768292682927,65.16768292682927,65.16768292682927,65.16768292682927,-0.014835298641951801,-0.019896753472735357,-0.01780235837034216,-47.5,2.39,70.2,2,2,92.5,4,0.045,21.475,-0.0,52.6485236,9.7457452,31.98,31.25,52.648515599999996,9.7457437,0.024783675378319478,-0.023212879051524585,4.240801016495822,-9.745000000000001,-19.26,0.085,21.469215,0.057338387,0.49718362
0 days 00:00:03.860000,0.0009434212172942321,0.0,0.302148,10.045440000000001,64.98047710740265,64.98047710740265,64.98047710740265,64.98047710740265,-0.008726646259971648,0.045029494701453704,-0.022863813201125717,-47.0,2.39,70.35,2,2,93.0,4,0.045,21.415,0.005,52.6485236,9.7457452,31.98,31.25,52.6485139,9.7457423,0.024783675378319478,-0.02303834612632515,4.240626483570622,-9.745000000000001,-19.26,0.085,21.409433,0.057087403,0.4870588
0 days 00:00:03.870000,0.0010613488694560112,-3.272616,0.062784,10.433916000000002,65.78278776208816,65.78278776208816,65.78278776208816,65.78278776208816,-0.01117010721276371,0.09442231253289324,-0.021467549799530253,-46.5,2.39,70.5,2,2,93.5,4,0.055,21.42,-0.0,52.6485236,9.7457452,31.98,31.25,52.6485122,9.7457408,0.024609142453120045,-0.023387411976724018,4.240451950645423,-9.745000000000001,-19.26,0.085,21.414143,0.06730913,0.49940762
0 days 00:00:03.880000,0.0011792765216177901,-6.953328,0.60822,8.872164000000001,67.561243046641,67.561243046641,67.561243046641,67.561243046641,-0.014486232791552938,0.002967059728390361,-0.02129301687433082,-46.0,2.39,74.69999999999999,2,2,94.0,4,0.055,21.39,-0.005,52.6485236,9.7457452,31.98,31.25,52.6485105,9.7457394,0.024434609527920616,-0.024434609527920616,4.240277417720224,-9.745000000000001,-19.26,0.085,21.383492,0.06787407,0.5261015
0 days 00:00:03.890000,0.0014151318259413483,-3.1470480000000003,0.16088400000000003,8.479764000000001,69.75422550278134,69.75422550278134,69.75422550278134,69.75422550278134,-0.030543261909900768,0.002617993877991494,-0.01832595714594046,-46.0,2.39,78.89999999999999,2,2,94.5,4,0.065,21.32,-0.0,52.648514999999996,9.745738,31.98,31.25,52.648508799999995,9.745738,0.024434609527920616,-0.024434609527920616,4.239928351869825,-9.745000000000001,-19.26,0.085,21.313635,0.07770717,0.51915044
0 days 00:00:03.900000,0.0014151318259413483,-1.718712,-0.090252,10.779228,70.47630509199828,70.47630509199828,70.47630509199828,70.47630509199828,-0.046774823953448036,0.06318091892219473,-0.014835298641951801,-45.0,2.39,76.95,2,2,95.0,4,0.065,21.29,0.015,52.648514999999996,9.745738,31.98,31.25,52.648507099999996,9.745736599999999,0.02408554367752175,-0.024434609527920616,4.239753818944626,-9.665000000000001,-19.13,0.085,21.284012,0.07714716,0.5034537
0 days 00:00:03.910000,0.0009434212172942321,-4.6617120000000005,0.10202400000000002,9.65304,70.0550919982884,70.0550919982884,70.0550919982884,70.0550919982884,-0.03700098014227979,-0.024434609527920613,-0.007679448708775049,-44.0,2.39,75.0,2,2,95.5,4,0.065,21.275000000000002,0.005,52.648514999999996,9.745738,31.98,31.25,52.6485054,9.7457351,0.02356194490192345,-0.025132741228718343,4.239753818944626,-9.665000000000001,-19.13,0.085,21.268408,0.07746025,0.527966
0 days 00:00:03.920000,0.0008844573912133426,-0.21189600000000003,-0.03531600000000001,9.82962,69.57370560547712,69.57370560547712,69.57370560547712,69.57370560547712,-0.027925268031909273,0.008552113334772213,-0.01361356816555577,-43.0,2.39,66.75,2,2,96.0,4,0.065,21.23,0.005,52.648514999999996,9.745738,31.98,31.25,52.6485037,9.745733699999999,0.023212879051524585,-0.024783675378319478,4.239579286019426,-9.665000000000001,-19.13,0.085,21.223604,0.07707775,0.51945597
0 days 00:00:03.930000,0.000825493565132453,-0.894672,0.20797200000000002,11.485548000000001,68.87836970474967,68.87836970474967,68.87836970474967,68.87836970474967,-0.034208453339088854,0.06597344572538566,-0.024434609527920613,-43.0,2.39,58.5,2,2,96.5,4,0.065,21.235,0.005,52.648514999999996,9.745738,31.98,31.25,52.648502,9.7457323,0.022863813201125717,-0.02495820830351891,4.2394047530942265,-9.665000000000001,-19.13,0.085,21.228512,0.07698396,0.5233109
0 days 00:00:03.940000,0.000825493565132453,-5.634864,-0.090252,9.762912000000002,68.4237270004279,68.4237270004279,68.4237270004279,68.4237270004279,-0.05445427266222308,-0.010297442586766544,-0.027052603405912107,-43.0,2.39,57.6,2,2,97.0,4,0.07,21.225,-0.01,52.648506499999996,9.745730799999999,31.98,31.25,52.648500299999995,9.7457309,0.022514747350726852,-0.025656340004316644,4.239230220169027,-9.665000000000001,-19.13,0.085,21.21776,0.08246547,0.55277634
0 days 00:00:03.950000,0.0007075659129706742,-3.6297,0.258984,8.781912,69.2527813436029,69.2527813436029,69.2527813436029,69.2527813436029,-0.06405358354819189,-0.03438298626428829,-0.021118483949131385,-43.0,2.39,56.7,2,2,97.5,4,0.075,21.175,-0.015,52.648506499999996,9.745730799999999,31.98,31.240000000000002,52.648498599999996,9.7457295,0.02199114857512855,-0.02548180707911721,4.238881154318628,-9.575000000000001,-18.94,0.015,21.167744,0.08717528,0.55273074
0 days 00:00:03.960000,0.0007075659129706742,-2.852748,0.521892,9.613800000000001,69.72748181429183,69.72748181429183,69.72748181429183,69.72748181429183,-0.03665191429188092,0.014835298641951801,-0.012740903539558606,-43.0,2.39,59.25,2,2,98.0,4,0.08,21.14,-0.005,52.648506499999996,9.745730799999999,31.98,31.240000000000002,52.6484969,9.7457281,0.02129301687433082,-0.025132741228718343,4.238706621393429,-9.575000000000001,-18.94,0.015,21.133198,0.09139936,0.5344238
0 days 00:00:03.970000,0.0007075659129706742,-4.445892000000001,-0.145188,9.429372,69.51353230637568,69.51353230637568,69.51353230637568,69.51353230637568,-0.0012217304763960308,-0.011344640137963142,-0.008203047484373348,-43.5,2.39,61.8,2,2,98.5,4,0.085,21.115000000000002,-0.0,52.648506499999996,9.745730799999999,31.98,31.240000000000002,52.6484952,9.745726699999999,0.020943951023931952,-0.02530727415391778,4.238532088468229,-9.575000000000001,-18.94,0.015,21.108238,0.096171014,0.5324088
0 days 00:00:03.980000,0.0007075659129706742,-2.31516,-0.7926480000000001,10.406448000000001,69.5469619169876,69.5469619169876,69.5469619169876,69.5469619169876,0.010297442586766544,-0.003490658503988659,-0.01902408884673819,-44.0,2.39,66.3,2,2,99.0,4,0.085,21.07,-0.0,52.648506499999996,9.745730799999999,31.98,31.240000000000002,52.6484935,9.745725199999999,0.020943951023931952,-0.025132741228718343,4.238532088468229,-9.575000000000001,-18.94,0.015,21.063347,0.096070185,0.5275949
0 days 00:00:03.990000,0.0003537829564853371,-2.366172,0.41594400000000004,9.978732,68.08274497218656,68.08274497218656,68.08274497218656,68.08274497218656,-0.0158824961931484,-0.011693705988362009,-0.027052603405912107,-43.0,2.39,70.8,2,2,99.5,4,0.08,21.05,-0.005,52.648498,9.7457237,31.98,31.240000000000002,52.648491799999995,9.7457238,0.02111848394913139,-0.025132741228718343,4.23835755554303,-9.575000000000001,-18.94,0.015,21.043226,0.09125832,0.5321785
0 days 00:00:04,0.00029481913040444753,-3.311856,0.827964,8.452296,67.83536585365853,67.83536585365853,67.83536585365853,67.83536585365853,-0.04345869837465881,-0.020071286397934793,-0.018675022996339326,-45.0,2.39,73.19999999999999,2,2,100.0,4,0.09,21.03,-0.01,52.648498,9.7457237,31.98,31.240000000000002,52.6484901,9.7457224,0.020943951023931952,-0.02495820830351891,4.23800848969263,-9.495000000000001,-18.830000000000002,-0.035,21.023201,0.10118055,0.5328114
0 days 00:00:04.010000,0.00023585530432355804,-3.6532440000000004,0.31392000000000003,10.563408,67.76182071031236,67.76182071031236,67.76182071031236,67.76182071031236,-0.03700098014227979,0.019198621771937627,-0.011344640137963142,-45.0,2.39,75.6,2,1,100.0,4,0.1,20.995,0.005,52.648498,9.7457237,31.98,31.240000000000002,52.6484884,9.745721,0.020420352248333655,-0.024783675378319478,4.237833956767432,-9.495000000000001,-18.830000000000002,-0.035,20.988678,0.11050065,0.5131322
0 days 00:00:04.020000,0.0007075659129706742,-4.8422160000000005,-0.6160680000000002,9.182160000000001,68.83156824989302,68.83156824989302,68.83156824989302,68.83156824989302,-0.03228859116189509,-0.026878070480712675,-0.010122909661567111,-43.0,2.39,80.55,2,1,100.0,4,0.1,20.965,-0.005,52.648498,9.7457237,31.98,31.240000000000002,52.6484868,9.7457196,0.020071286397934793,-0.02495820830351891,4.237659423842232,-9.495000000000001,-18.830000000000002,-0.035,20.958347,0.11058067,0.5260796
0 days 00:00:04.030000,0.0009434212172942321,-3.0136320000000003,-0.3924,9.656964,69.11906290115532,69.11906290115532,69.11906290115532,69.11906290115532,-0.030717794835100197,-0.03822271061867582,-0.01832595714594046,-45.0,2.39,85.5,2,1,100.0,4,0.095,20.915,-0.0,52.648498,9.7457237,31.98,31.240000000000002,52.648485099999995,9.745718199999999,0.019722220547535925,-0.024783675378319478,4.237659423842232,-9.495000000000001,-18.830000000000002,-0.035,20.908579,0.10520284,0.5163232
0 days 00:00:04.040000,0.0003537829564853371,-2.3073120000000005,-0.447336,8.515080000000001,68.85831193838254,68.85831193838254,68.85831193838254,68.85831193838254,-0.035953782591083186,-0.049567350756638956,-0.02129301687433082,-46.0,2.39,78.15,2,1,100.0,4,0.095,20.89,-0.0,52.6484896,9.7457167,31.98,31.240000000000002,52.648483399999996,9.7457168,0.01937315469713706,-0.024434609527920616,4.237484890917033,-9.495000000000001,-18.830000000000002,-0.035,20.883764,0.10486938,0.50845206
0 days 00:00:04.050000,0.0005306744347280056,-1.5617520000000003,0.074556,9.982656,68.08274497218656,68.08274497218656,68.08274497218656,68.08274497218656,-0.014311699866353502,0.0017453292519943296,-0.021467549799530253,-47.0,2.39,70.8,2,1,100.0,4,0.09,20.87,0.015,52.6484896,9.7457167,31.98,31.240000000000002,52.6484817,9.7457155,0.019198621771937627,-0.023911010752322315,4.237135825066634,-9.475,-18.665,0.02,20.864393,0.09927458,0.48216256
0 days 00:00:04.060000,0.0007075659129706742,-4.108428,0.17658000000000004,10.324044,67.63478818998715,67.63478818998715,67.63478818998715,67.63478818998715,-0.0054105206811824215,0.03682644721708035,-0.017627825445142728,-46.0,2.39,71.25,2,1,100.0,4,0.095,20.855,0.015,52.6484896,9.7457167,31.98,31.240000000000002,52.6484801,9.745714099999999,0.019024088846738195,-0.023911010752322315,4.236961292141434,-9.475,-18.665,0.02,20.849396,0.104182705,0.48172617
0 days 00:00:04.070000,0.0012972041737795694,-6.097896,-0.90252,8.797608,67.49438382541719,67.49438382541719,67.49438382541719,67.49438382541719,-0.005759586531581288,-0.02809980095710871,-0.020943951023931952,-46.5,2.39,71.7,2,1,100.0,4,0.1,20.82,0.005,52.6484896,9.7457167,31.98,31.240000000000002,52.648478399999995,9.7457127,0.01884955592153876,-0.024260076602721184,4.236786759216235,-9.475,-18.665,0.02,20.813995,0.10940734,0.49807307
0 days 00:00:04.080000,0.0014151318259413483,-2.58984,0.17265600000000003,7.443828000000001,67.70833333333333,67.70833333333333,67.70833333333333,67.70833333333333,-0.009250245035569947,-0.038571776469074684,-0.02129301687433082,-47.0,2.39,76.5,2,1,100.0,4,0.09,20.76,0.015,52.6484896,9.7457167,31.98,31.240000000000002,52.648476699999996,9.7457113,0.01884955592153876,-0.02408554367752175,4.236612226291036,-9.475,-18.665,0.02,20.75434,0.09912498,0.4831894
0 days 00:00:04.090000,0.0012972041737795694,-0.7494840000000002,-0.6631560000000001,9.755064,67.53449935815148,67.53449935815148,67.53449935815148,67.53449935815148,0.013264502315156903,0.034033920413889425,-0.01815142422074103,-47.0,2.39,81.3,2,1,100.0,4,0.095,20.735,0.04,52.6484812,9.7457098,31.98,31.240000000000002,52.6484751,9.7457099,0.01884955592153876,-0.02356194490192345,4.236437693365836,-9.475,-18.665,0.02,20.730186,0.10343708,0.4466526
0 days 00:00:04.100000,0.0011792765216177901,-3.935772,-0.184428,10.743912,66.52492511767224,66.52492511767224,66.52492511767224,66.52492511767224,0.01815142422074103,0.05794493116621175,-0.016929693744344998,-50.0,2.39,85.65,2,1,100.0,4,0.09,20.73,0.04,52.6484812,9.7457098,31.94,31.240000000000002,52.6484734,9.7457085,0.01884955592153876,-0.023911010752322315,4.236263160440636,-9.4,-18.47,-0.005,20.725029,0.09857211,0.45386216
0 days 00:00:04.110000,0.0012972041737795694,-5.9841,-0.290376,10.096452000000001,66.35109114249036,66.35109114249036,66.35109114249036,66.35109114249036,-0.0054105206811824215,0.023212879051524585,-0.023212879051524585,-42.0,2.39,90.0,2,1,100.0,4,0.09,20.695,0.03,52.6484812,9.7457098,31.94,31.240000000000002,52.648471799999996,9.745707099999999,0.019024088846738195,-0.024609142453120045,4.2360886275154375,-9.4,-18.47,-0.005,20.689472,0.099100344,0.47744507
0 days 00:00:04.120000,0.0012972041737795694,-4.944240000000001,0.52974,8.762292,66.78567608044503,66.78567608044503,66.78567608044503,66.78567608044503,-0.04537856055185257,-0.05724679946541401,-0.023736477827122886,-42.0,2.39,85.8,2,1,100.0,4,0.09,20.635,0.025,52.6484812,9.7457098,31.94,31.23,52.6484701,9.7457057,0.019024088846738195,-0.024783675378319478,4.235739561665039,-9.4,-18.47,-0.005,20.629284,0.09923583,0.48456636
0 days 00:00:04.130000,0.0012972041737795694,-0.635688,0.37670400000000004,8.369892000000002,67.3339216944801,67.3339216944801,67.3339216944801,67.3339216944801,-0.053930673886624786,-0.03577924966588375,-0.014311699866353502,-44.0,2.39,81.6,2,1,100.0,4,0.1,20.59,0.035,52.6484812,9.7457098,31.94,31.23,52.6484685,9.7457043,0.018500490071139894,-0.024260076602721184,4.235565028739839,-9.4,-18.47,-0.005,20.58479,0.10857543,0.4625468
0 days 00:00:04.140000,0.001650987130264906,-0.7180920000000001,0.039240000000000004,9.896328000000002,67.28712023962346,67.28712023962346,67.28712023962346,67.28712023962346,-0.03543018381548489,0.05183627878423159,-0.00645771823237902,-46.0,2.39,77.69999999999999,2,1,100.0,4,0.105,20.585,0.05,52.6484728,9.745702999999999,31.94,31.23,52.648466799999994,9.745702999999999,0.017976891295541596,-0.023911010752322315,4.23539049581464,-9.4,-18.47,-0.005,20.58031,0.11293154,0.4402166
0 days 00:00:04.150000,0.0015920233041840167,-6.027264000000001,-0.17658000000000004,8.723052000000001,67.16008771929825,67.16008771929825,67.16008771929825,67.16008771929825,-0.01291543646475804,0.016231562043547268,-0.004537856055185257,-48.0,2.39,73.8,2,1,100.0,4,0.105,20.580000000000002,0.05,52.6484728,9.745702999999999,31.98,31.23,52.6484652,9.7457016,0.017627825445142728,-0.024434609527920616,4.23539049581464,-9.365,-18.335,-0.02,20.575077,0.11296566,0.45090795
0 days 00:00:04.160000,0.0015330594781031272,-4.7048760000000005,-0.5258160000000001,8.197236,66.33103337612323,66.33103337612323,66.33103337612323,66.33103337612323,0.003316125578789226,-0.010471975511965976,-0.0054105206811824215,-48.0,2.39,75.15,2,1,100.0,4,0.105,20.52,0.055,52.6484728,9.745702999999999,31.98,31.23,52.6484635,9.7457002,0.017453292519943295,-0.024609142453120045,4.23539049581464,-9.365,-18.335,-0.02,20.51514,0.11283664,0.4480443
0 days 00:00:04.170000,0.0015330594781031272,-1.6637760000000001,-0.447336,10.347588,66.67201540436457,66.67201540436457,66.67201540436457,66.67201540436457,0.0013962634015954637,0.05026548245743669,-0.006981317007977318,-48.0,2.39,76.5,2,1,100.0,4,0.1,20.475,0.07,52.6484728,9.745702999999999,31.98,31.23,52.6484619,9.7456988,0.017627825445142728,-0.024434609527920616,4.2352159628894395,-9.365,-18.335,-0.02,20.4706,0.107568786,0.4284402
0 days 00:00:04.180000,0.0015920233041840167,-4.940316000000001,0.30999600000000005,11.155932,66.47812366281556,66.47812366281556,66.47812366281556,66.47812366281556,0.024085543677521748,0.0020943951023931952,-0.0017453292519943296,-48.0,2.39,79.65,2,1,100.0,4,0.095,20.46,0.065,52.6484728,9.745702999999999,31.98,31.23,52.648460199999995,9.7456975,0.017627825445142728,-0.02495820830351891,4.2352159628894395,-9.365,-18.335,-0.02,20.455248,0.10284001,0.4438684
0 days 00:00:04.190000,0.001650987130264906,-4.143744,-0.859356,9.127224,66.3109756097561,66.3109756097561,66.3109756097561,66.3109756097561,0.03769911184307752,-0.01780235837034216,-0.0015707963267948967,-48.0,2.39,82.8,2,1,100.0,4,0.095,20.415,0.05,52.6484646,9.745695999999999,31.98,31.23,52.6484586,9.7456961,0.01780235837034216,-0.02495820830351891,4.2352159628894395,-9.365,-18.335,-0.02,20.409891,0.10316443,0.45772055
0 days 00:00:04.200000,0.0017689147824266852,-2.829204,-0.5846760000000001,11.136312,66.40457851946941,66.40457851946941,66.40457851946941,66.40457851946941,0.05270894341022875,0.033335788713091695,-0.006283185307179587,-48.0,2.39,86.55,2,1,100.0,4,0.085,20.375,0.06,52.6484646,9.745695999999999,31.98,31.23,52.648457,9.7456947,0.01815142422074103,-0.024783675378319478,4.2352159628894395,-9.315,-18.225,-0.07,20.370232,0.09306174,0.443318
0 days 00:00:04.210000,0.0017689147824266852,-4.9795560000000005,0.027468000000000003,9.707976,66.64527171587504,66.64527171587504,66.64527171587504,66.64527171587504,0.046949356878647465,-0.048869219055841226,-0.007330382858376183,-48.0,2.39,90.3,2,1,100.0,4,0.075,20.35,0.045,52.6484646,9.745695999999999,31.98,31.23,52.648455399999996,9.7456934,0.018675022996339326,-0.025132741228718343,4.235041429964241,-9.315,-18.225,-0.07,20.344706,0.08369667,0.46492982
0 days 00:00:04.220000,0.0017689147824266852,-1.624536,-0.7494840000000002,9.193932,66.1839430894309,66.1839430894309,66.1839430894309,66.1839430894309,0.039269908169872414,-0.03560471674068432,-0.01064650843716541,-48.0,2.39,83.25,2,1,100.0,4,0.075,20.305,0.045,52.6484646,9.745695999999999,31.98,31.220000000000002,52.6484537,9.745692,0.019198621771937627,-0.024609142453120045,4.235041429964241,-9.315,-18.225,-0.07,20.299961,0.08371433,0.45312822
0 days 00:00:04.230000,0.001650987130264906,-2.8252800000000007,0.180504,9.943416000000001,65.91650620453574,65.91650620453574,65.91650620453574,65.91650620453574,0.016929693744344998,0.02495820830351891,-0.015707963267948967,-47.0,2.39,76.2,2,1,100.0,4,0.07,20.29,0.05,52.6484646,9.745695999999999,31.98,31.220000000000002,52.6484521,9.7456906,0.019547687622336492,-0.024260076602721184,4.2348668970390415,-9.315,-18.225,-0.07,20.285244,0.078630134,0.44075063
0 days 00:00:04.240000,0.0017689147824266852,-6.788520000000001,0.08240400000000002,8.318880000000002,65.35488874625588,65.35488874625588,65.35488874625588,65.35488874625588,0.00471238898038469,-0.03159045946109736,-0.014311699866353502,-47.0,2.39,78.75,2,1,100.0,4,0.075,20.265,0.05,52.6484563,9.745688699999999,31.98,31.220000000000002,52.648450499999996,9.7456893,0.019722220547535925,-0.024609142453120045,4.234692364113842,-9.315,-18.225,-0.07,20.260094,0.08383359,0.44710276
0 days 00:00:04.250000,0.0017689147824266852,-3.5669160000000004,1.2556800000000001,9.166464000000001,64.98047710740265,64.98047710740265,64.98047710740265,64.98047710740265,-0.022514747350726852,-0.026703537555513242,-0.013962634015954637,-46.5,2.39,81.3,2,1,100.0,4,0.075,20.195,0.06,52.6484563,9.745688699999999,32.09,31.220000000000002,52.6484489,9.7456879,0.019722220547535925,-0.024260076602721184,4.234517831188642,-9.295,-18.080000000000002,-0.07,20.190512,0.08346349,0.42833912
0 days 00:00:04.260000,0.0017689147824266852,-2.4799680000000004,-0.054936000000000006,10.068984,64.98047710740265,64.98047710740265,64.98047710740265,64.98047710740265,-0.017104226669544427,0.011519173063162576,-0.008377580409572781,-46.0,2.39,81.44999999999999,2,1,100.0,4,0.09,20.165,0.065,52.6484563,9.745688699999999,32.09,31.220000000000002,52.6484473,9.7456865,0.019547687622336492,-0.023911010752322315,4.234517831188642,-9.295,-18.080000000000002,-0.07,20.160791,0.09813638,0.41529933
0 days 00:00:04.270000,0.0017689147824266852,-4.810824,0.9064440000000001,9.001656,65.59558194266152,65.59558194266152,65.59558194266152,65.59558194266152,0.0008726646259971648,-0.006283185307179587,-0.005585053606381855,-46.0,2.39,81.6,2,1,100.0,4,0.09,20.14,0.065,52.6484563,9.745688699999999,32.09,31.220000000000002,52.648445599999995,9.745685199999999,0.01937315469713706,-0.02408554367752175,4.234343298263443,-9.295,-18.080000000000002,-0.07,20.135723,0.09812039,0.41823253
0 days 00:00:04.280000,0.0017689147824266852,-4.281084,-0.04316400000000001,9.197856000000002,64.98047710740265,64.98047710740265,64.98047710740265,64.98047710740265,0.018500490071139894,-0.006283185307179587,-0.004363323129985824,-46.0,2.39,84.6,2,1,100.0,4,0.095,20.095,0.07,52.6484563,9.745688699999999,32.09,31.220000000000002,52.648444,9.7456838,0.01937315469713706,-0.02408554367752175,4.234343298263443,-9.295,-18.080000000000002,-0.07,20.090857,0.103001624,0.4120545
0 days 00:00:04.290000,0.0017689147824266852,-2.9665440000000003,0.062784,11.167704,64.75315575524176,64.75315575524176,64.75315575524176,64.75315575524176,-0.005235987755982988,0.04415683007545654,-0.0036651914291880917,-47.0,2.39,87.6,2,1,100.0,4,0.095,20.055,0.075,52.6484484,9.7456817,32.09,31.220000000000002,52.6484424,9.7456825,0.019547687622336492,-0.023911010752322315,4.234343298263443,-9.295,-18.080000000000002,-0.07,20.05106,0.1028886,0.4025769
0 days 00:00:04.300000,0.0017689147824266852,-4.751964,-0.9770760000000002,13.027680000000002,64.8668164313222,64.8668164313222,64.8668164313222,64.8668164313222,-0.010297442586766544,-0.02495820830351891,-0.004363323129985824,-46.0,2.39,79.65,2,1,100.0,4,0.095,20.03,0.06,52.6484484,9.7456817,32.12,31.220000000000002,52.648440799999996,9.745681099999999,0.019547687622336492,-0.024434609527920616,4.234168765338243,-9.23,-17.865000000000002,-0.03,20.025488,0.10337498,0.4274555
0 days 00:00:04.310000,0.0017689147824266852,-3.496284,0.29430000000000006,9.692280000000002,64.68629653401797,64.68629653401797,64.68629653401797,64.68629653401797,0.0036651914291880917,-0.10978120995044333,0.0019198621771937623,-46.0,2.39,71.7,2,1,100.0,4,0.085,19.985,0.03,52.6484484,9.7456817,32.12,31.220000000000002,52.6484392,9.7456798,0.01937315469713706,-0.024260076602721184,4.234168765338243,-9.23,-17.865000000000002,-0.03,19.979849,0.09379439,0.45306692
0 days 00:00:04.320000,0.0018868424345884643,0.37278,0.15696000000000002,7.789140000000001,64.56594993581514,64.56594993581514,64.56594993581514,64.56594993581514,0.017104226669544427,0.039269908169872414,0.0012217304763960308,-47.0,2.39,71.1,2,1,100.0,4,0.085,19.95,0.03,52.6484484,9.7456817,32.12,31.220000000000002,52.6484376,9.7456784,0.019547687622336492,-0.02303834612632515,4.234168765338243,-9.23,-17.865000000000002,-0.03,19.945396,0.09338057,0.4278388
0 days 00:00:04.330000,0.0018868424345884643,-4.86576,-0.545436,10.528092000000003,64.80664313222078,64.80664313222078,64.80664313222078,64.80664313222078,0.039269908169872414,0.11466813185602746,0.0012217304763960308,-48.5,2.39,70.5,2,1,100.0,4,0.085,19.955000000000002,0.05,52.6484484,9.7456817,32.12,31.220000000000002,52.648436,9.7456771,0.019722220547535925,-0.02356194490192345,4.234168765338243,-9.23,-17.865000000000002,-0.03,19.95064,0.09326921,0.418391
0 days 00:00:04.340000,0.0021226977389120225,-8.377740000000001,-0.8711280000000001,8.738748000000001,64.18485237483954,64.18485237483954,64.18485237483954,64.18485237483954,0.02757620218151041,-0.00034906585039886593,-0.00471238898038469,-50.0,2.39,76.8,2,1,100.0,4,0.075,19.91,0.04,52.648440099999995,9.7456737,32.12,31.220000000000002,52.6484344,9.745675799999999,0.020071286397934793,-0.024609142453120045,4.234168765338243,-9.23,-17.865000000000002,-0.03,19.904955,0.08401498,0.44833478
0 days 00:00:04.350000,0.0020047700867502436,-3.6218520000000005,-0.45518400000000003,10.688976000000002,63.44940094137783,63.44940094137783,63.44940094137783,63.44940094137783,0.016231562043547268,-0.020071286397934793,-0.009250245035569947,-50.0,2.39,83.1,2,1,100.0,4,0.065,19.830000000000002,0.05,52.648440099999995,9.7456737,32.35,31.220000000000002,52.648432899999996,9.7456744,0.020420352248333655,-0.024609142453120045,4.234168765338243,-9.145,-17.69,-0.085,19.825226,0.07392923,0.43654665
0 days 00:00:04.360000,0.0018868424345884643,-1.4675760000000002,0.47872800000000004,11.720988000000002,63.36916987590928,63.36916987590928,63.36916987590928,63.36916987590928,0.013788101090755204,0.054105206811824215,-0.005759586531581288,-50.0,2.39,84.6,2,1,100.0,4,0.06,19.795,0.04,52.648440099999995,9.7456737,32.35,31.220000000000002,52.6484313,9.7456731,0.020420352248333655,-0.024434609527920616,4.234168765338243,-9.145,-17.69,-0.085,19.790068,0.06904628,0.44232926
0 days 00:00:04.370000,0.0021226977389120225,-4.63032,-0.15696000000000002,9.649116000000001,62.727321352160885,62.727321352160885,62.727321352160885,62.727321352160885,0.017278759594743863,0.02565634000431664,-0.0036651914291880917,-49.5,2.39,86.1,2,1,100.0,4,0.065,19.785,0.02,52.648440099999995,9.7456737,32.35,31.220000000000002,52.648429699999994,9.745671699999999,0.020594885173533087,-0.02495820830351891,4.233994232413044,-9.145,-17.69,-0.085,19.779337,0.074742414,0.4723141
0 days 00:00:04.380000,0.002594408347559139,-4.320324,0.17658000000000004,8.401284,61.88489516474113,61.88489516474113,61.88489516474113,61.88489516474113,-0.0017453292519943296,0.014486232791552938,-0.004014257279586958,-49.0,2.39,88.64999999999999,2,1,100.0,4,0.06,19.740000000000002,0.02,52.648440099999995,9.7456737,32.35,31.220000000000002,52.6484281,9.7456704,0.02076941809873252,-0.02530727415391778,4.233994232413044,-9.145,-17.69,-0.085,19.734184,0.06994566,0.47816917
0 days 00:00:04.390000,0.0024764806953973596,-2.911608,0.015696,8.978112000000001,60.84857723577235,60.84857723577235,60.84857723577235,60.84857723577235,-0.008552113334772213,0.020071286397934793,-0.0036651914291880917,-49.0,2.39,91.19999999999999,2,1,100.0,4,0.065,19.7,0.035,52.648432299999996,9.745667,32.35,31.220000000000002,52.6484265,9.745669099999999,0.02076941809873252,-0.02530727415391778,4.233994232413044,-9.145,-17.69,-0.085,19.694578,0.07461215,0.4620614
0 days 00:00:04.400000,0.0023585530432355803,-3.500208,1.4715,7.2829440000000005,59.89249037227215,59.89249037227215,59.89249037227215,59.89249037227215,-0.02181661564992912,0.033335788713091695,0.005235987755982988,-50.0,2.39,82.35,2,1,100.0,4,0.06,19.67,0.04,52.648432299999996,9.745667,32.36,31.220000000000002,52.648424999999996,9.7456677,0.02076941809873252,-0.025656340004316644,4.233994232413044,-9.085,-17.53,0.005,19.664553,0.06963621,0.46327174
0 days 00:00:04.410000,0.002594408347559139,-4.889304,0.380628,10.214172000000001,60.44073598630723,60.44073598630723,60.44073598630723,60.44073598630723,0.0005235987755982988,0.07714355293814937,0.011693705988362009,-50.0,2.39,73.5,2,1,100.0,4,0.07,19.64,0.065,52.648432299999996,9.745667,32.36,31.220000000000002,52.6484234,9.7456664,0.020594885173533087,-0.02600540585471551,4.233994232413044,-9.085,-17.53,0.005,19.635048,0.079163864,0.44417447
0 days 00:00:04.420000,0.0028302636518826967,-5.952708,-0.17265600000000003,11.199096,61.32327770646127,61.32327770646127,61.32327770646127,61.32327770646127,0.007853981633974483,0.07836528341454539,0.005061454830783556,-49.0,2.39,68.7,2,1,100.0,4,0.07,19.595,0.06,52.648432299999996,9.745667,32.36,31.220000000000002,52.648421799999994,9.7456651,0.020594885173533087,-0.026703537555513242,4.234168765338243,-9.085,-17.53,0.005,19.589617,0.07952434,0.46167526
0 days 00:00:04.430000,0.0030661189562062544,-6.525612000000001,-0.26290800000000003,8.860392000000001,60.01952289259735,60.01952289259735,60.01952289259735,60.01952289259735,-0.01291543646475804,-0.016231562043547268,0.0008726646259971648,-51.0,2.39,63.89999999999999,2,1,100.0,4,0.065,19.535,0.045,52.648432299999996,9.745667,32.36,31.220000000000002,52.6484203,9.7456637,0.020594885173533087,-0.027401669256310976,4.234168765338243,-9.085,-17.53,0.005,19.528898,0.07508197,0.48879895
0 days 00:00:04.440000,0.0031840466083680333,-2.856672,0.51012,7.224084000000001,57.853284124946505,57.853284124946505,57.853284124946505,57.853284124946505,-0.02076941809873252,-0.06283185307179587,0.007504915783575617,-51.0,2.39,61.349999999999994,2,1,100.0,4,0.06,19.475,0.055,52.6484241,9.7456597,32.36,31.220000000000002,52.6484187,9.745662399999999,0.020420352248333655,-0.027401669256310976,4.234168765338243,-9.085,-17.53,0.005,19.469196,0.069760025,0.4772765
0 days 00:00:04.450000,0.0028302636518826967,1.2517560000000003,0.5415120000000001,8.723052000000001,56.51609970047069,56.51609970047069,56.51609970047069,56.51609970047069,-0.012042771838760874,0.08866272600131195,0.0158824961931484,-49.5,2.39,58.8,2,1,100.0,4,0.065,19.445,0.08,52.6484241,9.7456597,32.52,31.220000000000002,52.648417099999996,9.7456611,0.020245819323134222,-0.026703537555513242,4.234343298263443,-9.015,-17.405,-0.035,19.440205,0.073878385,0.4378112
0 days 00:00:04.460000,0.0028302636518826967,-5.293476000000001,1.247832,9.578484000000001,58.48176080445014,58.48176080445014,58.48176080445014,58.48176080445014,0.016929693744344998,0.15969762655748115,0.02234021442552742,-48.0,2.39,61.949999999999996,2,1,100.0,4,0.065,19.46,0.09,52.6484241,9.7456597,32.52,31.220000000000002,52.6484156,9.7456598,0.020245819323134222,-0.02757620218151041,4.234517831188642,-9.015,-17.405,-0.035,19.455082,0.07402782,0.44519168
0 days 00:00:04.470000,0.0036557572170151493,-8.813304,-0.918216,11.834784000000003,63.57643346170303,63.57643346170303,63.57643346170303,63.57643346170303,0.06579891280018622,0.1392772743091475,0.0158824961931484,-47.0,2.39,65.1,2,1,100.0,4,0.07,19.41,0.09,52.6484241,9.7456597,32.52,31.220000000000002,52.648413999999995,9.7456585,0.020420352248333655,-0.0291469985083053,4.234692364113842,-9.015,-17.405,-0.035,19.404379,0.07969872,0.47417286
0 days 00:00:04.480000,0.004245395477824045,-8.601408000000001,-0.9378360000000001,10.488852000000001,65.83627513906717,65.83627513906717,65.83627513906717,65.83627513906717,0.07295476273336296,-0.03543018381548489,0.014137166941154071,-46.0,2.39,67.5,2,1,100.0,4,0.055,19.325,0.065,52.6484241,9.7456597,32.52,31.220000000000002,52.6484125,9.745657099999999,0.020943951023931952,-0.030543261909900768,4.2348668970390415,-9.015,-17.405,-0.035,19.317972,0.065986626,0.5239201
0 days 00:00:04.490000,0.004127467825662266,-0.517968,-1.2007440000000003,10.214172000000001,64.98047710740265,64.98047710740265,64.98047710740265,64.98047710740265,0.05270894341022875,-0.07993607974134029,0.0019198621771937623,-48.0,2.39,69.89999999999999,2,1,100.0,4,0.04,19.245,0.06,52.6484163,9.7456531,32.52,31.220000000000002,52.648410999999996,9.7456558,0.02181661564992912,-0.0301941960595019,4.235041429964241,-9.015,-17.405,-0.035,19.23804,0.05135661,0.5200297
0 days 00:00:04.500000,0.0036557572170151493,2.1150360000000004,0.47480400000000006,10.971504000000001,62.17238981600342,62.17238981600342,62.17238981600342,62.17238981600342,0.0291469985083053,0.05969026041820607,-0.009250245035569947,-50.0,2.39,65.85,2,1,100.0,4,0.025,19.240000000000002,0.055,52.6484163,9.7456531,32.5,31.220000000000002,52.6484094,9.745654499999999,0.02234021442552742,-0.02949606435870417,4.235041429964241,-8.915000000000001,-17.275000000000002,-0.08,19.233252,0.03644096,0.51175964
0 days 00:00:04.510000,0.0036557572170151493,-6.419664,1.4950440000000003,8.228628,59.9392918271288,59.9392918271288,59.9392918271288,59.9392918271288,0.0006981317007977319,0.06824237375297829,-0.002967059728390361,-52.0,2.39,61.8,2,1,100.0,4,0.03,19.265,0.045,52.6484163,9.7456531,32.5,31.220000000000002,52.648407899999995,9.7456532,0.022514747350726852,-0.030019663134302467,4.235041429964241,-8.915000000000001,-17.275000000000002,-0.08,19.25767,0.041997645,0.5324517
0 days 00:00:04.520000,0.0035378295648533704,-7.855848000000001,1.5735240000000001,9.904176000000001,59.29075738125802,59.29075738125802,59.29075738125802,59.29075738125802,-0.005061454830783556,0.04293509959906051,0.008203047484373348,-51.0,2.39,62.099999999999994,2,1,100.0,4,0.045,19.205000000000002,0.055,52.6484163,9.7456531,32.5,31.220000000000002,52.6484063,9.7456519,0.022514747350726852,-0.0307177948351002,4.2348668970390415,-8.915000000000001,-17.275000000000002,-0.08,19.19763,0.057030007,0.5337198
0 days 00:00:04.530000,0.004009540173500487,-6.203844000000001,0.51012,9.154692,61.39682284980745,61.39682284980745,61.39682284980745,61.39682284980745,0.030368728984701335,-0.09267698328089889,0.020420352248333655,-50.5,2.39,62.39999999999999,2,1,100.0,4,0.055,19.13,0.055,52.6484163,9.7456531,32.5,31.220000000000002,52.648404799999994,9.7456506,0.022514747350726852,-0.031066860685499065,4.235041429964241,-8.915000000000001,-17.275000000000002,-0.08,19.122477,0.06712589,0.5378651
0 days 00:00:04.540000,0.00483503373863294,0.7494840000000002,0.090252,9.193932,62.60697475395806,62.60697475395806,62.60697475395806,62.60697475395806,0.03804817769347638,0.005061454830783556,0.02234021442552742,-50.0,2.39,65.85,2,1,100.0,4,0.055,19.07,0.06,52.648408499999995,9.745646599999999,32.5,31.220000000000002,52.6484033,9.7456493,0.022863813201125717,-0.0301941960595019,4.2352159628894395,-8.915000000000001,-17.275000000000002,-0.08,19.06312,0.066776454,0.514351
0 days 00:00:04.550000,0.0047171060864711605,-1.7579520000000002,-0.40024800000000005,12.0663,62.25930680359436,62.25930680359436,62.25930680359436,62.25930680359436,0.009773843811168246,0.11885692206081384,0.0054105206811824215,-50.0,2.39,69.3,2,1,100.0,4,0.05,19.080000000000002,0.065,52.648408499999995,9.745646599999999,32.51,31.220000000000002,52.6484017,9.745648,0.023212879051524585,-0.0301941960595019,4.23539049581464,-8.84,-17.06,-0.06,19.073265,0.06184835,0.5097491
0 days 00:00:04.560000,0.0036557572170151493,-9.350892000000002,1.8325080000000002,10.520244,60.56776850663243,60.56776850663243,60.56776850663243,60.56776850663243,-0.006632251157578452,-0.03682644721708035,0.010821041362364843,-51.0,2.39,65.69999999999999,2,1,100.0,4,0.04,19.065,0.04,52.648408499999995,9.745646599999999,32.51,31.220000000000002,52.6484002,9.7456467,0.023387411976724018,-0.031415926535897934,4.235565028739839,-8.84,-17.06,-0.06,19.05685,0.053058293,0.55777764
0 days 00:00:04.570000,0.0036557572170151493,-3.994632,0.5768280000000001,10.037592000000002,60.514281129653405,60.514281129653405,60.514281129653405,60.514281129653405,-0.03961897402027128,-0.08115781021773633,0.020245819323134222,-50.5,2.39,62.099999999999994,2,1,100.0,4,0.055,18.975,0.03,52.648408499999995,9.745646599999999,32.51,31.220000000000002,52.648398699999994,9.7456455,0.023212879051524585,-0.031066860685499065,4.235565028739839,-8.84,-17.06,-0.06,18.966776,0.06796961,0.557986
0 days 00:00:04.580000,0.004127467825662266,-0.48657600000000006,-0.49050000000000005,14.251968000000002,61.30321994009414,61.30321994009414,61.30321994009414,61.30321994009414,-0.0497418836818384,0.019896753472735357,0.017278759594743863,-50.0,2.39,61.949999999999996,2,1,100.0,4,0.055,18.94,0.03,52.648408499999995,9.745646599999999,32.51,31.220000000000002,52.6483972,9.7456442,0.022863813201125717,-0.0301941960595019,4.235739561665039,-8.84,-17.06,-0.06,18.932274,0.06737227,0.54040587
0 days 00:00:04.590000,0.004363323129985823,-7.118136000000001,1.2321360000000003,7.129908,61.97849807445442,61.97849807445442,61.97849807445442,61.97849807445442,-0.06475171524898962,-0.11606439525762292,0.023561944901923447,-50.0,2.39,61.8,2,1,100.0,4,0.045,18.94,-0.015,52.648401,9.7456401,32.51,31.220000000000002,52.648395699999995,9.7456429,0.02234021442552742,-0.030368728984701335,4.235914094590238,-8.84,-17.06,-0.06,18.93081,0.05817038,0.5889359
0 days 00:00:04.600000,0.004127467825662266,-3.5276760000000005,0.39632400000000007,8.719128000000001,61.52385537013265,61.52385537013265,61.52385537013265,61.52385537013265,-0.04991641660703782,-0.04223696789826277,0.01902408884673819,-50.0,2.39,60.599999999999994,2,1,100.0,4,0.05,18.87,0.01,52.648401,9.7456401,32.5,31.220000000000002,52.6483942,9.745641599999999,0.02181661564992912,-0.029321531433504737,4.236263160440636,-8.735,-16.815,-0.075,18.862183,0.061838433,0.54200226
0 days 00:00:04.610000,0.0038916125213387075,-5.517144,-0.3413880000000001,11.520864000000001,61.07589858793325,61.07589858793325,61.07589858793325,61.07589858793325,-0.017976891295541593,-0.009075712110370514,0.0158824961931484,-50.0,2.39,59.39999999999999,2,1,100.0,4,0.05,18.84,0.02,52.648401,9.7456401,32.5,31.220000000000002,52.648392699999995,9.7456403,0.02129301687433082,-0.02879793265790644,4.236263160440636,-8.735,-16.815,-0.075,18.832766,0.061113138,0.5213033
0 days 00:00:04.620000,0.0037736848691769286,-6.14106,0.5258160000000001,10.685052,60.942180145485665,60.942180145485665,60.942180145485665,60.942180145485665,0.006632251157578452,-0.13543754995475998,0.015009831567151233,-50.0,2.39,60.74999999999999,2,1,100.0,4,0.04,18.785,-0.0,52.648401,9.7456401,32.5,31.220000000000002,52.6483911,9.7456391,0.02111848394913139,-0.02879793265790644,4.236437693365836,-8.735,-16.815,-0.075,18.777212,0.0514131,0.5399291
0 days 00:00:04.630000,0.004127467825662266,-0.43556400000000006,-0.15696000000000002,10.539864000000001,60.21341463414634,60.21341463414634,60.21341463414634,60.21341463414634,0.035953782591083186,-0.0895353906273091,0.015358897417550098,-50.0,2.39,62.099999999999994,2,1,100.0,4,0.04,18.725,-0.01,52.648401,9.7456401,32.5,31.220000000000002,52.648389599999994,9.745637799999999,0.02111848394913139,-0.027401669256310976,4.236612226291036,-8.735,-16.815,-0.075,18.717697,0.051035825,0.522067
0 days 00:00:04.640000,0.004245395477824045,-1.836432,0.3413880000000001,11.701368000000002,59.564880188275566,59.564880188275566,59.564880188275566,59.564880188275566,0.0158824961931484,0.026703537555513242,0.008377580409572781,-50.0,2.39,57.9,2,1,100.0,4,0.035,18.725,-0.02,52.6483932,9.7456333,32.5,31.220000000000002,52.6483881,9.7456365,0.021467549799530253,-0.02652900463031381,4.236786759216235,-8.735,-16.815,-0.075,18.717882,0.04608316,0.5158199
0 days 00:00:04.650000,0.004009540173500487,-8.1423,0.266832,9.990504,60.16661317928968,60.16661317928968,60.16661317928968,60.16661317928968,0.006108652381980153,-0.07051130178057091,0.010995574287564275,-50.0,2.39,53.7,2,1,100.0,4,0.035,18.71,-0.04,52.6483932,9.7456333,32.62,31.23,52.648386599999995,9.745635199999999,0.021642082724729686,-0.026703537555513242,4.236786759216235,-8.535,-16.665,0.045,18.702261,0.046667866,0.5386658
0 days 00:00:04.660000,0.004068503999581376,-6.596244,0.918216,9.327348,60.413992297817714,60.413992297817714,60.413992297817714,60.413992297817714,0.03560471674068432,-0.14241886696273728,0.02181661564992912,-50.0,2.39,49.95,2,1,100.0,4,0.035,18.63,-0.04,52.6483932,9.7456333,32.62,31.23,52.6483852,9.745633999999999,0.02181661564992912,-0.02600540585471551,4.236961292141434,-8.535,-16.665,0.045,18.62266,0.046431668,0.5235242
0 days 00:00:04.670000,0.004127467825662266,-1.7814960000000002,0.125568,9.912024,59.92591998288404,59.92591998288404,59.92591998288404,59.92591998288404,0.054105206811824215,-0.06632251157578452,0.02181661564992912,-50.5,2.39,46.2,2,1,100.0,4,0.035,18.57,-0.04,52.6483932,9.7456333,32.62,31.23,52.6483837,9.7456327,0.022165681500327987,-0.024609142453120045,4.237135825066634,-8.535,-16.665,0.045,18.563393,0.046005372,0.49603572
0 days 00:00:04.680000,0.004127467825662266,-3.1235040000000005,0.066708,11.203020000000002,59.11692340607616,59.11692340607616,59.11692340607616,59.11692340607616,0.05951572749300663,-0.035255650890285456,0.015707963267948967,-51.0,2.39,47.4,2,1,100.0,4,0.03,18.555,-0.04,52.6483932,9.7456333,32.62,31.23,52.6483822,9.7456315,0.022689280275926284,-0.023911010752322315,4.237310357991833,-8.535,-16.665,0.045,18.54874,0.040964216,0.48281
0 days 00:00:04.690000,0.004009540173500487,-5.3837280000000005,0.7808760000000001,11.140236000000002,58.66896662387677,58.66896662387677,58.66896662387677,58.66896662387677,0.05201081170943102,-0.07120943348136864,0.0158824961931484,-49.0,2.39,48.599999999999994,2,1,100.0,4,0.025,18.525000000000002,-0.055,52.648385999999995,9.745626999999999,32.62,31.23,52.6483807,9.745630199999999,0.023387411976724018,-0.02356194490192345,4.237484890917033,-8.535,-16.665,0.045,18.518562,0.036485378,0.49071038
0 days 00:00:04.700000,0.004068503999581376,-4.6617120000000005,0.8397360000000001,8.617104000000001,57.56578947368421,57.56578947368421,57.56578947368421,57.56578947368421,0.02757620218151041,-0.11431906600562858,0.019547687622336492,-47.0,2.39,50.99999999999999,2,1,100.0,4,0.03,18.475,-0.07,52.648385999999995,9.745626999999999,32.65,31.23,52.6483792,9.745629,0.023911010752322315,-0.022863813201125717,4.237659423842232,-8.45,-16.435,0.01,18.46857,0.041762978,0.49149585
0 days 00:00:04.710000,0.004127467825662266,-2.986164,0.60822,9.229248000000002,55.2925759520753,55.2925759520753,55.2925759520753,55.2925759520753,0.002617993877991494,-0.04380776422505767,0.01832595714594046,-42.0,2.39,53.39999999999999,2,1,100.0,4,0.035,18.43,-0.06,52.648385999999995,9.745626999999999,32.65,31.240000000000002,52.6483777,9.7456277,0.02408554367752175,-0.02181661564992912,4.237833956767432,-8.45,-16.435,0.01,18.424305,0.046117116,0.46105713
0 days 00:00:04.720000,0.004127467825662266,-5.034492,0.3413880000000001,10.273032000000002,52.85890029952931,52.85890029952931,52.85890029952931,52.85890029952931,-0.024085543677521748,-0.05113814708343386,0.014835298641951801,-42.0,2.39,55.49999999999999,2,1,100.0,4,0.035,18.400000000000002,-0.055,52.648385999999995,9.745626999999999,32.65,31.240000000000002,52.648376299999995,9.7456265,0.02408554367752175,-0.02129301687433082,4.23800848969263,-8.45,-16.435,0.01,18.394657,0.045749012,0.44577694
0 days 00:00:04.730000,0.003419901912691592,-5.124744,0.8436600000000001,9.343044,50.2045892169448,50.2045892169448,50.2045892169448,50.2045892169448,-0.017104226669544427,-0.14625859131712485,0.015707963267948967,-43.5,2.39,57.599999999999994,2,1,100.0,4,0.03,18.35,-0.06,52.648385999999995,9.745626999999999,32.65,31.240000000000002,52.6483748,9.7456252,0.023911010752322315,-0.02076941809873252,4.23800848969263,-8.45,-16.435,0.01,18.344797,0.04053705,0.4402351
0 days 00:00:04.740000,0.0029481913040444755,0.153036,0.517968,8.946720000000001,48.45287762088147,48.45287762088147,48.45287762088147,48.45287762088147,-0.006981317007977318,-0.061435589670200394,0.020420352248333655,-45.0,2.39,57.74999999999999,2,1,100.0,4,0.035,18.305,-0.055,52.648378699999995,9.7456207,32.65,31.240000000000002,52.648373299999996,9.745624,0.023736477827122883,-0.01937315469713706,4.2381830226178305,-8.45,-16.435,0.01,18.300499,0.044711523,0.408647
0 days 00:00:04.750000,0.0036557572170151493,-1.9423800000000002,-0.33354000000000006,11.336436,47.53022036799315,47.53022036799315,47.53022036799315,47.53022036799315,0.006981317007977318,0.03508111796508603,0.01780235837034216,-42.0,2.39,57.89999999999999,2,1,100.0,4,0.035,18.305,-0.045,52.648378699999995,9.7456207,32.65,31.240000000000002,52.6483719,9.7456227,0.023736477827122883,-0.018675022996339326,4.23835755554303,-8.370000000000001,-16.21,0.05,18.300968,0.044170987,0.38587892
0 days 00:00:04.760000,0.0035378295648533704,-6.976872000000001,0.34531200000000006,8.931024,47.6104514334617,47.6104514334617,47.6104514334617,47.6104514334617,0.007853981633974483,-0.05044001538263612,0.02076941809873252,-42.0,2.39,55.199999999999996,2,1,100.0,4,0.025,18.29,-0.06,52.648378699999995,9.7456207,32.65,31.240000000000002,52.6483704,9.7456215,0.023736477827122883,-0.019024088846738195,4.238532088468229,-8.370000000000001,-16.21,0.05,18.285551,0.034674603,0.4072105
0 days 00:00:04.770000,0.003419901912691592,-3.7788120000000007,0.17265600000000003,8.314956,49.00112323491656,49.00112323491656,49.00112323491656,49.00112323491656,0.009599310885968814,-0.02949606435870417,0.018675022996339326,-37.5,2.39,52.5,2,1,100.0,4,0.025,18.22,-0.055,52.648378699999995,9.7456207,32.65,31.240000000000002,52.648368899999994,9.745620299999999,0.023911010752322315,-0.018500490071139894,4.238706621393429,-8.370000000000001,-16.21,0.05,18.215864,0.03436628,0.39134046
0 days 00:00:04.780000,0.003301974260529812,-3.3354000000000004,1.577448,9.861012,50.79295036371416,50.79295036371416,50.79295036371416,50.79295036371416,0.022863813201125717,0.02583087292951608,0.014835298641951801,-33.0,2.39,52.199999999999996,2,1,100.0,4,0.02,18.185,-0.04,52.648378699999995,9.7456207,32.65,31.240000000000002,52.6483675,9.745619099999999,0.023911010752322315,-0.01832595714594046,4.238881154318628,-8.370000000000001,-16.21,0.05,18.181213,0.02891779,0.37264726
0 days 00:00:04.790000,0.003301974260529812,-5.003100000000001,0.149112,9.111528000000002,53.35365853658536,53.35365853658536,53.35365853658536,53.35365853658536,0.04363323129985824,-0.033859387488689996,0.019547687622336492,-27.0,2.39,51.89999999999999,2,1,100.0,4,0.03,18.155,-0.04,52.648371499999996,9.7456145,32.65,31.240000000000002,52.648365999999996,9.7456178,0.024260076602721184,-0.018500490071139894,4.239055687243828,-8.370000000000001,-16.21,0.05,18.151154,0.039108433,0.37501204
0 days 00:00:04.800000,0.0035378295648533704,-1.8952920000000002,-0.49834800000000007,10.708596000000002,55.88093709884467,55.88093709884467,55.88093709884467,55.88093709884467,0.0879645943005142,0.022863813201125717,0.022689280275926284,-27.0,2.39,51.3,2,1,100.0,4,0.03,18.105,-0.035,52.648371499999996,9.7456145,32.660000000000004,31.25,52.6483646,9.7456166,0.024609142453120045,-0.01815142422074103,4.239230220169027,-8.275,-16.095,0.01,18.101381,0.038938086,0.3627594
0 days 00:00:04.810000,0.0035967933909342594,-3.7866600000000004,0.0,10.437840000000001,58.76256953359008,58.76256953359008,58.76256953359008,58.76256953359008,0.091106186954104,0.060388392119003806,0.01658062789394613,-26.0,2.39,50.7,2,1,100.0,4,0.015,18.085,-0.045,52.648371499999996,9.7456145,32.660000000000004,31.25,52.6483631,9.7456154,0.02548180707911721,-0.018500490071139894,4.239579286019426,-8.275,-16.095,0.01,18.081072,0.02466582,0.37904912
0 days 00:00:04.820000,0.0036557572170151493,-4.9717080000000005,0.38847600000000004,9.315576,59.337558836114674,59.337558836114674,59.337558836114674,59.337558836114674,0.05794493116621175,-0.008028514559173916,0.003316125578789226,-26.0,2.39,52.2,2,1,100.0,4,0.01,18.05,-0.05,52.648371499999996,9.7456145,32.660000000000004,31.25,52.648361699999995,9.7456142,0.02652900463031381,-0.019024088846738195,4.239753818944626,-8.275,-16.095,0.01,18.045782,0.020430574,0.39295137
0 days 00:00:04.830000,0.003301974260529812,-1.9580760000000001,0.32176800000000005,8.832924000000002,59.1369811724433,59.1369811724433,59.1369811724433,59.1369811724433,0.029321531433504733,-0.007679448708775049,0.0008726646259971648,-31.0,2.39,53.7,2,1,100.0,4,0.01,18.005,-0.05,52.648371499999996,9.7456145,32.660000000000004,31.25,52.6483602,9.745612999999999,0.027052603405912107,-0.019024088846738195,4.239753818944626,-8.275,-16.095,0.01,18.00079,0.020613167,0.3920849
0 days 00:00:04.840000,0.0029481913040444755,-1.4479560000000002,1.0751760000000001,9.963036,58.39484381685922,58.39484381685922,58.39484381685922,58.39484381685922,0.010471975511965976,0.08080874436733745,0.0017453292519943296,-31.0,2.39,54.0,2,1,100.0,4,0.01,17.985,-0.04,52.648364199999996,9.745608299999999,32.660000000000004,31.25,52.6483588,9.7456117,0.027401669256310976,-0.01884955592153876,4.239753818944626,-8.275,-16.095,0.01,17.981052,0.020379689,0.37856585
0 days 00:00:04.850000,0.002889227477963586,-5.913468,-0.32176800000000005,9.633420000000001,57.779738981600346,57.779738981600346,57.779738981600346,57.779738981600346,0.0015707963267948967,0.04747295565424577,0.004363323129985824,-36.0,2.39,54.3,2,1,100.0,4,0.02,17.975,-0.04,52.648364199999996,9.745608299999999,32.67,31.26,52.648357399999995,9.7456105,0.027401669256310976,-0.019722220547535925,4.239753818944626,-8.24,-16.005,-0.0,17.970715,0.030800445,0.39378014
0 days 00:00:04.860000,0.0028302636518826967,-5.489676,0.45126,9.500004,57.71956568249893,57.71956568249893,57.71956568249893,57.71956568249893,-0.01658062789394613,0.04014257279586959,-0.002967059728390361,-36.0,2.39,54.599999999999994,2,0,100.0,4,0.01,17.915,-0.04,52.648364199999996,9.745608299999999,32.67,31.26,52.6483559,9.7456093,0.027401669256310976,-0.020071286397934793,4.239753818944626,-8.24,-16.005,-0.0,17.91059,0.020943074,0.39912096
0 days 00:00:04.870000,0.0027712998258018076,-4.143744,1.357704,9.5157,57.779738981600346,57.779738981600346,57.779738981600346,57.779738981600346,-0.022863813201125717,0.012217304763960306,-0.0031415926535897933,-24.5,2.39,54.89999999999999,2,0,100.0,4,0.015,17.865000000000002,-0.04,52.648364199999996,9.745608299999999,32.67,31.26,52.648354499999996,9.7456081,0.027227136331111543,-0.020594885173533087,4.239753818944626,-8.24,-16.005,-0.0,17.860388,0.02609883,0.40733358
0 days 00:00:04.880000,0.0027123359997209178,-1.8992160000000002,0.6749280000000001,9.14292,57.10446084724005,57.10446084724005,57.10446084724005,57.10446084724005,-0.027052603405912107,0.02949606435870417,0.0010471975511965976,-13.0,2.39,55.199999999999996,2,0,100.0,4,0.025,17.825,-0.035,52.648364199999996,9.745608299999999,32.67,31.26,52.648353099999994,9.7456069,0.027052603405912107,-0.020594885173533087,4.239753818944626,-8.24,-16.005,-0.0,17.8205,0.03586658,0.40124708
0 days 00:00:04.890000,0.002594408347559139,-2.789964,0.361008,9.543168,56.44255455712452,56.44255455712452,56.44255455712452,56.44255455712452,-0.012566370614359173,0.06963863715457375,0.008726646259971648,-10.0,2.39,55.5,2,0,100.0,4,0.03,17.805,-0.03,52.6483571,9.7456022,32.67,31.26,52.6483516,9.745605699999999,0.026703537555513242,-0.020943951023931952,4.239753818944626,-8.24,-16.005,-0.0,17.800467,0.040746167,0.40192857
0 days 00:00:04.900000,0.0024764806953973596,-4.838292000000001,0.580752,9.017352,56.195175438596486,56.195175438596486,56.195175438596486,56.195175438596486,-0.0017453292519943296,0.04852015320544236,0.009075712110370514,-10.0,2.39,54.449999999999996,2,0,100.0,4,0.03,17.78,-0.03,52.6483571,9.7456022,32.69,31.26,52.648350199999996,9.745604499999999,0.026703537555513242,-0.021642082724729686,4.239928351869825,-8.19,-15.91,0.09,17.775188,0.041063525,0.4138103
0 days 00:00:04.910000,0.0023585530432355803,-3.896532,0.6906240000000001,8.71128,55.27251818570817,55.27251818570817,55.27251818570817,55.27251818570817,-0.01291543646475804,0.028623399732707003,0.0041887902047863905,-20.0,2.39,53.39999999999999,2,0,100.0,4,0.03,17.735,-0.02,52.6483571,9.7456022,32.69,31.26,52.6483488,9.745603299999999,0.026703537555513242,-0.022165681500327987,4.239928351869825,-8.19,-15.91,0.09,17.730202,0.04101846,0.41212305
0 days 00:00:04.920000,0.0022406253910738014,-2.562372,0.5258160000000001,10.535940000000002,54.817875481386395,54.817875481386395,54.817875481386395,54.817875481386395,-0.02775073510670984,0.04468042885105484,0.008377580409572781,-22.0,2.39,52.949999999999996,2,0,100.0,4,0.035,17.695,-0.01,52.6483571,9.7456022,32.69,31.26,52.6483474,9.7456021,0.02652900463031381,-0.02234021442552742,4.239928351869825,-8.19,-15.91,0.09,17.690361,0.04573796,0.40420368
0 days 00:00:04.930000,0.0018868424345884643,-4.06134,0.45518400000000003,9.963036,54.48357937526744,54.48357937526744,54.48357937526744,54.48357937526744,-0.019722220547535925,0.012042771838760874,0.016755160819145562,-22.5,2.39,52.5,2,0,100.0,4,0.035,17.675,-0.02,52.6483571,9.7456022,32.69,31.26,52.648345899999995,9.7456009,0.026179938779914945,-0.022863813201125717,4.240102884795024,-8.19,-15.91,0.09,17.669922,0.04608906,0.42301592
0 days 00:00:04.940000,0.0019458062606693537,-4.273236000000001,0.56898,7.855848000000001,54.30974540008558,54.30974540008558,54.30974540008558,54.30974540008558,0.017104226669544427,0.0019198621771937623,0.02391101075232232,-23.0,2.39,55.5,2,0,100.0,4,0.035,17.635,-0.02,52.6483499,9.745596299999999,32.69,31.26,52.6483445,9.7455997,0.02600540585471551,-0.02303834612632515,4.240277417720224,-8.19,-15.91,0.09,17.62986,0.046071462,0.4251858
0 days 00:00:04.950000,0.0020047700867502436,-3.1980600000000003,-0.9064440000000001,7.981416,53.72807017543859,53.72807017543859,53.72807017543859,53.72807017543859,0.04276056667386108,0.07068583470577033,0.015358897417550098,-23.0,2.39,58.5,2,0,100.0,4,0.03,17.595,-0.005,52.6483499,9.745596299999999,32.71,31.27,52.6483431,9.7455985,0.026354471705114377,-0.02303834612632515,4.240451950645423,-8.085,-15.81,0.125,17.590216,0.040802162,0.40938947
0 days 00:00:04.960000,0.0018868424345884643,-4.818672,-0.769104,8.785836000000002,52.85890029952931,52.85890029952931,52.85890029952931,52.85890029952931,0.0439822971502571,0.05183627878423159,0.004363323129985824,-27.0,2.39,54.9,2,0,100.0,4,0.02,17.565,0.015,52.6483499,9.745596299999999,32.71,31.27,52.648341699999996,9.7455974,0.026703537555513242,-0.023736477827122883,4.240626483570622,-8.085,-15.81,0.125,17.56041,0.030723648,0.401219
0 days 00:00:04.970000,0.0015330594781031272,-3.229452,0.7337880000000001,9.645192000000002,51.63537655113394,51.63537655113394,51.63537655113394,51.63537655113394,0.03944444109507185,0.019547687622336492,-0.00034906585039886593,-23.0,2.39,51.3,2,0,100.0,4,0.005,17.52,0.025,52.6483499,9.745596299999999,32.71,31.27,52.6483403,9.7455962,0.027227136331111543,-0.024260076602721184,4.240801016495822,-8.085,-15.81,0.125,17.515451,0.015887715,0.39971784
0 days 00:00:04.980000,0.0014151318259413483,-1.750104,0.7651800000000001,10.402524000000001,50.899925117672225,50.899925117672225,50.899925117672225,50.899925117672225,0.033510321638291124,0.06649704450098395,-0.0013962634015954637,-19.0,2.39,52.949999999999996,2,0,100.0,4,0.01,17.490000000000002,0.025,52.6483499,9.745596299999999,32.71,31.27,52.6483389,9.745595,0.02757620218151041,-0.024434609527920616,4.240801016495822,-8.085,-15.81,0.125,17.48539,0.021089423,0.40189755
0 days 00:00:04.990000,0.0014151318259413483,-4.2065280000000005,0.027468000000000003,11.748456000000001,51.39468335472828,51.39468335472828,51.39468335472828,51.39468335472828,0.02809980095710871,0.06736970912698112,0.0022689280275926286,-18.0,2.39,54.599999999999994,2,0,100.0,4,0.015,17.475,0.02,52.648342899999996,9.7455903,32.71,31.27,52.6483375,9.7455938,0.027925268031909273,-0.025132741228718343,4.240801016495822,-8.085,-15.81,0.125,17.469986,0.02669764,0.41857255
0 days 00:00:05,0.0014740956520222378,-6.290172,0.875052,8.675964,52.97924689773214,52.97924689773214,52.97924689773214,52.97924689773214,0.03159045946109736,-0.041015237421866746,0.008377580409572781,-18.0,2.39,58.8,2,0,100.0,4,0.015,17.435,-0.005,52.648342899999996,9.7455903,32.71,31.28,52.648336099999995,9.7455926,0.028099800957108706,-0.025830872929516076,4.240801016495822,-8.0,-15.645,0.035,17.429054,0.0277865,0.45470834
0 days 00:00:05.010000,0.0015330594781031272,-0.9770760000000002,0.8083440000000001,9.943416000000001,55.653615746683776,55.653615746683776,55.653615746683776,55.653615746683776,0.017278759594743863,0.03647738136668148,0.005585053606381855,-17.0,2.39,63.0,2,0,100.0,4,0.02,17.375,0.005,52.648342899999996,9.7455903,32.71,31.28,52.6483347,9.7455915,0.028448866807507574,-0.02548180707911721,4.240801016495822,-8.0,-15.645,0.035,17.369486,0.032442298,0.4369541
0 days 00:00:05.020000,0.0014151318259413483,-3.5943840000000002,0.302148,11.093148000000001,56.26872058194266,56.26872058194266,56.26872058194266,56.26872058194266,0.007155849933176751,0.046949356878647465,0.006806784082777885,-17.0,2.39,63.6,2,0,100.0,4,0.02,17.37,0.005,52.648342899999996,9.7455903,32.71,31.28,52.6483333,9.7455903,0.028623399732707007,-0.025830872929516076,4.240975549421021,-8.0,-15.645,0.035,17.364336,0.032688387,0.44287995
0 days 00:00:05.030000,0.0012972041737795694,-5.3405640000000005,0.737712,8.008884,56.42249679075737,56.42249679075737,56.42249679075737,56.42249679075737,-0.02949606435870417,-0.03752457891787808,0.006108652381980153,-21.0,2.39,64.2,2,0,100.0,4,0.02,17.335,-0.01,52.648342899999996,9.7455903,32.71,31.28,52.648331899999995,9.7455891,0.02879793265790644,-0.026179938779914945,4.240975549421021,-8.0,-15.645,0.035,17.328798,0.033345595,0.4630058
0 days 00:00:05.040000,0.0013561679998604589,-2.62908,0.74556,8.872164000000001,56.08151476251604,56.08151476251604,56.08151476251604,56.08151476251604,-0.032637657012293965,0.006283185307179587,0.010297442586766544,-21.0,2.39,61.65,2,0,100.0,4,0.025,17.285,0.01,52.648336099999995,9.7455847,32.71,31.27,52.6483305,9.745588,0.028448866807507574,-0.025830872929516076,4.240975549421021,-8.0,-15.645,0.035,17.279491,0.03740444,0.4355526
0 days 00:00:05.050000,0.0014151318259413483,-3.8494440000000005,0.9888480000000001,9.162540000000002,56.04139922978177,56.04139922978177,56.04139922978177,56.04139922978177,-0.033335788713091695,0.04799655442984406,0.00890117918517108,-24.0,2.39,59.099999999999994,2,0,100.0,4,0.025,17.26,0.015,52.648336099999995,9.7455847,32.660000000000004,31.28,52.6483292,9.7455868,0.028274333882308142,-0.02600540585471551,4.241150082346221,-7.905,-15.46,0.02,17.254553,0.037254,0.43292764
0 days 00:00:05.060000,0.0014740956520222378,-5.84676,-0.14126400000000003,9.637344,56.195175438596486,56.195175438596486,56.195175438596486,56.195175438596486,-0.013962634015954637,0.005934119456780722,0.0041887902047863905,-27.0,3.79,57.15,2,0,100.0,4,0.03,17.225,0.02,52.648336099999995,9.7455847,32.660000000000004,31.28,52.6483278,9.7455856,0.027925268031909273,-0.02652900463031381,4.24132461527142,-7.905,-15.46,0.02,17.219471,0.042187702,0.43590754
0 days 00:00:05.070000,0.0015330594781031272,-3.6257760000000006,-0.019620000000000002,9.802152000000001,55.760590500641854,55.760590500641854,55.760590500641854,55.760590500641854,-0.025132741228718346,0.006283185307179587,-0.0031415926535897933,-31.0,3.79,55.2,2,0,100.0,4,0.025,17.17,0.02,52.648336099999995,9.7455847,32.660000000000004,31.28,52.648326399999995,9.7455845,0.02775073510670984,-0.02652900463031381,4.24132461527142,-7.905,-15.46,0.02,17.16449,0.037073065,0.4345953
0 days 00:00:05.080000,0.0015330594781031272,-3.409956,0.031392,11.410992,55.56001283697048,55.56001283697048,55.56001283697048,55.56001283697048,-0.038571776469074684,0.018675022996339326,-0.00890117918517108,-35.0,3.79,56.85,2,0,100.0,4,0.025,17.135,0.02,52.648336099999995,9.7455847,32.660000000000004,31.28,52.648325,9.7455833,0.02757620218151041,-0.02652900463031381,4.24132461527142,-7.905,-15.46,0.02,17.129501,0.036971614,0.43367368
0 days 00:00:05.090000,0.0014151318259413483,-4.029948,1.3184640000000003,9.229248000000002,55.2925759520753,55.2925759520753,55.2925759520753,55.2925759520753,-0.045029494701453704,-0.052185344634630454,-0.0027925268031909274,-37.0,3.79,58.5,2,0,100.0,4,0.02,17.105,0.005,52.648329,9.745579,32.660000000000004,31.28,52.6483237,9.7455822,0.027052603405912107,-0.026703537555513242,4.241150082346221,-7.905,-15.46,0.02,17.099035,0.032211162,0.45100525
0 days 00:00:05.100000,0.0015330594781031272,-1.29492,0.20797200000000002,9.853164,55.626872058194266,55.626872058194266,55.626872058194266,55.626872058194266,-0.02426007660272118,-0.00017453292519943296,-0.0010471975511965976,-39.0,3.79,63.75,2,0,100.0,4,0.035,17.07,0.01,52.648329,9.745579,32.62,31.28,52.6483223,9.745581,0.026703537555513242,-0.026179938779914945,4.241150082346221,-7.795,-15.285,-0.02,17.064411,0.046651416,0.4357537
0 days 00:00:05.110000,0.001650987130264906,-3.6414720000000003,-0.28252800000000006,9.684432000000001,55.252460419341034,55.252460419341034,55.252460419341034,55.252460419341034,-0.010821041362364843,0.006632251157578452,-0.0031415926535897933,-42.0,3.79,69.0,2,0,100.0,4,0.035,17.06,0.01,52.648329,9.745579,32.62,31.28,52.648320899999995,9.7455799,0.026354471705114377,-0.026179938779914945,4.241150082346221,-7.795,-15.285,-0.02,17.054415,0.046492405,0.43550828
0 days 00:00:05.120000,0.0017689147824266852,-5.756508,-0.039240000000000004,7.286868,55.58007060333761,55.58007060333761,55.58007060333761,55.58007060333761,-0.02181661564992912,-0.05480333851262195,-0.007679448708775049,-45.0,3.79,69.14999999999999,2,0,100.0,4,0.03,17.025,0.01,52.648329,9.745579,32.62,31.28,52.6483196,9.745578799999999,0.026354471705114377,-0.026354471705114377,4.241150082346221,-7.795,-15.285,-0.02,17.01935,0.041548274,0.43769354
0 days 00:00:05.130000,0.0017689147824266852,-3.347172,0.6749280000000001,8.726976,55.19228712023962,55.19228712023962,55.19228712023962,55.19228712023962,-0.004886921905584123,-0.034208453339088854,-0.007330382858376183,-47.0,3.79,69.3,2,0,100.0,4,0.025,16.97,0.03,52.648329,9.745579,32.62,31.28,52.6483182,9.745577599999999,0.026179938779914945,-0.025830872929516076,4.240975549421021,-7.795,-15.285,-0.02,16.965113,0.035679776,0.4075168
0 days 00:00:05.140000,0.0017689147824266852,-4.018176,0.12164400000000002,9.484308,55.085312366281556,55.085312366281556,55.085312366281556,55.085312366281556,0.010297442586766544,0.010297442586766544,-0.005061454830783556,-49.0,3.79,71.1,2,0,100.0,4,0.035,16.935,0.04,52.648322099999994,9.7455733,32.62,31.28,52.648316799999996,9.7455765,0.02600540585471551,-0.02548180707911721,4.240975549421021,-7.795,-15.285,-0.02,16.93052,0.04516815,0.39045826
0 days 00:00:05.150000,0.0018868424345884643,-5.572080000000001,-0.223668,9.252792000000001,54.30974540008558,54.30974540008558,54.30974540008558,54.30974540008558,0.016755160819145562,0.003316125578789226,-0.009773843811168246,-52.0,3.79,72.89999999999999,2,0,100.0,4,0.035,16.9,0.045,52.648322099999994,9.7455733,32.63,31.29,52.648315499999995,9.745575299999999,0.026179938779914945,-0.02548180707911721,4.240975549421021,-7.68,-15.120000000000001,-0.05,16.895658,0.045082115,0.38456225
0 days 00:00:05.160000,0.0021226977389120225,-4.453740000000001,0.4434120000000001,10.700748,54.24288617886179,54.24288617886179,54.24288617886179,54.24288617886179,0.008726646259971648,0.004363323129985824,-0.016406094968746697,-55.0,3.79,73.19999999999999,2,0,100.0,4,0.03,16.845,0.05,52.648322099999994,9.7455733,32.63,31.29,52.6483141,9.7455742,0.026354471705114377,-0.025656340004316644,4.240801016495822,-7.68,-15.120000000000001,-0.05,16.840738,0.040059783,0.38122684
0 days 00:00:05.170000,0.0021226977389120225,-4.0691880000000005,-0.3531600000000001,12.254652000000002,54.28968763371844,54.28968763371844,54.28968763371844,54.28968763371844,0.017278759594743863,-0.016057029118347832,-0.01832595714594046,-55.5,3.79,73.5,2,0,100.0,4,0.035,16.805,0.04,52.648322099999994,9.7455733,32.63,31.29,52.6483128,9.7455731,0.026354471705114377,-0.025656340004316644,4.240626483570622,-7.68,-15.120000000000001,-0.05,16.800497,0.04529443,0.39006254
0 days 00:00:05.180000,0.0022406253910738014,-3.9436200000000006,1.1732760000000002,9.700128000000001,54.423406076166025,54.423406076166025,54.423406076166025,54.423406076166025,-0.0008726646259971648,-0.03892084231947355,-0.011519173063162576,-56.0,3.79,72.0,2,0,100.0,4,0.03,16.765,0.015,52.648322099999994,9.7455733,32.63,31.28,52.6483114,9.745572,0.02652900463031381,-0.02548180707911721,4.240451950645423,-7.68,-15.120000000000001,-0.05,16.759937,0.040922385,0.41122034
0 days 00:00:05.190000,0.002594408347559139,-3.1902120000000003,-0.6827760000000002,9.888480000000001,54.590554129225495,54.590554129225495,54.590554129225495,54.590554129225495,-0.017976891295541593,0.0054105206811824215,-0.013962634015954637,-56.0,3.79,70.5,2,0,100.0,4,0.04,16.73,0.015,52.648315499999995,9.7455676,32.63,31.28,52.648310099999996,9.7455708,0.02652900463031381,-0.025132741228718343,4.240277417720224,-7.68,-15.120000000000001,-0.05,16.725094,0.05074035,0.40422758
0 days 00:00:05.200000,0.002594408347559139,-5.003100000000001,0.8632800000000002,9.963036,54.28968763371844,54.28968763371844,54.28968763371844,54.28968763371844,-0.0439822971502571,-0.0027925268031909274,-0.014660765716752367,-55.0,3.79,67.35,2,0,100.0,4,0.035,16.7,0.01,52.648315499999995,9.7455676,32.65,31.29,52.648308699999994,9.745569699999999,0.026354471705114377,-0.025132741228718343,4.240102884795024,-7.595,-14.97,0.01,16.694979,0.045783386,0.40861124
0 days 00:00:05.210000,0.002594408347559139,-4.967784000000001,0.9339120000000001,9.79038,53.55423620025674,53.55423620025674,53.55423620025674,53.55423620025674,-0.07417649320975901,-0.03159045946109736,-0.015707963267948967,-55.0,3.79,64.2,2,0,100.0,4,0.045,16.65,0.01,52.648315499999995,9.7455676,32.65,31.29,52.6483074,9.7455686,0.02600540585471551,-0.025132741228718343,4.240102884795024,-7.595,-14.97,0.01,16.644993,0.055604696,0.40711105
0 days 00:00:05.220000,0.0023585530432355803,-3.2883120000000003,0.463032,11.328588000000002,53.17982456140351,53.17982456140351,53.17982456140351,53.17982456140351,-0.07086036763096978,-0.034732052114687155,-0.015358897417550098,-56.0,3.79,67.05,2,0,100.0,4,0.055,16.605,0.01,52.648315499999995,9.7455676,32.65,31.29,52.6483061,9.7455675,0.025132741228718343,-0.024783675378319478,4.239928351869825,-7.595,-14.97,0.01,16.60015,0.06507221,0.39998496
0 days 00:00:05.230000,0.0022406253910738014,-3.382488,1.0320120000000002,9.821772000000001,53.10627941805734,53.10627941805734,53.10627941805734,53.10627941805734,-0.08377580409572781,-0.02548180707911721,-0.010471975511965976,-54.0,3.79,69.89999999999999,2,0,100.0,4,0.06,16.575,-0.01,52.648315499999995,9.7455676,32.65,31.29,52.6483048,9.7455664,0.024434609527920616,-0.024434609527920616,4.239753818944626,-7.595,-14.97,0.01,16.569809,0.070120476,0.4133706
0 days 00:00:05.240000,0.0021226977389120225,-3.998556,0.7063200000000002,9.150768000000001,53.11296534017972,53.11296534017972,53.11296534017972,53.11296534017972,-0.07278022980816354,-0.04799655442984406,0.0020943951023931952,-51.0,3.79,66.6,2,0,100.0,4,0.07,16.545,-0.01,52.648308799999995,9.7455619,32.65,31.29,52.648303399999996,9.7455652,0.023736477827122883,-0.024260076602721184,4.239579286019426,-7.595,-14.97,0.01,16.539888,0.07974314,0.40956336
0 days 00:00:05.250000,0.0023585530432355803,-3.480588,0.623916,8.41698,52.95250320924262,52.95250320924262,52.95250320924262,52.95250320924262,-0.05183627878423159,-0.015184364492350668,0.013962634015954637,-48.0,3.79,63.3,2,0,100.0,4,0.075,16.505,-0.005,52.648308799999995,9.7455619,32.660000000000004,31.29,52.648302099999995,9.7455641,0.022863813201125717,-0.023736477827122883,4.239579286019426,-7.5,-14.75,0.03,16.50023,0.084050424,0.394914
0 days 00:00:05.260000,0.0024764806953973596,-4.253616000000001,-0.52974,10.280880000000002,53.15976679503637,53.15976679503637,53.15976679503637,53.15976679503637,-0.018675022996339326,0.031939525311496235,0.012042771838760874,-45.0,3.79,59.849999999999994,2,0,100.0,4,0.075,16.475,0.01,52.648308799999995,9.7455619,32.660000000000004,31.29,52.648300799999994,9.745562999999999,0.02234021442552742,-0.02356194490192345,4.239753818944626,-7.5,-14.75,0.03,16.470663,0.08342854,0.37638023
0 days 00:00:05.270000,0.0023585530432355803,-6.937632000000001,-0.521892,9.425448000000001,52.77198331193838,52.77198331193838,52.77198331193838,52.77198331193838,0.008377580409572781,-0.02757620218151041,0.008377580409572781,-42.5,3.79,56.39999999999999,2,0,100.0,4,0.065,16.435,0.005,52.648308799999995,9.7455619,32.660000000000004,31.29,52.6482995,9.7455619,0.022165681500327987,-0.023911010752322315,4.239928351869825,-7.5,-14.75,0.03,16.430422,0.073582314,0.3864055
0 days 00:00:05.280000,0.0022406253910738014,-3.7513440000000005,-0.5768280000000001,9.629496000000001,52.410943517329905,52.410943517329905,52.410943517329905,52.410943517329905,0.028274333882308142,-0.03612831551628262,-0.0022689280275926286,-40.0,3.79,61.949999999999996,2,0,100.0,4,0.055,16.365000000000002,0.005,52.648308799999995,9.7455619,32.660000000000004,31.29,52.6482981,9.7455608,0.02234021442552742,-0.02356194490192345,4.239928351869825,-7.5,-14.75,0.03,16.360575,0.06348729,0.3792334
0 days 00:00:05.290000,0.0021226977389120225,-2.3465520000000004,-0.29430000000000006,12.219336,52.54466195977749,52.54466195977749,52.54466195977749,52.54466195977749,0.035255650890285456,0.015358897417550098,-0.0024434609527920616,-36.5,3.79,67.5,2,0,100.0,4,0.05,16.330000000000002,0.01,52.6483014,9.7455559,32.660000000000004,31.29,52.6482968,9.7455597,0.022689280275926284,-0.023212879051524585,4.239928351869825,-7.5,-14.75,0.03,16.325832,0.058359556,0.36780563
0 days 00:00:05.300000,0.0020047700867502436,-5.195376000000001,0.184428,10.728216000000002,52.818784766795034,52.818784766795034,52.818784766795034,52.818784766795034,0.04747295565424577,-0.05201081170943102,0.003490658503988659,-33.0,3.79,67.64999999999999,2,0,100.0,4,0.045,16.31,-0.015,52.6483014,9.7455559,32.72,31.3,52.648295499999996,9.745558599999999,0.02303834612632515,-0.023387411976724018,4.239928351869825,-7.37,-14.625,-0.005,16.30519,0.054119878,0.39526793
0 days 00:00:05.310000,0.0021226977389120225,-3.4295760000000004,-0.3531600000000001,8.61318,52.87895806589645,52.87895806589645,52.87895806589645,52.87895806589645,0.054105206811824215,-0.06457718232379019,0.0041887902047863905,-31.0,3.79,67.8,2,0,100.0,4,0.04,16.26,-0.025,52.6483014,9.7455559,32.72,31.3,52.648294199999995,9.7455575,0.023387411976724018,-0.022863813201125717,4.239928351869825,-7.37,-14.625,-0.005,16.255178,0.049266625,0.3956828
0 days 00:00:05.320000,0.0022406253910738014,-2.7978120000000004,0.6396120000000001,7.530156000000001,51.936243046640996,51.936243046640996,51.936243046640996,51.936243046640996,0.06126105674500097,-0.00942477796076938,0.007330382858376183,-28.0,3.79,66.3,2,0,100.0,4,0.035,16.23,-0.015,52.6483014,9.7455559,32.72,31.3,52.648292899999994,9.7455564,0.023911010752322315,-0.022165681500327987,4.239928351869825,-7.37,-14.625,-0.005,16.225681,0.04394898,0.37377194
0 days 00:00:05.330000,0.0021226977389120225,-4.202604,0.29430000000000006,9.81,51.013585793752675,51.013585793752675,51.013585793752675,51.013585793752675,0.06562437987498679,0.03735004599267865,0.009075712110370514,-32.5,3.79,64.8,2,0,100.0,4,0.04,16.2,0.005,52.6483014,9.7455559,32.72,31.3,52.6482916,9.7455553,0.024609142453120045,-0.022165681500327987,4.240102884795024,-7.37,-14.625,-0.005,16.196133,0.048700023,0.35296446
0 days 00:00:05.340000,0.0020047700867502436,-5.576004,-0.380628,10.747836000000001,49.72988874625588,49.72988874625588,49.72988874625588,49.72988874625588,0.07661995416255106,-0.011693705988362009,0.006632251157578452,-37.0,3.79,62.099999999999994,2,0,100.0,4,0.04,16.16,0.005,52.648294899999996,9.745550399999999,32.72,31.3,52.6482903,9.7455543,0.02530727415391778,-0.022514747350726852,4.240102884795024,-7.37,-14.625,-0.005,16.156017,0.049066693,0.35768178
0 days 00:00:05.350000,0.0020047700867502436,-3.9514680000000006,0.16873200000000002,10.865556000000002,49.20838682071031,49.20838682071031,49.20838682071031,49.20838682071031,0.05009094953223726,0.0006981317007977319,0.004363323129985824,-44.0,3.79,59.39999999999999,2,0,100.0,4,0.03,16.11,-0.005,52.648294899999996,9.745550399999999,32.71,31.3,52.648289,9.7455531,0.02600540585471551,-0.02234021442552742,4.240102884795024,-7.355,-14.43,-0.055,16.10587,0.039477367,0.36396623
0 days 00:00:05.360000,0.0020047700867502436,-4.3870320000000005,0.7926480000000001,11.344284000000002,48.24561403508771,48.24561403508771,48.24561403508771,48.24561403508771,0.025132741228718346,-0.002967059728390361,0.002967059728390361,-43.0,3.79,57.74999999999999,2,0,100.0,4,0.03,16.07,-0.015,52.648294899999996,9.745550399999999,32.71,31.3,52.6482877,9.7455521,0.02652900463031381,-0.02234021442552742,4.240277417720224,-7.355,-14.43,-0.055,16.065655,0.03990943,0.37304625
0 days 00:00:05.370000,0.0020047700867502436,-4.889304,1.0280880000000001,10.163160000000001,47.69736842105263,47.69736842105263,47.69736842105263,47.69736842105263,-0.0017453292519943296,-0.03787364476827695,0.007679448708775049,-43.0,3.79,56.099999999999994,2,0,100.0,4,0.035,16.03,-0.035,52.648294899999996,9.745550399999999,32.71,31.3,52.648286399999996,9.745550999999999,0.026878070480712675,-0.02234021442552742,4.240277417720224,-7.355,-14.43,-0.055,16.025219,0.04555119,0.3919925
0 days 00:00:05.380000,0.0018868424345884643,-3.9240000000000004,0.8475840000000001,9.095832000000001,48.285729567821996,48.285729567821996,48.285729567821996,48.285729567821996,0.0013962634015954637,-0.03647738136668148,0.019722220547535925,-43.0,3.79,59.4,2,0,100.0,4,0.04,15.985000000000001,-0.04,52.648294899999996,9.745550399999999,32.71,31.3,52.6482852,9.7455499,0.026878070480712675,-0.02199114857512855,4.240277417720224,-7.355,-14.43,-0.055,15.980255,0.050506797,0.39027408
0 days 00:00:05.390000,0.0021226977389120225,-2.5113600000000003,0.502272,10.284804000000001,49.663029525032094,49.663029525032094,49.663029525032094,49.663029525032094,0.007330382858376183,0.04729842272904633,0.020594885173533087,-42.0,3.79,62.7,2,0,100.0,4,0.045,15.945,-0.03,52.6482886,9.745544899999999,32.71,31.3,52.648283899999996,9.7455488,0.026878070480712675,-0.021642082724729686,4.240451950645423,-7.355,-14.43,-0.055,15.940617,0.05506313,0.3737042
0 days 00:00:05.400000,0.002594408347559139,-5.752584000000001,0.07848000000000001,9.013428000000001,51.43479888746256,51.43479888746256,51.43479888746256,51.43479888746256,0.006108652381980153,0.0024434609527920616,0.015009831567151233,-42.0,3.79,65.85,2,0,100.0,4,0.04,15.925,-0.035,52.6482886,9.745544899999999,32.72,31.310000000000002,52.648282599999995,9.7455477,0.026878070480712675,-0.022165681500327987,4.240801016495822,-7.325,-14.18,0.02,15.920313,0.05041167,0.3867359
0 days 00:00:05.410000,0.0024764806953973596,-3.272616,-0.47480400000000006,8.668116000000001,52.45105905006419,52.45105905006419,52.45105905006419,52.45105905006419,0.01902408884673819,-0.047123889803846894,0.009075712110370514,-34.0,3.79,69.0,2,0,100.0,4,0.04,15.870000000000001,-0.03,52.6482886,9.745544899999999,32.72,31.310000000000002,52.6482813,9.7455467,0.026878070480712675,-0.022165681500327987,4.240801016495822,-7.325,-14.18,0.02,15.865437,0.05024457,0.3805203
0 days 00:00:05.420000,0.0021226977389120225,-0.580752,-0.031392,9.641268,51.809210526315795,51.809210526315795,51.809210526315795,51.809210526315795,0.032114058236695664,0.03769911184307752,0.009773843811168246,-34.0,3.79,67.35,2,0,100.0,4,0.03,15.835,-0.02,52.6482886,9.745544899999999,32.72,31.310000000000002,52.64828,9.7455456,0.027227136331111543,-0.021642082724729686,4.240975549421021,-7.325,-14.18,0.02,15.830859,0.039862152,0.36171985
0 days 00:00:05.430000,0.0022406253910738014,-5.336640000000001,0.066708,10.500624,51.020271715875054,51.020271715875054,51.020271715875054,51.020271715875054,0.04782202150464464,0.06230825429619757,0.010995574287564275,-33.0,3.79,65.7,2,0,100.0,4,0.025,15.835,-0.02,52.6482886,9.745544899999999,32.72,31.310000000000002,52.6482788,9.745544599999999,0.027401669256310976,-0.02199114857512855,4.240975549421021,-7.325,-14.18,0.02,15.830731,0.035078567,0.36737376
0 days 00:00:05.440000,0.0024764806953973596,-7.098516000000001,-0.266832,9.609876,50.69266153187847,50.69266153187847,50.69266153187847,50.69266153187847,0.04991641660703782,-0.014311699866353502,0.005235987755982988,-33.0,3.79,64.8,2,0,100.0,4,0.02,15.785,-0.025,52.6482819,9.7455389,32.72,31.310000000000002,52.6482775,9.7455435,0.027925268031909273,-0.022689280275926284,4.241150082346221,-7.325,-14.18,0.02,15.78037,0.030689348,0.38240534
0 days 00:00:05.450000,0.0024764806953973596,-3.6571680000000004,-0.074556,10.912644,51.153990158322635,51.153990158322635,51.153990158322635,51.153990158322635,0.040491638646268445,0.0019198621771937623,-0.004537856055185257,-36.0,3.79,63.89999999999999,2,0,100.0,4,0.015,15.715,-0.025,52.6482819,9.7455389,32.89,31.32,52.6482762,9.7455424,0.028448866807507574,-0.022514747350726852,4.241150082346221,-7.22,-14.030000000000001,0.015,15.710455,0.025768425,0.3782031
0 days 00:00:05.460000,0.0024764806953973596,-4.186908000000001,0.7808760000000001,10.932264000000002,51.39468335472828,51.39468335472828,51.39468335472828,51.39468335472828,0.033335788713091695,-0.009773843811168246,-0.002617993877991494,-39.0,3.79,65.69999999999999,2,0,100.0,4,0.01,15.68,-0.035,52.6482819,9.7455389,32.89,31.32,52.648275,9.745541399999999,0.02879793265790644,-0.022514747350726852,4.241150082346221,-7.22,-14.030000000000001,0.015,15.675239,0.021167694,0.38754377
0 days 00:00:05.470000,0.002594408347559139,-3.578688,-0.054936000000000006,9.095832000000001,51.133932391955504,51.133932391955504,51.133932391955504,51.133932391955504,0.03438298626428829,-0.04206243497306335,0.0012217304763960308,-39.0,3.79,67.5,2,0,100.0,4,0.015,15.64,-0.05,52.6482819,9.7455389,32.89,31.32,52.6482737,9.7455403,0.0291469985083053,-0.022514747350726852,4.241150082346221,-7.22,-14.030000000000001,0.015,15.634912,0.026711635,0.40148032
0 days 00:00:05.480000,0.002594408347559139,-1.852128,0.37670400000000004,7.757748000000001,49.73657466837826,49.73657466837826,49.73657466837826,49.73657466837826,0.028797932657906436,0.01658062789394613,0.00034906585039886593,-39.0,3.79,64.05,2,0,100.0,4,0.015,15.605,-0.045,52.6482819,9.7455389,32.89,31.32,52.6482725,9.745539299999999,0.02949606435870417,-0.02199114857512855,4.241150082346221,-7.22,-14.030000000000001,0.015,15.600236,0.026440218,0.3875221
0 days 00:00:05.490000,0.002594408347559139,-4.469436,1.80504,9.060516000000002,49.28861788617886,49.28861788617886,49.28861788617886,49.28861788617886,0.0012217304763960308,0.053232542185827056,-0.0024434609527920616,-42.0,3.79,60.599999999999994,2,0,100.0,4,0.015,15.59,-0.025,52.6482758,9.7455333,32.89,31.32,52.648271199999996,9.7455382,0.029845130209103034,-0.022165681500327987,4.241150082346221,-7.22,-14.030000000000001,0.015,15.585617,0.026050152,0.36991596
0 days 00:00:05.500000,0.0027123359997209178,-6.851304000000001,-0.23544,10.461384,49.35547710740265,49.35547710740265,49.35547710740265,49.35547710740265,0.007155849933176751,-0.01308996938995747,-0.003316125578789226,-45.0,3.79,59.55,2,0,100.0,4,0.03,15.545,-0.015,52.6482758,9.7455333,32.93,31.330000000000002,52.64827,9.7455371,0.029845130209103034,-0.022689280275926284,4.241150082346221,-7.16,-13.885,0.11,15.540659,0.040958192,0.3666118
0 days 00:00:05.510000,0.0028302636518826967,-5.1012,0.7259400000000001,10.06506,49.4357081728712,49.4357081728712,49.4357081728712,49.4357081728712,-0.0024434609527920616,-0.019722220547535925,0.003490658503988659,-48.0,3.79,58.5,2,0,100.0,4,0.025,15.48,-0.025,52.6482758,9.7455333,32.93,31.330000000000002,52.648268699999996,9.745536099999999,0.030019663134302467,-0.022689280275926284,4.240975549421021,-7.16,-13.885,0.11,15.475448,0.03628024,0.3752736
0 days 00:00:05.520000,0.0029481913040444755,-3.3393240000000004,0.6513840000000001,10.171008,48.77380188275567,48.77380188275567,48.77380188275567,48.77380188275567,-0.02181661564992912,0.012566370614359173,0.005585053606381855,-49.0,3.79,61.05,2,0,100.0,4,0.03,15.43,-0.03,52.6482758,9.7455333,32.93,31.330000000000002,52.648267499999996,9.7455351,0.029845130209103034,-0.02234021442552742,4.240975549421021,-7.16,-13.885,0.11,15.42548,0.041167155,0.3736113
0 days 00:00:05.530000,0.0031840466083680333,-4.06134,0.5532840000000001,8.880012,48.60665382969619,48.60665382969619,48.60665382969619,48.60665382969619,-0.049567350756638956,0.00942477796076938,0.0054105206811824215,-50.0,3.79,63.599999999999994,2,0,100.0,4,0.035,15.4,-0.035,52.6482758,9.7455333,32.93,31.330000000000002,52.648266199999995,9.745534,0.029670597283903602,-0.022514747350726852,4.241150082346221,-7.16,-13.885,0.11,15.3953085,0.046307873,0.38048264
0 days 00:00:05.540000,0.0031840466083680333,-3.4570440000000002,1.5068160000000002,9.931644,49.38222079589217,49.38222079589217,49.38222079589217,49.38222079589217,-0.046949356878647465,-0.004886921905584123,0.008552113334772213,-51.0,3.79,64.8,2,0,100.0,4,0.035,15.365,-0.025,52.6482697,9.745528,32.93,31.330000000000002,52.648264999999995,9.745533,0.0291469985083053,-0.022689280275926284,4.241150082346221,-7.16,-13.885,0.11,15.360477,0.045872457,0.3724058
0 days 00:00:05.550000,0.003301974260529812,-2.946924,0.27468000000000004,10.174932000000002,49.42902225074882,49.42902225074882,49.42902225074882,49.42902225074882,-0.034557519189487726,0.014137166941154071,0.012217304763960306,-51.0,3.79,66.0,2,0,100.0,4,0.045,15.33,-0.025,52.6482697,9.745528,32.93,31.34,52.648263799999995,9.7455319,0.02879793265790644,-0.022514747350726852,4.241150082346221,-7.085,-13.700000000000001,0.1,15.325552,0.055638436,0.36866644
0 days 00:00:05.560000,0.003419901912691592,-3.9240000000000004,-0.557208,11.375676,49.7566324347454,49.7566324347454,49.7566324347454,49.7566324347454,-0.03298672286269283,0.05166174585903216,0.008552113334772213,-51.0,3.79,59.25,2,0,100.0,4,0.045,15.305,-0.03,52.6482697,9.745528,32.93,31.34,52.648262499999994,9.7455309,0.028448866807507574,-0.022689280275926284,4.24132461527142,-7.085,-13.700000000000001,0.1,15.300381,0.05571188,0.37578925
0 days 00:00:05.570000,0.003301974260529812,-6.729660000000001,0.05886,9.339120000000001,49.36216302952503,49.36216302952503,49.36216302952503,49.36216302952503,-0.026703537555513242,-0.022863813201125717,0.006108652381980153,-50.5,3.79,52.5,2,0,100.0,4,0.035,15.265,-0.045,52.6482697,9.745528,32.93,31.34,52.648261299999994,9.7455299,0.028099800957108706,-0.023212879051524585,4.24149914819662,-7.085,-13.700000000000001,0.1,15.259844,0.046204977,0.3981597
0 days 00:00:05.580000,0.003301974260529812,-3.213756,0.4316400000000001,6.886620000000001,48.091837826273,48.091837826273,48.091837826273,48.091837826273,-0.02548180707911721,-0.046949356878647465,0.004537856055185257,-50.0,3.79,53.25,2,0,100.0,4,0.03,15.200000000000001,-0.045,52.6482697,9.745528,32.93,31.34,52.648260099999995,9.7455289,0.02775073510670984,-0.02303834612632515,4.24149914819662,-7.085,-13.700000000000001,0.1,15.19493,0.040952466,0.3941554
0 days 00:00:05.590000,0.003419901912691592,-0.16873200000000002,0.04316400000000001,10.116072,47.6438810440736,47.6438810440736,47.6438810440736,47.6438810440736,-0.016755160819145562,0.0815068760681352,0.005061454830783556,-49.0,3.79,54.0,2,0,100.0,4,0.035,15.17,-0.015,52.6482634,9.745523,32.93,31.34,52.648258899999995,9.7455278,0.02757620218151041,-0.022514747350726852,4.24149914819662,-7.085,-13.700000000000001,0.1,15.165818,0.044816807,0.35541546
0 days 00:00:05.600000,0.003301974260529812,-6.290172,-0.22759200000000002,10.363284,46.80145485665383,46.80145485665383,46.80145485665383,46.80145485665383,0.00034906585039886593,0.054977871437821374,0.008028514559173916,-49.0,3.79,60.6,2,0,100.0,4,0.03,15.17,-0.02,52.6482634,9.745523,32.92,31.34,52.648257699999995,9.7455268,0.027401669256310976,-0.023387411976724018,4.24149914819662,-6.8950000000000005,-13.6,0.05,15.165384,0.040256206,0.37378657
0 days 00:00:05.610000,0.0029481913040444755,-6.486372,0.459108,7.906860000000001,44.81573598630723,44.81573598630723,44.81573598630723,44.81573598630723,0.006283185307179587,-0.03961897402027128,0.002967059728390361,-41.0,3.79,67.2,2,0,100.0,4,0.025,15.11,-0.025,52.6482634,9.745523,32.92,31.34,52.6482564,9.7455258,0.027401669256310976,-0.023911010752322315,4.241673681121819,-6.8950000000000005,-13.6,0.05,15.1050825,0.03557329,0.38542387
0 days 00:00:05.620000,0.0031840466083680333,-0.7337880000000001,-0.596448,11.611116,42.08787976037655,42.08787976037655,42.08787976037655,42.08787976037655,0.002617993877991494,0.051487212933832724,-0.003490658503988659,-41.0,3.79,67.35,2,0,100.0,4,0.025,15.05,-0.01,52.6482634,9.745523,32.92,31.34,52.648255199999994,9.7455248,0.027401669256310976,-0.02356194490192345,4.241673681121819,-6.8950000000000005,-13.6,0.05,15.045588,0.03497924,0.3637499
0 days 00:00:05.630000,0.002594408347559139,-3.5041320000000002,0.6827760000000002,11.571876,40.336168164313214,40.336168164313214,40.336168164313214,40.336168164313214,0.0013962634015954637,0.007155849933176751,0.0020943951023931952,-40.0,3.79,67.5,2,0,100.0,4,0.015,15.045,-0.025,52.6482634,9.745523,32.92,31.34,52.648253999999994,9.745523799999999,0.027401669256310976,-0.023911010752322315,4.241673681121819,-6.8950000000000005,-13.6,0.05,15.040101,0.025534464,0.38414437
0 days 00:00:05.640000,0.002771299825801807,-3.2961600000000004,1.5342840000000002,8.330652,39.42688275566966,39.42688275566966,39.42688275566966,39.42688275566966,0.010995574287564275,-0.040491638646268445,0.0158824961931484,-41.0,3.79,69.9,2,0,100.0,4,0.02,15.01,-0.045,52.6482576,9.7455185,32.92,31.34,52.648252799999995,9.7455228,0.02757620218151041,-0.02408554367752175,4.241673681121819,-6.8950000000000005,-13.6,0.05,15.004563,0.031200038,0.40577003
0 days 00:00:05.650000,0.0029481913040444755,-1.8442800000000001,0.0981,9.087984,40.148962344886606,40.148962344886606,40.148962344886606,40.148962344886606,0.022863813201125717,0.07103490055616922,0.016231562043547268,-41.5,3.79,72.3,2,0,100.0,4,0.03,14.98,-0.03,52.6482576,9.7455185,32.78,31.35,52.648251599999995,9.7455217,0.02757620218151041,-0.023736477827122883,4.241848214047018,-6.785,-13.425,0.055,14.975067,0.040618714,0.3845568
0 days 00:00:05.660000,0.0031840466083680333,-6.804216,-0.153036,9.892404,42.3285729567822,42.3285729567822,42.3285729567822,42.3285729567822,0.019198621771937627,0.06928957130417489,0.013788101090755204,-42.0,3.79,72.44999999999999,2,0,100.0,4,0.025,14.965,-0.025,52.6482576,9.7455185,32.78,31.35,52.648250399999995,9.7455207,0.027925268031909273,-0.024434609527920616,4.242022746972218,-6.785,-13.425,0.055,14.959923,0.035897005,0.38976976
0 days 00:00:05.670000,0.0030661189562062544,-7.957872000000001,1.2674520000000002,7.855848000000001,44.68201754385965,44.68201754385965,44.68201754385965,44.68201754385965,0.01291543646475804,-0.08395033702092726,0.014137166941154071,-38.0,3.79,72.6,2,0,100.0,4,0.02,14.9,-0.025,52.6482576,9.7455185,32.78,31.35,52.648249199999995,9.7455197,0.028099800957108706,-0.025132741228718343,4.242197279897417,-6.785,-13.425,0.055,14.894666,0.031214546,0.39871094
0 days 00:00:05.680000,0.0030661189562062544,-0.32569200000000004,0.5140440000000001,8.982036,47.13575096277279,47.13575096277279,47.13575096277279,47.13575096277279,0.01117010721276371,-0.016057029118347832,0.015533430342749534,-34.0,3.79,71.25,2,0,100.0,4,0.03,14.82,-0.01,52.6482576,9.7455185,32.78,31.35,52.648247999999995,9.7455187,0.028099800957108706,-0.024260076602721184,4.242371812822617,-6.785,-13.425,0.055,14.815396,0.04036956,0.36850736
0 days 00:00:05.690000,0.0029481913040444755,-0.5846760000000001,0.7063200000000002,11.112768,48.79385964912281,48.79385964912281,48.79385964912281,48.79385964912281,0.014137166941154071,0.06702064327658225,0.011519173063162576,-26.0,3.79,69.89999999999999,2,0,100.0,4,0.03,14.82,-0.0,52.6482514,9.7455135,32.78,31.35,52.648246799999995,9.745517699999999,0.028274333882308142,-0.02408554367752175,4.242371812822617,-6.785,-13.425,0.055,14.8157015,0.04007815,0.3559225
0 days 00:00:05.700000,0.0029481913040444755,-5.501448000000001,-0.16480800000000004,6.9140880000000005,48.620025673940944,48.620025673940944,48.620025673940944,48.620025673940944,0.006981317007977318,-0.03089232776029963,0.013788101090755204,-26.0,3.79,68.55,2,0,100.0,4,0.03,14.815,-0.015,52.6482514,9.7455135,32.74,31.36,52.648245599999996,9.7455167,0.028448866807507574,-0.024783675378319478,4.242546345747817,-6.74,-13.26,0.04,14.810079,0.0408575,0.38111994
0 days 00:00:05.710000,0.0029481913040444755,-2.4799680000000004,0.36493200000000003,7.596864000000001,48.53310868635002,48.53310868635002,48.53310868635002,48.53310868635002,0.004363323129985824,0.028623399732707003,0.01117010721276371,-33.0,3.79,67.2,2,0,100.0,4,0.025,14.765,0.015,52.6482514,9.7455135,32.74,31.36,52.648244399999996,9.7455157,0.028448866807507574,-0.024434609527920616,4.2427208786730155,-6.74,-13.26,0.04,14.76096,0.034824625,0.34489456
0 days 00:00:05.720000,0.0028302636518826967,-3.9632400000000003,0.7926480000000001,10.586952000000002,47.57033590072743,47.57033590072743,47.57033590072743,47.57033590072743,-0.015184364492350668,0.0715584993317675,0.006283185307179587,-33.0,3.79,66.9,2,0,100.0,4,0.025,14.74,0.035,52.6482514,9.7455135,32.74,31.36,52.6482433,9.7455147,0.028623399732707007,-0.024609142453120045,4.242895411598215,-6.74,-13.26,0.04,14.736398,0.03436873,0.326863
0 days 00:00:05.730000,0.0024764806953973596,-6.462828000000001,-0.459108,10.386828,47.53690629011553,47.53690629011553,47.53690629011553,47.53690629011553,-0.015707963267948967,-0.02775073510670984,0.0017453292519943296,-35.5,3.79,66.6,2,0,100.0,4,0.03,14.705,0.025,52.6482514,9.7455135,32.74,31.36,52.6482421,9.7455138,0.028448866807507574,-0.02548180707911721,4.242895411598215,-6.74,-13.26,0.04,14.700863,0.03993445,0.3486827
0 days 00:00:05.740000,0.0023585530432355803,-2.350476,0.9888480000000001,9.527472000000001,46.98197475395806,46.98197475395806,46.98197475395806,46.98197475395806,-0.018500490071139894,-0.028623399732707003,0.008203047484373348,-38.0,3.79,65.1,2,0,100.0,4,0.02,14.64,0.02,52.648245499999994,9.7455084,32.74,31.35,52.6482409,9.7455128,0.028274333882308142,-0.025132741228718343,4.242895411598215,-6.74,-13.26,0.04,14.6358795,0.029827645,0.34720644
0 days 00:00:05.750000,0.0024764806953973596,-1.389096,0.671004,11.022516000000001,47.53690629011553,47.53690629011553,47.53690629011553,47.53690629011553,-0.004537856055185257,0.07278022980816354,0.00890117918517108,-42.0,3.79,63.599999999999994,2,0,100.0,4,0.03,14.620000000000001,0.02,52.648245499999994,9.7455084,32.72,31.36,52.6482397,9.7455118,0.028099800957108706,-0.024783675378319478,4.243069944523414,-6.72,-13.11,-0.065,14.616006,0.039605632,0.34132835
0 days 00:00:05.760000,0.002594408347559139,-6.211692,-0.678852,8.522928,47.71742618741977,47.71742618741977,47.71742618741977,47.71742618741977,-0.002967059728390361,-0.01308996938995747,0.004363323129985824,-45.0,3.79,64.5,2,0,100.0,4,0.03,14.61,0.01,52.648245499999994,9.7455084,32.72,31.36,52.6482386,9.7455108,0.028099800957108706,-0.02548180707911721,4.243069944523414,-6.72,-13.11,-0.065,14.605511,0.04016603,0.3612663
0 days 00:00:05.770000,0.0024764806953973596,-3.4570440000000002,0.39632400000000007,9.409752000000001,47.6438810440736,47.6438810440736,47.6438810440736,47.6438810440736,-0.014660765716752367,-0.026703537555513242,-0.006108652381980153,-49.0,3.79,65.39999999999999,2,0,100.0,4,0.02,14.55,0.02,52.648245499999994,9.7455084,32.72,31.36,52.6482374,9.745509799999999,0.027925268031909273,-0.02548180707911721,4.243069944523414,-6.72,-13.11,-0.065,14.545786,0.029785067,0.35003152
0 days 00:00:05.780000,0.0022406253910738014,-2.091492,1.6127640000000003,9.284184,47.16918057338468,47.16918057338468,47.16918057338468,47.16918057338468,-0.03298672286269283,0.014660765716752367,-0.002617993877991494,-53.0,3.79,64.94999999999999,2,0,100.0,4,0.025,14.515,0.025,52.648245499999994,9.7455084,32.72,31.36,52.6482362,9.745508899999999,0.027925268031909273,-0.025132741228718343,4.243069944523414,-6.72,-13.11,-0.065,14.511045,0.034477223,0.33894077
0 days 00:00:05.790000,0.0021226977389120225,-2.684016,0.20012400000000002,10.979352,46.834884467265724,46.834884467265724,46.834884467265724,46.834884467265724,-0.04328416544945937,0.02809980095710871,0.0006981317007977319,-56.0,3.79,64.5,2,0,100.0,4,0.035,14.5,0.03,52.6482396,9.7455035,32.72,31.36,52.6482351,9.7455079,0.02757620218151041,-0.02530727415391778,4.243069944523414,-6.72,-13.11,-0.065,14.496117,0.04427665,0.33583274
0 days 00:00:05.800000,0.0021226977389120225,-4.2928560000000004,1.126188,9.401904,46.76133932391956,46.76133932391956,46.76133932391956,46.76133932391956,-0.041015237421866746,-0.026529004630313806,0.007504915783575617,-57.0,3.79,61.5,2,0,100.0,4,0.035,14.475,0.015,52.6482396,9.7455035,32.72,31.36,52.6482339,9.745506899999999,0.027052603405912107,-0.025656340004316644,4.243069944523414,-6.6000000000000005,-12.96,-0.055,14.470621,0.044625934,0.3552626
0 days 00:00:05.810000,0.0022406253910738014,-2.303388,0.49834800000000007,8.703432000000001,46.76133932391956,46.76133932391956,46.76133932391956,46.76133932391956,-0.03612831551628262,0.02775073510670984,0.00890117918517108,-57.0,3.79,58.5,2,0,100.0,4,0.045,14.435,0.02,52.6482396,9.7455035,32.72,31.36,52.648232699999994,9.7455059,0.026703537555513242,-0.02530727415391778,4.243069944523414,-6.6000000000000005,-12.96,-0.055,14.430884,0.054203004,0.3439533
0 days 00:00:05.820000,0.0022406253910738014,-3.9279240000000004,0.557208,9.421524000000002,46.834884467265724,46.834884467265724,46.834884467265724,46.834884467265724,-0.04782202150464464,0.0582939970166106,0.005061454830783556,-57.0,3.79,60.15,2,0,100.0,4,0.045,14.415000000000001,0.03,52.6482396,9.7455035,32.72,31.36,52.648231599999995,9.745505,0.026354471705114377,-0.025656340004316644,4.243244477448615,-6.6000000000000005,-12.96,-0.055,14.411026,0.05393873,0.33850163
0 days 00:00:05.830000,0.0021226977389120225,-5.862456000000001,0.03531600000000001,9.217476,46.19303594351733,46.19303594351733,46.19303594351733,46.19303594351733,-0.03874630939427412,-0.014660765716752367,0.004886921905584123,-57.0,3.79,61.8,2,0,100.0,4,0.045,14.375,0.03,52.6482396,9.7455035,32.72,31.36,52.648230399999996,9.745504,0.025830872929516076,-0.026179938779914945,4.243244477448615,-6.6000000000000005,-12.96,-0.055,14.370859,0.05392933,0.34502617
0 days 00:00:05.840000,0.0018868424345884643,-2.527056,1.1458080000000002,10.912644,45.95234274711168,45.95234274711168,45.95234274711168,45.95234274711168,-0.02181661564992912,0.02583087292951608,0.007155849933176751,-57.0,3.79,61.8,2,0,100.0,4,0.045,14.32,0.035,52.6482337,9.7454983,32.72,31.36,52.6482293,9.745503099999999,0.02548180707911721,-0.02600540585471551,4.243244477448615,-6.6000000000000005,-12.96,-0.055,14.316068,0.05358119,0.3361112
0 days 00:00:05.850000,0.0021226977389120225,-3.61008,-0.298224,11.618964000000002,45.892169448010264,45.892169448010264,45.892169448010264,45.892169448010264,-0.006108652381980153,0.040491638646268445,0.004014257279586958,-58.0,3.79,61.8,2,0,100.0,4,0.05,14.3,0.025,52.6482337,9.7454983,32.81,31.37,52.6482281,9.7455021,0.02530727415391778,-0.026354471705114377,4.243419010373813,-6.4750000000000005,-12.84,-0.05,14.295693,0.058887,0.35045612
0 days 00:00:05.860000,0.0022406253910738014,-4.936392,0.047088000000000005,8.448372,45.74507916131793,45.74507916131793,45.74507916131793,45.74507916131793,-0.017976891295541593,-0.02722713633111154,0.0031415926535897933,-59.0,3.79,65.55,2,0,100.0,4,0.045,14.265,0.005,52.6482337,9.7454983,32.81,31.37,52.648227,9.7455011,0.025132741228718343,-0.026703537555513242,4.243419010373813,-6.4750000000000005,-12.84,-0.05,14.260049,0.054431755,0.37463295
0 days 00:00:05.870000,0.0023585530432355803,-2.0640240000000003,-0.03531600000000001,7.993188000000001,45.85873983739837,45.85873983739837,45.85873983739837,45.85873983739837,-0.01780235837034216,0.007330382858376183,0.002617993877991494,-57.5,3.79,69.3,2,0,100.0,4,0.045,14.22,0.02,52.6482337,9.7454983,32.81,31.37,52.6482258,9.7455002,0.02495820830351891,-0.026354471705114377,4.243419010373813,-6.4750000000000005,-12.84,-0.05,14.21559,0.053838346,0.35349065
0 days 00:00:05.880000,0.0022406253910738014,-3.154896,0.5729040000000001,10.014048000000003,45.65147625160462,45.65147625160462,45.65147625160462,45.65147625160462,-0.004363323129985824,0.04520402762665313,0.0019198621771937623,-56.0,3.79,76.19999999999999,2,0,100.0,4,0.04,14.200000000000001,0.035,52.6482337,9.7454983,32.81,31.37,52.6482247,9.7454992,0.024783675378319478,-0.02652900463031381,4.243419010373813,-6.4750000000000005,-12.84,-0.05,14.195932,0.048454933,0.34058383
0 days 00:00:05.890000,0.0023585530432355803,-5.485752000000001,-0.6003720000000001,9.460764000000001,45.38403936670945,45.38403936670945,45.38403936670945,45.38403936670945,0.0024434609527920616,-0.0019198621771937623,-0.00017453292519943296,-54.0,3.79,83.1,2,0,100.0,4,0.045,14.17,0.03,52.6482277,9.7454935,32.81,31.37,52.6482235,9.7454983,0.024783675378319478,-0.026878070480712675,4.243419010373813,-6.4750000000000005,-12.84,-0.05,14.165688,0.05368008,0.34960437
0 days 00:00:05.900000,0.0024764806953973596,-4.179060000000001,0.184428,9.14292,44.648587933247754,44.648587933247754,44.648587933247754,44.648587933247754,-0.007853981633974483,0.015707963267948967,-0.0054105206811824215,-54.0,3.79,85.5,2,0,100.0,4,0.035,14.120000000000001,0.035,52.6482277,9.7454935,32.78,31.37,52.648222399999995,9.7454973,0.024783675378319478,-0.026878070480712675,4.243419010373813,-6.3950000000000005,-12.725,-0.045,14.11584,0.04352599,0.34351218
0 days 00:00:05.910000,0.0024764806953973596,-4.818672,1.090872,10.865556000000002,44.381151048352585,44.381151048352585,44.381151048352585,44.381151048352585,-0.010995574287564275,0.0054105206811824215,-0.0041887902047863905,-52.0,3.79,87.89999999999999,2,0,100.0,4,0.035,14.08,0.04,52.6482277,9.7454935,32.78,31.37,52.648221199999995,9.7454964,0.024783675378319478,-0.027052603405912107,4.243419010373813,-6.3950000000000005,-12.725,-0.045,14.075931,0.04343637,0.33989686
0 days 00:00:05.920000,0.0023585530432355803,-4.834368,0.7808760000000001,8.758368,43.859649122807014,43.859649122807014,43.859649122807014,43.859649122807014,0.011344640137963142,-0.09826203688728076,0.008028514559173916,-52.0,3.79,81.14999999999999,2,0,100.0,4,0.045,14.035,0.03,52.6482277,9.7454935,32.78,31.37,52.648220099999996,9.7454954,0.024609142453120045,-0.027052603405912107,4.243419010373813,-6.3950000000000005,-12.725,-0.045,14.030676,0.053590044,0.3484348
0 days 00:00:05.930000,0.0024764806953973596,0.580752,0.278604,7.718508000000001,42.95036371416346,42.95036371416346,42.95036371416346,42.95036371416346,0.03228859116189509,-0.005061454830783556,0.015533430342749534,-54.0,3.79,74.39999999999999,2,0,100.0,4,0.05,13.985,0.035,52.6482277,9.7454935,32.78,31.37,52.648219,9.7454945,0.024783675378319478,-0.026179938779914945,4.243419010373813,-6.3950000000000005,-12.725,-0.045,13.981124,0.058189597,0.3297559
0 days 00:00:05.940000,0.0024764806953973596,-2.715408,-0.074556,10.791000000000002,41.91404578519469,41.91404578519469,41.91404578519469,41.91404578519469,0.05794493116621175,0.09407324668249435,0.016755160819145562,-56.0,3.79,74.1,2,0,100.0,4,0.05,13.995000000000001,0.06,52.6482221,9.7454888,32.78,31.37,52.6482179,9.7454936,0.025132741228718343,-0.026179938779914945,4.2435935432990135,-6.3950000000000005,-12.725,-0.045,13.991775,0.057683244,0.30501375
0 days 00:00:05.950000,0.0024764806953973596,-8.079516,-0.10594800000000001,9.237096000000001,40.449828840393664,40.449828840393664,40.449828840393664,40.449828840393664,0.05969026041820607,-0.004537856055185257,0.017627825445142728,-51.0,3.79,73.8,2,0,100.0,4,0.04,13.97,0.05,52.6482221,9.7454888,32.77,31.37,52.6482167,9.7454926,0.025656340004316644,-0.027052603405912107,4.243768076224212,-6.325,-12.540000000000001,0.005,13.966241,0.04839855,0.32676303
0 days 00:00:05.960000,0.002594408347559139,-4.2496920000000005,0.302148,9.044820000000001,40.35622593068036,40.35622593068036,40.35622593068036,40.35622593068036,0.03665191429188092,-0.03752457891787808,0.013264502315156903,-51.0,3.79,74.69999999999999,2,0,100.0,4,0.035,13.895,0.05,52.6482221,9.7454888,32.77,31.37,52.6482156,9.745491699999999,0.026354471705114377,-0.027052603405912107,4.2439426091494115,-6.325,-12.540000000000001,0.005,13.891269,0.043574944,0.32483295
0 days 00:00:05.970000,0.002594408347559139,-1.8599760000000003,0.40417200000000003,11.724912000000002,40.89778562259306,40.89778562259306,40.89778562259306,40.89778562259306,0.005934119456780722,0.04590215932745086,0.010297442586766544,-51.0,3.79,75.6,2,0,100.0,4,0.035,13.855,0.06,52.6482221,9.7454888,32.77,31.37,52.648214499999995,9.7454907,0.026703537555513242,-0.026703537555513242,4.244117142074611,-6.325,-12.540000000000001,0.005,13.851663,0.04326343,0.30890992
0 days 00:00:05.980000,0.002594408347559139,-5.901696,-0.0981,10.834164000000001,41.659980744544285,41.659980744544285,41.659980744544285,41.659980744544285,-0.009773843811168246,-0.030717794835100197,0.014660765716752367,-51.0,3.79,79.35,2,0,100.0,4,0.035,13.835,0.04,52.6482221,9.7454888,32.77,31.37,52.648213399999996,9.7454898,0.026703537555513242,-0.027052603405912107,4.244291674999811,-6.325,-12.540000000000001,0.005,13.83102,0.0439119,0.3331881
0 days 00:00:05.990000,0.0027123359997209178,-4.602852,1.1183400000000001,8.150148000000002,42.93030594779632,42.93030594779632,42.93030594779632,42.93030594779632,-0.018500490071139894,-0.08237954069413235,0.016929693744344998,-51.0,3.79,83.1,2,0,100.0,4,0.03,13.780000000000001,0.025,52.6482165,9.745484099999999,32.77,31.37,52.6482123,9.7454889,0.026703537555513242,-0.026703537555513242,4.244291674999811,-6.325,-12.540000000000001,0.005,13.775755,0.039145928,0.34201667
0 days 00:00:06,0.0027123359997209178,-0.26290800000000003,0.8436600000000001,10.61442,44.334349593495936,44.334349593495936,44.334349593495936,44.334349593495936,-0.031241393610698498,0.04066617157146788,0.009250245035569947,-51.0,3.79,87.44999999999999,2,0,100.0,4,0.035,13.735,0.04,52.6482165,9.745484099999999,32.77,31.38,52.6482112,9.745487899999999,0.02652900463031381,-0.02600540585471551,4.24446620792501,-6.28,-12.355,-0.125,13.731396,0.04340057,0.31611753
0 days 00:00:06.010000,0.002594408347559139,-5.309172,0.5768280000000001,9.755064,44.68201754385965,44.68201754385965,44.68201754385965,44.68201754385965,-0.05899212871740834,0.0,0.006806784082777885,-55.5,3.79,91.8,2,0,100.0,4,0.04,13.735,0.035,52.6482165,9.745484099999999,32.77,31.38,52.6482101,9.745486999999999,0.026179938779914945,-0.026354471705114377,4.24464074085021,-6.28,-12.355,-0.125,13.731153,0.048544817,0.32578978
0 days 00:00:06.020000,0.002594408347559139,-5.748660000000001,0.7769520000000001,8.444448000000001,45.08317287120239,45.08317287120239,45.08317287120239,45.08317287120239,-0.06370451769779302,-0.08587019919812101,0.014311699866353502,-60.0,3.79,92.85,2,0,100.0,4,0.04,13.685,0.035,52.6482165,9.745484099999999,32.77,31.37,52.648208999999994,9.745486099999999,0.02548180707911721,-0.026354471705114377,4.24464074085021,-6.28,-12.355,-0.125,13.68117,0.04828379,0.3245065
0 days 00:00:06.030000,0.0022406253910738014,-1.043784,1.1889720000000001,10.296576000000002,44.28754813863928,44.28754813863928,44.28754813863928,44.28754813863928,-0.05375614096142535,-0.0012217304763960308,0.022863813201125717,-60.0,3.79,93.89999999999999,2,0,100.0,4,0.045,13.63,0.045,52.6482165,9.745484099999999,32.77,31.37,52.648207899999996,9.7454852,0.02495820830351891,-0.02548180707911721,4.244815273775409,-6.28,-12.355,-0.125,13.626721,0.05252992,0.30107692
0 days 00:00:06.040000,0.0021226977389120225,-2.9351520000000004,0.60822,11.144160000000001,43.946566110397946,43.946566110397946,43.946566110397946,43.946566110397946,-0.045553093477052,0.01117010721276371,0.022165681500327987,-60.0,3.79,88.94999999999999,2,0,100.0,4,0.055,13.625,0.04,52.6482112,9.745479699999999,32.77,31.37,52.6482068,9.7454843,0.024434609527920616,-0.02548180707911721,4.244989806700609,-6.28,-12.355,-0.125,13.621596,0.06248829,0.3057296
0 days 00:00:06.050000,0.0020047700867502436,-4.905,0.357084,10.22202,43.806161745827985,43.806161745827985,43.806161745827985,43.806161745827985,-0.028623399732707003,-0.04415683007545654,0.021118483949131385,-59.0,3.79,84.0,2,0,100.0,4,0.055,13.595,0.025,52.6482112,9.745479699999999,32.72,31.38,52.6482057,9.7454834,0.023911010752322315,-0.02548180707911721,4.245164339625807,-6.2,-12.155000000000001,-0.025,13.591224,0.06266845,0.31998897
0 days 00:00:06.060000,0.0018868424345884643,-2.660472,0.20404800000000003,11.815164000000001,44.21400299529311,44.21400299529311,44.21400299529311,44.21400299529311,-0.016057029118347832,0.005759586531581288,0.014835298641951801,-58.0,3.79,81.15,2,0,100.0,4,0.05,13.55,0.02,52.6482112,9.745479699999999,32.72,31.38,52.6482046,9.7454825,0.023736477827122883,-0.025132741228718343,4.245338872551008,-6.2,-12.155000000000001,-0.025,13.546224,0.057593197,0.31924215
0 days 00:00:06.070000,0.0018868424345884643,-5.897772000000001,-0.20797200000000002,9.448992,44.14045785194694,44.14045785194694,44.14045785194694,44.14045785194694,-0.004363323129985824,-0.038571776469074684,0.012391837689159739,-58.0,3.79,78.3,2,0,100.0,4,0.05,13.525,-0.0,52.6482112,9.745479699999999,32.72,31.38,52.6482035,9.7454816,0.02356194490192345,-0.025132741228718343,4.245513405476206,-6.2,-12.155000000000001,-0.025,13.520729,0.05799372,0.3386122
0 days 00:00:06.080000,0.0018868424345884643,-4.846140000000001,0.42771600000000004,7.2750960000000005,43.65238553701327,43.65238553701327,43.65238553701327,43.65238553701327,0.006108652381980153,-0.06841690667817771,0.016231562043547268,-55.0,3.79,82.8,2,0,100.0,4,0.045,13.47,-0.0,52.6482112,9.745479699999999,32.72,31.38,52.648202399999995,9.7454807,0.023387411976724018,-0.024783675378319478,4.245687938401406,-6.2,-12.155000000000001,-0.025,13.465864,0.05279375,0.3326583
0 days 00:00:06.090000,0.0017689147824266852,-1.5146640000000002,0.9299880000000001,10.025820000000001,43.33146127513907,43.33146127513907,43.33146127513907,43.33146127513907,0.016057029118347832,0.01832595714594046,0.01361356816555577,-55.0,3.79,87.3,2,0,100.0,4,0.045,13.425,0.025,52.6482056,9.7454752,32.72,31.38,52.6482013,9.7454798,0.02356194490192345,-0.02408554367752175,4.245862471326605,-6.2,-12.155000000000001,-0.025,13.421708,0.052015964,0.29718143
0 days 00:00:06.100000,0.0017689147824266852,-4.006404000000001,0.3924,10.673280000000002,42.997165169020114,42.997165169020114,42.997165169020114,42.997165169020114,0.031415926535897934,-0.0012217304763960308,0.014486232791552938,-55.0,3.79,94.35,2,0,100.0,4,0.05,13.41,0.025,52.6482056,9.7454752,32.71,31.38,52.6482002,9.7454789,0.023736477827122883,-0.024260076602721184,4.246037004251805,-6.055,-12.01,-0.02,13.40666,0.057113383,0.29903173
0 days 00:00:06.110000,0.0017689147824266852,-2.4838920000000004,-0.8201160000000001,10.237716,43.6724433033804,43.6724433033804,43.6724433033804,43.6724433033804,0.05707226654021458,-0.03944444109507185,0.014311699866353502,-54.0,3.79,101.4,2,0,100.0,4,0.05,13.375,0.015,52.6482056,9.7454752,32.71,31.38,52.6481991,9.745478,0.02408554367752175,-0.024260076602721184,4.246037004251805,-6.055,-12.01,-0.02,13.3714285,0.057438076,0.3081572
0 days 00:00:06.120000,0.0017689147824266852,-2.1150360000000004,0.48657600000000006,9.252792000000001,43.04396662387676,43.04396662387676,43.04396662387676,43.04396662387676,0.08098327729253689,0.026529004630313806,0.011519173063162576,-54.0,3.79,102.75,2,0,100.0,4,0.035,13.35,0.01,52.6482056,9.7454752,32.71,31.38,52.648198099999995,9.745477099999999,0.024609142453120045,-0.023911010752322315,4.246211537177004,-6.055,-12.01,-0.02,13.346423,0.0425974,0.3082296
0 days 00:00:06.130000,0.0017689147824266852,-5.595624000000001,-0.180504,9.107604,42.76315789473684,42.76315789473684,42.76315789473684,42.76315789473684,0.07609635538695277,0.03647738136668148,0.009250245035569947,-54.5,3.79,104.1,2,0,100.0,4,0.035,13.335,0.015,52.6482056,9.7454752,32.71,31.38,52.648196999999996,9.745476199999999,0.02548180707911721,-0.02408554367752175,4.246386070102204,-6.055,-12.01,-0.02,13.331493,0.042789154,0.30516285
0 days 00:00:06.140000,0.0017689147824266852,-6.309792,-0.149112,10.363284,42.26171373555841,42.26171373555841,42.26171373555841,42.26171373555841,0.0609119908946021,-0.004014257279586958,0.007330382858376183,-55.0,3.79,102.89999999999999,2,0,100.0,4,0.03,13.280000000000001,0.02,52.6482002,9.7454708,32.71,31.38,52.6481959,9.745475299999999,0.026179938779914945,-0.024434609527920616,4.246386070102204,-6.055,-12.01,-0.02,13.276524,0.037959695,0.30357566
0 days 00:00:06.150000,0.0017689147824266852,-4.952088000000001,0.7259400000000001,9.861012,41.9742190842961,41.9742190842961,41.9742190842961,41.9742190842961,0.0466002910282486,-0.032812189937493394,0.011344640137963142,-54.0,5.29,101.69999999999999,2,0,100.0,4,0.025,13.22,0.015,52.6482002,9.7454708,32.71,31.38,52.6481949,9.745474399999999,0.026878070480712675,-0.024434609527920616,4.246560603027403,-5.97,-11.89,-0.015,13.21642,0.033268362,0.3072148
0 days 00:00:06.160000,0.0018278786085075746,-2.6683200000000005,0.678852,10.131768,42.37537441163885,42.37537441163885,42.37537441163885,42.37537441163885,0.02129301687433082,0.005585053606381855,0.009599310885968814,-56.0,5.29,97.04999999999998,2,0,100.0,4,0.03,13.17,0.01,52.6482002,9.7454708,32.71,31.38,52.648193799999994,9.7454736,0.027227136331111543,-0.02408554367752175,4.246560603027403,-5.97,-11.89,-0.015,13.166422,0.03835145,0.3062483
0 days 00:00:06.170000,0.0018868424345884643,-4.265388000000001,0.788724,9.327348,42.01433461703038,42.01433461703038,42.01433461703038,42.01433461703038,0.008552113334772213,-0.0015707963267948967,0.01291543646475804,-54.0,5.29,92.39999999999999,2,0,100.0,4,0.03,13.145,0.005,52.6482002,9.7454708,32.71,31.38,52.648192699999996,9.745472699999999,0.02757620218151041,-0.024260076602721184,4.246735135952603,-5.97,-11.89,-0.015,13.141253,0.038642805,0.31292236
0 days 00:00:06.180000,0.0018868424345884643,-3.8298240000000003,0.15696000000000002,8.652420000000001,41.49951861360719,41.49951861360719,41.49951861360719,41.49951861360719,-0.0015707963267948967,-0.007155849933176751,0.010821041362364843,-52.0,5.29,84.3,2,0,100.0,4,0.035,13.105,0.01,52.6482002,9.7454708,32.71,31.38,52.6481917,9.745471799999999,0.02757620218151041,-0.02408554367752175,4.246909668877802,-5.97,-11.89,-0.015,13.101439,0.043413285,0.3045322
0 days 00:00:06.190000,0.0018868424345884643,-3.2529960000000004,0.45126,8.997732000000001,40.89778562259306,40.89778562259306,40.89778562259306,40.89778562259306,-0.017278759594743863,0.032463124087094536,0.00942477796076938,-51.0,5.29,76.2,2,0,100.0,4,0.035,13.07,0.02,52.648194999999994,9.7454662,32.71,31.38,52.6481906,9.745471,0.02757620218151041,-0.02408554367752175,4.246909668877802,-5.97,-11.89,-0.015,13.06669,0.043114394,0.29369628
0 days 00:00:06.200000,0.0017689147824266852,-4.6538640000000004,0.8318880000000001,9.307728000000001,40.697207958921695,40.697207958921695,40.697207958921695,40.697207958921695,-0.022863813201125717,0.028797932657906436,0.01117010721276371,-46.0,5.29,69.75,2,0,100.0,4,0.025,13.045,0.03,52.648194999999994,9.7454662,32.72,31.39,52.648189599999995,9.74547,0.02757620218151041,-0.024434609527920616,4.247084201803002,-5.96,-11.71,-0.015,13.04184,0.032951474,0.28792763
0 days 00:00:06.210000,0.0017689147824266852,-4.732344,0.737712,11.301120000000003,40.830926401369275,40.830926401369275,40.830926401369275,40.830926401369275,-0.013788101090755204,0.04136430327226561,0.014486232791552938,-42.0,5.29,63.3,2,0,100.0,4,0.03,13.0,0.03,52.648194999999994,9.7454662,32.72,31.39,52.648188499999996,9.745469199999999,0.027401669256310976,-0.024783675378319478,4.2472587347282005,-5.96,-11.71,-0.015,12.996752,0.037993517,0.29123238
0 days 00:00:06.220000,0.0018868424345884643,-5.1600600000000005,0.125568,10.586952000000002,41.42597347026102,41.42597347026102,41.42597347026102,41.42597347026102,-0.01815142422074103,0.009948376736367679,0.011693705988362009,-40.0,5.29,61.8,2,0,100.0,4,0.03,12.955,0.015,52.648194999999994,9.7454662,32.72,31.39,52.6481875,9.745468299999999,0.027227136331111543,-0.025132741228718343,4.247433267653401,-5.96,-11.71,-0.015,12.951285,0.038443636,0.30963334
0 days 00:00:06.230000,0.0018868424345884643,-4.308552000000001,0.317844,10.814544000000001,41.619865211810016,41.619865211810016,41.619865211810016,41.619865211810016,-0.01884955592153876,-0.01064650843716541,0.009773843811168246,-37.0,5.29,60.3,2,0,100.0,4,0.03,12.905000000000001,0.005,52.648194999999994,9.7454662,32.72,31.39,52.6481864,9.7454675,0.027052603405912107,-0.02530727415391778,4.247433267653401,-5.96,-11.71,-0.015,12.900994,0.03868692,0.32062796
0 days 00:00:06.240000,0.001650987130264906,-3.4688160000000003,0.56898,10.700748,41.94078947368421,41.94078947368421,41.94078947368421,41.94078947368421,-0.01832595714594046,0.0041887902047863905,0.010821041362364843,-33.0,5.29,60.9,2,0,100.0,4,0.03,12.865,-0.005,52.648189099999996,9.745462,32.72,31.39,52.648185399999996,9.7454666,0.026878070480712675,-0.025132741228718343,4.247607800578599,-5.96,-11.71,-0.015,12.860811,0.038812093,0.3273723
0 days 00:00:06.250000,0.0015330594781031272,-4.175136,0.6003720000000001,9.401904,41.4326593923834,41.4326593923834,41.4326593923834,41.4326593923834,-0.007155849933176751,0.023212879051524585,0.01064650843716541,-31.0,5.29,61.5,2,0,100.0,4,0.03,12.835,-0.015,52.648189099999996,9.745462,32.910000000000004,31.39,52.6481844,9.745465699999999,0.026703537555513242,-0.02530727415391778,4.2477823335038,-5.865,-11.545,-0.02,12.830511,0.039061535,0.33885726
0 days 00:00:06.260000,0.001650987130264906,-5.195376000000001,0.7259400000000001,8.970264,41.03150406504064,41.03150406504064,41.03150406504064,41.03150406504064,-0.007853981633974483,0.035953782591083186,0.008552113334772213,-28.0,5.29,62.85,2,0,100.0,4,0.03,12.795,-0.01,52.648189099999996,9.745462,32.910000000000004,31.39,52.6481833,9.7454649,0.026703537555513242,-0.02548180707911721,4.2477823335038,-5.865,-11.545,-0.02,12.790591,0.038960658,0.33508044
0 days 00:00:06.270000,0.0015330594781031272,-4.543992,-0.302148,10.669356000000002,41.165222507488224,41.165222507488224,41.165222507488224,41.165222507488224,0.0005235987755982988,-0.0010471975511965976,0.006806784082777885,-25.0,5.29,64.2,2,0,100.0,4,0.035,12.745000000000001,-0.005,52.648189099999996,9.745462,32.910000000000004,31.39,52.648182299999995,9.7454641,0.02652900463031381,-0.025830872929516076,4.247956866428999,-5.865,-11.545,-0.02,12.74062,0.04385201,0.3331302
0 days 00:00:06.280000,0.0012972041737795694,-2.8998360000000005,-0.20012400000000002,9.939492000000001,40.73732349165597,40.73732349165597,40.73732349165597,40.73732349165597,0.006283185307179587,-0.00017453292519943296,0.008203047484373348,-22.0,5.29,58.5,2,0,100.0,4,0.03,12.700000000000001,-0.015,52.648189099999996,9.745462,32.910000000000004,31.39,52.6481813,9.7454632,0.02652900463031381,-0.025830872929516076,4.247956866428999,-5.865,-11.545,-0.02,12.695375,0.039088108,0.34209412
0 days 00:00:06.290000,0.0011792765216177901,-3.4648920000000003,0.7651800000000001,10.343664,40.51000213949508,40.51000213949508,40.51000213949508,40.51000213949508,-0.01291543646475804,0.0747000919853573,0.003490658503988659,-20.0,5.29,52.8,2,0,100.0,4,0.025,12.675,-0.015,52.648184,9.745457799999999,32.910000000000004,31.39,52.6481802,9.7454624,0.026703537555513242,-0.025830872929516076,4.247956866428999,-5.865,-11.545,-0.02,12.670384,0.034132354,0.34157532
0 days 00:00:06.300000,0.0010613488694560112,-8.181540000000002,0.74556,10.355436000000001,40.24256525459992,40.24256525459992,40.24256525459992,40.24256525459992,-0.005235987755982988,0.015707963267948967,0.0038397243543875246,-16.0,5.29,53.099999999999994,2,0,100.0,4,0.03,12.645,-0.02,52.648184,9.745457799999999,32.92,31.400000000000002,52.648179199999994,9.7454615,0.02652900463031381,-0.02652900463031381,4.2481313993541985,-5.7250000000000005,-11.385,0.03,12.640021,0.039417088,0.35449204
0 days 00:00:06.310000,0.0009434212172942321,-6.431436000000001,0.09417600000000001,9.072288,40.4698866067608,40.4698866067608,40.4698866067608,40.4698866067608,-0.004363323129985824,-0.08918632477691024,0.007330382858376183,-13.0,5.29,53.39999999999999,2,0,100.0,4,0.03,12.565,-0.03,52.648184,9.745457799999999,32.92,31.400000000000002,52.6481782,9.745460699999999,0.026354471705114377,-0.026703537555513242,4.2481313993541985,-5.7250000000000005,-11.385,0.03,12.559719,0.03962048,0.36456192
0 days 00:00:06.320000,0.0009434212172942321,-0.5532840000000001,0.545436,9.813924,40.336168164313214,40.336168164313214,40.336168164313214,40.336168164313214,-0.0010471975511965976,-0.0317649923862968,0.009250245035569947,-10.0,5.29,51.14999999999999,2,0,100.0,4,0.03,12.505,-0.025,52.648184,9.745457799999999,32.92,31.400000000000002,52.6481772,9.745459799999999,0.026354471705114377,-0.025830872929516076,4.2481313993541985,-5.7250000000000005,-11.385,0.03,12.500183,0.039159104,0.34705946
0 days 00:00:06.330000,0.0009434212172942321,-2.7860400000000003,0.557208,10.767456000000001,39.286478391099706,39.286478391099706,39.286478391099706,39.286478391099706,0.005061454830783556,0.026878070480712675,0.010297442586766544,-16.5,5.29,48.89999999999999,2,0,100.0,4,0.03,12.5,-0.025,52.648184,9.745457799999999,32.92,31.400000000000002,52.648176199999995,9.745459,0.026354471705114377,-0.02548180707911721,4.248305932279397,-5.7250000000000005,-11.385,0.03,12.495305,0.03904077,0.3425702
0 days 00:00:06.340000,0.000825493565132453,-6.403968000000001,0.51012,8.405208,37.75540222507488,37.75540222507488,37.75540222507488,37.75540222507488,-0.008726646259971648,-0.017104226669544427,0.007679448708775049,-23.0,5.29,46.05,2,0,100.0,4,0.035,12.475,-0.035,52.648179,9.7454536,32.92,31.400000000000002,52.6481752,9.7454582,0.02652900463031381,-0.025830872929516076,4.248305932279397,-5.7250000000000005,-11.385,0.03,12.469934,0.04446254,0.35613856
0 days 00:00:06.350000,0.0007075659129706742,-4.802976000000001,0.9221400000000001,9.782532000000002,35.04091784338896,35.04091784338896,35.04091784338896,35.04091784338896,-0.024085543677521748,-0.015533430342749534,0.002967059728390361,-39.0,5.29,43.2,2,0,100.0,4,0.035,12.415000000000001,-0.02,52.648179,9.7454536,32.910000000000004,31.41,52.6481742,9.7454573,0.026354471705114377,-0.025656340004316644,4.248480465204597,-5.6000000000000005,-11.225,0.05,12.410401,0.043907326,0.3374421
0 days 00:00:06.360000,0.0005896382608088951,-4.33602,-0.28252800000000006,10.473156000000001,31.764816003423196,31.764816003423196,31.764816003423196,31.764816003423196,-0.024085543677521748,-0.05742133239061344,0.004363323129985824,-41.0,5.29,48.6,2,0,100.0,4,0.04,12.365,-0.025,52.648179,9.7454536,32.910000000000004,31.41,52.648173199999995,9.7454565,0.026179938779914945,-0.02548180707911721,4.248480465204597,-5.6000000000000005,-11.225,0.05,12.360348,0.048887514,0.33887675
0 days 00:00:06.370000,0.0004717106086471161,-2.2837680000000002,0.298224,9.668736,28.542201540436455,28.542201540436455,28.542201540436455,28.542201540436455,-0.016929693744344998,-0.07539822368615504,0.00890117918517108,-41.0,5.29,54.0,2,0,100.0,4,0.035,12.325000000000001,-0.03,52.648179,9.7454536,32.910000000000004,31.41,52.6481722,9.745455699999999,0.025830872929516076,-0.024783675378319478,4.248480465204597,-5.6000000000000005,-11.225,0.05,12.320471,0.04365151,0.3344024
0 days 00:00:06.380000,0.0005896382608088951,-0.812268,0.6003720000000001,10.700748,27.60617244330338,27.60617244330338,27.60617244330338,27.60617244330338,-0.018675022996339326,0.035953782591083186,0.004363323129985824,-41.0,5.29,56.55,2,0,100.0,4,0.035,12.305,-0.03,52.648179,9.7454536,32.910000000000004,31.41,52.6481712,9.7454549,0.025656340004316644,-0.02408554367752175,4.248480465204597,-5.6000000000000005,-11.225,0.05,12.300709,0.043360136,0.32533
0 days 00:00:06.390000,0.0007075659129706742,-6.439284,-0.3924,9.621648,28.341623876765087,28.341623876765087,28.341623876765087,28.341623876765087,-0.02199114857512855,-0.02234021442552742,0.0006981317007977319,-25.0,5.29,59.099999999999994,2,0,100.0,4,0.04,12.3,-0.04,52.6481741,9.7454495,32.910000000000004,31.41,52.648170199999996,9.7454541,0.02548180707911721,-0.024434609527920616,4.248654998129796,-5.6000000000000005,-11.225,0.05,12.295351,0.04866273,0.33937415
0 days 00:00:06.400000,0.0007075659129706742,-5.599548,0.027468000000000003,8.00496,28.675919982884036,28.675919982884036,28.675919982884036,28.675919982884036,-0.02234021442552742,-0.12461650859239513,0.00034906585039886593,-25.0,5.29,58.8,2,0,100.0,4,0.03,12.24,-0.04,52.6481741,9.7454495,32.92,31.42,52.6481692,9.7454532,0.02530727415391778,-0.024260076602721184,4.248654998129796,-5.4750000000000005,-10.975,0.025,12.235428,0.038515568,0.33603543
0 days 00:00:06.410000,0.0005896382608088951,-0.22759200000000002,-0.18835200000000002,9.558864000000002,30.180252460419336,30.180252460419336,30.180252460419336,30.180252460419336,-0.03228859116189509,-0.032637657012293965,0.0012217304763960308,-15.0,5.29,58.5,2,0,100.0,4,0.03,12.185,-0.02,52.6481741,9.7454495,32.92,31.42,52.6481682,9.7454524,0.025132741228718343,-0.02303834612632515,4.248480465204597,-5.4750000000000005,-10.975,0.025,12.181307,0.037546948,0.29984328
0 days 00:00:06.420000,0.0005896382608088951,-4.171212000000001,0.533664,11.893644000000002,31.517436884895165,31.517436884895165,31.517436884895165,31.517436884895165,-0.04206243497306335,0.016406094968746697,0.0031415926535897933,-15.0,5.29,61.8,2,0,100.0,4,0.025,12.185,-0.02,52.6481741,9.7454495,32.92,31.42,52.648167199999996,9.745451599999999,0.024783675378319478,-0.022689280275926284,4.248480465204597,-5.4750000000000005,-10.975,0.025,12.181411,0.032338444,0.2957295
0 days 00:00:06.430000,0.0005896382608088951,-8.193312,1.2988440000000003,9.715824000000001,33.670303808301234,33.670303808301234,33.670303808301234,33.670303808301234,-0.055326937288220246,-0.08464846872172499,0.003316125578789226,-2.0,5.29,65.1,2,0,100.0,4,0.03,12.145,-0.04,52.6481741,9.7454495,32.92,31.42,52.6481662,9.7454508,0.024434609527920616,-0.022863813201125717,4.248654998129796,-5.4750000000000005,-10.975,0.025,12.140912,0.03775184,0.3168186
0 days 00:00:06.440000,0.0005896382608088951,-3.7317240000000003,0.16873200000000002,8.958492000000001,35.97026101839966,35.97026101839966,35.97026101839966,35.97026101839966,-0.047123889803846894,-0.13124875974997358,0.005061454830783556,-4.0,5.29,67.8,2,0,100.0,4,0.04,12.065,-0.04,52.6481693,9.745445799999999,32.92,31.42,52.648165299999995,9.74545,0.023736477827122883,-0.02199114857512855,4.248654998129796,-5.4750000000000005,-10.975,0.025,12.061203,0.04723461,0.30425677
0 days 00:00:06.450000,0.0005896382608088951,0.04316400000000001,0.40024800000000005,8.464068000000001,37.08012409071459,37.08012409071459,37.08012409071459,37.08012409071459,-0.03316125578789226,-0.054279739737023644,0.011868238913561443,-5.0,5.29,70.5,2,0,100.0,4,0.04,12.030000000000001,-0.035,52.6481693,9.745445799999999,32.86,31.42,52.6481643,9.7454492,0.023387411976724018,-0.020594885173533087,4.248654998129796,-5.37,-10.785,0.08,12.026728,0.04660082,0.2817188
0 days 00:00:06.460000,0.0005896382608088951,-2.5545240000000002,0.08632800000000002,8.954568000000002,37.76877406931964,37.76877406931964,37.76877406931964,37.76877406931964,-0.035953782591083186,0.010297442586766544,0.011344640137963142,-6.0,5.29,69.6,2,0,100.0,4,0.04,12.030000000000001,-0.02,52.6481693,9.745445799999999,32.86,31.42,52.6481633,9.745448399999999,0.02303834612632515,-0.020071286397934793,4.248654998129796,-5.37,-10.785,0.08,12.027175,0.046011936,0.26044652
0 days 00:00:06.470000,0.0005896382608088951,-6.576624000000001,-0.24721200000000002,8.707356,37.6216837826273,37.6216837826273,37.6216837826273,37.6216837826273,-0.04450589592585541,-0.02600540585471551,0.006108652381980153,-7.5,5.29,68.7,2,0,100.0,4,0.035,12.01,-0.015,52.6481693,9.745445799999999,32.86,31.42,52.648162299999996,9.7454476,0.022689280275926284,-0.020245819323134222,4.248829531054996,-5.37,-10.785,0.08,12.007236,0.040847335,0.2572721
0 days 00:00:06.480000,0.0003537829564853371,-5.112972,0.8397360000000001,9.864936,37.434477963200685,37.434477963200685,37.434477963200685,37.434477963200685,-0.046774823953448036,-0.04939281783143952,0.008028514559173916,-9.0,5.29,70.35,2,0,100.0,4,0.03,11.945,-0.005,52.6481693,9.745445799999999,32.86,31.42,52.6481614,9.7454468,0.022165681500327987,-0.019896753472735357,4.248829531054996,-5.37,-10.785,0.08,11.942536,0.035370693,0.2419255
0 days 00:00:06.490000,0.00011792765216177902,-3.2922360000000004,0.8161920000000001,10.885176000000001,37.849005134788186,37.849005134788186,37.849005134788186,37.849005134788186,-0.033510321638291124,-0.02949606435870417,0.01884955592153876,-10.0,5.29,72.0,2,0,100.0,4,0.035,11.895,-0.005,52.6481644,9.7454418,32.86,31.42,52.648160399999995,9.745446099999999,0.02181661564992912,-0.01937315469713706,4.249004063980196,-5.37,-10.785,0.08,11.892672,0.040127512,0.23460878
0 days 00:00:06.500000,0.0003537829564853371,-3.7984320000000005,-0.6749280000000001,11.650356,38.43736628155755,38.43736628155755,38.43736628155755,38.43736628155755,-0.02076941809873252,-0.009250245035569947,0.021642082724729686,-11.0,5.29,67.05,2,0,100.0,4,0.04,11.865,-0.015,52.6481644,9.7454418,32.86,31.43,52.6481595,9.745445199999999,0.021467549799530253,-0.019198621771937627,4.249178596905395,-5.305,-10.67,-0.02,11.862525,0.045202162,0.24186033
0 days 00:00:06.510000,0.0003537829564853371,-6.090048,-0.13734000000000002,9.244944,38.27690415062046,38.27690415062046,38.27690415062046,38.27690415062046,-0.013962634015954637,-0.03944444109507185,0.017278759594743863,-12.0,5.29,62.099999999999994,2,0,100.0,4,0.03,11.83,-0.035,52.6481644,9.7454418,32.86,31.43,52.6481585,9.7454445,0.02129301687433082,-0.019024088846738195,4.2493531298305935,-5.305,-10.67,-0.02,11.827193,0.035529714,0.25933737
0 days 00:00:06.520000,0.00011792765216177902,-4.5675360000000005,-0.37670400000000004,8.829,38.02283910997004,38.02283910997004,38.02283910997004,38.02283910997004,-0.009075712110370514,-0.034033920413889425,0.010821041362364843,-13.0,5.29,60.74999999999999,2,0,100.0,4,0.025,11.77,-0.03,52.6481644,9.7454418,32.86,31.43,52.648157499999996,9.7454437,0.02111848394913139,-0.018675022996339326,4.249527662755794,-5.305,-10.67,-0.02,11.767388,0.030269155,0.24920341
0 days 00:00:06.530000,-0.00023585530432355804,-2.009088,0.180504,10.174932000000002,37.08012409071459,37.08012409071459,37.08012409071459,37.08012409071459,-0.007155849933176751,-0.013962634015954637,0.002617993877991494,-13.5,5.29,59.39999999999999,2,0,100.0,4,0.015,11.725,-0.02,52.6481644,9.7454418,32.86,31.43,52.6481566,9.745442899999999,0.020943951023931952,-0.01832595714594046,4.249702195680993,-5.305,-10.67,-0.02,11.722666,0.019915173,0.23449081
0 days 00:00:06.540000,-0.00011792765216177902,-1.7069400000000003,0.6435360000000001,9.676584000000002,35.783055198973045,35.783055198973045,35.783055198973045,35.783055198973045,-0.006283185307179587,-0.020420352248333655,0.00471238898038469,-14.0,5.29,54.74999999999999,2,0,100.0,4,0.015,11.705,-0.025,52.6481597,9.745437899999999,32.86,31.43,52.6481557,9.7454421,0.020943951023931952,-0.01815142422074103,4.249702195680993,-5.305,-10.67,-0.02,11.702618,0.019969417,0.23708044
0 days 00:00:06.550000,-0.0003537829564853371,-1.3459320000000001,0.28645200000000004,9.162540000000002,33.229032948224216,33.229032948224216,33.229032948224216,33.229032948224216,0.013264502315156903,-0.012217304763960306,0.009250245035569947,-14.0,5.29,50.099999999999994,2,0,100.0,4,0.02,11.69,-0.025,52.6481597,9.745437899999999,32.85,31.43,52.6481547,9.7454413,0.020943951023931952,-0.017976891295541596,4.249702195680993,-5.23,-10.495000000000001,-0.015,11.687661,0.024919897,0.23466407
0 days 00:00:06.560000,-0.0004717106086471161,-2.41326,1.1772000000000002,8.836848000000002,30.99593495934959,30.99593495934959,30.99593495934959,30.99593495934959,0.01815142422074103,0.053407075111026485,0.015707963267948967,-14.0,5.29,51.599999999999994,2,0,100.0,4,0.02,11.68,-0.02,52.6481597,9.745437899999999,32.85,31.43,52.648153799999996,9.7454406,0.020943951023931952,-0.01780235837034216,4.249876728606193,-5.23,-10.495000000000001,-0.015,11.677794,0.024768755,0.22744855
0 days 00:00:06.570000,-0.0005306744347280056,-4.928544000000001,-0.16873200000000002,10.2024,28.2079054343175,28.2079054343175,28.2079054343175,28.2079054343175,0.02809980095710871,0.056548667764616284,0.013962634015954637,-14.0,5.29,53.099999999999994,2,0,100.0,4,0.03,11.655,-0.01,52.6481597,9.745437899999999,32.85,31.43,52.6481528,9.7454398,0.02129301687433082,-0.01832595714594046,4.249876728606193,-5.23,-10.495000000000001,-0.015,11.65286,0.034753434,0.22288597
0 days 00:00:06.580000,-0.0005896382608088951,-4.63032,0.11772,8.197236,27.118100128369704,27.118100128369704,27.118100128369704,27.118100128369704,0.031241393610698498,-0.009599310885968814,0.013439035240356337,-14.0,5.29,51.599999999999994,2,0,100.0,4,0.02,11.61,-0.015,52.6481597,9.745437899999999,32.85,31.43,52.648151899999995,9.745439,0.021467549799530253,-0.019024088846738195,4.250051261531391,-5.23,-10.495000000000001,-0.015,11.607614,0.025058202,0.23536998
0 days 00:00:06.590000,-0.0004717106086471161,-0.8789760000000001,1.2360600000000002,10.198476000000001,28.488714163457423,28.488714163457423,28.488714163457423,28.488714163457423,0.03630284844148206,0.06318091892219473,0.013788101090755204,-14.0,5.29,50.099999999999994,2,0,100.0,4,0.02,11.565,-0.0,52.648154999999996,9.745434,32.85,31.43,52.648151,9.7454383,0.02181661564992912,-0.01884955592153876,4.2502257944565915,-5.23,-10.495000000000001,-0.015,11.562945,0.024750495,0.21749404
0 days 00:00:06.600000,-0.00029481913040444753,-4.2575400000000005,0.22759200000000002,11.140236000000002,29.979674796747965,29.979674796747965,29.979674796747965,29.979674796747965,0.03490658503988659,0.08761552845011535,0.014486232791552938,-14.0,5.29,50.4,2,0,100.0,4,0.03,11.56,-0.005,52.648154999999996,9.745434,32.85,31.44,52.64815,9.7454375,0.022165681500327987,-0.019547687622336492,4.25040032738179,-5.16,-10.32,0.025,11.557694,0.035111506,0.23023428
0 days 00:00:06.610000,-0.00011792765216177902,-7.114212000000001,-0.47872800000000004,10.119996,31.657841249465125,31.657841249465125,31.657841249465125,31.657841249465125,0.016755160819145562,0.028623399732707003,0.01064650843716541,-13.0,5.29,50.7,2,0,100.0,4,0.025,11.52,-0.015,52.648154999999996,9.745434,32.85,31.44,52.6481491,9.745436699999999,0.022514747350726852,-0.020420352248333655,4.25057486030699,-5.16,-10.32,0.025,11.517292,0.030626897,0.24959676
0 days 00:00:06.620000,-0.00023585530432355804,-4.697028,0.7926480000000001,8.719128000000001,33.64356011981173,33.64356011981173,33.64356011981173,33.64356011981173,-0.01361356816555577,-0.008377580409572781,0.0019198621771937623,-13.0,5.29,52.95,2,0,100.0,4,0.02,11.450000000000001,-0.02,52.648154999999996,9.745434,32.85,31.44,52.648148199999994,9.745436,0.022689280275926284,-0.020594885173533087,4.25057486030699,-5.16,-10.32,0.025,11.44716,0.025798058,0.25527093
0 days 00:00:06.630000,-0.00023585530432355804,-1.816812,1.1301120000000002,10.33974,35.48887462558836,35.48887462558836,35.48887462558836,35.48887462558836,-0.026354471705114374,0.03769911184307752,0.004537856055185257,-13.0,5.29,55.2,2,0,100.0,4,0.025,11.405,-0.01,52.648154999999996,9.745434,32.85,31.44,52.6481472,9.7454352,0.022514747350726852,-0.020594885173533087,4.25074939323219,-5.16,-10.32,0.025,11.402375,0.030506292,0.24424106
0 days 00:00:06.640000,-0.00023585530432355804,-2.4760440000000004,0.29430000000000006,9.923796000000001,36.03712023962345,36.03712023962345,36.03712023962345,36.03712023962345,-0.0317649923862968,0.029321531433504733,0.00942477796076938,-13.0,5.29,54.75,2,0,100.0,4,0.035,11.39,-0.015,52.648150199999996,9.7454299,32.85,31.44,52.6481463,9.7454345,0.02234021442552742,-0.020943951023931952,4.25074939323219,-5.16,-10.32,0.025,11.387188,0.04065473,0.2526858
0 days 00:00:06.650000,0.00011792765216177902,-2.566296,0.51012,8.785836000000002,37.05338040222507,37.05338040222507,37.05338040222507,37.05338040222507,-0.04782202150464464,0.05445427266222308,0.012042771838760874,-13.0,5.29,54.3,2,0,100.0,4,0.03,11.365,-0.02,52.648150199999996,9.7454299,32.910000000000004,31.45,52.6481454,9.7454337,0.02199114857512855,-0.02129301687433082,4.25074939323219,-5.19,-10.22,0.075,11.361998,0.035753354,0.26124927
0 days 00:00:06.660000,0.0004717106086471161,-3.535524,0.8672040000000001,9.594180000000001,37.11355370132649,37.11355370132649,37.11355370132649,37.11355370132649,-0.054977871437821374,0.08587019919812101,0.006632251157578452,-13.0,5.29,54.599999999999994,2,0,100.0,4,0.035,11.34,-0.01,52.648150199999996,9.7454299,32.910000000000004,31.45,52.6481445,9.745432899999999,0.021467549799530253,-0.02181661564992912,4.250923926157389,-5.19,-10.22,0.075,11.337083,0.040516794,0.2565678
0 days 00:00:06.670000,0.00011792765216177902,-4.7912040000000005,-0.08632800000000002,7.702812000000001,36.39816003423192,36.39816003423192,36.39816003423192,36.39816003423192,-0.03874630939427412,0.027401669256310976,0.0036651914291880917,-13.0,5.29,54.89999999999999,2,0,100.0,4,0.04,11.31,-0.01,52.648150199999996,9.7454299,32.910000000000004,31.45,52.6481436,9.7454322,0.020943951023931952,-0.022689280275926284,4.250923926157389,-5.19,-10.22,0.075,11.306863,0.04557429,0.265695
0 days 00:00:06.680000,-0.00023585530432355804,-1.6284600000000002,0.49834800000000007,8.997732000000001,35.91008771929825,35.91008771929825,35.91008771929825,35.91008771929825,-0.014137166941154071,0.09564404300928928,0.0020943951023931952,-13.0,5.29,58.49999999999999,2,0,100.0,4,0.035,11.26,0.01,52.648150199999996,9.7454299,32.910000000000004,31.45,52.6481426,9.745431499999999,0.020594885173533087,-0.022863813201125717,4.251098459082588,-5.19,-10.22,0.075,11.257286,0.040087942,0.24665348
0 days 00:00:06.690000,-0.00023585530432355804,-5.077656000000001,0.1962,11.454156000000001,35.776369276850666,35.776369276850666,35.776369276850666,35.776369276850666,0.011344640137963142,0.13892820845874862,0.003316125578789226,-13.0,5.29,62.099999999999994,2,0,100.0,4,0.04,11.25,0.02,52.6481456,9.745426199999999,32.910000000000004,31.45,52.6481417,9.7454307,0.020420352248333655,-0.023911010752322315,4.251098459082588,-5.19,-10.22,0.075,11.247262,0.045075543,0.2481103
0 days 00:00:06.700000,0.0,-8.389512000000002,-0.43556400000000006,10.010124000000001,36.364730423620024,36.364730423620024,36.364730423620024,36.364730423620024,0.034033920413889425,0.04415683007545654,0.004014257279586958,-13.0,5.29,66.3,2,0,100.0,4,0.04,11.200000000000001,-0.0,52.6481456,9.745426199999999,32.89,31.45,52.6481408,9.745429999999999,0.020594885173533087,-0.02530727415391778,4.251098459082588,-5.105,-10.135,0.025,11.196414,0.045827925,0.28252736
0 days 00:00:06.710000,0.00011792765216177902,-4.339944,-0.45518400000000003,9.496080000000001,36.33798673513051,36.33798673513051,36.33798673513051,36.33798673513051,0.03630284844148206,0.005061454830783556,-0.0022689280275926286,-13.0,5.29,70.5,2,0,100.0,4,0.03,11.120000000000001,-0.0,52.6481456,9.745426199999999,32.89,31.45,52.6481399,9.7454292,0.020943951023931952,-0.025656340004316644,4.251098459082588,-5.105,-10.135,0.025,11.116341,0.035967603,0.2845764
0 days 00:00:06.720000,-0.00011792765216177902,-1.5499800000000001,0.05886,9.425448000000001,35.0609756097561,35.0609756097561,35.0609756097561,35.0609756097561,0.029670597283903602,0.032637657012293965,-0.005235987755982988,-13.0,5.29,72.6,2,0,100.0,4,0.025,11.08,-0.0,52.6481456,9.745426199999999,32.89,31.45,52.648139,9.7454285,0.02129301687433082,-0.025656340004316644,4.251098459082588,-5.105,-10.135,0.025,11.076354,0.031046227,0.28364435
0 days 00:00:06.730000,-0.00023585530432355804,-1.9423800000000002,1.13796,9.637344,33.87088147197261,33.87088147197261,33.87088147197261,33.87088147197261,0.033335788713091695,0.03769911184307752,0.0013962634015954637,-13.0,5.29,74.7,2,0,100.0,4,0.025,11.065,0.005,52.6481456,9.745426199999999,32.89,31.45,52.6481381,9.7454278,0.021467549799530253,-0.02600540585471551,4.251098459082588,-5.105,-10.135,0.025,11.061388,0.031063057,0.28211725
0 days 00:00:06.740000,-0.00011792765216177902,-1.7265600000000003,1.1183400000000001,8.852544000000002,33.25577663671373,33.25577663671373,33.25577663671373,33.25577663671373,0.03298672286269283,0.059341194567807204,0.005759586531581288,-13.0,5.29,76.2,2,0,100.0,4,0.035,11.05,0.005,52.648140999999995,9.7454225,32.89,31.45,52.6481372,9.745427099999999,0.02181661564992912,-0.026354471705114377,4.251098459082588,-5.105,-10.135,0.025,11.046294,0.04123476,0.28535327
0 days 00:00:06.750000,0.0003537829564853371,-2.5702200000000004,-0.33354000000000006,9.605952000000002,33.68367565254599,33.68367565254599,33.68367565254599,33.68367565254599,0.03106686068549907,0.09005898940290741,0.006806784082777885,-13.0,5.29,77.7,2,0,100.0,4,0.055,11.085,-0.015,52.648140999999995,9.7454225,32.89,31.46,52.6481363,9.7454263,0.02199114857512855,-0.028274333882308142,4.251098459082588,-4.97,-10.035,0.05,11.080145,0.062207423,0.32708445
0 days 00:00:06.760000,0.00017689147824266854,-5.132592,-0.37278,9.637344,33.91099700470689,33.91099700470689,33.91099700470689,33.91099700470689,0.02129301687433082,0.08395033702092726,0.005061454830783556,-13.0,5.29,76.05,2,0,100.0,4,0.045,11.06,-0.015,52.648140999999995,9.7454225,32.89,31.46,52.6481354,9.745425599999999,0.02234021442552742,-0.0291469985083053,4.251272992007788,-4.97,-10.035,0.05,11.054866,0.05252381,0.3362244
0 days 00:00:06.770000,0.0,-5.764356,0.17265600000000003,10.061136000000001,33.68367565254599,33.68367565254599,33.68367565254599,33.68367565254599,0.013788101090755204,0.03769911184307752,-0.0027925268031909274,-13.0,5.29,74.39999999999999,2,0,100.0,4,0.04,11.015,-0.015,52.648140999999995,9.7454225,32.89,31.46,52.6481346,9.7454248,0.022514747350726852,-0.030019663134302467,4.251272992007788,-4.97,-10.035,0.05,11.009587,0.04777053,0.34462208
0 days 00:00:06.780000,5.896382608088951e-05,-5.1012,0.835812,9.405828000000001,33.18223149336756,33.18223149336756,33.18223149336756,33.18223149336756,0.012740903539558606,0.014311699866353502,-0.0017453292519943296,-13.0,5.29,75.14999999999999,2,0,100.0,4,0.04,10.96,-0.015,52.648140999999995,9.7454225,32.89,31.46,52.648133699999995,9.7454241,0.022689280275926284,-0.030368728984701335,4.251272992007788,-4.97,-10.035,0.05,10.954491,0.04787998,0.3467862
0 days 00:00:06.790000,0.00011792765216177902,-3.3667920000000002,1.0516320000000001,10.504548,33.42292468977321,33.42292468977321,33.42292468977321,33.42292468977321,0.007679448708775049,0.026529004630313806,0.006806784082777885,-13.0,5.29,75.89999999999999,2,0,100.0,4,0.045,10.91,-0.015,52.6481365,9.745418899999999,32.89,31.46,52.6481328,9.7454234,0.022863813201125717,-0.030543261909900768,4.251272992007788,-4.97,-10.035,0.05,10.904453,0.052947998,0.3470484
0 days 00:00:06.800000,0.00029481913040444753,-3.500208,-0.062784,11.218716,33.95111253744117,33.95111253744117,33.95111253744117,33.95111253744117,0.022863813201125717,0.017627825445142728,0.013962634015954637,-13.0,5.29,74.1,2,0,100.0,4,0.055,10.88,-0.025,52.6481365,9.745418899999999,32.89,31.46,52.648131899999996,9.745422699999999,0.022863813201125717,-0.0307177948351002,4.251272992007788,-4.93,-9.84,-0.015,10.8741,0.06319634,0.35779402
0 days 00:00:06.810000,0.0004717106086471161,-4.288932000000001,0.090252,8.817228,34.23860718870346,34.23860718870346,34.23860718870346,34.23860718870346,0.014311699866353502,-0.0017453292519943296,0.016929693744344998,-17.0,5.29,72.3,2,0,100.0,4,0.05,10.85,-0.04,52.6481365,9.745418899999999,32.89,31.46,52.648131,9.745422,0.02303834612632515,-0.030892327760299633,4.2514475249329875,-4.93,-9.84,-0.015,10.843588,0.058627866,0.373858
0 days 00:00:06.820000,0.0003537829564853371,-4.179060000000001,1.1654280000000001,9.755064,35.17463628583654,35.17463628583654,35.17463628583654,35.17463628583654,0.019198621771937627,0.00017453292519943296,0.019722220547535925,-17.0,5.29,72.3,2,0,100.0,4,0.045,10.81,-0.03,52.6481365,9.745418899999999,32.89,31.46,52.648130099999996,9.7454213,0.023212879051524585,-0.030892327760299633,4.251622057858187,-4.93,-9.84,-0.015,10.803916,0.05343379,0.36273614
0 days 00:00:06.830000,0.0,-3.3903360000000005,0.49834800000000007,10.429992000000002,34.78016688061618,34.78016688061618,34.78016688061618,34.78016688061618,0.031939525311496235,-0.006632251157578452,0.020245819323134222,-19.0,5.29,72.3,2,0,100.0,4,0.055,10.77,-0.03,52.6481365,9.745418899999999,32.89,31.46,52.6481293,9.7454206,0.023387411976724018,-0.030892327760299633,4.251796590783386,-4.93,-9.84,-0.015,10.763935,0.063465476,0.3612578
0 days 00:00:06.840000,0.0,-2.13858,-0.6199920000000001,11.305044000000002,34.98074454428755,34.98074454428755,34.98074454428755,34.98074454428755,0.02530727415391778,-0.00890117918517108,0.01658062789394613,-19.0,5.29,68.1,2,0,100.0,4,0.055,10.74,-0.04,52.648131799999994,9.745414499999999,32.89,31.46,52.6481284,9.7454199,0.023736477827122883,-0.030892327760299633,4.251971123708586,-4.93,-9.84,-0.015,10.73364,0.0638068,0.37030166
0 days 00:00:06.850000,0.0,-2.2406040000000003,-0.10987200000000001,10.704672,34.512729995721,34.512729995721,34.512729995721,34.512729995721,0.019198621771937627,-0.032812189937493394,0.015707963267948967,-20.0,5.29,63.89999999999999,2,0,100.0,4,0.01,10.735,-0.04,52.648131799999994,9.745414499999999,33.07,31.470000000000002,52.6481275,9.7454191,0.02530727415391778,-0.031415926535897934,4.2526692554093835,-4.835,-9.665000000000001,-0.065,10.728446,0.019541044,0.37680092
0 days 00:00:06.860000,-0.00011792765216177902,-2.6369280000000006,0.384552,10.159236000000002,33.50315575524176,33.50315575524176,33.50315575524176,33.50315575524176,0.01902408884673819,0.020071286397934793,0.008726646259971648,-21.0,5.29,60.74999999999999,2,0,100.0,4,0.005,10.715,-0.05,52.648131799999994,9.745414499999999,33.07,31.470000000000002,52.6481267,9.7454184,0.02548180707911721,-0.031066860685499065,4.252843788334583,-4.835,-9.665000000000001,-0.065,10.708276,0.0147518525,0.3825521
0 days 00:00:06.870000,0.0,-5.897772000000001,0.6592320000000002,8.88786,32.988339751818565,32.988339751818565,32.988339751818565,32.988339751818565,0.015533430342749534,-0.0005235987755982988,0.0038397243543875246,-22.5,5.29,57.599999999999994,2,0,100.0,4,0.005,10.695,-0.055,52.648131799999994,9.745414499999999,33.07,31.470000000000002,52.648125799999995,9.745417699999999,0.025656340004316644,-0.031241393610698498,4.252843788334583,-4.835,-9.665000000000001,-0.065,10.688064,0.014978743,0.3887892
0 days 00:00:06.880000,0.0,-5.8742280000000004,-0.12164400000000002,8.777988,32.81450577663671,32.81450577663671,32.81450577663671,32.81450577663671,0.020943951023931952,-0.010122909661567111,0.00471238898038469,-24.0,5.29,57.74999999999999,2,0,100.0,4,0.005,10.64,-0.05,52.648131799999994,9.745414499999999,33.07,31.470000000000002,52.6481249,9.745417,0.025830872929516076,-0.031241393610698498,4.252843788334583,-4.835,-9.665000000000001,-0.065,10.633246,0.014873151,0.38207328
0 days 00:00:06.890000,-0.00023585530432355804,-4.312476000000001,0.24328800000000003,9.872784,33.51652759948652,33.51652759948652,33.51652759948652,33.51652759948652,0.005759586531581288,0.013788101090755204,-0.00017453292519943296,-26.0,5.29,57.89999999999999,2,0,100.0,4,0.005,10.58,-0.04,52.6481275,9.745410999999999,33.07,31.470000000000002,52.6481241,9.745416299999999,0.026179938779914945,-0.031066860685499065,4.253018321259782,-4.835,-9.665000000000001,-0.065,10.573652,0.014647508,0.36835802
0 days 00:00:06.900000,-0.0003537829564853371,-4.8853800000000005,0.39632400000000007,11.528712,33.369437312794176,33.369437312794176,33.369437312794176,33.369437312794176,0.010995574287564275,-0.033859387488689996,0.0012217304763960308,-27.0,5.29,61.64999999999999,2,0,100.0,4,0.005,10.540000000000001,-0.04,52.6481275,9.745410999999999,33.07,31.48,52.6481232,9.7454156,0.026179938779914945,-0.031241393610698498,4.253018321259782,-4.76,-9.425,0.015,10.5336075,0.01466311,0.36895382
0 days 00:00:06.910000,-0.00029481913040444753,-3.6885600000000003,0.8083440000000001,9.531396,32.66741548994437,32.66741548994437,32.66741548994437,32.66741548994437,0.007853981633974483,-0.08237954069413235,0.00645771823237902,-28.0,5.29,65.39999999999999,2,0,100.0,4,0.005,10.495000000000001,-0.06,52.6481275,9.745410999999999,33.07,31.48,52.6481224,9.7454149,0.026354471705114377,-0.030892327760299633,4.252843788334583,-4.76,-9.425,0.015,10.488139,0.015120761,0.38386965
0 days 00:00:06.920000,-0.00023585530432355804,-1.577448,0.21189600000000003,9.500004,31.223256311510482,31.223256311510482,31.223256311510482,31.223256311510482,0.009773843811168246,-0.026354471705114374,0.004014257279586958,-30.0,5.29,58.199999999999996,2,0,100.0,4,0.01,10.465,-0.06,52.6481275,9.745410999999999,33.07,31.48,52.648121499999995,9.745414199999999,0.026354471705114377,-0.0301941960595019,4.253018321259782,-4.76,-9.425,0.015,10.458419,0.019902209,0.37551287
0 days 00:00:06.930000,-0.0004717106086471161,-4.045644,0.22759200000000002,8.103060000000001,28.849753958065893,28.849753958065893,28.849753958065893,28.849753958065893,0.004886921905584123,-0.04485496177625426,0.004537856055185257,-31.5,5.29,51.0,2,0,100.0,4,0.01,10.450000000000001,-0.055,52.6481275,9.745410999999999,33.07,31.48,52.6481207,9.7454135,0.02652900463031381,-0.029845130209103034,4.253018321259782,-4.76,-9.425,0.015,10.443706,0.019726465,0.36641645
0 days 00:00:06.940000,-0.0007075659129706742,-3.70818,0.6906240000000001,7.855848000000001,26.282359863072315,26.282359863072315,26.282359863072315,26.282359863072315,-0.0015707963267948967,-0.04852015320544236,0.0038397243543875246,-33.0,5.29,48.6,2,0,100.0,4,0.01,10.41,-0.04,52.648123299999995,9.745407499999999,33.07,31.48,52.648119799999996,9.7454128,0.02652900463031381,-0.029321531433504737,4.253018321259782,-4.76,-9.425,0.015,10.404352,0.019152587,0.34478948
0 days 00:00:06.950000,-0.0007075659129706742,-2.2366800000000002,0.25506,10.465308,24.630937098844672,24.630937098844672,24.630937098844672,24.630937098844672,0.0020943951023931952,-0.010297442586766544,0.0015707963267948967,-34.0,5.29,46.2,2,0,100.0,4,0.01,10.375,-0.02,52.648123299999995,9.745407499999999,33.07,31.490000000000002,52.648118999999994,9.7454121,0.02652900463031381,-0.028972465583105872,4.253018321259782,-4.64,-9.265,0.02,10.370066,0.018499061,0.32016084
0 days 00:00:06.960000,-0.0005896382608088951,-4.022100000000001,0.678852,9.292032,23.81525459991442,23.81525459991442,23.81525459991442,23.81525459991442,-0.020594885173533087,-0.046774823953448036,0.0006981317007977319,-36.0,5.29,51.75,2,0,100.0,4,0.01,10.355,-0.03,52.648123299999995,9.745407499999999,33.07,31.490000000000002,52.6481181,9.7454114,0.02652900463031381,-0.02879793265790644,4.253018321259782,-4.64,-9.265,0.02,10.349842,0.018700924,0.3277682
0 days 00:00:06.970000,-0.0006486020868897847,-3.5119800000000008,0.5729040000000001,9.209628,24.076005562687207,24.076005562687207,24.076005562687207,24.076005562687207,-0.03316125578789226,-0.06370451769779302,-0.00017453292519943296,-28.5,5.29,57.3,2,0,100.0,4,0.015,10.32,-0.025,52.648123299999995,9.745407499999999,33.07,31.490000000000002,52.648117299999996,9.745410699999999,0.026354471705114377,-0.028274333882308142,4.253018321259782,-4.64,-9.265,0.02,10.315168,0.023341399,0.31623697
0 days 00:00:06.980000,-0.0007075659129706742,-3.3903360000000005,0.52974,10.163160000000001,24.450417201540436,24.450417201540436,24.450417201540436,24.450417201540436,-0.04415683007545654,-0.014137166941154071,-0.0020943951023931952,-21.0,5.29,54.599999999999994,2,0,100.0,4,0.02,10.285,-0.02,52.648123299999995,9.745407499999999,33.07,31.490000000000002,52.6481165,9.745410099999999,0.02600540585471551,-0.02775073510670984,4.253018321259782,-4.64,-9.265,0.02,10.280484,0.027933663,0.30474865
0 days 00:00:06.990000,-0.0005896382608088951,-6.776748000000001,0.066708,9.111528000000002,25.714056482670088,25.714056482670088,25.714056482670088,25.714056482670088,-0.044331363000655974,-0.06161012259539984,-0.0024434609527920616,-13.0,5.29,51.89999999999999,2,0,100.0,4,0.025,10.255,-0.025,52.6481192,9.7454041,33.07,31.490000000000002,52.6481156,9.7454094,0.025656340004316644,-0.02757620218151041,4.253018321259782,-4.64,-9.265,0.02,10.250411,0.03288661,0.307006
0 days 00:00:07,-0.0003537829564853371,-5.368032,0.125568,8.923176000000002,27.004439452289258,27.004439452289258,27.004439452289258,27.004439452289258,-0.02949606435870417,-0.1254891732183923,-0.0006981317007977319,-13.0,5.29,51.14999999999999,2,0,100.0,4,0.02,10.19,-0.02,52.6481192,9.7454041,33.08,31.5,52.648114799999995,9.745408699999999,0.025132741228718343,-0.026878070480712675,4.253018321259782,-4.5,-9.095,0.02,10.1857815,0.027378095,0.2932519
0 days 00:00:07.010000,-0.00029481913040444753,-1.7618760000000002,0.27468000000000004,9.79038,28.20121951219512,28.20121951219512,28.20121951219512,28.20121951219512,-0.004886921905584123,-0.06283185307179587,0.0031415926535897933,-17.0,5.29,50.39999999999999,2,0,100.0,4,0.02,10.14,-0.01,52.6481192,9.7454041,33.08,31.5,52.648114,9.745408,0.02495820830351891,-0.025656340004316644,4.252843788334583,-4.5,-9.095,0.02,10.136407,0.026734868,0.26954025
0 days 00:00:07.020000,-0.00023585530432355804,-2.774268,0.21974400000000002,9.978732,29.55846170303808,29.55846170303808,29.55846170303808,29.55846170303808,-0.016057029118347832,-0.011693705988362009,-0.0005235987755982988,-21.0,5.29,54.74999999999999,2,0,100.0,4,0.02,10.125,-0.01,52.6481192,9.7454041,33.08,31.5,52.6481132,9.7454073,0.024783675378319478,-0.025132741228718343,4.252843788334583,-4.5,-9.095,0.02,10.121551,0.026546959,0.26386225
0 days 00:00:07.030000,0.00011792765216177902,-5.281704,0.0981,9.488232000000002,31.724700470688916,31.724700470688916,31.724700470688916,31.724700470688916,-0.030543261909900768,-0.07766715171374766,-0.0038397243543875246,-13.0,5.29,59.099999999999994,2,0,100.0,4,0.02,10.1,-0.015,52.6481192,9.7454041,33.08,31.5,52.6481123,9.7454067,0.024609142453120045,-0.02495820830351891,4.252843788334583,-4.5,-9.095,0.02,10.09648,0.026565079,0.26647407
0 days 00:00:07.040000,-0.00011792765216177902,-2.9900880000000005,0.517968,9.036972,33.50315575524176,33.50315575524176,33.50315575524176,33.50315575524176,-0.030368728984701335,-0.09424777960769379,-0.004363323129985824,-13.0,5.29,56.699999999999996,2,0,100.0,4,0.02,10.05,-0.01,52.648115399999995,9.7454013,33.08,31.5,52.6481115,9.745406,0.024434609527920616,-0.02408554367752175,4.252843788334583,-4.5,-9.095,0.02,10.0468445,0.026151754,0.25146955
0 days 00:00:07.050000,-0.00023585530432355804,-1.243908,0.11379600000000001,9.221400000000001,33.0083975181857,33.0083975181857,33.0083975181857,33.0083975181857,-0.025132741228718346,-0.04136430327226561,-0.004886921905584123,-13.0,5.29,54.3,2,0,100.0,4,0.025,10.02,-0.005,52.648115399999995,9.7454013,32.97,31.5,52.6481107,9.7454053,0.02408554367752175,-0.023212879051524585,4.252843788334583,-4.41,-8.94,-0.015,10.017184,0.030714218,0.23689985
0 days 00:00:07.060000,-0.0003537829564853371,-3.4727400000000004,-0.349236,10.265184,32.21945870774497,32.21945870774497,32.21945870774497,32.21945870774497,-0.021118483949131385,-0.024783675378319478,-0.007330382858376183,-13.0,5.29,53.849999999999994,2,0,100.0,4,0.025,10.01,-0.0,52.648115399999995,9.7454013,32.97,31.5,52.648109899999994,9.7454047,0.023736477827122883,-0.022863813201125717,4.2526692554093835,-4.41,-8.94,-0.015,10.007384,0.030424466,0.22818904
0 days 00:00:07.070000,-0.0004717106086471161,-6.093972,0.251136,10.174932000000002,30.875588361146765,30.875588361146765,30.875588361146765,30.875588361146765,-0.009599310885968814,-0.052185344634630454,-0.007330382858376183,-13.0,5.29,53.39999999999999,2,1,100.0,4,0.02,9.975,-0.005,52.648115399999995,9.7454013,32.97,31.5,52.6481091,9.745403999999999,0.02356194490192345,-0.022514747350726852,4.2526692554093835,-4.41,-8.94,-0.015,9.97236,0.025402931,0.22902946
0 days 00:00:07.080000,-0.0005896382608088951,-5.25816,0.21582000000000004,9.664812000000001,30.554664099272568,30.554664099272568,30.554664099272568,30.554664099272568,0.012042771838760874,-0.08674286382411817,-0.008028514559173916,-13.0,5.29,53.55,2,1,100.0,4,0.02,9.92,-0.01,52.648115399999995,9.7454013,32.97,31.5,52.6481083,9.745403399999999,0.02356194490192345,-0.02199114857512855,4.252494722484184,-4.41,-8.94,-0.015,9.917381,0.02536919,0.22759767
0 days 00:00:07.090000,-0.0005896382608088951,-1.7971920000000001,-0.047088000000000005,9.82962,29.03695977749251,29.03695977749251,29.03695977749251,29.03695977749251,0.018500490071139894,-0.046076692252650306,-0.010297442586766544,-13.0,5.29,53.7,2,1,100.0,4,0.02,9.870000000000001,-0.01,52.6481113,9.7453981,32.97,31.5,52.648107499999995,9.7454027,0.02356194490192345,-0.02111848394913139,4.252494722484184,-4.41,-8.94,-0.015,9.867588,0.025140412,0.21788989
0 days 00:00:07.100000,-0.0009434212172942321,-2.21706,-0.23544,10.186704,26.77711810012837,26.77711810012837,26.77711810012837,26.77711810012837,0.010471975511965976,-0.016755160819145562,-0.006283185307179587,-13.0,5.29,57.0,2,1,100.0,4,0.02,9.85,-0.01,52.6481113,9.7453981,32.96,31.51,52.6481067,9.745402,0.023911010752322315,-0.02076941809873252,4.252320189558985,-4.34,-8.78,-0.015,9.847669,0.025124185,0.21402238
0 days 00:00:07.110000,-0.0010023850433751218,-4.1202000000000005,1.1418840000000001,9.095832000000001,23.06643132220796,23.06643132220796,23.06643132220796,23.06643132220796,0.015009831567151233,-0.035953782591083186,-0.0012217304763960308,-13.0,5.29,60.3,2,1,100.0,4,0.015,9.83,-0.015,52.6481113,9.7453981,32.96,31.51,52.6481059,9.7454014,0.023911010752322315,-0.020594885173533087,4.252320189558985,-4.34,-8.78,-0.015,9.827606,0.020194193,0.21700944
0 days 00:00:07.120000,-0.0010613488694560112,-3.535524,0.27075600000000005,8.515080000000001,18.687152332049635,18.687152332049635,18.687152332049635,18.687152332049635,0.013962634015954637,-0.002967059728390361,-0.0015707963267948967,-13.0,5.29,61.949999999999996,2,1,100.0,4,0.025,9.795,-0.01,52.6481113,9.7453981,32.96,31.51,52.648105099999995,9.7454007,0.02408554367752175,-0.020245819323134222,4.252320189558985,-4.34,-8.78,-0.015,9.79279,0.030009095,0.20762971
0 days 00:00:07.130000,-0.0011792765216177901,-4.453740000000001,-0.04316400000000001,8.059896,15.156985451433458,15.156985451433458,15.156985451433458,15.156985451433458,0.008377580409572781,-0.008028514559173916,-0.005235987755982988,-13.0,5.29,63.599999999999994,2,1,100.0,4,0.025,9.76,0.005,52.6481113,9.7453981,32.96,31.51,52.6481043,9.7454001,0.024260076602721184,-0.020245819323134222,4.252320189558985,-4.34,-8.78,-0.015,9.758101,0.029664353,0.19192359
0 days 00:00:07.140000,-0.0020047700867502436,-3.31578,0.8632800000000002,9.154692,12.235237483953787,12.235237483953787,12.235237483953787,12.235237483953787,0.00017453292519943296,-0.008552113334772213,-0.007679448708775049,-13.0,5.29,64.5,2,1,100.0,4,0.025,9.715,0.02,52.6481074,9.745394899999999,32.96,31.51,52.6481035,9.7453995,0.024260076602721184,-0.020071286397934793,4.252145656633784,-4.34,-8.78,-0.015,9.713445,0.02923734,0.17432556
0 days 00:00:07.150000,-0.0020047700867502436,-3.2451480000000004,0.317844,11.301120000000003,11.58670303808301,11.58670303808301,11.58670303808301,11.58670303808301,0.011693705988362009,0.00942477796076938,0.0013962634015954637,-13.0,5.29,65.39999999999999,2,1,100.0,4,0.03,9.685,0.025,52.6481074,9.745394899999999,32.95,31.52,52.648102699999995,9.7453988,0.024260076602721184,-0.020071286397934793,4.252145656633784,-4.28,-8.61,-0.075,9.683552,0.034099996,0.16860484
0 days 00:00:07.160000,-0.0020047700867502436,-3.6375480000000002,-0.42379200000000006,11.254032,11.272464698331193,11.272464698331193,11.272464698331193,11.272464698331193,0.020071286397934793,-0.017104226669544427,0.008203047484373348,-13.0,5.29,67.94999999999999,2,1,100.0,4,0.03,9.655,0.01,52.6481074,9.745394899999999,32.95,31.52,52.648101999999994,9.7453982,0.024434609527920616,-0.020071286397934793,4.252145656633784,-4.28,-8.61,-0.075,9.653255,0.034481127,0.18298948
0 days 00:00:07.170000,-0.001650987130264906,-2.527056,-0.16873200000000002,9.727596,12.649764655541292,12.649764655541292,12.649764655541292,12.649764655541292,0.00890117918517108,-0.021118483949131385,0.010471975511965976,-13.0,5.29,70.5,2,1,100.0,4,0.025,9.620000000000001,-0.005,52.6481074,9.745394899999999,32.95,31.52,52.6481012,9.7453975,0.024609142453120045,-0.019896753472735357,4.252145656633784,-4.28,-8.61,-0.075,9.617996,0.02982501,0.19571851
0 days 00:00:07.180000,-0.0015330594781031272,-2.3465520000000004,0.047088000000000005,11.179476,15.317447582370562,15.317447582370562,15.317447582370562,15.317447582370562,0.0017453292519943296,0.030717794835100197,0.012740903539558606,-13.0,5.29,73.05,2,1,100.0,4,0.02,9.595,-0.005,52.6481074,9.745394899999999,32.95,31.52,52.6481004,9.7453969,0.024783675378319478,-0.019722220547535925,4.252320189558985,-4.28,-8.61,-0.075,9.593036,0.024806887,0.19366622
0 days 00:00:07.190000,-0.0014151318259413483,-6.007644000000001,-0.3531600000000001,9.413676,18.19908001711596,18.19908001711596,18.19908001711596,18.19908001711596,-0.012740903539558606,-0.0027925268031909274,0.007504915783575617,-13.0,5.29,75.6,2,1,100.0,4,0.015,9.575000000000001,-0.015,52.648102699999995,9.7453913,32.95,31.52,52.648099599999995,9.7453963,0.024783675378319478,-0.020071286397934793,4.252320189558985,-4.28,-8.61,-0.075,9.57277,0.020129219,0.2067313
0 days 00:00:07.200000,-0.001650987130264906,-5.748660000000001,-0.125568,7.483068,21.842907573812578,21.842907573812578,21.842907573812578,21.842907573812578,-0.002967059728390361,-0.058468529941810045,0.002617993877991494,-13.0,5.29,74.69999999999999,2,1,100.0,4,0.01,9.52,-0.015,52.648102699999995,9.7453913,33.24,31.52,52.6480988,9.7453956,0.024609142453120045,-0.020071286397934793,4.252494722484184,-4.25,-8.540000000000001,-0.075,9.517781,0.015067489,0.20575434
0 days 00:00:07.210000,-0.001709950956345796,-1.4636520000000002,0.9770760000000002,9.92772,23.96903080872914,23.96903080872914,23.96903080872914,23.96903080872914,0.009599310885968814,0.03700098014227979,0.0019198621771937623,-13.0,5.29,73.8,2,1,100.0,4,0.005,9.46,0.01,52.648102699999995,9.7453913,33.24,31.52,52.6480981,9.745395,0.024609142453120045,-0.01937315469713706,4.252494722484184,-4.25,-8.540000000000001,-0.075,9.458419,0.009261847,0.17308494
0 days 00:00:07.220000,-0.0017689147824266852,-3.7984320000000005,0.37278,10.877328,25.901262302096704,25.901262302096704,25.901262302096704,25.901262302096704,0.016755160819145562,0.03612831551628262,0.006108652381980153,-13.0,5.29,73.5,2,1,100.0,4,0.015,9.450000000000001,0.005,52.648102699999995,9.7453913,33.24,31.52,52.648097299999996,9.7453944,0.024783675378319478,-0.019722220547535925,4.252494722484184,-4.25,-8.540000000000001,-0.075,9.44826,0.019489799,0.18093647
0 days 00:00:07.230000,-0.0014151318259413483,-4.324248000000001,0.13734000000000002,9.53532,29.54508985879332,29.54508985879332,29.54508985879332,29.54508985879332,-0.0017453292519943296,0.031415926535897934,0.004886921905584123,-13.0,5.29,73.2,2,1,100.0,4,0.015,9.415000000000001,-0.005,52.648102699999995,9.7453913,33.24,31.52,52.648096599999995,9.7453937,0.02495820830351891,-0.020071286397934793,4.252494722484184,-4.25,-8.540000000000001,-0.075,9.413004,0.019835657,0.19352274
0 days 00:00:07.240000,-0.0014151318259413483,-3.500208,0.49442400000000003,10.296576000000002,31.12965340179718,31.12965340179718,31.12965340179718,31.12965340179718,-0.01884955592153876,0.059341194567807204,-0.0036651914291880917,-13.0,5.29,69.6,2,1,100.0,4,0.01,9.370000000000001,-0.005,52.6480988,9.7453881,33.24,31.52,52.6480958,9.7453931,0.024783675378319478,-0.020420352248333655,4.2526692554093835,-4.25,-8.540000000000001,-0.075,9.367944,0.01486207,0.19601627
0 days 00:00:07.250000,-0.0014151318259413483,-4.681332,0.32569200000000004,10.257336000000002,30.93576166024818,30.93576166024818,30.93576166024818,30.93576166024818,-0.02949606435870417,0.05777039824101231,-0.007330382858376183,-14.0,5.29,66.0,2,1,100.0,4,0.015,9.34,-0.01,52.6480988,9.7453881,33.27,31.53,52.648095,9.7453925,0.024609142453120045,-0.02111848394913139,4.2526692554093835,-4.195,-8.39,-0.07,9.337707,0.02009469,0.2067979
0 days 00:00:07.260000,-0.0014151318259413483,-5.254236000000001,0.31392000000000003,10.312272000000002,30.88227428326915,30.88227428326915,30.88227428326915,30.88227428326915,-0.018500490071139894,0.03560471674068432,-0.010122909661567111,-14.0,5.29,66.9,2,1,100.0,4,0.015,9.295,-0.015,52.6480988,9.7453881,33.27,31.53,52.6480943,9.7453919,0.024434609527920616,-0.021642082724729686,4.252494722484184,-4.195,-8.39,-0.07,9.292499,0.02027639,0.21571295
0 days 00:00:07.270000,-0.0014151318259413483,-4.316400000000001,0.6435360000000001,10.108224,29.41137141634574,29.41137141634574,29.41137141634574,29.41137141634574,-0.0054105206811824215,0.03438298626428829,-0.009773843811168246,-16.5,5.29,67.8,2,1,100.0,4,0.015,9.245000000000001,-0.02,52.6480988,9.7453881,33.27,31.53,52.648093499999995,9.7453913,0.024260076602721184,-0.02199114857512855,4.252494722484184,-4.195,-8.39,-0.07,9.242325,0.020412011,0.22285736
0 days 00:00:07.280000,-0.0014151318259413483,-2.68794,-0.43948800000000005,11.438460000000003,29.150620453572955,29.150620453572955,29.150620453572955,29.150620453572955,-0.0036651914291880917,0.0757472895365539,-0.018500490071139894,-19.0,5.29,70.05,2,1,100.0,4,0.02,9.205,-0.025,52.6480988,9.7453881,33.27,31.53,52.6480928,9.7453907,0.02408554367752175,-0.02234021442552742,4.252320189558985,-4.195,-8.39,-0.07,9.202145,0.02554823,0.23006977
0 days 00:00:07.290000,-0.0011792765216177901,-4.940316000000001,0.298224,10.147464000000001,29.33782627299957,29.33782627299957,29.33782627299957,29.33782627299957,-0.0010471975511965976,0.017976891295541593,-0.017627825445142728,-21.0,5.29,72.3,2,1,100.0,4,0.015,9.18,-0.04,52.648094799999996,9.7453851,33.27,31.53,52.648092,9.7453901,0.02408554367752175,-0.02303834612632515,4.252145656633784,-4.195,-8.39,-0.07,9.176643,0.02105168,0.2510285
0 days 00:00:07.300000,-0.000825493565132453,-2.5976880000000007,0.545436,8.652420000000001,29.939559264013695,29.939559264013695,29.939559264013695,29.939559264013695,0.0019198621771937623,0.008377580409572781,-0.014835298641951801,-21.0,5.29,72.0,2,1,100.0,4,0.02,9.13,-0.045,52.648094799999996,9.7453851,33.25,31.54,52.6480913,9.745389399999999,0.02408554367752175,-0.023212879051524585,4.251971123708586,-4.12,-8.26,0.06,9.126496,0.026181236,0.25634626
0 days 00:00:07.310000,-0.0007075659129706742,-0.835812,0.09417600000000001,10.461384,29.692180145485665,29.692180145485665,29.692180145485665,29.692180145485665,0.0006981317007977319,0.09354964790689607,-0.016231562043547268,-13.0,5.29,71.7,2,1,100.0,4,0.025,9.11,-0.035,52.648094799999996,9.7453851,33.25,31.54,52.648090499999995,9.745388799999999,0.02408554367752175,-0.023387411976724018,4.251796590783386,-4.12,-8.26,0.06,9.10669,0.030966116,0.2473563
0 days 00:00:07.320000,-0.0005896382608088951,-4.622472,-0.22759200000000002,9.668736,29.4247432605905,29.4247432605905,29.4247432605905,29.4247432605905,-0.012217304763960306,0.04258603374866164,-0.020420352248333655,-13.0,5.29,78.3,2,1,100.0,4,0.025,9.105,-0.04,52.648094799999996,9.7453851,33.25,31.54,52.6480898,9.745388199999999,0.02408554367752175,-0.024260076602721184,4.251622057858187,-4.12,-8.26,0.06,9.101351,0.031274963,0.2601768
0 days 00:00:07.330000,-0.000825493565132453,-3.1038840000000003,1.1222640000000002,8.777988,28.789580658964486,28.789580658964486,28.789580658964486,28.789580658964486,-0.01780235837034216,0.00942477796076938,-0.02391101075232232,-13.0,5.29,84.89999999999999,2,1,100.0,4,0.02,9.06,-0.04,52.648094799999996,9.7453851,33.25,31.54,52.6480891,9.745387599999999,0.023911010752322315,-0.024783675378319478,4.2514475249329875,-4.12,-8.26,0.06,9.056228,0.026318258,0.26395103
0 days 00:00:07.340000,-0.000825493565132453,-2.495664,0.533664,10.826316000000002,28.314880188275566,28.314880188275566,28.314880188275566,28.314880188275566,-0.013962634015954637,0.11239920382843484,-0.022863813201125717,-13.0,5.29,82.64999999999999,2,1,100.0,4,0.03,9.03,-0.03,52.648091199999996,9.745382,33.25,31.54,52.6480883,9.745387,0.023736477827122883,-0.024783675378319478,4.251272992007788,-4.12,-8.26,0.06,9.026483,0.036014456,0.25298095
0 days 00:00:07.350000,-0.0007665297390515636,-7.361424000000001,-0.368856,10.006200000000002,28.72940735986307,28.72940735986307,28.72940735986307,28.72940735986307,0.010995574287564275,0.02600540585471551,-0.015184364492350668,-13.0,5.29,80.39999999999999,2,1,100.0,4,0.035,9.01,-0.04,52.648091199999996,9.745382,33.24,31.55,52.6480876,9.7453864,0.02356194490192345,-0.02600540585471551,4.251098459082588,-4.025,-8.120000000000001,0.045,9.005913,0.041451994,0.27336806
0 days 00:00:07.360000,-0.0007075659129706742,-3.7160280000000006,0.24328800000000003,9.1233,28.415169020111254,28.415169020111254,28.415169020111254,28.415169020111254,0.03787364476827695,0.0017453292519943296,-0.005585053606381855,-13.0,5.29,86.54999999999998,2,1,100.0,4,0.03,8.935,-0.045,52.648091199999996,9.745382,33.24,31.55,52.648086899999996,9.7453858,0.023736477827122883,-0.026179938779914945,4.250923926157389,-4.025,-8.120000000000001,0.045,8.930761,0.03661045,0.27808505
0 days 00:00:07.370000,-0.0004717106086471161,-1.997316,0.49050000000000005,10.481004,28.689291827128798,28.689291827128798,28.689291827128798,28.689291827128798,0.05550147021341968,0.10786134777324957,-0.007853981633974483,-18.5,7.99,92.69999999999999,2,1,100.0,4,0.035,8.9,-0.04,52.648091199999996,9.745382,33.24,31.55,52.6480861,9.7453852,0.02408554367752175,-0.026179938779914945,4.25074939323219,-4.025,-8.120000000000001,0.045,8.895903,0.04156363,0.27203906
0 days 00:00:07.380000,0.0,-6.093972,-0.48657600000000006,8.829,27.98058408215661,27.98058408215661,27.98058408215661,27.98058408215661,0.05375614096142535,0.017453292519943295,-0.009250245035569947,-24.0,7.99,95.55,2,1,100.0,4,0.035,8.885,-0.05,52.648091199999996,9.745382,33.24,31.55,52.6480854,9.7453846,0.024609142453120045,-0.027401669256310976,4.25074939323219,-4.025,-8.120000000000001,0.045,8.880296,0.042209353,0.29246452
0 days 00:00:07.390000,-0.00011792765216177902,-2.9155320000000002,0.49834800000000007,9.625572000000002,28.067501069747543,28.067501069747543,28.067501069747543,28.067501069747543,0.0317649923862968,0.054105206811824215,-0.011344640137963142,-26.0,7.99,98.4,2,1,100.0,4,0.03,8.825000000000001,-0.04,52.6480877,9.745379,33.24,31.55,52.6480847,9.745384099999999,0.025132741228718343,-0.02757620218151041,4.25074939323219,-4.025,-8.120000000000001,0.045,8.820542,0.03711023,0.28247055
0 days 00:00:07.400000,-0.00023585530432355804,-3.3275520000000003,-0.7926480000000001,12.572496000000001,28.675919982884036,28.675919982884036,28.675919982884036,28.675919982884036,0.03159045946109736,0.06771877497737999,-0.009075712110370514,-26.0,7.99,92.25,2,1,100.0,4,0.035,8.8,-0.04,52.6480877,9.745379,33.25,31.560000000000002,52.648084,9.7453834,0.02548180707911721,-0.028099800957108706,4.25057486030699,-3.935,-7.95,0.065,8.795403,0.042306982,0.28624493
0 days 00:00:07.410000,-0.00023585530432355804,-5.242464,-0.6435360000000001,8.401284,27.806750106974754,27.806750106974754,27.806750106974754,27.806750106974754,0.030717794835100197,-0.053407075111026485,-0.0012217304763960308,-27.0,7.99,86.1,2,1,100.0,4,0.02,8.77,-0.065,52.6480877,9.745379,33.25,31.560000000000002,52.648083299999996,9.7453829,0.025830872929516076,-0.02879793265790644,4.25057486030699,-3.935,-7.95,0.065,8.764492,0.028193615,0.31687352
0 days 00:00:07.420000,0.0,-0.074556,0.52974,9.547092000000001,27.96052631578947,27.96052631578947,27.96052631578947,27.96052631578947,0.039968039870670144,0.0497418836818384,-0.006632251157578452,-29.0,7.99,82.94999999999999,2,1,100.0,4,0.015,8.72,-0.055,52.6480877,9.745379,33.25,31.560000000000002,52.648082599999995,9.7453823,0.026179938779914945,-0.028274333882308142,4.25040032738179,-3.935,-7.95,0.065,8.71496,0.02288714,0.30100137
0 days 00:00:07.430000,0.00023585530432355804,-3.9750120000000004,-0.7063200000000002,9.912024,27.43233846812152,27.43233846812152,27.43233846812152,27.43233846812152,0.027052603405912107,0.09215338450530061,-0.010821041362364843,-24.0,7.99,79.8,2,1,100.0,4,0.015,8.72,-0.05,52.6480877,9.745379,33.25,31.560000000000002,52.6480819,9.7453817,0.02652900463031381,-0.02879793265790644,4.25040032738179,-3.935,-7.95,0.065,8.714945,0.022980675,0.30055872
0 days 00:00:07.440000,0.0003537829564853371,-6.972948000000001,0.52974,7.632180000000001,27.773320496362853,27.773320496362853,27.773320496362853,27.773320496362853,0.019547687622336492,-0.04084070449666731,-0.011868238913561443,-24.0,7.99,81.9,2,1,100.0,4,0.01,8.685,-0.055,52.6480841,9.745376,33.25,31.560000000000002,52.6480812,9.7453811,0.026878070480712675,-0.029670597283903602,4.25040032738179,-3.935,-7.95,0.065,8.679546,0.01839819,0.31224546
0 days 00:00:07.450000,0.0003537829564853371,-0.631764,0.9221400000000001,7.192692000000001,27.412280701754383,27.412280701754383,27.412280701754383,27.412280701754383,0.009599310885968814,0.00890117918517108,-0.01117010721276371,-29.0,7.99,84.0,2,1,100.0,4,0.01,8.620000000000001,-0.035,52.6480841,9.745376,33.29,31.57,52.6480804,9.7453805,0.027052603405912107,-0.029321531433504737,4.2502257944565915,-3.9,-7.745,0.115,8.615269,0.017778434,0.28732458
0 days 00:00:07.460000,0.00023585530432355804,-1.1183400000000001,0.8161920000000001,9.82962,25.948063756953356,25.948063756953356,25.948063756953356,25.948063756953356,0.003316125578789226,0.09808750396208131,-0.005235987755982988,-29.0,7.99,83.1,2,1,100.0,4,0.02,8.615,-0.005,52.6480841,9.745376,33.29,31.57,52.6480797,9.745379999999999,0.027052603405912107,-0.029321531433504737,4.250051261531391,-3.9,-7.745,0.115,8.61115,0.02695968,0.25693142
0 days 00:00:07.470000,0.00023585530432355804,-6.168528,-0.223668,9.794304,25.62713949507916,25.62713949507916,25.62713949507916,25.62713949507916,-0.021467549799530253,0.07801621756414652,0.0012217304763960308,-31.5,7.99,82.2,2,1,100.0,4,0.025,8.605,-0.01,52.6480841,9.745376,33.29,31.57,52.648078999999996,9.7453794,0.027052603405912107,-0.030368728984701335,4.250051261531391,-3.9,-7.745,0.115,8.600728,0.032328736,0.27050263
0 days 00:00:07.480000,0.00023585530432355804,-6.521688000000001,1.455804,10.77138,26.944266153187844,26.944266153187844,26.944266153187844,26.944266153187844,-0.026878070480712675,0.02949606435870417,0.005759586531581288,-34.0,7.99,80.1,2,1,100.0,4,0.02,8.545,-0.01,52.6480841,9.745376,33.29,31.57,52.648078399999996,9.7453788,0.026878070480712675,-0.031066860685499065,4.250051261531391,-3.9,-7.745,0.115,8.5405655,0.027394611,0.27478182
0 days 00:00:07.490000,0.0004717106086471161,-4.818672,0.33354000000000006,10.63404,27.78669234060762,27.78669234060762,27.78669234060762,27.78669234060762,-0.002967059728390361,-0.013962634015954637,0.013962634015954637,-36.0,7.99,78.0,2,1,100.0,4,0.035,8.485,-0.02,52.648080699999994,9.745372999999999,33.29,31.57,52.648077699999995,9.745378299999999,0.026703537555513242,-0.031415926535897934,4.250051261531391,-3.9,-7.745,0.115,8.480185,0.042637456,0.28547376
0 days 00:00:07.500000,0.0004717106086471161,-2.625156,-0.20012400000000002,9.94734,28.415169020111254,28.415169020111254,28.415169020111254,28.415169020111254,-0.008552113334772213,0.041015237421866746,0.010471975511965976,-37.0,7.99,77.25,2,1,100.0,4,0.03,8.44,-0.03,52.648080699999994,9.745372999999999,33.29,31.580000000000002,52.648077,9.745377699999999,0.026703537555513242,-0.031241393610698498,4.2502257944565915,-3.86,-7.58,-0.055,8.434943,0.03782906,0.29271415
0 days 00:00:07.510000,0.0003537829564853371,-5.615244000000001,0.306072,9.739368,26.957637997432602,26.957637997432602,26.957637997432602,26.957637997432602,-0.014835298641951801,0.021467549799530253,0.009250245035569947,-38.0,7.99,76.5,2,1,100.0,4,0.025,8.415000000000001,-0.035,52.648080699999994,9.745372999999999,33.29,31.580000000000002,52.6480763,9.745377099999999,0.02652900463031381,-0.03159045946109736,4.25040032738179,-3.86,-7.58,-0.055,8.409696,0.032969452,0.30000305
0 days 00:00:07.520000,0.00023585530432355804,-6.258780000000001,0.149112,8.369892000000002,26.00155113393239,26.00155113393239,26.00155113393239,26.00155113393239,-0.02199114857512855,-0.02600540585471551,0.007853981633974483,-40.0,7.99,74.25,2,1,100.0,4,0.025,8.365,-0.035,52.648080699999994,9.745372999999999,33.29,31.580000000000002,52.6480756,9.7453766,0.026354471705114377,-0.031939525311496235,4.25040032738179,-3.86,-7.58,-0.055,8.359615,0.03295237,0.30134717
0 days 00:00:07.530000,0.00023585530432355804,-3.6414720000000003,1.043784,8.781912,25.948063756953356,25.948063756953356,25.948063756953356,25.948063756953356,-0.029321531433504733,-0.013264502315156903,0.011868238913561443,-41.5,7.99,72.0,2,1,100.0,4,0.025,8.305,-0.02,52.648080699999994,9.745372999999999,33.29,31.580000000000002,52.6480749,9.745376,0.026179938779914945,-0.03159045946109736,4.25057486030699,-3.86,-7.58,-0.055,8.300225,0.032381322,0.281554
0 days 00:00:07.540000,0.0005896382608088951,-2.546676,-0.6867000000000001,10.119996,27.071298673513052,27.071298673513052,27.071298673513052,27.071298673513052,-0.029670597283903602,0.020245819323134222,0.01117010721276371,-43.0,7.99,72.3,2,1,100.0,4,0.03,8.27,-0.015,52.6480773,9.7453703,33.29,31.580000000000002,52.6480743,9.7453755,0.025830872929516076,-0.031415926535897934,4.25057486030699,-3.86,-7.58,-0.055,8.265449,0.037086483,0.27389312
0 days 00:00:07.550000,0.0005306744347280056,-3.994632,-0.40417200000000003,10.551636000000002,27.285248181429182,27.285248181429182,27.285248181429182,27.285248181429182,-0.035255650890285456,0.014660765716752367,0.003316125578789226,-44.0,7.99,72.6,2,1,100.0,4,0.02,8.25,-0.015,52.6480773,9.7453703,33.29,31.59,52.6480736,9.7453749,0.025656340004316644,-0.03159045946109736,4.25074939323219,-3.735,-7.44,0.015,8.24541,0.027062772,0.27496672
0 days 00:00:07.560000,0.0004717106086471161,-5.2032240000000005,0.361008,9.837468000000001,26.409392383397517,26.409392383397517,26.409392383397517,26.409392383397517,-0.04729842272904633,-0.028972465583105875,-0.003316125578789226,-46.0,7.99,71.69999999999999,2,1,100.0,4,0.015,8.21,-0.025,52.6480773,9.7453703,33.29,31.59,52.648072899999995,9.7453743,0.02530727415391778,-0.0317649923862968,4.25074939323219,-3.735,-7.44,0.015,8.205064,0.022225577,0.28526306
0 days 00:00:07.570000,0.00023585530432355804,-4.873608000000001,0.7965720000000002,9.723672,25.54690842961061,25.54690842961061,25.54690842961061,25.54690842961061,-0.047123889803846894,-0.03769911184307752,-0.0010471975511965976,-47.5,7.99,70.8,2,1,100.0,4,0.015,8.165000000000001,-0.025,52.6480773,9.7453703,33.29,31.59,52.648072299999995,9.7453738,0.024783675378319478,-0.03159045946109736,4.25074939323219,-3.735,-7.44,0.015,8.160136,0.0220055,0.28242213
0 days 00:00:07.580000,0.0003537829564853371,-4.540068000000001,0.545436,10.147464000000001,25.078893881044074,25.078893881044074,25.078893881044074,25.078893881044074,-0.046076692252650306,-0.005759586531581288,0.003490658503988659,-49.0,7.99,70.94999999999999,2,1,100.0,4,0.02,8.115,-0.03,52.6480773,9.7453703,33.29,31.59,52.648071599999994,9.745373299999999,0.024260076602721184,-0.031066860685499065,4.25074939323219,-3.735,-7.44,0.015,8.110152,0.026836058,0.2814844
0 days 00:00:07.590000,0.0003537829564853371,-5.505372,0.5140440000000001,10.096452000000001,25.754172015404368,25.754172015404368,25.754172015404368,25.754172015404368,-0.041015237421866746,-0.032812189937493394,0.0054105206811824215,-44.0,7.99,71.1,2,1,100.0,4,0.025,8.075,-0.03,52.648074,9.7453676,33.29,31.59,52.6480709,9.745372699999999,0.023911010752322315,-0.031066860685499065,4.25074939323219,-3.735,-7.44,0.015,8.070171,0.03170667,0.28013209
0 days 00:00:07.600000,0.0004717106086471161,-4.893228000000001,0.4316400000000001,9.10368,25.827717158750534,25.827717158750534,25.827717158750534,25.827717158750534,-0.028972465583105875,-0.07487462491055674,0.006806784082777885,-43.0,7.99,73.35,2,1,100.0,4,0.03,8.025,-0.035,52.648074,9.7453676,33.29,31.6,52.6480703,9.7453722,0.023387411976724018,-0.0307177948351002,4.25074939323219,-3.6,-7.22,-0.045,8.020139,0.0365737,0.2806765
0 days 00:00:07.610000,0.0003537829564853371,-3.056796,1.071252,8.852544000000002,25.25272785622593,25.25272785622593,25.25272785622593,25.25272785622593,-0.03106686068549907,-0.016231562043547268,0.007155849933176751,-41.0,7.99,75.6,2,1,100.0,4,0.03,7.9750000000000005,-0.03,52.648074,9.7453676,33.29,31.6,52.6480696,9.7453716,0.023212879051524585,-0.030019663134302467,4.25074939323219,-3.6,-7.22,-0.045,7.9705067,0.036243916,0.26858842
0 days 00:00:07.620000,0.0003537829564853371,-5.434740000000001,0.655308,11.140236000000002,24.838200684638426,24.838200684638426,24.838200684638426,24.838200684638426,-0.018675022996339326,0.020245819323134222,0.011344640137963142,-39.0,7.99,73.65,2,1,100.0,4,0.04,7.95,-0.025,52.648074,9.7453676,33.29,31.6,52.648069,9.7453711,0.022863813201125717,-0.029845130209103034,4.250923926157389,-3.6,-7.22,-0.045,7.9457135,0.04598443,0.2612394
0 days 00:00:07.630000,0.0003537829564853371,-7.349652000000002,0.003924,10.532016000000002,24.81145699614891,24.81145699614891,24.81145699614891,24.81145699614891,-0.0054105206811824215,-0.06370451769779302,0.01291543646475804,-37.0,7.99,71.7,2,1,100.0,4,0.04,7.9,-0.04,52.648074,9.7453676,33.29,31.6,52.6480683,9.7453706,0.022689280275926284,-0.030019663134302467,4.250923926157389,-3.6,-7.22,-0.045,7.89524,0.046276405,0.2761229
0 days 00:00:07.640000,0.0004717106086471161,-4.312476000000001,0.192276,9.864936,25.205926401369275,25.205926401369275,25.205926401369275,25.205926401369275,0.005235987755982988,-0.08726646259971647,0.017104226669544427,-36.0,7.99,69.15,2,1,100.0,4,0.035,7.83,-0.045,52.648070999999995,9.745365399999999,33.29,31.6,52.6480677,9.745370099999999,0.022689280275926284,-0.029321531433504737,4.251098459082588,-3.6,-7.22,-0.045,7.8253145,0.04121947,0.2736706
0 days 00:00:07.650000,0.0005896382608088951,-2.2916160000000003,-0.16873200000000002,10.08468,25.112323491655967,25.112323491655967,25.112323491655967,25.112323491655967,0.006806784082777885,-0.017627825445142728,0.013788101090755204,-34.0,7.99,66.6,2,1,100.0,4,0.035,7.785,-0.05,52.648070999999995,9.745365399999999,33.2,31.61,52.6480671,9.745369499999999,0.022689280275926284,-0.028448866807507574,4.251272992007788,-3.4250000000000003,-7.005,-0.005,7.780427,0.041148886,0.2705604
0 days 00:00:07.660000,0.0005896382608088951,-5.415120000000001,-0.41202000000000005,8.530776000000001,24.310012836970472,24.310012836970472,24.310012836970472,24.310012836970472,0.01815142422074103,-0.060039326268604934,0.01308996938995747,-33.0,7.99,69.6,2,1,100.0,4,0.03,7.765000000000001,-0.05,52.648070999999995,9.745365399999999,33.2,31.61,52.6480664,9.745369,0.022689280275926284,-0.028274333882308142,4.2514475249329875,-3.4250000000000003,-7.005,-0.005,7.760483,0.036106538,0.26875097
0 days 00:00:07.670000,0.0004717106086471161,-4.100580000000001,0.023544000000000002,8.212932,23.81525459991442,23.81525459991442,23.81525459991442,23.81525459991442,0.028274333882308142,-0.06178465552059926,0.020071286397934793,-31.5,7.99,72.6,2,1,100.0,4,0.025,7.715,-0.04,52.648070999999995,9.745365399999999,33.2,31.61,52.6480658,9.7453685,0.02303834612632515,-0.02775073510670984,4.2514475249329875,-3.4250000000000003,-7.005,-0.005,7.7109194,0.030845832,0.2534107
0 days 00:00:07.680000,0.0005896382608088951,-3.045024,0.20797200000000002,9.758988,23.88879974326059,23.88879974326059,23.88879974326059,23.88879974326059,0.03961897402027128,0.0,0.02234021442552742,-30.0,7.99,76.8,2,1,100.0,4,0.02,7.675,-0.025,52.648070999999995,9.745365399999999,33.2,31.61,52.6480652,9.745368,0.023212879051524585,-0.027052603405912107,4.251622057858187,-3.4250000000000003,-7.005,-0.005,7.6715155,0.02539331,0.2320674
0 days 00:00:07.690000,0.0009434212172942321,-4.716648,-0.737712,10.481004,24.13617886178862,24.13617886178862,24.13617886178862,24.13617886178862,0.05637413483941684,-0.022689280275926284,0.021642082724729686,-28.0,7.99,81.0,2,1,100.0,4,0.02,7.65,-0.025,52.648068099999996,9.7453627,33.2,31.61,52.6480646,9.7453675,0.023736477827122883,-0.027052603405912107,4.251971123708586,-3.4250000000000003,-7.005,-0.005,7.646525,0.025498765,0.231378
0 days 00:00:07.700000,0.0011792765216177901,-4.744116000000001,-0.694548,9.10368,24.450417201540436,24.450417201540436,24.450417201540436,24.450417201540436,0.04852015320544236,-0.056025068989017976,0.018675022996339326,-34.0,7.99,88.19999999999999,2,1,100.0,4,0.005,7.605,-0.035,52.648068099999996,9.7453627,33.24,31.62,52.6480639,9.745367,0.024260076602721184,-0.026878070480712675,4.252145656633784,-3.36,-6.795,-0.005,7.601312,0.010805105,0.23917875
0 days 00:00:07.710000,0.0011203126955369007,-3.9240000000000004,-0.07848000000000001,10.37898,23.928915275994864,23.928915275994864,23.928915275994864,23.928915275994864,0.04223696789826277,-0.026878070480712675,0.01308996938995747,-54.0,7.99,95.39999999999999,2,1,100.0,4,-0.005,7.5600000000000005,-0.03,52.648068099999996,9.7453627,33.24,31.62,52.6480633,9.7453665,0.024783675378319478,-0.026354471705114377,4.252320189558985,-3.36,-6.795,-0.005,7.556584,0.00068152905,0.22925985
0 days 00:00:07.720000,0.0010613488694560112,-4.975632,0.447336,11.371752,23.534445870774498,23.534445870774498,23.534445870774498,23.534445870774498,0.03560471674068432,-0.03647738136668148,0.008552113334772213,-55.0,7.99,94.19999999999999,2,2,100.0,4,-0.01,7.525,-0.035,52.648068099999996,9.7453627,33.24,31.62,52.6480627,9.745365999999999,0.025132741228718343,-0.02600540585471551,4.252494722484184,-3.36,-6.795,-0.005,7.5215454,-0.0042004148,0.23083527
0 days 00:00:07.730000,0.0010613488694560112,-4.312476000000001,0.45518400000000003,8.785836000000002,22.68533376123235,22.68533376123235,22.68533376123235,22.68533376123235,0.034033920413889425,-0.13473941825396224,0.020071286397934793,-33.0,7.99,93.0,1,1,100.0,4,-0.005,7.4750000000000005,-0.05,52.648068099999996,9.7453627,33.24,31.62,52.6480621,9.7453655,0.02548180707911721,-0.025656340004316644,4.252494722484184,-3.36,-6.795,-0.005,7.471257,0.0011610221,0.24179254
0 days 00:00:07.740000,0.0011792765216177901,1.4597280000000001,1.263528,10.010124000000001,21.033910997004707,21.033910997004707,21.033910997004707,21.033910997004707,0.03106686068549907,-0.007679448708775049,0.024783675378319478,-33.0,7.99,80.69999999999999,1,1,100.0,4,-0.005,7.4350000000000005,-0.04,52.6480651,9.7453602,33.24,31.62,52.6480615,9.745365,0.025830872929516076,-0.024434609527920616,4.2526692554093835,-3.36,-6.795,-0.005,7.431803,0.0007262198,0.2216965
0 days 00:00:07.750000,0.0011792765216177901,-3.382488,0.49442400000000003,9.135072000000001,19.141795036371416,19.141795036371416,19.141795036371416,19.141795036371416,0.020943951023931952,0.01658062789394613,0.02600540585471551,-24.0,7.99,68.39999999999999,1,1,100.0,4,0.005,7.45,-0.045,52.6480651,9.7453602,33.25,31.63,52.6480609,9.745364499999999,0.026179938779914945,-0.024260076602721184,4.252843788334583,-3.325,-6.565,0.01,7.446716,0.010906597,0.22549835
0 days 00:00:07.760000,0.0010613488694560112,-5.1012,0.20012400000000002,8.110908000000002,17.563917415489943,17.563917415489943,17.563917415489943,17.563917415489943,0.034732052114687155,-0.08098327729253689,0.030543261909900768,-24.0,7.99,59.099999999999994,1,1,100.0,4,0.005,7.42,-0.04,52.6480651,9.7453602,33.25,31.63,52.6480603,9.745364,0.026354471705114377,-0.024434609527920616,4.253192854184982,-3.325,-6.565,0.01,7.4168077,0.010829169,0.22106622
0 days 00:00:07.770000,0.0010613488694560112,-0.788724,0.8004960000000001,9.574560000000002,14.922978177150192,14.922978177150192,14.922978177150192,14.922978177150192,0.04310963252425994,-0.0017453292519943296,0.029845130209103034,-20.5,7.99,49.8,1,1,100.0,4,0.0,7.37,-0.02,52.6480651,9.7453602,33.25,31.63,52.6480597,9.7453635,0.026703537555513242,-0.02356194490192345,4.253367387110181,-3.325,-6.565,0.01,7.367483,0.0051699895,0.19356088
0 days 00:00:07.780000,0.0009434212172942321,-3.0881880000000006,-0.592524,10.390752000000003,14.040436456996149,14.040436456996149,14.040436456996149,14.040436456996149,0.03874630939427412,-0.006806784082777885,0.02809980095710871,-17.0,7.99,49.5,1,1,100.0,4,0.005,7.365,-0.02,52.6480651,9.7453602,33.25,31.63,52.6480591,9.745363,0.027227136331111543,-0.02356194490192345,4.25371645296058,-3.325,-6.565,0.01,7.3624845,0.010266277,0.19330427
0 days 00:00:07.790000,0.0010613488694560112,-3.9240000000000004,1.1418840000000001,8.067744000000001,14.207584510055627,14.207584510055627,14.207584510055627,14.207584510055627,0.02600540585471551,-0.0841248699461267,0.031241393610698498,-16.0,7.99,49.2,1,1,100.0,4,-0.005,7.34,-0.025,52.6480621,9.745357799999999,33.25,31.63,52.6480585,9.745362499999999,0.02757620218151041,-0.02356194490192345,4.254065518810979,-3.325,-6.565,0.01,7.3373737,0.0004591398,0.19798435
0 days 00:00:07.800000,0.0012972041737795694,-1.2596040000000002,0.7298640000000001,10.508472000000001,16.0729567821994,16.0729567821994,16.0729567821994,16.0729567821994,0.01117010721276371,0.0017453292519943296,0.028972465583105875,-16.0,7.99,51.9,1,1,100.0,4,0.0,7.295,-0.01,52.6480621,9.745357799999999,33.24,31.64,52.6480579,9.745362,0.027925268031909273,-0.022514747350726852,4.254240051736178,-3.27,-6.390000000000001,-0.025,7.2929263,0.0048647504,0.17416075
0 days 00:00:07.810000,0.0012972041737795694,-5.615244000000001,-0.04316400000000001,11.171628,18.65372272143774,18.65372272143774,18.65372272143774,18.65372272143774,-0.003490658503988659,-0.02495820830351891,0.028797932657906436,-11.0,7.99,54.599999999999994,1,1,100.0,4,0.0,7.285,-0.015,52.6480621,9.745357799999999,33.24,31.64,52.6480573,9.7453615,0.028099800957108706,-0.022514747350726852,4.254589117586577,-3.27,-6.390000000000001,-0.025,7.282816,0.0050292662,0.17893162
0 days 00:00:07.820000,0.0015330594781031272,-5.368032,0.21582000000000004,8.683812000000001,22.785622593068037,22.785622593068037,22.785622593068037,22.785622593068037,-0.005585053606381855,-0.13316862192716736,0.02757620218151041,-10.0,7.99,53.99999999999999,1,1,100.0,4,-0.005,7.23,-0.03,52.6480621,9.745357799999999,33.24,31.64,52.6480567,9.7453611,0.028099800957108706,-0.022165681500327987,4.254938183436976,-3.27,-6.390000000000001,-0.025,7.2275596,0.0003469036,0.19030277
0 days 00:00:07.830000,0.0015330594781031272,0.9810000000000001,0.3531600000000001,9.951264,25.072207958921695,25.072207958921695,25.072207958921695,25.072207958921695,0.0013962634015954637,-0.04310963252425994,0.014660765716752367,0.0,7.99,53.39999999999999,1,1,100.0,4,-0.005,7.18,-0.02,52.6480621,9.745357799999999,33.24,31.64,52.6480562,9.7453606,0.027925268031909273,-0.020943951023931952,4.255112716362175,-3.27,-6.390000000000001,-0.025,7.178006,-0.0002412589,0.17043538
0 days 00:00:07.840000,0.0011792765216177901,-1.035936,1.090872,9.394056,24.169608472400515,24.169608472400515,24.169608472400515,24.169608472400515,-0.003490658503988659,-0.02775073510670984,0.00645771823237902,3.0,7.99,54.599999999999994,1,1,100.0,4,-0.005,7.19,-0.02,52.6480592,9.7453554,33.24,31.64,52.6480556,9.7453601,0.027925268031909273,-0.020420352248333655,4.255287249287375,-3.27,-6.390000000000001,-0.025,7.1880927,-0.00034049875,0.16688253
0 days 00:00:07.850000,0.0012382403476986798,-1.6833960000000001,0.7298640000000001,9.629496000000001,23.59461916987591,23.59461916987591,23.59461916987591,23.59461916987591,0.0019198621771937623,-0.03874630939427412,0.0015707963267948967,1.0,7.99,55.8,1,1,100.0,4,0.0,7.18,-0.015,52.6480592,9.7453554,33.230000000000004,31.64,52.648055,9.745359599999999,0.027925268031909273,-0.020245819323134222,4.255287249287375,-3.21,-6.29,0.005,7.1782246,0.00447729,0.16028945
0 days 00:00:07.860000,0.0012972041737795694,-2.3073120000000005,0.926064,9.904176000000001,22.437954642704323,22.437954642704323,22.437954642704323,22.437954642704323,-0.0010471975511965976,0.017976891295541593,-0.0038397243543875246,2.0,7.99,51.75,1,1,100.0,4,0.005,7.165,-0.015,52.6480592,9.7453554,33.230000000000004,31.650000000000002,52.6480544,9.7453592,0.027925268031909273,-0.019722220547535925,4.255287249287375,-3.21,-6.29,0.005,7.163311,0.009362137,0.1560971
0 days 00:00:07.870000,0.0012972041737795694,-5.685876,0.45518400000000003,9.864936,22.030113393239194,22.030113393239194,22.030113393239194,22.030113393239194,-0.0027925268031909274,-0.009075712110370514,-0.005061454830783556,0.0,7.99,47.7,1,1,100.0,4,0.015,7.1450000000000005,-0.015,52.6480592,9.7453554,33.230000000000004,31.650000000000002,52.6480538,9.745358699999999,0.027925268031909273,-0.020071286397934793,4.255112716362175,-3.21,-6.29,0.005,7.14326,0.019416846,0.15791611
0 days 00:00:07.880000,0.0012972041737795694,-4.932468,0.90252,9.880632000000002,22.4446405648267,22.4446405648267,22.4446405648267,22.4446405648267,-0.0027925268031909274,-0.03874630939427412,-0.005934119456780722,-2.0,7.99,48.9,1,1,100.0,4,0.015,7.09,-0.02,52.6480592,9.7453554,33.230000000000004,31.650000000000002,52.6480533,9.7453582,0.027925268031909273,-0.019896753472735357,4.255112716362175,-3.21,-6.29,0.005,7.088199,0.019491063,0.1605731
0 days 00:00:07.890000,0.0014151318259413483,-2.205288,0.9339120000000001,10.739988,23.04637355584082,23.04637355584082,23.04637355584082,23.04637355584082,-0.005061454830783556,-0.0054105206811824215,-0.005934119456780722,-6.0,7.99,50.099999999999994,1,1,100.0,4,0.02,7.045,-0.02,52.6480563,9.745353,33.230000000000004,31.650000000000002,52.6480527,9.745357799999999,0.027925268031909273,-0.019547687622336492,4.255112716362175,-3.21,-6.29,0.005,7.0432634,0.02439547,0.15708096
0 days 00:00:07.900000,0.0015330594781031272,-2.680092,0.694548,11.995668000000002,23.006258023106547,23.006258023106547,23.006258023106547,23.006258023106547,-0.010995574287564275,0.01064650843716541,-0.006806784082777885,-8.0,7.99,47.699999999999996,1,1,100.0,4,0.03,7.025,-0.03,52.6480563,9.745353,33.230000000000004,31.650000000000002,52.6480521,9.7453573,0.027925268031909273,-0.019547687622336492,4.254938183436976,-3.13,-6.24,-0.04,7.023072,0.034659818,0.16640516
0 days 00:00:07.910000,0.0015330594781031272,-4.2065280000000005,0.384552,10.22202,22.611788617886177,22.611788617886177,22.611788617886177,22.611788617886177,-0.02426007660272118,-0.04415683007545654,-0.004363323129985824,-9.0,7.99,45.3,1,1,100.0,4,0.035,7.0,-0.055,52.6480563,9.745353,33.230000000000004,31.650000000000002,52.6480515,9.7453568,0.02775073510670984,-0.019547687622336492,4.254938183436976,-3.13,-6.24,-0.04,6.9975877,0.040308837,0.19076958
0 days 00:00:07.920000,0.0015330594781031272,-2.6055360000000003,0.8397360000000001,9.656964,21.8362216516902,21.8362216516902,21.8362216516902,21.8362216516902,-0.042411500823462206,-0.008203047484373348,-0.005235987755982988,-9.0,7.99,46.349999999999994,1,1,100.0,4,0.035,6.96,-0.06,52.6480563,9.745353,33.230000000000004,31.650000000000002,52.648050999999995,9.7453564,0.02757620218151041,-0.019198621771937627,4.2547636505117765,-3.13,-6.24,-0.04,6.9575653,0.040324856,0.19256449
0 days 00:00:07.930000,0.001650987130264906,-3.6650160000000005,1.2517560000000003,8.726976,21.822849807445444,21.822849807445444,21.822849807445444,21.822849807445444,-0.05183627878423159,-0.005585053606381855,-0.005759586531581288,-12.0,7.99,47.39999999999999,1,1,100.0,4,0.04,6.9350000000000005,-0.055,52.6480563,9.745353,33.230000000000004,31.650000000000002,52.648050399999995,9.7453559,0.027052603405912107,-0.019024088846738195,4.2547636505117765,-3.13,-6.24,-0.04,6.9326987,0.04504126,0.18576378
0 days 00:00:07.940000,0.001650987130264906,-2.754648,1.1732760000000002,8.409132000000001,22.16383183568678,22.16383183568678,22.16383183568678,22.16383183568678,-0.061435589670200394,0.0027925268031909274,-0.00471238898038469,-14.0,7.99,51.3,1,1,100.0,4,0.05,6.9,-0.045,52.648053499999996,9.745350799999999,33.230000000000004,31.650000000000002,52.6480499,9.745355499999999,0.02652900463031381,-0.019024088846738195,4.2547636505117765,-3.13,-6.24,-0.04,6.8978953,0.0546576,0.17486185
0 days 00:00:07.950000,0.0017689147824266852,-2.4721200000000003,-0.184428,10.292652000000002,22.050171159606332,22.050171159606332,22.050171159606332,22.050171159606332,-0.06841690667817771,0.06771877497737999,-0.007853981633974483,-16.0,7.99,55.2,1,1,100.0,4,0.06,6.87,-0.035,52.648053499999996,9.745350799999999,33.230000000000004,31.66,52.6480493,9.745355,0.026179938779914945,-0.019024088846738195,4.2547636505117765,-3.0300000000000002,-6.15,0.025,6.868091,0.06431647,0.16405387
0 days 00:00:07.960000,0.001650987130264906,-5.685876,0.51012,9.65304,22.010055626872056,22.010055626872056,22.010055626872056,22.010055626872056,-0.07278022980816354,0.019896753472735357,-0.007679448708775049,-18.0,7.99,52.2,1,1,100.0,4,0.055,6.8500000000000005,-0.04,52.648053499999996,9.745350799999999,33.230000000000004,31.66,52.6480487,9.7453545,0.02548180707911721,-0.019722220547535925,4.254589117586577,-3.0300000000000002,-6.15,0.025,6.847879,0.059443034,0.17362249
0 days 00:00:07.970000,0.001650987130264906,-4.37526,0.459108,9.284184,21.635643988018828,21.635643988018828,21.635643988018828,21.635643988018828,-0.060039326268604934,0.005585053606381855,-0.006981317007977318,-20.0,7.99,49.2,1,1,100.0,4,0.055,6.795,-0.04,52.648053499999996,9.745350799999999,33.230000000000004,31.66,52.6480482,9.7453541,0.024609142453120045,-0.019896753472735357,4.254589117586577,-3.0300000000000002,-6.15,0.025,6.792859,0.05929398,0.1737752
0 days 00:00:07.980000,0.001650987130264906,-2.950848,0.20012400000000002,11.246184000000001,21.816163885323064,21.816163885323064,21.816163885323064,21.816163885323064,-0.030717794835100197,0.07435102613495843,-0.009250245035569947,-22.0,7.99,49.5,1,1,100.0,4,0.06,6.75,-0.035,52.648053499999996,9.745350799999999,33.230000000000004,31.66,52.6480476,9.745353699999999,0.02408554367752175,-0.019896753472735357,4.254414584661378,-3.0300000000000002,-6.15,0.025,6.7479677,0.06405958,0.1677932
0 days 00:00:07.990000,0.0017689147824266852,-5.619168,-0.306072,10.453536000000001,21.68913136499786,21.68913136499786,21.68913136499786,21.68913136499786,-0.020943951023931952,0.039793506945470715,-0.010821041362364843,-24.0,7.99,49.8,1,1,100.0,4,0.06,6.7250000000000005,-0.05,52.6480508,9.7453486,33.230000000000004,31.66,52.6480471,9.7453532,0.023736477827122883,-0.020594885173533087,4.254414584661378,-3.0300000000000002,-6.15,0.025,6.722544,0.06445653,0.18700306
0 days 00:00:08,0.001650987130264906,-4.68918,0.192276,10.194552000000002,21.40832263585794,21.40832263585794,21.40832263585794,21.40832263585794,-0.008203047484373348,0.007155849933176751,-0.012740903539558606,-26.0,7.99,49.349999999999994,1,1,100.0,4,0.055,6.67,-0.055,52.6480508,9.7453486,33.24,31.67,52.6480465,9.7453528,0.02356194490192345,-0.02111848394913139,4.254240051736178,-2.88,-6.095,0.045,6.6673512,0.05959862,0.19448741
0 days 00:00:08.010000,0.0015920233041840167,-2.954772,0.38847600000000004,10.704672,20.85339109970047,20.85339109970047,20.85339109970047,20.85339109970047,0.013788101090755204,0.03787364476827695,-0.010297442586766544,-27.0,7.99,48.89999999999999,1,1,100.0,4,0.055,6.625,-0.06,52.6480508,9.7453486,33.24,31.67,52.648046,9.7453523,0.023387411976724018,-0.02111848394913139,4.254240051736178,-2.88,-6.095,0.045,6.622256,0.05965935,0.19854532
0 days 00:00:08.020000,0.0015330594781031272,-4.006404000000001,0.28645200000000004,9.417600000000002,20.53915275994865,20.53915275994865,20.53915275994865,20.53915275994865,0.02757620218151041,0.04468042885105484,-0.004886921905584123,-28.0,7.99,45.3,1,1,100.0,4,0.055,6.6000000000000005,-0.07,52.6480508,9.7453486,33.24,31.67,52.648045499999995,9.7453519,0.02356194490192345,-0.021467549799530253,4.254240051736178,-2.88,-6.095,0.045,6.5969768,0.059971362,0.21030428
0 days 00:00:08.030000,0.001650987130264906,-3.578688,-0.039240000000000004,9.472536,20.412120239623448,20.412120239623448,20.412120239623448,20.412120239623448,0.026878070480712675,0.051487212933832724,-0.002617993877991494,-28.0,7.99,41.7,1,1,100.0,4,0.06,6.5600000000000005,-0.065,52.6480508,9.7453486,33.24,31.67,52.648044899999995,9.7453515,0.023911010752322315,-0.02199114857512855,4.254065518810979,-2.88,-6.095,0.045,6.5569844,0.06498538,0.20774023
0 days 00:00:08.040000,0.0017689147824266852,-4.13982,-0.03531600000000001,9.884556000000002,20.372004706889175,20.372004706889175,20.372004706889175,20.372004706889175,0.022689280275926284,0.055326937288220246,0.00017453292519943296,-29.0,7.99,40.2,1,1,100.0,4,0.055,6.525,-0.065,52.6480482,9.745346699999999,33.24,31.67,52.648044399999996,9.745351099999999,0.02408554367752175,-0.022514747350726852,4.254065518810979,-2.88,-6.095,0.045,6.521883,0.060086798,0.21049382
0 days 00:00:08.050000,0.001650987130264906,-4.6617120000000005,-0.074556,8.942796000000001,20.345261018399658,20.345261018399658,20.345261018399658,20.345261018399658,0.02583087292951608,0.023038346126325153,0.007330382858376183,-32.0,7.99,38.7,1,1,100.0,4,0.055,6.49,-0.07,52.6480482,9.745346699999999,33.18,31.68,52.6480439,9.7453506,0.024260076602721184,-0.02303834612632515,4.254065518810979,-2.825,-6.0200000000000005,0.125,6.486665,0.060308065,0.2180883
0 days 00:00:08.060000,0.001650987130264906,-3.3550200000000006,-0.023544000000000002,9.978732,20.02433675652546,20.02433675652546,20.02433675652546,20.02433675652546,0.03892084231947355,0.0736528944341607,0.010821041362364843,-33.0,7.99,39.15,1,1,100.0,4,0.05,6.445,-0.06,52.6480482,9.745346699999999,33.18,31.68,52.6480433,9.745350199999999,0.024434609527920616,-0.023212879051524585,4.254240051736178,-2.825,-6.0200000000000005,0.125,6.441871,0.05510551,0.20829323
0 days 00:00:08.070000,0.0017689147824266852,-5.23854,-0.349236,9.861012,19.48946298673513,19.48946298673513,19.48946298673513,19.48946298673513,0.03944444109507185,0.05270894341022875,0.012217304763960306,-30.5,7.99,39.599999999999994,1,1,100.0,4,0.05,6.415,-0.06,52.6480482,9.745346699999999,33.18,31.68,52.6480428,9.7453498,0.02495820830351891,-0.023911010752322315,4.254414584661378,-2.825,-6.0200000000000005,0.125,6.4117317,0.055308893,0.21204314
0 days 00:00:08.080000,0.0017689147824266852,-3.9632400000000003,-0.302148,10.712520000000001,19.108365425759523,19.108365425759523,19.108365425759523,19.108365425759523,0.031415926535897934,0.034033920413889425,0.014486232791552938,-28.0,7.99,40.949999999999996,1,1,100.0,4,0.04,6.365,-0.065,52.6480482,9.745346699999999,33.18,31.68,52.6480423,9.7453494,0.02530727415391778,-0.024434609527920616,4.254589117586577,-2.825,-6.0200000000000005,0.125,6.361512,0.045566633,0.21940863
0 days 00:00:08.090000,0.001650987130264906,-3.2647680000000006,-0.14126400000000003,9.825696,18.239195549850237,18.239195549850237,18.239195549850237,18.239195549850237,0.010821041362364843,0.0466002910282486,0.020245819323134222,-22.0,7.99,42.3,1,1,100.0,4,0.035,6.325,-0.075,52.648045599999996,9.7453447,33.18,31.68,52.648041799999994,9.745349,0.025656340004316644,-0.024783675378319478,4.254589117586577,-2.825,-6.0200000000000005,0.125,6.321199,0.040932857,0.23074354
0 days 00:00:08.100000,0.0014151318259413483,-4.241844,0.11379600000000001,9.456840000000001,15.899122807017545,15.899122807017545,15.899122807017545,15.899122807017545,-0.0006981317007977319,0.045553093477052,0.025132741228718346,-22.0,7.99,44.25,1,1,100.0,4,0.03,6.295,-0.075,52.648045599999996,9.7453447,33.15,31.69,52.648041299999996,9.7453485,0.025656340004316644,-0.02530727415391778,4.254938183436976,-2.7800000000000002,-5.715,0.04,6.2910867,0.03599993,0.23342158
0 days 00:00:08.110000,0.0014151318259413483,-3.9396960000000005,0.3924,8.507232000000002,14.354674796747966,14.354674796747966,14.354674796747966,14.354674796747966,-0.0013962634015954637,0.01780235837034216,0.024783675378319478,-13.0,7.99,46.2,1,1,100.0,4,0.025,6.255,-0.07,52.648045599999996,9.7453447,33.15,31.69,52.6480408,9.7453481,0.025656340004316644,-0.025830872929516076,4.255112716362175,-2.7800000000000002,-5.715,0.04,6.2511053,0.030931355,0.23081326
0 days 00:00:08.120000,0.0014151318259413483,-2.6016120000000003,0.357084,8.7309,13.41195977749251,13.41195977749251,13.41195977749251,13.41195977749251,-0.010122909661567111,0.05078908123303499,0.019722220547535925,-13.0,7.99,49.2,1,1,100.0,4,0.025,6.22,-0.06,52.648045599999996,9.7453447,33.15,31.69,52.6480403,9.7453477,0.025656340004316644,-0.02600540585471551,4.255461782212574,-2.7800000000000002,-5.715,0.04,6.2163363,0.030679546,0.2210008
0 days 00:00:08.130000,0.0010613488694560112,-4.532220000000001,0.8201160000000001,8.660268,11.553273427471115,11.553273427471115,11.553273427471115,11.553273427471115,-0.012391837689159739,0.020071286397934793,0.02129301687433082,-9.0,7.99,52.2,1,1,100.0,4,0.025,6.195,-0.05,52.648045599999996,9.7453447,33.15,31.69,52.6480398,9.745347299999999,0.025656340004316644,-0.026354471705114377,4.2556363151377745,-2.7800000000000002,-5.715,0.04,6.191531,0.030461866,0.21251819
0 days 00:00:08.140000,0.0009434212172942321,-2.986164,0.6278400000000001,8.55432,10.664045785194695,10.664045785194695,10.664045785194695,10.664045785194695,-0.004363323129985824,-0.015358897417550098,0.02530727415391778,-9.0,7.99,51.75,1,1,100.0,4,0.03,6.15,-0.04,52.6480434,9.7453427,33.15,31.69,52.6480393,9.7453469,0.02548180707911721,-0.026703537555513242,4.255810848062973,-2.7800000000000002,-5.715,0.04,6.1467395,0.035192903,0.20336232
0 days 00:00:08.150000,0.000825493565132453,-1.3184640000000003,-0.09417600000000001,9.684432000000001,9.721330765939237,9.721330765939237,9.721330765939237,9.721330765939237,0.022514747350726852,0.02949606435870417,0.030368728984701335,-9.0,7.99,51.3,1,1,100.0,4,0.03,6.125,-0.03,52.6480434,9.7453427,33.35,31.7,52.648038799999995,9.7453465,0.02548180707911721,-0.02652900463031381,4.256159913913372,-2.77,-5.53,0.095,6.1220493,0.03489397,0.19163367
0 days 00:00:08.160000,0.000825493565132453,-3.704256,0.45518400000000003,9.558864000000002,9.895164741121095,9.895164741121095,9.895164741121095,9.895164741121095,0.03822271061867582,0.030368728984701335,0.034033920413889425,-9.0,7.99,50.55,1,1,100.0,4,0.025,6.115,-0.03,52.6480434,9.7453427,33.35,31.7,52.648038299999996,9.745346099999999,0.025830872929516076,-0.026703537555513242,4.256508979763771,-2.77,-5.53,0.095,6.1120186,0.029983232,0.19255187
0 days 00:00:08.170000,0.0011792765216177901,-4.82652,-0.223668,8.86824,11.359381685922123,11.359381685922123,11.359381685922123,11.359381685922123,0.041189770347066175,0.003490658503988659,0.03106686068549907,-9.0,7.99,49.8,1,1,100.0,4,0.025,6.08,-0.025,52.6480434,9.7453427,33.35,31.7,52.6480378,9.7453457,0.026179938779914945,-0.027052603405912107,4.25685804561417,-2.77,-5.53,0.095,6.077099,0.029950675,0.18873128
0 days 00:00:08.180000,0.0012972041737795694,-4.457664,-0.054936000000000006,8.601408000000001,12.302096705177577,12.302096705177577,12.302096705177577,12.302096705177577,0.03804817769347638,0.021642082724729686,0.027401669256310976,-9.0,7.99,49.349999999999994,1,1,100.0,4,0.02,6.035,-0.02,52.6480434,9.7453427,33.35,31.7,52.6480373,9.7453453,0.026703537555513242,-0.027052603405912107,4.257032578539369,-2.77,-5.53,0.095,6.0322504,0.024885317,0.1826359
0 days 00:00:08.190000,0.0011792765216177901,-5.591700000000001,-0.12164400000000002,9.1233,14.72240051347882,14.72240051347882,14.72240051347882,14.72240051347882,0.024085543677521748,0.03961897402027128,0.018675022996339326,-9.0,7.99,48.89999999999999,1,1,100.0,4,0.015,5.99,-0.005,52.648041,9.7453407,33.35,31.7,52.6480368,9.7453449,0.027052603405912107,-0.027227136331111543,4.257381644389769,-2.77,-5.53,0.095,5.9876437,0.019540649,0.1676013
0 days 00:00:08.200000,0.0010613488694560112,-6.372576000000001,0.28252800000000006,9.323424000000001,19.128423192126657,19.128423192126657,19.128423192126657,19.128423192126657,0.02391101075232232,-0.022514747350726852,0.014137166941154071,-9.0,7.99,48.14999999999999,1,1,100.0,4,0.01,5.9350000000000005,-0.0,52.648041,9.7453407,33.35,31.71,52.6480363,9.7453445,0.027227136331111543,-0.02775073510670984,4.257556177314967,-2.69,-5.365,0.07,5.9327145,0.01447949,0.16434619
0 days 00:00:08.210000,0.0011792765216177901,-2.585916,-0.145188,9.919872000000002,19.883932391955497,19.883932391955497,19.883932391955497,19.883932391955497,0.028972465583105875,-0.041015237421866746,0.01064650843716541,-15.0,7.99,47.39999999999999,1,1,100.0,4,0.01,5.875,-0.0,52.648041,9.7453407,33.35,31.71,52.648035799999995,9.745344099999999,0.02757620218151041,-0.027401669256310976,4.257730710240168,-2.69,-5.365,0.07,5.8727946,0.014434429,0.16062772
0 days 00:00:08.220000,0.0012972041737795694,-0.32176800000000005,0.05886,10.700748,19.63655327342747,19.63655327342747,19.63655327342747,19.63655327342747,0.01815142422074103,0.034732052114687155,0.0031415926535897933,-15.0,7.99,46.949999999999996,1,1,100.0,4,0.005,5.855,-0.0,52.648041,9.7453407,33.35,31.71,52.6480354,9.7453437,0.02775073510670984,-0.027052603405912107,4.257730710240168,-2.69,-5.365,0.07,5.8528576,0.009392496,0.15817396
0 days 00:00:08.230000,0.0015330594781031272,-4.410576,-0.003924,10.418220000000002,19.16185280273855,19.16185280273855,19.16185280273855,19.16185280273855,0.009948376736367679,0.020594885173533087,-0.008552113334772213,-10.0,7.99,46.5,1,1,100.0,4,0.0,5.855,-0.01,52.648041,9.7453407,33.35,31.71,52.6480349,9.7453434,0.027925268031909273,-0.027401669256310976,4.257905243165366,-2.69,-5.365,0.07,5.852528,0.004758209,0.1703465
0 days 00:00:08.240000,0.0014151318259413483,-6.266628000000001,1.0555560000000002,7.675344,18.20576593923834,18.20576593923834,18.20576593923834,18.20576593923834,0.008726646259971648,-0.05986479334340551,-0.014137166941154071,-10.0,7.99,46.8,1,1,100.0,4,0.0,5.8100000000000005,-0.015,52.648038799999995,9.745339,33.35,31.71,52.6480344,9.745343,0.028099800957108706,-0.02757620218151041,4.257730710240168,-2.69,-5.365,0.07,5.8073773,0.004922205,0.17512257
0 days 00:00:08.250000,0.0014151318259413483,-1.6755480000000003,0.7651800000000001,9.507852000000002,17.597347026101836,17.597347026101836,17.597347026101836,17.597347026101836,0.004537856055185257,-0.00645771823237902,-0.01361356816555577,-10.0,7.99,47.099999999999994,1,1,100.0,4,0.01,5.75,0.005,52.648038799999995,9.745339,33.29,31.720000000000002,52.648033899999994,9.745342599999999,0.028099800957108706,-0.027052603405912107,4.257556177314967,-2.605,-5.165,-0.02,5.7480316,0.014225508,0.15019494
0 days 00:00:08.260000,0.0014151318259413483,-2.907684,0.894672,11.485548000000001,17.831354300385108,17.831354300385108,17.831354300385108,17.831354300385108,0.005934119456780722,0.038571776469074684,-0.0054105206811824215,-10.0,7.99,46.949999999999996,1,1,100.0,4,0.015,5.735,0.005,52.648038799999995,9.745339,33.29,31.720000000000002,52.6480335,9.7453422,0.028274333882308142,-0.026878070480712675,4.257381644389769,-2.605,-5.165,-0.02,5.733063,0.019209964,0.14864533
0 days 00:00:08.270000,0.0018868424345884643,-6.152832,-0.231516,8.989884,18.27262516046213,18.27262516046213,18.27262516046213,18.27262516046213,0.00034906585039886593,-0.029845130209103034,0.00034906585039886593,-10.0,7.99,46.8,1,1,100.0,4,0.02,5.71,-0.01,52.648038799999995,9.745339,33.29,31.720000000000002,52.648033,9.7453418,0.028274333882308142,-0.027401669256310976,4.257381644389769,-2.605,-5.165,-0.02,5.7075825,0.024697363,0.16580828
0 days 00:00:08.280000,0.0022406253910738014,-3.7160280000000006,0.45126,7.891164000000001,18.20576593923834,18.20576593923834,18.20576593923834,18.20576593923834,-0.019198621771937627,-0.0158824961931484,-0.008028514559173916,-10.0,7.99,47.849999999999994,1,1,100.0,4,0.015,5.65,-0.005,52.648038799999995,9.745339,33.29,31.720000000000002,52.6480326,9.7453415,0.028274333882308142,-0.027052603405912107,4.257381644389769,-2.605,-5.165,-0.02,5.647797,0.019455856,0.15733959
0 days 00:00:08.290000,0.0021226977389120225,-3.2569200000000005,1.0320120000000002,9.833544,17.690949935815144,17.690949935815144,17.690949935815144,17.690949935815144,-0.03368485456349056,0.024085543677521748,-0.010821041362364843,-10.0,7.99,48.89999999999999,1,1,100.0,4,0.02,5.615,0.015,52.648036499999996,9.7453371,33.29,31.720000000000002,52.648032099999995,9.7453411,0.028099800957108706,-0.026878070480712675,4.257207111464568,-2.605,-5.165,-0.02,5.6133747,0.023810579,0.13529204
0 days 00:00:08.300000,0.0020047700867502436,-5.183604,0.054936000000000006,10.696824000000001,16.795036371416348,16.795036371416348,16.795036371416348,16.795036371416348,-0.03647738136668148,-0.00645771823237902,-0.004886921905584123,-10.0,7.99,50.849999999999994,1,1,100.0,4,0.025,5.585,0.01,52.648036499999996,9.7453371,33.29,31.720000000000002,52.648031599999996,9.7453407,0.02775073510670984,-0.027052603405912107,4.257207111464568,-2.5100000000000002,-4.955,-0.095,5.5832267,0.028904779,0.14032602
0 days 00:00:08.310000,0.0021816615649929115,-4.575384000000001,0.596448,9.82962,16.935440735986305,16.935440735986305,16.935440735986305,16.935440735986305,-0.03228859116189509,-0.03735004599267865,0.004537856055185257,-10.0,7.99,52.8,1,1,100.0,4,0.025,5.54,-0.0,52.648036499999996,9.7453371,33.29,31.720000000000002,52.6480312,9.7453404,0.027401669256310976,-0.027052603405912107,4.257032578539369,-2.5100000000000002,-4.955,-0.095,5.537973,0.029096328,0.14911194
0 days 00:00:08.320000,0.0023585530432355803,-2.954772,-0.07848000000000001,10.406448000000001,17.791238767650835,17.791238767650835,17.791238767650835,17.791238767650835,-0.012391837689159739,0.008377580409572781,0.005061454830783556,-10.0,7.99,55.5,1,1,100.0,4,0.03,5.495,-0.0,52.648036499999996,9.7453371,33.29,31.720000000000002,52.6480307,9.745339999999999,0.027052603405912107,-0.026703537555513242,4.257032578539369,-2.5100000000000002,-4.955,-0.095,5.493041,0.033957656,0.14585334
0 days 00:00:08.330000,0.0024764806953973596,-4.9795560000000005,-0.251136,9.464688,17.864783910997005,17.864783910997005,17.864783910997005,17.864783910997005,-0.007679448708775049,0.016406094968746697,0.0010471975511965976,-10.0,7.99,58.2,1,1,100.0,4,0.025,5.47,-0.005,52.648036499999996,9.7453371,33.29,31.720000000000002,52.648030299999995,9.7453396,0.026878070480712675,-0.026703537555513242,4.257032578539369,-2.5100000000000002,-4.955,-0.095,5.467916,0.029050393,0.15032278
0 days 00:00:08.340000,0.0023585530432355803,-5.014872,-0.27468000000000004,9.445068000000001,17.39676936243047,17.39676936243047,17.39676936243047,17.39676936243047,-0.02234021442552742,-0.015184364492350668,-0.011344640137963142,-10.0,7.99,61.35,1,1,100.0,4,0.02,5.42,-0.005,52.6480343,9.745335299999999,33.29,31.720000000000002,52.6480299,9.7453393,0.026878070480712675,-0.026878070480712675,4.257032578539369,-2.5100000000000002,-4.955,-0.095,5.4179077,0.024041733,0.15006788
0 days 00:00:08.350000,0.0020047700867502436,-3.633624,0.521892,10.563408,16.22673299101412,16.22673299101412,16.22673299101412,16.22673299101412,-0.016406094968746697,-0.024783675378319478,-0.009599310885968814,-10.0,7.99,64.5,1,1,100.0,4,0.015,5.375,-0.0,52.6480343,9.745335299999999,33.29,31.73,52.6480294,9.7453389,0.026703537555513242,-0.026703537555513242,4.257032578539369,-2.4,-4.8500000000000005,-0.035,5.373084,0.01882654,0.1430628
0 days 00:00:08.360000,0.0018868424345884643,-2.9351520000000004,0.80442,10.794924000000002,16.093014548566536,16.093014548566536,16.093014548566536,16.093014548566536,-0.016231562043547268,0.0017453292519943296,-0.0008726646259971648,-10.0,7.99,61.35,1,1,100.0,4,0.02,5.34,-0.01,52.6480343,9.745335299999999,33.29,31.73,52.648029,9.7453386,0.02652900463031381,-0.02652900463031381,4.25685804561417,-2.4,-4.8500000000000005,-0.035,5.3378563,0.024015475,0.15106088
0 days 00:00:08.370000,0.0020047700867502436,-3.6257760000000006,0.17265600000000003,9.904176000000001,16.22673299101412,16.22673299101412,16.22673299101412,16.22673299101412,-0.01884955592153876,-0.015533430342749534,0.005235987755982988,-10.0,7.99,58.2,1,1,100.0,4,0.025,5.315,-0.02,52.6480343,9.745335299999999,33.29,31.73,52.648028599999996,9.745338199999999,0.026354471705114377,-0.02652900463031381,4.25685804561417,-2.4,-4.8500000000000005,-0.035,5.312599,0.029233322,0.1602634
0 days 00:00:08.380000,0.0021226977389120225,-3.8886840000000005,0.27468000000000004,9.362664,16.407252888318354,16.407252888318354,16.407252888318354,16.407252888318354,-0.019547687622336492,0.0006981317007977319,0.00942477796076938,-10.0,7.99,54.75,1,1,100.0,4,0.02,5.28,-0.025,52.6480343,9.745335299999999,33.29,31.73,52.6480281,9.745337899999999,0.026179938779914945,-0.026354471705114377,4.25685804561417,-2.4,-4.8500000000000005,-0.035,5.277508,0.024289485,0.16354704
0 days 00:00:08.390000,0.0018868424345884643,-4.889304,1.357704,10.912644,16.286906290115535,16.286906290115535,16.286906290115535,16.286906290115535,-0.016929693744344998,0.03560471674068432,0.009773843811168246,-10.0,7.99,51.3,1,1,100.0,4,0.02,5.245,-0.02,52.648032,9.7453337,33.29,31.73,52.6480277,9.7453376,0.02600540585471551,-0.026354471705114377,4.257032578539369,-2.4,-4.8500000000000005,-0.035,5.2426515,0.02410699,0.1576327
0 days 00:00:08.400000,0.0017689147824266852,-6.819912,0.380628,10.061136000000001,16.079642704321778,16.079642704321778,16.079642704321778,16.079642704321778,-0.01291543646475804,-0.023038346126325153,0.008726646259971648,-10.0,7.99,51.599999999999994,1,1,100.0,4,0.03,5.195,-0.03,52.648032,9.7453337,33.28,31.740000000000002,52.648027299999995,9.7453372,0.025830872929516076,-0.026703537555513242,4.257032578539369,-2.25,-4.7,-0.005,5.192347,0.034347113,0.16786659
0 days 00:00:08.410000,0.0017689147824266852,-4.23792,0.05886,10.249488,15.584884467265724,15.584884467265724,15.584884467265724,15.584884467265724,-0.0036651914291880917,-0.05515240436302082,0.012042771838760874,-16.0,7.99,51.89999999999999,1,1,100.0,4,0.03,5.13,-0.035,52.648032,9.7453337,33.28,31.740000000000002,52.6480269,9.7453369,0.025656340004316644,-0.02652900463031381,4.257207111464568,-2.25,-4.7,-0.005,5.127267,0.03437856,0.17023963
0 days 00:00:08.420000,0.0015330594781031272,-2.071872,0.9770760000000002,10.418220000000002,14.214270432178004,14.214270432178004,14.214270432178004,14.214270432178004,-0.013264502315156903,-0.006981317007977318,0.020245819323134222,-16.0,7.99,52.8,1,1,100.0,4,0.03,5.09,-0.04,52.648032,9.7453337,33.28,31.740000000000002,52.6480265,9.745336499999999,0.025656340004316644,-0.02600540585471551,4.257381644389769,-2.25,-4.7,-0.005,5.0872393,0.03441123,0.17151277
0 days 00:00:08.430000,0.0012972041737795694,-3.1078080000000003,-0.11772,11.363904000000002,11.51315789473684,11.51315789473684,11.51315789473684,11.51315789473684,0.0038397243543875246,-0.023212879051524585,0.017453292519943295,-16.0,7.99,53.7,1,1,100.0,4,0.035,5.075,-0.05,52.648032,9.7453337,33.28,31.740000000000002,52.648025999999994,9.745336199999999,0.02548180707911721,-0.025830872929516076,4.257556177314967,-2.25,-4.7,-0.005,5.0720153,0.039601885,0.18010987
0 days 00:00:08.440000,0.0012972041737795694,-2.888064,0.623916,9.578484000000001,9.768132220795891,9.768132220795891,9.768132220795891,9.768132220795891,0.007330382858376183,-0.03735004599267865,0.01291543646475804,-17.0,7.99,49.95,1,1,100.0,4,0.03,5.045,-0.065,52.64803,9.745332099999999,33.28,31.740000000000002,52.6480256,9.745335899999999,0.02548180707911721,-0.025656340004316644,4.257730710240168,-2.25,-4.7,-0.005,5.041672,0.034943406,0.19357316
0 days 00:00:08.450000,0.0011792765216177901,-1.8599760000000003,0.10987200000000001,9.751140000000001,7.916131792896875,7.916131792896875,7.916131792896875,7.916131792896875,0.0005235987755982988,0.0015707963267948967,0.0036651914291880917,-13.0,7.99,46.2,1,1,100.0,4,0.035,5.015,-0.06,52.64803,9.745332099999999,33.27,31.75,52.6480252,9.7453355,0.025656340004316644,-0.025132741228718343,4.257730710240168,-2.16,-4.485,-0.0,5.0119085,0.039760254,0.1850494
0 days 00:00:08.460000,0.0010613488694560112,-3.4531200000000006,0.9103680000000001,10.382904,7.180680359435173,7.180680359435173,7.180680359435173,7.180680359435173,0.0012217304763960308,-0.0019198621771937623,0.0038397243543875246,-13.0,7.99,51.75,1,1,100.0,4,0.035,5.0,-0.06,52.64803,9.745332099999999,33.27,31.75,52.648024799999995,9.7453352,0.025656340004316644,-0.025132741228718343,4.257905243165366,-2.16,-4.485,-0.0,4.9969134,0.039750583,0.18467256
0 days 00:00:08.470000,0.0010613488694560112,-4.905,0.769104,10.159236000000002,7.956247325631151,7.956247325631151,7.956247325631151,7.956247325631151,0.007330382858376183,0.0008726646259971648,0.010995574287564275,-11.5,7.99,57.3,1,1,100.0,4,0.04,4.97,-0.07,52.64803,9.745332099999999,33.27,31.75,52.6480244,9.7453349,0.025656340004316644,-0.025132741228718343,4.257905243165366,-2.16,-4.485,-0.0,4.9666715,0.044986054,0.1937842
0 days 00:00:08.480000,0.0011792765216177901,-5.069808000000001,0.04316400000000001,9.798228,11.867511767222936,11.867511767222936,11.867511767222936,11.867511767222936,0.014137166941154071,-0.002967059728390361,0.014835298641951801,-10.0,7.99,58.349999999999994,1,1,100.0,4,0.045,4.92,-0.075,52.64803,9.745332099999999,33.27,31.75,52.648024,9.7453346,0.025656340004316644,-0.025132741228718343,4.257905243165366,-2.16,-4.485,-0.0,4.9165616,0.050080407,0.19739662
0 days 00:00:08.490000,0.0011792765216177901,-4.1123520000000005,0.290376,10.257336000000002,16.126444159178433,16.126444159178433,16.126444159178433,16.126444159178433,0.015009831567151233,-0.004537856055185257,0.009773843811168246,-10.0,7.99,59.39999999999999,1,1,100.0,4,0.04,4.875,-0.075,52.648027899999995,9.745330599999999,33.27,31.75,52.648023599999995,9.7453343,0.025830872929516076,-0.025132741228718343,4.2580797760905655,-2.16,-4.485,-0.0,4.871576,0.04508731,0.19638655
0 days 00:00:08.500000,0.0010613488694560112,-3.4570440000000002,-0.20012400000000002,9.315576,16.641260162601625,16.641260162601625,16.641260162601625,16.641260162601625,0.016406094968746697,-0.027401669256310976,0.0036651914291880917,-10.0,7.99,56.39999999999999,1,1,100.0,4,0.04,4.835,-0.08,52.648027899999995,9.745330599999999,33.26,31.75,52.6480232,9.7453339,0.02600540585471551,-0.025132741228718343,4.258254309015765,-2.1,-4.3100000000000005,0.015,4.831463,0.045225423,0.20037052
0 days 00:00:08.510000,0.0010613488694560112,-2.507436,-0.027468000000000003,9.880632000000002,16.206675224646983,16.206675224646983,16.206675224646983,16.206675224646983,0.017627825445142728,0.02234021442552742,-0.004886921905584123,-10.0,7.99,53.39999999999999,1,1,100.0,4,0.035,4.805,-0.075,52.648027899999995,9.745330599999999,33.26,31.76,52.6480228,9.7453336,0.026179938779914945,-0.024783675378319478,4.258254309015765,-2.1,-4.3100000000000005,0.015,4.801666,0.040067654,0.19306765
0 days 00:00:08.520000,0.0010613488694560112,-4.959936000000001,0.361008,8.813304,15.337505348737697,15.337505348737697,15.337505348737697,15.337505348737697,0.015707963267948967,-0.015184364492350668,-0.009948376736367679,-10.0,7.99,54.599999999999994,1,1,100.0,4,0.035,4.78,-0.075,52.648027899999995,9.745330599999999,33.26,31.76,52.648022399999995,9.7453333,0.026354471705114377,-0.025132741228718343,4.258254309015765,-2.1,-4.3100000000000005,0.015,4.7766056,0.04012896,0.19410814
0 days 00:00:08.530000,0.0009434212172942321,-3.3236280000000002,-0.08240400000000002,8.864316,14.468335472828414,14.468335472828414,14.468335472828414,14.468335472828414,0.01780235837034216,-0.00890117918517108,-0.011693705988362009,-17.0,7.99,55.8,1,1,100.0,4,0.035,4.735,-0.07,52.648027899999995,9.745330599999999,33.26,31.76,52.6480221,9.745332999999999,0.02652900463031381,-0.02495820830351891,4.2580797760905655,-2.1,-4.3100000000000005,0.015,4.731778,0.039978348,0.18714845
0 days 00:00:08.540000,0.0009434212172942321,-2.660472,0.22759200000000002,10.418220000000002,14.468335472828414,14.468335472828414,14.468335472828414,14.468335472828414,0.008377580409572781,0.04834562028024293,-0.01361356816555577,-17.0,7.99,56.099999999999994,1,1,100.0,4,0.035,4.7,-0.06,52.6480259,9.745329,33.26,31.76,52.6480217,9.745332699999999,0.026703537555513242,-0.024783675378319478,4.257905243165366,-2.1,-4.3100000000000005,0.015,4.6970696,0.03969888,0.1754555
0 days 00:00:08.550000,0.0010613488694560112,-5.823216,0.027468000000000003,9.480384,14.361360718870346,14.361360718870346,14.361360718870346,14.361360718870346,0.0024434609527920616,0.006283185307179587,-0.012217304763960306,-17.0,7.99,56.39999999999999,1,1,100.0,4,0.035,4.68,-0.065,52.6480259,9.745329,33.27,31.76,52.648021299999996,9.745332399999999,0.026703537555513242,-0.02530727415391778,4.257905243165366,-2.045,-4.15,0.06,4.6768565,0.039884493,0.18240468
0 days 00:00:08.560000,0.0012972041737795694,-4.500828,0.6867000000000001,8.695584000000002,14.622111681643132,14.622111681643132,14.622111681643132,14.622111681643132,-0.011519173063162576,0.004363323129985824,-0.015533430342749534,-17.0,7.99,56.99999999999999,1,1,100.0,4,0.03,4.62,-0.065,52.6480259,9.745329,33.27,31.77,52.6480209,9.745332099999999,0.026703537555513242,-0.02548180707911721,4.257730710240168,-2.045,-4.15,0.06,4.6168437,0.03486725,0.18182597
0 days 00:00:08.570000,0.0012972041737795694,-3.4217280000000003,0.015696,9.511776000000001,14.327931108258449,14.327931108258449,14.327931108258449,14.327931108258449,-0.014660765716752367,0.01902408884673819,-0.017104226669544427,-15.5,7.99,57.599999999999994,1,1,100.0,4,0.035,4.58,-0.055,52.6480259,9.745329,33.27,31.77,52.648020499999994,9.745331799999999,0.026703537555513242,-0.02548180707911721,4.257556177314967,-2.045,-4.15,0.06,4.5771117,0.03957134,0.17068048
0 days 00:00:08.580000,0.0011792765216177901,-3.841596,0.40417200000000003,9.758988,14.588682071031235,14.588682071031235,14.588682071031235,14.588682071031235,-0.014660765716752367,0.015358897417550098,-0.012042771838760874,-14.0,7.99,58.05,1,1,100.0,4,0.035,4.545,-0.05,52.6480259,9.745329,33.27,31.77,52.6480202,9.745331499999999,0.02652900463031381,-0.025656340004316644,4.257381644389769,-2.045,-4.15,0.06,4.5422215,0.039406337,0.1655918
0 days 00:00:08.590000,0.0011792765216177901,-3.9161520000000003,0.153036,9.26064,14.207584510055627,14.207584510055627,14.207584510055627,14.207584510055627,-0.013264502315156903,0.010122909661567111,-0.007853981633974483,-18.0,7.99,58.5,1,1,100.0,4,0.035,4.51,-0.05,52.6480241,9.7453275,33.27,31.77,52.6480198,9.745331199999999,0.026354471705114377,-0.025830872929516076,4.257207111464568,-2.045,-4.15,0.06,4.5072045,0.039374504,0.1654875
0 days 00:00:08.600000,0.0012972041737795694,-4.233996,0.153036,8.942796000000001,13.926775780915703,13.926775780915703,13.926775780915703,13.926775780915703,-0.00942477796076938,0.026354471705114374,-0.008726646259971648,-18.0,7.99,59.25,1,1,100.0,4,0.035,4.4750000000000005,-0.045,52.6480241,9.7453275,33.27,31.77,52.648019399999995,9.745330899999999,0.026179938779914945,-0.025830872929516076,4.257207111464568,-1.97,-4.04,0.02,4.472345,0.03919112,0.15959407
0 days 00:00:08.610000,0.0014151318259413483,-4.775508,0.46695600000000004,9.299880000000002,14.227642276422763,14.227642276422763,14.227642276422763,14.227642276422763,-0.010471975511965976,0.026703537555513242,-0.009599310885968814,-21.0,7.99,60.0,1,1,100.0,4,0.035,4.4350000000000005,-0.04,52.6480241,9.7453275,33.27,31.77,52.6480191,9.745330599999999,0.026179938779914945,-0.026179938779914945,4.257032578539369,-1.97,-4.04,0.02,4.432433,0.039073735,0.15511139
0 days 00:00:08.620000,0.0014151318259413483,-4.261464,-0.769104,9.288108000000001,14.321245186136071,14.321245186136071,14.321245186136071,14.321245186136071,-0.0015707963267948967,-0.00942477796076938,-0.007330382858376183,-21.0,7.99,64.05,1,1,100.0,4,0.04,4.39,-0.035,52.6480241,9.7453275,33.27,31.77,52.648018699999994,9.7453303,0.02600540585471551,-0.026354471705114377,4.257032578539369,-1.97,-4.04,0.02,4.387553,0.043904282,0.14957952
0 days 00:00:08.630000,0.0015330594781031272,-2.366172,-0.6003720000000001,9.861012,14.535194694052205,14.535194694052205,14.535194694052205,14.535194694052205,0.0006981317007977319,0.03089232776029963,-0.010122909661567111,-22.0,7.99,68.1,1,1,100.0,4,0.03,4.3500000000000005,-0.03,52.6480241,9.7453275,33.27,31.77,52.6480184,9.7453301,0.02600540585471551,-0.026354471705114377,4.257032578539369,-1.97,-4.04,0.02,4.3476987,0.03375029,0.14378928
0 days 00:00:08.640000,0.001650987130264906,-4.512600000000001,-0.482652,9.421524000000002,14.093923833975182,14.093923833975182,14.093923833975182,14.093923833975182,-0.007330382858376183,0.028797932657906436,-0.015184364492350668,-23.0,7.99,60.9,1,1,100.0,4,0.02,4.33,-0.035,52.6480222,9.745326,33.27,31.77,52.648018,9.7453298,0.02600540585471551,-0.026703537555513242,4.25685804561417,-1.97,-4.04,0.02,4.327522,0.023909213,0.15002912
0 days 00:00:08.650000,0.0015330594781031272,-4.857912000000001,-0.5532840000000001,8.766216000000002,13.86660248181429,13.86660248181429,13.86660248181429,13.86660248181429,-0.007155849933176751,-0.023387411976724018,-0.020594885173533087,-16.0,7.99,53.7,1,1,100.0,4,0.015,4.285,-0.03,52.6480222,9.745326,33.3,31.78,52.6480177,9.7453295,0.02600540585471551,-0.026878070480712675,4.256683512688971,-1.885,-3.915,-0.015,4.2826457,0.01876913,0.14470871
0 days 00:00:08.660000,0.0015330594781031272,-2.62908,0.5375880000000001,9.068364,13.037548138639282,13.037548138639282,13.037548138639282,13.037548138639282,-0.018500490071139894,0.01902408884673819,-0.01902408884673819,-16.0,7.99,56.7,1,1,100.0,4,0.01,4.24,-0.02,52.6480222,9.745326,33.3,31.78,52.6480173,9.745329199999999,0.025830872929516076,-0.026703537555513242,4.256508979763771,-1.885,-3.915,-0.015,4.237954,0.013437015,0.13289969
0 days 00:00:08.670000,0.0015330594781031272,-4.987404000000001,-0.10987200000000001,10.269108,12.763425331621736,12.763425331621736,12.763425331621736,12.763425331621736,-0.015358897417550098,0.03735004599267865,-0.014311699866353502,-12.5,7.99,59.7,1,1,100.0,4,0.01,4.215,-0.015,52.6480222,9.745326,33.3,31.78,52.648016999999996,9.745328899999999,0.025656340004316644,-0.026878070480712675,4.256334446838571,-1.885,-3.915,-0.015,4.2130747,0.013287338,0.12797326
0 days 00:00:08.680000,0.001650987130264906,-6.537384,0.835812,8.369892000000002,12.66313649978605,12.66313649978605,12.66313649978605,12.66313649978605,-0.023038346126325153,-0.039269908169872414,-0.01308996938995747,-9.0,7.99,60.45,1,1,100.0,4,0.01,4.17,-0.02,52.6480222,9.745326,33.3,31.78,52.6480166,9.7453287,0.02548180707911721,-0.027227136331111543,4.256159913913372,-1.885,-3.915,-0.015,4.16791,0.013398607,0.13321759
0 days 00:00:08.690000,0.0015330594781031272,-2.5192080000000003,0.7651800000000001,9.295956,12.696566110397946,12.696566110397946,12.696566110397946,12.696566110397946,-0.015184364492350668,-0.04485496177625426,-0.0013962634015954637,-9.0,7.99,61.2,1,1,100.0,4,0.015,4.105,-0.005,52.6480204,9.7453247,33.3,31.78,52.648016299999995,9.7453284,0.02530727415391778,-0.026878070480712675,4.2559853809881725,-1.885,-3.915,-0.015,4.1033826,0.017913304,0.11490289
0 days 00:00:08.700000,0.0012972041737795694,-1.3498560000000002,0.8789760000000001,10.869480000000001,12.66313649978605,12.66313649978605,12.66313649978605,12.66313649978605,0.006283185307179587,0.023736477827122886,0.01117010721276371,-9.0,7.99,60.15,1,1,100.0,4,0.02,4.085,-0.005,52.6480204,9.7453247,33.29,31.79,52.648016,9.7453281,0.025132741228718343,-0.02652900463031381,4.2559853809881725,-1.795,-3.725,-0.035,4.0834303,0.022842344,0.112818114
0 days 00:00:08.710000,0.0014151318259413483,-4.846140000000001,0.1962,9.417600000000002,12.696566110397946,12.696566110397946,12.696566110397946,12.696566110397946,0.013264502315156903,-0.01291543646475804,0.019896753472735357,-9.0,7.99,59.099999999999994,1,1,100.0,4,0.025,4.07,-0.015,52.6480204,9.7453247,33.29,31.79,52.6480156,9.7453279,0.025132741228718343,-0.026703537555513242,4.256159913913372,-1.795,-3.725,-0.035,4.0681486,0.028099822,0.122997835
0 days 00:00:08.720000,0.0014151318259413483,-4.669560000000001,0.349236,8.483688,12.850342319212665,12.850342319212665,12.850342319212665,12.850342319212665,0.013962634015954637,-0.00942477796076938,0.025132741228718346,-9.0,7.99,57.599999999999994,1,1,100.0,4,0.025,4.025,-0.01,52.6480204,9.7453247,33.29,31.79,52.6480153,9.7453276,0.02530727415391778,-0.02652900463031381,4.256334446838571,-1.795,-3.725,-0.035,4.023319,0.027946638,0.116093196
0 days 00:00:08.730000,0.0014151318259413483,-4.2065280000000005,0.12164400000000002,9.739368,12.83028455284553,12.83028455284553,12.83028455284553,12.83028455284553,0.0019198621771937623,0.03630284844148206,0.022863813201125717,-12.5,7.99,56.099999999999994,1,1,100.0,4,0.025,3.98,-0.0,52.6480204,9.7453247,33.29,31.79,52.648015,9.7453273,0.02548180707911721,-0.02652900463031381,4.256508979763771,-1.795,-3.725,-0.035,3.9785998,0.027681785,0.10490179
0 days 00:00:08.740000,0.0011792765216177901,-6.792444000000001,-0.21974400000000002,9.543168,12.155006418485236,12.155006418485236,12.155006418485236,12.155006418485236,-0.002967059728390361,0.003316125578789226,0.023038346126325153,-16.0,7.99,54.3,1,1,100.0,4,0.025,3.94,-0.0,52.648018799999996,9.745323299999999,33.29,31.79,52.6480147,9.745327099999999,0.02548180707911721,-0.026878070480712675,4.25685804561417,-1.795,-3.725,-0.035,3.938577,0.027689781,0.1052155
0 days 00:00:08.750000,0.0010613488694560112,-5.9762520000000015,-0.46695600000000004,9.798228,12.007916131792896,12.007916131792896,12.007916131792896,12.007916131792896,0.003316125578789226,-0.022863813201125717,0.018500490071139894,-17.0,7.99,52.5,1,1,100.0,4,0.02,3.875,-0.0,52.648018799999996,9.745323299999999,33.3,31.79,52.6480144,9.745326799999999,0.02548180707911721,-0.026878070480712675,4.257032578539369,-1.74,-3.515,0.02,3.8736002,0.022646895,0.10359659
0 days 00:00:08.760000,0.000825493565132453,-4.489056000000001,0.054936000000000006,10.406448000000001,12.101519041506204,12.101519041506204,12.101519041506204,12.101519041506204,0.013962634015954637,-0.02234021442552742,0.016929693744344998,-17.0,7.99,55.65,1,1,100.0,4,0.01,3.8200000000000003,-0.0,52.648018799999996,9.745323299999999,33.3,31.79,52.648013999999996,9.7453266,0.02548180707911721,-0.02652900463031381,4.257207111464568,-1.74,-3.515,0.02,3.818656,0.012578517,0.10104122
0 days 00:00:08.770000,0.000825493565132453,-3.500208,0.007848,9.719748000000001,12.282038938810441,12.282038938810441,12.282038938810441,12.282038938810441,0.00890117918517108,-0.031241393610698498,0.01658062789394613,-18.0,7.99,58.8,1,1,100.0,4,0.005,3.7800000000000002,-0.005,52.648018799999996,9.745323299999999,33.3,31.79,52.6480137,9.7453263,0.025656340004316644,-0.026354471705114377,4.257381644389769,-1.74,-3.515,0.02,3.7785554,0.0076818834,0.10444394
0 days 00:00:08.780000,0.000825493565132453,-2.7624960000000005,0.7180920000000001,9.978732,12.081461275139068,12.081461275139068,12.081461275139068,12.081461275139068,0.0027925268031909274,-0.013264502315156903,0.016755160819145562,-19.0,7.99,58.05,1,1,100.0,4,0.005,3.745,-0.005,52.648018799999996,9.745323299999999,33.3,31.8,52.648013399999996,9.7453261,0.025830872929516076,-0.02600540585471551,4.257556177314967,-1.74,-3.515,0.02,3.7436037,0.0076425397,0.10221428
0 days 00:00:08.790000,0.0007075659129706742,-3.80628,0.8318880000000001,9.080136000000001,11.707049636285838,11.707049636285838,11.707049636285838,11.707049636285838,0.0024434609527920616,-0.028448866807507574,0.018500490071139894,-20.0,7.99,57.3,1,1,100.0,4,0.01,3.72,-0.01,52.6480173,9.745322,33.3,31.8,52.6480131,9.7453258,0.025830872929516076,-0.02600540585471551,4.257730710240168,-1.74,-3.515,0.02,3.718482,0.012753178,0.10643194
0 days 00:00:08.800000,0.0006486020868897847,-3.1117320000000004,0.52974,9.429372,11.426240907145912,11.426240907145912,11.426240907145912,11.426240907145912,0.007679448708775049,-0.012391837689159739,0.02076941809873252,-21.0,7.99,55.949999999999996,1,1,100.0,4,0.015,3.685,-0.005,52.6480173,9.745322,33.31,31.8,52.6480128,9.7453256,0.025830872929516076,-0.025656340004316644,4.257905243165366,-1.665,-3.33,-0.045,3.683659,0.017565697,0.09911097
0 days 00:00:08.810000,0.0005896382608088951,-3.9750120000000004,0.702396,10.178856000000001,11.332637997432606,11.332637997432606,11.332637997432606,11.332637997432606,0.014486232791552938,0.019547687622336492,0.023561944901923447,-22.0,7.99,54.599999999999994,1,1,100.0,4,0.015,3.6550000000000002,-0.0,52.6480173,9.745322,33.31,31.8,52.6480125,9.7453253,0.02600540585471551,-0.02548180707911721,4.2580797760905655,-1.665,-3.33,-0.045,3.6538134,0.017416432,0.0927044
0 days 00:00:08.820000,0.0005896382608088951,-6.109668,0.37670400000000004,9.817848000000001,11.366067608044501,11.366067608044501,11.366067608044501,11.366067608044501,0.021467549799530253,-0.0012217304763960308,0.02495820830351891,-23.0,7.99,55.199999999999996,1,1,100.0,4,0.02,3.62,-0.005,52.6480173,9.745322,33.31,31.8,52.6480122,9.745325099999999,0.02600540585471551,-0.025656340004316644,4.258254309015765,-1.665,-3.33,-0.045,3.6186802,0.022537947,0.097310975
0 days 00:00:08.830000,0.0005896382608088951,-5.717268,0.40417200000000003,9.602028,11.23234916559692,11.23234916559692,11.23234916559692,11.23234916559692,0.02426007660272118,-0.02583087292951608,0.02565634000431664,-24.0,7.99,55.8,1,1,100.0,4,0.02,3.56,-0.005,52.6480173,9.745322,33.31,31.8,52.6480119,9.7453249,0.026354471705114377,-0.025656340004316644,4.258603374866164,-1.665,-3.33,-0.045,3.5587,0.022531351,0.09576442
0 days 00:00:08.840000,0.0005896382608088951,-4.418424000000001,0.10202400000000002,10.853784000000001,11.198919554985023,11.198919554985023,11.198919554985023,11.198919554985023,0.026529004630313806,0.011519173063162576,0.022514747350726852,-25.0,7.99,55.199999999999996,1,1,100.0,4,0.02,3.505,-0.005,52.648016,9.7453211,33.31,31.8,52.6480117,9.7453246,0.02652900463031381,-0.02548180707911721,4.258777907791363,-1.665,-3.33,-0.045,3.5037348,0.02249442,0.09373876
0 days 00:00:08.850000,0.0005896382608088951,-6.097896,0.32569200000000004,10.335816000000001,10.991655969191271,10.991655969191271,10.991655969191271,10.991655969191271,0.024783675378319478,-0.009773843811168246,0.019547687622336492,-26.0,7.99,54.599999999999994,1,1,100.0,4,0.015,3.465,-0.015,52.648016,9.7453211,33.230000000000004,31.810000000000002,52.648011399999994,9.7453244,0.026878070480712675,-0.02548180707911721,4.258952440716563,-1.58,-3.105,-0.0,3.4634929,0.017770214,0.10283961
0 days 00:00:08.860000,0.0005896382608088951,-5.603472000000001,0.027468000000000003,9.817848000000001,10.797764227642276,10.797764227642276,10.797764227642276,10.797764227642276,0.02548180707911721,-0.03508111796508603,0.016755160819145562,-27.0,7.99,53.99999999999999,1,1,100.0,4,0.015,3.4050000000000002,-0.025,52.648016,9.7453211,33.230000000000004,31.810000000000002,52.6480111,9.745324199999999,0.027052603405912107,-0.02548180707911721,4.259126973641763,-1.58,-3.105,-0.0,3.4032574,0.01801722,0.11130142
0 days 00:00:08.870000,0.0007075659129706742,-3.763116,0.10987200000000001,9.923796000000001,10.69078947368421,10.69078947368421,10.69078947368421,10.69078947368421,0.019198621771937627,-0.0158824961931484,0.011868238913561443,-28.0,7.99,53.39999999999999,1,1,100.0,4,0.015,3.35,-0.025,52.648016,9.7453211,33.230000000000004,31.810000000000002,52.648010799999994,9.745324,0.027401669256310976,-0.025132741228718343,4.2593015065669615,-1.58,-3.105,-0.0,3.3483138,0.017985651,0.108725965
0 days 00:00:08.880000,0.0007075659129706742,-3.704256,0.41594400000000004,9.974808000000001,10.309691912708601,10.309691912708601,10.309691912708601,10.309691912708601,0.004363323129985824,-0.006632251157578452,0.008028514559173916,-29.0,7.99,52.05,1,1,100.0,4,0.01,3.315,-0.025,52.648016,9.7453211,33.230000000000004,31.810000000000002,52.6480106,9.7453237,0.02757620218151041,-0.02495820830351891,4.259476039492162,-1.58,-3.105,-0.0,3.3133438,0.012966332,0.107403405
0 days 00:00:08.890000,0.0007075659129706742,-4.281084,0.557208,9.919872000000002,10.022197261446298,10.022197261446298,10.022197261446298,10.022197261446298,-0.006981317007977318,-0.009250245035569947,0.007853981633974483,-30.0,7.99,50.7,1,1,100.0,4,0.015,3.285,-0.03,52.648014599999996,9.74532,33.230000000000004,31.810000000000002,52.648010299999996,9.7453235,0.02757620218151041,-0.024783675378319478,4.259476039492162,-1.58,-3.105,-0.0,3.283248,0.018065808,0.11094088
0 days 00:00:08.900000,0.0007075659129706742,-4.469436,0.074556,9.963036,9.761446298673514,9.761446298673514,9.761446298673514,9.761446298673514,-0.013264502315156903,-0.004537856055185257,0.0038397243543875246,-31.0,7.99,50.85,1,1,100.0,4,0.015,3.24,-0.03,52.648014599999996,9.74532,33.230000000000004,31.810000000000002,52.64801,9.745323299999999,0.02757620218151041,-0.024783675378319478,4.25965057241736,-1.495,-2.9050000000000002,-0.03,3.2382617,0.01803506,0.109826155
0 days 00:00:08.910000,0.0007075659129706742,-4.606776,0.3413880000000001,9.880632000000002,9.607670089858793,9.607670089858793,9.607670089858793,9.607670089858793,-0.014137166941154071,-0.024434609527920613,-0.00017453292519943296,-31.0,7.99,51.0,1,1,100.0,4,0.015,3.2,-0.035,52.648014599999996,9.74532,33.230000000000004,31.810000000000002,52.6480098,9.7453231,0.027401669256310976,-0.024783675378319478,4.25965057241736,-1.495,-2.9050000000000002,-0.03,3.19815,0.018125683,0.11383502
0 days 00:00:08.920000,0.0007075659129706742,-3.9553920000000002,0.859356,9.84924,9.333547282841248,9.333547282841248,9.333547282841248,9.333547282841248,-0.02129301687433082,-0.006108652381980153,0.0019198621771937623,-32.0,7.99,47.1,1,1,100.0,4,0.015,3.1550000000000002,-0.035,52.648014599999996,9.74532,33.230000000000004,31.810000000000002,52.6480095,9.7453229,0.027227136331111543,-0.024434609527920616,4.25965057241736,-1.495,-2.9050000000000002,-0.03,3.153203,0.018045492,0.11162318
0 days 00:00:08.930000,0.000825493565132453,-4.838292000000001,0.7063200000000002,11.057832000000001,9.193142918271288,9.193142918271288,9.193142918271288,9.193142918271288,-0.014835298641951801,0.027925268031909273,0.004014257279586958,-33.0,7.99,43.2,1,1,100.0,4,0.02,3.12,-0.04,52.648014599999996,9.74532,33.230000000000004,31.810000000000002,52.6480093,9.7453227,0.027052603405912107,-0.024434609527920616,4.25965057241736,-1.495,-2.9050000000000002,-0.03,3.1180913,0.023136256,0.115632944
0 days 00:00:08.940000,0.000825493565132453,-7.000416,0.306072,10.033668000000002,9.193142918271288,9.193142918271288,9.193142918271288,9.193142918271288,-0.005061454830783556,-0.008726646259971648,0.0019198621771937623,-34.0,7.99,41.55,1,1,100.0,4,0.025,3.075,-0.05,52.648013399999996,9.745319,33.230000000000004,31.810000000000002,52.648008999999995,9.7453225,0.026878070480712675,-0.024609142453120045,4.25965057241736,-1.495,-2.9050000000000002,-0.03,3.0728388,0.0283678,0.12493308
0 days 00:00:08.950000,0.000825493565132453,-5.599548,0.33746400000000004,8.754444000000001,9.086168164313221,9.086168164313221,9.086168164313221,9.086168164313221,-0.009773843811168246,-0.028972465583105875,-0.005585053606381855,-35.0,7.99,39.89999999999999,1,1,100.0,4,0.025,3.005,-0.055,52.648013399999996,9.745319,33.230000000000004,31.82,52.6480088,9.7453223,0.026878070480712675,-0.024609142453120045,4.25965057241736,-1.35,-2.725,-0.01,3.002737,0.028455844,0.12820792
0 days 00:00:08.960000,0.000825493565132453,-3.90438,0.94176,10.245564,8.143453145057768,8.143453145057768,8.143453145057768,8.143453145057768,-0.020594885173533087,0.039095375244672985,-0.010995574287564275,-36.0,7.99,40.05,1,1,100.0,4,0.025,2.95,-0.045,52.648013399999996,9.745319,33.230000000000004,31.82,52.648008499999996,9.7453221,0.026703537555513242,-0.024260076602721184,4.25965057241736,-1.35,-2.725,-0.01,2.9480405,0.028102934,0.1158379
0 days 00:00:08.970000,0.000825493565132453,-6.313716000000001,0.5375880000000001,11.375676,8.123395378690628,8.123395378690628,8.123395378690628,8.123395378690628,-0.01291543646475804,0.030717794835100197,-0.012566370614359173,-37.0,7.99,40.2,1,1,100.0,4,0.035,2.915,-0.05,52.648013399999996,9.745319,33.230000000000004,31.82,52.6480083,9.7453219,0.02652900463031381,-0.024783675378319478,4.259476039492162,-1.35,-2.725,-0.01,2.9128656,0.038229723,0.12125025
0 days 00:00:08.980000,0.000825493565132453,-6.517764000000001,0.31392000000000003,9.931644,8.410890029952933,8.410890029952933,8.410890029952933,8.410890029952933,-0.00471238898038469,-0.03316125578789226,-0.01117010721276371,-38.0,7.99,40.65,1,1,100.0,4,0.035,2.855,-0.07,52.648013399999996,9.745319,33.230000000000004,31.82,52.648008,9.7453217,0.026354471705114377,-0.02495820830351891,4.259476039492162,-1.35,-2.725,-0.01,2.852364,0.038709365,0.14025514
0 days 00:00:08.990000,0.0009434212172942321,-3.056796,0.23936400000000002,9.507852000000002,8.557980316645272,8.557980316645272,8.557980316645272,8.557980316645272,-0.016406094968746697,0.008203047484373348,-0.0158824961931484,-39.0,7.99,41.099999999999994,1,1,100.0,4,0.035,2.795,-0.07,52.6480123,9.745318,33.230000000000004,31.82,52.648007799999995,9.745321599999999,0.026354471705114377,-0.024609142453120045,4.2593015065669615,-1.35,-2.725,-0.01,2.792431,0.03864422,0.13778393
0 days 00:00:09,0.0009434212172942321,-3.802356,0.5650560000000001,10.512396,8.658269148480958,8.658269148480958,8.658269148480958,8.658269148480958,-0.02617993877991494,0.05986479334340551,-0.01832595714594046,-40.0,7.99,41.4,1,1,100.0,4,0.035,2.765,-0.07,52.6480123,9.745318,33.24,31.830000000000002,52.6480076,9.7453214,0.026179938779914945,-0.024783675378319478,4.259126973641763,-1.245,-2.5300000000000002,0.055,2.7624164,0.03861347,0.13753471
0 days 00:00:09.010000,0.000825493565132453,-6.737508000000001,0.6278400000000001,9.81,8.631525459991442,8.631525459991442,8.631525459991442,8.631525459991442,-0.02495820830351891,0.011868238913561443,-0.016057029118347832,-41.0,7.99,41.7,1,1,100.0,4,0.04,2.73,-0.08,52.6480123,9.745318,33.24,31.830000000000002,52.6480074,9.7453212,0.02600540585471551,-0.02530727415391778,4.258952440716563,-1.245,-2.5300000000000002,0.055,2.7271016,0.043862294,0.14796536
0 days 00:00:09.020000,0.000825493565132453,-5.183604,-0.019620000000000002,9.872784,8.404204107830552,8.404204107830552,8.404204107830552,8.404204107830552,-0.022165681500327987,0.0036651914291880917,-0.01658062789394613,-39.0,7.99,41.85,1,1,100.0,4,0.045,2.665,-0.08,52.6480123,9.745318,33.24,31.830000000000002,52.6480071,9.745320999999999,0.025656340004316644,-0.02548180707911721,4.258777907791363,-1.245,-2.5300000000000002,0.055,2.6620965,0.048778724,0.14667262
0 days 00:00:09.030000,0.000825493565132453,-4.2575400000000005,0.380628,10.025820000000001,8.103337612323491,8.103337612323491,8.103337612323491,8.103337612323491,-0.02757620218151041,0.034208453339088854,-0.01658062789394613,-38.0,7.99,42.0,1,1,100.0,4,0.04,2.615,-0.08,52.6480123,9.745318,33.24,31.830000000000002,52.6480069,9.7453209,0.02548180707911721,-0.02548180707911721,4.258603374866164,-1.245,-2.5300000000000002,0.055,2.6121128,0.043722287,0.14553498
0 days 00:00:09.040000,0.000825493565132453,-5.411196,0.37670400000000004,9.193932,7.789099272571672,7.789099272571672,7.789099272571672,7.789099272571672,-0.03612831551628262,0.02495820830351891,-0.016231562043547268,-36.0,7.99,42.15,1,1,100.0,4,0.045,2.575,-0.085,52.6480112,9.745317199999999,33.24,31.830000000000002,52.648006699999996,9.745320699999999,0.025132741228718343,-0.025830872929516076,4.258428841940965,-1.245,-2.5300000000000002,0.055,2.5719457,0.048792467,0.15030006
0 days 00:00:09.050000,0.0007075659129706742,-5.387652,0.56898,9.311652,7.187366281557553,7.187366281557553,7.187366281557553,7.187366281557553,-0.04206243497306335,0.030717794835100197,-0.012566370614359173,-36.0,7.99,42.3,1,1,100.0,4,0.045,2.525,-0.08,52.6480112,9.745317199999999,33.24,31.84,52.6480065,9.7453205,0.024783675378319478,-0.026179938779914945,4.258254309015765,-1.09,-2.31,0.1,2.5220406,0.04860595,0.14490938
0 days 00:00:09.060000,0.0007665297390515637,-5.23854,0.28252800000000006,10.382904,6.919929396662386,6.919929396662386,6.919929396662386,6.919929396662386,-0.04084070449666731,0.046774823953448036,-0.009250245035569947,-34.0,7.99,41.699999999999996,1,1,100.0,4,0.05,2.47,-0.075,52.6480112,9.745317199999999,33.24,31.84,52.6480063,9.745320399999999,0.024434609527920616,-0.02652900463031381,4.258254309015765,-1.09,-2.31,0.1,2.4671416,0.053417616,0.13922901
0 days 00:00:09.070000,0.000825493565132453,-5.732964000000001,0.184428,9.908100000000001,6.9132434745400095,6.9132434745400095,6.9132434745400095,6.9132434745400095,-0.04206243497306335,0.015358897417550098,-0.005759586531581288,-32.5,7.99,41.099999999999994,1,1,100.0,4,0.05,2.42,-0.085,52.6480112,9.745317199999999,33.24,31.84,52.648006099999996,9.7453202,0.023911010752322315,-0.026878070480712675,4.2580797760905655,-1.09,-2.31,0.1,2.4168417,0.05357217,0.14876808
0 days 00:00:09.080000,0.0008844573912133428,-4.2928560000000004,-0.13734000000000002,9.343044,6.9132434745400095,6.9132434745400095,6.9132434745400095,6.9132434745400095,-0.04782202150464464,0.007679448708775049,-0.005061454830783556,-31.0,7.99,40.8,1,1,100.0,4,0.05,2.37,-0.085,52.6480112,9.745317199999999,33.24,31.84,52.6480059,9.745320099999999,0.02356194490192345,-0.027052603405912107,4.2580797760905655,-1.09,-2.31,0.1,2.3668334,0.053498313,0.14785638
0 days 00:00:09.090000,0.0009434212172942321,-3.7317240000000003,0.5493600000000001,8.974188000000002,6.806268720581942,6.806268720581942,6.806268720581942,6.806268720581942,-0.05183627878423159,0.03682644721708035,-0.0017453292519943296,-29.5,7.99,40.5,1,1,100.0,4,0.045,2.325,-0.08,52.6480101,9.7453164,33.24,31.84,52.6480057,9.7453199,0.02303834612632515,-0.027227136331111543,4.2580797760905655,-1.09,-2.31,0.1,2.3219604,0.04828837,0.14219098
0 days 00:00:09.100000,0.0009434212172942321,-4.324248000000001,0.05101200000000001,10.77138,6.839698331193837,6.839698331193837,6.839698331193837,6.839698331193837,-0.046949356878647465,0.05951572749300663,0.003490658503988659,-28.0,7.99,40.5,1,1,100.0,4,0.05,2.295,-0.075,52.6480101,9.7453164,33.22,31.85,52.6480055,9.745319799999999,0.022514747350726852,-0.02757620218151041,4.2580797760905655,-0.975,-2.115,0.09,2.2920594,0.053099748,0.13709018
0 days 00:00:09.110000,0.0009434212172942321,-6.215616000000001,-0.49442400000000003,8.817228,7.013532306375694,7.013532306375694,7.013532306375694,7.013532306375694,-0.032637657012293965,-0.022689280275926284,0.008552113334772213,-26.0,7.99,40.5,1,1,100.0,4,0.05,2.25,-0.085,52.6480101,9.7453164,33.22,31.85,52.648005399999995,9.7453196,0.022165681500327987,-0.028099800957108706,4.2580797760905655,-0.975,-2.115,0.09,2.2467237,0.053272024,0.14703809
0 days 00:00:09.120000,0.0009434212172942321,-2.542752,0.21582000000000004,9.044820000000001,6.82632648694908,6.82632648694908,6.82632648694908,6.82632648694908,-0.034033920413889425,0.034732052114687155,0.006283185307179587,-24.0,7.99,40.35,1,1,100.0,4,0.04,2.195,-0.075,52.6480101,9.7453164,33.22,31.85,52.6480052,9.745319499999999,0.02181661564992912,-0.027925268031909273,4.2580797760905655,-0.975,-2.115,0.09,2.1920502,0.042962946,0.13535373
0 days 00:00:09.130000,0.0009434212172942321,-4.261464,-0.23936400000000002,10.528092000000003,6.558889602053915,6.558889602053915,6.558889602053915,6.558889602053915,-0.0317649923862968,0.056025068989017976,0.005235987755982988,-22.5,7.99,40.2,1,1,100.0,4,0.04,2.17,-0.07,52.6480101,9.7453164,33.22,31.85,52.648005,9.7453194,0.021467549799530253,-0.028274333882308142,4.258254309015765,-0.975,-2.115,0.09,2.1671538,0.042809665,0.13043027
0 days 00:00:09.140000,0.0009434212172942321,-6.341184000000001,0.592524,7.824456000000001,6.471972614462987,6.471972614462987,6.471972614462987,6.471972614462987,-0.020594885173533087,-0.038397243543875255,0.012566370614359173,-21.0,7.99,41.7,1,1,100.0,4,0.035,2.13,-0.08,52.648009599999995,9.7453158,33.22,31.85,52.648004799999995,9.745319199999999,0.02111848394913139,-0.02879793265790644,4.258254309015765,-0.975,-2.115,0.09,2.1268134,0.03797597,0.14052735
0 days 00:00:09.150000,0.000825493565132453,-1.7147880000000002,0.302148,10.021896000000002,6.338254172015404,6.338254172015404,6.338254172015404,6.338254172015404,-0.01884955592153876,0.053407075111026485,0.017453292519943295,-20.0,7.99,43.2,1,1,100.0,4,0.04,2.07,-0.06,52.648009599999995,9.7453158,33.38,31.86,52.648004699999994,9.7453191,0.020943951023931952,-0.028448866807507574,4.258428841940965,-0.85,-1.94,0.11,2.0674558,0.04248038,0.11799315
0 days 00:00:09.160000,0.0009434212172942321,-5.521068000000001,-0.290376,10.182780000000001,6.077503209242618,6.077503209242618,6.077503209242618,6.077503209242618,-0.0017453292519943296,0.054279739737023644,0.02129301687433082,-18.0,7.99,43.65,1,1,100.0,4,0.04,2.055,-0.065,52.648009599999995,9.7453158,33.38,31.86,52.6480045,9.7453189,0.02076941809873252,-0.028972465583105872,4.258603374866164,-0.85,-1.94,0.11,2.0522547,0.04257704,0.12364524
0 days 00:00:09.170000,0.0009434212172942321,-6.509916000000001,0.28645200000000004,8.589636,6.077503209242618,6.077503209242618,6.077503209242618,6.077503209242618,-0.0005235987755982988,-0.01308996938995747,0.020071286397934793,-16.5,7.99,44.099999999999994,1,1,100.0,4,0.035,2.005,-0.07,52.648009599999995,9.7453158,33.38,31.86,52.6480043,9.7453188,0.02076941809873252,-0.02949606435870417,4.258777907791363,-0.85,-1.94,0.11,2.0020635,0.037673604,0.12834588
0 days 00:00:09.180000,0.0009434212172942321,-3.6218520000000005,0.14126400000000003,9.119376,5.696405648267009,5.696405648267009,5.696405648267009,5.696405648267009,0.003490658503988659,0.014486232791552938,0.01902408884673819,-15.0,7.99,44.24999999999999,1,1,100.0,4,0.035,1.94,-0.06,52.648009599999995,9.7453158,33.38,31.86,52.648004199999995,9.7453187,0.02076941809873252,-0.029321531433504737,4.258952440716563,-0.85,-1.94,0.11,1.937407,0.03741918,0.116097756
0 days 00:00:09.190000,0.000825493565132453,-4.6107000000000005,0.258984,9.641268,4.994383825417201,4.994383825417201,4.994383825417201,4.994383825417201,0.00471238898038469,0.04852015320544236,0.019722220547535925,-16.0,7.99,44.39999999999999,1,1,100.0,4,0.035,1.905,-0.05,52.6480089,9.7453151,33.38,31.86,52.648004,9.7453186,0.02076941809873252,-0.02949606435870417,4.259126973641763,-0.85,-1.94,0.11,1.9026967,0.037197176,0.10541034
0 days 00:00:09.200000,0.0009434212172942321,-6.509916000000001,0.149112,9.547092000000001,4.994383825417201,4.994383825417201,4.994383825417201,4.994383825417201,0.020245819323134222,0.004886921905584123,0.02181661564992912,-18.0,7.99,45.74999999999999,1,1,100.0,4,0.035,1.865,-0.05,52.6480089,9.7453151,33.39,31.87,52.6480039,9.7453184,0.02076941809873252,-0.030019663134302467,4.2593015065669615,-0.775,-1.725,0.095,1.862659,0.037192933,0.105206005
0 days 00:00:09.210000,0.0010613488694560112,-4.991328,-0.11379600000000001,8.781912,4.01823919554985,4.01823919554985,4.01823919554985,4.01823919554985,0.02426007660272118,-0.004537856055185257,0.019722220547535925,-19.0,7.99,47.099999999999994,1,1,100.0,4,0.035,1.8,-0.05,52.6480089,9.7453151,33.39,31.87,52.6480037,9.7453183,0.020943951023931952,-0.030019663134302467,4.25965057241736,-0.775,-1.725,0.095,1.7976882,0.037170436,0.103248954
0 days 00:00:09.220000,0.0009434212172942321,-2.9194560000000003,0.031392,9.437220000000002,4.01823919554985,4.01823919554985,4.01823919554985,4.01823919554985,0.017627825445142728,-0.0038397243543875246,0.01291543646475804,-18.0,7.99,47.099999999999994,1,1,100.0,4,0.03,1.7550000000000001,-0.04,52.6480089,9.7453151,33.39,31.87,52.648003599999996,9.7453182,0.02129301687433082,-0.030019663134302467,4.25982510534256,-0.775,-1.725,0.095,1.7530087,0.03196603,0.09199882
0 days 00:00:09.230000,0.000825493565132453,-2.8331280000000003,0.5611320000000001,9.558864000000002,3.550224646983312,3.550224646983312,3.550224646983312,3.550224646983312,0.023212879051524585,-0.008028514559173916,0.01815142422074103,-18.0,7.99,47.099999999999994,1,1,100.0,4,0.03,1.73,-0.04,52.6480089,9.7453151,33.39,31.87,52.6480034,9.7453181,0.021467549799530253,-0.029845130209103034,4.25982510534256,-0.775,-1.725,0.095,1.728036,0.031959504,0.09094151
0 days 00:00:09.240000,0.0005896382608088951,-2.868444,0.34531200000000006,9.452916,2.854888746255883,2.854888746255883,2.854888746255883,2.854888746255883,0.02391101075232232,0.0017453292519943296,0.022514747350726852,-16.0,7.99,47.24999999999999,1,1,100.0,4,0.03,1.7,-0.04,52.6480083,9.7453148,33.39,31.87,52.6480033,9.745318,0.021642082724729686,-0.029845130209103034,4.259999638267759,-0.775,-1.725,0.095,1.6980494,0.031956002,0.09004092
0 days 00:00:09.250000,0.000825493565132453,-3.9750120000000004,0.22759200000000002,9.778608,2.380188275566966,2.380188275566966,2.380188275566966,2.380188275566966,0.023212879051524585,0.013439035240356337,0.02949606435870417,-16.0,7.99,47.39999999999999,1,1,100.0,4,0.035,1.675,-0.035,52.6480083,9.7453148,33.33,31.87,52.6480032,9.7453179,0.02199114857512855,-0.029845130209103034,4.260348704118158,-0.73,-1.52,-0.015,1.6732097,0.03685992,0.08417741
0 days 00:00:09.260000,0.000825493565132453,-5.630940000000001,0.129492,9.040896000000002,2.04589216944801,2.04589216944801,2.04589216944801,2.04589216944801,0.018500490071139894,-0.007853981633974483,0.03106686068549907,-17.0,7.99,47.99999999999999,1,1,100.0,4,0.035,1.6400000000000001,-0.035,52.6480083,9.7453148,33.33,31.87,52.648002999999996,9.745317799999999,0.022165681500327987,-0.030019663134302467,4.260523237043358,-0.73,-1.52,-0.015,1.6382107,0.036857802,0.08341266
0 days 00:00:09.270000,0.000825493565132453,-5.642712,0.3531600000000001,9.496080000000001,1.7918271287976035,1.7918271287976035,1.7918271287976035,1.7918271287976035,0.01658062789394613,-0.005585053606381855,0.02949606435870417,-16.5,7.99,48.599999999999994,1,1,100.0,4,0.03,1.585,-0.03,52.6480083,9.7453148,33.33,31.87,52.648002899999994,9.7453177,0.02234021442552742,-0.029845130209103034,4.260872302893757,-0.73,-1.52,-0.015,1.5833989,0.031718917,0.07659472
0 days 00:00:09.280000,0.000825493565132453,-5.473980000000001,0.258984,9.315576,1.5912494651262301,1.5912494651262301,1.5912494651262301,1.5912494651262301,0.012391837689159739,-0.031939525311496235,0.024434609527920613,-16.0,7.99,48.599999999999994,1,1,100.0,4,0.035,1.53,-0.03,52.6480083,9.7453148,33.33,31.88,52.6480028,9.7453176,0.022514747350726852,-0.029845130209103034,4.261221368744156,-0.73,-1.52,-0.015,1.5284234,0.03669407,0.074835785
0 days 00:00:09.290000,0.0009434212172942321,-4.230072000000001,-0.04316400000000001,9.598104000000001,1.4241014120667523,1.4241014120667523,1.4241014120667523,1.4241014120667523,0.016231562043547268,-0.04729842272904633,0.022165681500327987,-16.0,7.99,48.599999999999994,1,1,100.0,4,0.035,1.48,-0.025,52.6480075,9.7453143,33.33,31.88,52.6480027,9.745317499999999,0.022689280275926284,-0.02949606435870417,4.261395901669355,-0.73,-1.52,-0.015,1.4786189,0.036548182,0.06782525
0 days 00:00:09.300000,0.000825493565132453,-3.1078080000000003,0.40024800000000005,10.304424000000001,1.3037548138639279,1.3037548138639279,1.3037548138639279,1.3037548138639279,0.017104226669544427,-0.027052603405912107,0.025132741228718346,-15.0,7.99,47.4,1,1,100.0,4,0.03,1.44,-0.025,52.6480075,9.7453143,33.3,31.88,52.6480026,9.7453174,0.022863813201125717,-0.028972465583105872,4.261570434594555,-0.65,-1.2750000000000001,-0.035,1.4386715,0.031517133,0.06600073
0 days 00:00:09.310000,0.000825493565132453,-4.19868,0.223668,9.978732,1.1967800599058622,1.1967800599058622,1.1967800599058622,1.1967800599058622,0.02181661564992912,-0.03106686068549907,0.0291469985083053,-15.0,7.99,46.2,1,1,100.0,4,0.03,1.415,-0.03,52.6480075,9.7453143,33.3,31.88,52.648002399999996,9.7453173,0.02303834612632515,-0.02879793265790644,4.261919500444954,-0.65,-1.2750000000000001,-0.035,1.4135495,0.03162142,0.070021145
0 days 00:00:09.320000,0.0009434212172942321,-4.351716000000001,-0.16088400000000003,9.472536,1.1031771501925547,1.1031771501925547,1.1031771501925547,1.1031771501925547,0.019722220547535925,-0.023736477827122886,0.026878070480712675,-14.0,7.99,44.55,1,1,100.0,4,0.03,1.375,-0.035,52.6480075,9.7453143,33.3,31.88,52.648002299999995,9.745317199999999,0.023212879051524585,-0.028448866807507574,4.262094033370153,-0.65,-1.2750000000000001,-0.035,1.3734481,0.031711783,0.07338147
0 days 00:00:09.330000,0.0011792765216177901,-4.500828,-0.011772000000000001,9.138996,1.022946084724005,1.022946084724005,1.022946084724005,1.022946084724005,0.008726646259971648,-0.023736477827122886,0.015358897417550098,-14.0,7.99,42.89999999999999,1,1,100.0,4,0.025,1.335,-0.03,52.6480075,9.7453143,33.3,31.88,52.6480022,9.7453171,0.02356194490192345,-0.028274333882308142,4.262443099220551,-0.65,-1.2750000000000001,-0.035,1.3336183,0.026588745,0.067121424
0 days 00:00:09.340000,0.0010613488694560112,-4.940316000000001,0.43948800000000005,9.554940000000002,0.9494009413778349,0.9494009413778349,0.9494009413778349,0.9494009413778349,0.0,-0.025132741228718346,0.008203047484373348,-13.0,7.99,41.99999999999999,1,1,100.0,4,0.025,1.29,-0.025,52.648007,9.7453138,33.3,31.88,52.6480021,9.7453171,0.02356194490192345,-0.027925268031909273,4.262617632145751,-0.65,-1.2750000000000001,-0.035,1.2887989,0.026430424,0.06040324
0 days 00:00:09.350000,0.0010023850433751216,-5.293476000000001,0.34531200000000006,10.363284,0.8959135643988018,0.8959135643988018,0.8959135643988018,0.8959135643988018,-0.00017453292519943296,-0.02722713633111154,0.005585053606381855,-13.0,7.99,41.099999999999994,1,1,100.0,4,0.025,1.245,-0.025,52.648007,9.7453138,33.28,31.89,52.648002,9.745317,0.02356194490192345,-0.02775073510670984,4.262617632145751,-0.585,-1.08,-0.085,1.243827,0.026395706,0.058930084
0 days 00:00:09.360000,0.0009434212172942321,-5.634864,0.32176800000000005,10.233792000000001,0.8491121095421481,0.8491121095421481,0.8491121095421481,0.8491121095421481,0.005759586531581288,-0.03700098014227979,0.007330382858376183,-12.0,7.99,43.349999999999994,1,1,100.0,4,0.025,1.195,-0.03,52.648007,9.7453138,33.28,31.89,52.6480019,9.745316899999999,0.02356194490192345,-0.027401669256310976,4.262792165070951,-0.585,-1.08,-0.085,1.1937295,0.026470955,0.062123228
0 days 00:00:09.370000,0.0012972041737795694,-5.544612000000001,0.37670400000000004,9.417600000000002,0.8290543431750106,0.8290543431750106,0.8290543431750106,0.8290543431750106,0.004363323129985824,-0.026354471705114374,0.002617993877991494,-12.0,7.99,45.599999999999994,1,1,100.0,4,0.03,1.1400000000000001,-0.035,52.648007,9.7453138,33.28,31.89,52.648001799999996,9.7453168,0.023736477827122883,-0.027052603405912107,4.262792165070951,-0.585,-1.08,-0.085,1.1386361,0.031553816,0.06509283
0 days 00:00:09.380000,0.001650987130264906,-5.301324,0.278604,9.79038,0.8290543431750106,0.8290543431750106,0.8290543431750106,0.8290543431750106,0.007679448708775049,-0.03961897402027128,-0.005235987755982988,-12.0,7.99,45.599999999999994,1,1,100.0,4,0.03,1.085,-0.035,52.648007,9.7453138,33.28,31.89,52.648001699999995,9.7453168,0.023736477827122883,-0.026878070480712675,4.262792165070951,-0.585,-1.08,-0.085,1.0836675,0.03151402,0.06341646
0 days 00:00:09.390000,0.0015330594781031272,-4.308552000000001,0.08240400000000002,9.605952000000002,0.8290543431750106,0.8290543431750106,0.8290543431750106,0.8290543431750106,0.0022689280275926286,-0.04066617157146788,-0.01064650843716541,-12.0,7.99,45.599999999999994,1,1,100.0,4,0.03,1.035,-0.035,52.6480065,9.745313399999999,33.28,31.89,52.6480016,9.7453167,0.023736477827122883,-0.026354471705114377,4.262792165070951,-0.585,-1.08,-0.085,1.0337182,0.03146928,0.061532
0 days 00:00:09.400000,0.001650987130264906,-4.23792,0.31392000000000003,9.743292000000002,0.8290543431750106,0.8290543431750106,0.8290543431750106,0.8290543431750106,0.0008726646259971648,-0.012566370614359173,-0.011519173063162576,-12.0,7.99,45.74999999999999,1,1,100.0,4,0.03,0.995,-0.035,52.6480065,9.745313399999999,33.27,31.89,52.6480016,9.745316599999999,0.023736477827122883,-0.02600540585471551,4.262617632145751,-0.49,-0.905,-0.08,0.99375343,0.03143603,0.060131457
0 days 00:00:09.410000,0.001709950956345796,-5.485752000000001,0.47088,9.700128000000001,3.242672229353872,3.242672229353872,3.242672229353872,3.242672229353872,0.0,-0.008028514559173916,-0.01308996938995747,-12.0,7.99,45.89999999999999,1,1,100.0,4,0.03,0.9550000000000001,-0.035,52.6480065,9.745313399999999,33.27,31.89,52.6480015,9.745316599999999,0.023736477827122883,-0.025830872929516076,4.262443099220551,-0.49,-0.905,-0.08,0.95377743,0.031407394,0.058925234
0 days 00:00:09.420000,0.0017689147824266852,-5.783976,0.145188,9.476460000000001,3.242672229353872,3.242672229353872,3.242672229353872,3.242672229353872,0.0012217304763960308,-0.028972465583105875,-0.01658062789394613,-12.0,7.99,43.8,1,1,100.0,4,0.03,0.905,-0.035,52.6480065,9.745313399999999,33.27,31.89,52.6480014,9.7453165,0.023736477827122883,-0.025830872929516076,4.262268566295353,-0.49,-0.905,-0.08,0.9037941,0.03137674,0.057634197
0 days 00:00:09.430000,0.0018868424345884643,-4.532220000000001,-0.08240400000000002,9.86886,3.2025566966195975,3.2025566966195975,3.2025566966195975,3.2025566966195975,-0.0006981317007977319,-0.011693705988362009,-0.021642082724729686,-12.0,7.99,41.7,1,1,100.0,4,0.03,0.85,-0.035,52.6480065,9.745313399999999,33.27,31.89,52.6480013,9.7453165,0.023911010752322315,-0.02548180707911721,4.262094033370153,-0.49,-0.905,-0.08,0.8488323,0.03134575,0.05591238
0 days 00:00:09.440000,0.0018868424345884643,-4.806900000000001,0.015696,10.072908000000002,2.854888746255883,2.854888746255883,2.854888746255883,2.854888746255883,-0.0031415926535897933,0.0006981317007977319,-0.027052603405912107,-12.0,7.99,41.7,1,1,100.0,4,0.03,0.805,-0.035,52.6480063,9.7453135,33.27,31.89,52.6480013,9.7453164,0.023736477827122883,-0.02548180707911721,4.261919500444954,-0.49,-0.905,-0.08,0.8038469,0.03130878,0.054771613
0 days 00:00:09.450000,0.0018868424345884643,-5.422968000000001,0.10987200000000001,9.727596,2.854888746255883,2.854888746255883,2.854888746255883,2.854888746255883,-0.004537856055185257,-0.020245819323134222,-0.03228859116189509,-11.0,7.99,41.7,1,1,100.0,4,0.025,0.76,-0.04,52.6480063,9.7453135,33.19,31.900000000000002,52.648001199999996,9.7453164,0.023736477827122883,-0.02548180707911721,4.261744967519753,-0.355,-0.705,-0.105,0.75873405,0.026401613,0.05874102
0 days 00:00:09.460000,0.0018868424345884643,-4.57146,0.42771600000000004,9.821772000000001,2.854888746255883,2.854888746255883,2.854888746255883,2.854888746255883,-0.0038397243543875246,-0.019198621771937627,-0.034208453339088854,-11.0,7.99,41.85,1,1,100.0,4,0.025,0.71,-0.04,52.6480063,9.7453135,33.19,31.900000000000002,52.648001199999996,9.745316299999999,0.023736477827122883,-0.02530727415391778,4.261395901669355,-0.355,-0.705,-0.105,0.70876044,0.02636844,0.05734376
0 days 00:00:09.470000,0.0018868424345884643,-4.320324,0.38847600000000004,10.249488,2.4403615746683784,2.4403615746683784,2.4403615746683784,2.4403615746683784,-0.004363323129985824,0.01117010721276371,-0.033335788713091695,-11.0,7.99,42.0,1,1,100.0,4,0.025,0.665,-0.04,52.6480063,9.7453135,33.19,31.900000000000002,52.648001099999995,9.745316299999999,0.023736477827122883,-0.02495820830351891,4.261046835818957,-0.355,-0.705,-0.105,0.6637947,0.026335914,0.05597373
0 days 00:00:09.480000,0.0018868424345884643,-5.619168,0.21974400000000002,9.833544,2.4403615746683784,2.4403615746683784,2.4403615746683784,2.4403615746683784,-0.0038397243543875246,0.0015707963267948967,-0.03159045946109736,-11.0,7.99,42.0,1,1,100.0,4,0.03,0.625,-0.045,52.6480063,9.7453135,33.19,31.900000000000002,52.648001099999995,9.7453162,0.02356194490192345,-0.025132741228718343,4.260697769968557,-0.355,-0.705,-0.105,0.62367177,0.031421565,0.05996846
0 days 00:00:09.490000,0.0018868424345884643,-5.536764000000001,0.28252800000000006,9.190008,2.4403615746683784,2.4403615746683784,2.4403615746683784,2.4403615746683784,-0.006108652381980153,-0.012391837689159739,-0.030717794835100197,-11.0,7.99,42.0,1,1,100.0,4,0.03,0.5700000000000001,-0.045,52.648005999999995,9.7453133,33.19,31.900000000000002,52.648001,9.7453162,0.02356194490192345,-0.025132741228718343,4.260348704118158,-0.355,-0.705,-0.105,0.5686891,0.031389,0.05858669
0 days 00:00:09.500000,0.0018868424345884643,-4.508676,0.40417200000000003,9.715824000000001,2.246469833119384,2.246469833119384,2.246469833119384,2.246469833119384,-0.005934119456780722,0.011344640137963142,-0.028972465583105875,-10.0,7.99,41.85,1,1,100.0,4,0.03,0.52,-0.04,52.648005999999995,9.7453133,33.19,31.900000000000002,52.648001,9.7453162,0.02356194490192345,-0.025132741228718343,4.259999638267759,-0.225,-0.495,-0.05,0.51883054,0.031241635,0.052333497
0 days 00:00:09.510000,0.0018868424345884643,-5.1522120000000005,0.3296160000000001,10.249488,1.9456033376123238,1.9456033376123238,1.9456033376123238,1.9456033376123238,-0.003316125578789226,0.02391101075232232,-0.02548180707911721,-10.0,7.99,41.7,1,1,100.0,4,0.03,0.47500000000000003,-0.045,52.648005999999995,9.7453133,33.19,31.91,52.6480009,9.7453161,0.023387411976724018,-0.025132741228718343,4.25965057241736,-0.225,-0.495,-0.05,0.47371915,0.03132295,0.05620546
0 days 00:00:09.520000,0.0018868424345884643,-6.0115680000000005,0.133416,9.774684,1.852000427899016,1.852000427899016,1.852000427899016,1.852000427899016,0.0017453292519943296,-0.0022689280275926286,-0.02129301687433082,-10.0,7.99,41.25,1,1,100.0,4,0.035,0.425,-0.05,52.648005999999995,9.7453133,33.19,31.91,52.6480009,9.7453161,0.023387411976724018,-0.02548180707911721,4.259476039492162,-0.225,-0.495,-0.05,0.42358807,0.036412545,0.05997725
0 days 00:00:09.530000,0.0017689147824266852,-4.755888000000001,0.019620000000000002,9.676584000000002,1.852000427899016,1.852000427899016,1.852000427899016,1.852000427899016,0.0027925268031909274,0.0006981317007977319,-0.01884955592153876,-9.0,7.99,40.8,1,1,100.0,4,0.03,0.37,-0.05,52.648005999999995,9.7453133,33.19,31.91,52.6480009,9.7453161,0.023387411976724018,-0.02548180707911721,4.2593015065669615,-0.225,-0.495,-0.05,0.3686059,0.031381138,0.058693208
0 days 00:00:09.540000,0.0017689147824266852,-4.159440000000001,0.10987200000000001,10.265184,1.852000427899016,1.852000427899016,1.852000427899016,1.852000427899016,0.0012217304763960308,0.021118483949131385,-0.016929693744344998,-9.0,7.99,40.949999999999996,1,1,100.0,4,0.03,0.325,-0.05,52.6480058,9.7453132,33.19,31.91,52.6480008,9.7453161,0.023387411976724018,-0.02548180707911721,4.259126973641763,-0.225,-0.495,-0.05,0.3236205,0.031354327,0.057546966
0 days 00:00:09.550000,0.0017689147824266852,-5.167908000000001,0.20404800000000003,9.982656,1.7918271287976035,1.7918271287976035,1.7918271287976035,1.7918271287976035,0.002617993877991494,0.0,-0.012740903539558606,-8.0,7.99,41.099999999999994,1,1,100.0,4,0.03,0.28500000000000003,-0.055,52.6480058,9.7453132,33.21,31.91,52.6480008,9.7453161,0.023387411976724018,-0.025656340004316644,4.258952440716563,-0.125,-0.265,0.035,0.28349528,0.031448536,0.061574563
0 days 00:00:09.560000,0.001650987130264906,-4.681332,0.16873200000000002,9.547092000000001,1.584563543003851,1.584563543003851,1.584563543003851,1.584563543003851,0.0038397243543875246,-0.008203047484373348,-0.007679448708775049,-8.0,7.99,41.099999999999994,1,1,100.0,4,0.03,0.23500000000000001,-0.06,52.6480058,9.7453132,33.21,31.91,52.6480008,9.745315999999999,0.02356194490192345,-0.025656340004316644,4.258777907791363,-0.125,-0.265,0.035,0.23338345,0.031546824,0.065283716
0 days 00:00:09.570000,0.001650987130264906,-4.116276,0.20797200000000002,9.872784,1.4241014120667523,1.4241014120667523,1.4241014120667523,1.4241014120667523,0.0022689280275926286,0.021642082724729686,-0.0027925268031909274,-8.0,7.99,41.099999999999994,1,1,100.0,4,0.03,0.19,-0.055,52.6480058,9.7453132,33.21,31.91,52.6480008,9.745315999999999,0.02356194490192345,-0.025656340004316644,4.258603374866164,-0.125,-0.265,0.035,0.18852653,0.031401865,0.059132665
0 days 00:00:09.580000,0.001650987130264906,-5.309172,0.21582000000000004,9.743292000000002,1.29038296961917,1.29038296961917,1.29038296961917,1.29038296961917,0.0017453292519943296,0.012740903539558606,0.0015707963267948967,-7.0,7.99,40.949999999999996,1,1,100.0,4,0.03,0.155,-0.06,52.6480058,9.7453132,33.21,31.91,52.6480008,9.745315999999999,0.02356194490192345,-0.025830872929516076,4.258603374866164,-0.125,-0.265,0.035,0.15339862,0.031499103,0.06325877
0 days 00:00:09.590000,0.0015330594781031272,-5.3837280000000005,0.349236,9.390132000000001,1.190094137783483,1.190094137783483,1.190094137783483,1.190094137783483,0.0015707963267948967,-0.006108652381980153,0.006632251157578452,-7.0,7.99,40.8,1,1,100.0,4,0.03,0.1,-0.06,52.6480056,9.7453133,33.21,31.91,52.6480008,9.745315999999999,0.02356194490192345,-0.025830872929516076,4.258603374866164,-0.125,-0.265,0.035,0.098416954,0.031465635,0.061838623
0 days 00:00:09.600000,0.0015330594781031272,-4.457664,0.502272,9.84924,1.0964912280701755,1.0964912280701755,1.0964912280701755,1.0964912280701755,0.0020943951023931952,0.01291543646475804,0.011868238913561443,-7.0,7.99,40.949999999999996,1,1,100.0,4,0.03,0.05,-0.055,52.6480056,9.7453133,33.2,31.92,52.6480008,9.745315999999999,0.02356194490192345,-0.025830872929516076,4.258777907791363,-0.025,-0.045,0.07,0.04856278,0.031317454,0.05555064
0 days 00:00:09.610000,0.0015330594781031272,-4.681332,0.20797200000000002,9.990504,1.022946084724005,1.022946084724005,1.022946084724005,1.022946084724005,0.003490658503988659,0.010995574287564275,0.015184364492350668,-6.0,7.99,41.099999999999994,1,1,100.0,4,0.03,0.01,-0.055,52.6480056,9.7453133,33.2,31.92,52.6480008,9.745315999999999,0.02356194490192345,-0.02600540585471551,4.258777907791363,-0.025,-0.045,0.07,0.008566482,0.031293146,0.054519303
0 days 00:00:09.620000,0.0014151318259413483,-4.3438680000000005,0.22759200000000002,9.786456000000001,0.9494009413778349,0.9494009413778349,0.9494009413778349,0.9494009413778349,0.003316125578789226,-0.007330382858376183,0.018675022996339326,-1.0,7.99,41.099999999999994,1,1,100.0,4,0.03,-0.035,-0.06,52.6480056,9.7453133,33.2,31.92,52.6480008,9.745315999999999,0.023736477827122883,-0.02600540585471551,4.258952440716563,-0.025,-0.045,0.07,-0.036548313,0.031393524,0.05834096
0 days 00:00:09.630000,0.0014151318259413483,-3.0724920000000004,0.40417200000000003,10.198476000000001,0.8892276422764227,0.8892276422764227,0.8892276422764227,0.8892276422764227,0.0022689280275926286,-0.007330382858376183,0.02181661564992912,-1.0,7.99,41.099999999999994,1,1,100.0,4,0.03,-0.075,-0.06,52.6480056,9.7453133,33.2,31.92,52.6480008,9.745315999999999,0.023736477827122883,-0.02600540585471551,4.259126973641763,-0.025,-0.045,0.07,-0.07653479,0.031368837,0.057301152
0 days 00:00:09.640000,0.0014151318259413483,-2.460348,0.20012400000000002,10.296576000000002,0.8491121095421481,0.8491121095421481,0.8491121095421481,0.8491121095421481,0.0036651914291880917,-0.015184364492350668,0.02391101075232232,-1.0,7.99,41.099999999999994,1,1,100.0,4,0.035,-0.105,-0.065,52.6480056,9.7453133,33.2,31.92,52.6480008,9.7453161,0.023736477827122883,-0.02600540585471551,4.259476039492162,-0.025,-0.045,0.07,-0.10665466,0.036467545,0.061399527
0 days 00:00:09.650000,0.0014151318259413483,-1.6598520000000003,0.25506,9.970884,0.7822528883183568,0.7822528883183568,0.7822528883183568,0.7822528883183568,0.0038397243543875246,-0.024085543677521748,0.024434609527920613,-1.0,7.99,41.099999999999994,1,1,100.0,4,0.035,-0.125,-0.07,52.6480056,9.7453133,33.18,31.92,52.6480008,9.7453161,0.023736477827122883,-0.025830872929516076,4.25965057241736,0.075,0.125,0.06,-0.12676626,0.036574356,0.06589865
0 days 00:00:09.660000,0.0014151318259413483,-0.8240400000000001,0.290376,10.033668000000002,0.7555091998288403,0.7555091998288403,0.7555091998288403,0.7555091998288403,0.004363323129985824,-0.021118483949131385,0.024434609527920613,-1.0,7.99,40.949999999999996,1,1,100.0,4,0.035,-0.14,-0.075,52.6480056,9.7453133,33.18,31.93,52.6480008,9.7453161,0.023911010752322315,-0.02548180707911721,4.25982510534256,0.075,0.125,0.06,-0.14186548,0.036697283,0.070551366
0 days 00:00:09.670000,0.0012972041737795694,-0.5650560000000001,0.23544,10.12392,0.7087077449721865,0.7087077449721865,0.7087077449721865,0.7087077449721865,0.0041887902047863905,-0.023038346126325153,0.023736477827122886,-0.5,7.99,40.8,1,1,100.0,4,0.035,-0.145,-0.075,52.6480056,9.7453133,33.18,31.93,52.6480008,9.7453161,0.023911010752322315,-0.02530727415391778,4.2601741711929595,0.075,0.125,0.06,-0.1468514,0.03669485,0.070449635
0 days 00:00:09.680000,0.0012972041737795694,-0.482652,0.251136,10.100376,0.6819640564826701,0.6819640564826701,0.6819640564826701,0.6819640564826701,0.0041887902047863905,-0.03316125578789226,0.022514747350726852,0.0,7.99,40.8,1,1,100.0,4,0.035,-0.15,-0.08,52.6480056,9.7453133,33.18,31.93,52.6480008,9.7453161,0.023911010752322315,-0.025132741228718343,4.260348704118158,0.075,0.125,0.06,-0.15196304,0.036811966,0.075346634
0 days 00:00:09.690000,0.0012972041737795694,0.11772,0.251136,10.331892000000002,0.6418485237483953,0.6418485237483953,0.6418485237483953,0.6418485237483953,0.005585053606381855,-0.032812189937493394,0.020943951023931952,1.0,7.99,40.8,1,1,100.0,4,0.035,-0.15,-0.08,52.6480057,9.745313399999999,33.18,31.93,52.6480008,9.7453161,0.023911010752322315,-0.024783675378319478,4.260523237043358,0.075,0.125,0.06,-0.15193644,0.036813233,0.07539965
0 days 00:00:09.700000,0.0012972041737795694,0.5258160000000001,0.12164400000000002,10.571256000000002,0.6217907573812581,0.6217907573812581,0.6217907573812581,0.6217907573812581,0.003316125578789226,-0.02757620218151041,0.01815142422074103,3.0,7.99,40.8,1,1,100.0,4,0.035,-0.15,-0.085,52.6480057,9.745313399999999,33.17,31.93,52.6480009,9.7453161,0.02408554367752175,-0.024434609527920616,4.260697769968557,0.145,0.325,0.01,-0.15203196,0.03694805,0.0804433
0 days 00:00:09.710000,0.0012972041737795694,0.5258160000000001,0.3531600000000001,10.280880000000002,0.5883611467693625,0.5883611467693625,0.5883611467693625,0.5883611467693625,0.0006981317007977319,-0.040491638646268445,0.015358897417550098,3.0,7.99,40.8,1,1,100.0,4,0.03,-0.14,-0.095,52.6480057,9.745313399999999,33.17,31.93,52.6480009,9.7453162,0.02408554367752175,-0.02408554367752175,4.260872302893757,0.145,0.325,0.01,-0.1422473,0.03219734,0.09085173
0 days 00:00:09.720000,0.0012972041737795694,1.2870720000000002,0.40024800000000005,10.551636000000002,0.5683033804022251,0.5683033804022251,0.5683033804022251,0.5683033804022251,0.0006981317007977319,-0.030543261909900768,0.012042771838760874,4.0,7.99,40.65,1,1,100.0,4,0.035,-0.13,-0.1,52.6480057,9.745313399999999,33.17,31.93,52.6480009,9.7453162,0.02408554367752175,-0.023736477827122883,4.261046835818957,0.145,0.325,0.01,-0.1323368,0.037323184,0.096015364
0 days 00:00:09.730000,0.0012972041737795694,0.7102440000000001,0.42379200000000006,10.429992000000002,0.5482456140350878,0.5482456140350878,0.5482456140350878,0.5482456140350878,-0.0015707963267948967,-0.03316125578789226,0.011344640137963142,5.0,7.99,40.5,1,1,100.0,4,0.035,-0.115,-0.105,52.6480057,9.745313399999999,33.17,31.93,52.6480009,9.7453162,0.02408554367752175,-0.023387411976724018,4.261221368744156,0.145,0.325,0.01,-0.117424004,0.037453126,0.1014094
0 days 00:00:09.740000,0.0012972041737795694,0.5650560000000001,0.24721200000000002,9.98658,0.5281878476679503,0.5281878476679503,0.5281878476679503,0.5281878476679503,-0.0024434609527920616,-0.053930673886624786,0.010122909661567111,5.0,7.99,40.35,1,1,100.0,4,0.035,-0.105,-0.11,52.6480058,9.7453135,33.17,31.94,52.6480009,9.7453162,0.02408554367752175,-0.02303834612632515,4.261221368744156,0.145,0.325,0.01,-0.107506126,0.037580047,0.10667789
0 days 00:00:09.750000,0.0012972041737795694,1.8207360000000001,-0.10594800000000001,10.995048,0.5014441591784339,0.5014441591784339,0.5014441591784339,0.5014441591784339,0.00471238898038469,-0.045727626402251434,0.008377580409572781,4.0,7.99,40.2,1,1,100.0,4,0.035,-0.1,-0.115,52.6480058,9.7453135,33.17,31.94,52.6480009,9.7453162,0.02408554367752175,-0.022514747350726852,4.261395901669355,0.17500000000000002,0.39,0.025,-0.102563635,0.037704498,0.111843966
0 days 00:00:09.760000,0.0012972041737795694,1.3341600000000002,0.17265600000000003,10.363284,0.4947582370560547,0.4947582370560547,0.4947582370560547,0.4947582370560547,0.012217304763960306,-0.05585053606381855,0.007155849933176751,3.0,7.99,39.9,1,1,100.0,4,0.035,-0.08,-0.125,52.6480058,9.7453135,33.17,31.94,52.6480009,9.7453162,0.02408554367752175,-0.022165681500327987,4.261395901669355,0.17500000000000002,0.39,0.025,-0.082750835,0.037956808,0.12231754
0 days 00:00:09.770000,0.0012972041737795694,1.9776960000000001,0.16480800000000004,9.825696,0.47470047068891746,0.47470047068891746,0.47470047068891746,0.47470047068891746,0.011519173063162576,-0.06824237375297829,0.005061454830783556,2.5,7.99,39.599999999999994,1,1,100.0,4,0.03,-0.065,-0.13,52.6480058,9.7453135,33.17,31.94,52.6480009,9.7453162,0.024260076602721184,-0.021467549799530253,4.261570434594555,0.17500000000000002,0.39,0.025,-0.06777559,0.033110097,0.12780918
0 days 00:00:09.780000,0.0012972041737795694,2.4995880000000006,-0.43556400000000006,11.618964000000002,0.45464270432178006,0.45464270432178006,0.45464270432178006,0.45464270432178006,0.03159045946109736,-0.03647738136668148,0.004886921905584123,2.0,7.99,39.449999999999996,1,1,100.0,4,0.03,-0.04,-0.13,52.6480058,9.7453135,33.17,31.94,52.6480009,9.7453162,0.024434609527920616,-0.02076941809873252,4.261570434594555,0.17500000000000002,0.39,0.025,-0.0426912,0.033146247,0.12836973
0 days 00:00:09.790000,0.0012972041737795694,0.859356,-0.9064440000000001,11.787696,0.44127086007702176,0.44127086007702176,0.44127086007702176,0.44127086007702176,0.06649704450098395,-0.05619960191421742,0.0036651914291880917,1.0,7.99,39.3,1,1,100.0,4,0.025,-0.015,-0.145,52.6480058,9.7453136,33.17,31.94,52.6480009,9.7453162,0.024783675378319478,-0.020420352248333655,4.261570434594555,0.17500000000000002,0.39,0.025,-0.017957617,0.02857725,0.14399953
0 days 00:00:09.800000,0.0012972041737795694,1.02024,0.011772000000000001,9.405828000000001,0.4212130937098844,0.4212130937098844,0.4212130937098844,0.4212130937098844,0.07504915783575616,-0.08866272600131195,0.0005235987755982988,0.0,7.99,39.0,1,1,100.0,4,0.01,-0.005,-0.165,52.6480058,9.7453136,33.160000000000004,31.95,52.648001,9.7453162,0.02530727415391778,-0.019896753472735357,4.261570434594555,0.15,0.335,0.02,-0.008281758,0.014168709,0.16456203
0 days 00:00:09.810000,0.0012972041737795694,2.4368040000000004,0.94176,8.209008,0.4212130937098844,0.4212130937098844,0.4212130937098844,0.4212130937098844,0.060388392119003806,-0.05550147021341968,-0.004014257279586958,0.0,7.99,38.7,1,1,100.0,4,0.01,0.01,-0.16,52.6480058,9.7453136,33.160000000000004,31.95,52.6480009,9.7453162,0.026179938779914945,-0.019024088846738195,4.261570434594555,0.15,0.335,0.02,0.0069545195,0.014189106,0.15984462
0 days 00:00:09.820000,0.0012972041737795694,2.169972,2.1268080000000005,5.780052,0.40115532734274706,0.40115532734274706,0.40115532734274706,0.40115532734274706,-0.01117010721276371,-0.053407075111026485,-0.014660765716752367,0.0,7.99,38.4,1,1,100.0,4,0.015,0.035,-0.145,52.6480058,9.7453136,33.160000000000004,31.95,52.6480009,9.7453162,0.026703537555513242,-0.018500490071139894,4.261570434594555,0.15,0.335,0.02,0.032311592,0.01888283,0.14517024
0 days 00:00:09.830000,0.0012972041737795694,1.58922,0.1962,10.402524000000001,0.3877834830979889,0.3877834830979889,0.3877834830979889,0.3877834830979889,-0.01064650843716541,-0.032812189937493394,-0.01658062789394613,0.0,7.99,38.099999999999994,1,1,100.0,4,0.035,0.06,-0.105,52.6480058,9.7453136,33.160000000000004,31.95,52.6480009,9.7453162,0.026703537555513242,-0.017976891295541596,4.261395901669355,0.15,0.335,0.02,0.05810283,0.037819404,0.10508926
0 days 00:00:09.840000,0.0012972041737795694,0.278604,0.0981,9.237096000000001,0.38109756097560976,0.38109756097560976,0.38109756097560976,0.38109756097560976,-0.01291543646475804,-0.07871434926494426,-0.015184364492350668,0.0,7.99,38.099999999999994,1,1,100.0,4,0.035,0.075,-0.11,52.6480057,9.7453133,33.160000000000004,31.95,52.6480009,9.745316299999999,0.02652900463031381,-0.017627825445142728,4.261221368744156,0.15,0.335,0.02,0.07304939,0.03794015,0.110337354
0 days 00:00:09.850000,0.0012972041737795694,2.1071880000000003,0.33746400000000004,9.370512000000002,0.3677257167308515,0.3677257167308515,0.3677257167308515,0.3677257167308515,-0.015358897417550098,-0.059341194567807204,-0.0158824961931484,0.0,7.99,38.099999999999994,1,1,100.0,4,0.035,0.08,-0.105,52.6480057,9.7453133,33.26,31.96,52.6480009,9.7453162,0.026354471705114377,-0.016929693744344994,4.261046835818957,0.125,0.195,0.075,0.078211,0.037790034,0.105380036
0 days 00:00:09.860000,0.0012972041737795694,1.522512,0.266832,9.739368,0.36103979460847235,0.36103979460847235,0.36103979460847235,0.36103979460847235,-0.014486232791552938,-0.03892084231947355,-0.015184364492350668,0.0,7.99,38.099999999999994,1,1,100.0,4,0.035,0.1,-0.1,52.6480057,9.7453133,33.26,31.96,52.6480009,9.7453162,0.026179938779914945,-0.016231562043547264,4.260872302893757,0.125,0.195,0.075,0.09836374,0.037647847,0.1006589
0 days 00:00:09.870000,0.0012972041737795694,0.3413880000000001,0.22759200000000002,8.958492000000001,0.3476679503637142,0.3476679503637142,0.3476679503637142,0.3476679503637142,-0.013962634015954637,-0.0635299847725936,-0.012740903539558606,0.0,7.99,38.099999999999994,1,1,100.0,4,0.035,0.12,-0.1,52.6480057,9.7453133,33.26,31.96,52.6480009,9.7453162,0.026179938779914945,-0.0158824961931484,4.260697769968557,0.125,0.195,0.075,0.118396685,0.03765526,0.100942105
0 days 00:00:09.880000,0.0012972041737795694,1.3184640000000003,0.349236,8.738748000000001,0.3476679503637142,0.3476679503637142,0.3476679503637142,0.3476679503637142,-0.017278759594743863,-0.04852015320544236,-0.011693705988362009,0.0,7.99,38.099999999999994,1,1,100.0,4,0.035,0.125,-0.09,52.6480057,9.7453133,33.26,31.96,52.6480009,9.7453162,0.02600540585471551,-0.015184364492350668,4.260523237043358,0.125,0.195,0.075,0.12361905,0.03737747,0.09094644
0 days 00:00:09.890000,0.0012972041737795694,0.9221400000000001,0.60822,8.507232000000002,0.34098202824133506,0.34098202824133506,0.34098202824133506,0.34098202824133506,-0.030717794835100197,-0.029321531433504733,-0.011344640137963142,0.0,7.99,38.099999999999994,1,1,100.0,4,0.035,0.14,-0.08,52.6480057,9.7453133,33.26,31.96,52.6480009,9.7453162,0.025830872929516076,-0.014835298641951801,4.260348704118158,0.125,0.195,0.075,0.13879782,0.037107978,0.0811367
0 days 00:00:09.900000,0.0012972041737795694,-0.153036,-0.015696,9.503928,0.3276101839965768,0.3276101839965768,0.3276101839965768,0.3276101839965768,-0.02548180707911721,-0.032463124087094536,-0.007853981633974483,0.0,7.99,38.099999999999994,1,1,100.0,4,0.04,0.15,-0.065,52.6480057,9.7453133,33.26,31.970000000000002,52.6480009,9.7453162,0.02548180707911721,-0.014486232791552936,4.2601741711929595,0.06,0.03,0.03,0.1490427,0.04169834,0.06612507
0 days 00:00:09.910000,0.0012972041737795694,-0.37278,0.258984,8.479764000000001,0.32092426187419765,0.32092426187419765,0.32092426187419765,0.32092426187419765,-0.028448866807507574,-0.04345869837465881,-0.005235987755982988,0.0,7.99,38.099999999999994,1,1,100.0,4,0.04,0.15,-0.065,52.6480057,9.7453133,33.26,31.970000000000002,52.6480009,9.7453162,0.02530727415391778,-0.014137166941154071,4.2601741711929595,0.06,0.03,0.03,0.14906614,0.041685484,0.06608033
0 days 00:00:09.920000,0.0012972041737795694,0.223668,0.16873200000000002,9.138996,0.30755241762943947,0.30755241762943947,0.30755241762943947,0.30755241762943947,-0.027925268031909273,-0.017278759594743863,-0.003490658503988659,0.0,7.99,38.099999999999994,1,1,100.0,4,0.04,0.145,-0.05,52.6480057,9.7453133,33.26,31.970000000000002,52.6480009,9.7453162,0.02495820830351891,-0.013788101090755204,4.2601741711929595,0.06,0.03,0.03,0.14429682,0.041285098,0.05098004
0 days 00:00:09.930000,0.0012972041737795694,-0.8554320000000001,0.29430000000000006,8.821152,0.29418057338468123,0.29418057338468123,0.29418057338468123,0.29418057338468123,-0.029670597283903602,-0.017976891295541593,-0.0012217304763960308,0.0,7.99,38.099999999999994,1,1,100.0,4,0.04,0.15,-0.045,52.6480057,9.7453133,33.26,31.970000000000002,52.6480009,9.7453162,0.024609142453120045,-0.013613568165555772,4.259999638267759,0.06,0.03,0.03,0.14937352,0.041145332,0.046039294
0 days 00:00:09.940000,0.0012972041737795694,-1.0163160000000002,0.16873200000000002,8.597484000000001,0.29418057338468123,0.29418057338468123,0.29418057338468123,0.29418057338468123,-0.029670597283903602,-0.02809980095710871,0.0015707963267948967,0.0,7.99,37.949999999999996,1,1,100.0,4,0.04,0.14,-0.035,52.6480057,9.7453133,33.26,31.970000000000002,52.6480008,9.7453162,0.024434609527920616,-0.013439035240356337,4.259999638267759,0.06,0.03,0.03,0.13951701,0.040889073,0.035889953
0 days 00:00:09.950000,0.0012972041737795694,-0.37278,0.302148,8.519004,0.2874946512623021,0.2874946512623021,0.2874946512623021,0.2874946512623021,-0.03228859116189509,-0.012740903539558606,0.0022689280275926286,0.0,7.99,37.8,1,1,100.0,4,0.04,0.135,-0.02,52.6480057,9.7453133,33.28,31.970000000000002,52.6480008,9.7453162,0.02408554367752175,-0.013089969389957472,4.259999638267759,0.005,-0.07,0.04,0.13472664,0.04051258,0.02079574
0 days 00:00:09.960000,0.0012972041737795694,-0.737712,0.5532840000000001,8.118756000000001,0.2741228070175439,0.2741228070175439,0.2741228070175439,0.2741228070175439,-0.04276056667386108,-0.0031415926535897933,0.0017453292519943296,0.0,7.99,37.8,1,1,100.0,4,0.04,0.13,-0.01,52.6480057,9.7453133,33.28,31.98,52.6480008,9.7453162,0.023736477827122883,-0.012915436464758038,4.259999638267759,0.005,-0.07,0.04,0.12986001,0.040265903,0.010725467
0 days 00:00:09.970000,0.0012972041737795694,-0.992772,0.8397360000000001,7.231932000000001,0.2741228070175439,0.2741228070175439,0.2741228070175439,0.2741228070175439,-0.06492624817418907,-0.011868238913561443,0.00017453292519943296,0.0,7.99,37.8,1,1,100.0,4,0.045,0.125,0.005,52.6480057,9.7453133,33.28,31.98,52.6480008,9.7453162,0.023387411976724018,-0.012915436464758038,4.259999638267759,0.005,-0.07,0.04,0.12505415,0.04490853,-0.0044366103
0 days 00:00:09.980000,0.0012972041737795694,-0.011772000000000001,-0.43948800000000005,10.410372000000002,0.2741228070175439,0.2741228070175439,0.2741228070175439,0.2741228070175439,-0.053930673886624786,0.022514747350726852,0.0010471975511965976,0.0,7.99,37.8,1,1,100.0,4,0.05,0.115,0.035,52.6480057,9.7453133,33.28,31.970000000000002,52.6480008,9.7453162,0.022689280275926284,-0.012740903539558606,4.259999638267759,0.005,-0.07,0.04,0.115436584,0.04922638,-0.03465773
0 days 00:00:09.990000,0.0012972041737795694,-1.5264360000000001,-1.1065680000000002,12.078072,0.26743688489516476,0.26743688489516476,0.26743688489516476,0.26743688489516476,-0.012042771838760874,0.025132741228718346,0.00645771823237902,0.0,7.99,37.8,1,1,100.0,4,0.045,0.115,0.025,52.6480056,9.7453133,33.28,31.970000000000002,52.6480008,9.7453162,0.022165681500327987,-0.013089969389957472,4.259999638267759,0.005,-0.07,0.04,0.11531739,0.044468265,-0.02448416
0 days 00:00:10,0.0012972041737795694,-2.268072,-0.0981,9.197856000000002,0.26743688489516476,0.26743688489516476,0.26743688489516476,0.26743688489516476,0.008552113334772213,-0.02234021442552742,0.011344640137963142,0.0,7.99,37.8,1,1,100.0,4,0.03,0.105,0.005,52.6480056,9.7453133,33.28,31.98,52.6480008,9.7453162,0.02199114857512855,-0.013264502315156905,4.2601741711929595,-0.025,-0.125,0.01,0.105057076,0.029913433,-0.004265637
0 days 00:00:10.010000,0.0012972041737795694,0.447336,0.23936400000000002,9.24102,0.2540650406504065,0.2540650406504065,0.2540650406504065,0.2540650406504065,0.01064650843716541,0.020420352248333655,0.01064650843716541,0.0,7.99,37.8,1,1,100.0,4,0.025,0.08,0.01,52.6480056,9.7453133,33.28,31.98,52.6480008,9.7453162,0.022165681500327987,-0.013089969389957472,4.2601741711929595,-0.025,-0.125,0.01,0.08012404,0.02479545,-0.009503873
0 days 00:00:10.020000,0.0012972041737795694,-0.6867000000000001,0.24721200000000002,9.758988,0.2540650406504065,0.2540650406504065,0.2540650406504065,0.2540650406504065,0.010471975511965976,0.038397243543875255,0.009250245035569947,0.0,7.99,37.8,1,1,100.0,4,0.025,0.085,0.015,52.6480056,9.7453133,33.28,31.98,52.6480008,9.7453162,0.022165681500327987,-0.013264502315156905,4.260348704118158,-0.025,-0.125,0.01,0.08519148,0.02468642,-0.014421919
0 days 00:00:10.030000,0.0012972041737795694,-1.80504,0.047088000000000005,9.390132000000001,0.24737911852802735,0.24737911852802735,0.24737911852802735,0.24737911852802735,0.01361356816555577,0.0036651914291880917,0.010122909661567111,0.0,7.99,37.8,1,1,100.0,4,0.025,0.08,0.015,52.6480056,9.7453133,33.28,31.98,52.6480008,9.7453162,0.02234021442552742,-0.013613568165555772,4.260523237043358,-0.025,-0.125,0.01,0.08019678,0.024683045,-0.014464546
0 days 00:00:10.040000,0.0012972041737795694,-0.25506,0.184428,9.511776000000001,0.24737911852802735,0.24737911852802735,0.24737911852802735,0.24737911852802735,0.015707963267948967,0.020594885173533087,0.009250245035569947,0.0,7.99,37.8,1,1,100.0,4,0.025,0.065,0.02,52.6480056,9.7453132,33.28,31.98,52.6480008,9.7453162,0.022514747350726852,-0.013613568165555772,4.260523237043358,-0.025,-0.125,0.01,0.06526624,0.02456337,-0.019671269
0 days 00:00:10.050000,0.0012972041737795694,-0.5375880000000001,0.223668,9.982656,0.23400727428326917,0.23400727428326917,0.23400727428326917,0.23400727428326917,0.016057029118347832,0.03892084231947355,0.007679448708775049,0.0,7.99,37.8,1,1,100.0,4,0.025,0.065,0.025,52.6480056,9.7453132,33.28,31.98,52.6480008,9.7453162,0.022689280275926284,-0.013962634015954637,4.260697769968557,-0.065,-0.115,-0.08,0.06534272,0.024447028,-0.024651006
0 days 00:00:10.060000,0.0012972041737795694,-1.4401080000000002,0.14126400000000003,9.468612,0.23400727428326917,0.23400727428326917,0.23400727428326917,0.23400727428326917,0.015009831567151233,0.012391837689159739,0.007853981633974483,0.0,7.99,37.8,1,1,100.0,4,0.025,0.06,0.02,52.6480056,9.7453132,33.28,31.98,52.6480008,9.7453162,0.022863813201125717,-0.014311699866353503,4.260697769968557,-0.065,-0.115,-0.08,0.06028008,0.024555907,-0.01970582
0 days 00:00:10.070000,0.0012972041737795694,-0.153036,0.184428,9.692280000000002,0.22732135216089003,0.22732135216089003,0.22732135216089003,0.22732135216089003,0.013264502315156903,0.023038346126325153,0.005934119456780722,0.0,7.99,37.8,1,1,100.0,4,0.025,0.045,0.025,52.6480056,9.7453132,33.28,31.98,52.6480008,9.7453162,0.02303834612632515,-0.014486232791552936,4.260872302893757,-0.065,-0.115,-0.08,0.045357425,0.024432534,-0.024914967
0 days 00:00:10.080000,0.0012972041737795694,-0.16873200000000002,0.184428,10.182780000000001,0.22732135216089003,0.22732135216089003,0.22732135216089003,0.22732135216089003,0.012391837689159739,0.03961897402027128,0.0036651914291880917,0.0,7.99,37.8,1,1,100.0,4,0.025,0.045,0.025,52.6480056,9.7453132,33.28,31.98,52.6480008,9.7453162,0.02303834612632515,-0.014660765716752368,4.260872302893757,-0.065,-0.115,-0.08,0.04536167,0.024432717,-0.024907053
0 days 00:00:10.090000,0.0012972041737795694,-0.9221400000000001,0.17265600000000003,9.82962,0.2139495079161318,0.2139495079161318,0.2139495079161318,0.2139495079161318,0.010122909661567111,0.021642082724729686,0.002967059728390361,0.0,7.99,37.8,1,1,100.0,4,0.025,0.045,0.02,52.6480057,9.745312499999999,33.28,31.98,52.6480008,9.7453162,0.023212879051524585,-0.015009831567151233,4.260872302893757,-0.065,-0.115,-0.08,0.045295116,0.02454478,-0.019897394
0 days 00:00:10.100000,0.0012972041737795694,-0.039240000000000004,0.16873200000000002,9.919872000000002,0.2139495079161318,0.2139495079161318,0.2139495079161318,0.2139495079161318,0.007679448708775049,0.020594885173533087,0.0015707963267948967,0.0,7.99,37.8,1,1,100.0,4,0.025,0.04,0.02,52.6480057,9.745312499999999,33.11,31.98,52.6480008,9.7453162,0.023387411976724018,-0.015184364492350668,4.261046835818957,-0.045,-0.045,-0.1,0.04029906,0.024539715,-0.019969672
0 days 00:00:10.110000,0.0012972041737795694,0.482652,0.1962,10.375056,0.2139495079161318,0.2139495079161318,0.2139495079161318,0.2139495079161318,0.0054105206811824215,0.03665191429188092,-0.0013962634015954637,0.0,7.99,37.8,1,1,100.0,4,0.02,0.04,0.02,52.6480057,9.745312499999999,33.11,31.98,52.6480008,9.7453162,0.023387411976724018,-0.015533430342749533,4.261046835818957,-0.045,-0.045,-0.1,0.04030583,0.01954141,-0.019838681
0 days 00:00:10.120000,0.0012972041737795694,-0.11379600000000001,0.21974400000000002,10.218096000000001,0.20726358579375265,0.20726358579375265,0.20726358579375265,0.20726358579375265,0.0031415926535897933,0.029321531433504733,-0.0024434609527920616,0.0,7.99,37.8,1,1,100.0,4,0.02,0.045,0.015,52.6480057,9.745312499999999,33.11,31.98,52.6480008,9.7453162,0.023387411976724018,-0.0158824961931484,4.261046835818957,-0.045,-0.045,-0.1,0.045232553,0.019660508,-0.014747226
0 days 00:00:10.130000,0.0012972041737795694,0.08240400000000002,0.24328800000000003,10.045440000000001,0.20726358579375265,0.20726358579375265,0.20726358579375265,0.20726358579375265,0.0017453292519943296,0.023038346126325153,-0.0031415926535897933,0.0,7.99,37.8,1,1,100.0,4,0.02,0.045,0.01,52.6480057,9.745312499999999,33.11,31.98,52.6480008,9.7453162,0.02356194490192345,-0.016057029118347832,4.260872302893757,-0.045,-0.045,-0.1,0.045154765,0.019775905,-0.009744796
0 days 00:00:10.140000,0.0012972041737795694,0.5258160000000001,0.25506,10.265184,0.20726358579375265,0.20726358579375265,0.20726358579375265,0.20726358579375265,-0.0005235987755982988,0.033859387488689996,-0.00471238898038469,0.0,7.99,37.8,1,1,100.0,4,0.02,0.05,0.01,52.6480057,9.745312499999999,33.11,31.98,52.6480008,9.7453162,0.02356194490192345,-0.0164060949687467,4.260872302893757,-0.045,-0.045,-0.1,0.050157327,0.019778207,-0.009647034
0 days 00:00:10.150000,0.0012972041737795694,0.090252,0.23544,10.347588,0.20726358579375265,0.20726358579375265,0.20726358579375265,0.20726358579375265,-0.0017453292519943296,0.0291469985083053,-0.005585053606381855,0.0,7.99,37.8,1,1,100.0,4,0.02,0.055,0.005,52.6480057,9.745312499999999,33.11,31.98,52.6480008,9.7453161,0.02356194490192345,-0.016755160819145562,4.260872302893757,-0.045,-0.005,-0.105,0.05507605,0.019898375,-0.0045478707
0 days 00:00:10.160000,0.0012972041737795694,0.21974400000000002,0.28645200000000004,10.139616000000002,0.20726358579375265,0.20726358579375265,0.20726358579375265,0.20726358579375265,-0.0022689280275926286,0.019547687622336492,-0.006632251157578452,0.0,7.99,37.8,1,1,100.0,4,0.02,0.06,-0.0,52.6480057,9.745312499999999,33.11,31.98,52.6480008,9.7453161,0.02356194490192345,-0.016929693744344994,4.260872302893757,-0.045,-0.005,-0.105,0.0599914,0.020018378,0.00054425583
0 days 00:00:10.170000,0.0012972041737795694,0.694548,0.29430000000000006,10.363284,0.19389174154899444,0.19389174154899444,0.19389174154899444,0.19389174154899444,-0.0022689280275926286,0.029845130209103034,-0.007504915783575617,0.0,7.99,37.8,1,1,100.0,4,0.02,0.06,-0.005,52.6480057,9.745312499999999,33.11,31.98,52.6480008,9.7453161,0.023387411976724018,-0.01710422666954443,4.260697769968557,-0.045,-0.005,-0.105,0.059905704,0.020135438,0.005556119
0 days 00:00:10.180000,0.0012972041737795694,0.27468000000000004,0.231516,10.492776000000001,0.19389174154899444,0.19389174154899444,0.19389174154899444,0.19389174154899444,-0.0024434609527920616,0.027925268031909273,-0.007853981633974483,0.0,7.99,37.8,1,1,100.0,4,0.02,0.07,-0.01,52.6480057,9.745312499999999,33.11,31.98,52.6480007,9.7453161,0.023387411976724018,-0.017453292519943295,4.260697769968557,-0.045,-0.005,-0.105,0.069814816,0.020256918,0.010749372
0 days 00:00:10.190000,0.0012972041737795694,0.145188,0.25506,10.320120000000001,0.19389174154899444,0.19389174154899444,0.19389174154899444,0.19389174154899444,-0.0020943951023931952,0.015358897417550098,-0.007679448708775049,0.0,7.99,37.8,1,1,100.0,4,0.02,0.075,-0.015,52.6480056,9.745312499999999,33.11,31.98,52.6480007,9.7453161,0.023387411976724018,-0.01780235837034216,4.260697769968557,-0.045,-0.005,-0.105,0.0747211,0.020376476,0.015860558
0 days 00:00:10.200000,0.0012972041737795694,0.631764,0.32569200000000004,10.469232000000002,0.19389174154899444,0.19389174154899444,0.19389174154899444,0.19389174154899444,-0.0015707963267948967,0.02076941809873252,-0.007679448708775049,0.0,7.99,37.8,1,1,100.0,4,0.02,0.08,-0.02,52.6480056,9.745312499999999,33.1,31.990000000000002,52.6480007,9.7453161,0.023387411976724018,-0.017976891295541596,4.260523237043358,-0.01,0.03,-0.075,0.07962755,0.020495791,0.020961275
0 days 00:00:10.210000,0.0012972041737795694,0.317844,0.302148,10.453536000000001,0.18051989730423618,0.18051989730423618,0.18051989730423618,0.18051989730423618,-0.0015707963267948967,0.01884955592153876,-0.007155849933176751,0.0,7.99,37.8,1,1,100.0,4,0.025,0.085,-0.03,52.6480056,9.745312499999999,33.1,31.990000000000002,52.6480007,9.7453161,0.023387411976724018,-0.01815142422074103,4.260523237043358,-0.01,0.03,-0.075,0.08444148,0.025730684,0.030944588
0 days 00:00:10.220000,0.0012972041737795694,0.153036,0.278604,10.300500000000001,0.18051989730423618,0.18051989730423618,0.18051989730423618,0.18051989730423618,-0.0010471975511965976,0.00942477796076938,-0.005759586531581288,0.0,7.99,37.8,1,1,100.0,4,0.025,0.09,-0.035,52.6480056,9.745312499999999,33.1,31.990000000000002,52.6480007,9.7453161,0.023387411976724018,-0.01832595714594046,4.260348704118158,-0.01,0.03,-0.075,0.08934352,0.02585008,0.036048714
0 days 00:00:10.230000,0.0012972041737795694,0.41202000000000005,0.357084,10.316196000000001,0.18051989730423618,0.18051989730423618,0.18051989730423618,0.18051989730423618,-0.0010471975511965976,0.011868238913561443,-0.005061454830783556,10.0,13.09,37.8,1,1,100.0,4,0.025,0.095,-0.04,52.6480056,9.745312499999999,33.1,31.990000000000002,52.6480007,9.7453161,0.023387411976724018,-0.018500490071139894,4.260348704118158,-0.01,0.03,-0.075,0.094243765,0.025969513,0.041154552
0 days 00:00:10.240000,0.0012972041737795694,0.11379600000000001,0.361008,10.284804000000001,0.1738339751818571,0.1738339751818571,0.1738339751818571,0.1738339751818571,-0.0005235987755982988,0.010122909661567111,-0.003316125578789226,10.0,13.09,37.8,1,1,100.0,4,0.025,0.1,-0.045,52.6480058,9.7453129,33.1,31.990000000000002,52.6480007,9.7453161,0.023387411976724018,-0.018500490071139894,4.260348704118158,-0.01,0.03,-0.075,0.09915041,0.026088582,0.046244804
0 days 00:00:10.250000,0.0012972041737795694,-0.062784,0.302148,10.088604,0.1738339751818571,0.1738339751818571,0.1738339751818571,0.1738339751818571,-0.00034906585039886593,0.00471238898038469,-0.0015707963267948967,10.0,13.09,37.8,1,1,100.0,4,0.025,0.105,-0.05,52.6480058,9.7453129,33.02,31.990000000000002,52.6480007,9.7453161,0.023387411976724018,-0.018675022996339326,4.2601741711929595,0.01,-0.015,-0.055,0.10404799,0.026208077,0.05135321
0 days 00:00:10.260000,0.0012972041737795694,-0.003924,0.29430000000000006,10.06506,0.1738339751818571,0.1738339751818571,0.1738339751818571,0.1738339751818571,-0.00034906585039886593,0.007504915783575617,0.0,10.0,13.09,37.8,1,1,100.0,4,0.025,0.105,-0.05,52.6480058,9.7453129,33.02,31.990000000000002,52.6480007,9.7453161,0.023387411976724018,-0.018675022996339326,4.2601741711929595,0.01,-0.015,-0.055,0.10404799,0.026208077,0.05135321
0 days 00:00:10.270000,0.0012972041737795694,-0.28252800000000006,0.306072,10.072908000000002,0.1738339751818571,0.1738339751818571,0.1738339751818571,0.1738339751818571,-0.0005235987755982988,0.006283185307179587,0.0013962634015954637,5.0,13.09,37.8,1,1,100.0,4,0.03,0.11,-0.055,52.6480058,9.7453129,33.02,31.990000000000002,52.6480007,9.7453161,0.023387411976724018,-0.01884955592153876,4.2601741711929595,0.01,-0.015,-0.055,0.1089438,0.03132624,0.056346398
0 days 00:00:10.280000,0.0012972041737795694,-0.46695600000000004,0.26290800000000003,9.923796000000001,0.16046213093709882,0.16046213093709882,0.16046213093709882,0.16046213093709882,0.0,-0.00034906585039886593,0.002617993877991494,0.0,13.09,37.8,1,1,100.0,4,0.03,0.105,-0.055,52.6480058,9.7453129,33.02,31.990000000000002,52.6480007,9.7453161,0.023387411976724018,-0.01884955592153876,4.2601741711929595,0.01,-0.015,-0.055,0.10394468,0.03132404,0.05625218
0 days 00:00:10.290000,0.0012972041737795694,-0.28252800000000006,0.23936400000000002,9.98658,0.16046213093709882,0.16046213093709882,0.16046213093709882,0.16046213093709882,0.00017453292519943296,0.002617993877991494,0.003490658503988659,0.0,13.09,37.8,1,1,100.0,4,0.03,0.105,-0.06,52.6480057,9.7453129,33.02,31.990000000000002,52.6480007,9.7453161,0.023387411976724018,-0.01884955592153876,4.260348704118158,0.01,-0.015,-0.055,0.10385044,0.031440943,0.061249923
0 days 00:00:10.300000,0.0012972041737795694,-0.5375880000000001,0.23936400000000002,9.939492000000001,0.16046213093709882,0.16046213093709882,0.16046213093709882,0.16046213093709882,-0.00017453292519943296,0.0010471975511965976,0.004363323129985824,-1.0,13.09,37.8,1,1,100.0,4,0.015,0.05,-0.045,52.6480057,9.7453129,33.02,31.990000000000002,52.6480007,9.7453161,0.02356194490192345,-0.01780235837034216,4.260348704118158,-0.01,-0.03,0.04,0.049191017,0.016076827,0.04551681
0 days 00:00:10.310000,0.0012972041737795694,-0.635688,0.266832,9.696204000000002,0.16046213093709882,0.16046213093709882,0.16046213093709882,0.16046213093709882,0.00017453292519943296,-0.00645771823237902,0.00471238898038469,-1.0,13.09,37.8,1,1,100.0,4,0.015,0.05,-0.045,52.6480057,9.7453129,33.02,31.990000000000002,52.6480007,9.7453161,0.02356194490192345,-0.01780235837034216,4.260348704118158,-0.01,-0.03,0.04,0.049191017,0.016076827,0.04551681
0 days 00:00:10.320000,0.0012972041737795694,-0.33746400000000004,0.27075600000000005,9.743292000000002,0.15377620881471973,0.15377620881471973,0.15377620881471973,0.15377620881471973,0.00017453292519943296,-0.0008726646259971648,0.005585053606381855,-1.0,13.09,37.8,1,1,100.0,4,0.015,0.045,-0.045,52.6480057,9.7453129,33.02,31.990000000000002,52.6480007,9.7453161,0.02356194490192345,-0.01780235837034216,4.260523237043358,-0.01,-0.03,0.04,0.044191808,0.01607473,0.04542783
0 days 00:00:10.330000,0.0012972041737795694,-0.596448,0.23544,9.711900000000002,0.15377620881471973,0.15377620881471973,0.15377620881471973,0.15377620881471973,0.0005235987755982988,-0.0006981317007977319,0.006108652381980153,10.0,13.09,37.8,1,1,100.0,4,0.015,0.04,-0.045,52.6480057,9.7453129,33.02,31.990000000000002,52.6480007,9.7453161,0.02356194490192345,-0.01780235837034216,4.260523237043358,-0.01,-0.03,0.04,0.0391926,0.016072633,0.045338847
0 days 00:00:10.340000,0.0012972041737795694,-0.702396,0.266832,9.511776000000001,0.15377620881471973,0.15377620881471973,0.15377620881471973,0.15377620881471973,0.0,-0.005934119456780722,0.006283185307179587,10.0,13.09,37.8,1,1,100.0,4,0.015,0.04,-0.045,52.6480057,9.7453129,33.02,31.990000000000002,52.6480007,9.7453161,0.02356194490192345,-0.01780235837034216,4.260523237043358,-0.01,-0.03,0.04,0.0391926,0.016072633,0.045338847
0 days 00:00:10.350000,0.0012972041737795694,-0.49050000000000005,0.258984,9.613800000000001,0.15377620881471973,0.15377620881471973,0.15377620881471973,0.15377620881471973,0.0,-0.00034906585039886593,0.005934119456780722,10.0,13.09,37.8,1,1,100.0,4,0.005,0.035,-0.035,52.6480057,9.7453129,33.01,31.990000000000002,52.6480007,9.7453161,0.024260076602721184,-0.017976891295541596,4.260872302893757,-0.03,-0.045,0.015,0.03436519,0.005862673,0.03549173
0 days 00:00:10.360000,0.0012972041737795694,-0.6906240000000001,0.23544,9.605952000000002,0.15377620881471973,0.15377620881471973,0.15377620881471973,0.15377620881471973,-0.0005235987755982988,-0.0006981317007977319,0.006283185307179587,10.0,13.09,37.8,1,1,100.0,4,0.005,0.035,-0.035,52.6480057,9.7453129,33.01,32.0,52.6480007,9.7453161,0.024260076602721184,-0.017976891295541596,4.260872302893757,-0.03,-0.045,0.015,0.03436519,0.005862673,0.03549173
0 days 00:00:10.370000,0.0012972041737795694,-0.7416360000000001,0.21582000000000004,9.543168,0.1404043645699615,0.1404043645699615,0.1404043645699615,0.1404043645699615,-0.0006981317007977319,-0.005061454830783556,0.006108652381980153,10.0,13.09,37.8,1,1,100.0,4,0.005,0.03,-0.035,52.6480057,9.7453129,33.01,32.0,52.6480007,9.7453161,0.024260076602721184,-0.017976891295541596,4.260872302893757,-0.03,-0.045,0.015,0.029365994,0.0058604926,0.035401877
0 days 00:00:10.380000,0.0012972041737795694,-0.5611320000000001,0.223668,9.566712,0.1404043645699615,0.1404043645699615,0.1404043645699615,0.1404043645699615,-0.0013962634015954637,-0.0031415926535897933,0.0054105206811824215,10.0,13.09,37.8,1,1,100.0,4,0.005,0.02,-0.03,52.6480057,9.7453129,33.01,32.0,52.6480007,9.7453161,0.024260076602721184,-0.017976891295541596,4.261046835818957,-0.03,-0.045,0.015,0.019457491,0.005734863,0.03022445
0 days 00:00:10.390000,0.0012972041737795694,-0.6003720000000001,0.21189600000000003,9.645192000000002,0.1404043645699615,0.1404043645699615,0.1404043645699615,0.1404043645699615,-0.0020943951023931952,-0.0017453292519943296,0.005061454830783556,10.0,13.09,37.8,1,1,100.0,4,0.005,0.015,-0.025,52.6480057,9.7453129,33.01,31.990000000000002,52.6480007,9.7453161,0.024260076602721184,-0.01780235837034216,4.261046835818957,-0.03,-0.045,0.015,0.014552588,0.005611352,0.025134338
0 days 00:00:10.400000,0.0012972041737795694,-0.671004,0.184428,9.582408000000001,0.1404043645699615,0.1404043645699615,0.1404043645699615,0.1404043645699615,-0.0022689280275926286,-0.006108652381980153,0.0041887902047863905,10.0,13.09,37.8,1,1,100.0,4,0.005,0.01,-0.015,52.6480057,9.7453129,33.01,31.990000000000002,52.6480007,9.7453161,0.024260076602721184,-0.017627825445142728,4.261046835818957,0.0,-0.01,-0.0,0.009734043,0.0053666136,0.015048184
0 days 00:00:10.410000,0.0012972041737795694,-0.4198680000000001,0.17658000000000004,9.605952000000002,0.1404043645699615,0.1404043645699615,0.1404043645699615,0.1404043645699615,-0.002617993877991494,-0.005235987755982988,0.0031415926535897933,10.0,13.09,37.8,1,1,100.0,4,0.005,0.005,-0.015,52.6480057,9.7453129,33.01,31.990000000000002,52.6480007,9.7453161,0.024260076602721184,-0.017453292519943295,4.261221368744156,0.0,-0.01,-0.0,0.0047374526,0.0053644553,0.01495925
0 days 00:00:10.420000,0.0012972041737795694,-0.384552,0.16873200000000002,9.676584000000002,0.13371844244758238,0.13371844244758238,0.13371844244758238,0.13371844244758238,-0.003316125578789226,-0.003490658503988659,0.0020943951023931952,10.0,13.09,37.8,1,1,100.0,4,0.005,0.0,-0.01,52.6480057,9.7453129,33.01,31.990000000000002,52.6480007,9.7453161,0.024260076602721184,-0.017453292519943295,4.261221368744156,0.0,-0.01,-0.0,-0.00017452406,0.0052410685,0.009874246
0 days 00:00:10.430000,0.0012972041737795694,-0.45126,0.13734000000000002,9.641268,0.13371844244758238,0.13371844244758238,0.13371844244758238,0.13371844244758238,-0.003490658503988659,-0.006981317007977318,0.0013962634015954637,10.0,13.09,37.8,1,1,100.0,4,0.005,0.0,-0.01,52.6480057,9.7453129,33.01,31.990000000000002,52.6480007,9.7453161,0.024260076602721184,-0.017453292519943295,4.261221368744156,0.0,-0.01,-0.0,-0.00017452406,0.0052410685,0.009874246
0 days 00:00:10.440000,0.0012972041737795694,-0.22759200000000002,0.13734000000000002,9.602028,0.13371844244758238,0.13371844244758238,0.13371844244758238,0.13371844244758238,-0.004363323129985824,-0.006806784082777885,0.00034906585039886593,10.0,13.09,37.8,1,1,100.0,4,0.0,-0.005,-0.01,52.6480057,9.745313,33.01,32.0,52.6480007,9.7453161,0.024260076602721184,-0.017278759594743863,4.261221368744156,0.0,-0.01,-0.0,-0.0051720324,0.00024044512,0.009909201
0 days 00:00:10.450000,0.0012972041737795694,-0.12164400000000002,0.129492,9.79038,0.13371844244758238,0.13371844244758238,0.13371844244758238,0.13371844244758238,-0.00471238898038469,-0.0027925268031909274,-0.0008726646259971648,10.0,13.09,37.8,1,1,100.0,4,0.0,-0.005,-0.005,52.6480057,9.745313,32.99,32.0,52.6480007,9.7453161,0.02408554367752175,-0.01710422666954443,4.261221368744156,0.015,0.01,0.025,-0.005084785,0.00011833894,0.0049123266
0 days 00:00:10.460000,0.0012972041737795694,-0.21582000000000004,0.10594800000000001,9.79038,0.13371844244758238,0.13371844244758238,0.13371844244758238,0.13371844244758238,-0.00471238898038469,-0.006108652381980153,-0.0022689280275926286,10.0,13.09,37.8,1,1,100.0,4,0.0,-0.005,-0.005,52.6480057,9.745313,32.99,32.0,52.6480007,9.7453161,0.023911010752322315,-0.01710422666954443,4.261046835818957,0.015,0.01,0.025,-0.005084785,0.00011748157,0.004912347
0 days 00:00:10.470000,0.0012972041737795694,-0.03531600000000001,0.149112,9.770760000000001,0.13371844244758238,0.13371844244758238,0.13371844244758238,0.13371844244758238,-0.004363323129985824,-0.006981317007977318,-0.0031415926535897933,10.0,13.09,37.8,1,1,100.0,4,0.0,-0.005,-0.005,52.6480057,9.745313,32.99,31.990000000000002,52.6480007,9.7453161,0.023911010752322315,-0.016929693744344994,4.261046835818957,0.015,0.01,0.025,-0.005083928,0.000117502794,0.004913234
0 days 00:00:10.480000,0.0012972041737795694,0.0981,0.15696000000000002,9.896328000000002,0.13371844244758238,0.13371844244758238,0.13371844244758238,0.13371844244758238,-0.003490658503988659,-0.004363323129985824,-0.0038397243543875246,10.0,13.09,37.8,1,1,100.0,4,0.0,-0.005,-0.005,52.6480057,9.745313,32.99,31.990000000000002,52.6480007,9.7453161,0.023911010752322315,-0.016929693744344994,4.261046835818957,0.015,0.01,0.025,-0.005083928,0.000117502794,0.004913234
0 days 00:00:10.490000,0.0012972041737795694,0.027468000000000003,0.17265600000000003,9.84924,0.13371844244758238,0.13371844244758238,0.13371844244758238,0.13371844244758238,-0.002967059728390361,-0.007330382858376183,-0.004537856055185257,10.0,13.09,37.8,1,1,100.0,4,0.0,0.0,-0.005,52.6480058,9.745313099999999,32.99,31.990000000000002,52.6480007,9.7453161,0.023911010752322315,-0.016929693744344994,4.261046835818957,0.015,0.01,0.025,-8.464442e-05,0.000119526536,0.0049978546
0 days 00:00:10.500000,0.0012972041737795694,0.16873200000000002,0.16088400000000003,9.853164,0.13371844244758238,0.13371844244758238,0.13371844244758238,0.13371844244758238,-0.0024434609527920616,-0.006632251157578452,-0.004363323129985824,10.0,13.09,37.8,1,1,100.0,4,0.0,0.0,-0.005,52.6480058,9.745313099999999,33.0,31.990000000000002,52.6480007,9.7453161,0.023736477827122883,-0.016755160819145562,4.260872302893757,0.015,0.015,-0.005,-8.3771876e-05,0.00011865457,0.00499789
0 days 00:00:10.510000,0.0012972041737795694,0.20404800000000003,0.192276,9.912024,0.13371844244758238,0.13371844244758238,0.13371844244758238,0.13371844244758238,-0.0022689280275926286,-0.004014257279586958,-0.004363323129985824,10.0,13.09,37.8,1,1,100.0,4,0.0,0.0,-0.005,52.6480058,9.745313099999999,33.0,31.990000000000002,52.6480007,9.7453161,0.023736477827122883,-0.016580627893946133,4.260872302893757,0.015,0.015,-0.005,-8.2899336e-05,0.00011865493,0.0049979044
0 days 00:00:10.520000,0.0012972041737795694,0.09417600000000001,0.180504,9.857088000000003,0.13371844244758238,0.13371844244758238,0.13371844244758238,0.13371844244758238,-0.0017453292519943296,-0.006108652381980153,-0.0038397243543875246,10.0,13.09,37.8,1,1,100.0,4,0.0,0.005,-0.005,52.6480058,9.745313099999999,33.0,31.990000000000002,52.6480007,9.7453161,0.023736477827122883,-0.016580627893946133,4.260872302893757,0.015,0.015,-0.005,0.004916413,0.00012062248,0.0050807805
0 days 00:00:10.530000,0.0012972041737795694,0.22759200000000002,0.16088400000000003,9.892404,0.13371844244758238,0.13371844244758238,0.13371844244758238,0.13371844244758238,-0.0012217304763960308,-0.004537856055185257,-0.0036651914291880917,10.0,13.09,37.8,1,1,100.0,4,-0.005,0.005,-0.005,52.6480058,9.745313099999999,33.0,31.990000000000002,52.6480007,9.7453161,0.023736477827122883,-0.016580627893946133,4.260872302893757,0.015,0.015,-0.005,0.004916413,-0.0048779687,0.005199452
0 days 00:00:10.540000,0.0012972041737795694,0.24328800000000003,0.17265600000000003,9.970884,0.13371844244758238,0.13371844244758238,0.13371844244758238,0.13371844244758238,-0.0008726646259971648,-0.0027925268031909274,-0.0036651914291880917,10.0,13.09,37.8,1,1,100.0,4,-0.005,0.01,-0.005,52.6480058,9.745313099999999,33.0,31.990000000000002,52.6480007,9.7453161,0.023736477827122883,-0.0164060949687467,4.260697769968557,0.015,0.015,-0.005,0.009916627,-0.0048760427,0.0052805976
0 days 00:00:10.550000,0.0012972041737795694,0.16873200000000002,0.16873200000000002,9.904176000000001,0.12034659820282413,0.12034659820282413,0.12034659820282413,0.12034659820282413,0.0,-0.0054105206811824215,-0.002617993877991494,10.0,13.09,37.8,1,1,100.0,4,-0.005,0.005,-0.005,52.6480058,9.745313099999999,33.01,31.990000000000002,52.6480007,9.7453161,0.02356194490192345,-0.0158824961931484,4.260697769968557,0.01,0.04,0.005,0.00491996,-0.0048789573,0.0051951674
0 days 00:00:10.560000,0.0012972041737795694,0.32176800000000005,0.15696000000000002,9.955188000000001,0.12034659820282413,0.12034659820282413,0.12034659820282413,0.12034659820282413,0.0008726646259971648,-0.003316125578789226,-0.0019198621771937623,10.0,13.09,37.8,1,1,100.0,4,-0.005,0.01,-0.005,52.6480058,9.745313099999999,33.01,31.990000000000002,52.6480007,9.7453161,0.02356194490192345,-0.0158824961931484,4.260697769968557,0.01,0.04,0.005,0.00991933,-0.0048770863,0.0052745547
0 days 00:00:10.570000,0.0012972041737795694,0.27075600000000005,0.18835200000000002,9.951264,0.12034659820282413,0.12034659820282413,0.12034659820282413,0.12034659820282413,0.0010471975511965976,-0.0017453292519943296,-0.0012217304763960308,10.0,13.09,37.8,1,1,100.0,4,-0.005,0.015,-0.01,52.6480058,9.745313099999999,33.01,31.990000000000002,52.6480007,9.7453161,0.02356194490192345,-0.0158824961931484,4.260697769968557,0.01,0.04,0.005,0.01483929,-0.004757432,0.010351923
0 days 00:00:10.580000,0.0012972041737795694,0.14126400000000003,0.21974400000000002,9.884556000000002,0.12034659820282413,0.12034659820282413,0.12034659820282413,0.12034659820282413,0.0017453292519943296,-0.0036651914291880917,-0.0006981317007977319,10.0,13.09,37.8,1,1,100.0,4,-0.005,0.02,-0.01,52.6480058,9.745313099999999,33.01,31.990000000000002,52.6480007,9.7453161,0.023736477827122883,-0.0158824961931484,4.260697769968557,0.01,0.04,0.005,0.01983866,-0.00475374,0.010432141
0 days 00:00:10.590000,0.0012972041737795694,0.15696000000000002,0.24328800000000003,9.798228,0.12034659820282413,0.12034659820282413,0.12034659820282413,0.12034659820282413,0.0017453292519943296,-0.0022689280275926286,0.00017453292519943296,10.0,13.09,37.8,1,1,100.0,4,-0.005,0.02,-0.01,52.6480058,9.745313099999999,33.01,31.990000000000002,52.6480007,9.7453161,0.023736477827122883,-0.015707963267948967,4.260697769968557,0.01,0.04,0.005,0.019840458,-0.0047538225,0.010428679
0 days 00:00:10.600000,0.0012972041737795694,0.074556,0.23936400000000002,9.833544,0.12034659820282413,0.12034659820282413,0.12034659820282413,0.12034659820282413,0.0024434609527920616,0.0008726646259971648,0.0013962634015954637,10.0,13.09,37.8,1,1,100.0,4,0.0,0.015,-0.005,52.6480058,9.745313099999999,33.01,31.990000000000002,52.6480007,9.7453161,0.023387411976724018,-0.015009831567151233,4.260523237043358,0.025,0.04,-0.025,0.014923264,0.00012217816,0.005223147
0 days 00:00:10.610000,0.0012972041737795694,-0.09417600000000001,0.25506,9.766836000000001,0.12034659820282413,0.12034659820282413,0.12034659820282413,0.12034659820282413,0.003316125578789226,0.0005235987755982988,0.0020943951023931952,10.0,13.09,37.8,1,1,100.0,4,0.0,0.015,-0.005,52.6480058,9.745313099999999,33.01,31.990000000000002,52.6480007,9.7453161,0.023387411976724018,-0.015009831567151233,4.260523237043358,0.025,0.04,-0.025,0.014923264,0.00012217816,0.005223147
0 days 00:00:10.620000,0.0012972041737795694,-0.11379600000000001,0.258984,9.727596,0.12034659820282413,0.12034659820282413,0.12034659820282413,0.12034659820282413,0.0038397243543875246,0.0013962634015954637,0.0027925268031909274,10.0,13.09,37.8,1,1,100.0,4,0.0,0.015,-0.005,52.6480058,9.745313099999999,33.01,31.990000000000002,52.6480007,9.7453161,0.02356194490192345,-0.015009831567151233,4.260523237043358,0.025,0.04,-0.025,0.014923264,0.00012308978,0.0052231257
0 days 00:00:10.630000,0.0012972041737795694,-0.16873200000000002,0.251136,9.762912000000002,0.11366067608044501,0.11366067608044501,0.11366067608044501,0.11366067608044501,0.005061454830783556,0.003316125578789226,0.003316125578789226,10.0,13.09,37.8,1,1,100.0,4,0.0,0.015,-0.005,52.6480058,9.745313099999999,33.01,31.990000000000002,52.6480007,9.7453161,0.02356194490192345,-0.015009831567151233,4.260697769968557,0.025,0.04,-0.025,0.014923264,0.00012308978,0.0052231257
0 days 00:00:10.640000,0.0012972041737795694,-0.27075600000000005,0.26290800000000003,9.774684,0.11366067608044501,0.11366067608044501,0.11366067608044501,0.11366067608044501,0.005585053606381855,0.003490658503988659,0.003490658503988659,10.0,13.09,37.8,1,1,100.0,4,0.0,0.015,-0.0,52.6480058,9.745313099999999,33.01,31.990000000000002,52.6480007,9.7453161,0.02356194490192345,-0.015184364492350668,4.260697769968557,0.025,0.04,-0.025,0.01499827,5.365894e-06,0.00022769348
0 days 00:00:10.650000,0.0012972041737795694,-0.306072,0.26290800000000003,9.735444000000001,0.11366067608044501,0.11366067608044501,0.11366067608044501,0.11366067608044501,0.005585053606381855,0.002617993877991494,0.0041887902047863905,10.0,13.09,37.8,1,1,100.0,4,0.005,0.01,-0.0,52.6480058,9.745313099999999,33.01,31.990000000000002,52.6480007,9.7453161,0.02356194490192345,-0.015009831567151233,4.260697769968557,-0.005,-0.005,-0.04,0.009998873,0.005002148,3.22522e-05
0 days 00:00:10.660000,0.0012972041737795694,-0.266832,0.266832,9.770760000000001,0.11366067608044501,0.11366067608044501,0.11366067608044501,0.11366067608044501,0.005585053606381855,0.0038397243543875246,0.004014257279586958,10.0,13.09,37.8,1,1,100.0,4,0.005,0.01,-0.0,52.6480058,9.745313099999999,33.01,31.990000000000002,52.6480007,9.7453161,0.02356194490192345,-0.015009831567151233,4.260697769968557,-0.005,-0.005,-0.04,0.009998873,0.005002148,3.22522e-05
0 days 00:00:10.670000,0.0012972041737795694,-0.361008,0.266832,9.739368,0.11366067608044501,0.11366067608044501,0.11366067608044501,0.11366067608044501,0.004537856055185257,0.003490658503988659,0.004363323129985824,5.5,13.09,37.8,1,1,100.0,4,0.005,0.01,-0.0,52.6480058,9.745313099999999,33.01,31.990000000000002,52.6480007,9.7453161,0.023736477827122883,-0.015009831567151233,4.260697769968557,-0.005,-0.005,-0.04,0.009998873,0.0050021536,3.1379168e-05
0 days 00:00:10.680000,0.0012972041737795694,-0.33746400000000004,0.278604,9.684432000000001,0.11366067608044501,0.11366067608044501,0.11366067608044501,0.11366067608044501,0.0031415926535897933,0.002967059728390361,0.004014257279586958,1.0,13.09,37.8,1,1,100.0,4,0.005,0.005,0.005,52.6480058,9.745313099999999,33.01,31.990000000000002,52.6480007,9.7453161,0.023736477827122883,-0.015184364492350668,4.260697769968557,-0.005,-0.005,-0.04,0.0050753425,0.004881736,-0.005040789
0 days 00:00:10.690000,0.0012972041737795694,-0.317844,0.28252800000000006,9.688356,0.11366067608044501,0.11366067608044501,0.11366067608044501,0.11366067608044501,0.0019198621771937623,0.004363323129985824,0.003490658503988659,1.0,13.09,37.8,1,1,100.0,4,0.005,0.005,0.005,52.6480057,9.745313099999999,33.01,31.990000000000002,52.6480007,9.7453161,0.023736477827122883,-0.015184364492350668,4.260872302893757,-0.005,-0.005,-0.04,0.0050753425,0.004881736,-0.005040789
0 days 00:00:10.700000,0.0012972041737795694,-0.41594400000000004,0.251136,9.696204000000002,0.11366067608044501,0.11366067608044501,0.11366067608044501,0.11366067608044501,0.0010471975511965976,0.0038397243543875246,0.003490658503988659,1.0,13.09,37.65,1,1,100.0,4,0.0,0.005,-0.0,52.6480057,9.745313099999999,33.02,31.990000000000002,52.6480007,9.7453161,0.02408554367752175,-0.0153588974175501,4.260872302893757,-0.02,-0.01,0.025,0.00499941,1.8493855e-06,7.6769196e-05
0 days 00:00:10.710000,0.0012972041737795694,-0.380628,0.266832,9.684432000000001,0.10028883183568676,0.10028883183568676,0.10028883183568676,0.10028883183568676,0.00017453292519943296,0.004014257279586958,0.0024434609527920616,1.0,13.09,37.5,1,1,100.0,4,0.0,0.005,-0.0,52.6480057,9.745313099999999,33.02,31.990000000000002,52.6480007,9.7453161,0.02408554367752175,-0.0153588974175501,4.260872302893757,-0.02,-0.01,0.025,0.00499941,1.8493855e-06,7.6769196e-05
0 days 00:00:10.720000,0.0012972041737795694,-0.40809600000000007,0.258984,9.735444000000001,0.10028883183568676,0.10028883183568676,0.10028883183568676,0.10028883183568676,-0.0006981317007977319,0.00471238898038469,0.0020943951023931952,1.0,13.09,37.65,1,1,100.0,4,0.0,0.0,-0.0,52.6480057,9.745313099999999,33.02,31.990000000000002,52.6480007,9.7453161,0.02408554367752175,-0.0153588974175501,4.260872302893757,-0.02,-0.01,0.025,0.0,0.0,0.0
0 days 00:00:10.730000,0.0012972041737795694,-0.447336,0.258984,9.758988,0.10028883183568676,0.10028883183568676,0.10028883183568676,0.10028883183568676,-0.0013962634015954637,0.003316125578789226,0.0013962634015954637,1.0,13.09,37.8,1,1,100.0,4,0.0,0.0,-0.0,52.6480057,9.745313099999999,33.02,31.990000000000002,52.6480007,9.7453161,0.02408554367752175,-0.015533430342749533,4.261046835818957,-0.02,-0.01,0.025,0.0,0.0,0.0
0 days 00:00:10.740000,0.0012972041737795694,-0.41202000000000005,0.25506,9.770760000000001,0.10028883183568676,0.10028883183568676,0.10028883183568676,0.10028883183568676,-0.0020943951023931952,0.0027925268031909274,0.0008726646259971648,1.0,13.09,37.8,1,1,100.0,4,0.0,-0.005,0.005,52.6480057,9.745313099999999,33.02,31.990000000000002,52.6480007,9.7453161,0.02408554367752175,-0.015533430342749533,4.261046835818957,-0.02,-0.01,0.025,-0.004921733,-0.00012227194,-0.0050755884
0 days 00:00:10.750000,0.0012972041737795694,-0.37670400000000004,0.24721200000000002,9.81,0.10028883183568676,0.10028883183568676,0.10028883183568676,0.10028883183568676,-0.0027925268031909274,0.002967059728390361,0.00017453292519943296,1.0,13.09,37.8,1,1,100.0,4,-0.005,0.0,0.005,52.6480057,9.745313099999999,33.02,31.990000000000002,52.6480007,9.7453161,0.02408554367752175,-0.015707963267948967,4.261046835818957,-0.015,-0.02,-0.01,7.8536585e-05,-0.005118951,-0.004877517
0 days 00:00:10.760000,0.0012972041737795694,-0.41202000000000005,0.23544,9.786456000000001,0.10028883183568676,0.10028883183568676,0.10028883183568676,0.10028883183568676,-0.003490658503988659,0.00017453292519943296,-0.00034906585039886593,0.0,13.09,37.65,1,1,100.0,4,-0.005,0.0,0.005,52.6480057,9.745313099999999,33.02,31.990000000000002,52.6480007,9.7453161,0.02408554367752175,-0.0158824961931484,4.261046835818957,-0.015,-0.02,-0.01,7.940915e-05,-0.0051189507,-0.0048775035
0 days 00:00:10.770000,0.0012972041737795694,-0.30999600000000005,0.21974400000000002,9.813924,0.10028883183568676,0.10028883183568676,0.10028883183568676,0.10028883183568676,-0.0031415926535897933,-0.0010471975511965976,-0.0008726646259971648,-0.5,13.09,37.5,1,1,100.0,4,-0.005,-0.005,0.005,52.6480057,9.745313099999999,33.02,31.990000000000002,52.6480007,9.7453161,0.02408554367752175,-0.0158824961931484,4.261046835818957,-0.015,-0.02,-0.01,-0.00491996,-0.005120863,-0.0049568894
0 days 00:00:10.780000,0.0012972041737795694,-0.231516,0.22759200000000002,9.802152000000001,0.10028883183568676,0.10028883183568676,0.10028883183568676,0.10028883183568676,-0.0031415926535897933,-0.0006981317007977319,-0.0015707963267948967,-1.0,13.09,37.65,1,1,100.0,4,-0.005,-0.005,0.005,52.6480057,9.745313099999999,33.02,31.990000000000002,52.6480007,9.7453161,0.023911010752322315,-0.0158824961931484,4.261046835818957,-0.015,-0.02,-0.01,-0.00491996,-0.005119998,-0.004957783
0 days 00:00:10.790000,0.0011792765216177901,-0.23544,0.21582000000000004,9.817848000000001,0.10028883183568676,0.10028883183568676,0.10028883183568676,0.10028883183568676,-0.0027925268031909274,-0.0020943951023931952,-0.0020943951023931952,-1.0,13.09,37.8,1,1,100.0,4,-0.005,-0.005,0.005,52.6480057,9.745313099999999,33.02,31.990000000000002,52.6480007,9.7453161,0.023911010752322315,-0.015707963267948967,4.261046835818957,-0.015,-0.02,-0.01,-0.0049208463,-0.005119977,-0.0049569244
0 days 00:00:10.800000,0.0011792765216177901,-0.180504,0.21582000000000004,9.813924,0.10028883183568676,0.10028883183568676,0.10028883183568676,0.10028883183568676,-0.0024434609527920616,-0.002967059728390361,-0.0022689280275926286,-2.0,13.09,37.65,1,1,100.0,4,0.005,0.005,-0.005,52.6480057,9.745313099999999,33.02,31.990000000000002,52.6480007,9.7453161,0.023736477827122883,-0.016057029118347832,4.260872302893757,0.005,-0.04,0.055,0.0049190735,0.005119153,0.004959535
0 days 00:00:10.810000,0.0011792765216177901,-0.10594800000000001,0.21582000000000004,9.86886,0.10028883183568676,0.10028883183568676,0.10028883183568676,0.10028883183568676,-0.0020943951023931952,-0.0020943951023931952,-0.002617993877991494,-3.0,13.09,37.5,1,1,100.0,4,0.005,0.005,-0.005,52.6480057,9.745313099999999,33.02,31.990000000000002,52.6480007,9.7453161,0.023736477827122883,-0.016057029118347832,4.260872302893757,0.005,-0.04,0.055,0.0049190735,0.005119153,0.004959535
0 days 00:00:10.820000,0.0011792765216177901,-0.17658000000000004,0.20012400000000002,9.884556000000002,0.0,0.0,0.0,0.0,-0.0019198621771937623,-0.0036651914291880917,-0.0024434609527920616,-4.0,13.09,37.5,1,1,100.0,4,0.005,0.005,-0.005,52.6480057,9.745313099999999,33.02,31.990000000000002,52.6480007,9.7453161,0.023736477827122883,-0.016057029118347832,4.260872302893757,0.005,-0.04,0.055,0.0049190735,0.005119153,0.004959535
0 days 00:00:10.830000,0.0011792765216177901,-0.10987200000000001,0.21189600000000003,9.872784,0.0,0.0,0.0,0.0,-0.0020943951023931952,-0.004886921905584123,-0.0024434609527920616,-4.0,13.09,37.5,1,1,100.0,4,0.005,0.005,-0.005,52.6480057,9.745313099999999,33.02,31.990000000000002,52.6480007,9.7453161,0.023736477827122883,-0.016057029118347832,4.260872302893757,0.005,-0.04,0.055,0.0049190735,0.005119153,0.004959535
0 days 00:00:10.840000,0.0011792765216177901,-0.047088000000000005,0.21189600000000003,9.931644,0.0,0.0,0.0,0.0,-0.0022689280275926286,-0.003490658503988659,-0.0019198621771937623,-4.0,13.09,37.5,1,1,100.0,4,0.005,0.005,-0.005,52.6480057,9.745313099999999,33.02,31.990000000000002,52.6480007,9.7453161,0.02356194490192345,-0.016057029118347832,4.260872302893757,0.005,-0.04,0.055,0.0049190735,0.0051182867,0.0049604285
0 days 00:00:10.850000,0.0011792765216177901,-0.09417600000000001,0.20012400000000002,9.908100000000001,0.0,0.0,0.0,0.0,-0.0024434609527920616,-0.005061454830783556,-0.0013962634015954637,-5.0,13.09,37.5,1,1,100.0,4,0.0,0.005,-0.01,52.6480057,9.745313099999999,33.02,31.990000000000002,52.6480007,9.7453161,0.02356194490192345,-0.0158824961931484,4.260697769968557,0.005,0.005,0.015,0.004840551,0.0002374388,0.01007535
0 days 00:00:10.860000,0.0011792765216177901,-0.04316400000000001,0.1962,9.864936,0.0,0.0,0.0,0.0,-0.0027925268031909274,-0.006283185307179587,-0.0012217304763960308,-5.0,13.09,37.5,1,1,100.0,4,0.0,0.005,-0.01,52.6480057,9.745313099999999,33.02,31.990000000000002,52.6480007,9.7453161,0.02356194490192345,-0.0158824961931484,4.260697769968557,0.005,0.005,0.015,0.004840551,0.0002374388,0.01007535
0 days 00:00:10.870000,0.0011792765216177901,0.031392,0.20012400000000002,9.908100000000001,0.0,0.0,0.0,0.0,-0.0022689280275926286,-0.004886921905584123,-0.0008726646259971648,-5.5,13.09,37.5,1,1,100.0,4,0.0,0.005,-0.01,52.6480057,9.745313099999999,33.02,31.990000000000002,52.6480007,9.7453161,0.02356194490192345,-0.0158824961931484,4.260697769968557,0.005,0.005,0.015,0.004840551,0.0002374388,0.01007535
0 days 00:00:10.880000,0.0011792765216177901,-0.039240000000000004,0.21189600000000003,9.82962,0.0,0.0,0.0,0.0,-0.0024434609527920616,-0.0054105206811824215,0.0,-6.0,13.09,37.5,1,1,100.0,4,0.0,0.01,-0.01,52.6480057,9.745313099999999,33.02,31.990000000000002,52.6480007,9.7453161,0.02356194490192345,-0.015707963267948967,4.260697769968557,0.005,0.005,0.015,0.009841693,0.00023926918,0.010153021
0 days 00:00:10.890000,0.0011792765216177901,0.027468000000000003,0.192276,9.806076000000001,0.0,0.0,0.0,0.0,-0.0024434609527920616,-0.004886921905584123,0.0005235987755982988,-7.0,13.09,37.5,1,1,100.0,4,0.0,0.01,-0.01,52.6480057,9.7453132,33.02,31.990000000000002,52.6480007,9.7453161,0.02356194490192345,-0.015707963267948967,4.260697769968557,0.005,0.005,0.015,0.009841693,0.00023926918,0.010153021
0 days 00:00:10.900000,0.0011792765216177901,0.05886,0.17265600000000003,9.833544,0.0,0.0,0.0,0.0,-0.0019198621771937623,-0.002967059728390361,0.0008726646259971648,-7.0,13.09,37.5,1,1,100.0,4,0.0,0.0,-0.005,52.6480057,9.7453132,33.03,31.990000000000002,52.6480007,9.7453161,0.02356194490192345,-0.015533430342749533,4.260697769968557,0.01,0.025,-0.02,-7.766402e-05,0.00011778461,0.004998009
0 days 00:00:10.910000,0.0011792765216177901,-0.019620000000000002,0.180504,9.817848000000001,0.0,0.0,0.0,0.0,-0.0013962634015954637,-0.0027925268031909274,0.0015707963267948967,-7.0,13.09,37.5,1,1,100.0,4,0.0,0.005,-0.005,52.6480057,9.7453132,33.03,31.990000000000002,52.6480007,9.7453161,0.02356194490192345,-0.015533430342749533,4.260697769968557,0.01,0.025,-0.02,0.004921733,0.000119614364,0.0050756517
0 days 00:00:10.920000,0.0011792765216177901,0.007848,0.20012400000000002,9.802152000000001,0.0,0.0,0.0,0.0,-0.0010471975511965976,-0.0017453292519943296,0.0019198621771937623,-7.0,13.09,37.5,1,1,100.0,4,0.0,0.005,-0.005,52.6480057,9.7453132,33.03,31.990000000000002,52.6480007,9.7453161,0.02356194490192345,-0.0153588974175501,4.260697769968557,0.01,0.025,-0.02,0.0049226186,0.00011959412,0.0050747925
0 days 00:00:10.930000,0.0011792765216177901,-0.007848,0.192276,9.813924,0.0,0.0,0.0,0.0,-0.00034906585039886593,-0.0008726646259971648,0.0020943951023931952,-6.0,13.09,37.5,1,1,100.0,4,0.0,0.005,-0.005,52.6480057,9.7453132,33.03,31.990000000000002,52.6480007,9.7453161,0.02356194490192345,-0.0153588974175501,4.260697769968557,0.01,0.025,-0.02,0.0049226186,0.00011959412,0.0050747925
0 days 00:00:10.940000,0.0011792765216177901,-0.066708,0.18835200000000002,9.794304,0.0,0.0,0.0,0.0,0.00017453292519943296,-0.0006981317007977319,0.0024434609527920616,-6.0,13.09,37.5,1,1,100.0,4,0.0,0.01,-0.005,52.6480056,9.7453133,33.03,31.990000000000002,52.6480007,9.7453161,0.02356194490192345,-0.0153588974175501,4.260872302893757,0.01,0.025,-0.02,0.0099220285,0.00012140331,0.005151563
0 days 00:00:10.950000,0.0011792765216177901,-0.074556,0.1962,9.79038,0.0,0.0,0.0,0.0,0.0006981317007977319,0.0006981317007977319,0.0027925268031909274,-6.0,13.09,37.5,1,1,100.0,4,0.005,-0.005,-0.005,52.6480056,9.7453133,33.05,31.990000000000002,52.6480007,9.7453161,0.023387411976724018,-0.015184364492350668,4.260872302893757,0.02,0.015,-0.01,-0.0050753425,0.0051137703,0.004805232
0 days 00:00:10.960000,0.0011792765216177901,-0.11772,0.20797200000000002,9.758988,0.0,0.0,0.0,0.0,0.0010471975511965976,0.0012217304763960308,0.002617993877991494,-6.0,13.09,37.5,1,1,100.0,4,0.005,0.0,-0.005,52.6480056,9.7453133,33.05,31.990000000000002,52.6480007,9.7453161,0.023387411976724018,-0.015184364492350668,4.260872302893757,0.02,0.015,-0.01,-7.59189e-05,0.005115546,0.00488113
0 days 00:00:10.970000,0.0011792765216177901,-0.17265600000000003,0.192276,9.747216000000002,0.0,0.0,0.0,0.0,0.0012217304763960308,0.0015707963267948967,0.0031415926535897933,-6.0,13.09,37.5,1,1,100.0,4,0.005,0.0,-0.0,52.6480056,9.7453133,33.05,31.990000000000002,52.6480007,9.7453161,0.023387411976724018,-0.0153588974175501,4.260872302893757,0.02,0.015,-0.01,0.0,0.0049986327,-0.00011692639
0 days 00:00:10.980000,0.0011792765216177901,-0.13734000000000002,0.223668,9.73152,0.0,0.0,0.0,0.0,0.0008726646259971648,0.0022689280275926286,0.0024434609527920616,-6.0,13.09,37.5,1,1,100.0,4,0.005,0.0,-0.0,52.6480056,9.7453133,33.05,31.990000000000002,52.6480007,9.7453161,0.023387411976724018,-0.0153588974175501,4.260872302893757,0.02,0.015,-0.01,0.0,0.0049986327,-0.00011692639
0 days 00:00:10.990000,0.0011792765216177901,-0.180504,0.20797200000000002,9.755064,0.0,0.0,0.0,0.0,0.0008726646259971648,0.003316125578789226,0.002617993877991494,-6.0,13.09,37.5,1,1,100.0,4,0.005,0.0,-0.0,52.6480056,9.7453133,33.05,31.990000000000002,52.6480007,9.7453161,0.02356194490192345,-0.0153588974175501,4.260872302893757,0.02,0.015,-0.01,0.0,0.004998612,-0.00011779882
0 days 00:00:11,0.0011792765216177901,-0.180504,0.20797200000000002,9.743292000000002,0.0,0.0,0.0,0.0,0.0006981317007977319,0.003316125578789226,0.0022689280275926286,-5.0,13.09,37.5,1,1,100.0,4,-0.005,0.0,0.005,52.6480056,9.7453133,33.05,31.990000000000002,52.6480007,9.7453161,0.02356194490192345,-0.0153588974175501,4.260872302893757,-0.015,-0.005,-0.035,7.679147e-05,-0.005116397,-0.004880224
0 days 00:00:11.010000,0.0011792765216177901,-0.17265600000000003,0.21974400000000002,9.735444000000001,0.0,0.0,0.0,0.0,0.0005235987755982988,0.0036651914291880917,0.0015707963267948967,-1.0,13.09,37.5,1,1,100.0,4,-0.005,0.0,0.005,52.6480056,9.7453133,33.05,31.990000000000002,52.6480007,9.7453161,0.02356194490192345,-0.0153588974175501,4.260872302893757,-0.015,-0.005,-0.035,7.679147e-05,-0.005116397,-0.004880224
0 days 00:00:11.020000,0.0011792765216177901,-0.223668,0.1962,9.778608,0.0,0.0,0.0,0.0,0.0006981317007977319,0.0041887902047863905,0.0013962634015954637,-1.0,13.09,37.5,1,1,100.0,4,-0.005,0.0,0.005,52.6480056,9.7453133,33.05,31.990000000000002,52.6480007,9.7453161,0.02356194490192345,-0.0153588974175501,4.261046835818957,-0.015,-0.005,-0.035,7.679147e-05,-0.005116397,-0.004880224
0 days 00:00:11.030000,0.0011792765216177901,-0.258984,0.20012400000000002,9.758988,0.0,0.0,0.0,0.0,0.0008726646259971648,0.003490658503988659,0.0008726646259971648,-1.0,13.09,37.5,1,1,100.0,4,-0.005,0.0,0.005,52.6480056,9.7453133,33.05,31.990000000000002,52.6480007,9.7453161,0.02356194490192345,-0.015533430342749533,4.261046835818957,-0.015,-0.005,-0.035,7.766402e-05,-0.005116397,-0.0048802104
0 days 00:00:11.040000,0.0011792765216177901,-0.24721200000000002,0.20012400000000002,9.758988,0.0,0.0,0.0,0.0,0.0006981317007977319,0.0038397243543875246,0.0005235987755982988,-1.0,13.09,37.5,1,1,100.0,4,-0.005,0.0,0.005,52.648005399999995,9.7453143,33.05,31.990000000000002,52.6480007,9.7453161,0.02356194490192345,-0.015533430342749533,4.261046835818957,-0.015,-0.005,-0.035,7.766402e-05,-0.005116397,-0.0048802104
0 days 00:00:11.050000,0.0011792765216177901,-0.27468000000000004,0.21974400000000002,9.778608,0.0,0.0,0.0,0.0,0.0008726646259971648,0.003316125578789226,-0.00017453292519943296,-1.0,13.09,37.5,1,1,100.0,4,-0.005,0.005,-0.0,52.648005399999995,9.7453143,33.0,31.990000000000002,52.6480007,9.7453161,0.02356194490192345,-0.015533430342749533,4.261046835818957,-0.01,-0.015,0.025,0.004999397,-0.004996782,0.00019544129
0 days 00:00:11.060000,0.0011792765216177901,-0.290376,0.21189600000000003,9.782532000000002,0.0,0.0,0.0,0.0,0.0006981317007977319,0.0027925268031909274,-0.00034906585039886593,-1.0,13.09,37.5,1,1,100.0,4,-0.005,0.0,0.005,52.648005399999995,9.7453143,33.0,31.990000000000002,52.6480007,9.7453161,0.02356194490192345,-0.015707963267948967,4.261046835818957,-0.01,-0.015,0.025,7.8536585e-05,-0.0051163966,-0.0048801964
0 days 00:00:11.070000,0.0011792765216177901,-0.26290800000000003,0.22759200000000002,9.782532000000002,0.0,0.0,0.0,0.0,0.0006981317007977319,0.0022689280275926286,-0.0008726646259971648,-1.0,13.09,37.5,1,1,100.0,4,-0.005,0.0,0.005,52.648005399999995,9.7453143,33.0,31.990000000000002,52.6480007,9.7453161,0.02356194490192345,-0.015707963267948967,4.261046835818957,-0.01,-0.015,0.025,7.8536585e-05,-0.0051163966,-0.0048801964
0 days 00:00:11.080000,0.0011792765216177901,-0.266832,0.23936400000000002,9.802152000000001,0.0,0.0,0.0,0.0,0.0006981317007977319,0.0019198621771937623,-0.0008726646259971648,-1.0,13.09,37.5,1,1,100.0,4,-0.005,0.0,0.005,52.648005399999995,9.7453143,33.0,31.990000000000002,52.6480007,9.7453161,0.02356194490192345,-0.015707963267948967,4.261046835818957,-0.01,-0.015,0.025,7.8536585e-05,-0.0051163966,-0.0048801964
0 days 00:00:11.090000,0.0011792765216177901,-0.25506,0.231516,9.813924,0.0,0.0,0.0,0.0,0.0008726646259971648,0.0013962634015954637,-0.0012217304763960308,-1.0,13.09,37.5,1,1,100.0,4,-0.005,0.0,0.005,52.648005399999995,9.7453143,33.0,31.990000000000002,52.6480007,9.7453161,0.02356194490192345,-0.015707963267948967,4.260872302893757,-0.01,-0.015,0.025,7.8536585e-05,-0.0051163966,-0.0048801964
0 days 00:00:11.100000,0.0011792765216177901,-0.24328800000000003,0.223668,9.813924,0.0,0.0,0.0,0.0,0.0008726646259971648,0.0008726646259971648,-0.0012217304763960308,-1.0,13.09,37.5,1,1,100.0,4,0.0,0.005,-0.005,52.648005399999995,9.7453143,33.0,31.990000000000002,52.6480007,9.7453161,0.02356194490192345,-0.015707963267948967,4.260872302893757,-0.005,-0.015,0.045,0.0049208463,0.00011963459,0.0050765104
0 days 00:00:11.110000,0.0011792765216177901,-0.24721200000000002,0.21582000000000004,9.821772000000001,0.0,0.0,0.0,0.0,0.0006981317007977319,0.00017453292519943296,-0.0010471975511965976,-1.0,13.09,37.5,1,1,100.0,4,0.0,0.0,-0.005,52.648005399999995,9.7453143,33.0,31.990000000000002,52.6480007,9.7453161,0.02356194490192345,-0.015707963267948967,4.260872302893757,-0.005,-0.015,0.045,-7.8536585e-05,0.000117784286,0.004997995
0 days 00:00:11.120000,0.0011792765216177901,-0.21582000000000004,0.231516,9.825696,0.0,0.0,0.0,0.0,0.00034906585039886593,-0.0006981317007977319,-0.0012217304763960308,-1.0,13.09,37.5,1,1,100.0,4,0.0,0.0,-0.005,52.648005399999995,9.7453143,33.0,31.990000000000002,52.6480007,9.7453161,0.02356194490192345,-0.015707963267948967,4.260872302893757,-0.005,-0.015,0.045,-7.8536585e-05,0.000117784286,0.004997995
0 days 00:00:11.130000,0.0011792765216177901,-0.184428,0.223668,9.857088000000003,0.0,0.0,0.0,0.0,0.00034906585039886593,-0.0005235987755982988,-0.0012217304763960308,-1.0,13.09,37.5,1,1,100.0,4,0.0,0.0,-0.005,52.648005399999995,9.7453143,33.0,31.990000000000002,52.6480007,9.7453161,0.023736477827122883,-0.015707963267948967,4.260872302893757,-0.005,-0.015,0.045,-7.8536585e-05,0.00011865659,0.0049979747
0 days 00:00:11.140000,0.0011792765216177901,-0.22759200000000002,0.22759200000000002,9.84924,0.0,0.0,0.0,0.0,0.0,-0.0017453292519943296,-0.0006981317007977319,-1.0,13.09,37.5,1,1,100.0,4,0.0,0.0,-0.005,52.648005399999995,9.7453143,33.0,31.990000000000002,52.6480007,9.7453161,0.023736477827122883,-0.015707963267948967,4.260872302893757,-0.005,-0.015,0.045,-7.8536585e-05,0.00011865659,0.0049979747
0 days 00:00:11.150000,0.0011792765216177901,-0.17658000000000004,0.23544,9.845316,0.0,0.0,0.0,0.0,-0.00017453292519943296,-0.002617993877991494,-0.0006981317007977319,-1.0,13.09,37.5,1,1,100.0,4,-0.005,0.0,-0.0,52.648005399999995,9.7453143,33.01,31.990000000000002,52.6480007,9.7453161,0.023736477827122883,-0.015707963267948967,4.260872302893757,-0.005,0.005,-0.025,0.0,-0.0049985913,0.00011867123
0 days 00:00:11.160000,0.0011792765216177901,-0.15696000000000002,0.223668,9.861012,0.0,0.0,0.0,0.0,0.0,-0.0024434609527920616,-0.00034906585039886593,-1.0,13.09,37.5,1,1,100.0,4,-0.005,0.0,-0.0,52.648005399999995,9.7453143,33.01,31.990000000000002,52.6480007,9.7453161,0.023736477827122883,-0.015707963267948967,4.260872302893757,-0.005,0.005,-0.025,0.0,-0.0049985913,0.00011867123
0 days 00:00:11.170000,0.0011792765216177901,-0.16480800000000004,0.231516,9.864936,0.0,0.0,0.0,0.0,0.0,-0.002967059728390361,-0.00017453292519943296,-1.0,13.09,37.5,1,1,100.0,4,-0.005,0.0,-0.0,52.648005399999995,9.7453143,33.01,31.990000000000002,52.6480007,9.7453161,0.023736477827122883,-0.015707963267948967,4.260872302893757,-0.005,0.005,-0.025,0.0,-0.0049985913,0.00011867123
0 days 00:00:11.180000,0.0011792765216177901,-0.145188,0.23544,9.82962,0.0,0.0,0.0,0.0,-0.00034906585039886593,-0.003316125578789226,0.00034906585039886593,-1.0,13.09,37.5,1,1,100.0,4,-0.005,0.0,-0.0,52.648005399999995,9.7453143,33.01,31.990000000000002,52.6480007,9.7453161,0.023736477827122883,-0.015707963267948967,4.260872302893757,-0.005,0.005,-0.025,0.0,-0.0049985913,0.00011867123
0 days 00:00:11.190000,0.0011792765216177901,-0.10594800000000001,0.23544,9.841392,0.0,0.0,0.0,0.0,-0.00017453292519943296,-0.002967059728390361,0.0006981317007977319,-1.0,13.09,37.5,1,1,100.0,4,-0.005,0.0,-0.0,52.648005299999994,9.7453144,33.01,31.990000000000002,52.6480007,9.7453161,0.023736477827122883,-0.015707963267948967,4.260872302893757,-0.005,0.005,-0.025,0.0,-0.0049985913,0.00011867123
0 days 00:00:11.200000,0.0011792765216177901,-0.10202400000000002,0.23936400000000002,9.84924,0.0,0.0,0.0,0.0,-0.00017453292519943296,-0.0027925268031909274,0.0006981317007977319,-1.0,13.09,37.5,1,1,100.0,4,-0.015,0.005,-0.0,52.648005299999994,9.7453144,33.0,31.990000000000002,52.6480007,9.7453161,0.023736477827122883,-0.015707963267948967,4.260872302893757,-0.02,0.005,-0.01,0.004999383,-0.014993911,0.00043452816
0 days 00:00:11.210000,0.0011792765216177901,-0.10594800000000001,0.231516,9.817848000000001,0.0,0.0,0.0,0.0,-0.00034906585039886593,-0.003316125578789226,0.0012217304763960308,-1.0,13.09,37.5,1,1,100.0,4,-0.015,0.005,-0.0,52.648005299999994,9.7453144,33.0,31.990000000000002,52.6480007,9.7453161,0.023736477827122883,-0.015533430342749533,4.260872302893757,-0.02,0.005,-0.01,0.004999397,-0.014993931,0.00043365586
0 days 00:00:11.220000,0.0011792765216177901,-0.07063200000000001,0.23544,9.837468000000001,0.0,0.0,0.0,0.0,-0.00017453292519943296,-0.002617993877991494,0.0013962634015954637,-1.0,13.09,37.5,1,1,100.0,4,-0.015,0.005,-0.0,52.648005299999994,9.7453144,33.0,31.990000000000002,52.6480007,9.7453161,0.023736477827122883,-0.015533430342749533,4.260872302893757,-0.02,0.005,-0.01,0.004999397,-0.014993931,0.00043365586
0 days 00:00:11.230000,0.0011792765216177901,-0.09417600000000001,0.223668,9.813924,0.0,0.0,0.0,0.0,-0.00034906585039886593,-0.0024434609527920616,0.0019198621771937623,-1.0,13.09,37.5,1,1,100.0,4,-0.015,0.005,-0.0,52.648005299999994,9.7453144,33.0,31.990000000000002,52.6480007,9.7453161,0.023736477827122883,-0.015533430342749533,4.260872302893757,-0.02,0.005,-0.01,0.004999397,-0.014993931,0.00043365586
0 days 00:00:11.240000,0.0011792765216177901,-0.08240400000000002,0.23936400000000002,9.817848000000001,0.0,0.0,0.0,0.0,-0.00017453292519943296,-0.0024434609527920616,0.0019198621771937623,-1.0,13.09,37.5,1,1,100.0,4,-0.015,0.005,-0.0,52.648005399999995,9.7453146,33.0,31.990000000000002,52.6480007,9.7453161,0.023736477827122883,-0.015533430342749533,4.260872302893757,-0.02,0.005,-0.01,0.004999397,-0.014993931,0.00043365586
0 days 00:00:11.250000,0.0011792765216177901,-0.090252,0.21582000000000004,9.802152000000001,0.0,0.0,0.0,0.0,0.0,-0.0019198621771937623,0.0020943951023931952,-1.0,13.09,37.5,1,1,100.0,4,-0.005,0.0,-0.0,52.648005399999995,9.7453146,32.96,31.990000000000002,52.6480007,9.7453161,0.023736477827122883,-0.015533430342749533,4.260872302893757,0.005,0.01,-0.015,0.0,-0.0049985913,0.00011867123
0 days 00:00:11.260000,0.0011792765216177901,-0.10202400000000002,0.231516,9.81,0.0,0.0,0.0,0.0,0.0,-0.0010471975511965976,0.0022689280275926286,-1.0,13.09,37.5,1,1,100.0,4,-0.005,0.0,-0.0,52.648005399999995,9.7453146,32.96,31.990000000000002,52.6480007,9.7453161,0.023736477827122883,-0.015533430342749533,4.260872302893757,0.005,0.01,-0.015,0.0,-0.0049985913,0.00011867123
0 days 00:00:11.270000,0.0011792765216177901,-0.10987200000000001,0.223668,9.79038,0.0,0.0,0.0,0.0,0.0,-0.00034906585039886593,0.0022689280275926286,-1.0,13.09,37.5,1,1,100.0,4,-0.005,0.0,-0.0,52.648005399999995,9.7453146,32.96,31.990000000000002,52.6480007,9.7453161,0.023736477827122883,-0.0153588974175501,4.260872302893757,0.005,0.01,-0.015,0.0,-0.0049985913,0.00011867123
0 days 00:00:11.280000,0.0011792765216177901,-0.0981,0.223668,9.755064,0.0,0.0,0.0,0.0,0.0,0.0,0.0017453292519943296,-1.0,13.09,37.5,1,1,100.0,4,-0.005,0.005,-0.0,52.648005399999995,9.7453146,32.96,31.990000000000002,52.6480007,9.7453161,0.023736477827122883,-0.0153588974175501,4.260872302893757,0.005,0.01,-0.015,0.00499941,-0.0049967687,0.00019544107
0 days 00:00:11.290000,0.0011792765216177901,-0.10202400000000002,0.21582000000000004,9.81,0.0,0.0,0.0,0.0,0.0,0.0013962634015954637,0.0015707963267948967,0.0,13.09,37.5,1,1,100.0,4,-0.005,0.005,-0.0,52.648005399999995,9.7453146,32.96,31.990000000000002,52.6480007,9.7453161,0.023736477827122883,-0.0153588974175501,4.261046835818957,0.005,0.01,-0.015,0.00499941,-0.0049967687,0.00019544107
0 days 00:00:11.300000,0.0011792765216177901,-0.17265600000000003,0.21189600000000003,9.758988,0.0,0.0,0.0,0.0,-0.0005235987755982988,0.0006981317007977319,0.0017453292519943296,0.0,13.09,37.5,1,1,100.0,4,0.0,0.0,0.005,52.648005399999995,9.7453146,32.97,31.990000000000002,52.6480007,9.7453161,0.023736477827122883,-0.0153588974175501,4.261046835818957,0.005,0.0,-0.01,7.679147e-05,-0.00011865723,-0.0049980017
0 days 00:00:11.310000,0.0011792765216177901,-0.0981,0.21582000000000004,9.766836000000001,0.0,0.0,0.0,0.0,-0.00034906585039886593,0.0015707963267948967,0.0010471975511965976,0.0,13.09,37.5,1,1,100.0,4,0.0,0.0,0.005,52.648005399999995,9.7453146,32.97,31.990000000000002,52.6480007,9.7453161,0.023736477827122883,-0.0153588974175501,4.261046835818957,0.005,0.0,-0.01,7.679147e-05,-0.00011865723,-0.0049980017
0 days 00:00:11.320000,0.0011792765216177901,-0.145188,0.21189600000000003,9.786456000000001,0.0,0.0,0.0,0.0,-0.0005235987755982988,0.0027925268031909274,0.0008726646259971648,0.0,13.09,37.5,1,1,100.0,4,0.0,0.0,0.005,52.648005399999995,9.7453146,32.97,31.990000000000002,52.6480007,9.7453161,0.023736477827122883,-0.015533430342749533,4.261046835818957,0.005,0.0,-0.01,7.766402e-05,-0.00011865692,-0.0049979887
0 days 00:00:11.330000,0.0011792765216177901,-0.192276,0.21189600000000003,9.755064,0.0,0.0,0.0,0.0,-0.0006981317007977319,0.0015707963267948967,0.0006981317007977319,0.0,13.09,37.5,1,1,100.0,4,0.0,0.0,0.005,52.648005399999995,9.7453146,32.97,31.990000000000002,52.6480007,9.7453161,0.023736477827122883,-0.015533430342749533,4.261046835818957,0.005,0.0,-0.01,7.766402e-05,-0.00011865692,-0.0049979887
0 days 00:00:11.340000,0.0011792765216177901,-0.13734000000000002,0.21189600000000003,9.766836000000001,0.0,0.0,0.0,0.0,-0.0006981317007977319,0.0027925268031909274,0.00034906585039886593,0.0,13.09,37.5,1,1,100.0,4,0.0,0.0,0.005,52.648005299999994,9.7453146,32.97,31.990000000000002,52.6480007,9.7453161,0.023736477827122883,-0.015533430342749533,4.261046835818957,0.005,0.0,-0.01,7.766402e-05,-0.00011865692,-0.0049979887
0 days 00:00:11.350000,0.0011792765216177901,-0.16873200000000002,0.20797200000000002,9.766836000000001,0.0,0.0,0.0,0.0,-0.0008726646259971648,0.002617993877991494,0.00017453292519943296,0.0,13.09,37.5,1,1,100.0,4,0.0,0.0,-0.0,52.648005299999994,9.7453146,32.980000000000004,31.990000000000002,52.6480007,9.7453161,0.02356194490192345,-0.015533430342749533,4.261046835818957,0.0,-0.005,0.02,0.0,0.0,0.0
0 days 00:00:11.360000,0.0011792765216177901,-0.1962,0.20797200000000002,9.798228,0.0,0.0,0.0,0.0,-0.0006981317007977319,0.0024434609527920616,-0.00017453292519943296,0.0,13.09,37.5,1,1,100.0,4,0.0,0.0,-0.0,52.648005299999994,9.7453146,32.980000000000004,31.990000000000002,52.6480007,9.7453161,0.02356194490192345,-0.015533430342749533,4.261046835818957,0.0,-0.005,0.02,0.0,0.0,0.0
0 days 00:00:11.370000,0.0011792765216177901,-0.20404800000000003,0.1962,9.762912000000002,0.0,0.0,0.0,0.0,-0.0008726646259971648,0.0015707963267948967,-0.00017453292519943296,0.0,13.09,37.5,1,1,100.0,4,0.0,0.0,-0.0,52.648005299999994,9.7453146,32.980000000000004,31.990000000000002,52.6480007,9.7453161,0.02356194490192345,-0.015533430342749533,4.261046835818957,0.0,-0.005,0.02,0.0,0.0,0.0
0 days 00:00:11.380000,0.0011792765216177901,-0.145188,0.21582000000000004,9.794304,0.0,0.0,0.0,0.0,-0.0012217304763960308,0.003316125578789226,-0.0008726646259971648,0.0,13.09,37.5,1,1,100.0,4,0.0,0.0,0.005,52.648005299999994,9.7453146,32.980000000000004,31.990000000000002,52.6480007,9.7453161,0.02356194490192345,-0.015533430342749533,4.261046835818957,0.0,-0.005,0.02,7.766402e-05,-0.00011778461,-0.004998009
0 days 00:00:11.390000,0.0011792765216177901,-0.27075600000000005,0.192276,9.794304,0.0,0.0,0.0,0.0,-0.0010471975511965976,0.0013962634015954637,-0.0005235987755982988,0.0,13.09,37.5,1,1,100.0,4,0.0,0.0,0.005,52.648005399999995,9.7453146,32.980000000000004,31.990000000000002,52.6480007,9.7453161,0.02356194490192345,-0.015707963267948967,4.261046835818957,0.0,-0.005,0.02,7.8536585e-05,-0.000117784286,-0.004997995
0 days 00:00:11.400000,0.0011792765216177901,-0.15696000000000002,0.20012400000000002,9.794304,0.0,0.0,0.0,0.0,-0.0006981317007977319,0.0013962634015954637,-0.0010471975511965976,0.0,13.09,37.5,1,1,100.0,4,-0.005,0.0,0.005,52.648005399999995,9.7453146,32.980000000000004,31.990000000000002,52.6480007,9.7453161,0.02356194490192345,-0.015707963267948967,4.261046835818957,-0.01,-0.01,-0.015,7.8536585e-05,-0.0051163966,-0.0048801964
0 days 00:00:11.410000,0.0011792765216177901,-0.18835200000000002,0.20012400000000002,9.794304,0.0,0.0,0.0,0.0,-0.0010471975511965976,0.0019198621771937623,-0.0006981317007977319,0.0,13.09,37.5,1,1,100.0,4,-0.005,0.0,0.005,52.648005399999995,9.7453146,32.980000000000004,31.990000000000002,52.6480007,9.7453161,0.02356194490192345,-0.015707963267948967,4.261046835818957,-0.01,-0.01,-0.015,7.8536585e-05,-0.0051163966,-0.0048801964
0 days 00:00:11.420000,0.0011792765216177901,-0.21189600000000003,0.20404800000000003,9.817848000000001,0.0,0.0,0.0,0.0,-0.0006981317007977319,0.0008726646259971648,-0.0006981317007977319,0.0,13.09,37.5,1,1,100.0,4,-0.005,0.0,0.005,52.648005399999995,9.7453146,32.980000000000004,31.990000000000002,52.6480007,9.7453161,0.02356194490192345,-0.015707963267948967,4.261046835818957,-0.01,-0.01,-0.015,7.8536585e-05,-0.0051163966,-0.0048801964
0 days 00:00:11.430000,0.0010613488694560112,-0.1962,0.20012400000000002,9.813924,0.0,0.0,0.0,0.0,-0.0005235987755982988,0.0005235987755982988,-0.00034906585039886593,0.0,13.09,37.5,1,1,100.0,4,-0.005,0.0,0.005,52.648005399999995,9.7453146,32.980000000000004,31.990000000000002,52.6480007,9.7453161,0.02356194490192345,-0.015707963267948967,4.261046835818957,-0.01,-0.01,-0.015,7.8536585e-05,-0.0051163966,-0.0048801964
0 days 00:00:11.440000,0.0010613488694560112,-0.16480800000000004,0.21582000000000004,9.833544,0.0,0.0,0.0,0.0,-0.00017453292519943296,0.0005235987755982988,-0.0005235987755982988,0.0,13.09,37.5,1,1,100.0,4,-0.005,0.0,0.005,52.648005399999995,9.7453145,32.980000000000004,31.990000000000002,52.6480007,9.7453161,0.02356194490192345,-0.015707963267948967,4.260872302893757,-0.01,-0.01,-0.015,7.8536585e-05,-0.0051163966,-0.0048801964
0 days 00:00:11.450000,0.0010613488694560112,-0.223668,0.21189600000000003,9.845316,0.0,0.0,0.0,0.0,0.0,-0.00017453292519943296,-0.00034906585039886593,0.0,13.09,37.5,1,1,100.0,4,-0.005,0.005,0.005,52.648005399999995,9.7453145,32.99,31.990000000000002,52.6480007,9.7453161,0.02356194490192345,-0.015707963267948967,4.260872302893757,-0.005,-0.015,-0.02,0.0050779195,-0.005114546,-0.0048016817
0 days 00:00:11.460000,0.0010613488694560112,-0.192276,0.21582000000000004,9.817848000000001,0.0,0.0,0.0,0.0,0.0,-0.0005235987755982988,-0.00017453292519943296,0.0,13.09,37.5,1,1,100.0,4,-0.005,0.005,0.005,52.648005399999995,9.7453145,32.99,31.990000000000002,52.6480007,9.7453161,0.02356194490192345,-0.015707963267948967,4.260872302893757,-0.005,-0.015,-0.02,0.0050779195,-0.005114546,-0.0048016817
0 days 00:00:11.470000,0.0010613488694560112,-0.20404800000000003,0.21974400000000002,9.896328000000002,0.0,0.0,0.0,0.0,0.00034906585039886593,0.0,0.00017453292519943296,0.0,13.09,37.5,1,1,100.0,4,-0.005,0.005,0.005,52.648005399999995,9.7453145,32.99,31.990000000000002,52.6480007,9.7453161,0.02356194490192345,-0.015707963267948967,4.260872302893757,-0.005,-0.015,-0.02,0.0050779195,-0.005114546,-0.0048016817
0 days 00:00:11.480000,0.0010613488694560112,-0.27075600000000005,0.20012400000000002,9.806076000000001,0.0,0.0,0.0,0.0,0.00034906585039886593,-0.002967059728390361,0.0006981317007977319,0.0,13.09,37.5,1,1,100.0,4,-0.005,0.005,0.005,52.648005399999995,9.7453145,32.99,31.990000000000002,52.6480007,9.7453161,0.02356194490192345,-0.015707963267948967,4.260872302893757,-0.005,-0.015,-0.02,0.0050779195,-0.005114546,-0.0048016817
0 days 00:00:11.490000,0.0010613488694560112,-0.11772,0.231516,9.833544,0.0,0.0,0.0,0.0,0.00017453292519943296,-0.0013962634015954637,0.0006981317007977319,0.0,13.09,37.5,1,1,100.0,4,-0.005,0.0,0.005,52.648005399999995,9.7453146,32.99,31.990000000000002,52.6480007,9.7453161,0.02356194490192345,-0.015707963267948967,4.260872302893757,-0.005,-0.015,-0.02,7.8536585e-05,-0.0051163966,-0.0048801964
0 days 00:00:11.500000,0.0010613488694560112,-0.1962,0.21582000000000004,9.853164,0.0,0.0,0.0,0.0,0.00034906585039886593,-0.0010471975511965976,0.0012217304763960308,0.0,13.09,37.5,1,1,100.0,4,-0.01,0.005,0.005,52.648005399999995,9.7453146,32.99,31.990000000000002,52.6480007,9.7453161,0.02356194490192345,-0.015707963267948967,4.260872302893757,-0.02,0.0,-0.005,0.0050779195,-0.010113158,-0.004683883
0 days 00:00:11.510000,0.0010613488694560112,-0.180504,0.231516,9.817848000000001,0.0,0.0,0.0,0.0,0.00034906585039886593,-0.002617993877991494,0.0012217304763960308,0.0,13.09,37.5,1,1,100.0,4,-0.01,0.005,0.005,52.648005399999995,9.7453146,32.99,31.990000000000002,52.6480007,9.7453161,0.02356194490192345,-0.015707963267948967,4.260872302893757,-0.02,0.0,-0.005,0.0050779195,-0.010113158,-0.004683883
0 days 00:00:11.520000,0.0010613488694560112,-0.125568,0.23544,9.813924,0.0,0.0,0.0,0.0,0.00017453292519943296,-0.0019198621771937623,0.0010471975511965976,0.0,13.09,37.5,1,1,100.0,4,-0.01,0.005,0.005,52.648005399999995,9.7453146,32.99,31.990000000000002,52.6480007,9.7453161,0.02356194490192345,-0.015707963267948967,4.260872302893757,-0.02,0.0,-0.005,0.0050779195,-0.010113158,-0.004683883
0 days 00:00:11.530000,0.0010613488694560112,-0.149112,0.223668,9.853164,0.0,0.0,0.0,0.0,0.0005235987755982988,-0.0013962634015954637,0.0012217304763960308,0.0,13.09,37.5,1,1,100.0,4,-0.01,0.005,0.005,52.648005399999995,9.7453146,32.99,31.990000000000002,52.6480007,9.7453161,0.02356194490192345,-0.015707963267948967,4.261046835818957,-0.02,0.0,-0.005,0.0050779195,-0.010113158,-0.004683883
0 days 00:00:11.540000,0.0010613488694560112,-0.17265600000000003,0.20797200000000002,9.817848000000001,0.0,0.0,0.0,0.0,0.0005235987755982988,-0.0022689280275926286,0.0015707963267948967,0.0,13.09,37.5,1,1,100.0,4,-0.01,0.005,0.005,52.648005399999995,9.7453146,32.99,31.990000000000002,52.6480007,9.7453161,0.023736477827122883,-0.015707963267948967,4.261046835818957,-0.02,0.0,-0.005,0.0050779195,-0.010113976,-0.004682118
0 days 00:00:11.550000,0.0010613488694560112,-0.11379600000000001,0.23544,9.825696,0.0,0.0,0.0,0.0,0.0006981317007977319,-0.0015707963267948967,0.0013962634015954637,0.0,13.09,37.5,1,1,100.0,4,0.0,0.0,0.005,52.648005399999995,9.7453146,32.99,31.990000000000002,52.6480007,9.7453161,0.02356194490192345,-0.015533430342749533,4.261046835818957,0.01,0.0,-0.02,7.766402e-05,-0.00011778461,-0.004998009
0 days 00:00:11.560000,0.0010613488694560112,-0.16480800000000004,0.223668,9.81,0.0,0.0,0.0,0.0,0.0006981317007977319,-0.0013962634015954637,0.0015707963267948967,0.0,13.09,37.5,1,1,100.0,4,0.0,0.005,0.005,52.648005399999995,9.7453146,32.99,31.990000000000002,52.6480007,9.7453161,0.02356194490192345,-0.015533430342749533,4.261046835818957,0.01,0.0,-0.02,0.005077061,-0.00011595487,-0.0049203667
0 days 00:00:11.570000,0.0010613488694560112,-0.17265600000000003,0.21189600000000003,9.802152000000001,0.0,0.0,0.0,0.0,0.0006981317007977319,-0.0020943951023931952,0.0017453292519943296,0.0,13.09,37.5,1,1,100.0,4,0.0,0.0,0.005,52.648005399999995,9.7453146,32.99,31.990000000000002,52.6480007,9.7453161,0.02356194490192345,-0.015533430342749533,4.261046835818957,0.01,0.0,-0.02,7.766402e-05,-0.00011778461,-0.004998009
0 days 00:00:11.580000,0.0010613488694560112,-0.0981,0.231516,9.817848000000001,0.0,0.0,0.0,0.0,0.0005235987755982988,-0.0008726646259971648,0.0013962634015954637,0.0,13.09,37.5,1,1,100.0,4,0.0,0.0,0.005,52.648005399999995,9.7453146,32.99,31.990000000000002,52.6480007,9.7453161,0.02356194490192345,-0.015533430342749533,4.261046835818957,0.01,0.0,-0.02,7.766402e-05,-0.00011778461,-0.004998009
0 days 00:00:11.590000,0.0010613488694560112,-0.153036,0.23544,9.766836000000001,0.0,0.0,0.0,0.0,0.0,-0.0008726646259971648,0.0015707963267948967,0.0,13.09,37.5,1,1,100.0,4,0.0,0.005,0.005,52.648005299999994,9.7453146,32.99,31.990000000000002,52.6480007,9.7453161,0.02356194490192345,-0.015533430342749533,4.261046835818957,0.01,0.0,-0.02,0.005077061,-0.00011595487,-0.0049203667
0 days 00:00:11.600000,0.0010613488694560112,-0.133416,0.231516,9.798228,0.0,0.0,0.0,0.0,-0.00017453292519943296,-0.0006981317007977319,0.0012217304763960308,0.0,13.09,37.5,1,1,100.0,4,0.0,0.0,0.01,52.648005299999994,9.7453146,32.980000000000004,31.990000000000002,52.6480007,9.7453161,0.02356194490192345,-0.015533430342749533,4.261046835818957,0.005,0.005,-0.04,0.00015532805,-0.00023556923,-0.009996018
0 days 00:00:11.610000,0.0010613488694560112,-0.11379600000000001,0.223668,9.778608,0.0,0.0,0.0,0.0,-0.00034906585039886593,-0.00034906585039886593,0.0012217304763960308,0.0,13.09,37.5,1,1,100.0,4,0.0,0.0,0.01,52.648005299999994,9.7453146,32.980000000000004,31.990000000000002,52.6480007,9.7453161,0.02356194490192345,-0.015533430342749533,4.261046835818957,0.005,0.005,-0.04,0.00015532805,-0.00023556923,-0.009996018
0 days 00:00:11.620000,0.0010613488694560112,-0.10987200000000001,0.21189600000000003,9.798228,0.0,0.0,0.0,0.0,-0.00017453292519943296,0.0008726646259971648,0.0010471975511965976,0.0,13.09,37.5,1,1,100.0,4,0.0,0.0,0.01,52.648005299999994,9.7453146,32.980000000000004,31.990000000000002,52.6480007,9.7453161,0.02356194490192345,-0.015533430342749533,4.261046835818957,0.005,0.005,-0.04,0.00015532805,-0.00023556923,-0.009996018
0 days 00:00:11.630000,0.0010613488694560112,-0.12164400000000002,0.23936400000000002,9.762912000000002,0.0,0.0,0.0,0.0,-0.0005235987755982988,0.00034906585039886593,0.0005235987755982988,0.0,13.09,37.5,1,1,100.0,4,0.0,0.0,0.01,52.648005299999994,9.7453146,32.980000000000004,31.990000000000002,52.6480007,9.7453161,0.02356194490192345,-0.015533430342749533,4.261046835818957,0.005,0.005,-0.04,0.00015532805,-0.00023556923,-0.009996018
0 days 00:00:11.640000,0.0010613488694560112,-0.10987200000000001,0.223668,9.81,0.0,0.0,0.0,0.0,-0.00034906585039886593,0.0013962634015954637,0.00034906585039886593,0.0,13.09,37.5,1,1,100.0,4,0.0,0.0,0.01,52.648005299999994,9.7453147,32.980000000000004,31.990000000000002,52.6480007,9.7453161,0.02356194490192345,-0.015533430342749533,4.261046835818957,0.005,0.005,-0.04,0.00015532805,-0.00023556923,-0.009996018
0 days 00:00:11.650000,0.0010613488694560112,-0.17658000000000004,0.20797200000000002,9.755064,0.0,0.0,0.0,0.0,-0.0005235987755982988,0.0005235987755982988,0.00034906585039886593,0.0,13.09,37.5,1,1,100.0,4,0.0,0.005,0.01,52.648005299999994,9.7453147,32.97,31.990000000000002,52.6480007,9.7453161,0.02356194490192345,-0.015533430342749533,4.261046835818957,-0.005,-0.005,-0.005,0.0051547247,-0.00023373948,-0.009918376
0 days 00:00:11.660000,0.0010613488694560112,-0.10987200000000001,0.22759200000000002,9.786456000000001,0.0,0.0,0.0,0.0,-0.0008726646259971648,0.0012217304763960308,0.0,0.0,13.09,37.5,1,1,100.0,4,0.0,0.0,0.01,52.648005299999994,9.7453147,32.97,31.990000000000002,52.6480007,9.7453161,0.02356194490192345,-0.015533430342749533,4.261046835818957,-0.005,-0.005,-0.005,0.00015532805,-0.00023556923,-0.009996018
0 days 00:00:11.670000,0.0010613488694560112,-0.16480800000000004,0.21189600000000003,9.794304,0.0,0.0,0.0,0.0,-0.00034906585039886593,0.0006981317007977319,-0.00017453292519943296,0.0,13.09,37.5,1,1,100.0,4,0.0,0.005,0.01,52.648005299999994,9.7453147,32.97,31.990000000000002,52.6480007,9.7453161,0.02356194490192345,-0.015533430342749533,4.261046835818957,-0.005,-0.005,-0.005,0.0051547247,-0.00023373948,-0.009918376
0 days 00:00:11.680000,0.0010613488694560112,-0.14126400000000003,0.231516,9.758988,0.0,0.0,0.0,0.0,-0.0008726646259971648,0.0010471975511965976,-0.0005235987755982988,0.0,13.09,37.5,1,1,100.0,4,0.0,0.005,0.01,52.648005299999994,9.7453147,32.97,31.990000000000002,52.6480007,9.7453161,0.02356194490192345,-0.015533430342749533,4.261046835818957,-0.005,-0.005,-0.005,0.0051547247,-0.00023373948,-0.009918376
0 days 00:00:11.690000,0.0010613488694560112,-0.149112,0.21582000000000004,9.813924,0.0,0.0,0.0,0.0,-0.00034906585039886593,0.0019198621771937623,-0.00017453292519943296,0.0,13.09,37.5,1,1,100.0,4,0.0,0.005,0.01,52.648005299999994,9.7453147,32.97,31.990000000000002,52.6480007,9.7453161,0.02356194490192345,-0.015533430342749533,4.261046835818957,-0.005,-0.005,-0.005,0.0051547247,-0.00023373948,-0.009918376
0 days 00:00:11.700000,0.0010613488694560112,-0.15696000000000002,0.21582000000000004,9.770760000000001,0.0,0.0,0.0,0.0,-0.0006981317007977319,0.0015707963267948967,-0.0005235987755982988,0.0,13.09,37.5,1,1,100.0,4,-0.005,0.0,-0.005,52.648005299999994,9.7453147,32.980000000000004,31.990000000000002,52.6480007,9.7453161,0.02356194490192345,-0.015533430342749533,4.261046835818957,-0.005,0.005,0.105,-7.766402e-05,-0.0048808274,0.005115808
0 days 00:00:11.710000,0.0010613488694560112,-0.16873200000000002,0.223668,9.794304,0.0,0.0,0.0,0.0,-0.0006981317007977319,0.0008726646259971648,-0.0005235987755982988,0.0,13.09,37.5,1,1,100.0,4,-0.005,0.0,-0.005,52.648005299999994,9.7453147,32.980000000000004,31.990000000000002,52.6480007,9.7453161,0.02356194490192345,-0.015533430342749533,4.261046835818957,-0.005,0.005,0.105,-7.766402e-05,-0.0048808274,0.005115808
0 days 00:00:11.720000,0.0010613488694560112,-0.149112,0.21582000000000004,9.81,0.0,0.0,0.0,0.0,-0.0006981317007977319,0.0017453292519943296,-0.00017453292519943296,0.0,13.09,37.5,1,1,100.0,4,-0.005,0.0,-0.005,52.648005299999994,9.7453147,32.980000000000004,31.990000000000002,52.6480007,9.7453161,0.02356194490192345,-0.015707963267948967,4.261046835818957,-0.005,0.005,0.105,-7.8536585e-05,-0.004880828,0.005115794
0 days 00:00:11.730000,0.0010613488694560112,-0.17658000000000004,0.21582000000000004,9.798228,0.0,0.0,0.0,0.0,-0.0008726646259971648,0.0015707963267948967,-0.00017453292519943296,0.0,13.09,37.5,1,1,100.0,4,-0.005,0.0,-0.005,52.648005299999994,9.7453147,32.980000000000004,31.990000000000002,52.6480007,9.7453161,0.02356194490192345,-0.015707963267948967,4.261046835818957,-0.005,0.005,0.105,-7.8536585e-05,-0.004880828,0.005115794
0 days 00:00:11.740000,0.0010613488694560112,-0.20797200000000002,0.21974400000000002,9.806076000000001,0.0,0.0,0.0,0.0,-0.0008726646259971648,-0.00017453292519943296,-0.00017453292519943296,0.0,13.09,37.5,1,1,100.0,4,-0.005,0.0,-0.005,52.648005299999994,9.7453147,32.980000000000004,31.990000000000002,52.6480007,9.7453161,0.02356194490192345,-0.015707963267948967,4.261046835818957,-0.005,0.005,0.105,-7.8536585e-05,-0.004880828,0.005115794
0 days 00:00:11.750000,0.0010613488694560112,-0.15696000000000002,0.1962,9.82962,0.0,0.0,0.0,0.0,-0.0008726646259971648,0.0005235987755982988,0.00017453292519943296,0.0,13.09,37.5,1,1,100.0,4,0.005,-0.005,-0.005,52.648005299999994,9.7453147,32.99,31.990000000000002,52.6480007,9.7453161,0.02356194490192345,-0.015707963267948967,4.261046835818957,0.015,0.005,0.02,-0.0050779195,0.005114546,0.0048016817
0 days 00:00:11.760000,0.0010613488694560112,-0.1962,0.21582000000000004,9.845316,0.0,0.0,0.0,0.0,-0.0006981317007977319,0.00034906585039886593,0.00017453292519943296,0.0,13.09,37.5,1,1,100.0,4,0.005,-0.005,-0.005,52.648005299999994,9.7453147,32.99,31.990000000000002,52.6480007,9.7453161,0.02356194490192345,-0.015707963267948967,4.261046835818957,0.015,0.005,0.02,-0.0050779195,0.005114546,0.0048016817
0 days 00:00:11.770000,0.0010613488694560112,-0.20012400000000002,0.21582000000000004,9.825696,0.0,0.0,0.0,0.0,-0.0008726646259971648,-0.0008726646259971648,0.00017453292519943296,0.0,13.09,37.5,1,1,100.0,4,0.005,-0.005,-0.005,52.648005299999994,9.7453147,32.99,31.990000000000002,52.6480007,9.7453161,0.02356194490192345,-0.015707963267948967,4.261046835818957,0.015,0.005,0.02,-0.0050779195,0.005114546,0.0048016817
0 days 00:00:11.780000,0.0010613488694560112,-0.180504,0.20404800000000003,9.81,0.0,0.0,0.0,0.0,-0.0010471975511965976,-0.00034906585039886593,0.0005235987755982988,0.0,13.09,37.5,1,1,100.0,4,0.005,-0.005,-0.005,52.648005299999994,9.7453147,32.99,31.990000000000002,52.6480007,9.7453161,0.02356194490192345,-0.015707963267948967,4.261046835818957,0.015,0.005,0.02,-0.0050779195,0.005114546,0.0048016817
0 days 00:00:11.790000,0.0010613488694560112,-0.20012400000000002,0.223668,9.845316,0.0,0.0,0.0,0.0,-0.0006981317007977319,-0.00034906585039886593,0.0006981317007977319,0.0,13.09,37.5,1,1,100.0,4,0.0,-0.005,-0.005,52.6480052,9.7453148,32.99,31.990000000000002,52.6480007,9.7453161,0.02356194490192345,-0.015707963267948967,4.261046835818957,0.015,0.005,0.02,-0.0050779195,0.00011593399,0.0049194805
0 days 00:00:11.800000,0.0010613488694560112,-0.20404800000000003,0.223668,9.81,0.0,0.0,0.0,0.0,-0.0006981317007977319,-0.0013962634015954637,0.0006981317007977319,0.0,13.09,37.5,1,1,100.0,4,0.0,-0.005,-0.0,52.6480052,9.7453148,32.97,31.990000000000002,52.6480007,9.7453161,0.02356194490192345,-0.015707963267948967,4.261046835818957,0.0,-0.005,-0.045,-0.004999383,-1.8503036e-06,-7.8514786e-05
0 days 00:00:11.810000,0.0010613488694560112,-0.149112,0.21189600000000003,9.813924,0.0,0.0,0.0,0.0,-0.0005235987755982988,-0.0005235987755982988,0.0008726646259971648,0.0,13.09,37.5,1,1,100.0,4,0.0,-0.005,-0.0,52.6480052,9.7453148,32.97,31.990000000000002,52.6480007,9.7453161,0.02356194490192345,-0.015707963267948967,4.261046835818957,0.0,-0.005,-0.045,-0.004999383,-1.8503036e-06,-7.8514786e-05
0 days 00:00:11.820000,0.0010613488694560112,-0.192276,0.20797200000000002,9.872784,0.0,0.0,0.0,0.0,0.00017453292519943296,0.00017453292519943296,0.0012217304763960308,0.0,13.09,37.5,1,1,100.0,4,0.0,-0.005,-0.0,52.6480052,9.7453148,32.97,31.990000000000002,52.6480007,9.7453161,0.02356194490192345,-0.015707963267948967,4.261046835818957,0.0,-0.005,-0.045,-0.004999383,-1.8503036e-06,-7.8514786e-05
0 days 00:00:11.830000,0.0010613488694560112,-0.22759200000000002,0.21189600000000003,9.806076000000001,0.0,0.0,0.0,0.0,0.00034906585039886593,-0.0022689280275926286,0.0013962634015954637,0.0,13.09,37.5,1,1,100.0,4,0.0,-0.005,-0.0,52.6480052,9.7453148,32.97,31.990000000000002,52.6480007,9.7453161,0.02356194490192345,-0.015707963267948967,4.261046835818957,0.0,-0.005,-0.045,-0.004999383,-1.8503036e-06,-7.8514786e-05
0 days 00:00:11.840000,0.0010613488694560112,-0.133416,0.223668,9.825696,0.0,0.0,0.0,0.0,0.00017453292519943296,-0.0006981317007977319,0.0013962634015954637,0.0,13.09,37.5,1,1,100.0,4,0.0,-0.005,-0.0,52.6480051,9.7453146,32.97,31.990000000000002,52.6480007,9.7453161,0.02356194490192345,-0.015533430342749533,4.261046835818957,0.0,-0.005,-0.045,-0.004999397,-1.8297463e-06,-7.7642464e-05
0 days 00:00:11.850000,0.0010613488694560112,-0.184428,0.20797200000000002,9.833544,0.0,0.0,0.0,0.0,0.0005235987755982988,-0.0008726646259971648,0.0012217304763960308,0.0,13.09,37.5,1,1,100.0,4,-0.005,-0.005,0.005,52.6480051,9.7453146,33.02,31.990000000000002,52.6480007,9.7453161,0.02356194490192345,-0.015533430342749533,4.261046835818957,-0.005,0.015,-0.035,-0.004921733,-0.0051182266,-0.004957853
0 days 00:00:11.860000,0.0010613488694560112,-0.20404800000000003,0.20797200000000002,9.794304,0.0,0.0,0.0,0.0,0.00034906585039886593,-0.0020943951023931952,0.0013962634015954637,0.0,13.09,37.5,1,1,100.0,4,-0.005,-0.005,0.005,52.6480051,9.7453146,33.02,31.990000000000002,52.6480007,9.7453161,0.02356194490192345,-0.015533430342749533,4.261046835818957,-0.005,0.015,-0.035,-0.004921733,-0.0051182266,-0.004957853
0 days 00:00:11.870000,0.0010613488694560112,-0.129492,0.20404800000000003,9.813924,0.0,0.0,0.0,0.0,0.0005235987755982988,-0.0006981317007977319,0.0012217304763960308,0.0,13.09,37.5,1,1,100.0,4,-0.005,-0.005,0.005,52.6480051,9.7453146,33.02,31.990000000000002,52.6480007,9.7453161,0.02356194490192345,-0.015533430342749533,4.261046835818957,-0.005,0.015,-0.035,-0.004921733,-0.0051182266,-0.004957853
0 days 00:00:11.880000,0.0010613488694560112,-0.17265600000000003,0.21582000000000004,9.81,0.0,0.0,0.0,0.0,0.00034906585039886593,-0.0005235987755982988,0.0010471975511965976,0.0,13.09,37.5,1,1,100.0,4,-0.005,-0.005,0.005,52.6480051,9.7453146,33.02,31.990000000000002,52.6480007,9.7453161,0.02356194490192345,-0.015533430342749533,4.261046835818957,-0.005,0.015,-0.035,-0.004921733,-0.0051182266,-0.004957853
0 days 00:00:11.890000,0.0010613488694560112,-0.184428,0.20797200000000002,9.786456000000001,0.0,0.0,0.0,0.0,0.0,-0.0015707963267948967,0.0012217304763960308,0.0,13.09,37.5,1,1,100.0,4,-0.005,-0.005,0.005,52.6480051,9.7453146,33.02,31.990000000000002,52.6480007,9.7453161,0.02356194490192345,-0.015533430342749533,4.261046835818957,-0.005,0.015,-0.035,-0.004921733,-0.0051182266,-0.004957853
0 days 00:00:11.900000,0.0010613488694560112,-0.11772,0.21974400000000002,9.813924,0.0,0.0,0.0,0.0,0.0,-0.00034906585039886593,0.0010471975511965976,0.0,13.09,37.5,1,1,100.0,4,-0.01,-0.005,0.005,52.6480051,9.7453146,33.03,31.990000000000002,52.6480007,9.7453161,0.02356194490192345,-0.015533430342749533,4.261046835818957,-0.01,0.005,-0.005,-0.004921733,-0.010116838,-0.004840054
0 days 00:00:11.910000,0.0010613488694560112,-0.149112,0.22759200000000002,9.79038,0.0,0.0,0.0,0.0,-0.00017453292519943296,-0.00034906585039886593,0.0006981317007977319,0.0,13.09,37.5,1,1,100.0,4,-0.01,-0.005,0.005,52.6480051,9.7453146,33.03,31.990000000000002,52.6480007,9.7453161,0.02356194490192345,-0.015533430342749533,4.261046835818957,-0.01,0.005,-0.005,-0.004921733,-0.010116838,-0.004840054
0 days 00:00:11.920000,0.0010613488694560112,-0.153036,0.21189600000000003,9.798228,0.0,0.0,0.0,0.0,-0.00017453292519943296,-0.0010471975511965976,0.0006981317007977319,0.0,13.09,37.5,1,1,100.0,4,-0.01,-0.005,0.005,52.6480051,9.7453146,33.03,31.990000000000002,52.6480007,9.7453161,0.02356194490192345,-0.015533430342749533,4.261221368744156,-0.01,0.005,-0.005,-0.004921733,-0.010116838,-0.004840054
0 days 00:00:11.930000,0.0010613488694560112,-0.0981,0.22759200000000002,9.802152000000001,0.0,0.0,0.0,0.0,-0.0005235987755982988,0.00017453292519943296,0.00034906585039886593,0.0,13.09,37.5,1,1,100.0,4,-0.01,-0.005,0.005,52.6480051,9.7453146,33.03,31.990000000000002,52.6480007,9.7453161,0.02356194490192345,-0.015533430342749533,4.261221368744156,-0.01,0.005,-0.005,-0.004921733,-0.010116838,-0.004840054
0 days 00:00:11.940000,0.0010613488694560112,-0.145188,0.223668,9.798228,0.0,0.0,0.0,0.0,-0.0006981317007977319,0.00034906585039886593,0.00034906585039886593,0.0,13.09,37.5,1,1,100.0,4,-0.01,-0.005,0.005,52.6480051,9.7453146,33.03,31.990000000000002,52.6480007,9.7453161,0.02356194490192345,-0.015533430342749533,4.261221368744156,-0.01,0.005,-0.005,-0.004921733,-0.010116838,-0.004840054
0 days 00:00:11.950000,0.0010613488694560112,-0.149112,0.231516,9.762912000000002,0.0,0.0,0.0,0.0,-0.0008726646259971648,-0.00034906585039886593,0.00017453292519943296,0.0,13.09,37.5,1,1,100.0,4,-0.01,0.0,-0.0,52.6480051,9.7453146,33.04,31.990000000000002,52.6480007,9.7453161,0.02356194490192345,-0.015533430342749533,4.261221368744156,-0.01,0.005,0.015,0.0,-0.009997224,0.00023559765
0 days 00:00:11.960000,0.0010613488694560112,-0.10987200000000001,0.22759200000000002,9.794304,0.0,0.0,0.0,0.0,-0.0006981317007977319,0.0010471975511965976,0.00034906585039886593,0.0,13.09,37.5,1,1,100.0,4,-0.01,0.0,-0.0,52.6480051,9.7453146,33.04,31.990000000000002,52.6480007,9.7453161,0.02356194490192345,-0.015533430342749533,4.261221368744156,-0.01,0.005,0.015,0.0,-0.009997224,0.00023559765
0 days 00:00:11.970000,0.0010613488694560112,-0.129492,0.21974400000000002,9.798228,0.0,0.0,0.0,0.0,-0.0008726646259971648,0.0012217304763960308,0.0,0.0,13.09,37.5,1,1,100.0,4,-0.01,0.0,0.005,52.6480051,9.7453146,33.04,31.990000000000002,52.6480007,9.7453161,0.02356194490192345,-0.015533430342749533,4.261221368744156,-0.01,0.005,0.015,7.766402e-05,-0.010115009,-0.0047624116
0 days 00:00:11.980000,0.0010613488694560112,-0.17658000000000004,0.22759200000000002,9.774684,0.0,0.0,0.0,0.0,-0.0006981317007977319,0.0,0.00017453292519943296,0.0,13.09,37.5,1,1,100.0,4,-0.01,0.0,0.005,52.6480051,9.7453146,33.04,31.990000000000002,52.6480007,9.7453161,0.02356194490192345,-0.015533430342749533,4.261046835818957,-0.01,0.005,0.015,7.766402e-05,-0.010115009,-0.0047624116
0 days 00:00:11.990000,0.0010613488694560112,-0.0981,0.23544,9.794304,0.0,0.0,0.0,0.0,-0.0005235987755982988,0.0010471975511965976,-0.00017453292519943296,0.0,13.09,37.5,1,1,100.0,4,-0.01,0.0,0.005,52.6480051,9.7453146,33.04,31.990000000000002,52.6480007,9.7453161,0.02356194490192345,-0.015533430342749533,4.261046835818957,-0.01,0.005,0.015,7.766402e-05,-0.010115009,-0.0047624116
0 days 00:00:12,0.0011792765216177901,-0.145188,0.22759200000000002,9.813924,0.0,0.0,0.0,0.0,-0.00034906585039886593,0.0012217304763960308,-0.00034906585039886593,0.0,13.09,37.5,1,1,100.0,4,0.0,0.005,-0.0,52.6480051,9.7453146,33.04,31.990000000000002,52.6480007,9.7453161,0.02356194490192345,-0.015533430342749533,4.261221368744156,0.005,-0.025,0.025,0.004999397,1.8297463e-06,7.7642464e-05
0 days 00:00:12.010000,0.0010613488694560112,-0.16088400000000003,0.223668,9.782532000000002,0.0,0.0,0.0,0.0,-0.00034906585039886593,0.00017453292519943296,-0.00017453292519943296,0.0,13.09,37.5,1,1,100.0,4,0.0,0.005,-0.0,52.6480051,9.7453146,33.04,31.990000000000002,52.6480007,9.7453161,0.02356194490192345,-0.015707963267948967,4.261221368744156,0.005,-0.025,0.025,0.004999383,1.8503036e-06,7.8514786e-05
0 days 00:00:12.020000,0.0010613488694560112,-0.125568,0.22759200000000002,9.798228,0.0,0.0,0.0,0.0,-0.0006981317007977319,0.0012217304763960308,0.00017453292519943296,0.0,13.09,37.5,1,1,100.0,4,0.0,0.005,-0.0,52.6480051,9.7453146,33.04,31.990000000000002,52.6480007,9.7453161,0.02356194490192345,-0.015707963267948967,4.261221368744156,0.005,-0.025,0.025,0.004999383,1.8503036e-06,7.8514786e-05
0 days 00:00:12.030000,0.0010613488694560112,-0.153036,0.22759200000000002,9.813924,0.0,0.0,0.0,0.0,-0.0005235987755982988,0.0012217304763960308,0.0,0.0,13.09,37.5,1,1,100.0,4,0.0,0.005,-0.0,52.6480051,9.7453146,33.04,31.990000000000002,52.6480007,9.7453161,0.02356194490192345,-0.015707963267948967,4.261221368744156,0.005,-0.025,0.025,0.004999383,1.8503036e-06,7.8514786e-05
0 days 00:00:12.040000,0.0010613488694560112,-0.16873200000000002,0.231516,9.782532000000002,0.0,0.0,0.0,0.0,-0.0008726646259971648,0.00017453292519943296,0.0,0.0,13.09,37.5,1,1,100.0,4,0.0,0.005,-0.0,52.6480051,9.7453146,33.04,31.990000000000002,52.6480007,9.7453161,0.02356194490192345,-0.015707963267948967,4.261221368744156,0.005,-0.025,0.025,0.004999383,1.8503036e-06,7.8514786e-05
0 days 00:00:12.050000,0.0010613488694560112,-0.145188,0.223668,9.821772000000001,0.0,0.0,0.0,0.0,-0.0008726646259971648,0.0010471975511965976,0.00017453292519943296,0.0,13.09,37.5,1,1,100.0,4,0.0,0.005,-0.0,52.6480051,9.7453146,33.03,31.990000000000002,52.6480007,9.7453161,0.02356194490192345,-0.015707963267948967,4.261046835818957,-0.005,-0.01,-0.015,0.004999383,1.8503036e-06,7.8514786e-05
0 days 00:00:12.060000,0.0010613488694560112,-0.17658000000000004,0.21582000000000004,9.825696,0.0,0.0,0.0,0.0,-0.0008726646259971648,0.0010471975511965976,0.0005235987755982988,0.0,13.09,37.5,1,1,100.0,4,0.0,0.005,-0.0,52.6480051,9.7453146,33.03,31.990000000000002,52.6480007,9.7453161,0.02356194490192345,-0.015707963267948967,4.261046835818957,-0.005,-0.01,-0.015,0.004999383,1.8503036e-06,7.8514786e-05
0 days 00:00:12.070000,0.0010613488694560112,-0.20012400000000002,0.21189600000000003,9.794304,0.0,0.0,0.0,0.0,-0.0005235987755982988,-0.00034906585039886593,0.0005235987755982988,0.0,13.09,37.5,1,1,100.0,4,0.0,0.005,-0.0,52.6480051,9.7453146,33.03,31.990000000000002,52.6480007,9.7453161,0.02356194490192345,-0.015707963267948967,4.261221368744156,-0.005,-0.01,-0.015,0.004999383,1.8503036e-06,7.8514786e-05
0 days 00:00:12.080000,0.0010613488694560112,-0.153036,0.22759200000000002,9.821772000000001,0.0,0.0,0.0,0.0,-0.0010471975511965976,0.0008726646259971648,0.0006981317007977319,0.0,13.09,37.5,1,1,100.0,4,0.0,0.005,-0.0,52.6480051,9.7453146,33.03,31.990000000000002,52.6480007,9.7453161,0.02356194490192345,-0.015707963267948967,4.261221368744156,-0.005,-0.01,-0.015,0.004999383,1.8503036e-06,7.8514786e-05
0 days 00:00:12.090000,0.0010613488694560112,-0.184428,0.20012400000000002,9.82962,0.0,0.0,0.0,0.0,-0.0005235987755982988,0.0005235987755982988,0.0005235987755982988,0.0,13.09,37.5,1,1,100.0,4,0.0,0.005,-0.0,52.6480052,9.7453146,33.03,31.990000000000002,52.6480007,9.7453161,0.02356194490192345,-0.015707963267948967,4.261221368744156,-0.005,-0.01,-0.015,0.004999383,1.8503036e-06,7.8514786e-05
0 days 00:00:12.100000,0.0010613488694560112,-0.20012400000000002,0.20797200000000002,9.782532000000002,0.0,0.0,0.0,0.0,-0.0005235987755982988,-0.00034906585039886593,0.0006981317007977319,0.0,13.09,37.5,1,1,100.0,4,-0.005,0.005,0.005,52.6480052,9.7453146,33.04,31.990000000000002,52.6480007,9.7453161,0.02356194490192345,-0.015707963267948967,4.261221368744156,-0.01,-0.005,-0.035,0.0050779195,-0.005114546,-0.0048016817
0 days 00:00:12.110000,0.0010613488694560112,-0.16088400000000003,0.21189600000000003,9.837468000000001,0.0,0.0,0.0,0.0,-0.0005235987755982988,0.0006981317007977319,0.0006981317007977319,0.0,13.09,37.5,1,1,100.0,4,-0.005,0.005,0.005,52.6480052,9.7453146,33.04,31.990000000000002,52.6480007,9.7453161,0.02356194490192345,-0.015707963267948967,4.261221368744156,-0.01,-0.005,-0.035,0.0050779195,-0.005114546,-0.0048016817
0 days 00:00:12.120000,0.0010613488694560112,-0.21582000000000004,0.18835200000000002,9.82962,0.0,0.0,0.0,0.0,0.00017453292519943296,-0.00034906585039886593,0.0010471975511965976,0.0,13.09,37.5,1,1,100.0,4,-0.005,0.005,0.005,52.6480052,9.7453146,33.04,31.990000000000002,52.6480007,9.7453161,0.02356194490192345,-0.015707963267948967,4.261221368744156,-0.01,-0.005,-0.035,0.0050779195,-0.005114546,-0.0048016817
0 days 00:00:12.130000,0.0010613488694560112,-0.180504,0.20797200000000002,9.806076000000001,0.0,0.0,0.0,0.0,0.0,-0.00034906585039886593,0.0012217304763960308,0.0,13.09,37.5,1,1,100.0,4,-0.005,0.005,0.005,52.6480052,9.7453146,33.04,31.990000000000002,52.6480007,9.7453161,0.02356194490192345,-0.015707963267948967,4.261221368744156,-0.01,-0.005,-0.035,0.0050779195,-0.005114546,-0.0048016817
0 days 00:00:12.140000,0.0010613488694560112,-0.17265600000000003,0.21582000000000004,9.833544,0.0,0.0,0.0,0.0,0.0,0.0,0.0010471975511965976,0.0,13.09,37.5,1,1,100.0,4,-0.005,0.005,0.005,52.648005999999995,9.7453164,33.04,31.990000000000002,52.6480007,9.7453161,0.02356194490192345,-0.015707963267948967,4.261221368744156,-0.01,-0.005,-0.035,0.0050779195,-0.005114546,-0.0048016817
0 days 00:00:12.150000,0.0010023850433751216,-0.21582000000000004,0.20404800000000003,9.817848000000001,0.0,0.0,0.0,0.0,0.00017453292519943296,-0.0008726646259971648,0.0012217304763960308,0.0,13.09,37.5,1,1,100.0,4,-0.005,0.005,0.005,52.648005999999995,9.7453164,33.04,31.990000000000002,52.6480007,9.7453161,0.02356194490192345,-0.015707963267948967,4.261221368744156,-0.005,0.005,-0.0,0.0050779195,-0.005114546,-0.0048016817
0 days 00:00:12.160000,0.0009434212172942321,-0.17658000000000004,0.21582000000000004,9.825696,0.0,0.0,0.0,0.0,0.00017453292519943296,-0.0008726646259971648,0.0010471975511965976,0.0,13.09,37.5,1,1,100.0,4,-0.005,0.0,0.005,52.648005999999995,9.7453164,33.04,31.990000000000002,52.6480007,9.7453161,0.02356194490192345,-0.015707963267948967,4.261221368744156,-0.005,0.005,-0.0,7.8536585e-05,-0.0051163966,-0.0048801964
0 days 00:00:12.170000,0.0009434212172942321,-0.180504,0.20797200000000002,9.821772000000001,0.0,0.0,0.0,0.0,0.0,-0.00017453292519943296,0.0008726646259971648,0.0,13.09,37.5,1,1,100.0,4,-0.005,0.0,0.005,52.648005999999995,9.7453164,33.04,31.990000000000002,52.6480007,9.7453161,0.02356194490192345,-0.015707963267948967,4.261221368744156,-0.005,0.005,-0.0,7.8536585e-05,-0.0051163966,-0.0048801964
0 days 00:00:12.180000,0.0009434212172942321,-0.1962,0.20797200000000002,9.79038,0.0,0.0,0.0,0.0,-0.00034906585039886593,-0.0010471975511965976,0.0010471975511965976,0.0,13.09,37.5,1,1,100.0,4,-0.005,0.0,0.005,52.648005999999995,9.7453164,33.04,31.990000000000002,52.6480007,9.7453161,0.02356194490192345,-0.015707963267948967,4.261221368744156,-0.005,0.005,-0.0,7.8536585e-05,-0.0051163966,-0.0048801964
0 days 00:00:12.190000,0.0009434212172942321,-0.16873200000000002,0.21582000000000004,9.81,0.0,0.0,0.0,0.0,-0.0005235987755982988,-0.0008726646259971648,0.0010471975511965976,0.0,13.09,37.5,1,1,100.0,4,-0.005,0.0,0.005,52.648005999999995,9.7453165,33.04,31.990000000000002,52.6480007,9.7453161,0.02356194490192345,-0.015707963267948967,4.261221368744156,-0.005,0.005,-0.0,7.8536585e-05,-0.0051163966,-0.0048801964
0 days 00:00:12.200000,0.000825493565132453,-0.15696000000000002,0.20404800000000003,9.82962,0.0,0.0,0.0,0.0,-0.00017453292519943296,-0.00034906585039886593,0.0006981317007977319,0.0,13.09,37.5,1,1,100.0,4,0.0,-0.005,0.005,52.648005999999995,9.7453165,33.03,31.990000000000002,52.6480007,9.7453161,0.02356194490192345,-0.015707963267948967,4.261221368744156,0.01,0.005,0.01,-0.0049208463,-0.00011963459,-0.0050765104
0 days 00:00:12.210000,0.000825493565132453,-0.16480800000000004,0.21582000000000004,9.806076000000001,0.0,0.0,0.0,0.0,-0.00017453292519943296,-0.00034906585039886593,0.0005235987755982988,0.0,13.09,37.5,1,1,100.0,4,0.0,-0.005,-0.0,52.648005999999995,9.7453165,33.03,31.990000000000002,52.6480007,9.7453161,0.02356194490192345,-0.015707963267948967,4.261221368744156,0.01,0.005,0.01,-0.004999383,-1.8503036e-06,-7.8514786e-05
0 days 00:00:12.220000,0.000825493565132453,-0.16873200000000002,0.1962,9.817848000000001,0.0,0.0,0.0,0.0,0.0,-0.00034906585039886593,0.0008726646259971648,0.0,13.09,37.5,1,1,100.0,4,0.0,-0.005,-0.0,52.648005999999995,9.7453165,33.03,31.990000000000002,52.6480007,9.7453161,0.02356194490192345,-0.015707963267948967,4.261221368744156,0.01,0.005,0.01,-0.004999383,-1.8503036e-06,-7.8514786e-05
0 days 00:00:12.230000,0.000825493565132453,-0.153036,0.21189600000000003,9.798228,0.0,0.0,0.0,0.0,0.00017453292519943296,-0.00034906585039886593,0.00034906585039886593,0.0,13.09,37.5,1,1,100.0,4,0.0,-0.005,-0.0,52.648005999999995,9.7453165,33.03,31.990000000000002,52.6480007,9.7453161,0.02356194490192345,-0.015707963267948967,4.261221368744156,0.01,0.005,0.01,-0.004999383,-1.8503036e-06,-7.8514786e-05
0 days 00:00:12.240000,0.000825493565132453,-0.16480800000000004,0.21582000000000004,9.798228,0.0,0.0,0.0,0.0,0.0005235987755982988,-0.0006981317007977319,0.00034906585039886593,0.0,13.09,37.5,1,1,100.0,4,0.0,-0.005,-0.0,52.648005999999995,9.7453165,33.03,31.990000000000002,52.6480007,9.7453161,0.02356194490192345,-0.015707963267948967,4.261221368744156,0.01,0.005,0.01,-0.004999383,-1.8503036e-06,-7.8514786e-05
0 days 00:00:12.250000,0.0007665297390515636,-0.145188,0.21582000000000004,9.802152000000001,0.0,0.0,0.0,0.0,0.0005235987755982988,-0.00034906585039886593,0.00034906585039886593,0.0,13.09,37.5,1,1,100.0,4,0.0,-0.005,0.005,52.648005999999995,9.7453165,33.02,31.990000000000002,52.6480007,9.7453161,0.02356194490192345,-0.015533430342749533,4.261221368744156,0.01,0.005,-0.025,-0.004921733,-0.000119614364,-0.0050756517
0 days 00:00:12.260000,0.0007075659129706742,-0.133416,0.21582000000000004,9.798228,0.0,0.0,0.0,0.0,0.0005235987755982988,-0.00034906585039886593,0.0,0.0,13.09,37.5,1,1,100.0,4,0.0,-0.005,0.005,52.648005999999995,9.7453165,33.02,31.990000000000002,52.6480007,9.7453161,0.02356194490192345,-0.015533430342749533,4.261221368744156,0.01,0.005,-0.025,-0.004921733,-0.000119614364,-0.0050756517
0 days 00:00:12.270000,0.0007075659129706742,-0.149112,0.223668,9.806076000000001,0.0,0.0,0.0,0.0,0.0005235987755982988,-0.00017453292519943296,0.0,0.0,13.09,37.5,1,1,100.0,4,0.0,-0.005,0.005,52.648005999999995,9.7453165,33.02,31.990000000000002,52.6480007,9.7453161,0.02356194490192345,-0.015533430342749533,4.261221368744156,0.01,0.005,-0.025,-0.004921733,-0.000119614364,-0.0050756517
0 days 00:00:12.280000,0.0007075659129706742,-0.15696000000000002,0.231516,9.794304,0.0,0.0,0.0,0.0,0.00017453292519943296,-0.00034906585039886593,0.00034906585039886593,0.0,13.09,37.5,1,1,100.0,4,0.0,-0.005,0.005,52.648005999999995,9.7453165,33.02,31.990000000000002,52.6480007,9.7453161,0.02356194490192345,-0.015533430342749533,4.261221368744156,0.01,0.005,-0.025,-0.004921733,-0.000119614364,-0.0050756517
0 days 00:00:12.290000,0.0007075659129706742,-0.133416,0.22759200000000002,9.806076000000001,0.0,0.0,0.0,0.0,0.0,0.00017453292519943296,0.00017453292519943296,0.0,13.09,37.5,1,1,100.0,4,0.0,-0.005,0.005,52.6480059,9.7453165,33.02,31.990000000000002,52.6480007,9.7453161,0.02356194490192345,-0.015533430342749533,4.261221368744156,0.01,0.005,-0.025,-0.004921733,-0.000119614364,-0.0050756517
0 days 00:00:12.300000,0.0007075659129706742,-0.133416,0.21974400000000002,9.778608,0.0,0.0,0.0,0.0,-0.00034906585039886593,-0.00017453292519943296,0.00017453292519943296,0.0,13.09,37.5,1,1,100.0,4,0.0,0.0,0.005,52.6480059,9.7453165,33.01,31.990000000000002,52.6480007,9.7453161,0.02356194490192345,-0.015533430342749533,4.261221368744156,0.0,-0.005,-0.005,7.766402e-05,-0.00011778461,-0.004998009
0 days 00:00:12.310000,0.0007075659129706742,-0.12164400000000002,0.20797200000000002,9.806076000000001,0.0,0.0,0.0,0.0,-0.00017453292519943296,0.00034906585039886593,0.00034906585039886593,0.0,13.09,37.5,1,1,100.0,4,0.0,0.0,0.005,52.6480059,9.7453165,33.01,31.990000000000002,52.6480007,9.7453161,0.02356194490192345,-0.015533430342749533,4.261221368744156,0.0,-0.005,-0.005,7.766402e-05,-0.00011778461,-0.004998009
0 days 00:00:12.320000,0.0007075659129706742,-0.14126400000000003,0.223668,9.798228,0.0,0.0,0.0,0.0,-0.00017453292519943296,0.00017453292519943296,0.00034906585039886593,0.0,13.09,37.5,1,1,100.0,4,0.0,0.0,0.005,52.6480059,9.7453165,33.01,31.990000000000002,52.6480007,9.7453161,0.02356194490192345,-0.015533430342749533,4.261221368744156,0.0,-0.005,-0.005,7.766402e-05,-0.00011778461,-0.004998009
0 days 00:00:12.330000,0.0007075659129706742,-0.14126400000000003,0.23936400000000002,9.774684,0.0,0.0,0.0,0.0,-0.0005235987755982988,-0.00017453292519943296,0.00034906585039886593,0.0,13.09,37.5,1,1,100.0,4,0.0,0.0,0.005,52.6480059,9.7453165,33.01,31.990000000000002,52.6480007,9.7453161,0.02356194490192345,-0.015707963267948967,4.261221368744156,0.0,-0.005,-0.005,7.8536585e-05,-0.000117784286,-0.004997995
0 days 00:00:12.340000,0.0007075659129706742,-0.125568,0.223668,9.813924,0.0,0.0,0.0,0.0,-0.0005235987755982988,0.0010471975511965976,0.00034906585039886593,0.0,13.09,37.5,1,1,100.0,4,0.0,0.0,0.005,52.6480058,9.745316599999999,33.01,31.990000000000002,52.6480007,9.7453161,0.02356194490192345,-0.015533430342749533,4.261221368744156,0.0,-0.005,-0.005,7.766402e-05,-0.00011778461,-0.004998009
0 days 00:00:12.350000,0.0007075659129706742,-0.153036,0.22759200000000002,9.79038,0.0,0.0,0.0,0.0,-0.0005235987755982988,0.0,0.00017453292519943296,0.0,13.09,37.5,1,1,100.0,4,-0.005,0.01,0.005,52.6480058,9.745316599999999,33.01,31.990000000000002,52.6480007,9.7453161,0.02356194490192345,-0.015707963267948967,4.261221368744156,-0.015,-0.015,-0.015,0.010077302,-0.005112696,-0.004723167
0 days 00:00:12.360000,0.0007075659129706742,-0.145188,0.231516,9.802152000000001,0.0,0.0,0.0,0.0,-0.0005235987755982988,0.0005235987755982988,0.00034906585039886593,0.0,13.09,37.5,1,1,100.0,4,-0.005,0.005,0.005,52.6480058,9.745316599999999,33.01,31.990000000000002,52.6480007,9.7453161,0.02356194490192345,-0.015707963267948967,4.261221368744156,-0.015,-0.015,-0.015,0.0050779195,-0.005114546,-0.0048016817
0 days 00:00:12.370000,0.0007075659129706742,-0.15696000000000002,0.21974400000000002,9.802152000000001,0.0,0.0,0.0,0.0,-0.00034906585039886593,0.00034906585039886593,0.00034906585039886593,0.0,13.09,37.5,1,1,100.0,4,-0.005,0.005,0.005,52.6480058,9.745316599999999,33.01,31.990000000000002,52.6480007,9.7453161,0.02356194490192345,-0.015707963267948967,4.261221368744156,-0.015,-0.015,-0.015,0.0050779195,-0.005114546,-0.0048016817
0 days 00:00:12.380000,0.0007075659129706742,-0.16088400000000003,0.223668,9.81,0.0,0.0,0.0,0.0,-0.00017453292519943296,0.00017453292519943296,0.0005235987755982988,0.0,13.09,37.5,1,1,100.0,4,-0.005,0.005,0.005,52.6480058,9.745316599999999,33.01,31.990000000000002,52.6480007,9.7453161,0.02356194490192345,-0.015707963267948967,4.261221368744156,-0.015,-0.015,-0.015,0.0050779195,-0.005114546,-0.0048016817
0 days 00:00:12.390000,0.0007075659129706742,-0.16873200000000002,0.22759200000000002,9.81,0.0,0.0,0.0,0.0,0.0,0.0006981317007977319,0.0008726646259971648,0.0,13.09,37.5,1,1,100.0,4,-0.005,0.005,0.005,52.6480058,9.7453167,33.01,31.990000000000002,52.6480007,9.7453161,0.02356194490192345,-0.015707963267948967,4.261221368744156,-0.015,-0.015,-0.015,0.0050779195,-0.005114546,-0.0048016817
0 days 00:00:12.400000,0.0007075659129706742,-0.16088400000000003,0.24328800000000003,9.802152000000001,0.0,0.0,0.0,0.0,-0.00017453292519943296,0.00034906585039886593,0.0005235987755982988,0.0,13.09,37.5,1,1,100.0,4,-0.005,0.005,0.005,52.6480058,9.7453167,33.01,31.990000000000002,52.6480007,9.7453161,0.02356194490192345,-0.015707963267948967,4.261221368744156,-0.005,0.01,0.025,0.0050779195,-0.005114546,-0.0048016817
0 days 00:00:12.410000,0.0007075659129706742,-0.17265600000000003,0.22759200000000002,9.806076000000001,0.0,0.0,0.0,0.0,-0.00017453292519943296,0.00034906585039886593,0.0005235987755982988,0.0,13.09,37.5,1,1,100.0,4,-0.005,0.005,0.005,52.6480058,9.7453167,33.01,31.990000000000002,52.6480007,9.7453161,0.02356194490192345,-0.015707963267948967,4.261221368744156,-0.005,0.01,0.025,0.0050779195,-0.005114546,-0.0048016817
0 days 00:00:12.420000,0.0007075659129706742,-0.17658000000000004,0.21189600000000003,9.825696,0.0,0.0,0.0,0.0,-0.00017453292519943296,0.0005235987755982988,0.0008726646259971648,0.0,13.09,37.5,1,1,100.0,4,-0.005,0.005,0.005,52.6480058,9.7453167,33.01,31.990000000000002,52.6480007,9.7453161,0.02356194490192345,-0.015707963267948967,4.261221368744156,-0.005,0.01,0.025,0.0050779195,-0.005114546,-0.0048016817
0 days 00:00:12.430000,0.000825493565132453,-0.18835200000000002,0.21582000000000004,9.81,0.0,0.0,0.0,0.0,-0.00017453292519943296,0.0,0.0010471975511965976,0.0,13.09,37.5,1,1,100.0,4,-0.005,0.0,0.005,52.6480058,9.7453167,33.01,31.990000000000002,52.6480007,9.7453161,0.02356194490192345,-0.015707963267948967,4.261221368744156,-0.005,0.01,0.025,7.8536585e-05,-0.0051163966,-0.0048801964
0 days 00:00:12.440000,0.000825493565132453,-0.16088400000000003,0.22759200000000002,9.82962,0.0,0.0,0.0,0.0,-0.00017453292519943296,0.0005235987755982988,0.0005235987755982988,0.0,13.09,37.5,1,1,100.0,4,-0.005,0.0,0.005,52.6480058,9.745316599999999,33.01,31.990000000000002,52.6480007,9.7453161,0.02356194490192345,-0.015707963267948967,4.261221368744156,-0.005,0.01,0.025,7.8536585e-05,-0.0051163966,-0.0048801964
0 days 00:00:12.450000,0.000825493565132453,-0.18835200000000002,0.21189600000000003,9.794304,0.0,0.0,0.0,0.0,-0.00034906585039886593,0.0,0.0006981317007977319,0.0,13.09,37.5,1,1,100.0,4,0.0,0.0,0.005,52.6480058,9.745316599999999,33.02,31.990000000000002,52.6480007,9.7453161,0.02356194490192345,-0.015707963267948967,4.261221368744156,0.01,-0.01,-0.005,7.8536585e-05,-0.000117784286,-0.004997995
0 days 00:00:12.460000,0.000825493565132453,-0.17658000000000004,0.20797200000000002,9.81,0.0,0.0,0.0,0.0,-0.0006981317007977319,0.00034906585039886593,0.0008726646259971648,0.0,13.09,37.5,1,1,100.0,4,0.0,0.0,0.005,52.6480058,9.745316599999999,33.02,31.990000000000002,52.6480007,9.7453161,0.02356194490192345,-0.015707963267948967,4.261221368744156,0.01,-0.01,-0.005,7.8536585e-05,-0.000117784286,-0.004997995
0 days 00:00:12.470000,0.0007665297390515636,-0.18835200000000002,0.223668,9.821772000000001,0.0,0.0,0.0,0.0,-0.0005235987755982988,-0.00017453292519943296,0.0006981317007977319,0.0,13.09,37.5,1,1,100.0,4,0.0,0.0,0.005,52.6480058,9.745316599999999,33.02,31.990000000000002,52.6480007,9.7453161,0.02356194490192345,-0.015707963267948967,4.261221368744156,0.01,-0.01,-0.005,7.8536585e-05,-0.000117784286,-0.004997995
0 days 00:00:12.480000,0.0007075659129706742,-0.16873200000000002,0.21189600000000003,9.802152000000001,0.0,0.0,0.0,0.0,-0.0006981317007977319,-0.00034906585039886593,0.0006981317007977319,0.0,13.09,37.5,1,1,100.0,4,0.0,0.0,0.005,52.6480058,9.745316599999999,33.02,31.990000000000002,52.6480007,9.7453161,0.02356194490192345,-0.015707963267948967,4.261221368744156,0.01,-0.01,-0.005,7.8536585e-05,-0.000117784286,-0.004997995
0 days 00:00:12.490000,0.0007075659129706742,-0.16873200000000002,0.21974400000000002,9.825696,0.0,0.0,0.0,0.0,-0.0006981317007977319,0.0005235987755982988,0.0006981317007977319,0.0,13.09,37.5,1,1,100.0,4,0.0,0.0,0.005,52.6480058,9.745316599999999,33.02,31.990000000000002,52.6480007,9.7453161,0.02356194490192345,-0.015707963267948967,4.261221368744156,0.01,-0.01,-0.005,7.8536585e-05,-0.000117784286,-0.004997995
0 days 00:00:12.500000,0.0007075659129706742,-0.17658000000000004,0.223668,9.794304,0.0,0.0,0.0,0.0,-0.0008726646259971648,-0.00017453292519943296,0.00034906585039886593,0.0,13.09,37.5,1,1,100.0,4,0.0,0.005,0.005,52.6480058,9.745316599999999,33.01,31.990000000000002,52.6480007,9.7453161,0.02356194490192345,-0.015707963267948967,4.261221368744156,0.0,-0.005,-0.0,0.0050779195,-0.00011593399,-0.0049194805
0 days 00:00:12.510000,0.0007075659129706742,-0.17265600000000003,0.20012400000000002,9.833544,0.0,0.0,0.0,0.0,-0.0005235987755982988,-0.00017453292519943296,0.0006981317007977319,0.0,13.09,37.5,1,1,100.0,4,0.0,0.0,0.005,52.6480058,9.745316599999999,33.01,31.990000000000002,52.6480007,9.7453161,0.023387411976724018,-0.015707963267948967,4.261221368744156,0.0,-0.005,-0.0,7.8536585e-05,-0.000116911964,-0.004998016
0 days 00:00:12.520000,0.0007075659129706742,-0.16088400000000003,0.21582000000000004,9.798228,0.0,0.0,0.0,0.0,-0.0005235987755982988,-0.0005235987755982988,0.00034906585039886593,0.0,13.09,37.5,1,1,100.0,4,0.0,0.0,0.005,52.6480058,9.745316599999999,33.01,31.990000000000002,52.6480007,9.7453161,0.023387411976724018,-0.015707963267948967,4.261221368744156,0.0,-0.005,-0.0,7.8536585e-05,-0.000116911964,-0.004998016
0 days 00:00:12.530000,0.0007075659129706742,-0.15696000000000002,0.20797200000000002,9.821772000000001,0.0,0.0,0.0,0.0,-0.00034906585039886593,-0.00034906585039886593,0.00034906585039886593,0.0,13.09,37.5,1,1,100.0,4,0.0,0.0,0.005,52.6480058,9.745316599999999,33.01,31.990000000000002,52.6480007,9.7453161,0.023387411976724018,-0.015707963267948967,4.261221368744156,0.0,-0.005,-0.0,7.8536585e-05,-0.000116911964,-0.004998016
0 days 00:00:12.540000,0.0007075659129706742,-0.17658000000000004,0.21582000000000004,9.806076000000001,0.0,0.0,0.0,0.0,-0.00017453292519943296,-0.00034906585039886593,0.0005235987755982988,0.0,13.09,37.5,1,1,100.0,4,0.0,0.0,0.005,52.6480058,9.7453167,33.01,31.990000000000002,52.6480007,9.7453161,0.023387411976724018,-0.015707963267948967,4.261221368744156,0.0,-0.005,-0.0,7.8536585e-05,-0.000116911964,-0.004998016
0 days 00:00:12.550000,0.0007075659129706742,-0.15696000000000002,0.20012400000000002,9.81,0.0,0.0,0.0,0.0,0.0,-0.0005235987755982988,0.00034906585039886593,0.0,13.09,37.5,1,1,100.0,4,0.0,0.005,-0.0,52.6480058,9.7453167,33.03,31.990000000000002,52.6480007,9.7453161,0.023387411976724018,-0.015707963267948967,4.261221368744156,0.0,-0.005,-0.0,0.004999383,1.8366e-06,7.851511e-05
0 days 00:00:12.560000,0.0007075659129706742,-0.145188,0.21189600000000003,9.806076000000001,0.0,0.0,0.0,0.0,0.0,0.0,0.00034906585039886593,0.0,13.09,37.5,1,1,100.0,4,0.0,0.005,-0.0,52.6480058,9.7453167,33.03,31.990000000000002,52.6480007,9.7453161,0.023387411976724018,-0.015707963267948967,4.261221368744156,0.0,-0.005,-0.0,0.004999383,1.8366e-06,7.851511e-05
0 days 00:00:12.570000,0.0007075659129706742,-0.180504,0.20012400000000002,9.786456000000001,0.0,0.0,0.0,0.0,0.0,-0.0005235987755982988,0.0005235987755982988,0.0,13.09,37.5,1,1,100.0,4,0.0,0.005,-0.0,52.6480058,9.7453167,33.03,31.990000000000002,52.6480007,9.7453161,0.023387411976724018,-0.015707963267948967,4.261221368744156,0.0,-0.005,-0.0,0.004999383,1.8366e-06,7.851511e-05
0 days 00:00:12.580000,0.0007075659129706742,-0.14126400000000003,0.20797200000000002,9.81,0.0,0.0,0.0,0.0,-0.00017453292519943296,0.0,0.00034906585039886593,0.0,13.09,37.5,1,1,100.0,4,0.0,0.005,-0.0,52.6480058,9.7453167,33.03,31.990000000000002,52.6480007,9.7453161,0.023387411976724018,-0.015707963267948967,4.261221368744156,0.0,-0.005,-0.0,0.004999383,1.8366e-06,7.851511e-05
0 days 00:00:12.590000,0.0007075659129706742,-0.16873200000000002,0.20797200000000002,9.798228,0.0,0.0,0.0,0.0,0.0,-0.00017453292519943296,0.00017453292519943296,0.0,13.09,37.5,1,1,100.0,4,0.0,0.005,-0.0,52.6480057,9.7453168,33.03,31.990000000000002,52.6480007,9.7453161,0.023387411976724018,-0.015707963267948967,4.261221368744156,0.0,-0.005,-0.0,0.004999383,1.8366e-06,7.851511e-05
0 days 00:00:12.600000,0.0007075659129706742,-0.153036,0.1962,9.770760000000001,0.0,0.0,0.0,0.0,-0.00017453292519943296,-0.00034906585039886593,0.00034906585039886593,0.0,13.09,37.5,1,1,100.0,4,0.0,0.0,-0.0,52.6480057,9.7453168,33.02,31.990000000000002,52.6480007,9.7453161,0.023387411976724018,-0.015707963267948967,4.261221368744156,0.0,0.005,0.015,0.0,0.0,0.0
0 days 00:00:12.610000,0.0007075659129706742,-0.149112,0.223668,9.802152000000001,0.0,0.0,0.0,0.0,-0.0005235987755982988,0.0006981317007977319,0.00034906585039886593,0.0,13.09,37.5,1,1,100.0,4,0.0,0.0,-0.0,52.6480057,9.7453168,33.02,31.990000000000002,52.6480007,9.7453161,0.023387411976724018,-0.015707963267948967,4.261221368744156,0.0,0.005,0.015,0.0,0.0,0.0
0 days 00:00:12.620000,0.0007075659129706742,-0.1962,0.21582000000000004,9.774684,0.0,0.0,0.0,0.0,-0.00034906585039886593,-0.0010471975511965976,0.0005235987755982988,0.0,13.09,37.5,1,1,100.0,4,0.0,0.0,-0.0,52.6480057,9.7453168,33.02,31.990000000000002,52.6480007,9.7453161,0.023387411976724018,-0.015707963267948967,4.261221368744156,0.0,0.005,0.015,0.0,0.0,0.0
0 days 00:00:12.630000,0.0007075659129706742,-0.129492,0.20404800000000003,9.798228,0.0,0.0,0.0,0.0,-0.00034906585039886593,0.00034906585039886593,0.0006981317007977319,0.0,13.09,37.5,1,1,100.0,4,0.0,0.0,-0.0,52.6480057,9.7453168,33.02,31.990000000000002,52.6480007,9.7453161,0.023387411976724018,-0.015707963267948967,4.261221368744156,0.0,0.005,0.015,0.0,0.0,0.0
0 days 00:00:12.640000,0.0007075659129706742,-0.153036,0.22759200000000002,9.778608,0.0,0.0,0.0,0.0,-0.0005235987755982988,-0.00017453292519943296,0.00034906585039886593,0.0,13.09,37.5,1,1,100.0,4,0.0,0.0,-0.0,52.6480057,9.7453167,33.02,31.990000000000002,52.6480007,9.7453161,0.023387411976724018,-0.015707963267948967,4.261221368744156,0.0,0.005,0.015,0.0,0.0,0.0
0 days 00:00:12.650000,0.0007075659129706742,-0.153036,0.21582000000000004,9.81,0.0,0.0,0.0,0.0,-0.0005235987755982988,0.00034906585039886593,0.0006981317007977319,0.0,13.09,37.5,1,1,100.0,4,0.0,-0.005,-0.0,52.6480057,9.7453167,33.03,31.990000000000002,52.6480007,9.7453161,0.023387411976724018,-0.015707963267948967,4.261221368744156,0.0,0.015,0.015,-0.004999383,-1.8366e-06,-7.851511e-05
0 days 00:00:12.660000,0.0007075659129706742,-0.153036,0.21974400000000002,9.766836000000001,0.0,0.0,0.0,0.0,0.0,-0.0005235987755982988,0.0006981317007977319,0.0,13.09,37.5,1,1,100.0,4,0.0,-0.005,-0.0,52.6480057,9.7453167,33.03,31.990000000000002,52.6480007,9.7453161,0.023387411976724018,-0.015707963267948967,4.261221368744156,0.0,0.015,0.015,-0.004999383,-1.8366e-06,-7.851511e-05
0 days 00:00:12.670000,0.0007075659129706742,-0.10987200000000001,0.22759200000000002,9.817848000000001,0.0,0.0,0.0,0.0,-0.00017453292519943296,0.0010471975511965976,0.0005235987755982988,0.0,13.09,37.5,1,1,100.0,4,0.0,-0.005,-0.0,52.6480057,9.7453167,33.03,31.990000000000002,52.6480007,9.7453161,0.023387411976724018,-0.015707963267948967,4.261221368744156,0.0,0.015,0.015,-0.004999383,-1.8366e-06,-7.851511e-05
0 days 00:00:12.680000,0.0007075659129706742,-0.180504,0.21189600000000003,9.806076000000001,0.0,0.0,0.0,0.0,0.00017453292519943296,0.0,0.0005235987755982988,0.0,13.09,37.5,1,1,100.0,4,0.0,-0.005,-0.0,52.6480057,9.7453167,33.03,31.990000000000002,52.6480007,9.7453161,0.023387411976724018,-0.015707963267948967,4.261221368744156,0.0,0.015,0.015,-0.004999383,-1.8366e-06,-7.851511e-05
0 days 00:00:12.690000,0.0007075659129706742,-0.133416,0.231516,9.817848000000001,0.0,0.0,0.0,0.0,0.0,0.00034906585039886593,0.0005235987755982988,0.0,13.09,37.5,1,1,100.0,4,-0.005,-0.005,-0.0,52.6480057,9.7453167,33.03,31.990000000000002,52.6480007,9.7453161,0.023387411976724018,-0.015707963267948967,4.261221368744156,0.0,0.015,0.015,-0.004999383,-0.0050004693,3.841128e-05
0 days 00:00:12.700000,0.0007075659129706742,-0.16088400000000003,0.223668,9.82962,0.0,0.0,0.0,0.0,0.00017453292519943296,0.00034906585039886593,0.0006981317007977319,0.0,13.09,37.5,1,1,100.0,4,-0.01,0.01,-0.0,52.6480057,9.7453167,33.02,31.990000000000002,52.6480007,9.7453161,0.02356194490192345,-0.015707963267948967,4.261221368744156,-0.03,-0.02,-0.015,0.009998766,-0.009993523,0.00039262723
0 days 00:00:12.710000,0.0007075659129706742,-0.15696000000000002,0.23936400000000002,9.82962,0.0,0.0,0.0,0.0,0.00017453292519943296,0.0005235987755982988,0.00034906585039886593,0.0,13.09,37.5,1,1,100.0,4,-0.01,0.01,-0.0,52.6480057,9.7453167,33.02,31.990000000000002,52.6480007,9.7453161,0.02356194490192345,-0.015707963267948967,4.261221368744156,-0.03,-0.02,-0.015,0.009998766,-0.009993523,0.00039262723
0 days 00:00:12.720000,0.0007075659129706742,-0.16480800000000004,0.23544,9.81,0.0,0.0,0.0,0.0,-0.00034906585039886593,0.00034906585039886593,0.00034906585039886593,0.0,13.09,37.5,1,1,100.0,4,-0.01,0.01,-0.0,52.6480057,9.7453167,33.02,31.990000000000002,52.6480007,9.7453161,0.02356194490192345,-0.015707963267948967,4.261221368744156,-0.03,-0.02,-0.015,0.009998766,-0.009993523,0.00039262723
0 days 00:00:12.730000,0.0007075659129706742,-0.17658000000000004,0.23544,9.833544,0.0,0.0,0.0,0.0,-0.00034906585039886593,0.00034906585039886593,0.00034906585039886593,0.0,13.09,37.5,1,1,100.0,4,-0.01,0.01,-0.0,52.6480057,9.7453167,33.02,31.990000000000002,52.6480007,9.7453161,0.02356194490192345,-0.015707963267948967,4.261221368744156,-0.03,-0.02,-0.015,0.009998766,-0.009993523,0.00039262723
0 days 00:00:12.740000,0.0007075659129706742,-0.18835200000000002,0.22759200000000002,9.817848000000001,0.0,0.0,0.0,0.0,-0.00034906585039886593,-0.00017453292519943296,0.00034906585039886593,0.0,13.09,37.5,1,1,100.0,4,-0.01,0.01,-0.0,52.6480056,9.7453168,33.02,31.990000000000002,52.6480007,9.7453161,0.02356194490192345,-0.015707963267948967,4.261221368744156,-0.03,-0.02,-0.015,0.009998766,-0.009993523,0.00039262723
0 days 00:00:12.750000,0.0007075659129706742,-0.16088400000000003,0.21582000000000004,9.825696,0.0,0.0,0.0,0.0,-0.0005235987755982988,0.0006981317007977319,0.0006981317007977319,0.0,13.09,37.5,1,1,100.0,4,0.0,0.0,0.005,52.6480056,9.7453168,33.03,31.990000000000002,52.6480007,9.7453161,0.023387411976724018,-0.015707963267948967,4.261395901669355,0.015,0.005,-0.02,7.8536585e-05,-0.000116911964,-0.004998016
0 days 00:00:12.760000,0.0007075659129706742,-0.17265600000000003,0.22759200000000002,9.833544,0.0,0.0,0.0,0.0,-0.0005235987755982988,0.0006981317007977319,0.0006981317007977319,0.0,13.09,37.5,1,1,100.0,4,0.0,0.0,0.005,52.6480056,9.7453168,33.03,31.990000000000002,52.6480007,9.7453161,0.023387411976724018,-0.015707963267948967,4.261395901669355,0.015,0.005,-0.02,7.8536585e-05,-0.000116911964,-0.004998016
0 days 00:00:12.770000,0.0007075659129706742,-0.180504,0.231516,9.81,0.0,0.0,0.0,0.0,-0.0008726646259971648,-0.00017453292519943296,0.00034906585039886593,0.0,13.09,37.5,1,1,100.0,4,0.0,0.0,0.005,52.6480056,9.7453168,33.03,31.990000000000002,52.6480007,9.7453161,0.023387411976724018,-0.015707963267948967,4.261395901669355,0.015,0.005,-0.02,7.8536585e-05,-0.000116911964,-0.004998016
0 days 00:00:12.780000,0.0007075659129706742,-0.16480800000000004,0.22759200000000002,9.833544,0.0,0.0,0.0,0.0,-0.0008726646259971648,0.00034906585039886593,0.00034906585039886593,0.0,13.09,37.5,1,1,100.0,4,0.0,0.0,0.005,52.6480056,9.7453168,33.03,31.990000000000002,52.6480007,9.7453161,0.023387411976724018,-0.015707963267948967,4.261395901669355,0.015,0.005,-0.02,7.8536585e-05,-0.000116911964,-0.004998016
0 days 00:00:12.790000,0.0007075659129706742,-0.17265600000000003,0.21189600000000003,9.825696,0.0,0.0,0.0,0.0,-0.0008726646259971648,0.0005235987755982988,0.00034906585039886593,0.0,13.09,37.5,1,1,100.0,4,0.0,0.0,-0.0,52.6480056,9.7453168,33.03,31.990000000000002,52.6480007,9.7453161,0.023387411976724018,-0.015707963267948967,4.261395901669355,0.015,0.005,-0.02,0.0,0.0,0.0
0 days 00:00:12.800000,0.0007075659129706742,-0.184428,0.223668,9.798228,0.0,0.0,0.0,0.0,-0.0010471975511965976,-0.0005235987755982988,0.00034906585039886593,0.0,13.09,37.5,1,1,100.0,4,0.005,-0.005,-0.0,52.6480056,9.7453168,33.03,31.990000000000002,52.6480007,9.7453161,0.023387411976724018,-0.015707963267948967,4.261395901669355,0.015,0.0,-0.0,-0.004999383,0.004996796,-0.0001954415
0 days 00:00:12.810000,0.0007075659129706742,-0.149112,0.21582000000000004,9.813924,0.0,0.0,0.0,0.0,-0.0008726646259971648,-0.00017453292519943296,0.00017453292519943296,0.0,13.09,37.5,1,1,100.0,4,0.005,-0.005,-0.0,52.6480056,9.7453168,33.03,31.990000000000002,52.6480007,9.7453161,0.023387411976724018,-0.015707963267948967,4.261395901669355,0.015,0.0,-0.0,-0.004999383,0.004996796,-0.0001954415
0 days 00:00:12.820000,0.0007075659129706742,-0.16480800000000004,0.20404800000000003,9.813924,0.0,0.0,0.0,0.0,-0.0005235987755982988,0.00017453292519943296,0.0005235987755982988,0.0,13.09,37.5,1,1,100.0,4,0.005,-0.005,-0.0,52.6480056,9.7453168,33.03,31.990000000000002,52.6480007,9.7453161,0.023387411976724018,-0.015707963267948967,4.261395901669355,0.015,0.0,-0.0,-0.004999383,0.004996796,-0.0001954415
0 days 00:00:12.830000,0.0007075659129706742,-0.16873200000000002,0.21974400000000002,9.762912000000002,0.0,0.0,0.0,0.0,-0.0005235987755982988,-0.0008726646259971648,0.00034906585039886593,0.0,13.09,37.5,1,1,100.0,4,0.005,-0.005,-0.0,52.6480056,9.7453168,33.03,31.990000000000002,52.6480007,9.7453161,0.023387411976724018,-0.015707963267948967,4.261395901669355,0.015,0.0,-0.0,-0.004999383,0.004996796,-0.0001954415
0 days 00:00:12.840000,0.0007075659129706742,-0.12164400000000002,0.192276,9.794304,0.0,0.0,0.0,0.0,-0.00017453292519943296,0.00034906585039886593,0.0005235987755982988,0.0,13.09,37.5,1,1,100.0,4,0.005,-0.005,-0.0,52.6480057,9.7453168,33.03,31.990000000000002,52.6480007,9.7453161,0.023387411976724018,-0.015707963267948967,4.261395901669355,0.015,0.0,-0.0,-0.004999383,0.004996796,-0.0001954415
0 days 00:00:12.850000,0.0007075659129706742,-0.15696000000000002,0.21582000000000004,9.794304,0.0,0.0,0.0,0.0,0.0,0.00017453292519943296,0.0005235987755982988,0.0,13.09,37.5,1,1,100.0,4,0.005,-0.005,0.01,52.6480057,9.7453168,33.01,31.990000000000002,52.6480007,9.7453161,0.023387411976724018,-0.015707963267948967,4.261395901669355,0.015,0.01,-0.055,-0.0048423097,0.0047629722,-0.010191473
0 days 00:00:12.860000,0.0007075659129706742,-0.16088400000000003,0.20797200000000002,9.778608,0.0,0.0,0.0,0.0,-0.00017453292519943296,-0.0005235987755982988,0.0006981317007977319,0.0,13.09,37.5,1,1,100.0,4,0.005,-0.005,0.01,52.6480057,9.7453168,33.01,31.990000000000002,52.6480007,9.7453161,0.023387411976724018,-0.015707963267948967,4.261395901669355,0.015,0.01,-0.055,-0.0048423097,0.0047629722,-0.010191473
0 days 00:00:12.870000,0.0007075659129706742,-0.13734000000000002,0.192276,9.802152000000001,0.0,0.0,0.0,0.0,0.00017453292519943296,0.0,0.0006981317007977319,0.0,13.09,37.5,1,1,100.0,4,0.005,-0.005,0.01,52.6480057,9.7453168,33.01,31.990000000000002,52.6480007,9.7453161,0.023387411976724018,-0.015707963267948967,4.261395901669355,0.015,0.01,-0.055,-0.0048423097,0.0047629722,-0.010191473
0 days 00:00:12.880000,0.0007075659129706742,-0.14126400000000003,0.21189600000000003,9.798228,0.0,0.0,0.0,0.0,-0.00034906585039886593,0.0008726646259971648,0.0005235987755982988,0.0,13.09,37.5,1,1,100.0,4,0.005,-0.005,0.01,52.6480057,9.7453168,33.01,31.990000000000002,52.6480007,9.7453161,0.023387411976724018,-0.015707963267948967,4.261395901669355,0.015,0.01,-0.055,-0.0048423097,0.0047629722,-0.010191473
0 days 00:00:12.890000,0.0007075659129706742,-0.192276,0.1962,9.778608,0.0,0.0,0.0,0.0,0.00017453292519943296,-0.0005235987755982988,0.0012217304763960308,0.0,13.09,37.5,1,1,100.0,4,0.005,-0.005,0.01,52.6480057,9.745316899999999,33.01,31.990000000000002,52.6480007,9.7453161,0.023387411976724018,-0.015707963267948967,4.261395901669355,0.015,0.01,-0.055,-0.0048423097,0.0047629722,-0.010191473
0 days 00:00:12.900000,0.0007075659129706742,-0.10987200000000001,0.20404800000000003,9.806076000000001,0.0,0.0,0.0,0.0,0.0,0.0008726646259971648,0.0008726646259971648,0.0,13.09,37.5,1,1,100.0,4,0.0,0.005,0.005,52.6480057,9.745316899999999,33.01,31.990000000000002,52.6480007,9.7453161,0.023387411976724018,-0.015707963267948967,4.261395901669355,-0.01,-0.015,0.015,0.0050779195,-0.00011507537,-0.004919501
0 days 00:00:12.910000,0.0007075659129706742,-0.180504,0.1962,9.786456000000001,0.0,0.0,0.0,0.0,0.0,0.0,0.0010471975511965976,0.0,13.09,37.5,1,1,100.0,4,0.0,0.005,0.005,52.6480057,9.745316899999999,33.01,31.990000000000002,52.6480007,9.7453161,0.023387411976724018,-0.015707963267948967,4.261395901669355,-0.01,-0.015,0.015,0.0050779195,-0.00011507537,-0.004919501
0 days 00:00:12.920000,0.0007075659129706742,-0.13734000000000002,0.223668,9.770760000000001,0.0,0.0,0.0,0.0,-0.00034906585039886593,-0.00017453292519943296,0.0008726646259971648,0.0,13.09,37.5,1,1,100.0,4,0.0,0.005,0.005,52.6480057,9.745316899999999,33.01,31.990000000000002,52.6480007,9.7453161,0.023387411976724018,-0.015707963267948967,4.261395901669355,-0.01,-0.015,0.015,0.0050779195,-0.00011507537,-0.004919501
0 days 00:00:12.930000,0.0007075659129706742,-0.16088400000000003,0.23936400000000002,9.696204000000002,0.0,0.0,0.0,0.0,-0.0017453292519943296,-0.00017453292519943296,0.0010471975511965976,0.0,13.09,37.5,1,1,100.0,4,0.0,0.005,0.005,52.6480057,9.745316899999999,33.01,31.990000000000002,52.6480007,9.7453161,0.023387411976724018,-0.015707963267948967,4.261395901669355,-0.01,-0.015,0.015,0.0050779195,-0.00011507537,-0.004919501
0 days 00:00:12.940000,0.000825493565132453,-0.10987200000000001,0.18835200000000002,9.853164,0.0,0.0,0.0,0.0,-0.0015707963267948967,0.0015707963267948967,0.0008726646259971648,0.0,13.09,37.5,1,1,100.0,4,0.0,0.005,0.01,52.6480063,9.7453185,33.01,31.990000000000002,52.6480007,9.7453161,0.023387411976724018,-0.015707963267948967,4.261395901669355,-0.01,-0.015,0.015,0.005156456,-0.00023198733,-0.009917517
0 days 00:00:12.950000,0.000825493565132453,-0.22759200000000002,0.180504,9.876708000000002,0.0,0.0,0.0,0.0,-0.00034906585039886593,-0.00034906585039886593,0.0010471975511965976,0.0,13.09,37.5,1,1,100.0,4,-0.01,0.01,0.005,52.6480063,9.7453185,32.93,31.990000000000002,52.6480007,9.7453161,0.023387411976724018,-0.0158824961931484,4.261395901669355,-0.02,-0.015,0.025,0.010078148,-0.010110463,-0.0046053748
0 days 00:00:12.960000,0.000825493565132453,-0.133416,0.22759200000000002,9.770760000000001,0.0,0.0,0.0,0.0,-0.0006981317007977319,-0.0006981317007977319,0.0008726646259971648,0.0,13.09,37.5,1,1,100.0,4,-0.01,0.01,0.005,52.6480063,9.7453185,32.93,31.990000000000002,52.6480007,9.7453161,0.023387411976724018,-0.0158824961931484,4.261395901669355,-0.02,-0.015,0.025,0.010078148,-0.010110463,-0.0046053748
0 days 00:00:12.970000,0.000825493565132453,-0.10594800000000001,0.1962,9.86886,0.0,0.0,0.0,0.0,-0.00017453292519943296,0.0020943951023931952,0.0008726646259971648,0.0,13.09,37.5,1,1,100.0,4,-0.01,0.01,0.005,52.6480063,9.7453185,32.93,31.990000000000002,52.6480007,9.7453161,0.023387411976724018,-0.015707963267948967,4.261395901669355,-0.02,-0.015,0.025,0.010077302,-0.010110504,-0.004607133
0 days 00:00:12.980000,0.000825493565132453,-0.258984,0.21582000000000004,9.79038,0.0,0.0,0.0,0.0,0.0,-0.0015707963267948967,0.0006981317007977319,0.0,13.09,37.5,1,1,100.0,4,-0.01,0.01,-0.0,52.6480063,9.7453185,32.93,31.990000000000002,52.6480007,9.7453161,0.023387411976724018,-0.0158824961931484,4.261395901669355,-0.02,-0.015,0.025,0.009998739,-0.009993551,0.00039262764
0 days 00:00:12.990000,0.000825493565132453,-0.10202400000000002,0.23936400000000002,9.82962,0.0,0.0,0.0,0.0,-0.00034906585039886593,0.00034906585039886593,0.0005235987755982988,0.0,13.09,37.5,1,1,100.0,4,-0.01,0.01,-0.0,52.6480063,9.7453185,32.93,31.990000000000002,52.6480007,9.7453161,0.023387411976724018,-0.0158824961931484,4.261395901669355,-0.02,-0.015,0.025,0.009998739,-0.009993551,0.00039262764
0 days 00:00:13,0.000825493565132453,-0.17265600000000003,0.223668,9.825696,0.0,0.0,0.0,0.0,0.0,0.0008726646259971648,0.0005235987755982988,0.0,13.09,37.5,1,1,100.0,4,-0.005,0.005,-0.0,52.6480063,9.7453185,32.93,31.990000000000002,52.6480007,9.7453161,0.023387411976724018,-0.015707963267948967,4.261395901669355,0.0,0.0,0.03,0.004999383,-0.004996796,0.0001954415
0 days 00:00:13.010000,0.000825493565132453,-0.20404800000000003,0.22759200000000002,9.798228,0.0,0.0,0.0,0.0,0.00034906585039886593,-0.0008726646259971648,0.00034906585039886593,0.0,13.09,37.5,1,1,100.0,4,-0.005,0.005,-0.0,52.6480063,9.7453185,32.93,31.990000000000002,52.6480007,9.7453161,0.023387411976724018,-0.015707963267948967,4.261395901669355,0.0,0.0,0.03,0.004999383,-0.004996796,0.0001954415
0 days 00:00:13.020000,0.000825493565132453,-0.145188,0.231516,9.806076000000001,0.0,0.0,0.0,0.0,0.00017453292519943296,0.0,0.00017453292519943296,0.0,13.09,37.5,1,1,100.0,4,-0.005,0.005,-0.0,52.6480063,9.7453185,32.93,31.990000000000002,52.6480007,9.7453161,0.023387411976724018,-0.015707963267948967,4.261395901669355,0.0,0.0,0.03,0.004999383,-0.004996796,0.0001954415
0 days 00:00:13.030000,0.000825493565132453,-0.16873200000000002,0.21974400000000002,9.82962,0.0,0.0,0.0,0.0,0.00034906585039886593,0.0008726646259971648,0.00017453292519943296,0.0,13.09,37.5,1,1,100.0,4,-0.005,0.005,-0.0,52.6480063,9.7453185,32.93,31.990000000000002,52.6480007,9.7453161,0.023387411976724018,-0.015707963267948967,4.261395901669355,0.0,0.0,0.03,0.004999383,-0.004996796,0.0001954415
0 days 00:00:13.040000,0.000825493565132453,-0.23544,0.231516,9.762912000000002,0.0,0.0,0.0,0.0,0.0006981317007977319,-0.0006981317007977319,0.00034906585039886593,0.0,13.09,37.5,1,1,100.0,4,-0.005,0.005,-0.0,52.6480063,9.7453185,32.93,31.990000000000002,52.6480007,9.7453161,0.023387411976724018,-0.0158824961931484,4.261395901669355,0.0,0.0,0.03,0.0049993694,-0.0049967756,0.00019631382
0 days 00:00:13.050000,0.000825493565132453,-0.14126400000000003,0.24328800000000003,9.786456000000001,0.0,0.0,0.0,0.0,0.0008726646259971648,0.0006981317007977319,0.00017453292519943296,0.0,13.09,37.5,1,1,100.0,4,-0.005,0.005,-0.0,52.6480063,9.7453185,32.94,31.990000000000002,52.6480007,9.7453161,0.023387411976724018,-0.015707963267948967,4.261395901669355,0.0,0.0,-0.025,0.004999383,-0.004996796,0.0001954415
0 days 00:00:13.060000,0.000825493565132453,-0.184428,0.23936400000000002,9.845316,0.0,0.0,0.0,0.0,0.0013962634015954637,0.0006981317007977319,-0.00017453292519943296,0.0,13.09,37.5,1,1,100.0,4,-0.005,0.005,-0.0,52.6480063,9.7453185,32.94,31.990000000000002,52.6480007,9.7453161,0.023387411976724018,-0.015707963267948967,4.261395901669355,0.0,0.0,-0.025,0.004999383,-0.004996796,0.0001954415
0 days 00:00:13.070000,0.000825493565132453,-0.1962,0.223668,9.806076000000001,0.0,0.0,0.0,0.0,0.0013962634015954637,-0.0005235987755982988,0.00017453292519943296,0.0,13.09,37.5,1,1,100.0,4,-0.005,0.005,-0.0,52.6480063,9.7453185,32.94,31.990000000000002,52.6480007,9.7453161,0.023387411976724018,-0.0158824961931484,4.261395901669355,0.0,0.0,-0.025,0.0049993694,-0.0049967756,0.00019631382
0 days 00:00:13.080000,0.000825493565132453,-0.149112,0.23544,9.825696,0.0,0.0,0.0,0.0,0.0006981317007977319,0.00017453292519943296,0.00017453292519943296,0.0,13.09,37.5,1,1,100.0,4,-0.005,0.0,-0.0,52.6480063,9.7453185,32.94,31.990000000000002,52.6480007,9.7453161,0.023387411976724018,-0.015707963267948967,4.261395901669355,0.0,0.0,-0.025,0.0,-0.0049986327,0.00011692639
0 days 00:00:13.090000,0.000825493565132453,-0.184428,0.223668,9.841392,0.0,0.0,0.0,0.0,0.00034906585039886593,0.00017453292519943296,0.00017453292519943296,0.0,13.09,37.5,1,1,100.0,4,-0.005,0.0,-0.0,52.6480063,9.7453185,32.94,31.990000000000002,52.6480007,9.7453161,0.02356194490192345,-0.0158824961931484,4.261395901669355,0.0,0.0,-0.025,0.0,-0.004998612,0.00011779882
0 days 00:00:13.100000,0.000825493565132453,-0.18835200000000002,0.21582000000000004,9.821772000000001,0.0,0.0,0.0,0.0,-0.00034906585039886593,-0.00034906585039886593,0.00017453292519943296,0.0,13.09,37.5,1,1,100.0,4,-0.005,0.0,-0.0,52.6480063,9.7453185,32.93,31.990000000000002,52.6480007,9.7453161,0.02356194490192345,-0.0158824961931484,4.261395901669355,-0.005,0.0,0.015,0.0,-0.004998612,0.00011779882
0 days 00:00:13.110000,0.000825493565132453,-0.180504,0.21974400000000002,9.81,0.0,0.0,0.0,0.0,-0.0013962634015954637,-0.00034906585039886593,0.00017453292519943296,0.0,13.09,37.5,1,1,100.0,4,-0.005,0.0,-0.0,52.6480063,9.7453185,32.93,31.990000000000002,52.6480007,9.7453161,0.02356194490192345,-0.015707963267948967,4.261395901669355,-0.005,0.0,0.015,0.0,-0.004998612,0.00011779882
0 days 00:00:13.120000,0.000825493565132453,-0.180504,0.23544,9.813924,0.0,0.0,0.0,0.0,-0.0022689280275926286,-0.00017453292519943296,0.00017453292519943296,0.0,13.09,37.35,1,1,100.0,4,-0.005,0.0,-0.0,52.6480063,9.7453185,32.93,31.990000000000002,52.6480007,9.7453161,0.023387411976724018,-0.015707963267948967,4.261395901669355,-0.005,0.0,0.015,0.0,-0.0049986327,0.00011692639
0 days 00:00:13.130000,0.000825493565132453,-0.20012400000000002,0.223668,9.786456000000001,0.0,0.0,0.0,0.0,-0.0031415926535897933,-0.0010471975511965976,0.0005235987755982988,0.0,13.09,37.2,1,1,100.0,4,-0.005,0.0,-0.0,52.6480063,9.7453185,32.93,31.990000000000002,52.6480007,9.7453161,0.023387411976724018,-0.015707963267948967,4.261395901669355,-0.005,0.0,0.015,0.0,-0.0049986327,0.00011692639
0 days 00:00:13.140000,0.000825493565132453,-0.129492,0.22759200000000002,9.841392,0.0,0.0,0.0,0.0,-0.002967059728390361,-0.00017453292519943296,0.00017453292519943296,0.0,13.09,37.35,1,1,100.0,4,-0.005,0.0,-0.0,52.6480063,9.7453185,32.93,31.990000000000002,52.6480007,9.7453161,0.023387411976724018,-0.015707963267948967,4.261395901669355,-0.005,0.0,0.015,0.0,-0.0049986327,0.00011692639
0 days 00:00:13.150000,0.000825493565132453,-0.192276,0.21582000000000004,9.802152000000001,0.0,0.0,0.0,0.0,-0.003316125578789226,-0.0006981317007977319,0.0006981317007977319,0.0,13.09,37.5,1,1,100.0,4,-0.005,-0.01,-0.0,52.6480063,9.7453185,32.93,31.990000000000002,52.6480007,9.7453161,0.023387411976724018,-0.015707963267948967,4.261395901669355,0.005,0.03,-0.015,-0.009998766,-0.005002306,-4.0103834e-05
0 days 00:00:13.160000,0.000825493565132453,-0.145188,0.223668,9.81,0.0,0.0,0.0,0.0,-0.002967059728390361,-0.0012217304763960308,0.0006981317007977319,0.0,13.09,37.5,1,1,100.0,4,-0.005,-0.01,-0.0,52.6480063,9.7453185,32.93,31.990000000000002,52.6480007,9.7453161,0.023387411976724018,-0.015707963267948967,4.261395901669355,0.005,0.03,-0.015,-0.009998766,-0.005002306,-4.0103834e-05
0 days 00:00:13.170000,0.000825493565132453,-0.11772,0.223668,9.833544,0.0,0.0,0.0,0.0,-0.0024434609527920616,-0.00017453292519943296,0.0006981317007977319,0.0,13.09,37.5,1,1,100.0,4,-0.005,-0.01,-0.0,52.6480063,9.7453185,32.93,31.990000000000002,52.6480007,9.7453161,0.023387411976724018,-0.015707963267948967,4.261395901669355,0.005,0.03,-0.015,-0.009998766,-0.005002306,-4.0103834e-05
0 days 00:00:13.180000,0.000825493565132453,-0.184428,0.20012400000000002,9.794304,0.0,0.0,0.0,0.0,-0.0015707963267948967,-0.0015707963267948967,0.0010471975511965976,0.0,13.09,37.35,1,1,100.0,4,-0.005,-0.01,-0.0,52.6480063,9.7453185,32.93,31.990000000000002,52.6480007,9.7453161,0.023387411976724018,-0.015707963267948967,4.261395901669355,0.005,0.03,-0.015,-0.009998766,-0.005002306,-4.0103834e-05
0 days 00:00:13.190000,0.000825493565132453,-0.10202400000000002,0.223668,9.79038,0.0,0.0,0.0,0.0,-0.0008726646259971648,-0.0006981317007977319,0.0006981317007977319,0.0,13.09,37.2,1,1,100.0,4,-0.005,-0.01,-0.0,52.648006099999996,9.7453185,32.93,31.990000000000002,52.6480007,9.7453161,0.023212879051524585,-0.015707963267948967,4.261395901669355,0.005,0.03,-0.015,-0.009998766,-0.0050022984,-4.0976876e-05
0 days 00:00:13.200000,0.000825493565132453,-0.10987200000000001,0.1962,9.806076000000001,0.0,0.0,0.0,0.0,0.00034906585039886593,0.0005235987755982988,0.0006981317007977319,0.0,13.09,37.2,1,1,100.0,4,-0.005,-0.005,-0.0,52.648006099999996,9.7453185,32.92,31.990000000000002,52.6480007,9.7453161,0.023387411976724018,-0.015707963267948967,4.261395901669355,-0.005,0.005,-0.005,-0.004999383,-0.0050004693,3.841128e-05
0 days 00:00:13.210000,0.000825493565132453,-0.149112,0.21974400000000002,9.751140000000001,0.0,0.0,0.0,0.0,0.0006981317007977319,-0.0010471975511965976,0.00034906585039886593,0.0,13.09,37.2,1,1,100.0,4,-0.005,-0.005,-0.0,52.648006099999996,9.7453185,32.92,31.990000000000002,52.6480007,9.7453161,0.023387411976724018,-0.015707963267948967,4.261395901669355,-0.005,0.005,-0.005,-0.004999383,-0.0050004693,3.841128e-05
0 days 00:00:13.220000,0.000825493565132453,-0.11379600000000001,0.18835200000000002,9.794304,0.0,0.0,0.0,0.0,0.0017453292519943296,-0.00034906585039886593,0.0005235987755982988,0.0,13.09,37.2,1,1,100.0,4,-0.005,-0.005,-0.0,52.648006099999996,9.7453185,32.92,31.990000000000002,52.6480007,9.7453161,0.023387411976724018,-0.015707963267948967,4.261395901669355,-0.005,0.005,-0.005,-0.004999383,-0.0050004693,3.841128e-05
0 days 00:00:13.230000,0.000825493565132453,-0.10594800000000001,0.184428,9.802152000000001,0.0,0.0,0.0,0.0,0.0020943951023931952,0.0008726646259971648,0.0006981317007977319,0.0,13.09,37.2,1,1,100.0,4,-0.01,-0.005,0.005,52.648006099999996,9.7453185,32.92,31.990000000000002,52.6480007,9.7453161,0.023387411976724018,-0.015707963267948967,4.261395901669355,-0.005,0.005,-0.005,-0.0049208463,-0.010116014,-0.004842678
0 days 00:00:13.240000,0.000825493565132453,-0.16088400000000003,0.180504,9.786456000000001,0.0,0.0,0.0,0.0,0.0019198621771937623,-0.0005235987755982988,0.0006981317007977319,0.0,13.09,37.35,1,1,100.0,4,-0.01,-0.005,0.005,52.648006099999996,9.7453186,32.92,31.990000000000002,52.6480007,9.7453161,0.023387411976724018,-0.015707963267948967,4.261395901669355,-0.005,0.005,-0.005,-0.0049208463,-0.010116014,-0.004842678
0 days 00:00:13.250000,0.0008844573912133428,-0.07848000000000001,0.192276,9.798228,0.0,0.0,0.0,0.0,0.0015707963267948967,0.00034906585039886593,0.0006981317007977319,0.0,13.09,37.5,1,1,100.0,4,0.0,0.0,-0.005,52.648006099999996,9.7453186,32.92,31.990000000000002,52.6480007,9.7453161,0.023387411976724018,-0.015707963267948967,4.261395901669355,0.0,-0.005,0.055,-7.8536585e-05,0.000116911964,0.004998016
0 days 00:00:13.260000,0.0009434212172942321,-0.125568,0.20404800000000003,9.837468000000001,0.0,0.0,0.0,0.0,0.0008726646259971648,0.0013962634015954637,0.0006981317007977319,0.0,13.09,37.35,1,1,100.0,4,-0.005,0.0,-0.005,52.648006099999996,9.7453186,32.92,31.990000000000002,52.6480007,9.7453161,0.023387411976724018,-0.015707963267948967,4.261395901669355,0.0,-0.005,0.055,-7.8536585e-05,-0.0048817205,0.0051149423
0 days 00:00:13.270000,0.0009434212172942321,-0.20012400000000002,0.1962,9.798228,0.0,0.0,0.0,0.0,0.0005235987755982988,-0.0006981317007977319,0.0006981317007977319,0.0,13.09,37.2,1,1,100.0,4,-0.005,0.0,-0.005,52.648006099999996,9.7453186,32.92,31.990000000000002,52.6480007,9.7453161,0.023387411976724018,-0.015707963267948967,4.261395901669355,0.0,-0.005,0.055,-7.8536585e-05,-0.0048817205,0.0051149423
0 days 00:00:13.280000,0.0009434212172942321,-0.13734000000000002,0.20797200000000002,9.79038,0.0,0.0,0.0,0.0,-0.0005235987755982988,0.00017453292519943296,0.0010471975511965976,0.0,13.09,37.2,1,1,100.0,4,-0.005,0.0,-0.005,52.648006099999996,9.7453186,32.92,31.990000000000002,52.6480007,9.7453161,0.023387411976724018,-0.015707963267948967,4.261395901669355,0.0,-0.005,0.055,-7.8536585e-05,-0.0048817205,0.0051149423
0 days 00:00:13.290000,0.0009434212172942321,-0.14126400000000003,0.21189600000000003,9.81,0.0,0.0,0.0,0.0,-0.0010471975511965976,0.0008726646259971648,0.0010471975511965976,0.0,13.09,37.2,1,1,100.0,4,-0.005,0.0,-0.005,52.6480062,9.7453185,32.92,31.990000000000002,52.6480007,9.7453161,0.023387411976724018,-0.015707963267948967,4.261395901669355,0.0,-0.005,0.055,-7.8536585e-05,-0.0048817205,0.0051149423
0 days 00:00:13.300000,0.0009434212172942321,-0.184428,0.22759200000000002,9.782532000000002,0.0,0.0,0.0,0.0,-0.0017453292519943296,0.00017453292519943296,0.0010471975511965976,0.0,13.09,37.2,1,1,100.0,4,0.0,0.0,-0.0,52.6480062,9.7453185,32.92,31.990000000000002,52.6480007,9.7453161,0.023387411976724018,-0.015707963267948967,4.261395901669355,0.005,-0.01,-0.02,0.0,0.0,0.0
0 days 00:00:13.310000,0.0009434212172942321,-0.15696000000000002,0.223668,9.786456000000001,0.0,0.0,0.0,0.0,-0.0020943951023931952,0.00017453292519943296,0.0008726646259971648,0.0,13.09,37.2,1,1,100.0,4,0.0,0.0,-0.0,52.6480062,9.7453185,32.92,31.990000000000002,52.6480007,9.7453161,0.023387411976724018,-0.015707963267948967,4.261395901669355,0.005,-0.01,-0.02,0.0,0.0,0.0
0 days 00:00:13.320000,0.0009434212172942321,-0.14126400000000003,0.21974400000000002,9.813924,0.0,0.0,0.0,0.0,-0.0017453292519943296,0.0019198621771937623,0.0006981317007977319,0.0,13.09,37.2,1,1,100.0,4,0.0,0.0,-0.0,52.6480062,9.7453185,32.92,31.990000000000002,52.6480007,9.7453161,0.023387411976724018,-0.015707963267948967,4.261395901669355,0.005,-0.01,-0.02,0.0,0.0,0.0
0 days 00:00:13.330000,0.0009434212172942321,-0.22759200000000002,0.21189600000000003,9.802152000000001,0.0,0.0,0.0,0.0,-0.0017453292519943296,0.0012217304763960308,0.0010471975511965976,0.0,13.09,37.2,1,1,100.0,4,0.0,0.0,-0.0,52.6480062,9.7453185,32.92,31.990000000000002,52.6480007,9.7453161,0.023212879051524585,-0.015707963267948967,4.261395901669355,0.005,-0.01,-0.02,0.0,0.0,0.0
0 days 00:00:13.340000,0.0009434212172942321,-0.231516,0.23544,9.735444000000001,0.0,0.0,0.0,0.0,-0.0013962634015954637,-0.0008726646259971648,0.0006981317007977319,0.0,13.09,37.2,1,1,100.0,4,0.0,0.0,-0.0,52.648006099999996,9.7453186,32.92,31.990000000000002,52.6480007,9.7453161,0.023212879051524585,-0.015707963267948967,4.261395901669355,0.005,-0.01,-0.02,0.0,0.0,0.0
0 days 00:00:13.350000,0.0010023850433751218,-0.14126400000000003,0.20012400000000002,9.786456000000001,0.0,0.0,0.0,0.0,-0.00034906585039886593,0.0013962634015954637,0.0006981317007977319,0.0,13.09,37.2,1,1,100.0,4,0.0,0.0,0.005,52.648006099999996,9.7453186,32.93,31.990000000000002,52.6480007,9.7453161,0.023212879051524585,-0.015707963267948967,4.261395901669355,0.0,-0.005,-0.035,7.8536585e-05,-0.000116039664,-0.004998036
0 days 00:00:13.360000,0.0010613488694560112,-0.18835200000000002,0.20404800000000003,9.837468000000001,0.0,0.0,0.0,0.0,0.0006981317007977319,0.002617993877991494,0.00017453292519943296,0.0,13.09,37.2,1,1,100.0,4,0.0,0.0,0.005,52.648006099999996,9.7453186,32.93,31.990000000000002,52.6480007,9.7453161,0.023212879051524585,-0.0158824961931484,4.261570434594555,0.0,-0.005,-0.035,7.940915e-05,-0.00011603934,-0.0049980227
0 days 00:00:13.370000,0.0010613488694560112,-0.27468000000000004,0.20797200000000002,9.79038,0.0,0.0,0.0,0.0,0.0017453292519943296,-0.0008726646259971648,0.0,0.0,13.09,37.2,1,1,100.0,4,0.0,0.0,0.005,52.648006099999996,9.7453186,32.93,31.990000000000002,52.6480007,9.7453161,0.023212879051524585,-0.0158824961931484,4.261570434594555,0.0,-0.005,-0.035,7.940915e-05,-0.00011603934,-0.0049980227
0 days 00:00:13.380000,0.0010613488694560112,-0.145188,0.21582000000000004,9.774684,0.0,0.0,0.0,0.0,0.0019198621771937623,-0.00034906585039886593,0.0,0.0,13.09,37.2,1,1,100.0,4,0.0,0.0,0.005,52.648006099999996,9.7453186,32.93,31.990000000000002,52.6480007,9.7453161,0.023212879051524585,-0.0158824961931484,4.261395901669355,0.0,-0.005,-0.035,7.940915e-05,-0.00011603934,-0.0049980227
0 days 00:00:13.390000,0.0010613488694560112,-0.149112,0.21582000000000004,9.857088000000003,0.0,0.0,0.0,0.0,0.0022689280275926286,0.0017453292519943296,0.0,0.0,13.09,37.2,1,1,100.0,4,0.0,0.0,0.005,52.648005999999995,9.7453187,32.93,31.990000000000002,52.6480007,9.7453161,0.023387411976724018,-0.0158824961931484,4.261395901669355,0.0,-0.005,-0.035,7.940915e-05,-0.00011691165,-0.004998002
0 days 00:00:13.400000,0.0010613488694560112,-0.258984,0.20797200000000002,9.798228,0.0,0.0,0.0,0.0,0.0022689280275926286,-0.0013962634015954637,-0.00017453292519943296,0.0,13.09,37.2,1,1,100.0,4,0.0,0.0,-0.0,52.648005999999995,9.7453187,32.92,31.990000000000002,52.6480007,9.7453161,0.023387411976724018,-0.0158824961931484,4.261395901669355,0.0,-0.005,0.02,0.0,0.0,0.0
0 days 00:00:13.410000,0.0010613488694560112,-0.13734000000000002,0.23544,9.802152000000001,0.0,0.0,0.0,0.0,0.0020943951023931952,-0.0006981317007977319,-0.00017453292519943296,0.0,13.09,37.2,1,1,100.0,4,0.0,0.0,-0.0,52.648005999999995,9.7453187,32.92,31.990000000000002,52.6480007,9.7453161,0.023387411976724018,-0.0158824961931484,4.261395901669355,0.0,-0.005,0.02,0.0,0.0,0.0
0 days 00:00:13.420000,0.0010613488694560112,-0.17265600000000003,0.258984,9.837468000000001,0.0,0.0,0.0,0.0,0.0010471975511965976,0.0012217304763960308,0.0,0.0,13.09,37.2,1,1,100.0,4,0.0,0.0,-0.0,52.648005999999995,9.7453187,32.92,31.990000000000002,52.6480007,9.7453161,0.023387411976724018,-0.0158824961931484,4.261395901669355,0.0,-0.005,0.02,0.0,0.0,0.0
0 days 00:00:13.430000,0.0010613488694560112,-0.23544,0.231516,9.770760000000001,0.0,0.0,0.0,0.0,0.00017453292519943296,-0.0017453292519943296,0.0,0.0,13.09,37.2,1,1,100.0,4,0.0,0.0,-0.0,52.648005999999995,9.7453187,32.92,31.990000000000002,52.6480007,9.7453161,0.023387411976724018,-0.0158824961931484,4.261395901669355,0.0,-0.005,0.02,0.0,0.0,0.0
0 days 00:00:13.440000,0.0010613488694560112,-0.129492,0.21582000000000004,9.84924,0.0,0.0,0.0,0.0,-0.00017453292519943296,-0.0006981317007977319,0.00017453292519943296,0.0,13.09,37.2,1,1,100.0,4,0.0,0.0,-0.0,52.648006099999996,9.7453187,32.92,31.990000000000002,52.6480007,9.7453161,0.023387411976724018,-0.0158824961931484,4.261395901669355,0.0,-0.005,0.02,0.0,0.0,0.0
0 days 00:00:13.450000,0.0010613488694560112,-0.145188,0.231516,9.876708000000002,0.0,0.0,0.0,0.0,-0.0006981317007977319,0.00017453292519943296,0.00034906585039886593,0.0,13.09,37.2,1,1,100.0,4,0.0,-0.005,-0.0,52.648006099999996,9.7453187,32.910000000000004,31.990000000000002,52.6480007,9.7453161,0.023387411976724018,-0.0158824961931484,4.261395901669355,0.005,0.01,0.025,-0.0049993694,-1.8570049e-06,-7.938743e-05
0 days 00:00:13.460000,0.0010613488694560112,-0.21582000000000004,0.23936400000000002,9.81,0.0,0.0,0.0,0.0,-0.0010471975511965976,-0.0024434609527920616,0.0005235987755982988,0.0,13.09,37.2,1,1,100.0,4,0.0,-0.005,-0.005,52.648006099999996,9.7453187,32.910000000000004,31.990000000000002,52.6480007,9.7453161,0.023387411976724018,-0.0158824961931484,4.261395901669355,0.005,0.01,0.025,-0.0050787786,0.000115054645,0.004918615
0 days 00:00:13.470000,0.0010613488694560112,-0.0981,0.21974400000000002,9.841392,0.0,0.0,0.0,0.0,-0.0013962634015954637,-0.0012217304763960308,0.0006981317007977319,0.0,13.09,37.2,1,1,100.0,4,0.0,-0.005,-0.005,52.648006099999996,9.7453187,32.910000000000004,31.990000000000002,52.6480007,9.7453161,0.023387411976724018,-0.015707963267948967,4.261395901669355,0.005,0.01,0.025,-0.0050779195,0.00011507537,0.004919501
0 days 00:00:13.480000,0.0010613488694560112,-0.15696000000000002,0.21974400000000002,9.853164,0.0,0.0,0.0,0.0,-0.0017453292519943296,-0.0008726646259971648,0.0006981317007977319,0.0,13.09,37.2,1,1,100.0,4,0.0,-0.005,-0.005,52.648006099999996,9.7453187,32.910000000000004,31.990000000000002,52.6480007,9.7453161,0.023387411976724018,-0.015707963267948967,4.261395901669355,0.005,0.01,0.025,-0.0050779195,0.00011507537,0.004919501
0 days 00:00:13.490000,0.0010613488694560112,-0.17658000000000004,0.22759200000000002,9.798228,0.0,0.0,0.0,0.0,-0.0019198621771937623,-0.0024434609527920616,0.0008726646259971648,0.0,13.09,37.2,1,1,100.0,4,0.0,-0.005,-0.005,52.648006099999996,9.7453187,32.910000000000004,31.990000000000002,52.6480007,9.7453161,0.023387411976724018,-0.015707963267948967,4.261395901669355,0.005,0.01,0.025,-0.0050779195,0.00011507537,0.004919501
0 days 00:00:13.500000,0.0010613488694560112,-0.11772,0.231516,9.813924,0.0,0.0,0.0,0.0,-0.0017453292519943296,-0.0010471975511965976,0.0010471975511965976,0.0,13.09,37.2,1,1,100.0,4,-0.01,0.0,-0.005,52.648006099999996,9.7453187,32.93,31.990000000000002,52.6480007,9.7453161,0.023387411976724018,-0.015707963267948967,4.261395901669355,-0.015,0.01,0.005,-7.8536585e-05,-0.009880354,0.005231869
0 days 00:00:13.510000,0.0010613488694560112,-0.145188,0.231516,9.821772000000001,0.0,0.0,0.0,0.0,-0.0012217304763960308,-0.0006981317007977319,0.0008726646259971648,0.0,13.09,37.2,1,1,100.0,4,-0.01,0.0,-0.005,52.648006099999996,9.7453187,32.93,31.990000000000002,52.6480007,9.7453161,0.023387411976724018,-0.015707963267948967,4.261395901669355,-0.015,0.01,0.005,-7.8536585e-05,-0.009880354,0.005231869
0 days 00:00:13.520000,0.0010613488694560112,-0.16480800000000004,0.24328800000000003,9.794304,0.0,0.0,0.0,0.0,-0.0006981317007977319,-0.0013962634015954637,0.0008726646259971648,0.0,13.09,37.2,1,1,100.0,4,-0.01,0.0,-0.005,52.648006099999996,9.7453187,32.93,31.990000000000002,52.6480007,9.7453161,0.023387411976724018,-0.015707963267948967,4.261395901669355,-0.015,0.01,0.005,-7.8536585e-05,-0.009880354,0.005231869
0 days 00:00:13.530000,0.0010613488694560112,-0.133416,0.22759200000000002,9.81,0.0,0.0,0.0,0.0,-0.00017453292519943296,-0.0005235987755982988,0.0010471975511965976,0.0,13.09,37.2,1,1,100.0,4,-0.01,0.0,-0.005,52.648006099999996,9.7453187,32.93,31.990000000000002,52.6480007,9.7453161,0.023387411976724018,-0.015707963267948967,4.261395901669355,-0.015,0.01,0.005,-7.8536585e-05,-0.009880354,0.005231869
0 days 00:00:13.540000,0.0010613488694560112,-0.15696000000000002,0.24721200000000002,9.806076000000001,0.0,0.0,0.0,0.0,-0.00017453292519943296,-0.0005235987755982988,0.0008726646259971648,0.0,13.09,37.2,1,1,100.0,4,-0.01,0.0,-0.005,52.6480062,9.7453187,32.93,31.990000000000002,52.6480007,9.7453161,0.023387411976724018,-0.015707963267948967,4.261395901669355,-0.015,0.01,0.005,-7.8536585e-05,-0.009880354,0.005231869
0 days 00:00:13.550000,0.0010613488694560112,-0.14126400000000003,0.23544,9.802152000000001,0.0,0.0,0.0,0.0,0.00017453292519943296,-0.0005235987755982988,0.0006981317007977319,0.0,13.09,37.2,1,1,100.0,4,-0.01,0.0,-0.0,52.6480062,9.7453187,32.92,31.990000000000002,52.6480007,9.7453161,0.023387411976724018,-0.015707963267948967,4.261395901669355,-0.005,0.01,-0.02,0.0,-0.009997265,0.00023385278
