,Steer_Angle,Acc_Body_X,Acc_Body_Y,Acc_Body_Z,Tire_Rate_FL,Tire_Rate_FR,Tire_Rate_RL,Tire_Rate_RR,Rate_Body_X,Rate_Body_Y,Rate_Body_Z,Engine_Torque,Gear_Transmission,Break_Pressure,RCS1,RCS2,Rain,Temp,INS_Vel_Hor_X_POI1,INS_Vel_Hor_Y_POI1,INS_Vel_Hor_Z_POI1,GNSS_Lat_Abs,GNSS_Long_Abs,GNSS_Height,INS_Height_POI1,INS_Lat_Abs_POI1,INS_Long_Abs_POI1,INS_Roll,INS_Pitch,INS_Yaw,GNSS_Vel_Frame_X,GNSS_Vel_Frame_Y,GNSS_Vel_Frame_Z,INS_Vel_Body_X,INS_Vel_Body_Y,INS_Vel_Body_Z
0 days 00:00:00,0.0004717106086471161,-0.223668,-0.357084,10.347588,77.49652332049635,77.49652332049635,77.49652332049635,77.49652332049635,0.03508111796508603,-0.021118483949131385,0.006981317007977318,62.0,2.39,0.0,2,1,20.0,4,0.055,23.56,-0.14,52.649260899999994,9.7463447,35.52,33.94,52.649251299999996,9.746340799999999,-0.007155849933176752,-0.012915436464758038,4.240801016495822,-10.68,-21.0,0.145,23.556227,0.051819507,0.4446497
0 days 00:00:00.010000,0.0004717106086471161,-0.25506,-0.003924,10.080756000000001,77.49652332049635,77.49652332049635,77.49652332049635,77.49652332049635,0.03874630939427412,-0.0291469985083053,0.007853981633974483,62.0,2.39,0.0,2,1,20.0,4,0.05,23.56,-0.145,52.649260899999994,9.7463447,35.52,33.94,52.649249499999996,9.746339299999999,-0.006806784082777886,-0.012566370614359171,4.240975549421021,-10.68,-21.0,0.145,23.556316,0.046996772,0.44137454
0 days 00:00:00.020000,0.0005306744347280056,0.05886,-0.306072,10.072908000000002,77.48315147625159,77.48315147625159,77.48315147625159,77.48315147625159,0.044331363000655974,-0.02181661564992912,0.008203047484373348,62.0,2.39,0.0,2,1,20.0,4,0.05,23.56,-0.145,52.649260899999994,9.7463447,35.52,33.94,52.649247599999995,9.7463377,-0.006457718232379019,-0.012391837689159739,4.240975549421021,-10.68,-21.0,0.145,23.556395,0.047177386,0.4372468
0 days 00:00:00.030000,0.0005896382608088951,-0.3413880000000001,-0.10987200000000001,10.112148,77.29594565682498,77.29594565682498,77.29594565682498,77.29594565682498,0.048171087355043496,-0.023387411976724018,0.007853981633974483,62.0,2.39,0.0,2,1,20.0,4,0.04,23.56,-0.15,52.6492514,9.7463369,35.5,33.95,52.6492456,9.746336099999999,-0.005759586531581287,-0.012042771838760876,4.241150082346221,-10.715,-20.965,0.14,23.556484,0.037501357,0.43393314
0 days 00:00:00.040000,0.0005896382608088951,-0.46695600000000004,0.019620000000000002,9.935568000000002,77.24245827984595,77.24245827984595,77.24245827984595,77.24245827984595,0.05288347633542819,-0.033510321638291124,0.008028514559173916,62.0,2.39,0.0,2,1,20.0,4,0.04,23.555,-0.15,52.6492514,9.7463369,35.5,33.95,52.6492438,9.7463345,-0.005235987755982988,-0.011868238913561441,4.241150082346221,-10.715,-20.965,0.14,23.551561,0.037750397,0.42974278
0 days 00:00:00.050000,0.0005896382608088951,-0.039240000000000004,-0.17265600000000003,10.273032000000002,77.1622272143774,77.1622272143774,77.1622272143774,77.1622272143774,0.058468529941810045,-0.02199114857512855,0.006981317007977318,62.0,2.39,0.0,2,1,20.0,4,0.035,23.56,-0.155,52.6492514,9.7463369,35.5,33.95,52.6492419,9.746333,-0.00471238898038469,-0.011519173063162575,4.241150082346221,-10.715,-20.965,0.14,23.556652,0.032990374,0.4265356
0 days 00:00:00.060000,0.0007075659129706742,-0.31392000000000003,-0.11772,9.872784,77.14885537013264,77.14885537013264,77.14885537013264,77.14885537013264,0.05619960191421742,-0.02495820830351891,0.006981317007977318,62.0,2.39,0.0,2,1,20.0,4,0.035,23.555,-0.155,52.6492514,9.7463369,35.5,33.95,52.64924,9.746331399999999,-0.0041887902047863905,-0.011344640137963142,4.24132461527142,-10.715,-20.965,0.14,23.551725,0.03323116,0.4223502
0 days 00:00:00.070000,0.0007075659129706742,-0.380628,0.10594800000000001,9.861012,77.27588789045785,77.27588789045785,77.27588789045785,77.27588789045785,0.05567600313861911,-0.02426007660272118,0.008028514559173916,62.0,2.39,0.0,2,2,20.0,4,0.03,23.555,-0.155,52.6492514,9.7463369,35.5,33.95,52.6492381,9.7463298,-0.003490658503988659,-0.01117010721276371,4.24132461527142,-10.715,-20.965,0.14,23.551798,0.028540388,0.4181989
0 days 00:00:00.080000,0.0007075659129706742,0.007848,0.003924,9.770760000000001,77.29594565682498,77.29594565682498,77.29594565682498,77.29594565682498,0.05707226654021458,-0.017976891295541593,0.007679448708775049,62.0,2.39,0.0,2,2,20.0,4,0.025,23.56,-0.155,52.6492418,9.7463292,35.38,33.96,52.6492362,9.746328199999999,-0.0029670597283903604,-0.010995574287564275,4.24149914819662,-10.735,-20.965,0.17,23.55687,0.023771407,0.4141135
0 days 00:00:00.090000,0.0007665297390515637,-0.05101200000000001,0.011772000000000001,9.896328000000002,77.50320924261874,77.50320924261874,77.50320924261874,77.50320924261874,0.054977871437821374,-0.007853981633974483,0.009075712110370514,62.0,2.39,0.0,2,2,20.0,4,0.02,23.56,-0.16,52.6492418,9.7463292,35.38,33.96,52.649234299999996,9.7463267,-0.0024434609527920616,-0.010821041362364843,4.24149914819662,-10.735,-20.965,0.17,23.556889,0.018986078,0.414977
0 days 00:00:00.100000,0.000825493565132453,-0.278604,-0.16480800000000004,9.770760000000001,77.38286264441591,77.38286264441591,77.38286264441591,77.38286264441591,0.05445427266222308,-0.013439035240356337,0.00890117918517108,62.0,2.39,0.0,2,2,20.0,4,0.02,23.56,-0.16,52.6492418,9.7463292,35.38,33.96,52.649232399999995,9.7463251,-0.0017453292519943296,-0.010821041362364843,4.241673681121819,-10.735,-20.965,0.17,23.556889,0.01927578,0.41496363
0 days 00:00:00.110000,0.000825493565132453,0.10202400000000002,0.10594800000000001,9.5157,77.28925973470261,77.28925973470261,77.28925973470261,77.28925973470261,0.053407075111026485,-0.006108652381980153,0.008377580409572781,62.0,2.39,0.0,2,2,20.0,4,0.02,23.56,-0.155,52.6492418,9.7463292,35.38,33.97,52.649230499999994,9.746323499999999,-0.0012217304763960308,-0.01064650843716541,4.241673681121819,-10.735,-20.965,0.17,23.557014,0.019504184,0.4058423
0 days 00:00:00.120000,0.000825493565132453,-0.11379600000000001,-0.047088000000000005,9.672660000000002,77.14216944801026,77.14216944801026,77.14216944801026,77.14216944801026,0.05235987755982988,0.006806784082777885,0.007679448708775049,62.0,2.39,0.0,2,2,20.0,4,0.015,23.56,-0.155,52.6492418,9.7463292,35.38,33.97,52.6492286,9.7463219,-0.0006981317007977319,-0.010821041362364843,4.241848214047018,-10.735,-20.965,0.17,23.556944,0.014713812,0.40994003
0 days 00:00:00.130000,0.000825493565132453,-0.7337880000000001,0.0981,9.138996,77.06193838254171,77.06193838254171,77.06193838254171,77.06193838254171,0.05288347633542819,-0.009075712110370514,0.008552113334772213,62.0,2.39,0.0,2,2,20.0,4,0.01,23.55,-0.15,52.649232299999994,9.7463213,35.39,33.97,52.6492267,9.7463204,-0.00017453292519943296,-0.01064650843716541,4.241848214047018,-10.725,-20.955000000000002,0.165,23.547068,0.009930062,0.4007138
0 days 00:00:00.140000,0.000825493565132453,0.39632400000000007,0.16480800000000004,9.138996,77.06193838254171,77.06193838254171,77.06193838254171,77.06193838254171,0.05375614096142535,0.01308996938995747,0.007330382858376183,62.0,2.39,0.0,2,2,20.0,4,0.01,23.555,-0.14,52.649232299999994,9.7463213,35.39,33.97,52.6492248,9.7463188,0.00034906585039886593,-0.010821041362364843,4.241848214047018,-10.725,-20.955000000000002,0.165,23.552107,0.010137837,0.39487293
0 days 00:00:00.150000,0.000825493565132453,-0.26290800000000003,-0.039240000000000004,9.244944,77.06193838254171,77.06193838254171,77.06193838254171,77.06193838254171,0.056548667764616284,0.020420352248333655,0.007504915783575617,62.0,2.39,0.0,2,2,20.0,4,0.01,23.55,-0.135,52.649232299999994,9.7463213,35.39,33.980000000000004,52.6492229,9.7463172,0.0008726646259971648,-0.010995574287564275,4.242022746972218,-10.725,-20.955000000000002,0.165,23.547092,0.010343768,0.39392352
0 days 00:00:00.160000,0.000825493565132453,-0.5650560000000001,0.090252,8.80938,77.24245827984595,77.24245827984595,77.24245827984595,77.24245827984595,0.05637413483941684,0.0036651914291880917,0.008377580409572781,62.0,2.39,0.0,2,2,20.0,4,0.01,23.545,-0.125,52.649232299999994,9.7463213,35.39,33.980000000000004,52.649221,9.746315599999999,0.0015707963267948964,-0.010995574287564275,4.242022746972218,-10.725,-20.955000000000002,0.165,23.542202,0.010602981,0.38386184
0 days 00:00:00.170000,0.000825493565132453,0.5729040000000001,-0.015696,9.664812000000001,77.35611895592639,77.35611895592639,77.35611895592639,77.35611895592639,0.05358160803622592,0.03368485456349056,0.007155849933176751,62.0,2.39,0.0,2,2,20.0,4,0.005,23.555,-0.125,52.649232299999994,9.7463213,35.39,33.980000000000004,52.6492192,9.7463141,0.0020943951023931952,-0.011344640137963142,4.242197279897417,-10.725,-20.955000000000002,0.165,23.552067,0.005821429,0.3921979
0 days 00:00:00.180000,0.000825493565132453,-0.47872800000000004,0.10202400000000002,9.460764000000001,77.28925973470261,77.28925973470261,77.28925973470261,77.28925973470261,0.045727626402251434,0.026529004630313806,0.007330382858376183,62.0,2.39,0.0,2,2,20.0,4,0.005,23.545,-0.125,52.6492229,9.7463134,35.4,33.980000000000004,52.649217199999995,9.7463125,0.0024434609527920616,-0.011519173063162575,4.242197279897417,-10.715,-20.96,0.16,23.541998,0.0059680943,0.3961912
0 days 00:00:00.190000,0.000825493565132453,-0.306072,0.133416,9.013428000000001,77.27588789045785,77.27588789045785,77.27588789045785,77.27588789045785,0.040491638646268445,0.014137166941154071,0.006981317007977318,62.0,2.39,0.0,2,2,20.0,4,0.005,23.54,-0.115,52.6492229,9.7463134,35.4,33.980000000000004,52.649215399999996,9.7463109,0.0029670597283903604,-0.011693705988362009,4.242197279897417,-10.715,-20.96,0.16,23.537046,0.006157888,0.39023915
0 days 00:00:00.200000,0.000825493565132453,0.3296160000000001,0.37670400000000004,8.872164000000001,77.08199614890886,77.08199614890886,77.08199614890886,77.08199614890886,0.03700098014227979,0.03106686068549907,0.005934119456780722,62.0,2.39,0.0,2,2,20.0,4,0.01,23.545,-0.105,52.6492229,9.7463134,35.4,33.99,52.649213499999995,9.7463093,0.0033161255787892262,-0.012042771838760876,4.242197279897417,-10.715,-20.96,0.16,23.542028,0.011288365,0.38849726
0 days 00:00:00.210000,0.000825493565132453,-0.290376,0.15696000000000002,8.746596,77.02850877192982,77.02850877192982,77.02850877192982,77.02850877192982,0.03735004599267865,0.038571776469074684,0.005759586531581288,62.0,2.39,0.0,2,2,20.0,4,0.01,23.545,-0.095,52.6492229,9.7463134,35.4,33.99,52.6492116,9.7463078,0.003665191429188092,-0.012391837689159739,4.242371812822617,-10.715,-20.96,0.16,23.542015,0.011417446,0.38671178
0 days 00:00:00.220000,0.000825493565132453,-0.38847600000000004,0.1962,8.542548,76.97502139495079,76.97502139495079,76.97502139495079,76.97502139495079,0.039269908169872414,0.03543018381548489,0.005061454830783556,62.0,2.39,0.0,2,2,20.0,4,0.01,23.54,-0.085,52.6492229,9.7463134,35.4,33.99,52.6492097,9.7463062,0.004014257279586958,-0.012740903539558606,4.242371812822617,-10.715,-20.96,0.16,23.537006,0.011545027,0.38486263
0 days 00:00:00.230000,0.000825493565132453,0.07848000000000001,0.298224,8.69166,76.95496362858366,76.95496362858366,76.95496362858366,76.95496362858366,0.04206243497306335,0.046774823953448036,0.005061454830783556,62.0,2.39,0.0,2,2,20.0,4,0.005,23.545,-0.075,52.649213499999995,9.746305699999999,35.38,33.99,52.6492078,9.7463046,0.004537856055185257,-0.013264502315156905,4.242371812822617,-10.735,-21.005,0.135,23.541933,0.00675744,0.38727027
0 days 00:00:00.240000,0.000825493565132453,-0.10987200000000001,0.074556,8.80938,77.21571459135643,77.21571459135643,77.21571459135643,77.21571459135643,0.04642575810304917,0.051487212933832724,0.004886921905584123,62.0,2.39,0.0,2,2,20.0,4,0.005,23.545,-0.065,52.649213499999995,9.746305699999999,35.38,33.99,52.6492059,9.746303,0.005061454830783556,-0.013788101090755204,4.242546345747817,-10.735,-21.005,0.135,23.541864,0.0069719935,0.38959408
0 days 00:00:00.250000,0.000825493565132453,-0.24328800000000003,-0.015696,8.789760000000001,77.24245827984595,77.24245827984595,77.24245827984595,77.24245827984595,0.04921828490624009,0.0466002910282486,0.005061454830783556,62.0,2.39,0.0,2,2,20.0,4,0.005,23.545,-0.055,52.649213499999995,9.746305699999999,35.38,33.99,52.649204,9.7463015,0.0054105206811824215,-0.014137166941154071,4.242546345747817,-10.735,-21.005,0.135,23.541868,0.007098349,0.38781023
0 days 00:00:00.260000,0.000825493565132453,0.17658000000000004,0.21974400000000002,8.829,77.32937526743689,77.32937526743689,77.32937526743689,77.32937526743689,0.04642575810304917,0.053232542185827056,0.004537856055185257,62.0,2.39,0.0,2,2,20.0,4,0.005,23.545,-0.045,52.649213499999995,9.746305699999999,35.38,33.99,52.6492021,9.7462999,0.005934119456780721,-0.014660765716752368,4.242546345747817,-10.735,-21.005,0.135,23.54181,0.0073152166,0.39013398
0 days 00:00:00.270000,0.000825493565132453,-0.062784,0.09417600000000001,9.354816000000001,77.18228498074454,77.18228498074454,77.18228498074454,77.18228498074454,0.041887902047863905,0.058468529941810045,0.0031415926535897933,62.0,2.39,0.0,2,2,20.0,4,0.005,23.545,-0.04,52.649213499999995,9.746305699999999,35.38,33.99,52.649200199999996,9.7462983,0.006283185307179586,-0.0153588974175501,4.242546345747817,-10.735,-21.005,0.135,23.541609,0.0075232517,0.40156698
0 days 00:00:00.280000,0.000825493565132453,-0.7102440000000001,0.17658000000000004,9.048744000000001,77.08199614890886,77.08199614890886,77.08199614890886,77.08199614890886,0.03787364476827695,0.03961897402027128,0.003316125578789226,62.0,2.39,0.0,2,2,20.0,4,0.01,23.55,-0.035,52.6492036,9.746298,35.45,34.0,52.649198299999995,9.7462968,0.0066322511575784525,-0.0158824961931484,4.2427208786730155,-10.72,-21.095,0.1,23.546474,0.012712435,0.4089373
0 days 00:00:00.290000,0.000825493565132453,-0.153036,0.22759200000000002,8.954568000000002,77.06193838254171,77.06193838254171,77.06193838254171,77.06193838254171,0.03804817769347638,0.03961897402027128,0.0022689280275926286,62.0,2.39,0.0,2,2,20.0,4,0.01,23.55,-0.03,52.6492036,9.746298,35.45,34.0,52.6491964,9.746295199999999,0.007155849933176752,-0.016231562043547264,4.2427208786730155,-10.72,-21.095,0.1,23.546412,0.012949592,0.41215044
0 days 00:00:00.300000,0.000825493565132453,-0.05101200000000001,0.24328800000000003,8.707356,77.01513692768506,77.01513692768506,77.01513692768506,77.01513692768506,0.03874630939427412,0.04485496177625426,0.0019198621771937623,62.0,2.39,0.0,2,2,20.0,4,0.01,23.55,-0.015,52.6492036,9.746298,35.45,34.0,52.6491945,9.7462936,0.007504915783575617,-0.016580627893946133,4.2427208786730155,-10.72,-21.095,0.1,23.546515,0.013042587,0.40536737
0 days 00:00:00.310000,0.000825493565132453,-0.28645200000000004,0.258984,8.609256,77.06193838254171,77.06193838254171,77.06193838254171,77.06193838254171,0.03944444109507185,0.04328416544945937,0.0020943951023931952,62.0,2.39,0.0,2,2,20.0,4,0.01,23.55,-0.005,52.6492036,9.746298,35.45,34.0,52.6491926,9.746292,0.007853981633974483,-0.01710422666954443,4.2427208786730155,-10.72,-21.095,0.1,23.546469,0.013202388,0.40769303
0 days 00:00:00.320000,0.000825493565132453,-0.23936400000000002,0.145188,9.052668,77.24245827984595,77.24245827984595,77.24245827984595,77.24245827984595,0.04537856055185257,0.041713369122664476,0.002617993877991494,62.0,2.39,0.0,2,2,20.0,4,0.01,23.55,-0.0,52.6492036,9.746298,35.45,34.0,52.6491908,9.746290499999999,0.008377580409572781,-0.017453292519943295,4.2427208786730155,-10.72,-21.095,0.1,23.546413,0.013442829,0.41090593
0 days 00:00:00.330000,0.000825493565132453,-0.21189600000000003,-0.03531600000000001,9.660888,77.32937526743689,77.32937526743689,77.32937526743689,77.32937526743689,0.04991641660703782,0.03822271061867582,0.0024434609527920616,62.0,2.39,0.0,2,2,20.0,4,0.015,23.555,-0.0,52.649194099999995,9.7462901,35.46,34.01,52.6491888,9.7462889,0.008726646259971648,-0.017976891295541596,4.2427208786730155,-10.705,-21.075,-0.005,23.551193,0.018694444,0.42327583
0 days 00:00:00.340000,0.000825493565132453,-0.521892,-0.003924,9.676584000000002,77.50320924261874,77.50320924261874,77.50320924261874,77.50320924261874,0.05462880558742251,0.02391101075232232,0.0027925268031909274,62.0,2.39,0.0,2,2,20.0,4,0.015,23.55,0.005,52.649194099999995,9.7462901,35.46,34.01,52.6491869,9.746287299999999,0.009250245035569947,-0.01815142422074103,4.242895411598215,-10.705,-21.075,-0.005,23.546211,0.018907007,0.42228657
0 days 00:00:00.350000,0.0009434212172942321,-0.349236,-0.039240000000000004,9.272412000000001,77.68372913992297,77.68372913992297,77.68372913992297,77.68372913992297,0.06178465552059926,0.003316125578789226,0.0015707963267948967,62.0,2.39,0.0,2,2,20.0,4,0.01,23.55,0.01,52.649194099999995,9.7462901,35.46,34.01,52.6491851,9.7462857,0.009948376736367679,-0.01832595714594046,4.242895411598215,-10.705,-21.075,-0.005,23.546228,0.014193212,0.42143345
0 days 00:00:00.360000,0.0009434212172942321,0.20012400000000002,0.007848,8.656344,77.27588789045785,77.27588789045785,77.27588789045785,77.27588789045785,0.07592182246175334,0.0,0.0024434609527920616,62.0,2.39,0.0,2,2,20.0,4,0.01,23.555,0.02,52.649194099999995,9.7462901,35.46,34.01,52.649183199999996,9.7462842,0.01064650843716541,-0.01832595714594046,4.242895411598215,-10.705,-21.075,-0.005,23.55141,0.014381954,0.4115173
0 days 00:00:00.370000,0.0010613488694560112,0.27468000000000004,0.031392,8.420904,77.21571459135643,77.21571459135643,77.21571459135643,77.21571459135643,0.08656833089891874,0.019722220547535925,0.00034906585039886593,62.0,2.39,0.0,2,2,20.0,4,0.01,23.56,0.035,52.649194099999995,9.7462901,35.46,34.0,52.649181299999995,9.746282599999999,0.011519173063162575,-0.018500490071139894,4.242895411598215,-10.705,-21.075,-0.005,23.556614,0.014616725,0.40071088
0 days 00:00:00.380000,0.0010613488694560112,-0.5415120000000001,0.0,7.914708000000001,76.86136071887034,76.86136071887034,76.86136071887034,76.86136071887034,0.08639379797371932,0.008726646259971648,0.00017453292519943296,62.0,2.39,0.0,2,2,20.0,4,0.02,23.555,0.055,52.6491847,9.7462822,35.46,34.01,52.649179399999994,9.746281,0.012391837689159739,-0.018675022996339326,4.242895411598215,-10.705,-21.045,-0.11,23.55192,0.02476764,0.38459682
0 days 00:00:00.390000,0.0011792765216177901,-0.14126400000000003,0.306072,9.127224,76.99507916131792,76.99507916131792,76.99507916131792,76.99507916131792,0.08552113334772216,0.02234021442552742,0.0010471975511965976,62.0,2.39,0.0,2,2,20.0,4,0.02,23.56,0.065,52.6491847,9.7462822,35.46,34.01,52.6491775,9.7462795,0.013264502315156905,-0.01884955592153876,4.242895411598215,-10.705,-21.045,-0.11,23.55704,0.02502641,0.37878215
0 days 00:00:00.400000,0.0011792765216177901,-0.7926480000000001,0.45126,8.738748000000001,76.89479032948223,76.89479032948223,76.89479032948223,76.89479032948223,0.08377580409572781,0.007853981633974483,0.0036651914291880917,62.0,2.39,0.0,2,2,20.0,4,0.025,23.55,0.075,52.6491847,9.7462822,35.46,34.01,52.6491756,9.746277899999999,0.014137166941154071,-0.01884955592153876,4.242895411598215,-10.705,-21.045,-0.11,23.54723,0.030212445,0.36850378
0 days 00:00:00.410000,0.0011792765216177901,0.5140440000000001,-0.09417600000000001,8.840772000000001,77.01513692768506,77.01513692768506,77.01513692768506,77.01513692768506,0.07871434926494426,0.020245819323134222,0.005061454830783556,62.0,2.39,0.0,2,2,20.0,4,0.02,23.56,0.085,52.6491847,9.7462822,35.46,34.01,52.6491737,9.7462763,0.014835298641951801,-0.019024088846738195,4.242895411598215,-10.705,-21.045,-0.11,23.557354,0.02538572,0.36285922
0 days 00:00:00.420000,0.0011792765216177901,-0.04316400000000001,0.290376,9.339120000000001,77.29594565682498,77.29594565682498,77.29594565682498,77.29594565682498,0.07330382858376185,0.033335788713091695,0.00471238898038469,62.0,2.39,0.0,2,2,20.0,4,0.02,23.56,0.09,52.6491847,9.7462822,35.46,34.01,52.6491718,9.746274699999999,0.015533430342749533,-0.01937315469713706,4.243069944523414,-10.705,-21.045,-0.11,23.557322,0.025689116,0.36606494
0 days 00:00:00.430000,0.0011792765216177901,-1.094796,0.20404800000000003,9.998352000000002,77.21571459135643,77.21571459135643,77.21571459135643,77.21571459135643,0.08464846872172499,0.01291543646475804,0.007853981633974483,62.0,2.39,0.0,2,2,20.0,4,0.015,23.545,0.085,52.649175199999995,9.7462743,35.45,34.01,52.6491699,9.7462732,0.0164060949687467,-0.019547687622336492,4.243069944523414,-10.72,-20.975,-0.08,23.542164,0.021153882,0.3749407
0 days 00:00:00.440000,0.0012972041737795694,0.153036,-0.8318880000000001,12.003516000000001,77.76396020539153,77.76396020539153,77.76396020539153,77.76396020539153,0.09546951008408983,0.02583087292951608,0.005061454830783556,62.0,2.39,0.0,2,2,20.0,4,0.005,23.55,0.06,52.649175199999995,9.7462743,35.45,34.01,52.649167999999996,9.7462716,0.017453292519943295,-0.019722220547535925,4.243069944523414,-10.72,-20.975,-0.08,23.546602,0.012057687,0.40429103
0 days 00:00:00.450000,0.0012972041737795694,-1.185048,0.039240000000000004,9.762912000000002,77.54332477535301,77.54332477535301,77.54332477535301,77.54332477535301,0.10105456369047167,-0.012740903539558606,0.006283185307179587,62.0,2.39,0.0,2,2,20.0,4,0.0,23.54,0.06,52.649175199999995,9.7462743,35.45,34.01,52.649166099999995,9.746269999999999,0.018500490071139894,-0.019722220547535925,4.243069944523414,-10.72,-20.975,-0.08,23.536606,0.0074782614,0.40417352
0 days 00:00:00.460000,0.0012972041737795694,0.31392000000000003,-0.22759200000000002,9.802152000000001,77.54332477535301,77.54332477535301,77.54332477535301,77.54332477535301,0.10838494654884787,0.014835298641951801,0.0036651914291880917,62.0,2.39,0.0,2,2,20.0,4,-0.005,23.545,0.065,52.649175199999995,9.7462743,35.45,34.01,52.649164199999994,9.7462685,0.019547687622336492,-0.019722220547535925,4.243244477448615,-10.72,-20.975,-0.08,23.541702,0.0028066763,0.3993637
0 days 00:00:00.470000,0.0012972041737795694,0.21974400000000002,0.5729040000000001,7.628256000000001,76.80787334189132,76.80787334189132,76.80787334189132,76.80787334189132,0.10314895879286487,0.0022689280275926286,0.0041887902047863905,62.0,2.39,0.0,2,2,20.0,4,0.0,23.55,0.085,52.649175199999995,9.7462743,35.45,34.01,52.6491623,9.7462669,0.020594885173533087,-0.019896753472735357,4.243244477448615,-10.72,-20.975,-0.08,23.54703,0.007898701,0.3834731
0 days 00:00:00.480000,0.0012972041737795694,0.502272,0.125568,8.032428000000001,76.78781557552418,76.78781557552418,76.78781557552418,76.78781557552418,0.10122909661567112,0.04415683007545654,0.009599310885968814,62.0,2.39,0.0,2,2,20.0,4,0.0,23.555,0.105,52.6491653,9.7462663,35.19,34.01,52.6491604,9.7462653,0.021467549799530253,-0.020245819323134222,4.243244477448615,-10.725,-20.955000000000002,-0.11,23.552298,0.007982722,0.3717935
0 days 00:00:00.490000,0.0012972041737795694,-0.349236,0.6199920000000001,9.401904,76.76107188703466,76.76107188703466,76.76107188703466,76.76107188703466,0.08988445647770799,0.058468529941810045,0.010995574287564275,62.0,2.39,0.0,1,2,20.0,4,0.005,23.55,0.105,52.6491653,9.7462663,35.19,34.01,52.6491585,9.7462638,0.022514747350726852,-0.02076941809873252,4.243419010373813,-10.725,-20.955000000000002,-0.11,23.5471,0.013646079,0.3838973
0 days 00:00:00.500000,0.0012972041737795694,-1.3537800000000002,-0.16873200000000002,10.983276000000002,77.34943303380402,77.34943303380402,77.34943303380402,77.34943303380402,0.08552113334772216,0.03560471674068432,0.010471975511965976,62.0,2.39,0.0,1,2,20.0,4,-0.005,23.54,0.095,52.6491653,9.7462663,35.19,34.01,52.6491566,9.7462622,0.023387411976724018,-0.02111848394913139,4.2435935432990135,-10.725,-20.955000000000002,-0.11,23.536758,0.004404901,0.40212032
0 days 00:00:00.510000,0.0012972041737795694,-0.6867000000000001,-0.07848000000000001,10.579104000000001,77.65029952931107,77.65029952931107,77.65029952931107,77.65029952931107,0.0747000919853573,-0.02181661564992912,0.010297442586766544,62.0,2.39,0.0,1,2,20.0,4,-0.01,23.535,0.085,52.6491653,9.7462663,35.19,34.01,52.6491547,9.7462606,0.02408554367752175,-0.020943951023931952,4.2435935432990135,-10.725,-20.955000000000002,-0.11,23.531616,-0.00017359192,0.40802103
0 days 00:00:00.520000,0.0012972041737795694,0.698472,0.047088000000000005,10.465308,77.73053059477962,77.73053059477962,77.73053059477962,77.73053059477962,0.06492624817418907,-0.028972465583105875,0.006981317007977318,62.0,2.39,0.0,1,2,20.0,4,-0.015,23.545,0.08,52.6491653,9.7462663,35.19,34.0,52.649152799999996,9.746259,0.024783675378319478,-0.02076941809873252,4.2435935432990135,-10.725,-20.955000000000002,-0.11,23.541584,-0.0048599574,0.40924415
0 days 00:00:00.530000,0.0011792765216177901,-0.28645200000000004,1.047708,8.526852000000002,77.12211168164313,77.12211168164313,77.12211168164313,77.12211168164313,0.038397243543875255,-0.028623399732707003,0.008203047484373348,62.0,2.39,0.0,1,2,20.0,4,-0.015,23.55,0.095,52.649155799999996,9.7462584,35.19,34.01,52.649150899999995,9.746257499999999,0.025132741228718343,-0.020594885173533087,4.243768076224212,-10.735,-20.965,-0.165,23.546963,-0.0051946407,0.39024916
0 days 00:00:00.540000,0.0011203126955369007,-1.377324,0.153036,10.194552000000002,77.5165810868635,77.5165810868635,77.5165810868635,77.5165810868635,0.040491638646268445,-0.03228859116189509,0.008552113334772213,62.0,2.39,0.0,1,2,20.0,4,-0.02,23.54,0.09,52.649155799999996,9.7462584,35.19,34.0,52.649148999999994,9.7462559,0.025656340004316644,-0.020245819323134222,4.243768076224212,-10.735,-20.965,-0.165,23.536999,-0.010076472,0.38695827
0 days 00:00:00.550000,0.0010613488694560112,-0.33354000000000006,0.08240400000000002,10.571256000000002,76.72764227642276,76.72764227642276,76.72764227642276,76.72764227642276,0.041713369122664476,-0.05445427266222308,0.00890117918517108,62.0,2.39,0.0,1,2,20.0,4,-0.02,23.54,0.085,52.649155799999996,9.7462584,35.19,34.0,52.6491471,9.7462543,0.02600540585471551,-0.019722220547535925,4.2439426091494115,-10.735,-20.965,-0.165,23.5371,-0.010131863,0.3796394
0 days 00:00:00.560000,0.0010613488694560112,0.27075600000000005,0.7573320000000001,9.998352000000002,77.21571459135643,77.21571459135643,77.21571459135643,77.21571459135643,0.032812189937493394,-0.039269908169872414,0.01308996938995747,62.0,2.39,0.0,1,2,20.0,4,-0.02,23.545,0.085,52.649155799999996,9.7462584,35.19,34.0,52.6491453,9.746252799999999,0.026354471705114377,-0.019198621771937627,4.2439426091494115,-10.735,-20.965,-0.165,23.542294,-0.01032157,0.36741903
0 days 00:00:00.570000,0.0010613488694560112,-0.145188,0.7769520000000001,11.481624000000002,77.49652332049635,77.49652332049635,77.49652332049635,77.49652332049635,0.03944444109507185,-0.02722713633111154,0.011344640137963142,62.0,2.39,0.0,1,2,20.0,4,-0.015,23.545,0.065,52.649155799999996,9.7462584,35.19,34.0,52.6491434,9.7462512,0.026703537555513242,-0.019024088846738195,4.244117142074611,-10.735,-20.965,-0.165,23.541975,-0.004770898,0.38317093
0 days 00:00:00.580000,0.0009434212172942321,-0.447336,0.557208,10.696824000000001,77.50320924261874,77.50320924261874,77.50320924261874,77.50320924261874,0.02565634000431664,-0.05899212871740834,0.01117010721276371,62.0,2.39,0.0,1,2,20.0,4,-0.03,23.545,0.06,52.6491464,9.7462504,35.18,34.0,52.6491414,9.746249599999999,0.027227136331111543,-0.018500490071139894,4.244291674999811,-10.73,-20.935,-0.11,23.542082,-0.01976419,0.37625694
0 days 00:00:00.590000,0.0009434212172942321,0.5415120000000001,0.32569200000000004,10.037592000000002,77.54332477535301,77.54332477535301,77.54332477535301,77.54332477535301,-0.0024434609527920616,-0.03647738136668148,0.009599310885968814,62.0,2.39,0.0,1,2,20.0,4,-0.03,23.55,0.055,52.6491464,9.7462504,35.18,34.0,52.6491396,9.746248,0.027227136331111543,-0.017976891295541596,4.244291674999811,-10.73,-20.935,-0.11,23.547182,-0.019961225,0.369022
0 days 00:00:00.600000,0.0009434212172942321,-1.0555560000000002,0.380628,10.327968,77.44303594351734,77.44303594351734,77.44303594351734,77.44303594351734,-0.012042771838760874,-0.04747295565424577,0.007504915783575617,62.0,2.39,0.0,1,2,20.0,4,-0.03,23.545,0.05,52.6491464,9.7462504,35.18,34.0,52.6491377,9.7462465,0.027052603405912107,-0.017627825445142728,4.244291674999811,-10.73,-20.935,-0.11,23.542223,-0.02011512,0.36571136
0 days 00:00:00.610000,0.0009434212172942321,-1.2203640000000002,0.23544,10.810620000000002,77.14216944801026,77.14216944801026,77.14216944801026,77.14216944801026,0.0054105206811824215,-0.09040805525330627,0.008203047484373348,62.0,2.39,0.0,1,2,20.0,4,-0.035,23.53,0.04,52.6491464,9.7462504,35.18,34.0,52.649135799999996,9.746244899999999,0.027052603405912107,-0.016755160819145562,4.24446620792501,-10.73,-20.935,-0.11,23.527367,-0.025405353,0.35505322
0 days 00:00:00.620000,0.0009434212172942321,1.1497320000000002,0.7102440000000001,9.017352,77.29594565682498,77.29594565682498,77.29594565682498,77.29594565682498,-0.005759586531581288,-0.05986479334340551,0.006806784082777885,62.0,2.39,0.0,1,2,20.0,4,-0.03,23.545,0.05,52.6491464,9.7462504,35.18,34.0,52.649133899999995,9.7462433,0.027052603405912107,-0.016057029118347832,4.24446620792501,-10.73,-20.935,-0.11,23.542768,-0.021115419,0.3287444
0 days 00:00:00.630000,0.0009434212172942321,0.45126,0.894672,12.548952000000002,76.92153401797175,76.92153401797175,76.92153401797175,76.92153401797175,-0.011519173063162576,0.014137166941154071,0.0020943951023931952,62.0,2.39,0.0,1,1,20.0,4,-0.035,23.55,0.03,52.649136899999995,9.7462427,35.14,34.0,52.649131999999994,9.7462418,0.027052603405912107,-0.016231562043547264,4.24446620792501,-10.665000000000001,-20.900000000000002,-0.16,23.547384,-0.025459334,0.35305828
0 days 00:00:00.640000,0.0008844573912133426,-2.7664200000000005,0.6827760000000002,9.982656,77.19565682498931,77.19565682498931,77.19565682498931,77.19565682498931,-0.034033920413889425,-0.08325220532012953,0.0017453292519943296,62.0,2.39,0.0,1,1,20.0,4,-0.03,23.525000000000002,0.025,52.649136899999995,9.7462427,35.14,34.0,52.6491301,9.746240199999999,0.026703537555513242,-0.0153588974175501,4.24446620792501,-10.665000000000001,-20.900000000000002,-0.16,23.522608,-0.02100979,0.3369879
0 days 00:00:00.650000,0.000825493565132453,1.1418840000000001,0.40024800000000005,9.547092000000001,77.38286264441591,77.38286264441591,77.38286264441591,77.38286264441591,-0.046949356878647465,-0.0291469985083053,0.0012217304763960308,62.0,2.39,0.0,1,2,20.0,4,-0.03,23.54,0.03,52.649136899999995,9.7462427,35.14,34.0,52.6491282,9.7462386,0.026354471705114377,-0.015009831567151233,4.24446620792501,-10.665000000000001,-20.900000000000002,-0.16,23.5378,-0.0214696,0.32399985
0 days 00:00:00.660000,0.000825493565132453,0.737712,1.3734000000000002,11.395296,77.42966409927257,77.42966409927257,77.42966409927257,77.42966409927257,-0.046949356878647465,0.0054105206811824215,0.0022689280275926286,62.0,2.39,0.0,1,2,20.0,4,-0.02,23.545,0.015,52.649136899999995,9.7462427,35.14,34.0,52.6491263,9.746236999999999,0.025830872929516076,-0.015184364492350668,4.24446620792501,-10.665000000000001,-20.900000000000002,-0.16,23.542513,-0.011147138,0.34290612
0 days 00:00:00.670000,0.0009434212172942321,-1.1418840000000001,0.447336,11.195172000000001,77.44303594351734,77.44303594351734,77.44303594351734,77.44303594351734,-0.0497418836818384,-0.017278759594743863,0.0027925268031909274,62.0,2.39,0.0,1,1,20.0,4,-0.02,23.535,-0.0,52.649136899999995,9.7462427,35.14,34.0,52.6491244,9.7462355,0.02530727415391778,-0.015009831567151233,4.24446620792501,-10.665000000000001,-20.900000000000002,-0.16,23.532349,-0.011054929,0.35363612
0 days 00:00:00.680000,0.0008844573912133426,0.074556,0.812268,10.681128000000001,77.38286264441591,77.38286264441591,77.38286264441591,77.38286264441591,-0.07260569688296412,0.0038397243543875246,0.0006981317007977319,62.0,2.39,0.0,1,1,20.0,4,-0.01,23.53,-0.005,52.6491275,9.7462349,35.09,34.0,52.6491225,9.7462339,0.024609142453120045,-0.014835298641951801,4.24446620792501,-10.565,-20.965,-0.085,23.527338,-0.0012847076,0.35420012
0 days 00:00:00.690000,0.000825493565132453,-0.40024800000000005,0.27468000000000004,11.089224000000002,77.21571459135643,77.21571459135643,77.21571459135643,77.21571459135643,-0.07243116395776468,0.0041887902047863905,-0.0024434609527920616,62.0,2.39,0.0,1,1,20.0,4,-0.01,23.53,-0.02,52.6491275,9.7462349,35.09,34.0,52.649120599999996,9.746232299999999,0.023911010752322315,-0.015009831567151233,4.24446620792501,-10.565,-20.965,-0.085,23.52705,-0.0010752187,0.37329823
0 days 00:00:00.700000,0.000825493565132453,-0.46695600000000004,1.094796,9.904176000000001,76.85467479674796,76.85467479674796,76.85467479674796,76.85467479674796,-0.0736528944341607,-0.012566370614359173,-0.0027925268031909274,62.0,2.39,0.0,1,1,20.0,4,0.0,23.525000000000002,-0.02,52.6491275,9.7462349,35.09,34.0,52.649118699999995,9.7462308,0.02303834612632515,-0.014835298641951801,4.24446620792501,-10.565,-20.965,-0.085,23.522114,0.008500062,0.36888748
0 days 00:00:00.710000,0.000825493565132453,0.671004,0.5611320000000001,9.951264,77.27588789045785,77.27588789045785,77.27588789045785,77.27588789045785,-0.060562925044203235,0.02076941809873252,-0.0019198621771937623,62.0,2.39,0.0,1,1,20.0,4,0.0,23.535,-0.02,52.6491275,9.7462349,35.09,34.0,52.649116799999994,9.7462292,0.022514747350726852,-0.015009831567151233,4.24446620792501,-10.565,-20.965,-0.085,23.53205,0.0084027145,0.3731463
0 days 00:00:00.720000,0.000825493565132453,-0.05101200000000001,0.349236,10.355436000000001,77.28925973470261,77.28925973470261,77.28925973470261,77.28925973470261,-0.03804817769347638,0.04031710572106901,-0.0031415926535897933,62.0,2.39,0.0,1,1,20.0,4,0.005,23.535,-0.025,52.6491275,9.7462349,35.09,34.0,52.6491149,9.7462276,0.022165681500327987,-0.0153588974175501,4.244291674999811,-10.565,-20.965,-0.085,23.531841,0.013564099,0.38624877
0 days 00:00:00.730000,0.000825493565132453,-1.134036,0.368856,8.813304,77.24245827984595,77.24245827984595,77.24245827984595,77.24245827984595,-0.03682644721708035,0.014311699866353502,-0.0013962634015954637,62.0,2.39,0.0,1,1,20.0,4,0.025,23.51,-0.02,52.649117999999994,9.746227099999999,35.11,34.01,52.649113,9.7462261,0.021642082724729686,-0.0153588974175501,4.244291674999811,-10.51,-21.02,0.08,23.50692,0.033240676,0.3804409
0 days 00:00:00.740000,0.000825493565132453,1.05948,0.223668,9.476460000000001,77.48315147625159,77.48315147625159,77.48315147625159,77.48315147625159,-0.04345869837465881,0.04537856055185257,-0.003490658503988659,62.0,2.39,0.0,1,1,20.0,4,0.025,23.525000000000002,-0.015,52.649117999999994,9.746227099999999,35.11,34.01,52.6491111,9.7462245,0.02111848394913139,-0.0158824961931484,4.244291674999811,-10.51,-21.02,0.08,23.521793,0.03320084,0.3880036
0 days 00:00:00.750000,0.000825493565132453,-0.054936000000000006,0.23936400000000002,10.296576000000002,77.08199614890886,77.08199614890886,77.08199614890886,77.08199614890886,-0.04642575810304917,0.04747295565424577,-0.0031415926535897933,62.0,2.39,0.0,1,1,20.0,4,0.025,23.525000000000002,-0.02,52.649117999999994,9.746227099999999,35.11,34.01,52.6491092,9.7462229,0.020594885173533087,-0.016231562043547264,4.244291674999811,-10.51,-21.02,0.08,23.521576,0.03326972,0.40122804
0 days 00:00:00.760000,0.000825493565132453,-0.9613800000000001,1.2399840000000002,9.401904,77.1622272143774,77.1622272143774,77.1622272143774,77.1622272143774,-0.05550147021341968,0.020245819323134222,0.00017453292519943296,62.0,2.39,0.0,1,1,20.0,4,0.035,23.515,-0.02,52.649117999999994,9.746227099999999,35.11,34.01,52.6491073,9.7462214,0.020071286397934793,-0.016580627893946133,4.244291674999811,-10.51,-21.02,0.08,23.511435,0.043219075,0.40908784
0 days 00:00:00.770000,0.000825493565132453,0.11772,0.21974400000000002,10.225944,77.01513692768506,77.01513692768506,77.01513692768506,77.01513692768506,-0.039095375244672985,0.04380776422505767,-0.0020943951023931952,62.0,2.39,0.0,1,1,20.0,4,0.035,23.52,-0.02,52.649117999999994,9.746227099999999,35.11,34.01,52.6491055,9.7462198,0.019722220547535925,-0.016929693744344994,4.244291674999811,-10.51,-21.02,0.08,23.51629,0.04323979,0.41739297
0 days 00:00:00.780000,0.000825493565132453,-0.506196,0.31392000000000003,10.669356000000002,77.38286264441591,77.38286264441591,77.38286264441591,77.38286264441591,-0.021642082724729686,0.04293509959906051,-0.005061454830783556,62.0,2.39,0.0,1,1,20.0,4,0.05,23.51,-0.035,52.6491086,9.7462194,35.12,34.01,52.649103499999995,9.746218299999999,0.01937315469713706,-0.017278759594743863,4.244117142074611,-10.5,-21.06,0.125,23.505886,0.058537483,0.44014674
0 days 00:00:00.790000,0.000825493565132453,-0.631764,-0.10202400000000002,9.26064,77.08199614890886,77.08199614890886,77.08199614890886,77.08199614890886,-0.02757620218151041,0.012740903539558606,-0.005934119456780722,62.0,2.39,0.0,1,1,20.0,4,0.05,23.505,-0.03,52.6491086,9.7462194,35.12,34.01,52.649101599999995,9.7462167,0.019024088846738195,-0.017453292519943295,4.244117142074611,-10.5,-21.06,0.125,23.500895,0.058365125,0.43918338
0 days 00:00:00.800000,0.000825493565132453,0.08632800000000002,0.6396120000000001,9.252792000000001,77.19565682498931,77.19565682498931,77.19565682498931,77.19565682498931,-0.027052603405912107,0.022514747350726852,-0.0054105206811824215,62.0,2.39,0.0,1,1,20.0,4,0.055,23.505,-0.025,52.6491086,9.7462194,35.12,34.01,52.649099799999995,9.746215099999999,0.01884955592153876,-0.017627825445142728,4.244117142074611,-10.5,-21.06,0.125,23.500906,0.063270666,0.43820196
0 days 00:00:00.810000,0.000825493565132453,0.007848,0.21974400000000002,8.719128000000001,77.12211168164313,77.12211168164313,77.12211168164313,77.12211168164313,-0.018500490071139894,0.023736477827122886,-0.0036651914291880917,62.0,2.39,0.0,1,1,20.0,4,0.055,23.51,-0.015,52.6491086,9.7462194,35.12,34.01,52.6490979,9.746213599999999,0.018675022996339326,-0.01780235837034216,4.244117142074611,-10.5,-21.06,0.125,23.506008,0.063085735,0.4324063
0 days 00:00:00.820000,0.0007075659129706742,0.12164400000000002,1.024164,9.609876,77.06193838254171,77.06193838254171,77.06193838254171,77.06193838254171,-0.01361356816555577,0.05637413483941684,0.0005235987755982988,62.0,2.39,0.0,1,1,20.0,4,0.065,23.51,-0.01,52.6491086,9.7462194,35.12,34.01,52.649096,9.746212,0.018500490071139894,-0.018500490071139894,4.244117142074611,-10.5,-21.06,0.125,23.505793,0.07321964,0.44364136
0 days 00:00:00.830000,0.0007075659129706742,-0.6749280000000001,0.17265600000000003,10.229868,77.5165810868635,77.5165810868635,77.5165810868635,77.5165810868635,0.0022689280275926286,0.03944444109507185,0.002617993877991494,62.0,2.39,0.0,1,1,20.0,4,0.075,23.505,-0.02,52.6490991,9.7462115,35.12,34.01,52.6490941,9.7462105,0.01832595714594046,-0.01884955592153876,4.244117142074611,-10.540000000000001,-21.09,0.11,23.500446,0.083472386,0.4615769
0 days 00:00:00.840000,0.0005896382608088951,-0.27468000000000004,-0.30999600000000005,9.872784,77.12211168164313,77.12211168164313,77.12211168164313,77.12211168164313,0.004363323129985824,0.02583087292951608,0.0010471975511965976,62.0,2.39,0.0,1,1,20.0,4,0.07,23.505,-0.02,52.6490991,9.7462115,35.12,34.01,52.6490922,9.7462089,0.018500490071139894,-0.019024088846738195,4.244117142074611,-10.540000000000001,-21.09,0.11,23.500366,0.07862967,0.46575567
0 days 00:00:00.850000,0.0005896382608088951,0.023544000000000002,-0.12164400000000002,10.021896000000002,77.59681215233205,77.59681215233205,77.59681215233205,77.59681215233205,0.0027925268031909274,0.01815142422074103,0.0,62.0,2.39,0.0,1,1,20.0,4,0.065,23.51,-0.025,52.6490991,9.7462115,35.12,34.01,52.6490903,9.7462074,0.018500490071139894,-0.01937315469713706,4.244117142074611,-10.540000000000001,-21.09,0.11,23.505104,0.07387655,0.479145
0 days 00:00:00.860000,0.0005896382608088951,-0.3413880000000001,0.24328800000000003,9.806076000000001,76.76775780915703,76.76775780915703,76.76775780915703,76.76775780915703,0.006981317007977318,0.011693705988362009,0.0006981317007977319,62.0,2.39,0.0,1,1,20.0,4,0.065,23.505,-0.025,52.6490991,9.7462115,35.12,34.01,52.6490884,9.7462058,0.018500490071139894,-0.01937315469713706,4.244117142074611,-10.540000000000001,-21.09,0.11,23.500105,0.07387476,0.4790481
0 days 00:00:00.870000,0.0005896382608088951,-0.6003720000000001,0.26290800000000003,8.519004,77.24245827984595,77.24245827984595,77.24245827984595,77.24245827984595,0.0017453292519943296,0.008377580409572781,0.0006981317007977319,62.0,2.39,0.0,1,1,20.0,4,0.065,23.5,-0.01,52.6490991,9.7462115,35.12,34.01,52.649086499999996,9.7462042,0.018500490071139894,-0.019547687622336492,4.244117142074611,-10.540000000000001,-21.09,0.11,23.495316,0.07367139,0.46805674
0 days 00:00:00.880000,0.0005896382608088951,-0.46695600000000004,-0.349236,9.696204000000002,76.95496362858366,76.95496362858366,76.95496362858366,76.95496362858366,0.010821041362364843,0.00017453292519943296,0.00034906585039886593,62.0,2.39,0.0,1,1,20.0,4,0.055,23.51,-0.01,52.649089499999995,9.7462038,35.18,34.01,52.649084599999995,9.7462027,0.018675022996339326,-0.019547687622336492,4.244117142074611,-10.585,-21.07,0.085,23.505314,0.06375848,0.46842602
0 days 00:00:00.890000,0.0005896382608088951,0.184428,0.4434120000000001,9.284184,77.19565682498931,77.19565682498931,77.19565682498931,77.19565682498931,0.01361356816555577,-0.008726646259971648,0.003490658503988659,62.0,2.39,0.0,1,1,20.0,4,0.06,23.515,-0.005,52.649089499999995,9.7462038,35.18,34.01,52.6490827,9.7462011,0.01884955592153876,-0.019547687622336492,4.244291674999811,-10.585,-21.07,0.085,23.51041,0.06874696,0.4634202
0 days 00:00:00.900000,0.0005896382608088951,0.6670800000000001,-0.27075600000000005,9.778608,77.46309370988446,77.46309370988446,77.46309370988446,77.46309370988446,0.00890117918517108,0.029670597283903602,0.0019198621771937623,62.0,2.39,0.0,1,1,20.0,4,0.055,23.52,-0.005,52.649089499999995,9.7462038,35.18,34.01,52.6490808,9.746199599999999,0.01884955592153876,-0.019896753472735357,4.244291674999811,-10.585,-21.07,0.085,23.515245,0.063904405,0.4718191
0 days 00:00:00.910000,0.0005896382608088951,-1.31454,0.5493600000000001,9.605952000000002,77.12211168164313,77.12211168164313,77.12211168164313,77.12211168164313,0.006632251157578452,-0.00034906585039886593,0.0038397243543875246,62.0,2.39,0.0,1,1,20.0,4,0.055,23.51,-0.005,52.649089499999995,9.7462038,35.18,34.01,52.6490789,9.746198,0.019024088846738195,-0.019896753472735357,4.244291674999811,-10.585,-21.07,0.085,23.505247,0.06398297,0.471609
0 days 00:00:00.920000,0.0005896382608088951,-0.20012400000000002,-0.32176800000000005,9.507852000000002,77.59681215233205,77.59681215233205,77.59681215233205,77.59681215233205,0.008726646259971648,-0.016057029118347832,0.004537856055185257,62.0,2.39,0.0,1,1,20.0,4,0.05,23.51,-0.0,52.649089499999995,9.7462038,35.18,34.01,52.649077,9.746196399999999,0.019024088846738195,-0.019722220547535925,4.244291674999811,-10.585,-21.07,0.085,23.505428,0.058810737,0.46260434
0 days 00:00:00.930000,0.0005896382608088951,0.459108,0.45518400000000003,9.496080000000001,77.08199614890886,77.08199614890886,77.08199614890886,77.08199614890886,0.0008726646259971648,0.005585053606381855,0.002617993877991494,62.0,2.39,0.0,1,1,20.0,4,0.05,23.53,0.005,52.6490802,9.746196099999999,35.11,34.02,52.6490751,9.746194899999999,0.019198621771937627,-0.019896753472735357,4.24446620792501,-10.595,-21.06,-0.05,23.525442,0.058881905,0.46209547
0 days 00:00:00.940000,0.0005896382608088951,-1.1458080000000002,-0.22759200000000002,9.53532,77.1622272143774,77.1622272143774,77.1622272143774,77.1622272143774,0.00471238898038469,-0.017627825445142728,0.0041887902047863905,62.0,2.39,0.0,1,1,20.476190476190474,4,0.045,23.52,0.005,52.6490802,9.746196099999999,35.11,34.02,52.6490732,9.7461933,0.019198621771937627,-0.019722220547535925,4.24446620792501,-10.595,-21.06,-0.05,23.515526,0.053800218,0.45788914
0 days 00:00:00.950000,0.0005896382608088951,-0.066708,0.40809600000000007,9.668736,76.78781557552418,76.78781557552418,76.78781557552418,76.78781557552418,0.003490658503988659,-0.016929693744344998,0.0020943951023931952,62.0,2.39,0.0,1,1,20.952380952380953,4,0.045,23.525000000000002,0.01,52.6490802,9.746196099999999,35.11,34.02,52.649071299999996,9.7461918,0.019198621771937627,-0.019547687622336492,4.24446620792501,-10.595,-21.06,-0.05,23.5207,0.05362733,0.44888523
0 days 00:00:00.960000,0.0005896382608088951,0.28645200000000004,0.812268,9.405828000000001,76.97502139495079,76.97502139495079,76.97502139495079,76.97502139495079,-0.0031415926535897933,0.011693705988362009,0.003490658503988659,62.0,2.39,0.0,1,1,21.428571428571427,4,0.05,23.53,0.01,52.6490802,9.746196099999999,35.11,34.02,52.649069399999995,9.7461902,0.019198621771937627,-0.019722220547535925,4.24446620792501,-10.595,-21.06,-0.05,23.525621,0.05870711,0.45299223
0 days 00:00:00.970000,0.0005896382608088951,-0.596448,0.368856,9.53532,76.99507916131792,76.99507916131792,76.99507916131792,76.99507916131792,-0.005235987755982988,0.003316125578789226,0.0041887902047863905,62.0,2.39,0.0,1,1,21.904761904761905,4,0.05,23.525000000000002,0.015,52.6490802,9.746196099999999,35.11,34.01,52.6490675,9.7461887,0.019198621771937627,-0.019722220547535925,4.24464074085021,-10.595,-21.06,-0.05,23.52072,0.05860925,0.4478955
0 days 00:00:00.980000,0.0005896382608088951,-0.94176,-0.6278400000000001,9.421524000000002,77.54332477535301,77.54332477535301,77.54332477535301,77.54332477535301,0.007679448708775049,-0.022689280275926284,0.005235987755982988,62.0,2.39,0.0,1,1,22.38095238095238,4,0.03,23.52,0.02,52.6490708,9.7461883,35.11,34.02,52.6490656,9.7461871,0.01937315469713706,-0.019547687622336492,4.24464074085021,-10.615,-21.0,-0.005,23.515898,0.038512915,0.43907252
0 days 00:00:00.990000,0.0007075659129706742,0.9613800000000001,-0.019620000000000002,10.218096000000001,77.68372913992297,77.68372913992297,77.68372913992297,77.68372913992297,0.0158824961931484,0.00017453292519943296,0.003316125578789226,62.0,2.39,0.0,1,1,22.857142857142858,4,0.025,23.53,0.015,52.6490708,9.7461883,35.11,34.02,52.6490637,9.7461855,0.019547687622336492,-0.019547687622336492,4.24464074085021,-10.615,-21.0,-0.005,23.525799,0.03369204,0.44435704
0 days 00:00:01,0.0007665297390515637,-0.33354000000000006,-0.03531600000000001,10.171008,77.71047282841249,77.71047282841249,77.71047282841249,77.71047282841249,0.017627825445142728,0.0015707963267948967,0.003316125578789226,62.0,2.39,0.0,1,1,23.333333333333332,4,0.025,23.53,0.01,52.6490708,9.7461883,35.11,34.02,52.6490618,9.746184,0.019722220547535925,-0.019547687622336492,4.24464074085021,-10.615,-21.0,-0.005,23.5257,0.03386818,0.44934922
0 days 00:00:01.010000,0.000825493565132453,-0.7651800000000001,0.306072,9.625572000000002,77.19565682498931,77.19565682498931,77.19565682498931,77.19565682498931,0.01815142422074103,-0.02757620218151041,0.0020943951023931952,62.0,2.39,0.0,1,1,23.80952380952381,4,0.025,23.525000000000002,0.015,52.6490708,9.7461883,35.11,34.02,52.6490599,9.7461824,0.019896753472735357,-0.019198621771937627,4.24464074085021,-10.615,-21.0,-0.005,23.520952,0.03368185,0.4360388
0 days 00:00:01.020000,0.000825493565132453,0.875052,0.29430000000000006,9.307728000000001,77.01513692768506,77.01513692768506,77.01513692768506,77.01513692768506,0.004537856055185257,-0.002967059728390361,-0.0005235987755982988,62.0,2.39,0.0,1,1,24.285714285714285,4,0.025,23.535,0.02,52.6490708,9.7461883,35.11,34.02,52.6490581,9.7461808,0.019896753472735357,-0.019198621771937627,4.24464074085021,-10.615,-21.0,-0.005,23.531046,0.03358621,0.43123266
0 days 00:00:01.030000,0.0009434212172942321,-1.0751760000000001,0.32176800000000005,7.824456000000001,76.76107188703466,76.76107188703466,76.76107188703466,76.76107188703466,-0.0006981317007977319,-0.012391837689159739,0.0015707963267948967,62.0,2.39,0.0,1,1,24.761904761904763,4,0.025,23.52,0.04,52.6490613,9.7461805,35.1,34.02,52.649056099999996,9.7461793,0.019896753472735357,-0.019024088846738195,4.24464074085021,-10.58,-20.995,-0.065,23.516506,0.03310099,0.40684876
0 days 00:00:01.040000,0.0010613488694560112,-0.4316400000000001,0.6749280000000001,9.409752000000001,76.86136071887034,76.86136071887034,76.86136071887034,76.86136071887034,0.0024434609527920616,0.0012217304763960308,0.0041887902047863905,62.0,2.39,0.0,1,1,25.238095238095237,4,0.03,23.52,0.045,52.6490613,9.7461805,35.1,34.02,52.649054199999995,9.746177699999999,0.019896753472735357,-0.019024088846738195,4.244815273775409,-10.58,-20.995,-0.065,23.516602,0.03800054,0.40175122
0 days 00:00:01.050000,0.0010613488694560112,0.20404800000000003,0.16873200000000002,11.69352,77.28925973470261,77.28925973470261,77.28925973470261,77.28925973470261,0.008203047484373348,0.02129301687433082,0.0022689280275926286,62.0,2.39,0.0,1,1,25.714285714285715,4,0.03,23.525000000000002,0.025,52.6490613,9.7461805,35.1,34.02,52.649052399999995,9.746176199999999,0.020071286397934793,-0.01937315469713706,4.244815273775409,-10.58,-20.995,-0.065,23.52107,0.038638674,0.43004075
0 days 00:00:01.060000,0.0011792765216177901,-1.208592,-0.6592320000000002,10.088604,77.59681215233205,77.59681215233205,77.59681215233205,77.59681215233205,-0.0027925268031909274,-0.028448866807507574,0.00017453292519943296,62.0,2.39,0.0,1,1,26.19047619047619,4,0.02,23.515,0.02,52.6490613,9.7461805,35.1,34.02,52.649050499999994,9.7461746,0.020071286397934793,-0.019024088846738195,4.244815273775409,-10.58,-20.995,-0.065,23.511124,0.02857242,0.4268406
0 days 00:00:01.070000,0.0012382403476986798,0.25506,0.6003720000000001,9.154692,77.84419127086008,77.84419127086008,77.84419127086008,77.84419127086008,-0.015533430342749534,-0.042411500823462206,-0.00017453292519943296,62.0,2.39,0.0,1,1,26.666666666666668,4,0.025,23.52,0.03,52.6490613,9.7461805,35.1,34.02,52.6490486,9.746172999999999,0.019896753472735357,-0.018500490071139894,4.244815273775409,-10.58,-20.995,-0.065,23.516531,0.03305493,0.40453425
0 days 00:00:01.080000,0.0012972041737795694,0.7298640000000001,0.463032,9.437220000000002,77.19565682498931,77.19565682498931,77.19565682498931,77.19565682498931,-0.019722220547535925,-0.006981317007977318,0.0010471975511965976,62.0,2.39,0.0,1,1,27.142857142857142,4,0.02,23.53,0.035,52.649051799999995,9.7461728,35.08,34.02,52.6490467,9.746171499999999,0.019722220547535925,-0.018500490071139894,4.244815273775409,-10.58,-20.975,-0.065,23.52662,0.027890358,0.39982536
0 days 00:00:01.090000,0.0013561679998604589,-0.9103680000000001,0.521892,9.237096000000001,77.14885537013264,77.14885537013264,77.14885537013264,77.14885537013264,-0.012740903539558606,-0.01884955592153876,0.004363323129985824,62.0,2.39,0.0,1,1,27.61904761904762,4,0.025,23.525000000000002,0.04,52.649051799999995,9.7461728,35.08,34.02,52.6490448,9.7461699,0.019722220547535925,-0.01832595714594046,4.244815273775409,-10.58,-20.975,-0.065,23.521782,0.032708015,0.39053163
0 days 00:00:01.100000,0.0014151318259413483,-0.047088000000000005,0.7494840000000002,9.935568000000002,76.92153401797175,76.92153401797175,76.92153401797175,76.92153401797175,-0.007330382858376183,-0.006981317007977318,0.005235987755982988,62.0,2.39,0.0,1,1,28.095238095238095,4,0.025,23.525000000000002,0.04,52.649051799999995,9.7461728,35.08,34.02,52.6490429,9.7461684,0.019547687622336492,-0.01832595714594046,4.244815273775409,-10.58,-20.975,-0.065,23.521782,0.032639854,0.39053732
0 days 00:00:01.110000,0.0014151318259413483,-0.153036,-0.290376,10.579104000000001,76.99507916131792,76.99507916131792,76.99507916131792,76.99507916131792,-0.0017453292519943296,0.010995574287564275,0.003316125578789226,62.0,2.39,0.0,1,1,28.57142857142857,4,0.02,23.525000000000002,0.03,52.649051799999995,9.7461728,35.08,34.01,52.649041,9.7461668,0.019547687622336492,-0.018500490071139894,4.244815273775409,-10.58,-20.975,-0.065,23.521528,0.027916482,0.404736
0 days 00:00:01.120000,0.0014151318259413483,-1.1889720000000001,0.05886,8.385588,77.01513692768506,77.01513692768506,77.01513692768506,77.01513692768506,-0.006632251157578452,-0.032812189937493394,0.0027925268031909274,62.0,2.39,0.0,1,1,29.047619047619047,4,0.02,23.515,0.045,52.649051799999995,9.7461728,35.08,34.01,52.649039099999996,9.7461652,0.019547687622336492,-0.01815142422074103,4.244989806700609,-10.58,-20.975,-0.065,23.511942,0.0274593,0.38135085
0 days 00:00:01.130000,0.0014151318259413483,0.7534080000000001,0.612144,9.704052,77.5165810868635,77.5165810868635,77.5165810868635,77.5165810868635,-0.008028514559173916,0.007504915783575617,0.002967059728390361,62.0,2.39,0.0,1,1,29.523809523809526,4,0.02,23.525000000000002,0.05,52.6490424,9.746165,35.08,34.01,52.649037199999995,9.7461637,0.01937315469713706,-0.01815142422074103,4.244989806700609,-10.57,-20.97,-0.03,23.522032,0.027299412,0.3765389
0 days 00:00:01.140000,0.0014151318259413483,-0.47872800000000004,0.14126400000000003,9.692280000000002,77.21571459135643,77.21571459135643,77.21571459135643,77.21571459135643,-0.002967059728390361,-0.0041887902047863905,0.003490658503988659,62.0,2.39,0.0,1,1,30.0,4,0.02,23.52,0.05,52.6490424,9.746165,35.08,34.01,52.649035299999994,9.7461621,0.01937315469713706,-0.01815142422074103,4.244989806700609,-10.57,-20.97,-0.03,23.517033,0.027297653,0.37644818
0 days 00:00:01.150000,0.0014151318259413483,-0.5886000000000001,-0.031392,8.715204000000002,77.29594565682498,77.29594565682498,77.29594565682498,77.29594565682498,0.008552113334772213,-0.027052603405912107,0.0054105206811824215,62.0,2.39,0.0,1,1,30.5,4,0.015,23.52,0.06,52.6490424,9.746165,35.08,34.01,52.6490334,9.7461606,0.019547687622336492,-0.01780235837034216,4.244989806700609,-10.57,-20.97,-0.03,23.517342,0.02200842,0.35833713
0 days 00:00:01.160000,0.0014151318259413483,0.851508,0.11772,10.500624,77.54332477535301,77.54332477535301,77.54332477535301,77.54332477535301,0.016406094968746697,0.024783675378319478,0.0012217304763960308,62.0,2.39,0.0,1,1,31.0,4,0.015,23.53,0.055,52.6490424,9.746165,35.08,34.01,52.6490315,9.746158999999999,0.019722220547535925,-0.01815142422074103,4.244989806700609,-10.57,-20.97,-0.03,23.527122,0.022335023,0.37172046
0 days 00:00:01.170000,0.0015330594781031272,-1.114416,-0.8318880000000001,11.305044000000002,77.24245827984595,77.24245827984595,77.24245827984595,77.24245827984595,0.021467549799530253,-0.005585053606381855,0.0005235987755982988,62.0,2.39,0.0,1,1,31.5,4,0.005,23.52,0.04,52.6490424,9.746165,35.08,34.01,52.6490296,9.7461574,0.019896753472735357,-0.017976891295541596,4.244989806700609,-10.57,-20.97,-0.03,23.516918,0.012614988,0.38262492
0 days 00:00:01.180000,0.0014151318259413483,-0.60822,1.0634040000000002,10.072908000000002,77.24245827984595,77.24245827984595,77.24245827984595,77.24245827984595,0.01780235837034216,-0.041189770347066175,0.0013962634015954637,62.0,2.39,0.0,1,1,32.0,4,0.02,23.515,0.035,52.649032899999995,9.746157199999999,35.08,34.01,52.6490277,9.7461559,0.020071286397934793,-0.017627825445142728,4.244989806700609,-10.57,-21.005,-0.08,23.511961,0.02761256,0.37902445
0 days 00:00:01.190000,0.0014151318259413483,1.0751760000000001,0.192276,10.178856000000001,77.08199614890886,77.08199614890886,77.08199614890886,77.08199614890886,0.00942477796076938,0.0054105206811824215,-0.0013962634015954637,62.0,2.39,0.0,1,1,32.5,4,0.02,23.525000000000002,0.035,52.649032899999995,9.746157199999999,35.08,34.01,52.6490258,9.746154299999999,0.020071286397934793,-0.017627825445142728,4.244989806700609,-10.57,-21.005,-0.08,23.52196,0.027616097,0.3792007
0 days 00:00:01.200000,0.0012972041737795694,-1.1301120000000002,0.671004,9.778608,77.08199614890886,77.08199614890886,77.08199614890886,77.08199614890886,-0.00034906585039886593,0.0054105206811824215,-0.0005235987755982988,62.0,2.39,0.0,1,1,33.0,4,0.025,23.515,0.035,52.649032899999995,9.746157199999999,35.08,34.01,52.649023899999996,9.746152799999999,0.020071286397934793,-0.01780235837034216,4.244989806700609,-10.57,-21.005,-0.08,23.511898,0.03269391,0.38302684
0 days 00:00:01.210000,0.0014151318259413483,-1.3851720000000003,0.32569200000000004,9.629496000000001,77.06193838254171,77.06193838254171,77.06193838254171,77.06193838254171,0.0024434609527920616,-0.03874630939427412,0.0031415926535897933,62.0,2.39,0.0,1,1,33.5,4,0.025,23.505,0.035,52.649032899999995,9.746157199999999,35.08,34.01,52.649021999999995,9.7461512,0.020071286397934793,-0.017278759594743863,4.244989806700609,-10.57,-21.005,-0.08,23.502096,0.032443363,0.37054574
0 days 00:00:01.220000,0.0012972041737795694,0.9810000000000001,0.34531200000000006,10.178856000000001,77.35611895592639,77.35611895592639,77.35611895592639,77.35611895592639,0.007504915783575617,-0.007679448708775049,0.005235987755982988,62.0,2.39,0.0,1,1,34.0,4,0.025,23.515,0.03,52.649032899999995,9.746157199999999,35.08,34.01,52.649020099999994,9.746149599999999,0.020245819323134222,-0.017278759594743863,4.245164339625807,-10.57,-21.005,-0.08,23.512009,0.032612745,0.37571102
0 days 00:00:01.230000,0.0012972041737795694,0.694548,0.07848000000000001,9.896328000000002,77.38286264441591,77.38286264441591,77.38286264441591,77.38286264441591,0.0005235987755982988,0.01308996938995747,0.00471238898038469,62.0,2.39,0.0,1,1,34.5,4,0.02,23.525000000000002,0.03,52.649023299999996,9.746149599999999,35.01,34.01,52.6490182,9.7461481,0.020245819323134222,-0.017453292519943295,4.245164339625807,-10.585,-21.005,-0.05,23.521942,0.027700374,0.38008955
0 days 00:00:01.240000,0.0012382403476986798,-1.0320120000000002,0.8475840000000001,9.315576,77.32937526743689,77.32937526743689,77.32937526743689,77.32937526743689,0.007504915783575617,-0.015707963267948967,0.006981317007977318,62.0,2.39,0.0,1,1,35.0,4,0.025,23.52,0.035,52.649023299999996,9.746149599999999,35.01,34.01,52.6490163,9.7461465,0.020245819323134222,-0.017278759594743863,4.245164339625807,-10.585,-21.005,-0.05,23.517096,0.032513283,0.37079918
0 days 00:00:01.250000,0.0011792765216177901,0.30999600000000005,-0.21974400000000002,10.845936000000002,77.46309370988446,77.46309370988446,77.46309370988446,77.46309370988446,0.013962634015954637,0.01064650843716541,0.0038397243543875246,62.0,2.39,0.0,1,1,35.5,4,0.02,23.525000000000002,0.025,52.649023299999996,9.746149599999999,35.01,34.01,52.6490144,9.746145,0.020420352248333655,-0.017453292519943295,4.245338872551008,-10.585,-21.005,-0.05,23.521854,0.02786879,0.38508287
0 days 00:00:01.260000,0.0011792765216177901,-1.2517560000000003,-0.6199920000000001,10.704672,76.99507916131792,76.99507916131792,76.99507916131792,76.99507916131792,0.01361356816555577,-0.01902408884673819,0.0024434609527920616,62.0,2.39,0.0,1,1,36.0,4,0.015,23.515,0.015,52.649023299999996,9.746149599999999,35.01,34.01,52.6490126,9.7461434,0.020594885173533087,-0.017278759594743863,4.245338872551008,-10.585,-21.005,-0.05,23.51175,0.023054864,0.3909001
0 days 00:00:01.270000,0.0010613488694560112,-0.698472,0.8004960000000001,9.413676,77.21571459135643,77.21571459135643,77.21571459135643,77.21571459135643,0.018675022996339326,-0.0651007810993885,0.00645771823237902,62.0,2.39,0.0,0,1,36.5,4,0.02,23.51,0.02,52.649023299999996,9.746149599999999,35.01,34.01,52.6490107,9.7461418,0.02076941809873252,-0.016580627893946133,4.245338872551008,-10.585,-21.005,-0.05,23.507101,0.02767557,0.36930034
0 days 00:00:01.280000,0.0010613488694560112,1.9816200000000002,0.062784,12.117312000000002,77.06193838254171,77.06193838254171,77.06193838254171,77.06193838254171,0.020420352248333655,0.02426007660272118,0.0038397243543875246,62.0,2.39,0.0,0,1,37.0,4,0.015,23.54,-0.0,52.649014099999995,9.746141399999999,35.04,34.01,52.649008699999996,9.7461403,0.020943951023931952,-0.016929693744344994,4.245338872551008,-10.585,-21.005,-0.065,23.536629,0.02334239,0.3981044
0 days 00:00:01.290000,0.0010613488694560112,-1.8207360000000001,0.015696,10.594800000000001,76.99507916131792,76.99507916131792,76.99507916131792,76.99507916131792,0.00942477796076938,-0.026354471705114374,0.005934119456780722,62.0,2.39,0.0,0,1,37.5,4,0.01,23.525000000000002,-0.005,52.649014099999995,9.746141399999999,35.04,34.01,52.649006899999996,9.7461387,0.02111848394913139,-0.016755160819145562,4.245513405476206,-10.585,-21.005,-0.065,23.521614,0.0184265,0.3988458
0 days 00:00:01.300000,0.0010613488694560112,-0.6670800000000001,-0.062784,8.640648,77.44303594351734,77.44303594351734,77.44303594351734,77.44303594351734,0.0036651914291880917,-0.05619960191421742,0.004363323129985824,62.0,2.39,0.0,0,1,38.0,4,0.01,23.52,0.005,52.649014099999995,9.746141399999999,35.04,34.01,52.649004999999995,9.7461372,0.02111848394913139,-0.016057029118347832,4.245513405476206,-10.585,-21.005,-0.065,23.517048,0.017866898,0.3723515
0 days 00:00:01.310000,0.0010613488694560112,1.110492,1.012392,10.300500000000001,77.35611895592639,77.35611895592639,77.35611895592639,77.35611895592639,0.005759586531581288,0.012217304763960306,0.004014257279586958,62.0,2.39,0.0,0,1,38.5,4,0.015,23.53,-0.0,52.649014099999995,9.746141399999999,35.04,34.01,52.649003099999995,9.746135599999999,0.02111848394913139,-0.016231562043547264,4.245513405476206,-10.585,-21.005,-0.065,23.526901,0.023061456,0.38151
0 days 00:00:01.320000,0.0009434212172942321,-0.8397360000000001,0.21189600000000003,10.253412000000003,77.38286264441591,77.38286264441591,77.38286264441591,77.38286264441591,-0.0031415926535897933,-0.008377580409572781,0.0054105206811824215,62.0,2.39,0.0,0,1,39.0,4,0.015,23.525000000000002,-0.005,52.649014099999995,9.746141399999999,35.04,34.01,52.6490012,9.746134,0.02111848394913139,-0.016231562043547264,4.245513405476206,-10.585,-21.005,-0.065,23.521818,0.023165312,0.38642707
0 days 00:00:01.330000,0.000825493565132453,-0.1962,0.13734000000000002,11.787696,77.18228498074454,77.18228498074454,77.18228498074454,77.18228498074454,-0.003490658503988659,-0.01064650843716541,0.002617993877991494,62.0,2.39,0.0,0,1,39.5,4,0.01,23.52,-0.025,52.6490047,9.7461337,35.050000000000004,34.01,52.6489993,9.7461325,0.02111848394913139,-0.016057029118347832,4.245513405476206,-10.565,-20.975,-0.03,23.516567,0.018500324,0.40234095
0 days 00:00:01.340000,0.000825493565132453,-0.278604,-0.027468000000000003,10.351512000000001,77.06193838254171,77.06193838254171,77.06193838254171,77.06193838254171,-0.00471238898038469,-0.028797932657906436,0.002617993877991494,62.0,2.39,0.0,0,1,40.0,4,0.01,23.52,-0.03,52.6490047,9.7461337,35.050000000000004,34.01,52.6489974,9.746130899999999,0.02111848394913139,-0.015707963267948967,4.245513405476206,-10.565,-20.975,-0.03,23.516628,0.01843255,0.3991322
0 days 00:00:01.350000,0.000825493565132453,-0.149112,0.7102440000000001,10.198476000000001,77.31600342319211,77.31600342319211,77.31600342319211,77.31600342319211,-0.00471238898038469,-0.017104226669544427,0.003316125578789226,62.0,2.39,0.0,0,0,40.0,4,0.015,23.52,-0.035,52.6490047,9.7461337,35.050000000000004,34.01,52.6489955,9.7461294,0.02111848394913139,-0.015533430342749533,4.245687938401406,-10.565,-20.975,-0.03,23.516619,0.023450334,0.3999214
0 days 00:00:01.360000,0.000825493565132453,-0.37670400000000004,-0.11379600000000001,10.351512000000001,77.02850877192982,77.02850877192982,77.02850877192982,77.02850877192982,0.0005235987755982988,-0.020071286397934793,0.0031415926535897933,62.0,2.39,0.0,0,0,40.0,4,0.01,23.515,-0.04,52.6490047,9.7461337,35.050000000000004,34.01,52.6489936,9.7461278,0.02111848394913139,-0.0153588974175501,4.245687938401406,-10.565,-20.975,-0.03,23.511612,0.018468726,0.40084496
0 days 00:00:01.370000,0.000825493565132453,0.015696,1.31454,9.621648,76.92153401797175,76.92153401797175,76.92153401797175,76.92153401797175,-0.012391837689159739,-0.014137166941154071,0.005585053606381855,62.0,2.39,0.0,0,0,40.0,4,0.02,23.52,-0.035,52.6490047,9.7461337,35.050000000000004,34.01,52.648991699999996,9.746126199999999,0.020943951023931952,-0.015184364492350668,4.245687938401406,-10.565,-20.975,-0.03,23.516758,0.028207524,0.39161363
0 days 00:00:01.380000,0.0007075659129706742,0.05886,0.31392000000000003,9.441144000000001,77.27588789045785,77.27588789045785,77.27588789045785,77.27588789045785,-0.01308996938995747,-0.005934119456780722,0.006806784082777885,62.0,2.39,0.0,0,0,40.0,4,0.02,23.52,-0.03,52.648995199999995,9.7461259,35.050000000000004,34.02,52.648989799999995,9.7461247,0.02076941809873252,-0.015009831567151233,4.245687938401406,-10.56,-20.985,0.035,23.516901,0.027950104,0.38251665
0 days 00:00:01.390000,0.0007075659129706742,-0.16088400000000003,0.08632800000000002,9.539244,76.92153401797175,76.92153401797175,76.92153401797175,76.92153401797175,-0.008028514559173916,0.004363323129985824,0.005934119456780722,62.0,2.39,0.0,0,0,40.0,4,0.015,23.52,-0.03,52.648995199999995,9.7461259,35.050000000000004,34.02,52.648987899999995,9.7461231,0.02076941809873252,-0.015184364492350668,4.245862471326605,-10.56,-20.985,0.035,23.516834,0.023036424,0.38672405
0 days 00:00:01.400000,0.0007075659129706742,-0.14126400000000003,0.24328800000000003,10.24164,77.63692768506633,77.63692768506633,77.63692768506633,77.63692768506633,0.007330382858376183,0.004363323129985824,0.010297442586766544,62.0,2.39,0.0,0,0,40.0,4,0.015,23.52,-0.035,52.648995199999995,9.7461259,35.050000000000004,34.02,52.648986,9.7461216,0.02076941809873252,-0.015184364492350668,4.245862471326605,-10.56,-20.985,0.035,23.516758,0.023140252,0.39172238
0 days 00:00:01.410000,0.000825493565132453,0.29430000000000006,-0.24721200000000002,11.940732,77.38286264441591,77.38286264441591,77.38286264441591,77.38286264441591,0.023212879051524585,0.03577924966588375,0.005585053606381855,62.0,2.39,0.0,0,0,40.0,4,0.005,23.525000000000002,-0.055,52.648995199999995,9.7461259,35.050000000000004,34.02,52.6489841,9.74612,0.02111848394913139,-0.015533430342749533,4.246037004251805,-10.56,-20.985,0.035,23.521307,0.01387649,0.4202033
0 days 00:00:01.420000,0.0007075659129706742,-1.4165640000000002,0.074556,9.472536,77.34943303380402,77.34943303380402,77.34943303380402,77.34943303380402,0.014311699866353502,-0.022165681500327987,0.004014257279586958,62.0,2.39,0.0,0,0,40.0,4,0.005,23.51,-0.05,52.648995199999995,9.7461259,35.050000000000004,34.02,52.6489822,9.7461184,0.02129301687433082,-0.0153588974175501,4.246037004251805,-10.56,-20.985,0.035,23.506458,0.013751075,0.41086796
0 days 00:00:01.430000,0.0007075659129706742,0.8397360000000001,0.18835200000000002,9.857088000000003,77.14216944801026,77.14216944801026,77.14216944801026,77.14216944801026,0.006806784082777885,-0.002967059728390361,-0.00017453292519943296,62.0,2.39,0.0,0,0,40.0,4,0.01,23.52,-0.055,52.6489853,9.7461175,35.09,34.02,52.6489803,9.746116899999999,0.02129301687433082,-0.015184364492350668,4.246037004251805,-10.545,-20.990000000000002,0.11,23.516455,0.018772267,0.41180986
0 days 00:00:01.440000,0.0007075659129706742,-0.23544,0.8632800000000002,10.681128000000001,76.63403936670946,76.63403936670946,76.63403936670946,76.63403936670946,-0.015358897417550098,0.026529004630313806,-0.0015707963267948967,62.0,2.39,0.0,0,0,40.0,4,0.015,23.52,-0.065,52.6489853,9.7461175,35.09,34.02,52.6489784,9.7461153,0.02111848394913139,-0.015533430342749533,4.246037004251805,-10.545,-20.990000000000002,0.11,23.516153,0.024083765,0.42991108
0 days 00:00:01.450000,0.0007075659129706742,-1.60884,0.05101200000000001,10.135692000000002,76.99507916131792,76.99507916131792,76.99507916131792,76.99507916131792,-0.023736477827122886,-0.017278759594743863,0.0013962634015954637,62.0,2.39,0.0,0,0,40.0,4,0.015,23.505,-0.065,52.6489853,9.7461175,35.09,34.02,52.648976499999996,9.7461138,0.02076941809873252,-0.0153588974175501,4.246037004251805,-10.545,-20.990000000000002,0.11,23.501228,0.023843674,0.42558563
0 days 00:00:01.460000,0.0007075659129706742,0.33354000000000006,0.8318880000000001,9.162540000000002,77.06193838254171,77.06193838254171,77.06193838254171,77.06193838254171,-0.020594885173533087,-0.007679448708775049,0.00471238898038469,62.0,2.39,0.0,0,0,40.0,4,0.02,23.51,-0.06,52.6489853,9.7461175,35.09,34.02,52.648974599999995,9.746112199999999,0.020594885173533087,-0.0153588974175501,4.246037004251805,-10.545,-20.990000000000002,0.11,23.506306,0.02866696,0.42056525
0 days 00:00:01.470000,0.0007075659129706742,1.338084,0.153036,9.551016,77.54332477535301,77.54332477535301,77.54332477535301,77.54332477535301,-0.006632251157578452,0.02775073510670984,0.004886921905584123,62.0,2.39,0.0,0,0,40.0,4,0.02,23.525000000000002,-0.055,52.6489853,9.7461175,35.09,34.02,52.648972799999996,9.7461106,0.020594885173533087,-0.015533430342749533,4.246037004251805,-10.545,-20.990000000000002,0.11,23.521307,0.028653288,0.41990158
0 days 00:00:01.480000,0.0007075659129706742,-0.5415120000000001,0.149112,8.601408000000001,77.42966409927257,77.42966409927257,77.42966409927257,77.42966409927257,-0.012566370614359173,0.02565634000431664,0.0038397243543875246,62.0,2.39,0.0,0,0,40.0,4,0.015,23.52,-0.045,52.6489763,9.7461094,35.03,34.02,52.6489708,9.7461091,0.020420352248333655,-0.0158824961931484,4.246211537177004,-10.57,-21.02,0.065,23.51632,0.023542909,0.4181414
0 days 00:00:01.490000,0.0007075659129706742,-1.0398600000000002,0.623916,8.785836000000002,77.31600342319211,77.31600342319211,77.31600342319211,77.31600342319211,-0.00034906585039886593,-0.00942477796076938,0.004886921905584123,62.0,2.39,0.0,0,0,40.0,4,0.02,23.51,-0.035,52.6489763,9.7461094,35.03,34.02,52.6489689,9.746107499999999,0.020420352248333655,-0.015707963267948967,4.246211537177004,-10.57,-21.02,0.065,23.50655,0.028250687,0.40378204
0 days 00:00:01.500000,0.0007075659129706742,1.0555560000000002,0.463032,10.273032000000002,76.89479032948223,76.89479032948223,76.89479032948223,76.89479032948223,0.010821041362364843,0.04328416544945937,0.0015707963267948967,62.0,2.39,0.0,0,0,40.0,4,0.02,23.52,-0.04,52.6489763,9.7461094,35.03,34.02,52.6489671,9.746106,0.020594885173533087,-0.016057029118347832,4.246211537177004,-10.57,-21.02,0.065,23.516325,0.028596397,0.41713956
0 days 00:00:01.510000,0.0007075659129706742,-1.4165640000000002,0.6631560000000001,9.146844,76.78781557552418,76.78781557552418,76.78781557552418,76.78781557552418,0.016231562043547268,0.008726646259971648,0.007155849933176751,62.0,2.39,0.0,0,0,40.0,4,0.025,23.51,-0.035,52.6489763,9.7461094,35.03,34.02,52.6489652,9.7461044,0.02076941809873252,-0.016231562043547264,4.246211537177004,-10.57,-21.02,0.065,23.506334,0.033646166,0.41597363
0 days 00:00:01.520000,0.000825493565132453,-0.278604,-0.223668,10.881252,77.14216944801026,77.14216944801026,77.14216944801026,77.14216944801026,0.03717551306747922,0.011693705988362009,0.0027925268031909274,62.0,2.39,0.0,0,0,40.0,4,0.02,23.505,-0.045,52.6489763,9.7461094,35.03,34.02,52.6489633,9.7461028,0.02111848394913139,-0.0164060949687467,4.246386070102204,-10.57,-21.02,0.065,23.501097,0.029088523,0.43008354
0 days 00:00:01.530000,0.000825493565132453,-0.10987200000000001,-0.015696,11.206944000000002,77.01513692768506,77.01513692768506,77.01513692768506,77.01513692768506,0.029670597283903602,0.017453292519943295,0.0019198621771937623,62.0,2.39,0.0,0,0,40.0,4,0.02,23.505,-0.06,52.6489669,9.7461016,35.04,34.02,52.6489614,9.7461013,0.02129301687433082,-0.016580627893946133,4.246386070102204,-10.56,-21.01,0.11,23.500772,0.029570244,0.44917378
0 days 00:00:01.540000,0.000825493565132453,-1.035936,0.298224,9.421524000000002,77.56338254172015,77.56338254172015,77.56338254172015,77.56338254172015,0.005235987755982988,-0.01815142422074103,0.0005235987755982988,62.0,2.39,0.0,0,0,40.5,4,0.02,23.495,-0.06,52.6489669,9.7461016,35.04,34.02,52.6489595,9.7460997,0.021467549799530253,-0.016231562043547264,4.246386070102204,-10.56,-21.01,0.11,23.49093,0.029469064,0.4408049
0 days 00:00:01.550000,0.000825493565132453,0.125568,0.1962,8.789760000000001,77.35611895592639,77.35611895592639,77.35611895592639,77.35611895592639,-0.00471238898038469,-0.023212879051524585,0.0012217304763960308,62.0,2.39,0.0,0,0,41.0,4,0.02,23.5,-0.05,52.6489669,9.7461016,35.04,34.03,52.648957599999996,9.746098199999999,0.02129301687433082,-0.016057029118347832,4.246386070102204,-10.56,-21.01,0.11,23.496168,0.029093657,0.42679486
0 days 00:00:01.560000,0.000825493565132453,1.204668,0.7494840000000002,8.059896,77.18228498074454,77.18228498074454,77.18228498074454,77.18228498074454,-0.019896753472735357,0.012566370614359173,0.002617993877991494,62.0,2.39,0.0,0,0,41.5,4,0.025,23.515,-0.03,52.6489669,9.7461016,35.04,34.03,52.648955699999995,9.7460966,0.02111848394913139,-0.016231562043547264,4.246386070102204,-10.56,-21.01,0.11,23.511415,0.033687506,0.41104475
0 days 00:00:01.570000,0.000825493565132453,-0.278604,0.40024800000000005,9.84924,77.02850877192982,77.02850877192982,77.02850877192982,77.02850877192982,-0.006283185307179587,0.03647738136668148,0.0031415926535897933,62.0,2.39,0.0,0,0,42.0,4,0.03,23.51,-0.03,52.6489669,9.7461016,35.04,34.03,52.6489538,9.7460951,0.02111848394913139,-0.016580627893946133,4.246386070102204,-10.56,-21.01,0.11,23.506271,0.038857948,0.41906145
0 days 00:00:01.580000,0.000825493565132453,-0.592524,-0.384552,9.519624,76.72764227642276,76.72764227642276,76.72764227642276,76.72764227642276,0.006632251157578452,0.004014257279586958,0.0027925268031909274,62.0,2.39,0.0,0,0,42.5,4,0.02,23.5,-0.03,52.648957499999995,9.7460939,35.03,34.03,52.6489519,9.746093499999999,0.02129301687433082,-0.016580627893946133,4.246386070102204,-10.555,-21.015,0.1,23.496273,0.028929826,0.41910183
0 days 00:00:01.590000,0.000825493565132453,0.592524,0.8868240000000002,9.704052,77.08199614890886,77.08199614890886,77.08199614890886,77.08199614890886,0.0017453292519943296,0.04799655442984406,0.0013962634015954637,62.0,2.39,0.0,0,0,43.0,4,0.025,23.51,-0.03,52.648957499999995,9.7460939,35.03,34.03,52.64895,9.7460919,0.02129301687433082,-0.01710422666954443,4.246386070102204,-10.555,-21.015,0.1,23.506048,0.034194276,0.43146616
0 days 00:00:01.600000,0.000825493565132453,-2.205288,-0.7102440000000001,10.159236000000002,76.99507916131792,76.99507916131792,76.99507916131792,76.99507916131792,0.015707963267948967,-0.003490658503988659,0.0008726646259971648,62.0,2.39,0.0,0,0,43.5,4,0.015,23.490000000000002,-0.035,52.648957499999995,9.7460939,35.03,34.03,52.6489481,9.7460904,0.021467549799530253,-0.016929693744344994,4.246386070102204,-10.555,-21.015,0.1,23.48604,0.024283862,0.43223283
0 days 00:00:01.610000,0.000825493565132453,-0.12164400000000002,0.80442,9.386208000000002,77.24245827984595,77.24245827984595,77.24245827984595,77.24245827984595,0.013264502315156903,-0.03717551306747922,0.0012217304763960308,62.0,2.39,0.0,0,0,44.0,4,0.02,23.490000000000002,-0.03,52.648957499999995,9.7460939,35.03,34.03,52.6489462,9.746088799999999,0.021467549799530253,-0.016580627893946133,4.246386070102204,-10.555,-21.015,0.1,23.486273,0.028999412,0.418931
0 days 00:00:01.620000,0.000825493565132453,1.377324,0.604296,9.92772,77.35611895592639,77.35611895592639,77.35611895592639,77.35611895592639,0.010821041362364843,0.01658062789394613,0.003490658503988659,62.0,2.39,0.0,0,0,44.5,4,0.025,23.505,-0.03,52.648957499999995,9.7460939,35.03,34.03,52.6489443,9.7460873,0.021642082724729686,-0.016755160819145562,4.246386070102204,-10.555,-21.015,0.1,23.501196,0.034165505,0.42316714
0 days 00:00:01.630000,0.000825493565132453,-1.3263120000000002,0.20797200000000002,10.681128000000001,77.18228498074454,77.18228498074454,77.18228498074454,77.18228498074454,0.024085543677521748,0.0024434609527920616,0.0041887902047863905,62.0,2.39,0.0,0,0,45.0,4,0.025,23.490000000000002,-0.04,52.648949099999996,9.7460874,34.69,34.03,52.648942399999996,9.7460857,0.02181661564992912,-0.016755160819145562,4.246560603027403,-10.55,-21.005,0.01,23.486032,0.034452,0.43290606
0 days 00:00:01.640000,0.000825493565132453,-0.6749280000000001,0.13734000000000002,7.420284000000001,77.46309370988446,77.46309370988446,77.46309370988446,77.46309370988446,0.024085543677521748,-0.04415683007545654,0.008028514559173916,62.0,2.39,0.0,0,0,45.5,4,0.025,23.485,-0.015,52.648949099999996,9.7460874,34.69,34.03,52.648940499999995,9.7460842,0.022165681500327987,-0.0164060949687467,4.246560603027403,-10.55,-21.005,0.01,23.481594,0.033865567,0.39962545
0 days 00:00:01.650000,0.000825493565132453,2.4642720000000007,0.1962,10.186704,76.92153401797175,76.92153401797175,76.92153401797175,76.92153401797175,0.025132741228718346,0.0671951762017817,0.003316125578789226,62.0,2.39,0.0,0,0,46.0,4,0.02,23.515,-0.02,52.648949099999996,9.7460874,34.69,34.03,52.648938699999995,9.7460826,0.02234021442552742,-0.01710422666954443,4.246560603027403,-10.55,-21.005,0.01,23.511219,0.029425891,0.42163125
0 days 00:00:01.660000,0.000825493565132453,-2.1621240000000004,0.5768280000000001,9.684432000000001,77.19565682498931,77.19565682498931,77.19565682498931,77.19565682498931,0.010297442586766544,0.007679448708775049,0.0054105206811824215,62.0,2.39,0.0,0,0,46.5,4,0.025,23.495,-0.02,52.648949099999996,9.7460874,34.69,34.03,52.648936799999994,9.7460811,0.022514747350726852,-0.01710422666954443,4.246735135952603,-10.55,-21.005,0.01,23.491222,0.03449051,0.42117158
0 days 00:00:01.670000,0.000825493565132453,-0.6827760000000002,-0.37278,9.884556000000002,76.60060975609755,76.60060975609755,76.60060975609755,76.60060975609755,0.008552113334772213,-0.031415926535897934,0.0012217304763960308,62.0,2.39,0.0,0,0,47.0,4,0.02,23.490000000000002,-0.02,52.648949099999996,9.7460874,34.69,34.03,52.6489349,9.746079499999999,0.022514747350726852,-0.016755160819145562,4.246735135952603,-10.55,-21.005,0.01,23.486366,0.029305287,0.41300237
0 days 00:00:01.680000,0.000825493565132453,1.0830240000000002,0.8672040000000001,9.323424000000001,77.10873983739837,77.10873983739837,77.10873983739837,77.10873983739837,-0.011344640137963142,0.023736477827122886,0.0017453292519943296,62.0,2.39,0.0,0,0,47.5,4,0.015,23.51,-0.01,52.648939999999996,9.7460817,34.14,34.02,52.648933,9.746077999999999,0.022514747350726852,-0.01710422666954443,4.246735135952603,-10.565,-20.995,-0.01,23.50639,0.024273725,0.41165718
0 days 00:00:01.690000,0.000825493565132453,-1.557828,0.251136,10.367208,76.95496362858366,76.95496362858366,76.95496362858366,76.95496362858366,-0.008203047484373348,-0.0010471975511965976,0.003490658503988659,62.0,2.39,0.0,0,0,48.0,4,0.015,23.495,-0.02,52.648939999999996,9.7460817,34.14,34.02,52.6489311,9.7460765,0.022514747350726852,-0.01710422666954443,4.246735135952603,-10.565,-20.995,-0.01,23.491222,0.024493046,0.4213967
0 days 00:00:01.700000,0.000825493565132453,-0.7965720000000002,0.231516,9.158616000000002,77.24245827984595,77.24245827984595,77.24245827984595,77.24245827984595,-0.00471238898038469,-0.04468042885105484,0.005061454830783556,62.0,2.39,0.0,0,0,48.5,4,0.01,23.490000000000002,-0.01,52.648939999999996,9.7460817,34.14,34.02,52.6489292,9.7460749,0.022514747350726852,-0.016755160819145562,4.246735135952603,-10.565,-20.995,-0.01,23.486534,0.019082723,0.40323144
0 days 00:00:01.710000,0.000825493565132453,1.6127640000000003,0.031392,9.543168,77.49652332049635,77.49652332049635,77.49652332049635,77.49652332049635,-0.00645771823237902,0.01658062789394613,0.0041887902047863905,62.0,2.39,0.0,0,0,49.0,4,0.01,23.505,-0.01,52.648939999999996,9.7460817,34.14,34.02,52.6489273,9.746073299999999,0.02234021442552742,-0.016929693744344994,4.246909668877802,-10.565,-20.995,-0.01,23.501461,0.019109588,0.4075868
0 days 00:00:01.720000,0.000825493565132453,-0.9849240000000001,0.8789760000000001,9.237096000000001,77.24245827984595,77.24245827984595,77.24245827984595,77.24245827984595,0.007155849933176751,-0.0019198621771937623,0.005934119456780722,62.0,2.39,0.0,0,0,49.5,4,0.015,23.5,-0.005,52.648939999999996,9.7460817,34.14,34.02,52.648925399999996,9.7460718,0.022514747350726852,-0.016755160819145562,4.246909668877802,-10.565,-20.995,-0.01,23.496618,0.02397268,0.39828837
0 days 00:00:01.730000,0.0007075659129706742,-0.17265600000000003,-0.011772000000000001,8.467992,77.46309370988446,77.46309370988446,77.46309370988446,77.46309370988446,0.019198621771937627,-0.011868238913561443,0.005235987755982988,62.0,2.39,0.0,0,0,50.0,4,0.015,23.495,0.01,52.6489306,9.746074,34.160000000000004,34.01,52.648923499999995,9.7460703,0.022689280275926284,-0.016755160819145562,4.246909668877802,-10.545,-20.995,0.01,23.49187,0.02370003,0.38320643
0 days 00:00:01.740000,0.0007665297390515637,0.788724,0.019620000000000002,10.610496000000001,77.01513692768506,77.01513692768506,77.01513692768506,77.01513692768506,0.03159045946109736,0.040491638646268445,0.0006981317007977319,62.0,2.39,0.0,0,0,50.0,4,0.01,23.505,0.005,52.6489306,9.746074,34.160000000000004,34.01,52.648921599999994,9.7460687,0.02303834612632515,-0.01710422666954443,4.246909668877802,-10.545,-20.995,0.01,23.501646,0.019143127,0.39668024
0 days 00:00:01.750000,0.000825493565132453,-1.6009920000000002,0.16480800000000004,10.673280000000002,76.99507916131792,76.99507916131792,76.99507916131792,76.99507916131792,0.04014257279586959,-0.01117010721276371,0.0013962634015954637,62.0,2.39,0.0,0,0,50.0,4,0.01,23.490000000000002,-0.005,52.6489306,9.746074,34.160000000000004,34.01,52.648919799999994,9.746067199999999,0.023387411976724018,-0.016929693744344994,4.246909668877802,-10.545,-20.995,0.01,23.48655,0.019413551,0.40231484
0 days 00:00:01.760000,0.000825493565132453,0.015696,0.278604,9.138996,76.92153401797175,76.92153401797175,76.92153401797175,76.92153401797175,0.032114058236695664,-0.015009831567151233,0.0010471975511965976,62.0,2.39,0.0,0,0,50.0,4,0.01,23.495,-0.0,52.6489306,9.746074,34.160000000000004,34.01,52.6489179,9.7460656,0.023736477827122883,-0.016755160819145562,4.246909668877802,-10.545,-20.995,0.01,23.491703,0.019340029,0.39329582
0 days 00:00:01.770000,0.000825493565132453,0.60822,0.8397360000000001,10.806696000000002,76.99507916131792,76.99507916131792,76.99507916131792,76.99507916131792,0.02530727415391778,0.03368485456349056,-0.0012217304763960308,62.0,2.39,0.0,0,0,50.0,4,0.015,23.5,-0.01,52.6489306,9.746074,34.160000000000004,34.01,52.648916,9.7460641,0.023911010752322315,-0.01710422666954443,4.246909668877802,-10.545,-20.995,0.01,23.496391,0.024844393,0.41145185
0 days 00:00:01.780000,0.000825493565132453,-1.6677000000000002,-0.502272,10.398600000000002,77.01513692768506,77.01513692768506,77.01513692768506,77.01513692768506,0.006981317007977318,-0.014486232791552938,0.0010471975511965976,62.0,2.39,0.0,0,0,50.0,4,0.015,23.48,-0.015,52.648921099999995,9.7460662,34.160000000000004,34.0,52.6489141,9.7460626,0.023911010752322315,-0.016929693744344994,4.246909668877802,-10.545,-20.990000000000002,0.01,23.476381,0.024857778,0.4120115
0 days 00:00:01.790000,0.000825493565132453,-0.0981,0.9692280000000001,8.405208,77.1622272143774,77.1622272143774,77.1622272143774,77.1622272143774,-0.026878070480712675,-0.035953782591083186,0.0008726646259971648,62.0,2.39,0.0,0,0,50.0,4,0.02,23.48,-0.005,52.648921099999995,9.7460662,34.160000000000004,34.0,52.6489122,9.746061,0.023736477827122883,-0.016580627893946133,4.246909668877802,-10.545,-20.990000000000002,0.01,23.47669,0.02935265,0.39370888
0 days 00:00:01.800000,0.0007075659129706742,0.8868240000000002,0.12164400000000002,9.429372,77.19565682498931,77.19565682498931,77.19565682498931,77.19565682498931,-0.04223696789826277,0.02181661564992912,0.0,62.0,2.39,0.0,0,0,50.0,4,0.02,23.490000000000002,-0.0,52.648921099999995,9.7460662,34.160000000000004,34.0,52.6489103,9.7460595,0.023212879051524585,-0.016755160819145562,4.246909668877802,-10.545,-20.990000000000002,0.01,23.486702,0.029129459,0.39299002
0 days 00:00:01.810000,0.0007075659129706742,-1.60884,1.4361840000000001,9.641268,77.34943303380402,77.34943303380402,77.34943303380402,77.34943303380402,-0.031415926535897934,-0.016057029118347832,0.002617993877991494,62.0,2.39,0.0,0,0,50.0,4,0.03,23.475,-0.0,52.648921099999995,9.7460662,34.160000000000004,34.0,52.648908399999996,9.7460579,0.02303834612632515,-0.016580627893946133,4.246909668877802,-10.545,-20.990000000000002,0.01,23.471773,0.038958058,0.38841805
0 days 00:00:01.820000,0.0007075659129706742,0.6435360000000001,-0.10594800000000001,8.86824,77.14216944801026,77.14216944801026,77.14216944801026,77.14216944801026,-0.020594885173533087,-0.013439035240356337,0.005585053606381855,62.0,2.39,0.0,0,0,50.0,4,0.025,23.485,0.01,52.648921099999995,9.7460662,34.160000000000004,34.0,52.648906499999995,9.7460563,0.022689280275926284,-0.016580627893946133,4.247084201803002,-10.545,-20.990000000000002,0.01,23.48194,0.03360068,0.37871474
0 days 00:00:01.830000,0.0007075659129706742,1.3223880000000001,0.11379600000000001,10.127844,77.24245827984595,77.24245827984595,77.24245827984595,77.24245827984595,-0.004014257279586958,0.045553093477052,0.003316125578789226,62.0,2.39,0.0,0,0,50.0,4,0.015,23.505,0.01,52.6489118,9.746058399999999,34.18,33.99,52.648904599999995,9.7460548,0.022863813201125717,-0.016929693744344994,4.247084201803002,-10.53,-20.985,-0.0,23.5018,0.023864519,0.38747054
0 days 00:00:01.840000,0.000825493565132453,-2.3269320000000002,-0.074556,9.974808000000001,77.08199614890886,77.08199614890886,77.08199614890886,77.08199614890886,0.010471975511965976,-0.006283185307179587,0.0006981317007977319,62.0,2.39,0.0,0,0,50.0,4,0.01,23.48,0.01,52.6489118,9.746058399999999,34.18,33.99,52.648902799999995,9.7460533,0.022863813201125717,-0.016929693744344994,4.247084201803002,-10.53,-20.985,-0.0,23.476805,0.018856151,0.38716176
0 days 00:00:01.850000,0.0007075659129706742,-0.6513840000000001,0.149112,9.323424000000001,76.95496362858366,76.95496362858366,76.95496362858366,76.95496362858366,0.006108652381980153,-0.031939525311496235,0.0013962634015954637,62.0,2.39,0.0,0,0,50.0,4,0.01,23.475,0.015,52.6489118,9.746058399999999,34.18,33.99,52.6489009,9.746051699999999,0.02303834612632515,-0.016580627893946133,4.247084201803002,-10.53,-20.985,-0.0,23.472021,0.018617867,0.3738848
0 days 00:00:01.860000,0.0007075659129706742,1.4871960000000002,0.278604,11.042136000000003,76.9415917843389,76.9415917843389,76.9415917843389,76.9415917843389,-0.004886921905584123,0.04293509959906051,-0.0005235987755982988,62.0,2.39,0.0,0,0,50.0,4,0.01,23.495,-0.0,52.6489118,9.746058399999999,34.18,33.99,52.648899,9.746050199999999,0.02303834612632515,-0.01710422666954443,4.247084201803002,-10.53,-20.985,-0.0,23.491564,0.019254353,0.4015072
0 days 00:00:01.870000,0.0007075659129706742,-1.738332,-0.047088000000000005,9.162540000000002,76.92153401797175,76.92153401797175,76.92153401797175,76.92153401797175,-0.017278759594743863,-0.015184364492350668,0.0008726646259971648,62.0,2.39,0.0,0,0,50.0,4,0.01,23.48,0.005,52.6489118,9.746058399999999,34.18,33.99,52.6488971,9.7460486,0.022863813201125717,-0.016929693744344994,4.247084201803002,-10.53,-20.985,-0.0,23.476719,0.018970445,0.39215976
0 days 00:00:01.880000,0.0007075659129706742,0.21582000000000004,0.9142920000000001,8.393436000000001,77.19565682498931,77.19565682498931,77.19565682498931,77.19565682498931,-0.02530727415391778,-0.02949606435870417,0.003490658503988659,62.0,2.39,0.0,0,0,50.0,4,0.015,23.485,0.02,52.648902899999996,9.7460512,33.97,33.980000000000004,52.6488952,9.7460471,0.022514747350726852,-0.016580627893946133,4.247084201803002,-10.51,-21.01,-0.0,23.482105,0.023312014,0.36894968
0 days 00:00:01.890000,0.0007075659129706742,1.6794720000000003,0.16480800000000004,12.388068000000002,77.24245827984595,77.24245827984595,77.24245827984595,77.24245827984595,-0.02617993877991494,0.07504915783575616,0.0,62.0,2.39,0.0,0,0,50.0,4,0.015,23.505,-0.005,52.648902899999996,9.7460512,33.97,33.980000000000004,52.6488933,9.7460456,0.02234021442552742,-0.017453292519943295,4.247084201803002,-10.51,-21.01,-0.0,23.501331,0.024271544,0.41477937
0 days 00:00:01.900000,0.0007075659129706742,-3.480588,0.1962,10.335816000000001,77.61018399657681,77.61018399657681,77.61018399657681,77.61018399657681,-0.04590215932745086,-0.03316125578789226,0.0008726646259971648,62.0,2.39,0.0,0,0,50.0,4,0.015,23.47,-0.01,52.648902899999996,9.7460512,33.97,33.980000000000004,52.6488914,9.746044,0.02181661564992912,-0.01710422666954443,4.247084201803002,-10.51,-21.01,-0.0,23.466394,0.023971405,0.41099
0 days 00:00:01.910000,0.0007075659129706742,0.38847600000000004,0.517968,9.409752000000001,77.21571459135643,77.21571459135643,77.21571459135643,77.21571459135643,-0.04537856055185257,-0.05637413483941684,-0.0015707963267948967,62.0,2.39,0.0,0,0,50.0,4,0.015,23.475,-0.005,52.648902899999996,9.7460512,33.97,33.980000000000004,52.648889499999996,9.7460425,0.02129301687433082,-0.016580627893946133,4.247084201803002,-10.51,-21.01,-0.0,23.471691,0.023389922,0.393803
0 days 00:00:01.920000,0.0007075659129706742,2.271996,0.5415120000000001,10.190628,77.14885537013264,77.14885537013264,77.14885537013264,77.14885537013264,-0.039095375244672985,0.044331363000655974,-0.0031415926535897933,62.0,2.39,0.0,0,0,50.0,4,0.02,23.5,-0.01,52.648902899999996,9.7460512,33.97,33.980000000000004,52.648887699999996,9.746040899999999,0.020943951023931952,-0.016929693744344994,4.247084201803002,-10.51,-21.01,-0.0,23.496464,0.028536506,0.40731907
0 days 00:00:01.930000,0.0007075659129706742,-2.3897160000000004,0.04316400000000001,8.491536,76.86136071887034,76.86136071887034,76.86136071887034,76.86136071887034,-0.028797932657906436,-0.026354471705114374,-0.0019198621771937623,62.0,2.39,0.0,0,0,50.0,4,0.02,23.475,0.005,52.6488934,9.7460433,33.97,33.96,52.648885799999995,9.746039399999999,0.02076941809873252,-0.016580627893946133,4.247084201803002,-10.515,-21.025000000000002,-0.025,23.471855,0.027974993,0.38371485
0 days 00:00:01.940000,0.0007075659129706742,0.33354000000000006,0.7337880000000001,9.766836000000001,76.78781557552418,76.78781557552418,76.78781557552418,76.78781557552418,-0.017627825445142728,-0.008726646259971648,0.0010471975511965976,62.0,2.39,0.0,0,0,50.476190476190474,4,0.025,23.48,0.005,52.6488934,9.7460433,33.97,33.96,52.648883899999994,9.7460379,0.020594885173533087,-0.016580627893946133,4.247084201803002,-10.515,-21.025000000000002,-0.025,23.476854,0.03290867,0.38369963
0 days 00:00:01.950000,0.0007075659129706742,1.0830240000000002,0.054936000000000006,11.917188000000001,76.80787334189132,76.80787334189132,76.80787334189132,76.80787334189132,-0.02600540585471551,0.05742133239061344,-0.00017453292519943296,62.0,2.39,0.0,1,0,50.95238095238095,4,0.02,23.490000000000002,-0.015,52.6488934,9.7460433,33.97,33.96,52.648882,9.7460363,0.020245819323134222,-0.01710422666954443,4.247084201803002,-10.515,-21.025000000000002,-0.025,23.486307,0.0284329,0.4162662
0 days 00:00:01.960000,0.0007075659129706742,-2.684016,1.1732760000000002,9.758988,77.48315147625159,77.48315147625159,77.48315147625159,77.48315147625159,-0.04258603374866164,-0.028797932657906436,0.003316125578789226,62.0,2.39,0.0,1,0,51.42857142857143,4,0.03,23.465,-0.015,52.6488934,9.7460433,33.97,33.96,52.6488801,9.7460348,0.019896753472735357,-0.016755160819145562,4.247084201803002,-10.515,-21.025000000000002,-0.025,23.461454,0.03811417,0.40746164
0 days 00:00:01.970000,0.0007075659129706742,0.694548,-0.3296160000000001,9.821772000000001,77.35611895592639,77.35611895592639,77.35611895592639,77.35611895592639,-0.05026548245743669,-0.030368728984701335,0.0015707963267948967,62.0,2.39,0.0,1,0,51.904761904761905,4,0.025,23.475,-0.015,52.6488934,9.7460433,33.97,33.97,52.6488782,9.7460332,0.01937315469713706,-0.016580627893946133,4.247084201803002,-10.515,-21.025000000000002,-0.025,23.471525,0.03282565,0.40365022
0 days 00:00:01.980000,0.0007075659129706742,1.094796,0.38847600000000004,10.418220000000002,77.35611895592639,77.35611895592639,77.35611895592639,77.35611895592639,-0.05288347633542819,0.009773843811168246,0.00034906585039886593,62.0,2.39,0.0,1,0,52.38095238095238,4,0.02,23.495,-0.02,52.648883999999995,9.746035599999999,33.97,33.95,52.6488763,9.7460317,0.01884955592153876,-0.016755160819145562,4.247084201803002,-10.47,-21.01,0.005,23.491367,0.02779294,0.4131908
0 days 00:00:01.990000,0.0007075659129706742,-1.7147880000000002,0.60822,9.033048,76.92153401797175,76.92153401797175,76.92153401797175,76.92153401797175,-0.049043751981040655,-0.03228859116189509,0.0036651914291880917,62.0,2.39,0.0,1,0,52.857142857142854,4,0.025,23.48,-0.01,52.648883999999995,9.746035599999999,33.97,33.95,52.6488744,9.7460302,0.01832595714594046,-0.0164060949687467,4.2472587347282005,-10.47,-21.01,0.005,23.476675,0.03223775,0.394672
0 days 00:00:02,0.0007075659129706742,0.357084,0.5140440000000001,9.974808000000001,76.99507916131792,76.99507916131792,76.99507916131792,76.99507916131792,-0.041887902047863905,-0.007330382858376183,0.0022689280275926286,62.0,2.39,0.0,1,0,53.333333333333336,4,0.025,23.485,-0.015,52.648883999999995,9.746035599999999,33.97,33.95,52.6488726,9.746028599999999,0.017976891295541596,-0.016231562043547264,4.2472587347282005,-10.47,-21.01,0.005,23.481663,0.032117654,0.39566612
0 days 00:00:02.010000,0.0007075659129706742,-0.16480800000000004,-0.3924,11.093148000000001,76.82793110825845,76.82793110825845,76.82793110825845,76.82793110825845,-0.0317649923862968,0.021467549799530253,-0.0006981317007977319,62.0,2.39,0.0,1,0,53.80952380952381,4,0.02,23.485,-0.025,52.648883999999995,9.746035599999999,33.97,33.95,52.648870699999996,9.7460271,0.017627825445142728,-0.016580627893946133,4.2472587347282005,-10.47,-21.01,0.005,23.48136,0.027301041,0.41395786
0 days 00:00:02.020000,0.0007075659129706742,-1.4204880000000002,0.04316400000000001,10.112148,77.10873983739837,77.10873983739837,77.10873983739837,77.10873983739837,-0.02199114857512855,-0.03577924966588375,0.0012217304763960308,62.0,2.39,0.0,1,0,54.285714285714285,4,0.02,23.47,-0.03,52.648883999999995,9.746035599999999,33.97,33.95,52.648868799999995,9.7460255,0.017453292519943295,-0.016231562043547264,4.2472587347282005,-10.47,-21.01,0.005,23.466421,0.027168743,0.41052246
0 days 00:00:02.030000,0.0007075659129706742,1.208592,-0.003924,10.791000000000002,77.28925973470261,77.28925973470261,77.28925973470261,77.28925973470261,-0.014311699866353502,0.0005235987755982988,-0.00017453292519943296,62.0,2.39,0.0,1,0,54.76190476190476,4,0.025,23.490000000000002,-0.04,52.6488747,9.7460279,33.97,33.94,52.648866899999994,9.746024,0.017278759594743863,-0.016231562043547264,4.2472587347282005,-10.465,-21.03,0.04,23.486258,0.032274712,0.42076254
0 days 00:00:02.040000,0.0007075659129706742,-0.38847600000000004,0.015696,10.810620000000002,77.40960633290543,77.40960633290543,77.40960633290543,77.40960633290543,-0.015009831567151233,0.012391837689159739,-0.0012217304763960308,62.0,2.39,0.0,1,0,55.23809523809524,4,0.025,23.490000000000002,-0.05,52.6488747,9.7460279,33.97,33.94,52.648865,9.746022499999999,0.01710422666954443,-0.0164060949687467,4.2472587347282005,-10.465,-21.03,0.04,23.486017,0.032442395,0.4348639
0 days 00:00:02.050000,0.0007075659129706742,-1.58922,0.6631560000000001,8.844696,77.24245827984595,77.24245827984595,77.24245827984595,77.24245827984595,-0.01884955592153876,-0.04921828490624009,0.0010471975511965976,62.0,2.39,0.0,1,0,55.714285714285715,4,0.03,23.475,-0.04,52.6488747,9.7460279,33.97,33.94,52.6488631,9.7460209,0.016929693744344994,-0.0158824961931484,4.2472587347282005,-10.465,-21.03,0.04,23.471405,0.0369843,0.4122539
0 days 00:00:02.060000,0.0007075659129706742,1.7814960000000002,0.6631560000000001,9.664812000000001,76.92153401797175,76.92153401797175,76.92153401797175,76.92153401797175,-0.02600540585471551,0.0013962634015954637,0.0038397243543875246,62.0,2.39,0.0,1,0,56.19047619047619,4,0.03,23.495,-0.035,52.6488747,9.7460279,33.97,33.95,52.6488612,9.7460194,0.016580627893946133,-0.0158824961931484,4.2472587347282005,-10.465,-21.03,0.04,23.491482,0.036762767,0.40758568
0 days 00:00:02.070000,0.0007075659129706742,0.054936000000000006,0.22759200000000002,10.449612000000002,76.72764227642276,76.72764227642276,76.72764227642276,76.72764227642276,-0.032637657012293965,0.0317649923862968,0.005585053606381855,62.0,2.39,0.0,1,0,56.666666666666664,4,0.03,23.495,-0.045,52.6488747,9.7460279,33.97,33.95,52.6488593,9.746017799999999,0.016231562043547264,-0.016231562043547264,4.2472587347282005,-10.465,-21.03,0.04,23.491175,0.036915872,0.4257948
0 days 00:00:02.080000,0.0007075659129706742,-1.8678240000000002,0.231516,9.637344,77.12211168164313,77.12211168164313,77.12211168164313,77.12211168164313,-0.019896753472735357,-0.03089232776029963,0.006108652381980153,62.0,2.39,0.0,1,0,57.142857142857146,4,0.04,23.47,-0.045,52.648865199999996,9.7460202,34.04,33.94,52.6488575,9.746016299999999,0.016057029118347832,-0.015707963267948967,4.2472587347282005,-10.445,-21.02,0.09,23.466396,0.04663647,0.41294965
0 days 00:00:02.090000,0.0007075659129706742,0.149112,0.596448,9.064440000000001,76.9415917843389,76.9415917843389,76.9415917843389,76.9415917843389,-0.0017453292519943296,-0.013439035240356337,0.005585053606381855,62.0,2.39,0.0,1,0,57.61904761904762,4,0.045,23.47,-0.04,52.648865199999996,9.7460202,34.04,33.94,52.6488556,9.7460148,0.016057029118347832,-0.015707963267948967,4.247433267653401,-10.445,-21.02,0.09,23.466476,0.051555555,0.40787062
0 days 00:00:02.100000,0.0007075659129706742,0.631764,-0.17265600000000003,10.096452000000001,77.12211168164313,77.12211168164313,77.12211168164313,77.12211168164313,-0.0017453292519943296,0.03612831551628262,0.004537856055185257,62.0,2.39,0.0,1,0,58.095238095238095,4,0.04,23.48,-0.04,52.648865199999996,9.7460202,34.04,33.94,52.6488537,9.7460132,0.016057029118347832,-0.016057029118347832,4.247433267653401,-10.445,-21.02,0.09,23.47633,0.046690296,0.4163017
0 days 00:00:02.110000,0.0007075659129706742,-1.3694760000000001,-0.21974400000000002,10.37898,76.92153401797175,76.92153401797175,76.92153401797175,76.92153401797175,-0.005585053606381855,-0.004363323129985824,0.0036651914291880917,62.0,2.39,0.0,1,0,58.57142857142857,4,0.035,23.47,-0.045,52.648865199999996,9.7460202,34.04,33.94,52.648851799999996,9.7460117,0.0158824961931484,-0.0158824961931484,4.247433267653401,-10.445,-21.02,0.09,23.466324,0.041630074,0.41713232
0 days 00:00:02.120000,0.0007075659129706742,-0.8397360000000001,0.8201160000000001,9.574560000000002,77.24245827984595,77.24245827984595,77.24245827984595,77.24245827984595,-0.0019198621771937623,-0.04450589592585541,0.009075712110370514,62.0,2.39,0.0,1,0,59.04761904761905,4,0.04,23.46,-0.045,52.648865199999996,9.7460202,34.04,33.94,52.648849899999995,9.7460101,0.0158824961931484,-0.015533430342749533,4.247607800578599,-10.445,-21.02,0.09,23.45647,0.046496883,0.40870726
0 days 00:00:02.130000,0.0007075659129706742,1.7618760000000002,0.007848,11.081376000000002,77.10873983739837,77.10873983739837,77.10873983739837,77.10873983739837,0.010995574287564275,0.023212879051524585,0.007853981633974483,62.0,2.39,0.0,1,0,59.523809523809526,4,0.04,23.485,-0.055,52.6488558,9.746012499999999,34.04,33.93,52.648848,9.7460086,0.016057029118347832,-0.0158824961931484,4.247607800578599,-10.47,-20.990000000000002,0.08,23.481165,0.0468666,0.42728043
0 days 00:00:02.140000,0.0007075659129706742,-0.8161920000000001,-0.4198680000000001,9.362664,77.35611895592639,77.35611895592639,77.35611895592639,77.35611895592639,0.01361356816555577,0.008726646259971648,0.009250245035569947,62.0,2.39,0.0,1,0,60.0,4,0.03,23.48,-0.055,52.6488558,9.746012499999999,34.04,33.93,52.6488461,9.7460071,0.016057029118347832,-0.0158824961931484,4.2477823335038,-10.47,-20.990000000000002,0.08,23.476164,0.036866613,0.42736155
0 days 00:00:02.150000,0.000825493565132453,-0.6199920000000001,-0.6749280000000001,9.248868000000002,77.08199614890886,77.08199614890886,77.08199614890886,77.08199614890886,0.01658062789394613,-0.004537856055185257,0.006283185307179587,62.0,2.39,0.0,1,0,60.0,4,0.02,23.475,-0.045,52.6488558,9.746012499999999,34.04,33.93,52.6488442,9.746005499999999,0.016231562043547264,-0.0158824961931484,4.2477823335038,-10.47,-20.990000000000002,0.08,23.471325,0.026778944,0.41744062
0 days 00:00:02.160000,0.0007075659129706742,0.133416,1.2988440000000003,9.138996,76.97502139495079,76.97502139495079,76.97502139495079,76.97502139495079,0.010122909661567111,0.0038397243543875246,0.00645771823237902,62.0,2.39,0.0,1,0,60.0,4,0.03,23.475,-0.04,52.6488558,9.746012499999999,34.04,33.93,52.6488424,9.746004,0.0164060949687467,-0.0158824961931484,4.247956866428999,-10.47,-20.990000000000002,0.08,23.471405,0.036768436,0.41227314
0 days 00:00:02.170000,0.0007075659129706742,0.10594800000000001,0.023544000000000002,9.362664,76.50032092426187,76.50032092426187,76.50032092426187,76.50032092426187,0.020245819323134222,0.01832595714594046,0.00471238898038469,62.0,2.39,0.0,1,0,60.0,4,0.03,23.48,-0.035,52.6488558,9.746012499999999,34.04,33.93,52.6488405,9.7460024,0.016580627893946133,-0.016057029118347832,4.247956866428999,-10.47,-20.990000000000002,0.08,23.47641,0.036826756,0.4114443
0 days 00:00:02.180000,0.0005896382608088951,-0.180504,-0.03531600000000001,9.715824000000001,76.86136071887034,76.86136071887034,76.86136071887034,76.86136071887034,0.028972465583105875,0.026529004630313806,0.00471238898038469,62.0,2.39,0.0,1,0,60.0,4,0.03,23.47,-0.04,52.6488464,9.7460047,34.05,33.92,52.6488386,9.7460009,0.016929693744344994,-0.016231562043547264,4.247956866428999,-10.495000000000001,-20.97,0.09,23.466259,0.037121624,0.42036456
0 days 00:00:02.190000,0.0007075659129706742,-1.102644,-0.031392,10.398600000000002,76.82793110825845,76.82793110825845,76.82793110825845,76.82793110825845,0.04485496177625426,0.006283185307179587,0.0041887902047863905,62.0,2.39,0.0,1,0,60.0,4,0.025,23.46,-0.045,52.6488464,9.7460047,34.05,33.92,52.6488367,9.745999399999999,0.017278759594743863,-0.016231562043547264,4.247956866428999,-10.495000000000001,-20.97,0.09,23.456179,0.03235268,0.42527425
0 days 00:00:02.200000,0.0007075659129706742,-0.5611320000000001,0.8672040000000001,8.617104000000001,77.35611895592639,77.35611895592639,77.35611895592639,77.35611895592639,0.05235987755982988,-0.02076941809873252,0.008552113334772213,62.0,2.39,0.0,1,0,60.0,4,0.03,23.455000000000002,-0.03,52.6488464,9.7460047,34.05,33.92,52.648834799999996,9.7459978,0.01780235837034216,-0.016057029118347832,4.2481313993541985,-10.495000000000001,-20.97,0.09,23.451494,0.03723326,0.40599915
0 days 00:00:02.210000,0.0005896382608088951,1.5852960000000003,-0.17658000000000004,9.37836,77.18228498074454,77.18228498074454,77.18228498074454,77.18228498074454,0.05305800926062761,0.03717551306747922,0.0054105206811824215,62.0,2.39,0.0,1,0,60.0,4,0.025,23.475,-0.03,52.6488464,9.7460047,34.05,33.92,52.648832899999995,9.7459963,0.01832595714594046,-0.0164060949687467,4.2481313993541985,-10.495000000000001,-20.97,0.09,23.47135,0.032602698,0.41458392
0 days 00:00:02.220000,0.0005896382608088951,-0.655308,-0.023544000000000002,9.527472000000001,77.14216944801026,77.14216944801026,77.14216944801026,77.14216944801026,0.04136430327226561,0.024609142453120045,0.005759586531581288,62.0,2.39,0.0,1,0,60.0,4,0.025,23.47,-0.025,52.6488464,9.7460047,34.05,33.92,52.648830999999994,9.745994699999999,0.01884955592153876,-0.016755160819145562,4.2481313993541985,-10.495000000000001,-20.97,0.09,23.466286,0.032878388,0.41767618
0 days 00:00:02.230000,0.0005896382608088951,-1.2007440000000003,0.612144,8.660268,76.89479032948223,76.89479032948223,76.89479032948223,76.89479032948223,0.033859387488689996,-0.009075712110370514,0.008377580409572781,62.0,2.39,0.0,1,0,60.0,4,0.025,23.46,-0.015,52.6488369,9.7459969,34.04,33.910000000000004,52.648829199999994,9.7459932,0.019198621771937627,-0.016580627893946133,4.248305932279397,-10.535,-21.015,-0.015,23.456526,0.03275042,0.40340728
0 days 00:00:02.240000,0.0005896382608088951,0.7416360000000001,0.60822,9.594180000000001,76.76107188703466,76.76107188703466,76.76107188703466,76.76107188703466,0.03892084231947355,0.03752457891787808,0.006632251157578452,62.0,2.39,0.0,2,0,60.0,4,0.03,23.47,-0.01,52.6488369,9.7459969,34.04,33.910000000000004,52.6488273,9.7459917,0.019547687622336492,-0.016929693744344994,4.248305932279397,-10.535,-21.015,-0.015,23.466467,0.037955914,0.40665528
0 days 00:00:02.250000,0.0005896382608088951,-0.7298640000000001,-0.153036,9.358740000000001,76.76775780915703,76.76775780915703,76.76775780915703,76.76775780915703,0.060388392119003806,0.01815142422074103,0.008377580409572781,62.0,2.39,0.0,2,0,60.0,4,0.025,23.465,-0.005,52.6488369,9.7459969,34.04,33.910000000000004,52.6488254,9.7459901,0.020071286397934793,-0.017278759594743863,4.248480465204597,-10.535,-21.015,-0.015,23.461412,0.03323217,0.40984073
0 days 00:00:02.260000,0.0005896382608088951,0.40809600000000007,-0.22759200000000002,8.668116000000001,76.8413029525032,76.8413029525032,76.8413029525032,76.8413029525032,0.06457718232379019,0.019198621771937627,0.007504915783575617,62.0,2.39,0.0,2,0,60.0,4,0.015,23.47,0.005,52.6488369,9.7459969,34.04,33.910000000000004,52.6488235,9.7459886,0.02076941809873252,-0.017453292519943295,4.248480465204597,-10.535,-21.015,-0.015,23.466513,0.023399647,0.40420994
0 days 00:00:02.270000,0.0005896382608088951,-0.003924,0.298224,10.041516000000001,77.14885537013264,77.14885537013264,77.14885537013264,77.14885537013264,0.06754424205218056,0.05550147021341968,0.005759586531581288,62.0,2.39,0.0,2,0,60.0,4,0.015,23.47,0.005,52.6488369,9.7459969,34.04,33.910000000000004,52.6488216,9.745987,0.021467549799530253,-0.017976891295541596,4.248654998129796,-10.535,-21.015,-0.015,23.466297,0.023945585,0.41647765
0 days 00:00:02.280000,0.0005896382608088951,-1.816812,-0.47872800000000004,8.577864000000002,76.86136071887034,76.86136071887034,76.86136071887034,76.86136071887034,0.07522369076095561,-0.007330382858376183,0.007155849933176751,62.0,2.39,0.0,2,0,60.0,4,0.005,23.45,0.015,52.6488279,9.7459892,33.88,33.9,52.6488197,9.7459856,0.02234021442552742,-0.01780235837034216,4.248654998129796,-10.575000000000001,-20.990000000000002,-0.025,23.446552,0.013988725,0.40223348
0 days 00:00:02.290000,0.0005896382608088951,1.1458080000000002,0.5650560000000001,8.978112000000001,77.32937526743689,77.32937526743689,77.32937526743689,77.32937526743689,0.06876597252857658,0.035953782591083186,0.007853981633974483,62.0,2.39,0.0,2,0,60.0,4,0.01,23.465,0.02,52.6488279,9.7459892,33.88,33.9,52.648817799999996,9.745984,0.02303834612632515,-0.01815142422074103,4.248654998129796,-10.575000000000001,-20.990000000000002,-0.025,23.461496,0.019347854,0.405565
0 days 00:00:02.300000,0.0004717106086471161,0.074556,0.08632800000000002,10.630116000000001,76.82793110825845,76.82793110825845,76.82793110825845,76.82793110825845,0.06736970912698112,0.051487212933832724,0.008203047484373348,62.0,2.39,0.0,2,0,60.0,4,0.005,23.465,0.015,52.6488279,9.7459892,33.88,33.9,52.648816,9.7459825,0.02356194490192345,-0.018675022996339326,4.248829531054996,-10.575000000000001,-20.990000000000002,-0.025,23.46119,0.014968789,0.42295128
0 days 00:00:02.310000,0.0003537829564853371,-1.2399840000000002,-0.223668,9.205704,77.14216944801026,77.14216944801026,77.14216944801026,77.14216944801026,0.06457718232379019,0.0,0.008028514559173916,62.0,2.39,0.0,2,0,60.0,4,0.0,23.455000000000002,0.02,52.6488279,9.7459892,33.88,33.9,52.648814099999996,9.7459809,0.024260076602721184,-0.018675022996339326,4.248829531054996,-10.575000000000001,-20.990000000000002,-0.025,23.451284,0.010139734,0.4178777
0 days 00:00:02.320000,0.0004717106086471161,0.48657600000000006,-0.251136,8.338500000000002,76.89479032948223,76.89479032948223,76.89479032948223,76.89479032948223,0.07260569688296412,0.012566370614359173,0.005235987755982988,62.0,2.39,0.0,2,0,60.0,4,-0.01,23.46,0.035,52.6488279,9.7459892,33.88,33.9,52.648812199999995,9.7459794,0.02495820830351891,-0.01884955592153876,4.249004063980196,-10.575000000000001,-20.990000000000002,-0.025,23.456491,0.00016480726,0.40731335
0 days 00:00:02.330000,0.0003537829564853371,0.5140440000000001,1.05948,8.483688,76.8413029525032,76.8413029525032,76.8413029525032,76.8413029525032,0.07225663103256524,0.04136430327226561,0.006806784082777885,62.0,2.39,0.0,2,0,60.0,4,-0.005,23.475,0.045,52.6488185,9.7459814,33.88,33.89,52.6488103,9.7459779,0.025830872929516076,-0.01937315469713706,4.249004063980196,-10.595,-20.985,-0.035,23.471468,0.0055850726,0.40975717
0 days 00:00:02.340000,0.0003537829564853371,-0.482652,0.07063200000000001,10.598724,76.70758451005563,76.70758451005563,76.70758451005563,76.70758451005563,0.05951572749300663,0.05585053606381855,0.006632251157578452,62.0,2.39,0.0,2,0,60.0,4,-0.01,23.47,0.04,52.6488185,9.7459814,33.88,33.89,52.6488084,9.745976299999999,0.026354471705114377,-0.019896753472735357,4.249004063980196,-10.595,-20.985,-0.035,23.466148,0.0012543135,0.42706913
0 days 00:00:02.350000,0.0003537829564853371,-1.90314,0.011772000000000001,10.551636000000002,76.89479032948223,76.89479032948223,76.89479032948223,76.89479032948223,0.044331363000655974,0.004886921905584123,0.0031415926535897933,62.0,2.39,0.0,2,0,60.0,4,-0.015,23.455000000000002,0.03,52.6488185,9.7459814,33.88,33.89,52.6488065,9.745974799999999,0.026878070480712675,-0.019896753472735357,4.249178596905395,-10.595,-20.985,-0.035,23.450954,-0.003259591,0.43689892
0 days 00:00:02.360000,0.0003537829564853371,-0.631764,0.32569200000000004,8.577864000000002,77.12211168164313,77.12211168164313,77.12211168164313,77.12211168164313,0.030019663134302467,-0.03159045946109736,0.0022689280275926286,62.0,2.39,0.0,2,0,60.0,4,-0.015,23.45,0.045,52.6488185,9.7459814,33.88,33.89,52.6488046,9.7459732,0.027227136331111543,-0.019547687622336492,4.249178596905395,-10.595,-20.985,-0.035,23.4464,-0.0037408744,0.41362786
0 days 00:00:02.370000,0.00011792765216177902,1.6637760000000001,0.60822,8.899632,77.21571459135643,77.21571459135643,77.21571459135643,77.21571459135643,0.01117010721276371,0.019722220547535925,0.0041887902047863905,62.0,2.39,0.0,2,0,60.0,4,-0.01,23.47,0.055,52.6488185,9.7459814,33.88,33.89,52.6488028,9.7459717,0.027227136331111543,-0.019722220547535925,4.249178596905395,-10.595,-20.985,-0.035,23.46652,0.0011072275,0.40798232
0 days 00:00:02.380000,0.00011792765216177902,0.007848,0.7730280000000002,8.59356,76.63403936670946,76.63403936670946,76.63403936670946,76.63403936670946,0.004014257279586958,0.014486232791552938,0.007853981633974483,62.0,2.39,0.0,2,0,60.0,4,-0.03,23.48,0.07,52.6488091,9.7459736,33.88,33.87,52.6488009,9.7459702,0.02757620218151041,-0.020071286397934793,4.2493531298305935,-10.595,-20.975,-0.135,23.476677,-0.01892487,0.4019309
0 days 00:00:02.390000,0.0,-0.25506,1.2556800000000001,8.287488,77.19565682498931,77.19565682498931,77.19565682498931,77.19565682498931,-0.0024434609527920616,0.015009831567151233,0.013264502315156903,62.0,2.39,0.0,2,0,60.0,4,-0.02,23.475,0.085,52.6488091,9.7459736,33.88,33.87,52.648799,9.7459686,0.02757620218151041,-0.020245819323134222,4.2493531298305935,-10.595,-20.975,-0.135,23.47191,-0.009231994,0.39065862
0 days 00:00:02.400000,0.0,0.180504,-0.7730280000000002,10.916568,76.60060975609755,76.60060975609755,76.60060975609755,76.60060975609755,-0.0041887902047863905,0.060388392119003806,0.007330382858376183,62.0,2.39,0.0,2,0,60.0,4,-0.035,23.48,0.075,52.6488091,9.7459736,33.88,33.87,52.648797099999996,9.7459671,0.027401669256310976,-0.02076941809873252,4.249527662755794,-10.595,-20.975,-0.135,23.476494,-0.02368106,0.41345108
0 days 00:00:02.410000,-0.00011792765216177902,-2.8252800000000007,0.30999600000000005,9.896328000000002,77.21571459135643,77.21571459135643,77.21571459135643,77.21571459135643,-0.018500490071139894,-0.023212879051524585,0.005061454830783556,62.0,2.39,0.0,2,0,60.0,4,-0.035,23.455000000000002,0.07,52.6488091,9.7459736,33.88,33.87,52.648795199999995,9.745965499999999,0.027227136331111543,-0.020594885173533087,4.249527662755794,-10.595,-20.975,-0.135,23.451468,-0.023742693,0.41383347
0 days 00:00:02.420000,-0.00011792765216177902,0.015696,0.3531600000000001,9.864936,77.06193838254171,77.06193838254171,77.06193838254171,77.06193838254171,-0.003490658503988659,-0.03490658503988659,0.0013962634015954637,62.0,2.39,0.0,2,0,60.0,4,-0.035,23.455000000000002,0.07,52.6488091,9.7459736,33.88,33.87,52.648793299999994,9.745963999999999,0.027227136331111543,-0.020245819323134222,4.249527662755794,-10.595,-20.975,-0.135,23.45161,-0.02396555,0.40565035
0 days 00:00:02.430000,-0.00011792765216177902,1.2753,0.5611320000000001,10.543788000000001,77.24245827984595,77.24245827984595,77.24245827984595,77.24245827984595,-0.0010471975511965976,0.024609142453120045,0.0006981317007977319,62.0,2.39,0.0,2,0,60.0,4,-0.045,23.485,0.07,52.6487998,9.7459651,33.96,33.86,52.648791499999994,9.7459624,0.027401669256310976,-0.020594885173533087,4.249527662755794,-10.555,-20.990000000000002,-0.15,23.481462,-0.033649787,0.41472918
0 days 00:00:02.440000,-0.00011792765216177902,-1.1222640000000002,0.28645200000000004,9.680508000000001,77.08199614890886,77.08199614890886,77.08199614890886,77.08199614890886,-0.0036651914291880917,-0.03106686068549907,-0.0006981317007977319,62.0,2.39,0.0,2,1,60.0,4,-0.045,23.48,0.07,52.6487998,9.7459651,33.96,33.86,52.6487896,9.7459609,0.027401669256310976,-0.020245819323134222,4.249527662755794,-10.555,-20.990000000000002,-0.15,23.476604,-0.033877134,0.40643442
0 days 00:00:02.450000,-0.00011792765216177902,0.10987200000000001,0.9535320000000002,7.922556,77.01513692768506,77.01513692768506,77.01513692768506,77.01513692768506,-0.020420352248333655,-0.029670597283903602,0.0024434609527920616,62.0,2.39,0.0,2,1,60.0,4,-0.035,23.48,0.09,52.6487998,9.7459651,33.96,33.86,52.6487877,9.745959299999999,0.027227136331111543,-0.020071286397934793,4.249527662755794,-10.555,-20.990000000000002,-0.15,23.477077,-0.024607684,0.38207185
0 days 00:00:02.460000,-0.00023585530432355804,0.8907480000000001,0.5415120000000001,11.069604000000002,77.06193838254171,77.06193838254171,77.06193838254171,77.06193838254171,-0.03612831551628262,0.05951572749300663,-0.0017453292519943296,62.0,2.39,0.0,2,1,60.0,4,-0.035,23.490000000000002,0.075,52.6487998,9.7459651,33.96,33.86,52.6487858,9.7459578,0.026878070480712675,-0.020594885173533087,4.249527662755794,-10.555,-20.990000000000002,-0.15,23.486563,-0.02400212,0.40954855
0 days 00:00:02.470000,-0.0003537829564853371,-2.911608,0.24328800000000003,10.889100000000001,77.08199614890886,77.08199614890886,77.08199614890886,77.08199614890886,-0.05358160803622592,-0.027925268031909273,-0.0012217304763960308,62.0,2.39,0.0,2,1,60.0,4,-0.035,23.465,0.065,52.6487998,9.7459651,33.96,33.86,52.6487839,9.7459562,0.026179938779914945,-0.020245819323134222,4.249527662755794,-10.555,-20.990000000000002,-0.15,23.461508,-0.024254177,0.41082466
0 days 00:00:02.480000,-0.0003537829564853371,0.5493600000000001,0.12164400000000002,9.472536,77.06193838254171,77.06193838254171,77.06193838254171,77.06193838254171,-0.06824237375297829,-0.05724679946541401,-0.0031415926535897933,62.0,2.39,0.0,2,1,60.0,4,-0.04,23.47,0.07,52.6487902,9.7459565,34.1,33.85,52.648782,9.7459547,0.025656340004316644,-0.019722220547535925,4.249527662755794,-10.475,-20.96,-0.06,23.466816,-0.029908486,0.393761
0 days 00:00:02.490000,-0.0003537829564853371,1.58922,0.13734000000000002,10.641888,77.38286264441591,77.38286264441591,77.38286264441591,77.38286264441591,-0.06928957130417489,0.004537856055185257,-0.005759586531581288,62.0,2.39,0.0,2,1,60.0,4,-0.04,23.490000000000002,0.06,52.6487902,9.7459565,34.1,33.85,52.648780099999996,9.7459531,0.02495820830351891,-0.019722220547535925,4.2493531298305935,-10.475,-20.96,-0.06,23.486614,-0.029924024,0.4041293
0 days 00:00:02.500000,-0.0003537829564853371,-2.1503520000000003,1.3537800000000002,9.82962,76.80787334189132,76.80787334189132,76.80787334189132,76.80787334189132,-0.0651007810993885,-0.05375614096142535,-0.006806784082777885,62.0,2.39,0.0,2,1,60.0,4,-0.03,23.47,0.06,52.6487902,9.7459565,34.1,33.85,52.6487783,9.7459516,0.024260076602721184,-0.019198621771937627,4.2493531298305935,-10.475,-20.96,-0.06,23.466825,-0.02051672,0.39118785
0 days 00:00:02.510000,-0.0003537829564853371,-0.384552,0.223668,9.735444000000001,77.19565682498931,77.19565682498931,77.19565682498931,77.19565682498931,-0.04852015320544236,-0.05375614096142535,-0.006283185307179587,62.0,2.39,0.0,2,1,60.0,4,-0.025,23.465,0.06,52.6487902,9.7459565,34.1,33.85,52.648776399999996,9.745949999999999,0.023736477827122883,-0.018675022996339326,4.249178596905395,-10.475,-20.96,-0.06,23.462029,-0.016016798,0.37868124
0 days 00:00:02.520000,-0.0003537829564853371,0.40024800000000005,0.56898,11.234412,77.12211168164313,77.12211168164313,77.12211168164313,77.12211168164313,-0.046949356878647465,-0.006806784082777885,-0.005585053606381855,62.0,2.39,0.0,2,1,60.0,4,-0.02,23.475,0.045,52.6487902,9.7459565,34.1,33.85,52.648774499999995,9.745948499999999,0.023387411976724018,-0.018675022996339326,4.249178596905395,-10.475,-20.96,-0.06,23.471748,-0.010795264,0.3937387
0 days 00:00:02.530000,-0.0003537829564853371,-1.475424,0.180504,10.590876000000002,77.27588789045785,77.27588789045785,77.27588789045785,77.27588789045785,-0.048171087355043496,-0.06283185307179587,-0.005759586531581288,62.0,2.39,0.0,2,1,60.0,4,-0.01,23.45,0.04,52.648780699999996,9.7459489,34.1,33.84,52.6487726,9.745947,0.022689280275926284,-0.017976891295541596,4.249004063980196,-10.42,-20.98,-0.035,23.44693,-0.0013412578,0.38167053
0 days 00:00:02.540000,-0.0003537829564853371,0.90252,0.1962,9.225324,77.06193838254171,77.06193838254171,77.06193838254171,77.06193838254171,-0.047123889803846894,-0.060562925044203235,-0.005061454830783556,62.0,2.39,0.0,2,1,60.0,4,-0.01,23.46,0.045,52.648780699999996,9.7459489,34.1,33.84,52.6487707,9.7459454,0.02234021442552742,-0.017278759594743863,4.249004063980196,-10.42,-20.98,-0.035,23.457275,-0.0019479636,0.3604797
0 days 00:00:02.550000,-0.0003537829564853371,1.3537800000000002,0.9731520000000001,10.998972,77.06193838254171,77.06193838254171,77.06193838254171,77.06193838254171,-0.04852015320544236,0.02530727415391778,-0.005759586531581288,62.0,2.39,0.0,2,1,60.0,4,0.0,23.475,0.035,52.648780699999996,9.7459489,34.1,33.84,52.6487688,9.7459439,0.02181661564992912,-0.017627825445142728,4.249004063980196,-10.42,-20.98,-0.035,23.47197,0.008263418,0.3787071
0 days 00:00:02.560000,-0.0003537829564853371,-2.3544000000000005,-0.10987200000000001,11.81124,76.92153401797175,76.92153401797175,76.92153401797175,76.92153401797175,-0.04276056667386108,-0.031939525311496235,-0.006108652381980153,62.0,2.39,0.0,2,1,60.0,4,0.0,23.455000000000002,0.015,52.648780699999996,9.7459489,34.1,33.84,52.6487669,9.7459423,0.02129301687433082,-0.017278759594743863,4.248829531054996,-10.42,-20.98,-0.035,23.45176,0.008309085,0.39016688
0 days 00:00:02.570000,-0.00023585530432355804,-0.9810000000000001,0.14126400000000003,10.398600000000002,77.10873983739837,77.10873983739837,77.10873983739837,77.10873983739837,-0.046774823953448036,-0.0757472895365539,-0.008203047484373348,62.0,2.39,0.0,2,1,60.0,4,0.0,23.45,0.005,52.648780699999996,9.7459489,34.1,33.84,52.6487651,9.7459408,0.020943951023931952,-0.0164060949687467,4.248829531054996,-10.42,-20.98,-0.035,23.446926,0.007951969,0.37962306
0 days 00:00:02.580000,-0.00011792765216177902,1.4361840000000001,0.17658000000000004,10.936188000000001,77.12211168164313,77.12211168164313,77.12211168164313,77.12211168164313,-0.039269908169872414,-0.032114058236695664,-0.00942477796076938,62.0,2.39,0.0,2,1,60.0,4,0.015,23.46,-0.0,52.6487713,9.7459413,34.1,33.83,52.6487632,9.745939199999999,0.020420352248333655,-0.016057029118347832,4.248654998129796,-10.355,-20.965,-0.07,23.456974,0.02268831,0.37629694
0 days 00:00:02.590000,-0.00011792765216177902,-0.769104,1.0869480000000002,10.775304,76.92153401797175,76.92153401797175,76.92153401797175,76.92153401797175,-0.04153883619746504,-0.02181661564992912,-0.006981317007977318,62.0,2.39,0.0,2,1,60.0,4,0.025,23.455000000000002,-0.01,52.6487713,9.7459413,34.1,33.83,52.6487613,9.745937699999999,0.019896753472735357,-0.0158824961931484,4.248654998129796,-10.355,-20.965,-0.07,23.451883,0.032605197,0.38193393
0 days 00:00:02.600000,-0.00023585530432355804,-0.812268,-1.094796,10.276956000000002,77.24245827984595,77.24245827984595,77.24245827984595,77.24245827984595,-0.02495820830351891,-0.053407075111026485,-0.005759586531581288,62.0,2.39,0.0,2,1,60.0,4,0.015,23.45,-0.01,52.6487713,9.7459413,34.1,33.83,52.648759399999996,9.7459361,0.019722220547535925,-0.0153588974175501,4.248480465204597,-10.355,-20.965,-0.07,23.44708,0.022296807,0.369783
0 days 00:00:02.610000,-0.00023585530432355804,0.8829000000000001,0.714168,9.98658,76.9415917843389,76.9415917843389,76.9415917843389,76.9415917843389,-0.010297442586766544,-0.017976891295541593,-0.006806784082777885,62.0,2.39,0.0,2,0,60.0,4,0.02,23.46,-0.015,52.6487713,9.7459413,34.1,33.83,52.648757499999995,9.7459346,0.019547687622336492,-0.015184364492350668,4.248480465204597,-10.355,-20.965,-0.07,23.457067,0.02725201,0.37074792
0 days 00:00:02.620000,-0.00011792765216177902,-0.3531600000000001,-0.827964,9.766836000000001,77.5165810868635,77.5165810868635,77.5165810868635,77.5165810868635,0.004537856055185257,-0.004886921905584123,-0.008028514559173916,62.0,2.39,0.0,2,0,60.0,4,0.015,23.46,-0.015,52.6487713,9.7459413,34.1,33.83,52.648755599999994,9.7459331,0.019722220547535925,-0.015184364492350668,4.248480465204597,-10.355,-20.965,-0.07,23.457067,0.022317689,0.37084174
0 days 00:00:02.630000,0.0,-0.9496080000000001,0.463032,11.218716,77.14885537013264,77.14885537013264,77.14885537013264,77.14885537013264,0.015184364492350668,-0.01884955592153876,-0.007679448708775049,62.0,2.39,0.0,2,0,60.0,4,0.045,23.435,-0.025,52.6487619,9.7459337,34.08,33.82,52.648753799999994,9.7459315,0.019547687622336492,-0.014835298641951801,4.248305932279397,-10.36,-20.98,-0.0,23.43205,0.052275386,0.37169895
0 days 00:00:02.640000,0.0,0.27468000000000004,0.25506,11.516940000000002,76.99507916131792,76.99507916131792,76.99507916131792,76.99507916131792,0.01064650843716541,-0.010122909661567111,-0.005934119456780722,62.0,2.39,0.0,2,0,60.0,4,0.045,23.44,-0.045,52.6487619,9.7459337,34.08,33.82,52.6487519,9.74593,0.019722220547535925,-0.014660765716752368,4.248305932279397,-10.36,-20.98,-0.0,23.436821,0.05265542,0.38766816
0 days 00:00:02.650000,-0.00011792765216177902,0.384552,-0.39632400000000007,11.195172000000001,76.76775780915703,76.76775780915703,76.76775780915703,76.76775780915703,0.0013962634015954637,-0.006632251157578452,-0.00942477796076938,62.0,2.39,0.0,2,0,60.0,4,0.04,23.445,-0.055,52.6487619,9.7459337,34.08,33.82,52.64875,9.7459284,0.019722220547535925,-0.014660765716752368,4.2481313993541985,-10.36,-20.98,-0.0,23.441673,0.047855027,0.397837
0 days 00:00:02.660000,-0.00011792765216177902,-1.338084,0.655308,8.797608,76.78112965340179,76.78112965340179,76.78112965340179,76.78112965340179,-0.0012217304763960308,-0.03804817769347638,-0.008552113334772213,62.0,2.39,0.0,2,0,60.0,4,0.05,23.435,-0.045,52.6487619,9.7459337,34.08,33.82,52.6487481,9.745926899999999,0.019722220547535925,-0.014311699866353503,4.2481313993541985,-10.36,-20.98,-0.0,23.431955,0.0574917,0.3793186
0 days 00:00:02.670000,0.0,-0.17658000000000004,0.031392,9.735444000000001,76.89479032948223,76.89479032948223,76.89479032948223,76.89479032948223,0.017104226669544427,-0.017627825445142728,-0.008028514559173916,62.0,2.39,0.0,2,0,60.0,4,0.05,23.435,-0.045,52.6487619,9.7459337,34.08,33.82,52.6487462,9.745925399999999,0.019896753472735357,-0.014137166941154071,4.247956866428999,-10.36,-20.98,-0.0,23.43202,0.05747654,0.3752197
0 days 00:00:02.680000,0.0,-0.21582000000000004,0.090252,10.649736000000003,77.1622272143774,77.1622272143774,77.1622272143774,77.1622272143774,0.02495820830351891,0.007679448708775049,-0.005061454830783556,62.0,2.39,0.0,2,0,60.0,4,0.06,23.43,-0.055,52.6487522,9.7459264,34.06,33.81,52.6487443,9.7459238,0.019896753472735357,-0.014137166941154071,4.247956866428999,-10.425,-20.97,0.07,23.42688,0.06767208,0.3849471
0 days 00:00:02.690000,0.0,-0.05101200000000001,-0.20012400000000002,9.896328000000002,77.12211168164313,77.12211168164313,77.12211168164313,77.12211168164313,0.033510321638291124,-0.009599310885968814,-0.004537856055185257,62.0,2.39,0.0,2,0,60.0,4,0.055,23.435,-0.055,52.6487522,9.7459264,34.06,33.81,52.648742399999996,9.7459223,0.020245819323134222,-0.014137166941154071,4.247956866428999,-10.425,-20.97,0.07,23.431879,0.06280891,0.38509533
0 days 00:00:02.700000,0.00011792765216177902,0.9692280000000001,0.46695600000000004,9.688356,77.21571459135643,77.21571459135643,77.21571459135643,77.21571459135643,0.012740903539558606,0.024085543677521748,-0.005934119456780722,62.0,2.39,0.0,2,0,60.0,4,0.06,23.445,-0.055,52.6487522,9.7459264,34.06,33.81,52.6487406,9.7459208,0.020420352248333655,-0.014311699866353503,4.2477823335038,-10.425,-20.97,0.07,23.44181,0.06796151,0.38921413
0 days 00:00:02.710000,0.00011792765216177902,-0.6396120000000001,-0.39632400000000007,10.006200000000002,76.72764227642276,76.72764227642276,76.72764227642276,76.72764227642276,-0.0006981317007977319,0.016057029118347832,-0.004363323129985824,62.0,2.39,0.0,2,0,60.0,4,0.055,23.44,-0.055,52.6487522,9.7459264,34.06,33.82,52.648738699999996,9.7459192,0.020420352248333655,-0.014486232791552936,4.2477823335038,-10.425,-20.97,0.07,23.436745,0.063044615,0.39333433
0 days 00:00:02.720000,0.0,-1.102644,0.7102440000000001,9.358740000000001,76.59392383397518,76.59392383397518,76.59392383397518,76.59392383397518,-0.010297442586766544,-0.00645771823237902,0.0019198621771937623,62.0,2.39,0.0,2,0,60.0,4,0.06,23.43,-0.05,52.6487522,9.7459264,34.06,33.82,52.648736799999995,9.7459177,0.020245819323134222,-0.014486232791552936,4.2477823335038,-10.425,-20.97,0.07,23.426817,0.067870796,0.3881009
0 days 00:00:02.730000,0.0,1.043784,-0.074556,10.045440000000001,76.70758451005563,76.70758451005563,76.70758451005563,76.70758451005563,-0.00034906585039886593,0.027052603405912107,0.0031415926535897933,62.0,2.39,0.0,2,0,60.0,4,0.04,23.445,-0.055,52.6487427,9.7459188,34.06,33.81,52.6487349,9.7459162,0.020420352248333655,-0.014660765716752368,4.2477823335038,-10.49,-20.945,0.11,23.441673,0.04813276,0.39780354
0 days 00:00:02.740000,5.896382608088951e-05,-0.015696,-0.290376,10.641888,76.8413029525032,76.8413029525032,76.8413029525032,76.8413029525032,-0.004014257279586958,0.05672320068981571,0.0012217304763960308,62.0,2.39,0.0,2,0,60.5,4,0.035,23.445,-0.065,52.6487427,9.7459188,34.06,33.81,52.648733,9.745914599999999,0.020420352248333655,-0.0153588974175501,4.2477823335038,-10.49,-20.945,0.11,23.441236,0.04367213,0.42426425
0 days 00:00:02.750000,0.00011792765216177902,-2.134656,-0.251136,9.613800000000001,77.08199614890886,77.08199614890886,77.08199614890886,77.08199614890886,-0.0017453292519943296,0.0020943951023931952,-0.0010471975511965976,62.0,2.39,0.0,2,0,61.0,4,0.03,23.425,-0.065,52.6487427,9.7459188,34.06,33.81,52.6487311,9.7459131,0.020420352248333655,-0.0153588974175501,4.2477823335038,-10.49,-20.945,0.11,23.421238,0.0386669,0.42405924
0 days 00:00:02.760000,0.00011792765216177902,0.32176800000000005,-0.47480400000000006,9.252792000000001,77.18228498074454,77.18228498074454,77.18228498074454,77.18228498074454,-0.010995574287564275,0.005759586531581288,-0.0038397243543875246,62.0,2.39,0.29999999999999893,2,0,61.5,4,0.025,23.43,-0.055,52.6487427,9.7459188,34.06,33.81,52.6487293,9.7459115,0.020245819323134222,-0.0153588974175501,4.2477823335038,-10.49,-20.945,0.11,23.426392,0.033393048,0.41424724
0 days 00:00:02.770000,0.00011792765216177902,0.04316400000000001,-0.074556,9.998352000000002,77.21571459135643,77.21571459135643,77.21571459135643,77.21571459135643,-0.00942477796076938,0.031415926535897934,-0.006283185307179587,62.0,2.39,0.5999999999999979,2,0,62.0,4,0.025,23.43,-0.06,52.6487427,9.7459188,34.06,33.81,52.6487274,9.74591,0.020245819323134222,-0.015707963267948967,4.2477823335038,-10.49,-20.945,0.11,23.426167,0.0336598,0.42742124
0 days 00:00:02.780000,0.00011792765216177902,-0.7651800000000001,0.37278,7.7459760000000015,76.78781557552418,76.78781557552418,76.78781557552418,76.78781557552418,-0.004886921905584123,-0.014486232791552938,0.0,62.0,2.39,1.049999999999999,2,0,62.5,4,0.015,23.425,-0.045,52.648733299999996,9.745911,34.08,33.8,52.6487255,9.745908499999999,0.020245819323134222,-0.015533430342749533,4.2477823335038,-10.51,-20.965,0.155,23.421474,0.023273874,0.4084631
0 days 00:00:02.790000,0.00011792765216177902,2.2445280000000003,0.6396120000000001,9.197856000000002,76.67415489944372,76.67415489944372,76.67415489944372,76.67415489944372,-0.008028514559173916,0.07592182246175334,-0.0005235987755982988,62.0,2.39,1.5,2,0,63.0,4,0.02,23.45,-0.04,52.648733299999996,9.745911,34.08,33.8,52.6487236,9.7459069,0.020245819323134222,-0.016231562043547264,4.2477823335038,-10.51,-20.965,0.155,23.446262,0.028510876,0.42011705
0 days 00:00:02.800000,0.00011792765216177902,-1.4871960000000002,0.3296160000000001,10.33974,76.76775780915703,76.76775780915703,76.76775780915703,76.76775780915703,-0.0019198621771937623,0.05619960191421742,0.002967059728390361,62.0,2.39,1.6499999999999986,2,0,63.5,4,0.02,23.435,-0.045,52.648733299999996,9.745911,34.08,33.8,52.648721699999996,9.7459054,0.020245819323134222,-0.016929693744344994,4.2477823335038,-10.51,-20.965,0.155,23.43088,0.028938312,0.44122657
0 days 00:00:02.810000,0.00011792765216177902,-1.1968200000000002,-0.023544000000000002,9.417600000000002,76.80787334189132,76.80787334189132,76.80787334189132,76.80787334189132,0.0054105206811824215,0.0,0.0024434609527920616,62.0,2.39,1.7999999999999972,2,0,64.0,4,0.02,23.425,-0.04,52.648733299999996,9.745911,34.08,33.8,52.648719799999995,9.745903799999999,0.020245819323134222,-0.016929693744344994,4.2477823335038,-10.51,-20.965,0.155,23.420965,0.028833678,0.43605906
0 days 00:00:02.820000,0.00011792765216177902,1.247832,0.054936000000000006,8.699508000000002,76.95496362858366,76.95496362858366,76.95496362858366,76.95496362858366,0.005934119456780722,0.04310963252425994,0.0005235987755982988,62.0,2.39,2.099999999999998,2,0,64.5,4,0.02,23.44,-0.03,52.648733299999996,9.745911,34.08,33.8,52.648717899999994,9.7459023,0.020245819323134222,-0.017278759594743863,4.2477823335038,-10.51,-20.965,0.155,23.435984,0.028802017,0.43449542
0 days 00:00:02.830000,0.00011792765216177902,-0.7926480000000001,0.42379200000000006,9.292032,76.8413029525032,76.8413029525032,76.8413029525032,76.8413029525032,0.009250245035569947,0.048869219055841226,-0.0013962634015954637,59.0,2.39,2.3999999999999986,2,0,65.0,4,0.025,23.435,-0.03,52.648723999999994,9.7459031,34.12,33.8,52.648716099999994,9.7459008,0.020245819323134222,-0.01780235837034216,4.2477823335038,-10.49,-21.015,0.14,23.430752,0.03404761,0.44657373
0 days 00:00:02.840000,0.00011792765216177902,-1.228212,-0.16480800000000004,8.970264,76.82793110825845,76.82793110825845,76.82793110825845,76.82793110825845,0.011868238913561443,0.0036651914291880917,-0.004014257279586958,56.0,2.39,2.6999999999999993,2,0,65.5,4,0.025,23.425,-0.02,52.648723999999994,9.7459031,34.12,33.8,52.6487142,9.7458992,0.020420352248333655,-0.01780235837034216,4.2477823335038,-10.49,-21.015,0.14,23.42093,0.03391776,0.43639338
0 days 00:00:02.850000,0.00023585530432355804,0.49834800000000007,0.027468000000000003,9.197856000000002,76.8413029525032,76.8413029525032,76.8413029525032,76.8413029525032,0.01117010721276371,0.02617993877991494,-0.004886921905584123,54.0,2.39,3.0,2,0,66.0,4,0.02,23.43,-0.015,52.648723999999994,9.7459031,34.12,33.8,52.6487123,9.7458977,0.020594885173533087,-0.01815142422074103,4.2477823335038,-10.49,-21.015,0.14,23.425867,0.029062264,0.4397568
0 days 00:00:02.860000,0.00023585530432355804,-0.28645200000000004,0.6003720000000001,9.915948000000002,76.78781557552418,76.78781557552418,76.78781557552418,76.78781557552418,0.009599310885968814,0.03822271061867582,-0.0027925268031909274,50.0,2.39,3.0,2,0,66.5,4,0.025,23.43,-0.015,52.648723999999994,9.7459031,34.12,33.8,52.6487104,9.7458961,0.020594885173533087,-0.018500490071139894,4.2477823335038,-10.49,-21.015,0.14,23.425714,0.0342296,0.44782928
0 days 00:00:02.870000,0.00011792765216177902,-0.827964,-0.11379600000000001,8.562168,76.72764227642276,76.72764227642276,76.72764227642276,76.72764227642276,0.0024434609527920616,0.0054105206811824215,0.0010471975511965976,47.0,2.39,3.0,2,0,67.0,4,0.025,23.425,-0.005,52.648723999999994,9.7459031,34.12,33.8,52.6487085,9.7458946,0.020594885173533087,-0.018500490071139894,4.2477823335038,-10.49,-21.015,0.14,23.420898,0.034021795,0.4377406
0 days 00:00:02.880000,0.00023585530432355804,0.7926480000000001,0.07848000000000001,9.931644,77.08199614890886,77.08199614890886,77.08199614890886,77.08199614890886,0.004537856055185257,0.0582939970166106,0.0006981317007977319,44.0,2.39,3.3000000000000007,2,0,67.5,4,0.015,23.445,-0.005,52.648714,9.745894999999999,34.28,33.79,52.6487066,9.745892999999999,0.02076941809873252,-0.019198621771937627,4.2477823335038,-10.51,-21.005,0.035,23.440584,0.024447896,0.45467344
0 days 00:00:02.890000,0.00023585530432355804,-1.0751760000000001,-0.3413880000000001,9.480384,76.89479032948223,76.89479032948223,76.89479032948223,76.89479032948223,0.0020943951023931952,0.025132741228718346,-0.0017453292519943296,41.0,2.39,3.6000000000000014,2,0,68.0,4,0.01,23.435,-0.005,52.648714,9.745894999999999,34.28,33.79,52.6487048,9.745891499999999,0.02076941809873252,-0.019547687622336492,4.2477823335038,-10.51,-21.005,0.035,23.430426,0.019614844,0.4627624
0 days 00:00:02.900000,0.00023585530432355804,-0.9103680000000001,-0.149112,8.114832000000002,76.95496362858366,76.95496362858366,76.95496362858366,76.95496362858366,0.00645771823237902,-0.011344640137963142,-0.002967059728390361,38.0,2.39,4.5,2,0,68.5,4,0.01,23.43,0.015,52.648714,9.745894999999999,34.28,33.79,52.648702899999996,9.7458899,0.02076941809873252,-0.01937315469713706,4.2477823335038,-10.51,-21.005,0.035,23.425894,0.019112624,0.43858504
0 days 00:00:02.910000,0.00023585530432355804,0.5886000000000001,0.5729040000000001,9.311652,76.54043645699615,76.54043645699615,76.54043645699615,76.54043645699615,0.0054105206811824215,0.05462880558742251,-0.00645771823237902,35.0,2.39,5.399999999999999,2,1,69.0,4,0.015,23.435,0.02,52.648714,9.745894999999999,34.28,33.79,52.648700999999996,9.7458884,0.020943951023931952,-0.019896753472735357,4.247607800578599,-10.51,-21.005,0.035,23.43076,0.02434234,0.44584155
0 days 00:00:02.920000,0.00023585530432355804,-2.0326320000000004,0.30999600000000005,8.876088000000001,76.18608258451006,76.18608258451006,76.18608258451006,76.18608258451006,0.014311699866353502,0.01361356816555577,-0.0027925268031909274,31.0,2.39,6.599999999999998,2,1,69.5,4,0.015,23.42,0.025,52.648714,9.745894999999999,34.28,33.79,52.648699099999995,9.7458868,0.02111848394913139,-0.020071286397934793,4.247607800578599,-10.51,-21.005,0.035,23.415785,0.02439459,0.44462705
0 days 00:00:02.930000,0.00023585530432355804,-0.192276,0.482652,8.98596,76.3331728712024,76.3331728712024,76.3331728712024,76.3331728712024,0.017278759594743863,0.014486232791552938,-0.0006981317007977319,28.0,2.39,7.799999999999997,2,1,70.0,4,0.01,23.425,0.035,52.648704599999995,9.7458872,34.29,33.79,52.6486972,9.7458853,0.02129301687433082,-0.020245819323134222,4.247607800578599,-10.540000000000001,-20.975,-0.0,23.420906,0.019349623,0.43892056
0 days 00:00:02.940000,0.00023585530432355804,0.16873200000000002,-0.20797200000000002,9.861012,76.41340393667095,76.41340393667095,76.41340393667095,76.41340393667095,0.020943951023931952,0.05131268000863328,-0.00034906585039886593,25.0,2.39,10.349999999999998,2,1,70.0,4,0.01,23.43,0.035,52.648704599999995,9.7458872,34.29,33.79,52.6486953,9.7458838,0.021467549799530253,-0.02076941809873252,4.247607800578599,-10.540000000000001,-20.975,-0.0,23.425674,0.019691696,0.45128128
0 days 00:00:02.950000,0.0003537829564853371,-2.224908,0.306072,9.044820000000001,76.67415489944372,76.67415489944372,76.67415489944372,76.67415489944372,0.03735004599267865,0.008203047484373348,0.003316125578789226,22.0,2.39,12.899999999999999,2,1,70.0,4,0.01,23.41,0.04,52.648704599999995,9.7458872,34.29,33.79,52.6486935,9.745882199999999,0.02181661564992912,-0.020943951023931952,4.247607800578599,-10.540000000000001,-20.975,-0.0,23.405703,0.019820226,0.4499455
0 days 00:00:02.960000,0.0003537829564853371,-0.317844,-0.192276,9.794304,76.37328840393667,76.37328840393667,76.37328840393667,76.37328840393667,0.024609142453120045,0.041887902047863905,-0.00034906585039886593,19.0,2.39,14.849999999999998,2,1,70.0,4,0.005,23.405,0.04,52.648704599999995,9.7458872,34.29,33.79,52.6486916,9.745880699999999,0.022165681500327987,-0.02129301687433082,4.247607800578599,-10.540000000000001,-20.975,-0.0,23.400547,0.015157237,0.45811108
0 days 00:00:02.970000,0.00023585530432355804,-1.9580760000000001,-0.604296,10.025820000000001,76.48694908001711,76.48694908001711,76.48694908001711,76.48694908001711,0.01291543646475804,0.02565634000431664,-0.002967059728390361,16.0,2.39,16.799999999999997,2,1,70.0,4,-0.005,23.39,0.04,52.648704599999995,9.7458872,34.29,33.79,52.6486897,9.7458791,0.022165681500327987,-0.021642082724729686,4.247607800578599,-10.540000000000001,-20.975,-0.0,23.385387,0.0053335396,0.46617445
0 days 00:00:02.980000,0.00023585530432355804,-2.848824,0.8318880000000001,9.213552,75.71138211382113,75.71138211382113,75.71138211382113,75.71138211382113,0.0017453292519943296,-0.009075712110370514,-0.002617993877991494,13.0,2.39,18.9,2,1,70.0,4,0.005,23.365000000000002,0.045,52.6486952,9.7458795,34.29,33.78,52.6486878,9.7458776,0.02234021442552742,-0.021467549799530253,4.247607800578599,-10.52,-20.925,-0.02,23.36058,0.015197579,0.45633557
0 days 00:00:02.990000,0.00023585530432355804,-1.4989680000000003,0.047088000000000005,9.735444000000001,75.43057338468121,75.43057338468121,75.43057338468121,75.43057338468121,-0.009773843811168246,0.016406094968746697,-0.008552113334772213,11.0,2.39,21.0,2,1,70.0,4,0.005,23.35,0.045,52.6486952,9.7458795,34.29,33.78,52.6486859,9.7458761,0.022165681500327987,-0.021642082724729686,4.247607800578599,-10.52,-20.925,-0.02,23.345507,0.015201106,0.46008983
0 days 00:00:03,0.00011792765216177902,-2.350476,0.08240400000000002,7.851924,74.91575738125802,74.91575738125802,74.91575738125802,74.91575738125802,-0.024609142453120045,-0.003316125578789226,-0.004363323129985824,9.0,2.39,22.65,2,1,70.0,4,0.005,23.330000000000002,0.065,52.6486952,9.7458795,34.29,33.78,52.6486841,9.7458745,0.02199114857512855,-0.021642082724729686,4.247433267653401,-10.52,-20.925,-0.02,23.325943,0.0146715995,0.4396693
0 days 00:00:03.010000,0.00023585530432355804,-1.4871960000000002,1.424412,8.193312,74.75529525032093,74.75529525032093,74.75529525032093,74.75529525032093,-0.034557519189487726,0.05445427266222308,-0.0022689280275926286,8.0,2.39,24.299999999999997,2,1,70.0,4,0.015,23.315,0.08,52.6486952,9.7458795,34.29,33.78,52.648682199999996,9.745873,0.021642082724729686,-0.022165681500327987,4.247433267653401,-10.52,-20.925,-0.02,23.311047,0.024448369,0.43634334
0 days 00:00:03.020000,0.0003537829564853371,-3.268692,0.6592320000000002,10.198476000000001,75.55760590500643,75.55760590500643,75.55760590500643,75.55760590500643,-0.02757620218151041,0.06736970912698112,0.0019198621771937623,7.0,2.39,26.4,2,1,70.0,4,0.02,23.285,0.075,52.6486952,9.7458795,34.29,33.78,52.648680299999995,9.7458714,0.02129301687433082,-0.022863813201125717,4.247433267653401,-10.52,-20.925,-0.02,23.280628,0.029733242,0.45682764
0 days 00:00:03.030000,0.00023585530432355804,-3.9436200000000006,-1.4871960000000002,9.821772000000001,75.69801026957637,75.69801026957637,75.69801026957637,75.69801026957637,-0.033335788713091695,0.014311699866353502,-0.00034906585039886593,6.0,2.39,28.5,2,1,70.0,4,0.005,23.25,0.075,52.648685799999996,9.7458718,34.26,33.77,52.648678399999994,9.745869899999999,0.020943951023931952,-0.02303834612632515,4.247433267653401,-10.465,-20.895,-0.06,23.245558,0.014645276,0.4604083
0 days 00:00:03.040000,0.0,-2.7624960000000005,0.5258160000000001,9.445068000000001,75.80498502353446,75.80498502353446,75.80498502353446,75.80498502353446,-0.04328416544945937,0.022863813201125717,-0.004886921905584123,5.0,2.39,30.15,2,1,70.0,4,0.005,23.225,0.075,52.648685799999996,9.7458718,34.26,33.77,52.648676599999995,9.745868399999999,0.020594885173533087,-0.023212879051524585,4.247433267653401,-10.465,-20.895,-0.06,23.220484,0.014556163,0.4638895
0 days 00:00:03.050000,-0.00011792765216177902,-3.2961600000000004,1.4204880000000002,10.602648,75.08959135643988,75.08959135643988,75.08959135643988,75.08959135643988,-0.039968039870670144,0.02600540585471551,-0.005934119456780722,4.0,2.39,31.799999999999997,2,1,70.0,4,0.02,23.19,0.065,52.648685799999996,9.7458718,34.26,33.77,52.6486747,9.7458668,0.020071286397934793,-0.02356194490192345,4.247433267653401,-10.465,-20.895,-0.06,23.185095,0.02965702,0.48087075
0 days 00:00:03.060000,0.0,-3.6532440000000004,-0.47480400000000006,10.139616000000002,74.26053701326487,74.26053701326487,74.26053701326487,74.26053701326487,-0.022514747350726852,-0.013962634015954637,-0.0041887902047863905,2.0,2.39,33.3,2,1,70.0,4,0.015,23.16,0.065,52.648685799999996,9.7458718,34.26,33.77,52.6486729,9.7458653,0.019896753472735357,-0.023387411976724018,4.247433267653401,-10.465,-20.895,-0.06,23.155186,0.02447961,0.47622806
0 days 00:00:03.070000,0.00023585530432355804,-1.5028920000000001,0.05101200000000001,9.394056,73.37130937098844,73.37130937098844,73.37130937098844,73.37130937098844,-0.02617993877991494,0.02391101075232232,-0.0020943951023931952,1.0,2.39,34.8,2,1,70.0,4,0.015,23.145,0.065,52.648685799999996,9.7458718,34.26,33.77,52.648671,9.7458638,0.019722220547535925,-0.02356194490192345,4.247433267653401,-10.465,-20.895,-0.06,23.140108,0.024469227,0.47991958
0 days 00:00:03.080000,0.00023585530432355804,-3.543372,0.5140440000000001,9.519624,71.92715019255456,71.92715019255456,71.92715019255456,71.92715019255456,-0.039095375244672985,0.06597344572538566,-0.003316125578789226,0.0,2.39,36.0,2,1,70.0,4,0.02,23.11,0.07,52.6486762,9.7458642,34.230000000000004,33.76,52.6486691,9.745862299999999,0.019198621771937627,-0.024260076602721184,4.2472587347282005,-10.375,-20.87,-0.06,23.104898,0.029414887,0.49014157
0 days 00:00:03.090000,-0.00023585530432355804,-5.003100000000001,0.41594400000000004,8.424828,70.87077449721866,70.87077449721866,70.87077449721866,70.87077449721866,-0.05916666164260777,0.027052603405912107,-0.009250245035569947,-1.0,2.39,37.2,2,1,70.0,4,0.02,23.065,0.08,52.6486762,9.7458642,34.230000000000004,33.76,52.6486673,9.7458607,0.018675022996339326,-0.024434609527920616,4.2472587347282005,-10.375,-20.87,-0.06,23.06007,0.029026335,0.4830943
0 days 00:00:03.100000,-0.00011792765216177902,-2.6487000000000003,-0.5140440000000001,10.375056,69.66730851519041,69.66730851519041,69.66730851519041,69.66730851519041,-0.04799655442984406,0.028972465583105875,-0.010297442586766544,-3.0,2.39,38.7,2,1,70.0,4,0.02,23.04,0.075,52.6486762,9.7458642,34.230000000000004,33.76,52.6486654,9.7458592,0.01815142422074103,-0.024783675378319478,4.247084201803002,-10.375,-20.87,-0.06,23.034784,0.028998964,0.49553576
0 days 00:00:03.110000,0.00023585530432355804,-2.1582000000000003,1.15758,11.622888000000001,67.88885323063757,67.88885323063757,67.88885323063757,67.88885323063757,-0.03630284844148206,0.02775073510670984,-0.005934119456780722,-4.0,2.39,40.2,2,1,70.0,4,0.03,23.02,0.055,52.6486762,9.7458642,34.230000000000004,33.76,52.6486636,9.7458577,0.01780235837034216,-0.025132741228718343,4.247084201803002,-10.375,-20.87,-0.06,23.014114,0.039314505,0.5228953
0 days 00:00:03.120000,0.00023585530432355804,-2.8762920000000003,-1.2360600000000002,10.528092000000003,65.10750962772785,65.10750962772785,65.10750962772785,65.10750962772785,-0.034208453339088854,0.023561944901923447,-0.011519173063162576,-5.0,2.39,42.75,2,1,70.0,4,0.015,22.995,0.05,52.6486762,9.7458642,34.230000000000004,33.76,52.6486617,9.7458562,0.017453292519943295,-0.02530727415391778,4.246909668877802,-10.375,-20.87,-0.06,22.988903,0.024280557,0.53155184
0 days 00:00:03.130000,-0.00011792765216177902,-3.9396960000000005,0.7298640000000001,8.479764000000001,62.09215875053488,62.09215875053488,62.09215875053488,62.09215875053488,-0.05288347633542819,0.008028514559173916,-0.016755160819145562,-6.0,2.39,45.3,2,1,70.0,4,0.025,22.96,0.06,52.648666899999995,9.7458566,34.21,33.75,52.6486599,9.745854699999999,0.016929693744344994,-0.02548180707911721,4.246735135952603,-10.285,-20.69,-0.07,22.954075,0.033884395,0.52452004
0 days 00:00:03.140000,0.0,-4.320324,0.41202000000000005,9.017352,60.74160248181429,60.74160248181429,60.74160248181429,60.74160248181429,-0.06475171524898962,0.006981317007977318,-0.014835298641951801,-12.0,2.39,48.9,2,1,70.0,4,0.03,22.92,0.07,52.648666899999995,9.7458566,34.21,33.75,52.648658,9.745853199999999,0.016231562043547264,-0.02548180707911721,4.246735135952603,-10.285,-20.69,-0.07,22.914343,0.038338747,0.51344794
0 days 00:00:03.150000,0.0003537829564853371,-4.00248,1.161504,10.363284,61.86483739837398,61.86483739837398,61.86483739837398,61.86483739837398,-0.05951572749300663,0.006283185307179587,-0.00890117918517108,8.0,2.39,52.5,2,1,71.57894736842105,4,0.045,22.88,0.06,52.648666899999995,9.7458566,34.21,33.75,52.6486562,9.7458516,0.015707963267948967,-0.02548180707911721,4.246560603027403,-10.285,-20.69,-0.07,22.8741,0.053209063,0.52220875
0 days 00:00:03.160000,0.0005896382608088951,-3.6414720000000003,0.039240000000000004,9.998352000000002,64.10462130937098,64.10462130937098,64.10462130937098,64.10462130937098,-0.041887902047863905,-0.02234021442552742,-0.002967059728390361,8.0,2.39,53.1,2,1,73.15789473684211,4,0.045,22.845,0.06,52.648666899999995,9.7458566,34.21,33.75,52.6486543,9.7458501,0.015184364492350668,-0.02530727415391778,4.246560603027403,-10.285,-20.69,-0.07,22.839203,0.052861564,0.51735914
0 days 00:00:03.170000,0.0007075659129706742,-2.142504,0.027468000000000003,10.273032000000002,66.55166880616176,66.55166880616176,66.55166880616176,66.55166880616176,-0.02949606435870417,0.009250245035569947,0.00034906585039886593,19.0,2.39,53.7,2,1,74.73684210526316,4,0.045,22.830000000000002,0.055,52.648666899999995,9.7458566,34.21,33.75,52.6486525,9.7458486,0.015009831567151233,-0.02548180707911721,4.246560603027403,-10.285,-20.69,-0.07,22.82399,0.05290038,0.5259698
0 days 00:00:03.180000,0.0004717106086471161,-3.8769120000000004,0.278604,10.135692000000002,70.00160462130937,70.00160462130937,70.00160462130937,70.00160462130937,-0.018500490071139894,0.015707963267948967,0.0010471975511965976,19.0,2.39,54.45,2,1,76.3157894736842,4,0.045,22.79,0.05,52.6486577,9.745849,34.22,33.74,52.6486507,9.745847099999999,0.014835298641951801,-0.02548180707911721,4.246560603027403,-10.21,-20.525000000000002,0.045,22.783876,0.052867614,0.5299579
0 days 00:00:03.190000,0.0004717106086471161,-4.712724000000001,0.21974400000000002,9.864936,74.24047924689773,74.24047924689773,74.24047924689773,74.24047924689773,-0.0038397243543875246,-0.021118483949131385,-0.0008726646259971648,25.0,2.39,55.2,2,1,77.89473684210526,4,0.045,22.745,0.045,52.6486577,9.745849,34.22,33.74,52.6486488,9.745845599999999,0.014660765716752368,-0.02530727415391778,4.246560603027403,-10.21,-20.525000000000002,0.045,22.738857,0.052773405,0.5298502
0 days 00:00:03.200000,0.0007075659129706742,-2.625156,-0.926064,9.978732,75.08959135643988,75.08959135643988,75.08959135643988,75.08959135643988,0.006108652381980153,-0.041713369122664476,-0.0022689280275926286,28.0,2.39,56.25,2,1,79.47368421052632,4,0.035,22.725,0.045,52.6486577,9.745849,34.22,33.74,52.648647,9.7458441,0.014835298641951801,-0.02495820830351891,4.246560603027403,-10.21,-20.525000000000002,0.045,22.719046,0.042741828,0.52155375
0 days 00:00:03.210000,0.0005896382608088951,-1.8560520000000003,-0.3413880000000001,9.649116000000001,74.93581514762516,74.93581514762516,74.93581514762516,74.93581514762516,0.00645771823237902,-0.016755160819145562,-0.00017453292519943296,35.0,2.39,57.3,2,1,81.05263157894737,4,0.03,22.705000000000002,0.045,52.6486577,9.745849,34.22,33.74,52.6486452,9.7458426,0.014835298641951801,-0.024783675378319478,4.246560603027403,-10.21,-20.525000000000002,0.045,22.699142,0.037676197,0.5171675
0 days 00:00:03.220000,0.0004717106086471161,-2.9586960000000007,0.30999600000000005,10.367208,74.56140350877193,74.56140350877193,74.56140350877193,74.56140350877193,0.012740903539558606,0.007679448708775049,-0.0020943951023931952,35.0,2.99,59.099999999999994,2,1,82.63157894736842,4,0.03,22.68,0.04,52.6486577,9.745849,34.22,33.74,52.6486434,9.7458411,0.015009831567151233,-0.024783675378319478,4.246560603027403,-10.21,-20.525000000000002,0.045,22.674028,0.037832186,0.5215394
0 days 00:00:03.230000,0.0003537829564853371,-4.575384000000001,0.180504,10.025820000000001,73.5117137355584,73.5117137355584,73.5117137355584,73.5117137355584,0.014311699866353502,-0.01361356816555577,-0.012391837689159739,35.0,2.99,60.89999999999999,2,1,84.21052631578948,4,0.035,22.635,0.035,52.648648599999994,9.7458415,34.22,33.74,52.6486415,9.7458397,0.015184364492350668,-0.024783675378319478,4.246386070102204,-10.125,-20.29,-0.055,22.628918,0.0429816,0.5253397
0 days 00:00:03.240000,0.0003537829564853371,-3.8808360000000004,0.3413880000000001,10.610496000000001,73.37130937098844,73.37130937098844,73.37130937098844,73.37130937098844,0.020943951023931952,-0.04066617157146788,-0.020420352248333655,35.0,2.99,62.99999999999999,2,1,85.78947368421052,4,0.04,22.6,0.03,52.648648599999994,9.7458415,34.22,33.74,52.6486397,9.7458382,0.0153588974175501,-0.024260076602721184,4.246211537177004,-10.125,-20.29,-0.055,22.594078,0.04795445,0.51755726
0 days 00:00:03.250000,0.0003537829564853371,-2.821356,-0.149112,9.94734,73.5785729567822,73.5785729567822,73.5785729567822,73.5785729567822,0.008203047484373348,-0.028274333882308142,-0.02617993877991494,31.0,2.99,65.1,2,1,87.36842105263158,4,0.045,22.575,0.025,52.648648599999994,9.7458415,34.22,33.74,52.6486379,9.7458367,0.0153588974175501,-0.02408554367752175,4.245862471326605,-10.125,-20.29,-0.055,22.569056,0.052960824,0.5179336
0 days 00:00:03.260000,0.0007075659129706742,-3.8219760000000003,1.024164,10.147464000000001,73.97304236200257,73.97304236200257,73.97304236200257,73.97304236200257,0.006283185307179587,-0.039269908169872414,-0.018500490071139894,32.0,2.99,64.8,2,1,88.94736842105263,4,0.06,22.54,0.02,52.648648599999994,9.7458415,34.22,33.730000000000004,52.6486361,9.7458352,0.015533430342749533,-0.023736477827122883,4.245687938401406,-10.125,-20.29,-0.055,22.534126,0.06799177,0.5139815
0 days 00:00:03.270000,0.0007075659129706742,-3.00186,0.074556,11.422764,74.24047924689773,74.24047924689773,74.24047924689773,74.24047924689773,0.0038397243543875246,-0.015009831567151233,-0.01308996938995747,4.0,2.99,64.5,2,1,90.52631578947368,4,0.06,22.51,0.005,52.648648599999994,9.7458415,34.22,33.730000000000004,52.6486343,9.7458337,0.015533430342749533,-0.02356194490192345,4.245687938401406,-10.125,-20.29,-0.055,22.50387,0.06815264,0.52433634
0 days 00:00:03.280000,0.0005896382608088951,-4.006404000000001,-0.10202400000000002,10.677204000000001,73.9931001283697,73.9931001283697,73.9931001283697,73.9931001283697,0.00942477796076938,-0.06562437987498679,-0.015184364492350668,2.0,2.99,62.25,2,1,92.10526315789474,4,0.06,22.475,-0.005,52.648639599999996,9.7458343,34.18,33.730000000000004,52.6486325,9.745832199999999,0.015707963267948967,-0.022863813201125717,4.245513405476206,-10.08,-20.095,-0.03,22.469011,0.06814183,0.5178117
0 days 00:00:03.290000,0.0003537829564853371,-1.208592,0.47088,8.919252,73.1907894736842,73.1907894736842,73.1907894736842,73.1907894736842,-0.0005235987755982988,-0.06579891280018622,-0.01361356816555577,-1.0,2.99,60.0,2,1,93.6842105263158,4,0.065,22.465,0.005,52.648639599999996,9.7458343,34.18,33.730000000000004,52.6486307,9.745830699999999,0.015707963267948967,-0.022165681500327987,4.245338872551008,-10.08,-20.095,-0.03,22.459593,0.07273431,0.49183077
0 days 00:00:03.300000,0.0005896382608088951,-0.74556,-0.635688,11.246184000000001,72.64254385964912,72.64254385964912,72.64254385964912,72.64254385964912,-0.007504915783575617,0.03228859116189509,-0.01308996938995747,-3.0,2.99,58.05,2,1,95.26315789473685,4,0.06,22.46,-0.01,52.648639599999996,9.7458343,34.18,33.730000000000004,52.6486289,9.745829299999999,0.015533430342749533,-0.022514747350726852,4.245164339625807,-10.08,-20.095,-0.03,22.454082,0.06800203,0.51464176
0 days 00:00:03.310000,0.0005896382608088951,-5.073732000000001,1.2517560000000003,9.813924,72.78963414634147,72.78963414634147,72.78963414634147,72.78963414634147,-0.020420352248333655,-0.034557519189487726,-0.005585053606381855,-5.0,2.99,56.099999999999994,2,1,96.84210526315789,4,0.075,22.41,-0.01,52.648639599999996,9.7458343,34.18,33.730000000000004,52.648627,9.745827799999999,0.0153588974175501,-0.022165681500327987,4.245164339625807,-10.08,-20.095,-0.03,22.404274,0.082773045,0.5054782
0 days 00:00:03.320000,0.0005896382608088951,-2.5035120000000006,-0.17265600000000003,10.932264000000002,73.07712879760376,73.07712879760376,73.07712879760376,73.07712879760376,-0.011868238913561443,-0.039095375244672985,-0.007155849933176751,-6.0,2.99,51.74999999999999,2,1,98.42105263157895,4,0.075,22.39,-0.025,52.648639599999996,9.7458343,34.18,33.730000000000004,52.6486252,9.7458263,0.015184364492350668,-0.02181661564992912,4.244989806700609,-10.08,-20.095,-0.03,22.384125,0.082787156,0.51223135
0 days 00:00:03.330000,0.0003537829564853371,-2.31516,-0.266832,11.046060000000002,73.39805305947796,73.39805305947796,73.39805305947796,73.39805305947796,-0.012566370614359173,-0.019547687622336492,-0.007330382858376183,-6.0,2.99,47.39999999999999,2,1,100.0,4,0.07,22.365000000000002,-0.035,52.6486306,9.745826899999999,34.19,33.72,52.6486234,9.7458248,0.015184364492350668,-0.021642082724729686,4.244989806700609,-10.03,-19.945,-0.045,22.359005,0.077872,0.51785654
0 days 00:00:03.340000,0.0003537829564853371,-4.332096000000001,-0.9731520000000001,10.747836000000001,73.01695549850236,73.01695549850236,73.01695549850236,73.01695549850236,-0.0005235987755982988,-0.047123889803846894,-0.00890117918517108,-7.0,2.99,48.74999999999999,2,1,100.0,4,0.06,22.325,-0.045,52.6486306,9.745826899999999,34.19,33.72,52.6486216,9.745823399999999,0.015184364492350668,-0.02111848394913139,4.244815273775409,-10.03,-19.945,-0.045,22.319073,0.06783437,0.51545453
0 days 00:00:03.350000,0.0004717106086471161,-3.2843880000000008,0.43948800000000005,9.613800000000001,72.35504920838682,72.35504920838682,72.35504920838682,72.35504920838682,0.01117010721276371,-0.042411500823462206,-0.008203047484373348,-11.0,2.99,50.099999999999994,2,1,100.0,4,0.065,22.295,-0.045,52.6486306,9.745826899999999,34.19,33.72,52.6486199,9.7458219,0.015184364492350668,-0.02076941809873252,4.244815273775409,-10.03,-19.945,-0.045,22.289257,0.072706036,0.50696564
0 days 00:00:03.360000,0.0003537829564853371,-2.9743920000000004,-0.9456840000000001,9.201780000000001,71.2451861360719,71.2451861360719,71.2451861360719,71.2451861360719,0.023212879051524585,-0.012740903539558606,-0.01117010721276371,-15.0,2.99,48.74999999999999,2,1,100.0,4,0.055,22.265,-0.04,52.6486306,9.745826899999999,34.19,33.72,52.6486181,9.7458204,0.015533430342749533,-0.020594885173533087,4.24464074085021,-10.03,-19.945,-0.045,22.259453,0.06273653,0.49758974
0 days 00:00:03.370000,0.0003537829564853371,-3.3354000000000004,-0.5140440000000001,9.14292,70.3760162601626,70.3760162601626,70.3760162601626,70.3760162601626,0.01937315469713706,-0.014486232791552938,-0.007679448708775049,-27.0,2.99,47.39999999999999,2,1,100.0,4,0.05,22.235,-0.03,52.6486306,9.745826899999999,34.19,33.730000000000004,52.6486163,9.7458189,0.015707963267948967,-0.020420352248333655,4.24464074085021,-10.03,-19.945,-0.045,22.229752,0.05759631,0.48316363
0 days 00:00:03.380000,0.0003537829564853371,-2.8802160000000003,0.25506,10.080756000000001,68.5173299101412,68.5173299101412,68.5173299101412,68.5173299101412,0.019547687622336492,0.0054105206811824215,-0.007679448708775049,-29.0,2.99,52.949999999999996,2,1,100.0,4,0.055,22.21,-0.035,52.6486212,9.7458183,34.2,33.72,52.6486145,9.7458175,0.0158824961931484,-0.020420352248333655,4.24446620792501,-9.94,-19.855,-0.03,22.204653,0.06275129,0.48756203
0 days 00:00:03.390000,0.00023585530432355804,-2.4721200000000003,0.145188,11.697444000000003,66.06359649122807,66.06359649122807,66.06359649122807,66.06359649122807,-0.0020943951023931952,0.05515240436302082,-0.012566370614359173,-32.0,2.99,58.5,2,1,100.0,4,0.06,22.185,-0.055,52.6486212,9.7458183,34.2,33.72,52.6486127,9.745816,0.0158824961931484,-0.02111848394913139,4.24446620792501,-9.94,-19.855,-0.03,22.17889,0.06830604,0.5224475
0 days 00:00:03.400000,0.0,-5.462208000000001,-0.20797200000000002,10.304424000000001,63.88398587933247,63.88398587933247,63.88398587933247,63.88398587933247,-0.039269908169872414,-0.009773843811168246,-0.0158824961931484,-35.0,2.99,67.19999999999999,2,1,100.0,4,0.06,22.135,-0.06,52.6486212,9.7458183,34.2,33.72,52.648610899999994,9.7458145,0.0153588974175501,-0.020943951023931952,4.244291674999811,-9.94,-19.855,-0.03,22.128887,0.06803371,0.52256405
0 days 00:00:03.410000,0.00011792765216177902,-3.2608440000000005,0.9966960000000001,8.840772000000001,62.09215875053488,62.09215875053488,62.09215875053488,62.09215875053488,-0.041189770347066175,-0.06318091892219473,-0.009948376736367679,-27.0,2.99,75.89999999999999,2,1,100.0,4,0.07,22.105,-0.05,52.6486212,9.7458183,34.2,33.72,52.648609099999994,9.7458131,0.015009831567151233,-0.020245819323134222,4.244117142074611,-9.94,-19.855,-0.03,22.099457,0.07745912,0.4963863
0 days 00:00:03.420000,0.0005896382608088951,-0.31392000000000003,0.37278,10.269108,61.14944373127942,61.14944373127942,61.14944373127942,61.14944373127942,-0.04258603374866164,0.04328416544945937,-0.004886921905584123,-27.0,2.99,67.8,2,1,100.0,4,0.07,22.1,-0.055,52.6486212,9.7458183,34.2,33.72,52.648607399999996,9.7458116,0.014660765716752368,-0.02076941809873252,4.244117142074611,-9.94,-19.855,-0.03,22.094091,0.07752724,0.5128778
0 days 00:00:03.430000,0.0005896382608088951,-4.6185480000000005,0.153036,10.422144000000001,61.52385537013265,61.52385537013265,61.52385537013265,61.52385537013265,-0.03717551306747922,0.027925268031909273,-0.007504915783575617,-18.0,2.99,59.7,2,1,100.0,4,0.075,22.06,-0.065,52.6486124,9.7458109,34.22,33.72,52.648605599999996,9.7458101,0.014137166941154071,-0.020943951023931952,4.2439426091494115,-9.91,-19.72,0.09,22.053799,0.0824422,0.5258626
0 days 00:00:03.440000,0.000825493565132453,-5.524992000000001,-0.6278400000000001,8.244324,62.774122807017555,62.774122807017555,62.774122807017555,62.774122807017555,-0.024085543677521748,-0.0291469985083053,-0.0038397243543875246,-18.0,2.99,63.3,2,1,100.0,4,0.065,22.005,-0.05,52.6486124,9.7458109,34.22,33.72,52.6486038,9.7458087,0.013962634015954637,-0.02076941809873252,4.2439426091494115,-9.91,-19.72,0.09,21.999216,0.07207231,0.5060304
0 days 00:00:03.450000,0.0015330594781031272,-1.950228,1.012392,9.425448000000001,64.6394950791613,64.6394950791613,64.6394950791613,64.6394950791613,-0.0158824961931484,0.028797932657906436,-0.0008726646259971648,-10.0,2.99,66.89999999999999,2,1,100.0,4,0.075,21.985,-0.045,52.6486124,9.7458109,34.22,33.72,52.648602,9.7458072,0.013788101090755204,-0.020943951023931952,4.2439426091494115,-9.91,-19.72,0.09,21.979237,0.08196128,0.5043271
0 days 00:00:03.460000,0.0017689147824266852,-3.2412240000000003,-0.459108,10.716444000000001,67.16008771929825,67.16008771929825,67.16008771929825,67.16008771929825,-0.006981317007977318,0.04136430327226561,0.0041887902047863905,-10.0,2.99,75.75,2,1,100.0,4,0.07,21.955000000000002,-0.055,52.6486124,9.7458109,34.22,33.72,52.6486003,9.7458058,0.013788101090755204,-0.021467549799530253,4.2439426091494115,-9.91,-19.72,0.09,21.948761,0.0772494,0.525256
0 days 00:00:03.470000,0.0017689147824266852,-3.9750120000000004,0.054936000000000006,8.946720000000001,69.801026957638,69.801026957638,69.801026957638,69.801026957638,0.005235987755982988,-0.017104226669544427,0.007155849933176751,-8.0,2.99,84.6,2,1,100.0,4,0.065,21.92,-0.045,52.6486124,9.7458109,34.22,33.72,52.6485985,9.7458043,0.013788101090755204,-0.02129301687433082,4.244117142074611,-9.91,-19.72,0.09,21.914074,0.07204893,0.5107526
0 days 00:00:03.480000,0.0018868424345884643,-0.9299880000000001,0.8475840000000001,8.138376000000001,71.83354728284125,71.83354728284125,71.83354728284125,71.83354728284125,0.008028514559173916,0.035953782591083186,0.011868238913561443,-8.0,2.99,87.6,2,1,100.0,4,0.085,21.915,-0.035,52.648603699999995,9.7458034,34.28,33.72,52.6485968,9.7458029,0.013613568165555772,-0.021642082724729686,4.244117142074611,-9.815,-19.635,0.11,21.909111,0.091924496,0.50803673
0 days 00:00:03.490000,0.0018868424345884643,-2.640852,-0.7651800000000001,11.085300000000002,71.63965554129226,71.63965554129226,71.63965554129226,71.63965554129226,0.028623399732707003,0.08255407361933179,0.00645771823237902,-10.0,2.99,90.6,2,1,100.0,4,0.07,21.89,-0.05,52.648603699999995,9.7458034,34.28,33.72,52.648595,9.7458014,0.013962634015954637,-0.022514747350726852,4.244291674999811,-9.815,-19.635,0.11,21.883326,0.07757176,0.54176325
0 days 00:00:03.500000,0.0018868424345884643,-5.395500000000001,-1.871748,9.193932,71.50593709884467,71.50593709884467,71.50593709884467,71.50593709884467,0.034732052114687155,-0.03089232776029963,0.003316125578789226,-10.0,2.99,85.65,2,1,100.0,4,0.05,21.835,-0.04,52.648603699999995,9.7458034,34.28,33.72,52.6485932,9.7458,0.014311699866353503,-0.022165681500327987,4.244291674999811,-9.815,-19.635,0.11,21.828749,0.057493072,0.52316904
0 days 00:00:03.510000,0.0018868424345884643,-1.722636,0.592524,8.997732000000001,70.74374197689346,70.74374197689346,70.74374197689346,70.74374197689346,0.01117010721276371,0.0008726646259971648,-0.0036651914291880917,0.0,2.99,80.7,2,1,100.0,4,0.055,21.82,-0.035,52.648603699999995,9.7458034,34.28,33.72,52.648591499999995,9.7457985,0.014486232791552936,-0.022165681500327987,4.244117142074611,-9.815,-19.635,0.11,21.813864,0.06250663,0.5177559
0 days 00:00:03.520000,0.0020047700867502436,-2.7703440000000006,0.21974400000000002,10.178856000000001,69.70073812580232,69.70073812580232,69.70073812580232,69.70073812580232,-0.012042771838760874,0.03717551306747922,-0.005235987755982988,0.0,2.99,82.2,2,1,100.0,4,0.06,21.795,-0.04,52.648603699999995,9.7458034,34.28,33.72,52.648589699999995,9.745797099999999,0.014311699866353503,-0.022514747350726852,4.244117142074611,-9.815,-19.635,0.11,21.788576,0.0675882,0.5297443
0 days 00:00:03.530000,0.0021226977389120225,-4.889304,0.6003720000000001,7.608636000000001,69.5469619169876,69.5469619169876,69.5469619169876,69.5469619169876,-0.03316125578789226,-0.03892084231947355,-0.0008726646259971648,7.0,2.99,83.7,2,1,100.0,4,0.065,21.75,-0.02,52.6485949,9.7457962,34.28,33.71,52.648588,9.7457956,0.013962634015954637,-0.022165681500327987,4.244117142074611,-9.805,-19.515,0.11,21.744215,0.072003506,0.50110275
0 days 00:00:03.540000,0.0023585530432355803,-1.7540280000000001,0.4198680000000001,8.644572000000002,70.17543859649123,70.17543859649123,70.17543859649123,70.17543859649123,-0.021642082724729686,0.03106686068549907,0.003316125578789226,7.0,2.99,84.6,2,1,100.0,4,0.065,21.735,-0.005,52.6485949,9.7457962,34.28,33.71,52.6485862,9.745794199999999,0.013788101090755204,-0.022514747350726852,4.244117142074611,-9.805,-19.515,0.11,21.72938,0.07180927,0.4933723
0 days 00:00:03.550000,0.0022406253910738014,-4.230072000000001,0.20404800000000003,10.724292,70.56322207958922,70.56322207958922,70.56322207958922,70.56322207958922,0.005759586531581288,0.05864306286700947,0.0027925268031909274,8.0,2.99,85.5,2,1,100.0,4,0.065,21.695,-0.015,52.6485949,9.7457962,34.28,33.71,52.6485845,9.745792699999999,0.013788101090755204,-0.02303834612632515,4.244291674999811,-9.805,-19.515,0.11,21.688898,0.072091274,0.5138236
0 days 00:00:03.560000,0.0021226977389120225,-6.027264000000001,-0.49050000000000005,9.362664,70.3091570389388,70.3091570389388,70.3091570389388,70.3091570389388,0.003490658503988659,-0.027052603405912107,-0.004537856055185257,8.0,2.99,84.0,2,1,100.0,4,0.06,21.635,-0.015,52.6485949,9.7457962,34.28,33.71,52.6485827,9.745791299999999,0.013788101090755204,-0.022863813201125717,4.244117142074611,-9.805,-19.515,0.11,21.629002,0.06702065,0.5087359
0 days 00:00:03.570000,0.0020047700867502436,-2.7389520000000003,0.714168,9.84924,69.93474540008559,69.93474540008559,69.93474540008559,69.93474540008559,0.006108652381980153,-0.042411500823462206,-0.00034906585039886593,-5.0,2.99,82.5,2,1,100.0,4,0.065,21.61,-0.015,52.6485949,9.7457962,34.28,33.71,52.648581,9.7457899,0.013962634015954637,-0.02234021442552742,4.244117142074611,-9.805,-19.515,0.11,21.604273,0.07194304,0.49677208
0 days 00:00:03.580000,0.0022406253910738014,-1.204668,0.761256,11.536560000000001,69.3798138639281,69.3798138639281,69.3798138639281,69.3798138639281,0.016406094968746697,0.028448866807507574,0.006283185307179587,-5.0,2.99,84.3,2,1,100.0,4,0.07,21.6,-0.035,52.6485862,9.745788899999999,34.27,33.71,52.648579299999994,9.7457884,0.014137166941154071,-0.022689280275926284,4.244291674999811,-9.775,-19.365000000000002,-0.005,21.593647,0.0774153,0.5239954
0 days 00:00:03.590000,0.0027123359997209178,-4.504752,0.380628,8.781912,69.51353230637568,69.51353230637568,69.51353230637568,69.51353230637568,0.029321531433504733,-0.04066617157146788,0.017976891295541593,-6.0,2.99,86.1,2,1,100.0,4,0.07,21.56,-0.025,52.6485862,9.745788899999999,34.27,33.71,52.648577499999995,9.745787,0.014311699866353503,-0.022165681500327987,4.24446620792501,-9.775,-19.365000000000002,-0.005,21.554148,0.077189185,0.50179356
0 days 00:00:03.600000,0.0027123359997209178,-1.6677000000000002,-0.7102440000000001,9.056592,70.00160462130937,70.00160462130937,70.00160462130937,70.00160462130937,0.035953782591083186,-0.01361356816555577,0.02181661564992912,-5.0,2.99,83.25,2,1,100.0,4,0.055,21.545,-0.015,52.6485862,9.745788899999999,34.27,33.71,52.648575799999996,9.7457856,0.014660765716752368,-0.022165681500327987,4.24464074085021,-9.775,-19.365000000000002,-0.005,21.539375,0.0622145,0.4916576
0 days 00:00:03.610000,0.0024764806953973596,-4.23792,0.08632800000000002,11.093148000000001,70.0216623876765,70.0216623876765,70.0216623876765,70.0216623876765,0.06475171524898962,0.017278759594743863,0.023387411976724018,-5.0,2.99,80.39999999999999,2,1,100.0,4,0.05,21.505,-0.03,52.6485862,9.745788899999999,34.27,33.71,52.6485741,9.7457842,0.0153588974175501,-0.02234021442552742,4.244815273775409,-9.775,-19.365000000000002,-0.005,21.498964,0.05783265,0.5095507
0 days 00:00:03.620000,0.0022406253910738014,-6.1489080000000005,-0.604296,8.793684,69.58707744972187,69.58707744972187,69.58707744972187,69.58707744972187,0.0582939970166106,-0.041713369122664476,0.010122909661567111,-5.0,2.99,75.44999999999999,2,1,100.0,4,0.04,21.445,-0.02,52.6485862,9.745788899999999,34.27,33.71,52.6485724,9.7457827,0.016057029118347832,-0.02181661564992912,4.244989806700609,-9.775,-19.365000000000002,-0.005,21.439459,0.04782737,0.4871103
0 days 00:00:03.630000,0.0021226977389120225,-3.480588,-0.28252800000000006,8.350272,68.8115104835259,68.8115104835259,68.8115104835259,68.8115104835259,0.04799655442984406,-0.04380776422505767,0.0022689280275926286,-6.0,2.99,70.5,2,1,100.0,4,0.035,21.41,-0.005,52.6485777,9.7457817,34.300000000000004,33.71,52.6485706,9.745781299999999,0.0164060949687467,-0.021467549799530253,4.244989806700609,-9.665000000000001,-19.165,0.035,21.404959,0.042616956,0.46394706
0 days 00:00:03.640000,0.0022406253910738014,-1.3694760000000001,0.16480800000000004,11.293272,69.08563329054344,69.08563329054344,69.08563329054344,69.08563329054344,0.032463124087094536,0.007330382858376183,-0.00017453292519943296,-6.0,2.99,66.75,2,1,100.0,4,0.035,21.400000000000002,-0.02,52.6485777,9.7457817,34.300000000000004,33.71,52.6485689,9.745779899999999,0.016755160819145562,-0.021467549799530253,4.244989806700609,-9.665000000000001,-19.165,0.035,21.39464,0.043026563,0.478712
0 days 00:00:03.650000,0.0027123359997209178,-4.559688,0.5886000000000001,11.305044000000002,68.87836970474967,68.87836970474967,68.87836970474967,68.87836970474967,0.028274333882308142,-0.06579891280018622,0.007504915783575617,-10.0,2.99,63.0,2,1,100.0,4,0.04,21.355,-0.04,52.6485777,9.7457817,34.300000000000004,33.71,52.648567199999995,9.7457785,0.01710422666954443,-0.02076941809873252,4.244989806700609,-9.665000000000001,-19.165,0.035,21.349564,0.048263475,0.4827355
0 days 00:00:03.660000,0.0024764806953973596,-3.311856,0.40417200000000003,9.715824000000001,69.1524925117672,69.1524925117672,69.1524925117672,69.1524925117672,0.02076941809873252,-0.06475171524898962,0.010821041362364843,-14.0,2.99,64.65,2,2,100.0,4,0.04,21.325,-0.035,52.6485777,9.7457817,34.300000000000004,33.71,52.6485655,9.7457771,0.017278759594743863,-0.020245819323134222,4.245164339625807,-9.665000000000001,-19.165,0.035,21.319923,0.04805772,0.46594465
0 days 00:00:03.670000,0.0023585530432355803,-3.9828600000000005,0.4434120000000001,9.798228,69.2527813436029,69.2527813436029,69.2527813436029,69.2527813436029,0.032637657012293965,-0.012740903539558606,0.004886921905584123,-18.0,2.99,66.3,2,2,100.0,4,0.04,21.285,-0.04,52.6485777,9.7457817,34.300000000000004,33.71,52.6485638,9.7457757,0.017627825445142728,-0.020071286397934793,4.245164339625807,-9.665000000000001,-19.165,0.035,21.27991,0.048228733,0.46640295
0 days 00:00:03.680000,0.0023585530432355803,-5.9841,0.557208,8.927100000000001,69.11906290115532,69.11906290115532,69.11906290115532,69.11906290115532,0.04537856055185257,-0.07435102613495843,0.00645771823237902,-22.0,2.99,69.15,2,2,100.0,4,0.045,21.23,-0.03,52.648568999999995,9.7457744,34.36,33.7,52.6485621,9.7457742,0.01815142422074103,-0.01937315469713706,4.245164339625807,-9.635,-19.0,-0.005,21.225433,0.053001657,0.44037125
0 days 00:00:03.690000,0.002594408347559139,-1.871748,0.10987200000000001,11.128464000000001,68.87836970474967,68.87836970474967,68.87836970474967,68.87836970474967,0.06544984694978735,-0.059341194567807204,0.006981317007977318,-26.0,2.99,72.0,2,2,100.0,4,0.04,21.215,-0.045,52.648568999999995,9.7457744,34.36,33.7,52.6485603,9.7457728,0.018675022996339326,-0.018675022996339326,4.245164339625807,-9.635,-19.0,-0.005,21.21046,0.048231214,0.44033587
0 days 00:00:03.700000,0.002594408347559139,-1.8599760000000003,0.8554320000000001,11.093148000000001,68.19640564826702,68.19640564826702,68.19640564826702,68.19640564826702,0.0635299847725936,-0.017976891295541593,0.011519173063162576,-29.0,2.99,71.85000000000001,2,2,100.0,4,0.045,21.195,-0.055,52.648568999999995,9.7457744,34.36,33.7,52.648558599999994,9.745771399999999,0.01937315469713706,-0.018500490071139894,4.245338872551008,-9.635,-19.0,-0.005,21.190355,0.053652484,0.44613045
0 days 00:00:03.710000,0.002594408347559139,-4.5243720000000005,0.7337880000000001,9.021276000000002,67.60804450149764,67.60804450149764,67.60804450149764,67.60804450149764,0.0635299847725936,-0.04729842272904633,0.02234021442552742,-32.0,2.99,71.7,2,2,100.0,4,0.045,21.150000000000002,-0.05,52.648568999999995,9.7457744,34.36,33.7,52.648556899999996,9.74577,0.020071286397934793,-0.01815142422074103,4.245513405476206,-9.635,-19.0,-0.005,21.145607,0.053698752,0.43288276
0 days 00:00:03.720000,0.002594408347559139,-3.0411,-0.251136,9.511776000000001,67.28712023962346,67.28712023962346,67.28712023962346,67.28712023962346,0.0879645943005142,-0.024783675378319478,0.023736477827122886,-35.0,2.99,64.95,2,2,100.0,4,0.04,21.125,-0.05,52.648568999999995,9.7457744,34.36,33.71,52.6485552,9.7457686,0.020943951023931952,-0.01780235837034216,4.245862471326605,-9.635,-19.0,-0.005,21.120762,0.04891368,0.42511588
0 days 00:00:03.730000,0.0027123359997209178,-2.2131360000000004,-0.04316400000000001,11.022516000000001,66.23743046640992,66.23743046640992,66.23743046640992,66.23743046640992,0.0994837673636768,0.027052603405912107,0.017627825445142728,-37.0,2.99,58.2,2,2,100.0,4,0.03,21.105,-0.06,52.648560499999995,9.745767299999999,34.35,33.7,52.6485535,9.7457672,0.02199114857512855,-0.01815142422074103,4.246037004251805,-9.57,-18.795,0.015,21.100433,0.039735243,0.44228807
0 days 00:00:03.740000,0.0027123359997209178,-4.371336,-0.7494840000000002,11.132388,65.24122807017544,65.24122807017544,65.24122807017544,65.24122807017544,0.10227629416686772,-0.0010471975511965976,0.014486232791552938,-40.0,2.99,55.95,2,2,100.0,4,0.02,21.06,-0.075,52.648560499999995,9.745767299999999,34.35,33.7,52.6485518,9.7457658,0.02303834612632515,-0.01815142422074103,4.246037004251805,-9.57,-18.795,0.015,21.055168,0.030527713,0.4566536
0 days 00:00:03.750000,0.0027123359997209178,-3.2216040000000006,-0.258984,11.046060000000002,63.58311938382542,63.58311938382542,63.58311938382542,63.58311938382542,0.08342673824532895,-0.011519173063162576,0.006283185307179587,-43.0,2.99,53.7,2,2,100.0,4,0.01,21.03,-0.085,52.648560499999995,9.745767299999999,34.35,33.7,52.648550199999995,9.745764399999999,0.023736477827122883,-0.017976891295541596,4.246211537177004,-9.57,-18.795,0.015,21.025074,0.020986611,0.46265215
0 days 00:00:03.760000,0.002594408347559139,-3.480588,0.604296,9.758988,60.46747967479674,60.46747967479674,60.46747967479674,60.46747967479674,0.05358160803622592,-0.006806784082777885,0.002967059728390361,-45.0,2.99,59.7,2,2,100.0,4,0.015,21.0,-0.085,52.648560499999995,9.745767299999999,34.35,33.7,52.6485485,9.745763,0.024434609527920616,-0.017976891295541596,4.246211537177004,-9.57,-18.795,0.015,20.995079,0.026294932,0.4619761
0 days 00:00:03.770000,0.0027123359997209178,-3.3981840000000005,1.024164,8.632800000000001,57.4721865639709,57.4721865639709,57.4721865639709,57.4721865639709,0.03298672286269283,-0.007330382858376183,0.007155849933176751,-38.0,2.99,65.7,2,2,100.0,4,0.02,20.965,-0.075,52.648560499999995,9.745767299999999,34.35,33.71,52.6485468,9.7457617,0.024783675378319478,-0.01780235837034216,4.246211537177004,-9.57,-18.795,0.015,20.960344,0.031100634,0.44756156
0 days 00:00:03.780000,0.0028302636518826967,-2.3897160000000004,0.24721200000000002,9.178236000000002,55.55332691484809,55.55332691484809,55.55332691484809,55.55332691484809,0.0158824961931484,0.034208453339088854,0.007853981633974483,-38.0,2.99,70.35,2,2,100.0,4,0.02,20.945,-0.07,52.648552099999996,9.745760299999999,34.34,33.7,52.6485451,9.745760299999999,0.02495820830351891,-0.01815142422074103,4.246386070102204,-9.48,-18.67,-0.02,20.940279,0.031227523,0.4495099
0 days 00:00:03.790000,0.0030661189562062544,-3.409956,0.926064,11.159856,55.499839537869065,55.499839537869065,55.499839537869065,55.499839537869065,-0.008203047484373348,0.061086523819801536,0.0041887902047863905,-29.0,2.99,75.0,1,2,100.0,4,0.025,20.91,-0.085,52.648552099999996,9.745760299999999,34.34,33.7,52.648543399999994,9.7457589,0.024783675378319478,-0.01884955592153876,4.246386070102204,-9.48,-18.67,-0.02,20.904684,0.036865108,0.4783391
0 days 00:00:03.800000,0.0031840466083680333,-5.214996000000001,0.9574560000000001,10.767456000000001,56.93062687205819,56.93062687205819,56.93062687205819,56.93062687205819,-0.014486232791552938,-0.010821041362364843,0.006632251157578452,-29.0,2.99,74.85000000000001,1,2,100.0,4,0.03,20.86,-0.095,52.648552099999996,9.745760299999999,34.34,33.7,52.648541699999996,9.7457575,0.024609142453120045,-0.018675022996339326,4.246386070102204,-9.48,-18.67,-0.02,20.85459,0.04191338,0.48363686
0 days 00:00:03.810000,0.0031840466083680333,-2.1660480000000004,0.64746,9.507852000000002,58.73582584510056,58.73582584510056,58.73582584510056,58.73582584510056,0.00471238898038469,-0.00645771823237902,0.011868238913561443,-18.0,2.99,74.7,1,2,100.0,4,0.035,20.84,-0.09,52.648552099999996,9.745760299999999,34.34,33.7,52.6485401,9.7457561,0.024783675378319478,-0.018675022996339326,4.246560603027403,-9.48,-18.67,-0.02,20.834686,0.046863113,0.4781347
0 days 00:00:03.820000,0.003419901912691592,-1.5342840000000002,0.14126400000000003,10.4967,60.641313649978606,60.641313649978606,60.641313649978606,60.641313649978606,0.019198621771937627,0.09075712110370514,0.01117010721276371,-18.0,2.99,73.35,1,2,100.0,4,0.03,20.830000000000002,-0.1,52.648552099999996,9.745760299999999,34.34,33.71,52.6485384,9.745754699999999,0.02495820830351891,-0.019547687622336492,4.246735135952603,-9.48,-18.67,-0.02,20.824066,0.04264648,0.5062267
0 days 00:00:03.830000,0.0035378295648533704,-6.188148000000001,0.149112,8.726976,62.67383397518186,62.67383397518186,62.67383397518186,62.67383397518186,0.009773843811168246,0.017104226669544427,0.00645771823237902,-13.0,2.99,72.0,1,2,100.0,4,0.025,20.77,-0.09,52.6485437,9.7457534,34.32,33.7,52.6485367,9.7457534,0.02495820830351891,-0.019722220547535925,4.246735135952603,-9.395,-18.57,0.055,20.764185,0.0374597,0.49880704
0 days 00:00:03.840000,0.0036557572170151493,-3.6257760000000006,1.0516320000000001,7.471296000000001,65.2211703038083,65.2211703038083,65.2211703038083,65.2211703038083,-0.002617993877991494,-0.0031415926535897933,0.006806784082777885,-13.0,2.99,68.85,1,2,100.0,4,0.035,20.735,-0.065,52.6485437,9.7457534,34.32,33.7,52.648534999999995,9.745752,0.02495820830351891,-0.019722220547535925,4.246735135952603,-9.395,-18.57,0.055,20.729687,0.046815597,0.47288013
0 days 00:00:03.850000,0.0037736848691769286,-0.9966960000000001,0.3924,10.100376,67.19351732991015,67.19351732991015,67.19351732991015,67.19351732991015,-0.0038397243543875246,0.09704030641088472,0.009948376736367679,-23.0,2.99,65.7,1,2,100.0,4,0.035,20.725,-0.07,52.6485437,9.7457534,34.32,33.7,52.6485334,9.7457506,0.02495820830351891,-0.020594885173533087,4.246909668877802,-9.395,-18.57,0.055,20.719164,0.04738665,0.49575582
0 days 00:00:03.860000,0.004009540173500487,-5.242464,-0.153036,9.86886,67.83536585365853,67.83536585365853,67.83536585365853,67.83536585365853,-0.006108652381980153,0.05480333851262195,0.00645771823237902,-25.0,2.99,71.25,1,2,100.0,4,0.03,20.675,-0.07,52.6485437,9.7457534,34.32,33.7,52.6485317,9.7457493,0.02495820830351891,-0.02111848394913139,4.246909668877802,-9.395,-18.57,0.055,20.668911,0.04263259,0.50567013
0 days 00:00:03.870000,0.0037736848691769286,-4.202604,-0.007848,8.7309,67.53449935815148,67.53449935815148,67.53449935815148,67.53449935815148,-0.013788101090755204,0.00034906585039886593,-0.0005235987755982988,-3.0,2.99,76.8,1,2,100.0,4,0.025,20.635,-0.06,52.6485437,9.7457534,34.32,33.71,52.648530099999995,9.7457479,0.024783675378319478,-0.02111848394913139,4.246909668877802,-9.395,-18.57,0.055,20.629133,0.037277177,0.4949624
0 days 00:00:03.880000,0.0037736848691769286,-1.1732760000000002,0.14126400000000003,10.724292,66.77899015832264,66.77899015832264,66.77899015832264,66.77899015832264,-0.011344640137963142,0.07714355293814937,-0.01064650843716541,-3.0,2.99,79.94999999999999,1,2,100.0,4,0.025,20.625,-0.07,52.6485354,9.745747399999999,34.19,33.7,52.6485284,9.7457465,0.024609142453120045,-0.02199114857512855,4.246909668877802,-9.3,-18.51,0.1,20.618473,0.03787436,0.52274024
0 days 00:00:03.890000,0.004009540173500487,-4.49298,0.40809600000000007,9.091908000000002,65.40837612323493,65.40837612323493,65.40837612323493,65.40837612323493,-0.016755160819145562,0.02391101075232232,-0.008028514559173916,-6.0,2.99,83.1,1,2,100.0,4,0.03,20.585,-0.065,52.6485354,9.745747399999999,34.19,33.7,52.6485267,9.7457452,0.024434609527920616,-0.022165681500327987,4.246735135952603,-9.3,-18.51,0.1,20.578503,0.04272576,0.5203387
0 days 00:00:03.900000,0.004127467825662266,-3.59046,0.5886000000000001,7.302564000000001,65.05402225074882,65.05402225074882,65.05402225074882,65.05402225074882,-0.033859387488689996,0.030368728984701335,-0.00645771823237902,-6.0,2.99,85.94999999999999,1,2,100.0,4,0.035,20.55,-0.04,52.6485354,9.745747399999999,34.19,33.7,52.6485251,9.7457438,0.02408554367752175,-0.022514747350726852,4.246735135952603,-9.3,-18.51,0.1,20.54389,0.047094766,0.50164014
0 days 00:00:03.910000,0.004009540173500487,-3.2255280000000006,0.8829000000000001,8.75052,64.33194266153187,64.33194266153187,64.33194266153187,64.33194266153187,-0.045029494701453704,0.09005898940290741,-0.011693705988362009,-4.0,2.99,88.8,1,2,100.0,4,0.045,20.52,-0.03,52.6485354,9.745747399999999,34.19,33.7,52.648523399999995,9.7457425,0.023736477827122883,-0.023387411976724018,4.246735135952603,-9.3,-18.51,0.1,20.513687,0.057088416,0.5086461
0 days 00:00:03.920000,0.0038916125213387075,-6.14106,1.283148,8.275716000000001,64.80664313222078,64.80664313222078,64.80664313222078,64.80664313222078,-0.05864306286700947,0.032812189937493394,-0.00471238898038469,-4.0,2.99,90.15,1,2,100.0,4,0.055,20.46,-0.015,52.6485354,9.745747399999999,34.19,33.7,52.6485218,9.7457411,0.02303834612632515,-0.023736477827122883,4.246560603027403,-9.3,-18.51,0.1,20.453878,0.066517346,0.49919865
0 days 00:00:03.930000,0.004127467825662266,-3.5983080000000003,0.45518400000000003,11.261880000000001,66.23743046640992,66.23743046640992,66.23743046640992,66.23743046640992,-0.02076941809873252,0.03316125578789226,0.0008726646259971648,-14.0,2.99,91.5,1,2,100.0,4,0.06,20.425,-0.03,52.648527099999995,9.7457406,34.2,33.7,52.6485201,9.745739799999999,0.022863813201125717,-0.02408554367752175,4.246560603027403,-9.19,-18.385,0.155,20.418352,0.07191569,0.5203828
0 days 00:00:03.940000,0.004245395477824045,-2.6683200000000005,0.062784,10.429992000000002,66.59847026101839,66.59847026101839,66.59847026101839,66.59847026101839,0.014660765716752367,0.034208453339088854,0.005759586531581288,-16.0,2.99,95.25,1,2,100.0,4,0.055,20.400000000000002,-0.04,52.648527099999995,9.7457406,34.2,33.7,52.648518499999994,9.745738399999999,0.02303834612632515,-0.024434609527920616,4.246735135952603,-9.19,-18.385,0.155,20.392933,0.06738825,0.53699464
0 days 00:00:03.950000,0.004363323129985823,-2.7036360000000004,-0.5729040000000001,9.888480000000001,66.35109114249036,66.35109114249036,66.35109114249036,66.35109114249036,0.033859387488689996,0.053407075111026485,0.003316125578789226,-14.0,2.99,99.0,1,2,100.0,4,0.045,20.375,-0.04,52.648527099999995,9.7457406,34.2,33.7,52.6485169,9.7457371,0.023387411976724018,-0.02495820830351891,4.246735135952603,-9.19,-18.385,0.155,20.367657,0.057813544,0.54725593
0 days 00:00:03.960000,0.004009540173500487,-4.35564,0.655308,7.4634480000000005,64.90024604193411,64.90024604193411,64.90024604193411,64.90024604193411,0.014137166941154071,0.02199114857512855,-0.002617993877991494,-14.0,2.99,95.55,1,2,100.0,4,0.05,20.335,-0.02,52.648527099999995,9.7457406,34.2,33.7,52.6485152,9.7457357,0.02356194490192345,-0.025132741228718343,4.246735135952603,-9.19,-18.385,0.155,20.328074,0.062496692,0.5296888
0 days 00:00:03.970000,0.0038916125213387075,-3.500208,0.6160680000000002,7.125984000000001,63.970902866923396,63.970902866923396,63.970902866923396,63.970902866923396,0.0031415926535897933,0.03822271061867582,-0.0022689280275926286,-17.0,2.99,92.1,1,2,100.0,4,0.055,20.3,0.01,52.648527099999995,9.7457406,34.2,33.7,52.6485136,9.7457344,0.02356194490192345,-0.02548180707911721,4.246735135952603,-9.19,-18.385,0.155,20.293665,0.066934906,0.50579137
0 days 00:00:03.980000,0.004127467825662266,-3.9593160000000003,0.875052,9.488232000000002,64.11130723149337,64.11130723149337,64.11130723149337,64.11130723149337,0.0031415926535897933,0.0895353906273091,0.0017453292519943296,-19.0,2.99,98.69999999999999,1,1,100.0,4,0.06,20.265,0.01,52.6485189,9.7457339,34.2,33.69,52.648511899999995,9.745733099999999,0.02356194490192345,-0.026354471705114377,4.246735135952603,-9.09,-18.26,0.07,20.258226,0.072329015,0.522456
0 days 00:00:03.990000,0.004009540173500487,-5.783976,-0.07063200000000001,9.935568000000002,65.14762516046214,65.14762516046214,65.14762516046214,65.14762516046214,-0.007853981633974483,0.05707226654021458,0.0006981317007977319,-21.0,2.99,105.29999999999998,1,1,100.0,4,0.055,20.21,0.005,52.6485189,9.7457339,34.2,33.69,52.6485103,9.7457317,0.02356194490192345,-0.027052603405912107,4.246735135952603,-9.09,-18.26,0.07,20.20274,0.06774631,0.5402221
0 days 00:00:04,0.0036557572170151493,-5.226768000000001,0.10987200000000001,10.716444000000001,66.25748823277706,66.25748823277706,66.25748823277706,66.25748823277706,0.0036651914291880917,-0.0291469985083053,-0.00034906585039886593,-24.0,2.99,110.39999999999999,1,1,100.0,4,0.055,20.16,-0.005,52.6485189,9.7457339,34.2,33.69,52.6485087,9.7457304,0.02356194490192345,-0.026703537555513242,4.246735135952603,-9.09,-18.26,0.07,20.15268,0.06778423,0.54183096
0 days 00:00:04.010000,0.003419901912691592,-1.5068160000000002,0.43556400000000006,8.989884,65.83627513906717,65.83627513906717,65.83627513906717,65.83627513906717,0.015358897417550098,-0.048869219055841226,0.0012217304763960308,-27.0,2.99,115.5,1,1,100.0,4,0.06,20.150000000000002,0.005,52.6485189,9.7457339,34.2,33.69,52.648507099999996,9.7457291,0.023736477827122883,-0.026179938779914945,4.246735135952603,-9.09,-18.26,0.07,20.143227,0.07238346,0.52089596
0 days 00:00:04.020000,0.003301974260529812,-0.349236,0.6867000000000001,10.053288000000002,64.90024604193411,64.90024604193411,64.90024604193411,64.90024604193411,0.010122909661567111,0.0715584993317675,-0.002967059728390361,-29.0,2.99,107.1,1,1,100.0,4,0.065,20.145,-0.0,52.6485189,9.7457339,34.2,33.69,52.6485055,9.7457277,0.023736477827122883,-0.026878070480712675,4.246735135952603,-9.09,-18.26,0.07,20.137724,0.07783125,0.5396983
0 days 00:00:04.030000,0.003301974260529812,-6.6472560000000005,0.16088400000000003,8.499384000000001,63.8772999572101,63.8772999572101,63.8772999572101,63.8772999572101,-0.00942477796076938,0.02495820830351891,-0.007330382858376183,-32.0,2.99,98.69999999999999,1,1,100.0,4,0.065,20.085,0.015,52.6485105,9.7457272,34.18,33.69,52.6485038,9.745726399999999,0.023736477827122883,-0.027227136331111543,4.246735135952603,-9.03,-18.095,0.06,20.077963,0.07760344,0.5301025
0 days 00:00:04.040000,0.0031840466083680333,-6.250932000000001,1.192896,7.863696000000001,63.29562473256312,63.29562473256312,63.29562473256312,63.29562473256312,-0.03577924966588375,-0.05078908123303499,-0.006806784082777885,-35.0,2.99,92.85,1,1,100.0,4,0.075,20.02,0.03,52.6485105,9.7457272,34.18,33.69,52.648502199999996,9.7457251,0.023387411976724018,-0.026703537555513242,4.246560603027403,-9.03,-18.095,0.06,20.013664,0.08677858,0.5026602
0 days 00:00:04.050000,0.0030661189562062544,-2.3073120000000005,0.9535320000000002,8.656344,62.92121309370989,62.92121309370989,62.92121309370989,62.92121309370989,-0.03752457891787808,-0.02600540585471551,0.006632251157578452,-37.0,2.99,87.0,1,1,100.0,4,0.08,20.0,0.04,52.6485105,9.7457272,34.18,33.69,52.6485006,9.7457238,0.022863813201125717,-0.026354471705114377,4.246735135952603,-9.03,-18.095,0.06,19.99411,0.09111376,0.485086
0 days 00:00:04.060000,0.0029481913040444755,-2.5780680000000005,-0.07063200000000001,11.599344000000002,62.74737911852802,62.74737911852802,62.74737911852802,62.74737911852802,-0.03700098014227979,0.0916297857297023,0.014311699866353502,-39.0,2.99,92.85,1,1,100.0,4,0.075,19.98,0.025,52.6485105,9.7457272,34.18,33.69,52.648499,9.7457225,0.022514747350726852,-0.027401669256310976,4.246909668877802,-9.03,-18.095,0.06,19.973185,0.0867423,0.5206053
0 days 00:00:04.070000,0.0028302636518826967,-7.753824000000001,0.447336,11.399220000000001,63.16190629011553,63.16190629011553,63.16190629011553,63.16190629011553,-0.02775073510670984,-0.01064650843716541,0.015009831567151233,-42.0,2.99,98.69999999999999,1,1,100.0,4,0.075,19.905,0.005,52.6485105,9.7457272,34.18,33.69,52.6484974,9.7457212,0.02234021442552742,-0.027227136331111543,4.246909668877802,-9.03,-18.095,0.06,19.897758,0.086974554,0.53508174
0 days 00:00:04.080000,0.002594408347559139,-3.6453960000000007,0.10987200000000001,10.06506,62.90115532734276,62.90115532734276,62.90115532734276,62.90115532734276,-0.019198621771937627,-0.09564404300928928,0.009948376736367679,-44.0,2.99,96.14999999999999,1,1,100.0,4,0.07,19.87,-0.0,52.648502199999996,9.7457203,34.28,33.68,52.6484958,9.7457199,0.022165681500327987,-0.026179938779914945,4.247084201803002,-8.925,-17.88,-0.075,19.863192,0.081511036,0.5184568
0 days 00:00:04.090000,0.0024764806953973596,1.3459320000000001,0.15696000000000002,10.080756000000001,62.165703893881044,62.165703893881044,62.165703893881044,62.165703893881044,-0.04153883619746504,0.020245819323134222,0.0005235987755982988,-47.0,2.99,93.6,1,1,100.0,4,0.07,19.885,-0.0,52.648502199999996,9.7457203,34.28,33.68,52.648494199999995,9.7457186,0.021642082724729686,-0.02652900463031381,4.247084201803002,-8.925,-17.88,-0.075,19.878004,0.08139821,0.525829
0 days 00:00:04.100000,0.0023585530432355803,-5.356260000000001,0.8004960000000001,9.558864000000002,61.249732563115096,61.249732563115096,61.249732563115096,61.249732563115096,-0.07400196028455958,0.023561944901923447,0.003316125578789226,-49.0,2.99,97.64999999999999,1,1,100.0,4,0.075,19.835,-0.0,52.648502199999996,9.7457203,34.28,33.68,52.6484926,9.745717299999999,0.020943951023931952,-0.026703537555513242,4.247084201803002,-8.925,-17.88,-0.075,19.827929,0.086074695,0.5279148
0 days 00:00:04.110000,0.0022406253910738014,-8.095212,1.0869480000000002,7.851924,61.66425973470261,61.66425973470261,61.66425973470261,61.66425973470261,-0.07993607974134029,-0.06684611035138281,0.011693705988362009,-52.0,2.99,101.69999999999999,1,1,100.0,4,0.085,19.755,0.02,52.648502199999996,9.7457203,34.28,33.68,52.648491,9.745716,0.020245819323134222,-0.02600540585471551,4.2472587347282005,-8.925,-17.88,-0.075,19.74884,0.09497697,0.49186367
0 days 00:00:04.120000,0.0024764806953973596,-4.073112,0.290376,9.613800000000001,62.96132862644416,62.96132862644416,62.96132862644416,62.96132862644416,-0.046774823953448036,-0.03944444109507185,0.017278759594743863,-54.0,2.99,100.94999999999999,1,1,100.0,4,0.08,19.72,0.02,52.648502199999996,9.7457203,34.28,33.68,52.648489399999995,9.745714699999999,0.019722220547535925,-0.025656340004316644,4.247433267653401,-8.925,-17.88,-0.075,19.714024,0.08956673,0.4842219
0 days 00:00:04.130000,0.0027123359997209178,-2.6055360000000003,-0.7848,10.076832000000001,64.50577663671373,64.50577663671373,64.50577663671373,64.50577663671373,-0.0012217304763960308,-0.01902408884673819,0.02076941809873252,-49.0,2.99,100.19999999999999,1,1,100.0,4,0.07,19.695,0.015,52.648494199999995,9.745713799999999,34.28,33.68,52.6484878,9.7457134,0.019722220547535925,-0.02548180707911721,4.247607800578599,-8.765,-17.68,-0.08,19.688988,0.079586826,0.48533967
0 days 00:00:04.140000,0.0024764806953973596,-2.9351520000000004,-0.94176,10.928340000000002,63.90404364569962,63.90404364569962,63.90404364569962,63.90404364569962,0.020245819323134222,-0.0027925268031909274,0.00890117918517108,-48.0,2.99,101.1,1,1,100.0,4,0.055,19.67,0.005,52.648494199999995,9.745713799999999,34.28,33.68,52.6484862,9.7457121,0.019896753472735357,-0.02548180707911721,4.2477823335038,-8.765,-17.68,-0.08,19.663742,0.064860724,0.4949821
0 days 00:00:04.150000,0.0018868424345884643,-4.010328,0.090252,9.441144000000001,62.31279418057338,62.31279418057338,62.31279418057338,62.31279418057338,-0.002967059728390361,-0.02426007660272118,-0.003490658503988659,-48.0,2.99,102.0,1,1,100.0,4,0.055,19.63,0.005,52.648494199999995,9.745713799999999,34.28,33.68,52.648484599999996,9.7457108,0.019896753472735357,-0.025132741228718343,4.247607800578599,-8.765,-17.68,-0.08,19.623926,0.064704165,0.48711443
0 days 00:00:04.160000,0.0017689147824266852,-4.159440000000001,0.45126,9.551016,60.07301026957638,60.07301026957638,60.07301026957638,60.07301026957638,-0.04834562028024293,-0.0015707963267948967,-0.007330382858376183,-45.0,2.99,107.55,1,1,100.0,4,0.06,19.59,0.01,52.648494199999995,9.745713799999999,34.28,33.68,52.6484831,9.7457095,0.01937315469713706,-0.025132741228718343,4.247607800578599,-8.765,-17.68,-0.08,19.584066,0.06933186,0.48104894
0 days 00:00:04.170000,0.0018868424345884643,-6.223464000000001,1.5342840000000002,8.562168,59.264013692768515,59.264013692768515,59.264013692768515,59.264013692768515,-0.05951572749300663,-0.045553093477052,0.004537856055185257,-41.0,2.99,113.1,1,1,100.0,4,0.07,19.53,0.02,52.648494199999995,9.745713799999999,34.28,33.68,52.648481499999995,9.7457082,0.01884955592153876,-0.024609142453120045,4.247607800578599,-8.765,-17.68,-0.08,19.52458,0.07866867,0.45917293
0 days 00:00:04.180000,0.0020047700867502436,-3.311856,1.0320120000000002,9.562788000000001,59.29075738125802,59.29075738125802,59.29075738125802,59.29075738125802,-0.03612831551628262,-0.0291469985083053,0.01117010721276371,-38.0,2.99,110.55,1,1,100.0,4,0.08,19.5,0.02,52.648486299999995,9.7457073,34.28,33.67,52.6484799,9.7457069,0.018500490071139894,-0.024434609527920616,4.2477823335038,-8.695,-17.51,0.025,19.494667,0.08843007,0.45487535
0 days 00:00:04.190000,0.0015330594781031272,-2.7428760000000003,0.003924,10.692900000000002,58.71576807873341,58.71576807873341,58.71576807873341,58.71576807873341,-0.034557519189487726,-0.0024434609527920616,0.006283185307179587,-24.0,2.99,108.0,1,1,100.0,4,0.075,19.475,0.01,52.648486299999995,9.7457073,34.28,33.67,52.6484783,9.7457057,0.01815142422074103,-0.024434609527920616,4.2477823335038,-8.695,-17.51,0.025,19.46943,0.08344247,0.46438164
0 days 00:00:04.200000,0.0012972041737795694,-4.128048000000001,0.062784,10.433916000000002,56.91056910569105,56.91056910569105,56.91056910569105,56.91056910569105,-0.028274333882308142,-0.06457718232379019,0.0012217304763960308,-21.0,2.99,101.55,1,1,100.0,4,0.075,19.435,0.005,52.648486299999995,9.7457073,34.28,33.67,52.6484768,9.7457044,0.01780235837034216,-0.023736477827122883,4.2477823335038,-8.695,-17.51,0.025,19.429644,0.08311049,0.4548691
0 days 00:00:04.210000,0.0012972041737795694,-3.1038840000000003,0.42771600000000004,9.119376,54.38997646555412,54.38997646555412,54.38997646555412,54.38997646555412,-0.01117010721276371,-0.046949356878647465,0.007853981633974483,-18.0,2.99,95.1,1,1,100.0,4,0.075,19.41,0.01,52.648486299999995,9.7457073,34.28,33.67,52.6484752,9.7457031,0.01780235837034216,-0.023212879051524585,4.247956866428999,-8.695,-17.51,0.025,19.405003,0.08283008,0.43911934
0 days 00:00:04.220000,0.001650987130264906,-2.6133840000000004,0.459108,8.793684,52.59814933675652,52.59814933675652,52.59814933675652,52.59814933675652,0.004537856055185257,-0.0038397243543875246,0.010995574287564275,-15.0,2.99,91.35,1,1,100.0,4,0.075,19.385,0.02,52.648486299999995,9.7457073,34.28,33.67,52.6484737,9.745701799999999,0.01780235837034216,-0.023212879051524585,4.247956866428999,-8.695,-17.51,0.025,19.380241,0.08264178,0.42854342
0 days 00:00:04.230000,0.0017689147824266852,-3.9671640000000004,-0.17658000000000004,9.496080000000001,51.54177364142062,51.54177364142062,51.54177364142062,51.54177364142062,0.002617993877991494,0.003490658503988659,0.01291543646475804,-24.0,2.99,87.6,1,1,100.0,4,0.07,19.345,0.02,52.6484786,9.7457009,34.300000000000004,33.67,52.6484721,9.7457006,0.01780235837034216,-0.023212879051524585,4.2481313993541985,-8.585,-17.330000000000002,-0.01,19.340252,0.07762605,0.42770416
0 days 00:00:04.240000,0.001650987130264906,-4.646016,-0.13734000000000002,9.095832000000001,52.24379546427043,52.24379546427043,52.24379546427043,52.24379546427043,-0.006283185307179587,-0.014311699866353502,0.007853981633974483,-37.0,2.99,89.55,1,1,100.0,4,0.065,19.3,0.03,52.6484786,9.7457009,34.300000000000004,33.67,52.648470499999995,9.7456993,0.017627825445142728,-0.02303834612632515,4.2481313993541985,-8.585,-17.330000000000002,-0.01,19.295568,0.07229817,0.41339853
0 days 00:00:04.250000,0.001650987130264906,-3.7160280000000006,-0.015696,10.021896000000002,52.59814933675652,52.59814933675652,52.59814933675652,52.59814933675652,0.005759586531581288,-0.0006981317007977319,0.006632251157578452,-30.0,2.99,91.5,1,1,100.0,4,0.065,19.265,0.025,52.6484786,9.7457009,34.300000000000004,33.67,52.648469,9.745697999999999,0.01780235837034216,-0.02303834612632515,4.248305932279397,-8.585,-17.330000000000002,-0.01,19.260464,0.07244495,0.41757768
0 days 00:00:04.260000,0.001650987130264906,-3.406032,0.007848,9.366588000000002,53.13970902866924,53.13970902866924,53.13970902866924,53.13970902866924,0.02583087292951608,-0.02391101075232232,0.005759586531581288,-30.0,2.99,95.1,1,1,100.0,4,0.06,19.235,0.03,52.6484786,9.7457009,34.300000000000004,33.67,52.648467399999994,9.7456968,0.017976891295541596,-0.022863813201125717,4.248305932279397,-8.585,-17.330000000000002,-0.01,19.23066,0.06735603,0.40861025
0 days 00:00:04.270000,0.001650987130264906,-1.7344080000000002,0.03531600000000001,9.244944,53.748127941805734,53.748127941805734,53.748127941805734,53.748127941805734,0.028274333882308142,0.013439035240356337,0.0013962634015954637,-21.0,2.99,98.69999999999999,1,1,100.0,4,0.06,19.22,0.035,52.6484786,9.7457009,34.300000000000004,33.67,52.6484659,9.7456955,0.01832595714594046,-0.02303834612632515,4.248305932279397,-8.585,-17.330000000000002,-0.01,19.215706,0.06746223,0.40659916
0 days 00:00:04.280000,0.0017689147824266852,-3.3040080000000005,0.631764,10.371132000000001,55.10537013264869,55.10537013264869,55.10537013264869,55.10537013264869,-0.00471238898038469,0.07278022980816354,-0.005759586531581288,-21.0,2.99,104.1,1,1,100.0,4,0.065,19.19,0.03,52.6484708,9.7456947,34.27,33.660000000000004,52.6484643,9.745694199999999,0.01832595714594046,-0.023736477827122883,4.248305932279397,-8.565,-17.17,-0.045,19.185307,0.072785765,0.42420614
0 days 00:00:04.290000,0.0018868424345884643,-6.611940000000001,0.20404800000000003,10.441764000000001,57.56578947368421,57.56578947368421,57.56578947368421,57.56578947368421,-0.03612831551628262,-0.011868238913561443,-0.003490658503988659,-13.0,2.99,109.5,1,1,100.0,4,0.065,19.125,0.02,52.6484708,9.7456947,34.27,33.660000000000004,52.6484628,9.745693,0.017976891295541596,-0.02356194490192345,4.248305932279397,-8.565,-17.17,-0.045,19.120163,0.07272968,0.42934805
0 days 00:00:04.300000,0.0020047700867502436,-3.229452,1.247832,9.233172000000001,60.80846170303808,60.80846170303808,60.80846170303808,60.80846170303808,-0.06544984694978735,-0.03787364476827695,0.0019198621771937623,-13.0,2.99,109.2,1,1,100.0,4,0.075,19.095,0.025,52.6484708,9.7456947,34.27,33.660000000000004,52.6484612,9.7456917,0.017278759594743863,-0.023212879051524585,4.248305932279397,-8.565,-17.17,-0.045,19.090435,0.08221472,0.41685858
0 days 00:00:04.310000,0.0018868424345884643,-1.7658000000000003,0.054936000000000006,9.684432000000001,63.54300385109115,63.54300385109115,63.54300385109115,63.54300385109115,-0.0651007810993885,0.02583087292951608,0.003490658503988659,-9.0,2.99,108.9,1,1,100.0,4,0.075,19.080000000000002,0.025,52.6484708,9.7456947,34.27,33.660000000000004,52.6484597,9.7456905,0.016580627893946133,-0.023387411976724018,4.248305932279397,-8.565,-17.17,-0.045,19.075367,0.0819731,0.41989654
0 days 00:00:04.320000,0.0017689147824266852,-4.956012,0.12164400000000002,7.596864000000001,63.62323491655968,63.62323491655968,63.62323491655968,63.62323491655968,-0.03804817769347638,-0.025132741228718346,0.002617993877991494,-8.0,2.99,104.1,1,1,100.0,4,0.075,19.03,0.045,52.6484708,9.7456947,34.27,33.660000000000004,52.6484582,9.7456892,0.016231562043547264,-0.023212879051524585,4.248305932279397,-8.565,-17.17,-0.045,19.025919,0.08142912,0.39544404
0 days 00:00:04.330000,0.0017689147824266852,-2.758572,0.361008,9.739368,63.108418913136504,63.108418913136504,63.108418913136504,63.108418913136504,-0.008377580409572781,0.03804817769347638,-0.006806784082777885,-18.0,2.99,99.29999999999998,1,1,100.0,4,0.075,19.005,0.045,52.6484635,9.745688399999999,34.480000000000004,33.660000000000004,52.648456599999996,9.745688,0.016231562043547264,-0.02356194490192345,4.248305932279397,-8.505,-17.04,-0.005,19.000784,0.08152735,0.40149546
0 days 00:00:04.340000,0.0017689147824266852,-3.3785640000000003,0.180504,9.762912000000002,61.80466409927257,61.80466409927257,61.80466409927257,61.80466409927257,-0.0010471975511965976,0.01361356816555577,-0.009948376736367679,-19.0,2.99,96.14999999999999,1,1,100.0,4,0.08,18.975,0.045,52.6484635,9.745688399999999,34.480000000000004,33.660000000000004,52.6484551,9.7456867,0.016057029118347832,-0.023736477827122883,4.2481313993541985,-8.505,-17.04,-0.005,18.970724,0.08649844,0.40403324
0 days 00:00:04.350000,0.0017689147824266852,-2.7036360000000004,0.6396120000000001,9.511776000000001,60.942180145485665,60.942180145485665,60.942180145485665,60.942180145485665,-0.016057029118347832,0.02199114857512855,-0.00890117918517108,-18.0,2.99,93.0,1,1,100.0,4,0.085,18.95,0.05,52.6484635,9.745688399999999,34.480000000000004,33.660000000000004,52.648453599999996,9.7456855,0.016057029118347832,-0.023911010752322315,4.2481313993541985,-8.505,-17.04,-0.005,18.94578,0.091461115,0.401668
0 days 00:00:04.360000,0.0017689147824266852,-4.0770360000000005,0.592524,11.006820000000001,60.72154471544715,60.72154471544715,60.72154471544715,60.72154471544715,-0.018675022996339326,0.05550147021341968,-0.00890117918517108,-18.0,2.99,94.19999999999999,1,1,100.0,4,0.09,18.915,0.035,52.6484635,9.745688399999999,34.480000000000004,33.660000000000004,52.6484521,9.745684299999999,0.015707963267948967,-0.024434609527920616,4.247956866428999,-8.505,-17.04,-0.005,18.91021,0.0966982,0.42567876
0 days 00:00:04.370000,0.0018868424345884643,-6.4667520000000005,-0.30999600000000005,10.155312000000002,61.32327770646127,61.32327770646127,61.32327770646127,61.32327770646127,0.01361356816555577,-0.011344640137963142,-0.004886921905584123,-20.0,2.99,95.39999999999999,1,1,100.0,4,0.085,18.85,0.03,52.6484635,9.745688399999999,34.480000000000004,33.660000000000004,52.648450499999996,9.745683,0.0158824961931484,-0.024434609527920616,4.247956866428999,-8.505,-17.04,-0.005,18.845106,0.09182729,0.42915127
0 days 00:00:04.380000,0.0022406253910738014,-3.1274280000000005,0.45518400000000003,9.723672,62.31948010269576,62.31948010269576,62.31948010269576,62.31948010269576,0.03577924966588375,-0.022689280275926284,-0.004537856055185257,-23.0,2.99,95.1,1,1,100.0,4,0.09,18.82,0.03,52.648455899999995,9.7456822,34.480000000000004,33.660000000000004,52.648449,9.7456818,0.016231562043547264,-0.02408554367752175,4.247956866428999,-8.39,-16.92,-0.04,18.815264,0.096857935,0.4217383
0 days 00:00:04.390000,0.0020047700867502436,-1.208592,-0.6278400000000001,11.450232000000002,62.01192768506633,62.01192768506633,62.01192768506633,62.01192768506633,0.04084070449666731,0.006108652381980153,-0.009773843811168246,-26.0,2.99,94.8,1,1,100.0,4,0.085,18.81,0.015,52.648455899999995,9.7456822,34.480000000000004,33.660000000000004,52.648447499999996,9.7456806,0.016755160819145562,-0.024260076602721184,4.2477823335038,-8.39,-16.92,-0.04,18.804829,0.092381634,0.43980557
0 days 00:00:04.400000,0.0018868424345884643,-3.578688,-0.4198680000000001,10.33974,61.5104835258879,61.5104835258879,61.5104835258879,61.5104835258879,0.022863813201125717,-0.024434609527920613,-0.017627825445142728,-28.0,2.99,91.19999999999999,1,1,100.0,4,0.08,18.78,0.01,52.648455899999995,9.7456822,34.480000000000004,33.660000000000004,52.648446,9.745679299999999,0.016929693744344994,-0.023911010752322315,4.247607800578599,-8.39,-16.92,-0.04,18.77487,0.08742046,0.43759167
0 days 00:00:04.410000,0.0021226977389120225,-3.998556,0.521892,6.8356080000000015,60.53433889602054,60.53433889602054,60.53433889602054,60.53433889602054,-0.007155849933176751,-0.0497418836818384,-0.02129301687433082,-31.0,2.99,87.6,1,1,100.0,4,0.09,18.740000000000002,0.04,52.648455899999995,9.7456822,34.480000000000004,33.660000000000004,52.6484445,9.7456781,0.016929693744344994,-0.02356194490192345,4.247433267653401,-8.39,-16.92,-0.04,18.73574,0.09678441,0.39993998
0 days 00:00:04.420000,0.0024764806953973596,-3.2412240000000003,0.7534080000000001,7.969644000000001,60.37387676508343,60.37387676508343,60.37387676508343,60.37387676508343,-0.01884955592153876,0.04066617157146788,-0.021467549799530253,-33.0,2.99,86.1,1,1,100.0,4,0.1,18.71,0.055,52.648455899999995,9.7456822,34.480000000000004,33.65,52.648443,9.7456769,0.016580627893946133,-0.023911010752322315,4.2472587347282005,-8.39,-16.92,-0.04,18.705965,0.106491335,0.39063618
0 days 00:00:04.430000,0.0023585530432355803,-6.074352000000001,0.5493600000000001,9.566712,60.48753744116387,60.48753744116387,60.48753744116387,60.48753744116387,-0.039968039870670144,0.022863813201125717,-0.023038346126325153,-36.0,2.99,84.6,1,1,100.0,4,0.11,18.650000000000002,0.055,52.648447999999995,9.7456762,34.410000000000004,33.65,52.6484415,9.7456757,0.016231562043547264,-0.02408554367752175,4.246909668877802,-8.35,-16.785,-0.005,18.645914,0.11638319,0.3923306
0 days 00:00:04.440000,0.0022406253910738014,-5.199300000000001,0.5846760000000001,9.912024,61.3767650834403,61.3767650834403,61.3767650834403,61.3767650834403,-0.03700098014227979,-0.05777039824101231,-0.019896753472735357,-37.0,2.99,88.05,1,1,100.0,4,0.115,18.6,0.055,52.648447999999995,9.7456762,34.410000000000004,33.65,52.64844,9.7456744,0.0158824961931484,-0.02356194490192345,4.246735135952603,-8.35,-16.785,-0.005,18.596132,0.12107184,0.3813522
0 days 00:00:04.450000,0.0023585530432355803,-0.9339120000000001,-0.011772000000000001,11.642508000000001,61.14944373127942,61.14944373127942,61.14944373127942,61.14944373127942,-0.004537856055185257,0.027925268031909273,-0.020071286397934793,-39.0,2.99,91.5,1,1,100.0,4,0.12,18.595,0.035,52.648447999999995,9.7456762,34.410000000000004,33.65,52.6484385,9.745673199999999,0.0158824961931484,-0.023911010752322315,4.246560603027403,-8.35,-16.785,-0.005,18.59052,0.12648994,0.4076354
0 days 00:00:04.460000,0.002594408347559139,-5.06196,-0.596448,10.845936000000002,60.400620453572955,60.400620453572955,60.400620453572955,60.400620453572955,0.03368485456349056,0.021467549799530253,-0.01658062789394613,-39.0,2.99,90.6,1,1,100.0,4,0.115,18.545,0.025,52.648447999999995,9.7456762,34.410000000000004,33.65,52.648436999999994,9.745671999999999,0.016231562043547264,-0.02408554367752175,4.246386070102204,-8.35,-16.785,-0.005,18.540224,0.12182827,0.4197084
0 days 00:00:04.470000,0.0024764806953973596,-5.230692,-0.7063200000000002,9.386208000000002,59.77882969619171,59.77882969619171,59.77882969619171,59.77882969619171,0.048171087355043496,-0.02565634000431664,-0.023038346126325153,-40.0,2.99,89.69999999999999,1,1,100.0,4,0.11,18.495,0.025,52.648447999999995,9.7456762,34.410000000000004,33.65,52.6484355,9.7456708,0.016580627893946133,-0.023736477827122883,4.246211537177004,-8.35,-16.785,-0.005,18.490385,0.11684848,0.4120913
0 days 00:00:04.480000,0.0023585530432355803,-1.8639000000000001,0.47872800000000004,10.284804000000001,59.337558836114674,59.337558836114674,59.337558836114674,59.337558836114674,-0.0036651914291880917,0.031415926535897934,-0.032114058236695664,-40.0,2.99,83.99999999999999,1,1,100.0,4,0.12,18.48,0.02,52.6484406,9.7456707,34.300000000000004,33.65,52.648433999999995,9.7456696,0.016580627893946133,-0.02408554367752175,4.245862471326605,-8.245000000000001,-16.62,-0.03,18.475122,0.127031,0.42301562
0 days 00:00:04.490000,0.002594408347559139,-4.720572000000001,0.192276,11.014668,59.9994651262302,59.9994651262302,59.9994651262302,59.9994651262302,-0.030194196059501903,-0.0041887902047863905,-0.029670597283903602,-41.0,2.99,78.3,1,1,100.0,4,0.125,18.435,0.01,52.6484406,9.7456707,34.300000000000004,33.65,52.6484325,9.7456684,0.016231562043547264,-0.02408554367752175,4.245513405476206,-8.245000000000001,-16.62,-0.03,18.429893,0.13202736,0.43189096
0 days 00:00:04.500000,0.0028302636518826967,-4.029948,0.16873200000000002,10.143540000000002,60.21341463414634,60.21341463414634,60.21341463414634,60.21341463414634,-0.020245819323134222,-0.05078908123303499,-0.020943951023931952,-42.0,2.99,81.15,1,1,100.0,4,0.13,18.400000000000002,0.005,52.6484406,9.7456707,34.300000000000004,33.65,52.648430999999995,9.7456672,0.016057029118347832,-0.02356194490192345,4.245338872551008,-8.245000000000001,-16.62,-0.03,18.39501,0.1368634,0.4263585
0 days 00:00:04.510000,0.002594408347559139,-2.3426280000000004,0.015696,7.934328000000001,59.92591998288404,59.92591998288404,59.92591998288404,59.92591998288404,0.0027925268031909274,0.015533430342749534,-0.013264502315156903,-42.0,2.99,84.0,1,1,100.0,4,0.13,18.375,0.025,52.6484406,9.7456707,34.300000000000004,33.65,52.6484295,9.745666,0.016057029118347832,-0.023736477827122883,4.245164339625807,-8.245000000000001,-16.62,-0.03,18.370417,0.13658439,0.4089835
0 days 00:00:04.520000,0.0024764806953973596,-4.559688,0.019620000000000002,9.268488000000001,59.477963200684634,59.477963200684634,59.477963200684634,59.477963200684634,0.020245819323134222,0.07068583470577033,-0.015009831567151233,-43.0,2.99,83.4,1,1,100.0,4,0.13,18.335,0.03,52.6484406,9.7456707,34.300000000000004,33.65,52.6484281,9.7456648,0.016231562043547264,-0.024434609527920616,4.244989806700609,-8.245000000000001,-16.62,-0.03,18.33026,0.13676693,0.41580784
0 days 00:00:04.530000,0.0024764806953973596,-5.163984,-0.9692280000000001,11.391372,59.24395592640136,59.24395592640136,59.24395592640136,59.24395592640136,0.03159045946109736,0.02181661564992912,-0.022165681500327987,-50.0,2.99,82.8,1,1,100.0,4,0.125,18.285,0.01,52.6484332,9.7456646,34.29,33.64,52.6484266,9.7456636,0.016580627893946133,-0.024609142453120045,4.244815273775409,-8.185,-16.445,-0.06,18.279709,0.1322769,0.4378028
0 days 00:00:04.540000,0.0024764806953973596,-3.272616,-0.5729040000000001,11.414916,58.92971758664955,58.92971758664955,58.92971758664955,58.92971758664955,0.02583087292951608,0.020420352248333655,-0.021642082724729686,-50.0,2.99,82.65,1,1,100.0,4,0.12,18.255,-0.005,52.6484332,9.7456646,34.29,33.64,52.6484251,9.745662399999999,0.016929693744344994,-0.02495820830351891,4.24464074085021,-8.185,-16.445,-0.06,18.24919,0.12777963,0.45846575
0 days 00:00:04.550000,0.002535444521478249,-3.445272,-0.7848,11.783772,59.38436029097133,59.38436029097133,59.38436029097133,59.38436029097133,0.028448866807507574,0.034208453339088854,-0.016755160819145562,-50.0,2.99,82.5,1,1,100.0,4,0.115,18.225,-0.025,52.6484332,9.7456646,34.29,33.64,52.6484236,9.745661199999999,0.01710422666954443,-0.02530727415391778,4.24446620792501,-8.185,-16.445,-0.06,18.21853,0.1232983,0.48412985
0 days 00:00:04.560000,0.002594408347559139,-5.395500000000001,0.007848,8.80938,58.80937098844672,58.80937098844672,58.80937098844672,58.80937098844672,0.009075712110370514,-0.015707963267948967,-0.01884955592153876,-49.0,2.99,84.3,1,1,100.0,4,0.115,18.17,-0.02,52.6484332,9.7456646,34.29,33.64,52.6484222,9.745659999999999,0.017278759594743863,-0.025132741228718343,4.244291674999811,-8.185,-16.445,-0.06,18.16376,0.12321761,0.47454947
0 days 00:00:04.570000,0.0021226977389120225,-2.789964,-0.21974400000000002,7.7302800000000005,58.00037441163886,58.00037441163886,58.00037441163886,58.00037441163886,-0.03787364476827695,0.004537856055185257,-0.02391101075232232,-49.0,2.99,86.1,1,1,100.0,4,0.115,18.145,0.005,52.6484332,9.7456646,34.29,33.64,52.648420699999996,9.7456588,0.016929693744344994,-0.025132741228718343,4.2439426091494115,-8.185,-16.445,-0.06,18.139397,0.122618236,0.44897574
0 days 00:00:04.580000,0.0020047700867502436,-2.9586960000000007,0.8711280000000001,9.81,56.850395806589646,56.850395806589646,56.850395806589646,56.850395806589646,-0.06422811647339133,0.029845130209103034,-0.022514747350726852,-51.0,2.99,82.05,1,1,100.0,4,0.13,18.12,-0.0,52.6484258,9.7456585,34.29,33.64,52.6484192,9.7456576,0.016231562043547264,-0.02548180707911721,4.243768076224212,-8.13,-16.275,-0.015,18.114119,0.13747634,0.45950958
0 days 00:00:04.590000,0.0022406253910738014,-4.751964,0.9064440000000001,6.078276000000001,56.34226572528883,56.34226572528883,56.34226572528883,56.34226572528883,-0.04939281783143952,-0.04782202150464464,-0.0054105206811824215,-51.0,2.99,78.0,1,1,100.0,4,0.135,18.07,0.04,52.6484258,9.7456585,34.29,33.64,52.6484178,9.7456564,0.015707963267948967,-0.02495820830351891,4.243768076224212,-8.13,-16.275,-0.015,18.06537,0.14143844,0.40878925
0 days 00:00:04.600000,0.0024764806953973596,-1.185048,-1.05948,10.08468,56.40912494651262,56.40912494651262,56.40912494651262,56.40912494651262,-0.022165681500327987,0.13177235852557187,-0.00017453292519943296,-49.0,2.99,77.25,1,1,100.0,4,0.125,18.065,0.035,52.6484258,9.7456585,34.29,33.64,52.6484163,9.7456552,0.015533430342749533,-0.026354471705114377,4.243768076224212,-8.13,-16.275,-0.015,18.05965,0.13183567,0.43905574
0 days 00:00:04.610000,0.0020047700867502436,-7.549776000000001,0.5886000000000001,10.155312000000002,59.15035301668806,59.15035301668806,59.15035301668806,59.15035301668806,-0.027052603405912107,0.14695672301792254,-0.013264502315156903,-52.0,2.99,76.5,1,1,100.0,4,0.13,17.990000000000002,0.03,52.6484258,9.7456585,34.29,33.64,52.6484149,9.7456541,0.015184364492350668,-0.02775073510670984,4.2435935432990135,-8.13,-16.275,-0.015,17.983904,0.13710898,0.46715522
0 days 00:00:04.620000,0.0015330594781031272,-8.927100000000001,-1.424412,11.344284000000002,58.92971758664955,58.92971758664955,58.92971758664955,58.92971758664955,-0.034033920413889425,-0.017104226669544427,-0.027401669256310976,-51.0,2.99,77.4,1,1,100.0,4,0.12,17.905,0.01,52.6484258,9.7456585,34.29,33.64,52.648413399999995,9.7456529,0.014835298641951801,-0.02757620218151041,4.243244477448615,-8.13,-16.275,-0.015,17.89847,0.12716226,0.48185974
0 days 00:00:04.630000,0.0014151318259413483,-4.018176,0.506196,8.609256,59.003262729995726,59.003262729995726,59.003262729995726,59.003262729995726,-0.053232542185827056,-0.1275835683207855,-0.01815142422074103,-51.0,2.99,78.3,1,1,100.0,4,0.125,17.865000000000002,0.025,52.6484184,9.7456526,34.26,33.63,52.648412,9.7456517,0.014311699866353503,-0.026354471705114377,4.243069944523414,-8.055,-16.1,0.03,17.859453,0.1313668,0.44394222
0 days 00:00:04.640000,0.001650987130264906,3.048948,0.05101200000000001,9.292032,57.23817928968763,57.23817928968763,57.23817928968763,57.23817928968763,-0.052185344634630454,0.032114058236695664,-0.006981317007977318,-52.0,2.99,74.1,1,1,100.0,4,0.125,17.900000000000002,0.03,52.6484184,9.7456526,34.26,33.63,52.6484106,9.7456505,0.013788101090755204,-0.026703537555513242,4.243069944523414,-8.055,-16.1,0.03,17.894419,0.13116427,0.44618115
0 days 00:00:04.650000,0.0021226977389120225,-2.43288,0.42771600000000004,9.802152000000001,57.23817928968763,57.23817928968763,57.23817928968763,57.23817928968763,-0.029845130209103034,0.1303760951239764,0.0017453292519943296,-51.0,2.99,69.89999999999999,1,1,100.0,4,0.13,17.88,0.03,52.6484184,9.7456526,34.26,33.63,52.648409099999995,9.7456494,0.013439035240356337,-0.027925268031909273,4.243069944523414,-8.055,-16.1,0.03,17.873865,0.13629434,0.46746117
0 days 00:00:04.660000,0.0020047700867502436,-8.746596,-0.368856,6.980796000000001,57.15126230209671,57.15126230209671,57.15126230209671,57.15126230209671,0.00890117918517108,0.03159045946109736,-0.0005235987755982988,-51.0,2.99,71.55,1,1,100.0,4,0.125,17.79,0.055,52.6484184,9.7456526,34.26,33.63,52.6484077,9.7456482,0.013613568165555772,-0.028274333882308142,4.243069944523414,-8.055,-16.1,0.03,17.784445,0.1310865,0.4462122
0 days 00:00:04.670000,0.0017689147824266852,-4.783356,-1.1065680000000002,8.566092000000001,59.457905434317496,59.457905434317496,59.457905434317496,59.457905434317496,0.04328416544945937,0.045029494701453704,-0.006632251157578452,-51.0,2.99,73.2,1,1,100.0,4,0.115,17.745,0.065,52.6484184,9.7456526,34.26,33.63,52.6484063,9.745647,0.013962634015954637,-0.028623399732707007,4.243069944523414,-8.055,-16.1,0.03,17.739592,0.12117236,0.44123077
0 days 00:00:04.680000,0.0017689147824266852,-2.319084,-1.310616,12.41946,59.076807873341885,59.076807873341885,59.076807873341885,59.076807873341885,0.07557275661135446,0.061435589670200394,-0.012740903539558606,-51.0,2.99,76.35,1,1,100.0,4,0.1,17.725,0.04,52.6484114,9.7456464,34.26,33.63,52.648404799999994,9.7456459,0.014835298641951801,-0.029321531433504737,4.242895411598215,-7.965,-15.93,0.09,17.718554,0.10710474,0.47813055
0 days 00:00:04.690000,0.001650987130264906,-3.9318480000000005,-0.9339120000000001,11.595420000000003,57.418699186991866,57.418699186991866,57.418699186991866,57.418699186991866,0.06911503837897545,0.04136430327226561,-0.016057029118347832,-50.0,2.99,79.5,1,1,100.0,4,0.09,17.69,0.02,52.6484114,9.7456464,34.26,33.63,52.6484034,9.7456447,0.015533430342749533,-0.029670597283903602,4.2427208786730155,-7.965,-15.93,0.09,17.682808,0.097830184,0.50334585
0 days 00:00:04.700000,0.0011792765216177901,-5.050188,-0.7769520000000001,9.582408000000001,55.82076379974327,55.82076379974327,55.82076379974327,55.82076379974327,0.04276056667386108,0.014311699866353502,-0.020943951023931952,-50.0,2.99,79.8,1,1,100.0,4,0.085,17.645,0.02,52.6484114,9.7456464,34.26,33.63,52.648402,9.7456435,0.0158824961931484,-0.029845130209103034,4.242546345747817,-7.965,-15.93,0.09,17.63774,0.09303419,0.50513417
0 days 00:00:04.710000,0.0010613488694560112,-4.595004,1.636308,9.684432000000001,54.837933247753526,54.837933247753526,54.837933247753526,54.837933247753526,-0.0024434609527920616,0.04293509959906051,-0.020594885173533087,-50.0,2.99,80.1,1,1,100.0,4,0.105,17.6,0.02,52.6484114,9.7456464,34.26,33.63,52.648400599999995,9.7456423,0.0158824961931484,-0.030368728984701335,4.242371812822617,-7.965,-15.93,0.09,17.592491,0.11315663,0.5126842
0 days 00:00:04.720000,0.0015330594781031272,-5.097276000000001,0.36493200000000003,11.328588000000002,56.7969084296106,56.7969084296106,56.7969084296106,56.7969084296106,-0.005585053606381855,0.008028514559173916,-0.016929693744344998,-50.0,2.99,76.5,1,1,100.0,4,0.11,17.555,0.005,52.6484114,9.7456464,34.26,33.63,52.6483992,9.7456412,0.0158824961931484,-0.030368728984701335,4.242197279897417,-7.965,-15.93,0.09,17.547058,0.118372425,0.5262298
0 days 00:00:04.730000,0.0017689147824266852,-2.7507240000000004,-0.24721200000000002,7.655724,57.98031664527171,57.98031664527171,57.98031664527171,57.98031664527171,0.0020943951023931952,-0.10454522219446034,-0.005585053606381855,-53.0,2.99,72.89999999999999,1,1,100.0,4,0.11,17.53,0.025,52.648404299999996,9.7456406,34.26,33.62,52.6483977,9.74564,0.0158824961931484,-0.029321531433504737,4.242197279897417,-7.930000000000001,-15.735000000000001,0.025,17.523197,0.11775144,0.48713487
0 days 00:00:04.740000,0.0015330594781031272,2.507436,-0.23936400000000002,7.322184000000001,58.27449721865641,58.27449721865641,58.27449721865641,58.27449721865641,-0.006981317007977318,0.03787364476827695,-0.004014257279586958,-52.0,2.99,66.6,1,1,100.0,4,0.105,17.555,0.05,52.648404299999996,9.7456406,34.26,33.62,52.648396299999995,9.7456389,0.015707963267948967,-0.029670597283903602,4.242197279897417,-7.930000000000001,-15.735000000000001,0.025,17.548758,0.11238225,0.4691056
0 days 00:00:04.750000,0.0015330594781031272,-4.818672,0.16873200000000002,9.174312,56.53615746683782,56.53615746683782,56.53615746683782,56.53615746683782,0.009948376736367679,0.09512044423369097,-0.005585053606381855,-52.0,2.99,60.3,1,1,100.0,4,0.105,17.51,0.055,52.648404299999996,9.7456406,34.26,33.62,52.6483949,9.7456377,0.0158824961931484,-0.0307177948351002,4.242022746972218,-7.930000000000001,-15.735000000000001,0.025,17.50343,0.112654656,0.4810815
0 days 00:00:04.760000,0.0015330594781031272,-8.216856,-0.74556,10.457460000000001,56.20186136071887,56.20186136071887,56.20186136071887,56.20186136071887,0.003490658503988659,0.05270894341022875,-0.014311699866353502,-53.0,2.99,67.5,1,1,100.0,4,0.1,17.43,0.045,52.648404299999996,9.7456406,34.26,33.62,52.6483935,9.7456366,0.0158824961931484,-0.031241393610698498,4.242022746972218,-7.930000000000001,-15.735000000000001,0.025,17.422901,0.1079199,0.49781972
0 days 00:00:04.770000,0.001650987130264906,-6.863076,0.16480800000000004,11.116692,55.499839537869065,55.499839537869065,55.499839537869065,55.499839537869065,-0.015009831567151233,-0.05916666164260777,-0.009250245035569947,-51.0,2.99,74.7,1,1,100.0,4,0.1,17.365000000000002,0.03,52.648404299999996,9.7456406,34.26,33.62,52.648392099999995,9.7456354,0.015707963267948967,-0.030543261909900768,4.241848214047018,-7.930000000000001,-15.735000000000001,0.025,17.357817,0.10784627,0.49868283
0 days 00:00:04.780000,0.0018868424345884643,-1.271376,0.6160680000000002,11.501244000000002,56.51609970047069,56.51609970047069,56.51609970047069,56.51609970047069,-0.03630284844148206,-0.0619591884457987,-0.0054105206811824215,-50.0,2.99,80.7,1,1,100.0,4,0.105,17.355,0.015,52.6483972,9.7456347,34.26,33.62,52.6483907,9.745634299999999,0.0153588974175501,-0.030019663134302467,4.241848214047018,-7.8950000000000005,-15.565,-0.035,17.34763,0.112757675,0.5042475
0 days 00:00:04.790000,0.0021226977389120225,-0.7965720000000002,-0.9692280000000001,12.152628000000002,56.64313222079589,56.64313222079589,56.64313222079589,56.64313222079589,-0.06230825429619757,-0.007330382858376183,-0.0006981317007977319,-49.0,3.79,86.69999999999999,1,1,100.0,4,0.095,17.35,-0.01,52.6483972,9.7456347,34.26,33.62,52.6483893,9.7456331,0.014835298641951801,-0.029845130209103034,4.241848214047018,-7.8950000000000005,-15.565,-0.035,17.341976,0.10281832,0.5262643
0 days 00:00:04.800000,0.0020047700867502436,-6.097896,1.0516320000000001,9.001656,57.06434531450578,57.06434531450578,57.06434531450578,57.06434531450578,-0.0715584993317675,-0.06562437987498679,0.00017453292519943296,-49.0,3.79,87.0,1,1,100.0,4,0.105,17.295,-0.005,52.6483972,9.7456347,34.26,33.62,52.648387899999996,9.745631999999999,0.013962634015954637,-0.029321531433504737,4.241848214047018,-7.8950000000000005,-15.565,-0.035,17.287418,0.11213897,0.5105251
0 days 00:00:04.810000,0.0018868424345884643,-4.55184,-0.23936400000000002,9.37836,56.482670089858786,56.482670089858786,56.482670089858786,56.482670089858786,-0.0619591884457987,-0.0804596785169386,0.00034906585039886593,-49.0,3.79,87.3,1,1,100.0,4,0.1,17.25,-0.0,52.6483972,9.7456347,34.26,33.62,52.648386599999995,9.745630799999999,0.013439035240356337,-0.028448866807507574,4.241673681121819,-7.8950000000000005,-15.565,-0.035,17.24302,0.106584996,0.48928857
0 days 00:00:04.820000,0.0020047700867502436,-4.190832,-0.4316400000000001,8.695584000000002,56.42249679075737,56.42249679075737,56.42249679075737,56.42249679075737,-0.039095375244672985,-0.07504915783575616,0.004537856055185257,-51.0,3.79,87.44999999999999,1,1,100.0,4,0.095,17.21,0.01,52.6483972,9.7456347,34.26,33.62,52.6483852,9.7456297,0.013089969389957472,-0.02775073510670984,4.241848214047018,-7.8950000000000005,-15.565,-0.035,17.20365,0.10111167,0.46624914
0 days 00:00:04.830000,0.0024764806953973596,-2.0287080000000004,-0.14126400000000003,10.563408,55.88093709884467,55.88093709884467,55.88093709884467,55.88093709884467,-0.02495820830351891,-0.0439822971502571,0.0024434609527920616,-49.0,3.79,87.6,1,1,100.0,4,0.09,17.195,0.005,52.648390199999994,9.745629,34.24,33.61,52.6483838,9.7456286,0.012740903539558606,-0.027227136331111543,4.241848214047018,-7.745,-15.395,-0.03,17.188763,0.09589303,0.4619304
0 days 00:00:04.840000,0.0027123359997209178,-3.3510960000000005,0.3296160000000001,11.669976,55.27251818570817,55.27251818570817,55.27251818570817,55.27251818570817,-0.024609142453120045,-0.03106686068549907,0.0041887902047863905,-48.0,3.79,82.35,1,1,100.0,4,0.095,17.165,-0.015,52.648390199999994,9.745629,34.24,33.61,52.648382399999996,9.7456274,0.012566370614359171,-0.027052603405912107,4.241848214047018,-7.745,-15.395,-0.03,17.158314,0.10101535,0.47806424
0 days 00:00:04.850000,0.002594408347559139,-5.262084,-0.306072,11.002896000000002,55.74053273427471,55.74053273427471,55.74053273427471,55.74053273427471,-0.04014257279586959,-0.034033920413889425,-0.00471238898038469,-48.0,3.79,77.1,1,1,100.0,4,0.09,17.115000000000002,-0.03,52.648390199999994,9.745629,34.24,33.61,52.648381,9.7456263,0.012217304763960308,-0.026703537555513242,4.241848214047018,-7.745,-15.395,-0.03,17.108097,0.09594256,0.48583016
0 days 00:00:04.860000,0.0028302636518826967,-7.106364000000001,0.4434120000000001,10.669356000000002,55.927738553701325,55.927738553701325,55.927738553701325,55.927738553701325,-0.008203047484373348,-0.12164944886400476,0.0,-48.0,3.79,71.7,1,1,100.0,4,0.095,17.045,-0.04,52.648390199999994,9.745629,34.24,33.61,52.6483797,9.7456252,0.012042771838760876,-0.02548180707911721,4.241848214047018,-7.745,-15.395,-0.03,17.038448,0.10070459,0.473099
0 days 00:00:04.870000,0.0028302636518826967,-4.210452,-0.17265600000000003,8.934948,55.37280701754386,55.37280701754386,55.37280701754386,55.37280701754386,0.022689280275926284,-0.1340412865531645,0.007679448708775049,-47.0,3.79,66.3,1,1,100.0,4,0.09,17.005,-0.035,52.648390199999994,9.745629,34.24,33.61,52.6483783,9.745624,0.012391837689159739,-0.02408554367752175,4.241848214047018,-7.745,-15.395,-0.03,16.999224,0.09550144,0.44337553
0 days 00:00:04.880000,0.0030661189562062544,-1.7461800000000003,-0.5140440000000001,10.736064,53.78824347454,53.78824347454,53.78824347454,53.78824347454,0.06667157742618339,-0.05777039824101231,0.007330382858376183,-46.0,3.79,60.599999999999994,1,1,100.0,4,0.08,16.990000000000002,-0.04,52.648383499999994,9.745623199999999,34.25,33.61,52.648376899999995,9.745622899999999,0.012915436464758038,-0.02356194490192345,4.241848214047018,-7.63,-15.185,-0.075,16.98434,0.08567944,0.4391994
0 days 00:00:04.890000,0.0031840466083680333,-5.058036,0.34531200000000006,9.072288,51.78915275994865,51.78915275994865,51.78915275994865,51.78915275994865,0.08115781021773633,-0.05637413483941684,0.008377580409572781,-47.0,3.79,54.89999999999999,1,1,100.0,4,0.08,16.94,-0.035,52.648383499999994,9.745623199999999,34.25,33.61,52.648375599999994,9.7456218,0.013788101090755204,-0.022863813201125717,4.242022746972218,-7.63,-15.185,-0.075,16.934772,0.085814506,0.42112696
0 days 00:00:04.900000,0.0031840466083680333,-4.850064000000001,0.27075600000000005,8.381664,49.58279845956354,49.58279845956354,49.58279845956354,49.58279845956354,0.05742133239061344,-0.05619960191421742,-0.005759586531581288,-48.0,3.79,62.55,1,1,100.0,4,0.085,16.895,-0.025,52.648383499999994,9.745623199999999,34.25,33.61,52.6483742,9.7456207,0.014311699866353503,-0.02234021442552742,4.242022746972218,-7.63,-15.185,-0.075,16.890226,0.09075013,0.40114266
0 days 00:00:04.910000,0.0031840466083680333,-4.186908000000001,-0.6827760000000002,11.513016,47.757541720154045,47.757541720154045,47.757541720154045,47.757541720154045,0.05707226654021458,-0.07243116395776468,-0.00471238898038469,-48.0,3.79,70.2,1,1,100.0,4,0.075,16.855,-0.04,52.648383499999994,9.745623199999999,34.25,33.61,52.6483728,9.7456195,0.015009831567151233,-0.021642082724729686,4.241848214047018,-7.63,-15.185,-0.075,16.850187,0.0810664,0.40356818
0 days 00:00:04.920000,0.0037736848691769286,-3.496284,0.290376,12.129084000000002,47.42324561403508,47.42324561403508,47.42324561403508,47.42324561403508,0.052185344634630454,-0.08517206749732328,0.005235987755982988,-46.0,3.79,82.05,1,1,100.0,4,0.075,16.825,-0.065,52.648383499999994,9.745623199999999,34.25,33.61,52.648371499999996,9.7456184,0.015533430342749533,-0.02076941809873252,4.241848214047018,-7.63,-15.185,-0.075,16.820023,0.08142784,0.41319135
0 days 00:00:04.930000,0.004363323129985823,-4.477284000000001,0.21582000000000004,11.136312,47.57033590072743,47.57033590072743,47.57033590072743,47.57033590072743,0.0466002910282486,-0.0879645943005142,0.004014257279586958,-42.0,3.79,93.89999999999999,1,1,100.0,4,0.075,16.78,-0.08,52.648376799999994,9.7456175,34.25,33.61,52.6483701,9.7456173,0.0158824961931484,-0.019896753472735357,4.242022746972218,-7.6000000000000005,-14.965,0.03,16.77509,0.081562914,0.41258633
0 days 00:00:04.940000,0.004363323129985823,-4.591080000000001,-0.22759200000000002,10.873404,48.138639281129656,48.138639281129656,48.138639281129656,48.138639281129656,0.02775073510670984,-0.0958185759344887,-0.0024434609527920616,-42.0,3.79,91.79999999999998,1,1,100.0,4,0.075,16.740000000000002,-0.09,52.648376799999994,9.7456175,34.25,33.61,52.6483688,9.745616199999999,0.016231562043547264,-0.019024088846738195,4.241848214047018,-7.6000000000000005,-14.965,0.03,16.735258,0.081619255,0.40715668
0 days 00:00:04.950000,0.004363323129985823,-4.398804,0.357084,8.609256,49.44908001711596,49.44908001711596,49.44908001711596,49.44908001711596,0.017278759594743863,-0.1361356816555577,-0.0005235987755982988,-36.0,3.79,89.69999999999999,1,1,100.0,4,0.075,16.695,-0.08,52.648376799999994,9.7456175,34.25,33.61,52.6483675,9.7456151,0.0164060949687467,-0.017627825445142728,4.241848214047018,-7.6000000000000005,-14.965,0.03,16.690996,0.08112992,0.3729881
0 days 00:00:04.960000,0.00483503373863294,-1.208592,0.827964,8.354196,51.24759306803594,51.24759306803594,51.24759306803594,51.24759306803594,0.015707963267948967,-0.08063421144213802,0.00890117918517108,-36.0,3.79,87.89999999999999,1,1,100.0,4,0.08,16.685,-0.065,52.648376799999994,9.7456175,34.25,33.61,52.6483661,9.745614,0.016580627893946133,-0.016755160819145562,4.242022746972218,-7.6000000000000005,-14.965,0.03,16.681568,0.08570139,0.3431639
0 days 00:00:04.970000,0.005188816695118278,-2.5702200000000004,0.7416360000000001,10.257336000000002,53.594351732991015,53.594351732991015,53.594351732991015,53.594351732991015,0.018500490071139894,-0.009599310885968814,0.014311699866353502,-31.0,3.79,86.1,1,1,100.0,4,0.085,16.66,-0.07,52.648376799999994,9.7456175,34.25,33.61,52.648364799999996,9.7456129,0.016755160819145562,-0.016755160819145562,4.242022746972218,-7.6000000000000005,-14.965,0.03,16.656488,0.09083732,0.34764493
0 days 00:00:04.980000,0.005306744347280056,-5.191452,-0.28645200000000004,8.515080000000001,54.142597347026104,54.142597347026104,54.142597347026104,54.142597347026104,0.031241393610698498,-0.056548667764616284,0.016406094968746697,-30.0,3.79,87.0,2,1,100.0,4,0.08,16.61,-0.055,52.6483701,9.7456119,34.26,33.61,52.6483634,9.745611799999999,0.01710422666954443,-0.016231562043547264,4.242197279897417,-7.57,-14.76,0.105,16.60692,0.08553984,0.3231714
0 days 00:00:04.990000,0.004952961390794719,-2.5976880000000007,0.655308,8.832924000000002,54.423406076166025,54.423406076166025,54.423406076166025,54.423406076166025,0.010297442586766544,-0.015184364492350668,0.016755160819145562,-17.0,3.79,87.89999999999999,2,1,100.0,4,0.08,16.585,-0.05,52.6483701,9.7456119,34.26,33.61,52.6483621,9.7456107,0.017278759594743863,-0.016057029118347832,4.242371812822617,-7.57,-14.76,0.105,16.582058,0.08545285,0.3148585
0 days 00:00:05,0.00483503373863294,-3.1902120000000003,-0.48657600000000006,12.729456,54.34986093281985,54.34986093281985,54.34986093281985,54.34986093281985,0.03298672286269283,0.0158824961931484,0.01308996938995747,-17.0,3.79,83.1,2,1,100.0,4,0.07,16.555,-0.075,52.6483701,9.7456119,34.26,33.61,52.6483608,9.7456096,0.017627825445142728,-0.016231562043547264,4.242546345747817,-7.57,-14.76,0.105,16.551603,0.076047346,0.34240457
0 days 00:00:05.010000,0.005188816695118278,-5.31702,-0.3296160000000001,10.182780000000001,53.373716302952495,53.373716302952495,53.373716302952495,53.373716302952495,0.05166174585903216,-0.053232542185827056,0.01832595714594046,-1.0,3.79,78.3,2,1,100.0,4,0.065,16.505,-0.08,52.6483701,9.7456119,34.26,33.61,52.6483595,9.7456085,0.01815142422074103,-0.015707963267948967,4.2427208786730155,-7.57,-14.76,0.105,16.501705,0.07114663,0.33800372
0 days 00:00:05.020000,0.005306744347280056,-1.852128,0.054936000000000006,9.252792000000001,52.932445442875476,52.932445442875476,52.932445442875476,52.932445442875476,0.06684611035138281,-0.011693705988362009,0.019896753472735357,1.0,3.79,72.9,2,1,100.0,4,0.06,16.485,-0.075,52.6483701,9.7456119,34.26,33.61,52.648358099999996,9.745607399999999,0.018675022996339326,-0.015533430342749533,4.242895411598215,-7.57,-14.76,0.105,16.481846,0.06617153,0.3298711
0 days 00:00:05.030000,0.005306744347280056,-2.444652,-0.306072,9.272412000000001,52.45105905006419,52.45105905006419,52.45105905006419,52.45105905006419,0.07190756518216637,0.040491638646268445,0.017976891295541593,20.0,3.79,67.5,2,1,100.0,4,0.05,16.465,-0.07,52.6483637,9.7456063,34.300000000000004,33.61,52.648356799999995,9.7456063,0.019547687622336492,-0.0158824961931484,4.243069944523414,-7.47,-14.63,0.095,16.461811,0.056469813,0.33044484
0 days 00:00:05.040000,0.005306744347280056,-4.787280000000001,0.6435360000000001,7.581168000000001,52.818784766795034,52.818784766795034,52.818784766795034,52.818784766795034,0.07417649320975901,-0.005934119456780722,0.018675022996339326,23.0,5.29,64.35,2,1,100.0,4,0.055,16.415,-0.05,52.6483637,9.7456063,34.300000000000004,33.61,52.6483555,9.7456052,0.020245819323134222,-0.0158824961931484,4.243244477448615,-7.47,-14.63,0.095,16.412138,0.06127855,0.30951682
0 days 00:00:05.050000,0.005188816695118278,-2.2994640000000004,-0.40024800000000005,9.131148000000001,52.95250320924262,52.95250320924262,52.95250320924262,52.95250320924262,0.06789330790257941,0.04625122517784973,0.011519173063162576,25.0,5.29,61.2,2,1,100.0,4,0.045,16.395,-0.045,52.6483637,9.7456063,34.300000000000004,33.61,52.6483542,9.7456041,0.020943951023931952,-0.016231562043547264,4.243419010373813,-7.47,-14.63,0.095,16.39211,0.051505297,0.31008822
0 days 00:00:05.060000,0.005070889042956497,-4.869684,0.5258160000000001,10.057212000000002,52.52460419341035,52.52460419341035,52.52460419341035,52.52460419341035,0.053930673886624786,0.06597344572538566,0.012566370614359173,31.0,5.29,64.35,2,1,100.0,4,0.045,16.35,-0.045,52.6483637,9.7456063,34.300000000000004,33.61,52.6483529,9.7456031,0.021467549799530253,-0.016929693744344994,4.2435935432990135,-7.47,-14.63,0.095,16.346897,0.05189695,0.32074073
0 days 00:00:05.070000,0.005070889042956497,-5.862456000000001,0.20404800000000003,8.624952000000002,51.69554985023534,51.69554985023534,51.69554985023534,51.69554985023534,0.04415683007545654,-0.030194196059501903,0.022165681500327987,43.0,5.29,67.5,2,1,100.0,4,0.045,16.29,-0.035,52.6483637,9.7456063,34.300000000000004,33.61,52.6483515,9.745602,0.02199114857512855,-0.016580627893946133,4.243768076224212,-7.47,-14.63,0.095,16.287182,0.051697668,0.304018
0 days 00:00:05.080000,0.004952961390794719,-0.133416,0.702396,10.547712000000002,50.772892597347024,50.772892597347024,50.772892597347024,50.772892597347024,0.026529004630313806,0.0973893722612836,0.016057029118347832,43.0,5.29,73.05,2,1,100.0,4,0.045,16.29,-0.045,52.648357,9.745600699999999,34.29,33.61,52.648350199999996,9.7456009,0.022165681500327987,-0.017627825445142728,4.2439426091494115,-7.4350000000000005,-14.565,0.015,16.286676,0.052350353,0.3310565
0 days 00:00:05.090000,0.0047171060864711605,-4.398804,0.8161920000000001,10.422144000000001,50.26476251604621,50.26476251604621,50.26476251604621,50.26476251604621,0.0010471975511965976,0.0916297857297023,0.010297442586766544,50.0,5.29,78.6,2,1,100.0,4,0.05,16.25,-0.05,52.648357,9.745600699999999,34.29,33.61,52.648348899999995,9.745599799999999,0.022165681500327987,-0.018500490071139894,4.2439426091494115,-7.4350000000000005,-14.565,0.015,16.246294,0.057758532,0.34941292
0 days 00:00:05.100000,0.0045991784343093825,-5.2974000000000006,0.447336,9.162540000000002,50.224646983311935,50.224646983311935,50.224646983311935,50.224646983311935,-0.0041887902047863905,0.019896753472735357,0.014835298641951801,50.0,5.29,85.35,2,1,100.0,4,0.05,16.2,-0.045,52.648357,9.745600699999999,34.29,33.61,52.6483476,9.7455987,0.022165681500327987,-0.018675022996339326,4.244117142074611,-7.4350000000000005,-14.565,0.015,16.196335,0.057689883,0.34631637
0 days 00:00:05.110000,0.004481250782147603,-2.1542760000000003,0.5846760000000001,10.35936,50.318249893025246,50.318249893025246,50.318249893025246,50.318249893025246,-0.007504915783575617,0.10733774899765128,0.015707963267948967,52.0,5.29,92.1,2,1,100.0,4,0.05,16.18,-0.05,52.648357,9.745600699999999,34.29,33.61,52.6483463,9.7455977,0.02199114857512855,-0.019722220547535925,4.244291674999811,-7.4350000000000005,-14.565,0.015,16.175867,0.058103643,0.36788645
0 days 00:00:05.120000,0.004127467825662266,-5.662332000000001,1.02024,10.433916000000002,50.25807659392383,50.25807659392383,50.25807659392383,50.25807659392383,0.00017453292519943296,0.07347836150896127,0.016929693744344998,53.0,5.29,84.15,2,1,100.0,4,0.055,16.125,-0.06,52.648357,9.745600699999999,34.29,33.61,52.648345,9.745596599999999,0.022165681500327987,-0.020594885173533087,4.24446620792501,-7.4350000000000005,-14.565,0.015,16.120344,0.06367598,0.39074102
0 days 00:00:05.130000,0.0036557572170151493,-3.9553920000000002,0.251136,7.636104000000001,49.114783910997005,49.114783910997005,49.114783910997005,49.114783910997005,-0.009773843811168246,-0.03106686068549907,0.016406094968746697,47.0,5.29,76.2,2,1,100.0,4,0.055,16.085,-0.035,52.6483505,9.7455951,34.29,33.61,52.6483437,9.7455955,0.02199114857512855,-0.020245819323134222,4.24464074085021,-7.3950000000000005,-14.47,0.035,16.080996,0.06291661,0.35932794
0 days 00:00:05.140000,0.003301974260529812,0.9574560000000001,0.517968,7.33788,45.898855370132644,45.898855370132644,45.898855370132644,45.898855370132644,-0.017627825445142728,0.07504915783575616,0.01902408884673819,46.0,5.29,74.55,1,1,100.0,4,0.055,16.095,-0.01,52.6483505,9.7455951,34.29,33.61,52.6483424,9.7455945,0.02181661564992912,-0.020943951023931952,4.244815273775409,-7.3950000000000005,-14.47,0.035,16.091259,0.062558115,0.34578362
0 days 00:00:05.150000,0.003419901912691592,-2.6722440000000005,1.7422560000000002,10.916568,42.14136713735559,42.14136713735559,42.14136713735559,42.14136713735559,-0.032812189937493394,0.14870205226991687,0.024609142453120045,12.0,5.29,72.89999999999999,1,0,100.0,4,0.065,16.07,-0.025,52.6483505,9.7455951,34.29,33.61,52.6483412,9.745593399999999,0.021467549799530253,-0.022514747350726852,4.245164339625807,-7.3950000000000005,-14.47,0.035,16.065365,0.073287494,0.38529068
0 days 00:00:05.160000,0.0031840466083680333,-7.899012000000001,0.023544000000000002,9.554940000000002,39.35333761232349,39.35333761232349,39.35333761232349,39.35333761232349,-0.031415926535897934,0.02600540585471551,0.035953782591083186,10.0,5.29,76.05,1,0,100.0,4,0.055,15.995000000000001,-0.025,52.6483505,9.7455951,34.29,33.61,52.648339899999996,9.7455923,0.02111848394913139,-0.022689280275926284,4.245513405476206,-7.3950000000000005,-14.47,0.035,15.990315,0.06317851,0.38662955
0 days 00:00:05.170000,0.0028302636518826967,-2.2484520000000003,0.05101200000000001,9.660888,37.849005134788186,37.849005134788186,37.849005134788186,37.849005134788186,-0.02391101075232232,0.02583087292951608,0.04031710572106901,7.0,5.29,79.2,1,0,100.0,4,0.05,15.975,-0.025,52.6483505,9.7455951,34.29,33.61,52.648338599999995,9.7455913,0.020943951023931952,-0.022863813201125717,4.245862471326605,-7.3950000000000005,-14.47,0.035,15.970254,0.058160994,0.38907838
0 days 00:00:05.180000,0.0024764806953973596,-0.5611320000000001,-0.180504,10.390752000000003,37.88243474540008,37.88243474540008,37.88243474540008,37.88243474540008,-0.0041887902047863905,0.0736528944341607,0.02809980095710871,5.0,5.29,78.9,1,0,100.0,4,0.04,15.97,-0.03,52.648343999999994,9.7455897,34.29,33.61,52.648337299999994,9.745590199999999,0.020943951023931952,-0.023736477827122883,4.246211537177004,-7.265000000000001,-14.385,0.02,15.964789,0.04855725,0.4081001
0 days 00:00:05.190000,0.0024764806953973596,-3.896532,-0.40809600000000007,7.824456000000001,38.825149764655535,38.825149764655535,38.825149764655535,38.825149764655535,0.009948376736367679,0.017278759594743863,0.020594885173533087,3.0,5.29,78.6,1,0,100.0,4,0.03,15.935,-0.01,52.648343999999994,9.7455897,34.29,33.61,52.648336,9.7455892,0.020943951023931952,-0.023911010752322315,4.246386070102204,-7.265000000000001,-14.385,0.02,15.930205,0.038181547,0.3902688
0 days 00:00:05.200000,0.002594408347559139,-2.7311040000000006,1.1458080000000002,8.515080000000001,41.59312152332049,41.59312152332049,41.59312152332049,41.59312152332049,0.02565634000431664,0.03316125578789226,0.019896753472735357,1.0,3.79,75.75,1,0,100.0,4,0.04,15.91,0.005,52.648343999999994,9.7455897,34.29,33.61,52.6483347,9.745588099999999,0.02129301687433082,-0.02408554367752175,4.246560603027403,-7.265000000000001,-14.385,0.02,15.905505,0.048042603,0.37722802
0 days 00:00:05.210000,0.0028302636518826967,-4.5243720000000005,0.34531200000000006,10.343664,44.44801026957638,44.44801026957638,44.44801026957638,44.44801026957638,0.05009094953223726,0.06806784082777885,0.022165681500327987,-7.0,3.79,72.89999999999999,1,0,100.0,4,0.035,15.865,-0.005,52.648343999999994,9.7455897,34.29,33.61,52.6483335,9.7455871,0.02181661564992912,-0.024783675378319478,4.246909668877802,-7.265000000000001,-14.385,0.02,15.860003,0.04367729,0.39729294
0 days 00:00:05.220000,0.0028302636518826967,-5.391576,0.07848000000000001,7.844076000000001,47.12237911852803,47.12237911852803,47.12237911852803,47.12237911852803,0.06544984694978735,-0.009773843811168246,0.026354471705114374,-8.0,3.79,76.64999999999999,1,0,100.0,4,0.03,15.815,0.015,52.648343999999994,9.7455897,34.29,33.61,52.6483322,9.745586,0.022514747350726852,-0.024783675378319478,4.247084201803002,-7.265000000000001,-14.385,0.02,15.810515,0.038477898,0.3761474
0 days 00:00:05.230000,0.0027123359997209178,-0.596448,0.08240400000000002,8.640648,49.529311082584506,49.529311082584506,49.529311082584506,49.529311082584506,0.05742133239061344,0.06440264939859076,0.02129301687433082,-8.0,3.79,80.39999999999999,1,0,100.0,4,0.025,15.81,0.025,52.6483376,9.7455844,34.31,33.6,52.6483309,9.745585,0.02303834612632515,-0.02530727415391778,4.2472587347282005,-7.15,-14.25,0.035,15.805571,0.033633668,0.37439787
0 days 00:00:05.240000,0.0027123359997209178,-4.4380440000000005,1.047708,10.869480000000001,51.040329482242186,51.040329482242186,51.040329482242186,51.040329482242186,0.04450589592585541,0.09616764178488756,0.015009831567151233,-12.0,3.79,83.39999999999999,1,0,100.0,4,0.03,15.77,0.015,52.6483376,9.7455844,34.31,33.6,52.6483296,9.7455839,0.02356194490192345,-0.026354471705114377,4.247433267653401,-7.15,-14.25,0.035,15.764919,0.039428942,0.39974913
0 days 00:00:05.250000,0.0027123359997209178,-6.965100000000001,0.8397360000000001,9.201780000000001,51.69554985023534,51.69554985023534,51.69554985023534,51.69554985023534,0.026878070480712675,-0.019896753472735357,0.00645771823237902,-15.0,3.79,86.39999999999999,1,0,100.0,4,0.035,15.705,0.02,52.6483376,9.7455844,34.31,33.6,52.6483284,9.745582899999999,0.023736477827122883,-0.026179938779914945,4.247607800578599,-7.15,-14.25,0.035,15.700142,0.044272978,0.39017496
0 days 00:00:05.260000,0.002594408347559139,-2.7075600000000004,0.349236,9.896328000000002,51.32113821138212,51.32113821138212,51.32113821138212,51.32113821138212,0.012740903539558606,-0.019198621771937627,0.007853981633974483,-24.0,3.79,88.64999999999999,1,0,100.0,4,0.035,15.68,0.015,52.6483376,9.7455844,34.31,33.6,52.648327099999996,9.7455819,0.023911010752322315,-0.02600540585471551,4.247607800578599,-7.15,-14.25,0.035,15.675088,0.044379525,0.3917748
0 days 00:00:05.270000,0.0028302636518826967,-1.789344,0.7259400000000001,10.857708,50.9734702610184,50.9734702610184,50.9734702610184,50.9734702610184,-0.0015707963267948967,0.06597344572538566,0.00890117918517108,-27.0,3.79,90.89999999999999,1,0,100.0,4,0.04,15.665000000000001,0.005,52.6483376,9.7455844,34.31,33.6,52.648325899999996,9.745580799999999,0.023911010752322315,-0.02652900463031381,4.2477823335038,-7.15,-14.25,0.035,15.659621,0.049803816,0.40945616
0 days 00:00:05.280000,0.0031840466083680333,-6.541308000000001,1.2360600000000002,9.409752000000001,50.29819212665811,50.29819212665811,50.29819212665811,50.29819212665811,-0.02809980095710871,0.02600540585471551,0.008377580409572781,-29.0,3.79,89.25,1,0,100.0,4,0.05,15.6,0.01,52.648331199999994,9.7455784,34.53,33.6,52.648324599999995,9.7455798,0.02356194490192345,-0.026878070480712675,4.2477823335038,-7.125,-14.05,-0.06,15.594634,0.05962798,0.40795946
0 days 00:00:05.290000,0.0031840466083680333,-4.5675360000000005,0.5140440000000001,9.244944,50.492083868207104,50.492083868207104,50.492083868207104,50.492083868207104,-0.04206243497306335,-0.034732052114687155,0.002967059728390361,-10.0,3.79,87.6,1,0,100.0,4,0.05,15.555,0.01,52.648331199999994,9.7455784,34.53,33.6,52.648323299999994,9.745578799999999,0.023212879051524585,-0.02652900463031381,4.2477823335038,-7.125,-14.05,-0.06,15.549792,0.059331518,0.40134478
0 days 00:00:05.300000,0.0030661189562062544,-1.243908,0.231516,10.688976000000002,50.9734702610184,50.9734702610184,50.9734702610184,50.9734702610184,-0.04084070449666731,0.022863813201125717,-0.00034906585039886593,-10.0,3.79,89.69999999999999,1,0,100.0,4,0.05,15.55,0.005,52.648331199999994,9.7455784,34.53,33.6,52.648322099999994,9.7455778,0.022689280275926284,-0.026703537555513242,4.2477823335038,-7.125,-14.05,-0.06,15.54459,0.059293304,0.40895253
0 days 00:00:05.310000,0.0031840466083680333,-4.171212000000001,0.80442,9.798228,51.153990158322635,51.153990158322635,51.153990158322635,51.153990158322635,-0.05689773361501515,0.002967059728390361,-0.0027925268031909274,-6.0,3.79,91.8,1,0,100.0,4,0.055,15.51,-0.0,52.648331199999994,9.7455784,34.53,33.6,52.6483208,9.745576699999999,0.022165681500327987,-0.026703537555513242,4.2477823335038,-7.125,-14.05,-0.06,15.504471,0.06416505,0.41280192
0 days 00:00:05.320000,0.0029481913040444755,-4.869684,0.149112,8.4366,50.16447368421053,50.16447368421053,50.16447368421053,50.16447368421053,-0.07557275661135446,-0.04276056667386108,-0.008552113334772213,-6.0,3.79,92.69999999999999,1,0,100.0,4,0.06,15.46,0.015,52.648331199999994,9.7455784,34.53,33.6,52.6483196,9.7455757,0.021467549799530253,-0.026354471705114377,4.247607800578599,-7.125,-14.05,-0.06,15.455027,0.068409346,0.39101976
0 days 00:00:05.330000,0.0027123359997209178,-3.6061560000000004,0.9535320000000002,9.311652,48.36596063329054,48.36596063329054,48.36596063329054,48.36596063329054,-0.10122909661567112,-0.0010471975511965976,-0.00890117918517108,-1.0,3.79,93.6,1,0,100.0,4,0.07,15.43,0.02,52.6483249,9.745573199999999,34.53,33.6,52.6483184,9.745574699999999,0.020420352248333655,-0.026354471705114377,4.247607800578599,-6.9750000000000005,-13.875,0.005,15.42517,0.077879556,0.3850994
0 days 00:00:05.340000,0.0027123359997209178,-4.29678,0.9535320000000002,9.715824000000001,48.138639281129656,48.138639281129656,48.138639281129656,48.138639281129656,-0.12688543661998775,-0.030194196059501903,-0.0027925268031909274,-1.0,3.79,96.6,1,0,100.0,4,0.075,15.39,0.02,52.6483249,9.745573199999999,34.53,33.6,52.6483171,9.7455737,0.019198621771937627,-0.02600540585471551,4.247607800578599,-6.9750000000000005,-13.875,0.005,15.385316,0.08228476,0.37867495
0 days 00:00:05.350000,0.0028302636518826967,-3.045024,0.48657600000000006,10.747836000000001,48.285729567821996,48.285729567821996,48.285729567821996,48.285729567821996,-0.09826203688728076,-0.07452555906015788,0.008552113334772213,-11.0,3.79,99.6,1,0,100.0,4,0.08,15.36,0.01,52.6483249,9.745573199999999,34.53,33.6,52.6483159,9.7455727,0.01815142422074103,-0.02530727415391778,4.247607800578599,-6.9750000000000005,-13.875,0.005,15.355334,0.08686005,0.37716702
0 days 00:00:05.360000,0.0028302636518826967,-1.342008,0.7416360000000001,9.872784,47.85114462986735,47.85114462986735,47.85114462986735,47.85114462986735,-0.06702064327658225,-0.015184364492350668,0.014137166941154071,-15.0,3.79,101.69999999999999,1,0,100.0,4,0.08,15.35,0.005,52.6483249,9.745573199999999,34.53,33.6,52.6483146,9.7455717,0.017453292519943295,-0.025132741228718343,4.2477823335038,-6.9750000000000005,-13.875,0.005,15.345279,0.086632796,0.3792944
0 days 00:00:05.370000,0.0028302636518826967,-4.536144,-0.8436600000000001,10.033668000000002,46.06600342319213,46.06600342319213,46.06600342319213,46.06600342319213,-0.04642575810304917,0.0019198621771937623,0.013962634015954637,-15.0,3.79,103.79999999999998,1,0,100.0,4,0.07,15.305,0.005,52.6483249,9.745573199999999,34.53,33.6,52.6483134,9.7455707,0.01710422666954443,-0.025132741228718343,4.247956866428999,-6.9750000000000005,-13.875,0.005,15.300293,0.07648251,0.37836495
0 days 00:00:05.380000,0.002594408347559139,-5.937012000000001,-0.48657600000000006,8.307108000000001,44.42795250320924,44.42795250320924,44.42795250320924,44.42795250320924,-0.03944444109507185,-0.07260569688296412,0.012740903539558606,-11.0,3.79,103.79999999999998,1,0,100.0,4,0.06,15.25,0.02,52.6483187,9.7455682,34.53,33.6,52.6483122,9.7455696,0.016580627893946133,-0.024434609527920616,4.247956866428999,-6.775,-13.73,-0.02,15.245936,0.065837756,0.35155344
0 days 00:00:05.390000,0.002594408347559139,-2.091492,0.192276,9.10368,43.712558836114674,43.712558836114674,43.712558836114674,43.712558836114674,-0.016231562043547268,-0.03560471674068432,0.007330382858376183,-13.0,3.79,103.79999999999998,1,0,100.0,4,0.06,15.23,0.025,52.6483187,9.7455682,34.53,33.6,52.648311,9.7455686,0.016580627893946133,-0.02408554367752175,4.2481313993541985,-6.775,-13.73,-0.02,15.226184,0.06565866,0.34075284
0 days 00:00:05.400000,0.0029481913040444755,-3.5943840000000002,-0.10202400000000002,10.096452000000001,44.26749037227214,44.26749037227214,44.26749037227214,44.26749037227214,0.023212879051524585,-0.015009831567151233,0.010297442586766544,-15.0,3.79,103.79999999999998,1,0,100.0,4,0.055,15.195,0.02,52.6483187,9.7455682,34.53,33.6,52.6483097,9.7455676,0.016755160819145562,-0.023911010752322315,4.2481313993541985,-6.775,-13.73,-0.02,15.1911335,0.060744036,0.3423292
0 days 00:00:05.410000,0.0031840466083680333,-5.528916000000001,-0.52974,10.24164,45.74507916131793,45.74507916131793,45.74507916131793,45.74507916131793,0.04084070449666731,0.009075712110370514,0.0036651914291880917,-17.0,3.79,103.79999999999998,1,0,100.0,4,0.05,15.145,0.015,52.6483187,9.7455682,34.53,33.6,52.6483085,9.7455666,0.01710422666954443,-0.023911010752322315,4.248305932279397,-6.775,-13.73,-0.02,15.141029,0.055929307,0.3461961
0 days 00:00:05.420000,0.0030661189562062544,-6.5609280000000005,0.37670400000000004,10.481004,49.108097988874626,49.108097988874626,49.108097988874626,49.108097988874626,0.048171087355043496,-0.006806784082777885,-0.0013962634015954637,-19.0,3.79,112.04999999999998,1,0,100.0,4,0.05,15.08,0.005,52.6483187,9.7455682,34.53,33.6,52.6483073,9.7455657,0.017627825445142728,-0.023911010752322315,4.248305932279397,-6.775,-13.73,-0.02,15.075809,0.056259394,0.3546085
0 days 00:00:05.430000,0.0030661189562062544,-3.9122280000000007,0.47872800000000004,10.532016000000002,50.39179503637141,50.39179503637141,50.39179503637141,50.39179503637141,0.05515240436302082,-0.15289084247470328,0.00034906585039886593,-21.0,3.79,120.29999999999998,1,0,100.0,4,0.055,15.045,-0.0,52.6483126,9.7455632,34.54,33.6,52.6483061,9.7455647,0.01815142422074103,-0.02234021442552742,4.2481313993541985,-6.695,-13.555,-0.055,15.041246,0.061090946,0.3350269
0 days 00:00:05.440000,0.0029481913040444755,2.7075600000000004,0.5258160000000001,8.385588,49.8502353444587,49.8502353444587,49.8502353444587,49.8502353444587,0.05044001538263612,-0.09808750396208131,0.0041887902047863905,-22.0,3.79,117.74999999999999,1,0,100.0,4,0.055,15.075000000000001,0.015,52.6483126,9.7455632,34.54,33.6,52.6483049,9.7455637,0.018675022996339326,-0.021467549799530253,4.248305932279397,-6.695,-13.555,-0.055,15.071849,0.060753223,0.30752105
0 days 00:00:05.450000,0.0029481913040444755,1.6127640000000003,0.40809600000000007,10.987200000000001,49.114783910997005,49.114783910997005,49.114783910997005,49.114783910997005,0.049567350756638956,0.09354964790689607,-0.0038397243543875246,-24.0,3.79,115.19999999999999,1,0,100.0,4,0.06,15.09,-0.0,52.6483126,9.7455632,34.54,33.6,52.6483037,9.745562699999999,0.019198621771937627,-0.02234021442552742,4.248305932279397,-6.695,-13.555,-0.055,15.086235,0.066460125,0.33587182
0 days 00:00:05.460000,0.0029481913040444755,-8.511156000000001,0.42379200000000006,9.421524000000002,48.419448010269576,48.419448010269576,48.419448010269576,48.419448010269576,0.03822271061867582,0.039095375244672985,-0.004537856055185257,-27.0,3.79,114.6,2,0,100.0,4,0.06,15.01,0.005,52.6483126,9.7455632,34.54,33.6,52.6483024,9.7455617,0.019547687622336492,-0.022689280275926284,4.2481313993541985,-6.695,-13.555,-0.055,15.00625,0.06654712,0.3343013
0 days 00:00:05.470000,0.0029481913040444755,-8.052048000000001,0.17265600000000003,9.484308,48.39270432178006,48.39270432178006,48.39270432178006,48.39270432178006,0.015358897417550098,-0.028448866807507574,-0.005585053606381855,-21.0,3.79,114.0,2,0,100.0,4,0.065,14.93,0.005,52.6483126,9.7455632,34.54,33.6,52.6483012,9.7455607,0.019722220547535925,-0.022514747350726852,4.2481313993541985,-6.695,-13.555,-0.055,14.926329,0.07151732,0.3297718
0 days 00:00:05.480000,0.0028302636518826967,-3.633624,0.698472,11.921112,48.720314505776635,48.720314505776635,48.720314505776635,48.720314505776635,0.0005235987755982988,-0.03874630939427412,-0.004537856055185257,-21.0,3.79,116.85,2,0,100.0,4,0.07,14.895,-0.015,52.648306399999996,9.7455579,34.6,33.6,52.6483,9.7455597,0.019722220547535925,-0.022165681500327987,4.2481313993541985,-6.68,-13.315,0.005,14.891009,0.07679262,0.34367955
0 days 00:00:05.490000,0.002594408347559139,-1.7540280000000001,0.9613800000000001,12.074148000000001,48.1854407359863,48.1854407359863,48.1854407359863,48.1854407359863,-0.02565634000431664,-0.014137166941154071,-0.007155849933176751,-19.0,3.79,119.69999999999999,2,0,100.0,4,0.075,14.88,-0.04,52.648306399999996,9.7455579,34.6,33.6,52.6482988,9.7455587,0.019547687622336492,-0.02199114857512855,4.247956866428999,-6.68,-13.315,0.005,14.875523,0.082162976,0.3656561
0 days 00:00:05.500000,0.0024764806953973596,-3.6218520000000005,1.204668,10.677204000000001,47.38313008130081,47.38313008130081,47.38313008130081,47.38313008130081,-0.060039326268604934,-0.00890117918517108,-0.0038397243543875246,-19.0,3.79,118.94999999999999,2,0,100.0,4,0.09,14.85,-0.05,52.648306399999996,9.7455579,34.6,33.6,52.6482976,9.7455578,0.01884955592153876,-0.02181661564992912,4.247956866428999,-6.68,-13.315,0.005,14.845375,0.09703219,0.37217638
0 days 00:00:05.510000,0.002594408347559139,-5.803596000000001,0.8632800000000002,9.503928,47.69736842105263,47.69736842105263,47.69736842105263,47.69736842105263,-0.05672320068981571,-0.04782202150464464,0.005759586531581288,-22.0,3.79,118.19999999999999,2,0,100.0,4,0.095,14.790000000000001,-0.045,52.648306399999996,9.7455579,34.6,33.6,52.6482964,9.7455568,0.01832595714594046,-0.021467549799530253,4.247956866428999,-6.68,-13.315,0.005,14.785625,0.10162629,0.36066857
0 days 00:00:05.520000,0.0027123359997209178,-3.9514680000000006,0.42771600000000004,8.134452000000001,47.57033590072743,47.57033590072743,47.57033590072743,47.57033590072743,-0.05288347633542819,-0.04084070449666731,0.010995574287564275,-22.0,3.79,120.6,2,0,100.0,4,0.095,14.755,-0.03,52.648306399999996,9.7455579,34.6,33.6,52.6482953,9.7455558,0.01780235837034216,-0.020943951023931952,4.2481313993541985,-6.68,-13.315,0.005,14.751135,0.101019606,0.337254
0 days 00:00:05.530000,0.0021226977389120225,-2.350476,0.08632800000000002,8.668116000000001,47.911317928968764,47.911317928968764,47.911317928968764,47.911317928968764,-0.0466002910282486,0.010297442586766544,0.012217304763960306,-29.0,3.79,123.0,2,0,100.0,4,0.095,14.735,-0.02,52.6483004,9.745553,34.59,33.6,52.6482941,9.745554799999999,0.017278759594743863,-0.02111848394913139,4.2481313993541985,-6.63,-13.215,-0.005,14.731292,0.10070746,0.32946244
0 days 00:00:05.540000,0.0018868424345884643,-2.7114840000000004,0.08240400000000002,10.394676000000002,48.32584510055627,48.32584510055627,48.32584510055627,48.32584510055627,-0.021118483949131385,0.006108652381980153,0.006283185307179587,-29.0,3.79,118.64999999999999,2,0,100.0,4,0.09,14.71,-0.025,52.6483004,9.745553,34.59,33.6,52.648292899999994,9.745553899999999,0.01710422666954443,-0.02111848394913139,4.248305932279397,-6.63,-13.215,-0.005,14.706192,0.09572715,0.3340358
0 days 00:00:05.550000,0.0020047700867502436,-2.8056600000000005,-0.8868240000000002,9.798228,47.58370774497219,47.58370774497219,47.58370774497219,47.58370774497219,0.005061454830783556,-0.007853981633974483,0.003316125578789226,-21.0,3.79,114.29999999999998,2,0,100.0,4,0.08,14.68,-0.025,52.6483004,9.745553,34.59,33.6,52.648291699999994,9.7455529,0.017278759594743863,-0.02111848394913139,4.248305932279397,-6.63,-13.215,-0.005,14.676199,0.085775994,0.33355853
0 days 00:00:05.560000,0.0018868424345884643,-2.7389520000000003,-0.7769520000000001,10.100376,47.77759948652118,47.77759948652118,47.77759948652118,47.77759948652118,0.012391837689159739,0.06265732014659643,-0.0020943951023931952,-21.0,3.79,113.99999999999999,2,0,100.0,4,0.07,14.655000000000001,-0.03,52.6483004,9.745553,34.59,33.6,52.648290499999995,9.745552,0.017278759594743863,-0.021642082724729686,4.248305932279397,-6.63,-13.215,-0.005,14.650918,0.07598728,0.34587166
0 days 00:00:05.570000,0.0017689147824266852,-6.7845960000000005,-0.007848,9.441144000000001,47.65056696619598,47.65056696619598,47.65056696619598,47.65056696619598,0.029321531433504733,-0.004363323129985824,-0.004014257279586958,-21.0,3.79,113.69999999999999,2,0,100.0,4,0.07,14.59,-0.03,52.6483004,9.745553,34.59,33.6,52.648289299999995,9.745550999999999,0.017627825445142728,-0.021642082724729686,4.248305932279397,-6.63,-13.215,-0.005,14.585934,0.07608321,0.34443873
0 days 00:00:05.580000,0.001650987130264906,-4.516524,0.368856,10.818468000000001,47.36307231493367,47.36307231493367,47.36307231493367,47.36307231493367,0.045553093477052,-0.03577924966588375,-0.003490658503988659,-21.0,3.79,111.6,2,0,100.0,4,0.07,14.55,-0.04,52.6482945,9.7455482,34.59,33.6,52.648288199999996,9.74555,0.01815142422074103,-0.02129301687433082,4.2481313993541985,-6.54,-13.105,0.055,14.545851,0.07633714,0.34845275
0 days 00:00:05.590000,0.001650987130264906,-2.8605960000000006,0.31392000000000003,11.634660000000002,46.91511553273427,46.91511553273427,46.91511553273427,46.91511553273427,0.049043751981040655,0.01064650843716541,-0.004537856055185257,-31.0,3.79,109.5,2,0,100.0,4,0.075,14.52,-0.06,52.6482945,9.7455482,34.59,33.6,52.648286999999996,9.7455491,0.018500490071139894,-0.021467549799530253,4.2481313993541985,-6.54,-13.105,0.055,14.515367,0.081862874,0.37022004
0 days 00:00:05.600000,0.001650987130264906,-5.4268920000000005,-0.03531600000000001,9.939492000000001,46.60756311510483,46.60756311510483,46.60756311510483,46.60756311510483,0.05044001538263612,-0.01658062789394613,-0.0022689280275926286,-31.0,3.79,104.1,2,0,100.0,4,0.07,14.47,-0.06,52.6482945,9.7455482,34.59,33.61,52.6482858,9.745548099999999,0.019024088846738195,-0.02129301687433082,4.2481313993541985,-6.54,-13.105,0.055,14.465443,0.07698917,0.36667484
0 days 00:00:05.610000,0.0017689147824266852,-4.461588000000001,0.8554320000000001,8.432676,46.57413350449294,46.57413350449294,46.57413350449294,46.57413350449294,0.0439822971502571,-0.05305800926062761,0.0013962634015954637,-31.0,3.79,98.69999999999999,2,0,100.0,4,0.08,14.425,-0.05,52.6482945,9.7455482,34.59,33.61,52.6482847,9.745547199999999,0.019547687622336492,-0.02076941809873252,4.2481313993541985,-6.54,-13.105,0.055,14.420851,0.0868175,0.347936
0 days 00:00:05.620000,0.0015330594781031272,-1.408716,-0.015696,8.927100000000001,46.420357295678215,46.420357295678215,46.420357295678215,46.420357295678215,0.03543018381548489,0.0036651914291880917,0.0024434609527920616,-31.0,3.79,96.44999999999999,2,0,100.0,4,0.075,14.415000000000001,-0.04,52.6482945,9.7455482,34.59,33.61,52.6482835,9.7455462,0.019896753472735357,-0.02076941809873252,4.2481313993541985,-6.54,-13.105,0.055,14.41106,0.08173689,0.33780164
0 days 00:00:05.630000,0.0015330594781031272,-3.57084,0.557208,8.911404000000001,46.152920410783054,46.152920410783054,46.152920410783054,46.152920410783054,0.026354471705114374,0.023736477827122886,0.003316125578789226,-33.0,3.79,94.19999999999999,2,0,100.0,4,0.08,14.38,-0.03,52.648288799999996,9.7455433,34.62,33.61,52.6482823,9.7455453,0.020071286397934793,-0.020943951023931952,4.2481313993541985,-6.485,-12.94,0.075,14.376218,0.08662996,0.3294731
0 days 00:00:05.640000,0.0017689147824266852,-5.768280000000001,0.7180920000000001,9.080136000000001,46.025887890457845,46.025887890457845,46.025887890457845,46.025887890457845,0.02949606435870417,0.010471975511965976,0.005061454830783556,-35.0,3.79,91.5,2,0,100.0,4,0.085,14.325000000000001,-0.025,52.648288799999996,9.7455433,34.62,33.61,52.6482812,9.745544299999999,0.020420352248333655,-0.02111848394913139,4.248305932279397,-6.485,-12.94,0.075,14.321278,0.09166936,0.32569033
0 days 00:00:05.650000,0.0018868424345884643,-4.901076000000001,0.43948800000000005,11.779848000000001,45.79856653829696,45.79856653829696,45.79856653829696,45.79856653829696,0.022863813201125717,0.034208453339088854,0.0031415926535897933,-37.0,3.79,88.8,2,0,100.0,4,0.085,14.280000000000001,-0.045,52.648288799999996,9.7455433,34.62,33.61,52.64828,9.745543399999999,0.020594885173533087,-0.021467549799530253,4.248305932279397,-6.485,-12.94,0.075,14.2757435,0.09222103,0.3496977
0 days 00:00:05.660000,0.0017689147824266852,-5.901696,-0.21974400000000002,10.539864000000001,45.72502139495079,45.72502139495079,45.72502139495079,45.72502139495079,0.0054105206811824215,-0.029321531433504733,0.0013962634015954637,-39.0,3.79,85.35,2,0,100.0,4,0.08,14.22,-0.055,52.648288799999996,9.7455433,34.62,33.61,52.6482789,9.745542499999999,0.02076941809873252,-0.02111848394913139,4.248305932279397,-6.485,-12.94,0.075,14.215668,0.08736097,0.35353222
0 days 00:00:05.670000,0.0017689147824266852,-3.4217280000000003,0.7416360000000001,9.98658,45.38403936670945,45.38403936670945,45.38403936670945,45.38403936670945,-0.0008726646259971648,-0.054105206811824215,0.0038397243543875246,-41.0,3.79,81.89999999999999,2,0,100.0,4,0.085,14.19,-0.055,52.648288799999996,9.7455433,34.62,33.61,52.648277699999994,9.7455415,0.02076941809873252,-0.020594885173533087,4.248305932279397,-6.485,-12.94,0.075,14.185857,0.092192486,0.34536895
0 days 00:00:05.680000,0.0020047700867502436,-2.2876920000000003,0.9221400000000001,11.152008,45.04305733846812,45.04305733846812,45.04305733846812,45.04305733846812,0.017627825445142728,0.011868238913561443,0.005934119456780722,-43.0,3.79,82.8,2,0,100.0,4,0.095,14.17,-0.07,52.648283199999995,9.745538699999999,34.56,33.61,52.648276599999996,9.7455406,0.020943951023931952,-0.02076941809873252,4.248305932279397,-6.41,-12.71,0.015,14.165491,0.10260779,0.36219695
0 days 00:00:05.690000,0.0018868424345884643,-4.5243720000000005,-0.623916,9.660888,44.534927257167304,44.534927257167304,44.534927257167304,44.534927257167304,0.027925268031909273,-0.0027925268031909274,0.005235987755982988,-45.0,3.79,83.7,2,0,100.0,4,0.085,14.125,-0.07,52.648283199999995,9.745538699999999,34.56,33.61,52.6482755,9.7455397,0.02111848394913139,-0.02076941809873252,4.248480465204597,-6.41,-12.71,0.015,14.120501,0.0926535,0.3614559
0 days 00:00:05.700000,0.0018868424345884643,-3.3785640000000003,-0.16873200000000002,9.044820000000001,42.80327342747112,42.80327342747112,42.80327342747112,42.80327342747112,0.02617993877991494,-0.014486232791552938,0.002967059728390361,-47.0,3.79,82.95,2,0,100.0,4,0.08,14.095,-0.065,52.648283199999995,9.745538699999999,34.56,33.61,52.6482743,9.7455388,0.021467549799530253,-0.020594885173533087,4.248480465204597,-6.41,-12.71,0.015,14.0906725,0.08760734,0.35345146
0 days 00:00:05.710000,0.0018868424345884643,-1.8874440000000003,-0.26290800000000003,8.86824,39.43356867779204,39.43356867779204,39.43356867779204,39.43356867779204,0.013788101090755204,0.004363323129985824,0.0008726646259971648,-48.0,3.79,82.2,2,0,100.0,4,0.075,14.075000000000001,-0.055,52.648283199999995,9.745538699999999,34.56,33.61,52.6482732,9.7455378,0.021642082724729686,-0.020594885173533087,4.248480465204597,-6.41,-12.71,0.015,14.070882,0.08244493,0.34313706
0 days 00:00:05.720000,0.0021226977389120225,-2.6055360000000003,0.062784,8.47584,36.99989302524604,36.99989302524604,36.99989302524604,36.99989302524604,0.026703537555513242,0.01832595714594046,0.0013962634015954637,-51.0,3.79,80.85,2,0,100.0,4,0.075,14.05,-0.04,52.648283199999995,9.745538699999999,34.56,33.61,52.648272,9.7455369,0.02181661564992912,-0.02076941809873252,4.248480465204597,-6.41,-12.71,0.015,14.04614,0.08221991,0.3300656
0 days 00:00:05.730000,0.0022406253910738014,-3.4648920000000003,0.05886,9.676584000000002,36.057178005990586,36.057178005990586,36.057178005990586,36.057178005990586,0.044331363000655974,0.06928957130417489,-0.0012217304763960308,-45.0,3.79,79.5,2,0,100.0,4,0.07,14.02,-0.04,52.6482775,9.7455341,34.57,33.61,52.6482709,9.745536,0.02234021442552742,-0.021467549799530253,4.248480465204597,-6.32,-12.545,0.015,14.015911,0.07759863,0.33929396
0 days 00:00:05.740000,0.0024764806953973596,-5.94486,-0.671004,10.100376,35.796427043217804,35.796427043217804,35.796427043217804,35.796427043217804,0.04206243497306335,0.031241393610698498,-0.005759586531581288,-45.0,3.79,89.25,2,0,100.0,4,0.065,13.965,-0.045,52.6482775,9.7455341,34.57,33.61,52.648269799999994,9.7455351,0.022689280275926284,-0.02181661564992912,4.248305932279397,-6.32,-12.545,0.015,13.960695,0.07291553,0.34806952
0 days 00:00:05.750000,0.0023585530432355803,-4.555764000000001,-0.43556400000000006,9.970884,35.60922122379119,35.60922122379119,35.60922122379119,35.60922122379119,0.027052603405912107,-0.04066617157146788,-0.008377580409572781,-36.0,3.79,99.0,2,0,100.0,4,0.06,13.92,-0.045,52.6482775,9.7455341,34.57,33.61,52.648268699999996,9.7455341,0.02303834612632515,-0.021467549799530253,4.248305932279397,-6.32,-12.545,0.015,13.915827,0.06790385,0.34232157
0 days 00:00:05.760000,0.0021226977389120225,-1.271376,0.592524,9.94734,35.62927899015832,35.62927899015832,35.62927899015832,35.62927899015832,0.005585053606381855,0.0010471975511965976,-0.011868238913561443,-36.0,3.79,103.2,2,0,100.0,4,0.065,13.91,-0.05,52.6482775,9.7455341,34.57,33.61,52.6482676,9.745533199999999,0.02303834612632515,-0.021467549799530253,4.2481313993541985,-6.32,-12.545,0.015,13.905722,0.073012725,0.3469893
0 days 00:00:05.770000,0.0023585530432355803,-4.116276,0.45518400000000003,9.813924,36.38478818998716,36.38478818998716,36.38478818998716,36.38478818998716,-0.00471238898038469,0.02426007660272118,-0.010995574287564275,-27.0,3.79,107.4,2,0,100.0,4,0.07,13.870000000000001,-0.05,52.6482775,9.7455341,34.57,33.61,52.6482664,9.745532299999999,0.02303834612632515,-0.021642082724729686,4.2481313993541985,-6.32,-12.545,0.015,13.865669,0.07804737,0.3484351
0 days 00:00:05.780000,0.0027123359997209178,-5.854608000000001,0.9770760000000002,8.389512000000002,37.040008557980315,37.040008557980315,37.040008557980315,37.040008557980315,-0.006283185307179587,-0.0466002910282486,-0.002617993877991494,-27.0,3.79,108.45,2,0,100.0,4,0.075,13.815,-0.035,52.6482719,9.745529399999999,34.58,33.61,52.6482653,9.745531399999999,0.02303834612632515,-0.02111848394913139,4.247956866428999,-6.22,-12.44,0.11,13.81118,0.08250658,0.32490796
0 days 00:00:05.790000,0.0027123359997209178,-0.9574560000000001,0.5493600000000001,8.978112000000001,37.90249251176723,37.90249251176723,37.90249251176723,37.90249251176723,-0.02181661564992912,0.017104226669544427,-0.003316125578789226,-23.0,3.79,109.5,2,0,100.0,4,0.08,13.805,-0.03,52.6482719,9.745529399999999,34.58,33.61,52.6482642,9.7455305,0.022689280275926284,-0.02129301687433082,4.247956866428999,-6.22,-12.44,0.11,13.801232,0.087328315,0.32202274
0 days 00:00:05.800000,0.0027123359997209178,-2.3269320000000002,1.181124,10.010124000000001,39.93501283697047,39.93501283697047,39.93501283697047,39.93501283697047,-0.03944444109507185,0.05078908123303499,-0.0013962634015954637,-23.0,3.79,109.95,2,0,100.0,4,0.09,13.785,-0.03,52.6482719,9.745529399999999,34.58,33.61,52.648263099999994,9.7455296,0.02234021442552742,-0.02181661564992912,4.247956866428999,-6.22,-12.44,0.11,13.781065,0.09736509,0.32861805
0 days 00:00:05.810000,0.0028302636518826967,-5.419044,0.49050000000000005,9.488232000000002,43.271287976037655,43.271287976037655,43.271287976037655,43.271287976037655,-0.038397243543875255,-0.006108652381980153,0.007504915783575617,-21.0,3.79,110.4,2,0,100.0,4,0.09,13.73,-0.03,52.6482719,9.745529399999999,34.58,33.62,52.648261999999995,9.7455287,0.02199114857512855,-0.02181661564992912,4.2481313993541985,-6.22,-12.44,0.11,13.726078,0.09722399,0.32745248
0 days 00:00:05.820000,0.0030661189562062544,-4.13982,0.066708,9.484308,45.08317287120239,45.08317287120239,45.08317287120239,45.08317287120239,-0.009250245035569947,0.0041887902047863905,0.012391837689159739,-21.0,3.79,104.85,2,0,100.0,4,0.09,13.695,-0.025,52.6482719,9.745529399999999,34.58,33.62,52.6482609,9.7455278,0.02181661564992912,-0.02181661564992912,4.2481313993541985,-6.22,-12.44,0.11,13.691195,0.09704113,0.3217085
0 days 00:00:05.830000,0.0030661189562062544,-3.900456,0.223668,9.649116000000001,45.25700684638425,45.25700684638425,45.25700684638425,45.25700684638425,-0.003316125578789226,0.05113814708343386,0.005585053606381855,-31.0,3.79,99.29999999999998,2,0,100.0,4,0.09,13.655000000000001,-0.025,52.648266199999995,9.7455249,34.57,33.62,52.6482598,9.7455269,0.02181661564992912,-0.02234021442552742,4.248305932279397,-6.140000000000001,-12.32,0.06,13.651034,0.09717802,0.3279821
0 days 00:00:05.840000,0.0028302636518826967,-5.776128,-0.459108,9.001656,45.25700684638425,45.25700684638425,45.25700684638425,45.25700684638425,-0.014137166941154071,0.006283185307179587,-0.0015707963267948967,-33.0,3.79,98.69999999999999,2,0,100.0,4,0.08,13.6,-0.02,52.648266199999995,9.7455249,34.57,33.62,52.6482587,9.745526,0.021642082724729686,-0.02234021442552742,4.248305932279397,-6.140000000000001,-12.32,0.06,13.596161,0.08698835,0.3219896
0 days 00:00:05.850000,0.0027123359997209178,-3.5629920000000004,-0.129492,9.39798,44.26749037227214,44.26749037227214,44.26749037227214,44.26749037227214,-0.009250245035569947,-0.0291469985083053,-0.0036651914291880917,-31.0,3.79,98.1,2,0,100.0,4,0.08,13.565,-0.015,52.648266199999995,9.7455249,34.57,33.62,52.6482576,9.7455251,0.021642082724729686,-0.022165681500327987,4.2481313993541985,-6.140000000000001,-12.32,0.06,13.561335,0.086812034,0.31384403
0 days 00:00:05.860000,0.0029481913040444755,-1.5656760000000003,0.36493200000000003,10.630116000000001,43.11082584510056,43.11082584510056,43.11082584510056,43.11082584510056,0.0054105206811824215,0.028623399732707003,-0.0010471975511965976,-31.0,3.79,97.95,2,0,100.0,4,0.08,13.555,-0.025,52.648266199999995,9.7455249,34.57,33.62,52.648256499999995,9.7455242,0.021642082724729686,-0.02234021442552742,4.2481313993541985,-6.140000000000001,-12.32,0.06,13.55106,0.08707477,0.32598218
0 days 00:00:05.870000,0.0030661189562062544,-4.559688,0.153036,10.143540000000002,43.11082584510056,43.11082584510056,43.11082584510056,43.11082584510056,0.01780235837034216,0.023212879051524585,0.0020943951023931952,-33.0,3.79,97.8,2,0,100.0,4,0.08,13.51,-0.03,52.648266199999995,9.7455249,34.57,33.62,52.6482554,9.7455233,0.02181661564992912,-0.022689280275926284,4.2481313993541985,-6.140000000000001,-12.32,0.06,13.505842,0.08732163,0.33467287
0 days 00:00:05.880000,0.0030661189562062544,-3.8690640000000003,-0.49050000000000005,8.413056000000001,43.08408215661104,43.08408215661104,43.08408215661104,43.08408215661104,0.014137166941154071,-0.024783675378319478,-0.00017453292519943296,-35.0,3.79,98.25,2,0,100.0,4,0.075,13.475,-0.015,52.648261,9.745520299999999,34.53,33.62,52.6482543,9.745522399999999,0.02199114857512855,-0.02234021442552742,4.2481313993541985,-6.055,-12.16,-0.03,13.471304,0.08193063,0.31427997
0 days 00:00:05.890000,0.0030661189562062544,-0.56898,0.21189600000000003,9.547092000000001,43.10413992297818,43.10413992297818,43.10413992297818,43.10413992297818,0.010471975511965976,0.034557519189487726,-0.0006981317007977319,-37.0,3.79,98.69999999999999,2,0,100.0,4,0.075,13.47,-0.01,52.648261,9.745520299999999,34.53,33.62,52.6482532,9.7455216,0.022165681500327987,-0.022689280275926284,4.2481313993541985,-6.055,-12.16,-0.03,13.466307,0.08197641,0.31385604
0 days 00:00:05.900000,0.0030661189562062544,-2.68794,-0.21189600000000003,9.170388,41.86724433033804,41.86724433033804,41.86724433033804,41.86724433033804,-0.007853981633974483,0.02722713633111154,0.0005235987755982988,-39.0,3.79,100.8,2,0,100.0,4,0.07,13.445,-0.005,52.648261,9.745520299999999,34.53,33.62,52.648252199999995,9.7455207,0.02199114857512855,-0.02303834612632515,4.2481313993541985,-6.055,-12.16,-0.03,13.441317,0.07690361,0.31310645
0 days 00:00:05.910000,0.0030661189562062544,-4.35564,0.875052,8.479764000000001,40.944587077449725,40.944587077449725,40.944587077449725,40.944587077449725,-0.02076941809873252,0.01815142422074103,0.0054105206811824215,-41.0,3.79,102.9,2,0,100.0,4,0.075,13.405000000000001,0.005,52.648261,9.745520299999999,34.53,33.62,52.648251099999996,9.7455198,0.02181661564992912,-0.023212879051524585,4.248305932279397,-6.055,-12.16,-0.03,13.4015045,0.081660606,0.30443308
0 days 00:00:05.920000,0.0028302636518826967,-4.728420000000001,0.506196,9.715824000000001,40.60360504920839,40.60360504920839,40.60360504920839,40.60360504920839,-0.033510321638291124,0.05619960191421742,0.004537856055185257,-43.0,3.79,107.7,2,0,100.0,4,0.075,13.36,0.005,52.648261,9.745520299999999,34.53,33.62,52.64825,9.7455189,0.021467549799530253,-0.023736477827122883,4.248305932279397,-6.055,-12.16,-0.03,13.356355,0.081682034,0.3104091
0 days 00:00:05.930000,0.0027123359997209178,-6.372576000000001,0.08240400000000002,10.47708,40.40971330765939,40.40971330765939,40.40971330765939,40.40971330765939,-0.03892084231947355,0.02722713633111154,0.0022689280275926286,-45.0,5.29,112.5,2,0,100.0,4,0.075,13.295,-0.0,52.6482556,9.7455158,34.53,33.62,52.6482489,9.745517999999999,0.02111848394913139,-0.02408554367752175,4.248305932279397,-6.0,-11.975,-0.02,13.291144,0.081744626,0.31853122
0 days 00:00:05.940000,0.002594408347559139,-5.556384,0.047088000000000005,10.394676000000002,40.73732349165597,40.73732349165597,40.73732349165597,40.73732349165597,-0.04625122517784973,-0.008028514559173916,0.0013962634015954637,-49.0,5.29,116.25,2,0,100.0,4,0.075,13.245000000000001,-0.01,52.6482556,9.7455158,34.53,33.62,52.648247899999994,9.7455172,0.020594885173533087,-0.023911010752322315,4.248305932279397,-6.0,-11.975,-0.02,13.240974,0.081711315,0.32505453
0 days 00:00:05.950000,0.0023585530432355803,-3.3942600000000005,0.0,12.227184,41.01144629867351,41.01144629867351,41.01144629867351,41.01144629867351,-0.0609119908946021,0.00645771823237902,-0.0019198621771937623,-49.0,5.29,120.0,2,0,100.0,4,0.07,13.215,-0.035,52.6482556,9.7455158,34.53,33.62,52.648246799999995,9.7455163,0.020071286397934793,-0.023911010752322315,4.248305932279397,-6.0,-11.975,-0.02,13.210386,0.077029325,0.34946835
0 days 00:00:05.960000,0.0024764806953973596,-3.8533680000000006,1.3459320000000001,10.312272000000002,39.80798031664527,39.80798031664527,39.80798031664527,39.80798031664527,-0.0582939970166106,-0.06527531402458793,0.007679448708775049,-51.0,5.29,116.1,2,0,100.0,4,0.08,13.175,-0.04,52.6482556,9.7455158,34.53,33.62,52.6482457,9.7455154,0.01937315469713706,-0.023387411976724018,4.248480465204597,-6.0,-11.975,-0.02,13.170462,0.08672817,0.34647503
0 days 00:00:05.970000,0.0023585530432355803,-0.43556400000000006,0.32176800000000005,8.095212,37.68185708172871,37.68185708172871,37.68185708172871,37.68185708172871,-0.04363323129985824,-0.024783675378319478,0.013264502315156903,-53.0,5.29,112.19999999999999,2,0,100.0,4,0.08,13.175,-0.025,52.6482556,9.7455158,34.53,33.62,52.6482447,9.7455146,0.019024088846738195,-0.02303834612632515,4.248480465204597,-6.0,-11.975,-0.02,13.170928,0.086234495,0.32691544
0 days 00:00:05.980000,0.0018868424345884643,-0.623916,0.40417200000000003,7.938252,35.46213093709885,35.46213093709885,35.46213093709885,35.46213093709885,-0.05096361415823442,0.046774823953448036,0.006806784082777885,-54.0,5.29,103.35,2,0,100.0,4,0.0,13.200000000000001,-0.0,52.6482503,9.7455114,34.53,33.62,52.6482436,9.7455137,0.020245819323134222,-0.024260076602721184,4.2493531298305935,-5.915,-11.81,0.03,13.1961155,0.0064822994,0.32013595
0 days 00:00:05.990000,0.0015330594781031272,-4.0770360000000005,0.5611320000000001,8.358120000000001,33.50315575524176,33.50315575524176,33.50315575524176,33.50315575524176,-0.05567600313861911,0.017104226669544427,0.005585053606381855,-54.0,5.29,94.5,2,0,100.0,4,0.005,13.16,0.01,52.6482503,9.7455114,34.53,33.62,52.648242599999996,9.7455128,0.019722220547535925,-0.024434609527920616,4.2493531298305935,-5.915,-11.81,0.03,13.156316,0.011142702,0.31137124
0 days 00:00:06,0.001650987130264906,-3.574764,1.228212,10.543788000000001,32.66741548994437,32.66741548994437,32.66741548994437,32.66741548994437,-0.04415683007545654,0.033335788713091695,0.01117010721276371,-55.0,5.29,94.5,2,0,100.0,4,0.015,13.125,0.005,52.6482503,9.7455114,34.53,33.62,52.6482415,9.745512,0.019198621771937627,-0.024783675378319478,4.249527662755794,-5.915,-11.81,0.03,13.121094,0.021145293,0.31990698
0 days 00:00:06.010000,0.0017689147824266852,-4.1202000000000005,-0.133416,11.022516000000001,33.08862858365426,33.08862858365426,33.08862858365426,33.08862858365426,-0.016231562043547268,0.02391101075232232,0.013962634015954637,-43.0,5.29,94.5,2,0,100.0,4,0.01,13.09,-0.01,52.6482503,9.7455114,34.53,33.62,52.6482404,9.7455111,0.019198621771937627,-0.025132741228718343,4.249702195680993,-5.915,-11.81,0.03,13.085615,0.016505128,0.33869538
0 days 00:00:06.020000,0.001650987130264906,-4.363488,-0.7337880000000001,9.484308,34.04471544715447,34.04471544715447,34.04471544715447,34.04471544715447,0.007504915783575617,-0.0020943951023931952,0.012391837689159739,-43.0,5.29,102.75,2,0,100.0,4,-0.005,13.045,-0.005,52.6482503,9.7455114,34.53,33.62,52.648239399999994,9.7455102,0.019198621771937627,-0.02495820830351891,4.249876728606193,-5.915,-11.81,0.03,13.0408125,0.0013465307,0.33057955
0 days 00:00:06.030000,0.001650987130264906,-3.154896,-0.349236,9.656964,34.67987804878049,34.67987804878049,34.67987804878049,34.67987804878049,0.004537856055185257,0.041713369122664476,0.006108652381980153,-34.0,5.29,111.0,2,0,100.0,4,-0.005,13.015,-0.005,52.648244999999996,9.7455071,34.550000000000004,33.62,52.6482384,9.7455093,0.019198621771937627,-0.02530727415391778,4.249876728606193,-5.7700000000000005,-11.700000000000001,0.05,13.010706,0.0014193454,0.3343718
0 days 00:00:06.040000,0.0015920233041840167,-5.450436,0.011772000000000001,9.115452000000001,34.66650620453573,34.66650620453573,34.66650620453573,34.66650620453573,-0.016406094968746697,0.020071286397934793,-0.0012217304763960308,-34.0,5.29,115.2,2,0,100.0,4,-0.01,12.965,-0.0,52.648244999999996,9.7455071,34.550000000000004,33.62,52.6482373,9.7455085,0.019024088846738195,-0.025656340004316644,4.249876728606193,-5.7700000000000005,-11.700000000000001,0.05,12.960733,-0.0036711986,0.33272803
0 days 00:00:06.050000,0.0015330594781031272,-4.901076000000001,0.635688,7.855848000000001,34.6464484381686,34.6464484381686,34.6464484381686,34.6464484381686,-0.024434609527920613,-0.03647738136668148,-0.0022689280275926286,-31.0,5.29,119.4,2,0,100.0,4,0.0,12.915000000000001,0.02,52.648244999999996,9.7455071,34.550000000000004,33.62,52.6482363,9.7455076,0.018675022996339326,-0.02530727415391778,4.249876728606193,-5.7700000000000005,-11.700000000000001,0.05,12.911371,0.0057294434,0.30676144
0 days 00:00:06.060000,0.0017689147824266852,-0.8436600000000001,1.094796,9.547092000000001,35.86997218656397,35.86997218656397,35.86997218656397,35.86997218656397,-0.00942477796076938,0.011519173063162576,0.002967059728390361,-31.0,5.29,115.35,2,0,100.0,4,0.005,12.91,0.02,52.648244999999996,9.7455071,34.550000000000004,33.62,52.648235199999995,9.7455068,0.018675022996339326,-0.02530727415391778,4.249876728606193,-5.7700000000000005,-11.700000000000001,0.05,12.906372,0.01072621,0.30654156
0 days 00:00:06.070000,0.0020047700867502436,-2.1032640000000002,-0.4198680000000001,9.970884,37.996095421480526,37.996095421480526,37.996095421480526,37.996095421480526,0.008552113334772213,0.034208453339088854,0.003490658503988659,-28.0,5.29,111.29999999999998,2,0,100.0,4,0.0,12.89,0.02,52.648244999999996,9.7455071,34.550000000000004,33.62,52.6482342,9.7455059,0.018675022996339326,-0.025656340004316644,4.249876728606193,-5.7700000000000005,-11.700000000000001,0.05,12.886271,0.005801629,0.3106264
0 days 00:00:06.080000,0.0020047700867502436,-3.770964,-0.26290800000000003,8.989884,39.747807017543856,39.747807017543856,39.747807017543856,39.747807017543856,0.008377580409572781,0.016406094968746697,0.0015707963267948967,-28.0,5.29,112.04999999999998,2,1,100.0,4,0.0,12.855,0.025,52.6482399,9.745503,34.53,33.62,52.6482332,9.745505099999999,0.018675022996339326,-0.025830872929516076,4.249876728606193,-5.68,-11.585,-0.0,12.8513565,0.005733408,0.30697373
0 days 00:00:06.090000,0.0020047700867502436,-3.3393240000000004,0.678852,9.664812000000001,41.89398801882756,41.89398801882756,41.89398801882756,41.89398801882756,0.006108652381980153,0.02426007660272118,0.00034906585039886593,-34.0,5.29,112.79999999999998,2,1,100.0,4,0.005,12.825000000000001,0.025,52.6482399,9.745503,34.53,33.62,52.648232099999994,9.7455042,0.018675022996339326,-0.02600540585471551,4.249876728606193,-5.68,-11.585,-0.0,12.821314,0.010759855,0.30834302
0 days 00:00:06.100000,0.0021226977389120225,-3.861216,0.11772,9.429372,41.59980744544287,41.59980744544287,41.59980744544287,41.59980744544287,0.02565634000431664,0.024783675378319478,0.0031415926535897933,-35.0,5.29,106.49999999999999,2,1,100.0,4,0.005,12.790000000000001,0.03,52.6482399,9.745503,34.53,33.61,52.6482311,9.745503399999999,0.019024088846738195,-0.026179938779914945,4.249876728606193,-5.68,-11.585,-0.0,12.786402,0.010797543,0.30466318
0 days 00:00:06.110000,0.0021226977389120225,-3.7984320000000005,-0.153036,9.711900000000002,41.86724433033804,41.86724433033804,41.86724433033804,41.86724433033804,0.01658062789394613,0.03735004599267865,-0.004537856055185257,-19.0,5.29,100.19999999999999,2,1,100.0,4,0.0,12.755,0.03,52.6482399,9.745503,34.53,33.61,52.6482301,9.745502499999999,0.019198621771937627,-0.026703537555513242,4.249876728606193,-5.68,-11.585,-0.0,12.751254,0.005962224,0.3105166
0 days 00:00:06.120000,0.0021226977389120225,-5.501448000000001,-0.24721200000000002,11.065680000000002,41.766955498502355,41.766955498502355,41.766955498502355,41.766955498502355,0.0024434609527920616,0.02181661564992912,-0.011693705988362009,-19.0,5.29,100.49999999999999,2,1,100.0,4,-0.005,12.700000000000001,0.015,52.6482399,9.745503,34.53,33.61,52.648229099999995,9.7455017,0.019198621771937627,-0.026878070480712675,4.249702195680993,-5.68,-11.585,-0.0,12.695816,0.0012653514,0.32635167
0 days 00:00:06.130000,0.0022406253910738014,-5.642712,0.8318880000000001,9.507852000000002,41.486146769362435,41.486146769362435,41.486146769362435,41.486146769362435,-0.010471975511965976,-0.07208209810736581,-0.00942477796076938,-16.0,5.29,100.79999999999998,2,1,100.0,4,0.005,12.645,0.015,52.648234699999996,9.745498699999999,34.54,33.61,52.648227999999996,9.7455008,0.019024088846738195,-0.026179938779914945,4.249702195680993,-5.675,-11.42,-0.04,12.64106,0.011010585,0.31586036
0 days 00:00:06.140000,0.0024764806953973596,-0.851508,0.43948800000000005,9.880632000000002,41.18528027385537,41.18528027385537,41.18528027385537,41.18528027385537,-0.019547687622336492,-0.014311699866353502,-0.009075712110370514,-16.0,5.29,100.94999999999999,2,1,100.0,4,0.01,12.64,0.015,52.648234699999996,9.745498699999999,34.54,33.61,52.648227,9.7455,0.01884955592153876,-0.02600540585471551,4.249527662755794,-5.675,-11.42,-0.04,12.636116,0.015910534,0.31343216
0 days 00:00:06.150000,0.002594408347559139,-2.98224,0.5768280000000001,9.464688,40.65040650406504,40.65040650406504,40.65040650406504,40.65040650406504,-0.02600540585471551,0.025132741228718346,-0.005061454830783556,-14.0,5.29,101.1,2,1,100.0,4,0.015,12.615,0.02,52.648234699999996,9.745498699999999,34.54,33.61,52.648226,9.7454992,0.018500490071139894,-0.026179938779914945,4.249527662755794,-5.675,-11.42,-0.04,12.6112,0.020736495,0.3098985
0 days 00:00:06.160000,0.0024764806953973596,-4.5243720000000005,0.04316400000000001,9.095832000000001,40.583547282841245,40.583547282841245,40.583547282841245,40.583547282841245,-0.024783675378319478,-0.027401669256310976,-0.005585053606381855,-14.0,5.29,109.5,2,1,100.0,4,0.015,12.57,0.025,52.648234699999996,9.745498699999999,34.54,33.61,52.648225,9.745498399999999,0.01832595714594046,-0.02600540585471551,4.2493531298305935,-5.675,-11.42,-0.04,12.5664,0.020529035,0.301534
0 days 00:00:06.170000,0.0024764806953973596,-1.8285840000000002,0.737712,9.762912000000002,40.790810868635006,40.790810868635006,40.790810868635006,40.790810868635006,-0.03159045946109736,0.005759586531581288,-0.006108652381980153,-11.0,5.29,117.9,2,1,100.0,4,0.02,12.555,0.025,52.648234699999996,9.745498699999999,34.54,33.61,52.648224,9.745497499999999,0.017976891295541596,-0.02600540585471551,4.2493531298305935,-5.675,-11.42,-0.04,12.551405,0.02541596,0.3010613
0 days 00:00:06.180000,0.0024764806953973596,-3.3000840000000005,0.28645200000000004,10.331892000000002,40.92452931108259,40.92452931108259,40.92452931108259,40.92452931108259,-0.025132741228718346,0.0015707963267948967,-0.004363323129985824,-8.0,5.29,115.95,2,1,100.0,4,0.02,12.525,0.02,52.6482296,9.7454945,34.54,33.61,52.648222999999994,9.7454967,0.01780235837034216,-0.02600540585471551,4.2493531298305935,-5.61,-11.245000000000001,-0.045,12.521284,0.025438504,0.3052833
0 days 00:00:06.190000,0.0024764806953973596,-4.100580000000001,0.17265600000000003,7.67142,40.76406718014548,40.76406718014548,40.76406718014548,40.76406718014548,-0.014486232791552938,-0.022689280275926284,-0.003490658503988659,-4.0,5.29,114.0,2,1,100.0,4,0.02,12.485,0.04,52.6482296,9.7454945,34.54,33.61,52.648222,9.7454959,0.017627825445142728,-0.025830872929516076,4.2493531298305935,-5.61,-11.245000000000001,-0.045,12.481868,0.024976071,0.2820795
0 days 00:00:06.200000,0.0023585530432355803,-3.268692,0.32569200000000004,9.441144000000001,40.001872058194266,40.001872058194266,40.001872058194266,40.001872058194266,-0.01780235837034216,0.06667157742618339,-0.007330382858376183,-1.0,5.29,110.85,2,1,100.0,4,0.025,12.455,0.04,52.6482296,9.7454945,34.54,33.61,52.648221,9.745495,0.017453292519943295,-0.02652900463031381,4.249178596905395,-5.61,-11.245000000000001,-0.045,12.451679,0.030064268,0.2899135
0 days 00:00:06.210000,0.0022406253910738014,-6.945480000000001,0.40417200000000003,10.991124000000001,40.09547496790757,40.09547496790757,40.09547496790757,40.09547496790757,-0.018675022996339326,0.017976891295541593,-0.010122909661567111,2.0,5.29,107.69999999999999,2,1,100.0,4,0.025,12.39,0.03,52.6482296,9.7454945,34.54,33.61,52.648219999999995,9.7454942,0.017278759594743863,-0.026703537555513242,4.249178596905395,-5.61,-11.245000000000001,-0.045,12.386384,0.03019395,0.30035138
0 days 00:00:06.220000,0.0021226977389120225,-4.999176000000001,-0.9966960000000001,9.507852000000002,40.23587933247754,40.23587933247754,40.23587933247754,40.23587933247754,-0.007504915783575617,-0.10245082709206714,-0.009599310885968814,5.0,5.29,105.3,2,1,100.0,4,0.015,12.34,0.03,52.6482296,9.7454945,34.54,33.61,52.648219,9.745493399999999,0.017278759594743863,-0.025656340004316644,4.249004063980196,-5.61,-11.245000000000001,-0.045,12.336709,0.019949164,0.28627247
0 days 00:00:06.230000,0.0021226977389120225,1.02024,0.4316400000000001,9.292032,40.07541720154043,40.07541720154043,40.07541720154043,40.07541720154043,0.0036651914291880917,-0.017104226669544427,-0.006108652381980153,6.0,5.29,102.9,2,1,100.0,4,0.02,12.355,0.035,52.6482247,9.745490799999999,34.56,33.61,52.648218,9.7454926,0.017278759594743863,-0.02548180707911721,4.249004063980196,-5.515,-11.075000000000001,-0.005,12.35188,0.024831457,0.27941766
0 days 00:00:06.240000,0.0021226977389120225,-1.8482040000000002,1.408716,9.386208000000002,39.58734488660676,39.58734488660676,39.58734488660676,39.58734488660676,-0.021642082724729686,0.0466002910282486,-0.0027925268031909274,9.0,5.29,100.35,2,1,100.0,4,0.03,12.34,0.04,52.6482247,9.745490799999999,34.56,33.61,52.648216999999995,9.7454918,0.01710422666954443,-0.02600540585471551,4.249004063980196,-5.515,-11.075000000000001,-0.005,12.336868,0.034799684,0.28032988
0 days 00:00:06.250000,0.0021226977389120225,-5.858532000000001,-0.9810000000000001,9.409752000000001,39.079214805305945,39.079214805305945,39.079214805305945,39.079214805305945,-0.039095375244672985,-0.015184364492350668,-0.0015707963267948967,10.0,5.29,97.8,2,1,100.0,4,0.02,12.280000000000001,0.04,52.6482247,9.745490799999999,34.56,33.61,52.648216,9.745491,0.016580627893946133,-0.025830872929516076,4.248829531054996,-5.515,-11.075000000000001,-0.005,12.276936,0.024592878,0.27681148
0 days 00:00:06.260000,0.0020047700867502436,-4.304628,0.9888480000000001,8.519004,39.507113821138205,39.507113821138205,39.507113821138205,39.507113821138205,-0.06928957130417489,-0.034732052114687155,-0.0005235987755982988,13.0,5.29,106.79999999999998,2,1,100.0,4,0.03,12.24,0.055,52.6482247,9.745490799999999,34.56,33.61,52.648215,9.745490199999999,0.016057029118347832,-0.02548180707911721,4.248829531054996,-5.515,-11.075000000000001,-0.005,12.237427,0.03412071,0.2563666
0 days 00:00:06.270000,0.0017689147824266852,-3.7121040000000005,0.9692280000000001,10.371132000000001,40.115532734274716,40.115532734274716,40.115532734274716,40.115532734274716,-0.049043751981040655,-0.02722713633111154,0.0008726646259971648,15.0,5.29,115.79999999999998,2,1,100.0,4,0.04,12.205,0.045,52.6482247,9.745490799999999,34.56,33.61,52.6482141,9.7454894,0.015533430342749533,-0.025132741228718343,4.248829531054996,-5.515,-11.075000000000001,-0.005,12.202277,0.04406053,0.26107413
0 days 00:00:06.280000,0.0015330594781031272,-2.9351520000000004,-0.23936400000000002,9.492156000000001,40.24256525459992,40.24256525459992,40.24256525459992,40.24256525459992,-0.020420352248333655,-0.04834562028024293,0.004537856055185257,17.0,5.29,117.14999999999999,2,1,100.0,4,0.035,12.18,0.05,52.6482197,9.7454865,34.62,33.61,52.6482131,9.7454885,0.0153588974175501,-0.024609142453120045,4.249004063980196,-5.45,-10.955,-0.055,12.177543,0.03883121,0.24915725
0 days 00:00:06.290000,0.0014151318259413483,-0.9535320000000002,-0.482652,11.155932,39.36002353444587,39.36002353444587,39.36002353444587,39.36002353444587,-0.008726646259971648,0.02722713633111154,0.0024434609527920616,19.0,5.29,118.5,2,1,100.0,4,0.025,12.175,0.035,52.6482197,9.7454865,34.62,33.61,52.648212099999995,9.7454877,0.015184364492350668,-0.02495820830351891,4.249004063980196,-5.45,-10.955,-0.055,12.172082,0.02907921,0.26843497
0 days 00:00:06.300000,0.0014151318259413483,-5.678028,0.8240400000000001,9.802152000000001,38.805091998288404,38.805091998288404,38.805091998288404,38.805091998288404,-0.0008726646259971648,-0.014311699866353502,0.011693705988362009,20.0,5.29,111.3,2,1,100.0,4,0.03,12.120000000000001,0.035,52.6482197,9.7454865,34.62,33.61,52.6482111,9.7454869,0.015184364492350668,-0.024783675378319478,4.249004063980196,-5.45,-10.955,-0.055,12.117145,0.034025684,0.26487204
0 days 00:00:06.310000,0.0014151318259413483,-3.5629920000000004,-0.08632800000000002,10.586952000000002,39.079214805305945,39.079214805305945,39.079214805305945,39.079214805305945,0.029321531433504733,-0.03735004599267865,0.017976891295541593,22.0,5.29,104.1,2,1,100.0,4,0.025,12.085,0.025,52.6482197,9.7454865,34.62,33.61,52.6482101,9.745486099999999,0.015533430342749533,-0.024434609527920616,4.249178596905395,-5.45,-10.955,-0.055,12.082003,0.02919504,0.26984942
0 days 00:00:06.320000,0.0014151318259413483,-0.7769520000000001,-0.10987200000000001,10.481004,38.945496362858364,38.945496362858364,38.945496362858364,38.945496362858364,0.047123889803846894,0.009948376736367679,0.016231562043547268,24.0,5.29,96.6,2,1,100.0,4,0.025,12.08,0.02,52.6482197,9.7454865,34.62,33.61,52.6482092,9.7454853,0.016057029118347832,-0.024609142453120045,4.2493531298305935,-5.45,-10.955,-0.055,12.076835,0.02944847,0.27681732
0 days 00:00:06.330000,0.0010613488694560112,-2.4642720000000007,-0.7102440000000001,9.96696,39.079214805305945,39.079214805305945,39.079214805305945,39.079214805305945,0.0486946861306418,0.032812189937493394,0.009250245035569947,25.0,5.29,89.1,2,1,100.0,4,0.015,12.06,0.02,52.6482148,9.745482599999999,34.62,33.61,52.6482082,9.7454845,0.0164060949687467,-0.02495820830351891,4.249527662755794,-5.33,-10.82,-0.07,12.056744,0.019607412,0.2806871
0 days 00:00:06.340000,0.0010613488694560112,-4.9717080000000005,0.361008,9.904176000000001,38.85189345314506,38.85189345314506,38.85189345314506,38.85189345314506,0.0497418836818384,0.01937315469713706,0.006806784082777885,26.0,5.29,93.14999999999999,2,1,100.0,4,0.015,12.01,0.015,52.6482148,9.745482599999999,34.62,33.61,52.648207199999995,9.7454837,0.016929693744344994,-0.025132741228718343,4.249702195680993,-5.33,-10.82,-0.07,12.006584,0.019853346,0.28652218
0 days 00:00:06.350000,0.0010613488694560112,-4.822596000000001,0.18835200000000002,10.057212000000002,38.45073812580231,38.45073812580231,38.45073812580231,38.45073812580231,0.05078908123303499,0.007155849933176751,0.008028514559173916,18.0,5.29,97.19999999999999,2,1,100.0,4,0.015,11.965,0.01,52.6482148,9.745482599999999,34.62,33.61,52.6482063,9.745483,0.017453292519943295,-0.025132741228718343,4.249702195680993,-5.33,-10.82,-0.07,11.961473,0.020070864,0.29037872
0 days 00:00:06.360000,0.0009434212172942321,-3.1392,-0.223668,10.873404,38.48416773641421,38.48416773641421,38.48416773641421,38.48416773641421,0.04084070449666731,0.01064650843716541,0.008203047484373348,5.0,5.29,94.04999999999998,2,1,100.0,4,0.01,11.935,-0.0,52.6482148,9.745482599999999,34.62,33.61,52.6482053,9.7454822,0.017976891295541596,-0.02530727415391778,4.249702195680993,-5.33,-10.82,-0.07,11.931179,0.015427294,0.30178154
0 days 00:00:06.370000,0.0007075659129706742,-2.9312280000000004,-0.32569200000000004,9.633420000000001,38.12981386392811,38.12981386392811,38.12981386392811,38.12981386392811,0.02391101075232232,-0.007853981633974483,0.012391837689159739,-4.0,5.29,90.89999999999999,2,1,100.0,4,0.0,11.91,-0.0,52.6482148,9.745482599999999,34.62,33.61,52.6482044,9.7454814,0.01815142422074103,-0.025132741228718343,4.249876728606193,-5.33,-10.82,-0.07,11.906239,0.005432413,0.29925013
0 days 00:00:06.380000,0.0007075659129706742,-1.9620000000000002,0.74556,11.018592,37.88243474540008,37.88243474540008,37.88243474540008,37.88243474540008,0.00034906585039886593,0.04136430327226561,0.009075712110370514,-10.0,5.29,87.3,2,1,100.0,4,0.005,11.895,-0.01,52.64821,9.7454786,34.61,33.61,52.6482034,9.745480599999999,0.01815142422074103,-0.025656340004316644,4.250051261531391,-5.345,-10.655,-0.1,11.890829,0.010719201,0.31500277
0 days 00:00:06.390000,0.0005896382608088951,-5.1600600000000005,0.27075600000000005,10.375056,37.35424689773213,37.35424689773213,37.35424689773213,37.35424689773213,-0.013264502315156903,0.011693705988362009,0.010995574287564275,-15.0,5.29,83.7,2,1,100.0,4,0.005,11.845,-0.02,52.64821,9.7454786,34.61,33.61,52.6482025,9.7454798,0.017976891295541596,-0.025656340004316644,4.250051261531391,-5.345,-10.655,-0.1,11.84059,0.010820864,0.32371724
0 days 00:00:06.400000,0.0004717106086471161,-4.233996,-0.023544000000000002,9.645192000000002,36.79931536157467,36.79931536157467,36.79931536157467,36.79931536157467,-0.02129301687433082,-0.02722713633111154,0.00942477796076938,-20.0,5.29,76.8,2,1,100.0,4,0.0,11.805,-0.015,52.64821,9.7454786,34.61,33.61,52.6482015,9.745479,0.01780235837034216,-0.02548180707911721,4.2502257944565915,-5.345,-10.655,-0.1,11.800785,0.0056212484,0.3157253
0 days 00:00:06.410000,0.0003537829564853371,-2.036556,0.5729040000000001,8.55432,35.26823919554985,35.26823919554985,35.26823919554985,35.26823919554985,-0.0291469985083053,-0.005061454830783556,0.010995574287564275,-25.0,5.29,69.89999999999999,2,1,100.0,4,0.005,11.785,-0.005,52.64821,9.7454786,34.61,33.61,52.648200599999996,9.745478199999999,0.017453292519943295,-0.02530727415391778,4.2502257944565915,-5.345,-10.655,-0.1,11.781099,0.010291031,0.30307934
0 days 00:00:06.420000,0.00023585530432355804,-3.3314760000000003,1.1497320000000002,9.197856000000002,32.7209028669234,32.7209028669234,32.7209028669234,32.7209028669234,-0.023736477827122886,0.01937315469713706,0.012391837689159739,-37.0,5.29,64.05,2,1,100.0,4,0.015,11.755,-0.0,52.64821,9.7454786,34.61,33.61,52.6481996,9.7454775,0.017278759594743863,-0.02548180707911721,4.25040032738179,-5.345,-10.655,-0.1,11.7511835,0.0201726,0.29920238
0 days 00:00:06.430000,0.0,-4.461588000000001,0.13734000000000002,10.995048,29.317768506632433,29.317768506632433,29.317768506632433,29.317768506632433,-0.011344640137963142,0.007330382858376183,0.010821041362364843,-34.0,5.29,58.2,2,1,100.0,4,0.01,11.715,-0.015,52.6482052,9.7454746,34.6,33.61,52.648198699999995,9.7454767,0.01710422666954443,-0.025656340004316644,4.25057486030699,-5.29,-10.515,0.01,11.710761,0.015395104,0.31530893
0 days 00:00:06.440000,-0.00023585530432355804,-3.8494440000000005,-1.004544,10.410372000000002,26.262302096705174,26.262302096705174,26.262302096705174,26.262302096705174,-0.023561944901923447,-0.0019198621771937623,0.0041887902047863905,-37.0,5.29,60.6,2,1,100.0,4,0.0,11.68,-0.02,52.6482052,9.7454746,34.6,33.61,52.6481977,9.745475899999999,0.016929693744344994,-0.025656340004316644,4.25057486030699,-5.29,-10.515,0.01,11.675644,0.005410922,0.31958082
0 days 00:00:06.450000,-0.00023585530432355804,-3.441348,1.0987200000000001,9.292032,23.17340607616602,23.17340607616602,23.17340607616602,23.17340607616602,-0.04520402762665313,-0.028448866807507574,-0.0013962634015954637,-16.0,5.29,63.0,2,1,100.0,4,0.01,11.645,-0.015,52.6482052,9.7454746,34.6,33.61,52.6481968,9.7454752,0.016580627893946133,-0.02530727415391778,4.25057486030699,-5.29,-10.515,0.01,11.640892,0.015132863,0.3094586
0 days 00:00:06.460000,0.0,-3.1274280000000005,0.9966960000000001,10.304424000000001,21.067340607616604,21.067340607616604,21.067340607616604,21.067340607616604,-0.04293509959906051,-0.009599310885968814,-0.0013962634015954637,-16.0,5.29,74.4,2,1,100.0,4,0.02,11.615,-0.02,52.6482052,9.7454746,34.6,33.61,52.6481959,9.745474399999999,0.016057029118347832,-0.02530727415391778,4.25057486030699,-5.29,-10.515,0.01,11.610774,0.025037605,0.3135446
0 days 00:00:06.470000,0.00011792765216177902,-3.8533680000000006,-0.25506,9.825696,19.937419768934532,19.937419768934532,19.937419768934532,19.937419768934532,-0.042411500823462206,0.0017453292519943296,-0.006283185307179587,-11.0,5.29,85.8,2,1,100.0,4,0.015,11.58,-0.02,52.6482052,9.7454746,34.6,33.61,52.6481949,9.7454736,0.015707963267948967,-0.02530727415391778,4.25040032738179,-5.29,-10.515,0.01,11.575786,0.019914862,0.31274632
0 days 00:00:06.480000,0.00011792765216177902,-4.779432000000001,0.11379600000000001,8.275716000000001,19.76358579375267,19.76358579375267,19.76358579375267,19.76358579375267,-0.05078908123303499,-0.0158824961931484,-0.013439035240356337,-11.0,5.29,96.74999999999999,2,1,100.0,4,0.015,11.535,-0.01,52.6482001,9.7454704,34.71,33.61,52.648194,9.7454728,0.015184364492350668,-0.025132741228718343,4.2502257944565915,-5.175,-10.42,0.09,11.531105,0.019551469,0.2996102
0 days 00:00:06.490000,0.00011792765216177902,-3.5276760000000005,0.16873200000000002,8.742672,20.85339109970047,20.85339109970047,20.85339109970047,20.85339109970047,-0.03543018381548489,-0.044331363000655974,-0.016406094968746697,-10.0,5.29,107.69999999999999,2,1,100.0,4,0.02,11.5,-0.0,52.6482001,9.7454704,34.71,33.61,52.6481931,9.745472099999999,0.014835298641951801,-0.024609142453120045,4.250051261531391,-5.175,-10.42,0.09,11.496518,0.024195688,0.28264874
0 days 00:00:06.500000,0.0003537829564853371,-0.8201160000000001,0.074556,9.782532000000002,22.491442019683355,22.491442019683355,22.491442019683355,22.491442019683355,-0.006806784082777885,-0.012740903539558606,-0.0158824961931484,-10.0,5.29,108.89999999999999,2,1,100.0,4,0.02,11.495000000000001,-0.0,52.6482001,9.7454704,34.71,33.61,52.648192099999996,9.7454713,0.014660765716752368,-0.024434609527920616,4.249876728606193,-5.175,-10.42,0.09,11.491569,0.024115147,0.2805245
0 days 00:00:06.510000,0.0007075659129706742,-2.3779440000000003,0.5611320000000001,9.566712,24.86494437312794,24.86494437312794,24.86494437312794,24.86494437312794,0.008552113334772213,0.016755160819145562,-0.015009831567151233,-10.0,5.29,110.1,2,1,100.0,4,0.025,11.475,0.005,52.6482001,9.7454704,34.71,33.61,52.6481912,9.745470599999999,0.014835298641951801,-0.024609142453120045,4.249876728606193,-5.175,-10.42,0.09,11.471649,0.02911186,0.27696154
0 days 00:00:06.520000,0.0009434212172942321,-5.568156,-0.43556400000000006,9.770760000000001,28.996844244758233,28.996844244758233,28.996844244758233,28.996844244758233,0.040491638646268445,0.006806784082777885,-0.011344640137963142,-10.0,5.29,108.89999999999999,2,1,100.0,4,0.02,11.42,0.005,52.6482001,9.7454704,34.71,33.61,52.648190299999996,9.7454698,0.015184364492350668,-0.024783675378319478,4.249702195680993,-5.175,-10.42,0.09,11.416617,0.024218818,0.2776664
0 days 00:00:06.530000,0.0012972041737795694,-6.10182,0.145188,9.001656,32.988339751818565,32.988339751818565,32.988339751818565,32.988339751818565,0.07208209810736581,-0.0317649923862968,-0.0038397243543875246,-10.0,5.29,107.69999999999999,2,1,100.0,4,0.02,11.365,0.01,52.6481955,9.7454667,34.71,33.61,52.6481894,9.7454691,0.0158824961931484,-0.024434609527920616,4.249702195680993,-5.055,-10.295,0.025,11.361852,0.024248643,0.2673233
0 days 00:00:06.540000,0.0014151318259413483,-2.8449000000000004,-0.41594400000000004,10.904796000000003,37.22721437740693,37.22721437740693,37.22721437740693,37.22721437740693,0.09285151620609834,-0.010821041362364843,-0.005759586531581288,-10.0,5.29,105.44999999999999,2,1,100.0,4,0.015,11.335,-0.0,52.6481955,9.7454667,34.71,33.61,52.648188499999996,9.745468299999999,0.016929693744344994,-0.024434609527920616,4.249702195680993,-5.055,-10.295,0.025,11.331616,0.019686114,0.2766451
0 days 00:00:06.550000,0.0014151318259413483,-2.809584,-0.8318880000000001,9.970884,36.99989302524604,36.99989302524604,36.99989302524604,36.99989302524604,0.10000736613927509,-0.060388392119003806,-0.010297442586766544,-10.0,5.29,103.19999999999999,2,1,100.0,4,0.01,11.31,-0.005,52.6481955,9.7454667,34.71,33.61,52.6481876,9.7454676,0.01780235837034216,-0.023736477827122883,4.249527662755794,-5.055,-10.295,0.025,11.306696,0.01486591,0.2732116
0 days 00:00:06.560000,0.0015330594781031272,-1.8913680000000002,0.24328800000000003,6.764976,35.000802310654684,35.000802310654684,35.000802310654684,35.000802310654684,0.09634217471008699,-0.05183627878423159,-0.009773843811168246,-10.0,5.29,105.14999999999999,2,1,100.0,4,0.01,11.295,0.025,52.6481955,9.7454667,34.71,33.61,52.6481867,9.745466799999999,0.01884955592153876,-0.023212879051524585,4.2493531298305935,-5.055,-10.295,0.025,11.292537,0.014468558,0.23694208
0 days 00:00:06.570000,0.0021226977389120225,-2.8645200000000006,0.9849240000000001,8.212932,35.000802310654684,35.000802310654684,35.000802310654684,35.000802310654684,0.0916297857297023,0.04782202150464464,-0.005934119456780722,-10.0,5.29,107.1,2,1,100.0,4,0.02,11.265,0.04,52.6481955,9.7454667,34.71,33.61,52.6481857,9.7454661,0.019722220547535925,-0.023736477827122883,4.2493531298305935,-5.055,-10.295,0.025,11.262776,0.024480209,0.22693893
0 days 00:00:06.580000,0.002594408347559139,-5.9684040000000005,-0.46695600000000004,9.091908000000002,35.930145485665385,35.930145485665385,35.930145485665385,35.930145485665385,0.07417649320975901,0.013788101090755204,-0.005934119456780722,-10.0,5.29,106.8,2,1,100.0,4,0.015,11.21,0.045,52.648191,9.7454629,34.71,33.61,52.648184799999996,9.7454653,0.020420352248333655,-0.023911010752322315,4.2493531298305935,-5.015,-10.06,0.015,11.207871,0.0195509,0.22267699
0 days 00:00:06.590000,0.002594408347559139,-3.9828600000000005,-0.8554320000000001,10.006200000000002,36.26444159178434,36.26444159178434,36.26444159178434,36.26444159178434,0.04293509959906051,-0.005759586531581288,-0.01291543646475804,-10.0,5.29,106.5,2,1,100.0,4,0.005,11.17,0.045,52.648191,9.7454629,34.71,33.61,52.6481839,9.7454646,0.020943951023931952,-0.023736477827122883,4.249178596905395,-5.015,-10.06,0.015,11.167922,0.009608837,0.21997121
0 days 00:00:06.600000,0.0024764806953973596,-3.763116,0.09417600000000001,10.347588,35.528990158322635,35.528990158322635,35.528990158322635,35.528990158322635,-0.003316125578789226,0.015009831567151233,-0.020943951023931952,-10.0,5.29,108.3,2,1,100.0,4,0.005,11.135,0.04,52.648191,9.7454629,34.71,33.61,52.6481831,9.7454638,0.020943951023931952,-0.023911010752322315,4.249004063980196,-5.015,-10.06,0.015,11.132773,0.0097368155,0.22608082
0 days 00:00:06.610000,0.0024764806953973596,-5.662332000000001,0.812268,10.225944,33.95111253744117,33.95111253744117,33.95111253744117,33.95111253744117,-0.02565634000431664,-0.006806784082777885,-0.026703537555513242,-10.0,5.29,110.1,2,1,100.0,4,0.015,11.085,0.03,52.648191,9.7454629,34.71,33.61,52.6481822,9.7454631,0.020594885173533087,-0.023911010752322315,4.248654998129796,-5.015,-10.06,0.015,11.082548,0.019837033,0.23467812
0 days 00:00:06.620000,0.0024764806953973596,-5.4268920000000005,1.4793480000000003,10.390752000000003,32.64735772357724,32.64735772357724,32.64735772357724,32.64735772357724,-0.0158824961931484,-0.027401669256310976,-0.01902408884673819,-10.0,5.29,111.44999999999999,2,1,100.0,4,0.03,11.03,0.025,52.648191,9.7454629,34.71,33.61,52.6481813,9.7454624,0.020420352248333655,-0.02356194490192345,4.248480465204597,-5.015,-10.06,0.015,11.027528,0.034789562,0.23420963
0 days 00:00:06.630000,0.002594408347559139,-2.009088,0.21189600000000003,10.975428,31.430519897304237,31.430519897304237,31.430519897304237,31.430519897304237,0.008552113334772213,-0.05305800926062761,-0.015533430342749534,-10.0,5.29,112.79999999999998,2,1,100.0,4,0.03,11.015,0.015,52.6481863,9.745459199999999,34.67,33.61,52.6481804,9.745461599999999,0.020594885173533087,-0.02303834612632515,4.248305932279397,-5.01,-9.865,-0.14,11.012423,0.034910295,0.2380805
0 days 00:00:06.640000,0.0023585530432355803,1.192896,0.192276,11.583648000000002,28.58231707317073,28.58231707317073,28.58231707317073,28.58231707317073,0.010821041362364843,-0.03508111796508603,-0.009948376736367679,-10.0,5.29,107.24999999999999,1,1,100.0,4,0.03,11.03,-0.005,52.6481863,9.745459199999999,34.67,33.61,52.6481795,9.7454609,0.020594885173533087,-0.022689280275926284,4.2481313993541985,-5.01,-9.865,-0.14,11.027047,0.035249904,0.25456807
0 days 00:00:06.650000,0.0020047700867502436,-0.9574560000000001,0.07063200000000001,10.641888,26.135269576379972,26.135269576379972,26.135269576379972,26.135269576379972,0.016231562043547268,0.010995574287564275,-0.004014257279586958,-11.0,5.29,101.69999999999999,1,1,100.0,4,0.03,11.02,-0.015,52.6481863,9.745459199999999,34.67,33.61,52.648178599999994,9.7454602,0.02076941809873252,-0.022863813201125717,4.2481313993541985,-5.01,-9.865,-0.14,11.016777,0.035537183,0.26625273
0 days 00:00:06.660000,0.0020047700867502436,-4.13982,0.9574560000000001,9.684432000000001,23.761767222935386,23.761767222935386,23.761767222935386,23.761767222935386,-0.002617993877991494,0.01884955592153876,-0.0006981317007977319,-11.0,5.29,104.99999999999999,1,1,100.0,4,0.04,10.98,-0.015,52.6481863,9.745459199999999,34.67,33.61,52.6481777,9.745459499999999,0.02076941809873252,-0.02303834612632515,4.2481313993541985,-5.01,-9.865,-0.14,10.976741,0.045555823,0.26704618
0 days 00:00:06.670000,0.0020047700867502436,-3.6924840000000003,-0.517968,8.840772000000001,23.233579375267436,23.233579375267436,23.233579375267436,23.233579375267436,-0.02199114857512855,-0.024434609527920613,0.0015707963267948967,-9.0,5.29,108.29999999999998,1,1,100.0,4,0.03,10.945,-0.005,52.6481863,9.745459199999999,34.67,33.61,52.648176799999995,9.7454587,0.020594885173533087,-0.022863813201125717,4.2481313993541985,-5.01,-9.865,-0.14,10.942024,0.03524952,0.2545494
0 days 00:00:06.680000,0.0018868424345884643,-1.271376,0.16480800000000004,9.551016,23.77513906718014,23.77513906718014,23.77513906718014,23.77513906718014,-0.022863813201125717,0.026354471705114374,0.003490658503988659,-9.0,5.29,101.24999999999999,1,1,100.0,4,0.0,10.91,0.01,52.6481822,9.7454555,34.65,33.61,52.648176,9.745458,0.02111848394913139,-0.02234021442552742,4.248480465204597,-4.875,-9.71,-0.025,10.907501,0.004935317,0.23366183
0 days 00:00:06.690000,0.0018868424345884643,-3.1627440000000004,0.45126,11.391372,24.73791185280274,24.73791185280274,24.73791185280274,24.73791185280274,-0.03298672286269283,0.07871434926494426,-0.0019198621771937623,-9.0,5.29,94.19999999999999,1,1,100.0,4,0.0,10.88,-0.005,52.6481822,9.7454555,34.65,33.61,52.648175099999996,9.7454573,0.020943951023931952,-0.023212879051524585,4.248480465204597,-4.875,-9.71,-0.025,10.876952,0.005393346,0.2574756
0 days 00:00:06.700000,0.001650987130264906,-7.208388,-0.8554320000000001,11.748456000000001,26.8306054771074,26.8306054771074,26.8306054771074,26.8306054771074,-0.010297442586766544,-0.012740903539558606,-0.005759586531581288,-9.0,5.29,91.04999999999998,1,1,100.0,4,-0.01,10.81,-0.025,52.6481822,9.7454555,34.65,33.61,52.6481742,9.745456599999999,0.02076941809873252,-0.02303834612632515,4.248305932279397,-4.875,-9.71,-0.025,10.806556,-0.0043071024,0.27416447
0 days 00:00:06.710000,0.0013561679998604589,-4.563612,0.604296,7.577244000000001,28.769522892597347,28.769522892597347,28.769522892597347,28.769522892597347,-0.014486232791552938,-0.07661995416255106,-0.004886921905584123,-9.0,5.29,87.89999999999999,1,1,100.0,4,-0.005,10.765,-0.005,52.6481822,9.7454555,34.65,33.61,52.6481734,9.7454558,0.020594885173533087,-0.02234021442552742,4.248305932279397,-4.875,-9.71,-0.025,10.762203,5.6153254e-05,0.24552207
0 days 00:00:06.720000,0.0010613488694560112,-0.306072,0.635688,10.116072,30.481118955926398,30.481118955926398,30.481118955926398,30.481118955926398,-0.026354471705114374,0.03543018381548489,-0.004363323129985824,-9.0,5.29,95.4,1,1,100.0,4,0.0,10.765,-0.005,52.6481822,9.7454555,34.65,33.61,52.6481725,9.7454551,0.020420352248333655,-0.022689280275926284,4.248305932279397,-4.875,-9.71,-0.025,10.762116,0.0050889673,0.2491759
0 days 00:00:06.730000,0.0010613488694560112,-3.8337480000000004,-0.251136,10.386828,32.66741548994437,32.66741548994437,32.66741548994437,32.66741548994437,-0.028274333882308142,-0.012391837689159739,0.0008726646259971648,-9.0,5.29,102.9,1,1,100.0,4,-0.005,10.73,-0.015,52.6481778,9.745452,34.660000000000004,33.62,52.6481716,9.7454544,0.020071286397934793,-0.022514747350726852,4.248305932279397,-4.8100000000000005,-9.66,-0.065,10.726943,0.0001501314,0.2566077
0 days 00:00:06.740000,0.0009434212172942321,-2.754648,1.0320120000000002,6.678648000000001,33.890939238339755,33.890939238339755,33.890939238339755,33.890939238339755,-0.03228859116189509,-0.05480333851262195,0.0031415926535897933,-9.0,5.29,106.65,1,1,100.0,4,0.005,10.705,0.015,52.6481778,9.745452,34.660000000000004,33.61,52.648170799999995,9.745453699999999,0.019722220547535925,-0.02199114857512855,4.248305932279397,-4.8100000000000005,-9.66,-0.065,10.702742,0.009345521,0.22025841
0 days 00:00:06.750000,0.0007075659129706742,-0.20012400000000002,0.6513840000000001,9.319500000000001,33.342693624304665,33.342693624304665,33.342693624304665,33.342693624304665,-0.04485496177625426,0.08639379797371932,0.00034906585039886593,-9.0,5.29,110.4,1,1,100.0,4,0.01,10.705,0.02,52.6481778,9.745452,34.660000000000004,33.61,52.6481699,9.745453,0.01937315469713706,-0.022863813201125717,4.248305932279397,-4.8100000000000005,-9.66,-0.065,10.702659,0.014351793,0.22450514
0 days 00:00:06.760000,0.0005306744347280056,-6.5530800000000005,-0.8004960000000001,11.257956,33.95111253744117,33.95111253744117,33.95111253744117,33.95111253744117,-0.034557519189487726,0.048869219055841226,0.005235987755982988,-9.0,5.29,111.3,1,1,100.0,4,0.0,10.64,0.005,52.6481778,9.745452,34.660000000000004,33.61,52.6481691,9.7454523,0.019024088846738195,-0.023387411976724018,4.248305932279397,-4.8100000000000005,-9.66,-0.065,10.637208,0.004638188,0.24377662
0 days 00:00:06.770000,0.0003537829564853371,-6.929784000000001,0.149112,9.476460000000001,34.37901155327342,34.37901155327342,34.37901155327342,34.37901155327342,-0.02548180707911721,-0.02775073510670984,0.007504915783575617,-9.0,5.29,112.19999999999999,1,1,100.0,4,0.0,10.575000000000001,0.01,52.6481778,9.745452,34.660000000000004,33.61,52.6481682,9.745451599999999,0.018675022996339326,-0.02303834612632515,4.248480465204597,-4.8100000000000005,-9.66,-0.065,10.572425,0.004362449,0.23357089
0 days 00:00:06.780000,0.0003537829564853371,-3.6297,-0.298224,11.116692,34.7400513478819,34.7400513478819,34.7400513478819,34.7400513478819,-0.010471975511965976,0.045553093477052,0.003316125578789226,-9.0,5.29,112.05,1,1,100.0,4,-0.005,10.540000000000001,-0.005,52.6481734,9.7454485,34.660000000000004,33.62,52.6481674,9.7454509,0.018675022996339326,-0.02356194490192345,4.248480465204597,-4.71,-9.540000000000001,0.035,10.536956,-0.00026867344,0.25336775
0 days 00:00:06.790000,0.00011792765216177902,-5.065884,-0.678852,11.277576,34.42581300813008,34.42581300813008,34.42581300813008,34.42581300813008,0.00017453292519943296,0.018500490071139894,0.00034906585039886593,-9.0,5.29,111.9,1,1,100.0,4,-0.015,10.49,-0.02,52.6481734,9.7454485,34.660000000000004,33.62,52.648166499999995,9.745450199999999,0.018675022996339326,-0.023736477827122883,4.248480465204597,-4.71,-9.540000000000001,0.035,10.48657,-0.009974719,0.26919982
0 days 00:00:06.800000,0.0,-4.457664,-0.32176800000000005,8.483688,33.77727856225931,33.77727856225931,33.77727856225931,33.77727856225931,-0.014486232791552938,-0.04590215932745086,0.00017453292519943296,-9.0,5.29,114.6,1,1,100.0,4,-0.02,10.450000000000001,-0.01,52.6481734,9.7454485,34.660000000000004,33.62,52.6481657,9.7454495,0.018500490071139894,-0.023212879051524585,4.248480465204597,-4.71,-9.540000000000001,0.035,10.446953,-0.015324542,0.2528769
0 days 00:00:06.810000,0.0,-2.370096,0.3296160000000001,8.209008,33.06857081728712,33.06857081728712,33.06857081728712,33.06857081728712,-0.038571776469074684,-0.003490658503988659,-0.006108652381980153,-9.0,5.29,117.29999999999998,1,0,100.0,4,-0.02,10.425,0.005,52.6481734,9.7454485,34.660000000000004,33.62,52.648164799999996,9.7454488,0.01815142422074103,-0.023212879051524585,4.248480465204597,-4.71,-9.540000000000001,0.035,10.422308,-0.015695527,0.23729786
0 days 00:00:06.820000,-0.0004717106086471161,-3.5119800000000008,0.8201160000000001,10.818468000000001,33.02845528455285,33.02845528455285,33.02845528455285,33.02845528455285,-0.02809980095710871,-0.030368728984701335,-0.0020943951023931952,-9.0,5.29,115.19999999999999,1,0,100.0,4,-0.01,10.395,-0.005,52.6481734,9.7454485,34.660000000000004,33.62,52.648163999999994,9.745448099999999,0.01780235837034216,-0.022863813201125717,4.248480465204597,-4.71,-9.540000000000001,0.035,10.392169,-0.005678949,0.24278688
0 days 00:00:06.830000,-0.0003537829564853371,-1.7971920000000001,-0.223668,9.955188000000001,32.3063756953359,32.3063756953359,32.3063756953359,32.3063756953359,-0.012042771838760874,-0.07417649320975901,0.009599310885968814,-9.0,5.29,113.1,2,0,100.0,4,0.01,10.42,-0.02,52.6481693,9.745445,34.68,33.62,52.6481632,9.7454474,0.016929693744344994,-0.023387411976724018,4.248305932279397,-4.635,-9.43,0.055,10.416683,0.014462192,0.26346207
0 days 00:00:06.840000,-0.00023585530432355804,1.4793480000000003,-0.08240400000000002,9.747216000000002,31.657841249465125,31.657841249465125,31.657841249465125,31.657841249465125,-0.02199114857512855,-0.028274333882308142,0.01117010721276371,-9.0,5.29,112.5,2,0,100.0,4,0.005,10.44,-0.02,52.6481693,9.745445,34.68,33.62,52.648162299999996,9.745446699999999,0.016580627893946133,-0.02303834612632515,4.248305932279397,-4.635,-9.43,0.055,10.436769,0.009318264,0.26037505
0 days 00:00:06.850000,-0.0004717106086471161,-2.49174,1.0791000000000002,11.112768,32.21945870774497,32.21945870774497,32.21945870774497,32.21945870774497,-0.033859387488689996,0.05445427266222308,0.012217304763960306,-9.0,5.29,111.9,2,0,100.0,4,0.015,10.415000000000001,-0.035,52.6481693,9.745445,34.68,33.62,52.6481615,9.745446,0.0164060949687467,-0.023736477827122883,4.248480465204597,-4.635,-9.43,0.055,10.411236,0.019627284,0.28189826
0 days 00:00:06.860000,-0.0005306744347280056,-8.907480000000001,-0.21582000000000004,9.488232000000002,33.342693624304665,33.342693624304665,33.342693624304665,33.342693624304665,-0.022689280275926284,0.0022689280275926286,0.012740903539558606,-9.0,5.29,115.8,2,0,100.0,4,0.01,10.33,-0.03,52.6481693,9.745445,34.68,33.62,52.6481607,9.7454453,0.016057029118347832,-0.023736477827122883,4.248654998129796,-4.635,-9.43,0.055,10.326378,0.014416874,0.2749703
0 days 00:00:06.870000,-0.0005896382608088951,-8.424828,-0.34531200000000006,8.942796000000001,33.87088147197261,33.87088147197261,33.87088147197261,33.87088147197261,-0.007504915783575617,-0.06824237375297829,0.014660765716752367,-18.0,5.29,119.69999999999999,2,0,100.0,4,0.005,10.245000000000001,-0.025,52.6481693,9.745445,34.68,33.62,52.648159799999995,9.745444599999999,0.016057029118347832,-0.02303834612632515,4.248829531054996,-4.635,-9.43,0.055,10.241705,0.009190066,0.26088643
0 days 00:00:06.880000,-0.000825493565132453,-4.445892000000001,-0.290376,11.626812000000001,33.16217372700043,33.16217372700043,33.16217372700043,33.16217372700043,0.005585053606381855,-0.027401669256310976,0.00942477796076938,-18.0,5.29,119.39999999999999,2,0,100.0,4,0.0,10.205,-0.045,52.648165299999995,9.7454416,34.62,33.62,52.648159,9.745443999999999,0.016057029118347832,-0.022689280275926284,4.248829531054996,-4.5600000000000005,-9.225,0.065,10.201352,0.0044397814,0.27647704
0 days 00:00:06.890000,-0.000825493565132453,-3.4845120000000005,-1.067328,12.313512000000001,31.81830338040222,31.81830338040222,31.81830338040222,31.81830338040222,0.005585053606381855,-0.05585053606381855,0.0022689280275926286,-19.0,5.29,119.1,2,0,100.0,4,-0.015,10.175,-0.07,52.648165299999995,9.7454416,34.62,33.62,52.6481582,9.7454433,0.016231562043547264,-0.022165681500327987,4.248829531054996,-4.5600000000000005,-9.225,0.065,10.170949,-0.010201805,0.29570472
0 days 00:00:06.900000,-0.0007075659129706742,-2.7821160000000003,0.33746400000000004,9.162540000000002,31.122967479674795,31.122967479674795,31.122967479674795,31.122967479674795,0.0010471975511965976,-0.08255407361933179,-0.0006981317007977319,-19.0,5.29,111.75,2,0,100.0,4,-0.015,10.145,-0.065,52.648165299999995,9.7454416,34.62,33.62,52.648157399999995,9.745442599999999,0.016231562043547264,-0.02129301687433082,4.248829531054996,-4.5600000000000005,-9.225,0.065,10.141317,-0.010437373,0.28119305
0 days 00:00:06.910000,-0.000825493565132453,-1.02024,1.4165640000000002,9.700128000000001,29.732295678219938,29.732295678219938,29.732295678219938,29.732295678219938,0.004014257279586958,-0.01937315469713706,0.002617993877991494,-17.0,5.29,104.4,2,0,100.0,4,0.0,10.14,-0.065,52.648165299999995,9.7454416,34.62,33.62,52.6481566,9.7454419,0.016231562043547264,-0.02111848394913139,4.248829531054996,-4.5600000000000005,-9.225,0.065,10.136367,0.004530209,0.27907425
0 days 00:00:06.920000,-0.0009434212172942321,-2.676168,-0.8672040000000001,9.590256,27.826807873341888,27.826807873341888,27.826807873341888,27.826807873341888,-0.0031415926535897933,-0.005585053606381855,0.0008726646259971648,-17.0,5.29,103.35,2,0,100.0,4,-0.01,10.115,-0.06,52.648165299999995,9.7454416,34.62,33.62,52.6481558,9.7454413,0.016231562043547264,-0.02111848394913139,4.248829531054996,-4.5600000000000005,-9.225,0.065,10.111477,-0.0055581783,0.27371046
0 days 00:00:06.930000,-0.0011792765216177901,-3.2529960000000004,0.6278400000000001,7.298640000000001,26.99775353016688,26.99775353016688,26.99775353016688,26.99775353016688,-0.008377580409572781,-0.08866272600131195,0.003490658503988659,-16.0,5.29,102.29999999999998,2,0,100.0,4,-0.005,10.07,-0.025,52.6481612,9.7454383,34.63,33.62,52.648154999999996,9.7454406,0.0158824961931484,-0.019722220547535925,4.248829531054996,-4.505,-9.02,0.025,10.067548,-0.00144843,0.22363625
0 days 00:00:06.940000,-0.0009434212172942321,0.5729040000000001,1.338084,9.080136000000001,28.542201540436455,28.542201540436455,28.542201540436455,28.542201540436455,-0.008377580409572781,0.004014257279586958,0.006981317007977318,-16.0,5.29,99.29999999999998,2,0,100.0,4,0.005,10.08,-0.02,52.6481612,9.7454383,34.63,33.62,52.6481541,9.7454399,0.0158824961931484,-0.019722220547535925,4.248829531054996,-4.505,-9.02,0.025,10.077644,0.008474046,0.21867622
0 days 00:00:06.950000,-0.0005896382608088951,-2.3818680000000003,-0.357084,11.803392,31.517436884895165,31.517436884895165,31.517436884895165,31.517436884895165,0.008028514559173916,0.04834562028024293,0.009075712110370514,-9.0,5.29,96.3,2,0,100.0,4,0.0,10.055,-0.04,52.6481612,9.7454383,34.63,33.62,52.6481533,9.7454392,0.0158824961931484,-0.020245819323134222,4.249004063980196,-4.505,-9.02,0.025,10.05213,0.0038680132,0.24351887
0 days 00:00:06.960000,-0.0006486020868897847,-5.940936000000001,0.05886,10.163160000000001,33.85750962772786,33.85750962772786,33.85750962772786,33.85750962772786,0.014660765716752367,-0.029845130209103034,0.007155849933176751,-9.0,5.29,100.5,2,0,100.0,4,0.0,10.0,-0.045,52.6481612,9.7454383,34.63,33.62,52.648152499999995,9.7454386,0.016057029118347832,-0.019896753472735357,4.249004063980196,-4.505,-9.02,0.025,9.997125,0.0039168717,0.24391404
0 days 00:00:06.970000,-0.0007075659129706742,-3.6532440000000004,0.011772000000000001,7.993188000000001,33.83745186136072,33.83745186136072,33.83745186136072,33.83745186136072,-0.012566370614359173,-0.010471975511965976,-0.0019198621771937623,-13.0,5.29,104.69999999999999,2,0,100.0,4,0.0,9.965,-0.03,52.6481612,9.7454383,34.63,33.62,52.6481517,9.745437899999999,0.0158824961931484,-0.019722220547535925,4.249004063980196,-4.505,-9.02,0.025,9.962471,0.0035974467,0.2264848
0 days 00:00:06.980000,-0.0009434212172942321,-4.1202000000000005,-0.23936400000000002,10.198476000000001,32.520325203252035,32.520325203252035,32.520325203252035,32.520325203252035,-0.02565634000431664,0.02583087292951608,-0.01291543646475804,-13.0,5.29,105.44999999999999,2,0,100.0,4,-0.005,9.925,-0.03,52.6481572,9.745434999999999,34.63,33.62,52.6481509,9.745437299999999,0.015707963267948967,-0.020071286397934793,4.248829531054996,-4.45,-8.85,0.035,9.9223995,-0.0013994524,0.22923839
0 days 00:00:06.990000,-0.0007075659129706742,-7.224084000000001,1.047708,8.895708,30.822100984167736,30.822100984167736,30.822100984167736,30.822100984167736,-0.024609142453120045,-0.04747295565424577,-0.00942477796076938,-9.0,5.29,106.19999999999999,2,0,100.0,4,0.005,9.855,-0.025,52.6481572,9.745434999999999,34.63,33.62,52.648150099999995,9.7454366,0.015533430342749533,-0.019547687622336492,4.248829531054996,-4.45,-8.85,0.035,9.852629,0.00837973,0.2175215
0 days 00:00:07,-0.0003537829564853371,-4.190832,0.16873200000000002,9.484308,30.501176722293533,30.501176722293533,30.501176722293533,30.501176722293533,-0.02426007660272118,-0.015707963267948967,-0.006981317007977318,-9.0,5.29,101.69999999999999,2,1,100.0,4,0.005,9.815,-0.02,52.6481572,9.745434999999999,34.63,33.62,52.648149399999994,9.745436,0.015184364492350668,-0.01937315469713706,4.248654998129796,-4.45,-8.85,0.035,9.812771,0.008190019,0.2100317
0 days 00:00:07.010000,0.0,-3.307932,-0.003924,10.465308,31.423833975181857,31.423833975181857,31.423833975181857,31.423833975181857,-0.01937315469713706,0.013788101090755204,-0.009599310885968814,-9.0,5.29,97.19999999999999,2,1,100.0,4,0.005,9.785,-0.03,52.6481572,9.745434999999999,34.63,33.62,52.6481486,9.745435299999999,0.015009831567151233,-0.019547687622336492,4.248654998129796,-4.45,-8.85,0.035,9.782544,0.008320331,0.22115624
0 days 00:00:07.020000,0.00023585530432355804,-3.837672,0.7063200000000002,7.895088000000001,32.44678005990587,32.44678005990587,32.44678005990587,32.44678005990587,-0.027925268031909273,-0.023736477827122886,-0.00942477796076938,-9.0,5.29,94.19999999999999,2,1,100.0,4,0.01,9.745000000000001,-0.01,52.6481572,9.745434999999999,34.63,33.63,52.6481478,9.745434699999999,0.014660765716752368,-0.01937315469713706,4.248480465204597,-4.45,-8.85,0.035,9.742978,0.012913055,0.19860974
0 days 00:00:07.030000,-0.00011792765216177902,-1.3498560000000002,-0.36493200000000003,10.429992000000002,31.657841249465125,31.657841249465125,31.657841249465125,31.657841249465125,-0.024783675378319478,0.029321531433504733,-0.015707963267948967,-9.0,5.29,91.19999999999999,2,1,100.0,4,0.01,9.735,-0.015,52.648153,9.7454318,34.6,33.63,52.648146999999994,9.745434,0.014486232791552936,-0.019547687622336492,4.248305932279397,-4.37,-8.745000000000001,0.03,9.732847,0.012972605,0.20511536
0 days 00:00:07.040000,0.0,-4.143744,0.145188,10.002276000000002,30.320656824989303,30.320656824989303,30.320656824989303,30.320656824989303,-0.014311699866353502,0.0024434609527920616,-0.01064650843716541,-9.0,5.29,88.35,2,1,100.0,4,0.01,9.695,-0.02,52.648153,9.7454318,34.6,33.63,52.6481462,9.7454334,0.014311699866353503,-0.019547687622336492,4.248305932279397,-4.37,-8.745000000000001,0.03,9.692757,0.012997159,0.20933436
0 days 00:00:07.050000,0.0004717106086471161,-3.66894,0.557208,7.997112,29.565147625160463,29.565147625160463,29.565147625160463,29.565147625160463,-0.002967059728390361,-0.013264502315156903,-0.00645771823237902,-15.0,5.29,85.5,2,1,100.0,4,0.015,9.66,-0.005,52.648153,9.7454318,34.6,33.63,52.6481454,9.7454327,0.014311699866353503,-0.019547687622336492,4.2481313993541985,-4.37,-8.745000000000001,0.03,9.658057,0.01777223,0.19358318
0 days 00:00:07.060000,0.0006486020868897847,-1.7736480000000003,-0.80442,9.578484000000001,30.354086435601197,30.354086435601197,30.354086435601197,30.354086435601197,-0.011868238913561443,0.0715584993317675,-0.009599310885968814,-15.0,5.29,87.3,2,1,100.0,4,0.005,9.645,-0.0,52.648153,9.7454318,34.6,33.63,52.648144699999996,9.7454321,0.014137166941154071,-0.020245819323134222,4.2481313993541985,-4.37,-8.745000000000001,0.03,9.643024,0.007759797,0.19516739
0 days 00:00:07.070000,0.000825493565132453,-6.046884000000001,0.16480800000000004,9.084060000000001,31.316859221223787,31.316859221223787,31.316859221223787,31.316859221223787,-0.009948376736367679,0.009599310885968814,-0.007853981633974483,-19.0,5.29,89.1,2,1,100.0,4,0.01,9.585,0.005,52.648153,9.7454318,34.6,33.63,52.6481439,9.745431499999999,0.014137166941154071,-0.020245819323134222,4.247956866428999,-4.37,-8.745000000000001,0.03,9.583137,0.012671457,0.18888368
0 days 00:00:07.080000,0.0009434212172942321,-4.1633640000000005,0.3413880000000001,8.562168,31.637783483097994,31.637783483097994,31.637783483097994,31.637783483097994,0.004014257279586958,-0.01780235837034216,-0.003490658503988659,-19.0,5.29,88.8,2,1,100.0,4,0.01,9.545,0.015,52.6481491,9.7454283,34.63,33.63,52.6481431,9.7454308,0.014137166941154071,-0.020071286397934793,4.247956866428999,-4.28,-8.645,-0.0,9.543379,0.012495125,0.17641158
0 days 00:00:07.090000,0.0009434212172942321,-1.930608,-0.0981,10.590876000000002,30.93576166024818,30.93576166024818,30.93576166024818,30.93576166024818,0.017976891295541593,0.07714355293814937,-0.009250245035569947,-21.0,5.29,88.5,2,1,100.0,4,0.01,9.53,0.01,52.6481491,9.7454283,34.63,33.63,52.6481424,9.7454302,0.014311699866353503,-0.020943951023931952,4.247956866428999,-4.28,-8.645,-0.0,9.528119,0.012712144,0.18942092
0 days 00:00:07.100000,0.0010613488694560112,-5.348412000000001,-0.074556,10.249488,30.220367993153616,30.220367993153616,30.220367993153616,30.220367993153616,0.008377580409572781,0.03735004599267865,-0.012391837689159739,-22.0,5.29,85.35,2,1,100.0,4,0.005,9.48,0.005,52.6481491,9.7454283,34.63,33.63,52.648141599999995,9.7454295,0.014311699866353503,-0.02129301687433082,4.2477823335038,-4.28,-8.645,-0.0,9.477958,0.00781656,0.19675194
0 days 00:00:07.110000,0.0011792765216177901,-4.508676,-0.10987200000000001,10.24164,30.788671373555843,30.788671373555843,30.788671373555843,30.788671373555843,0.006283185307179587,-0.0036651914291880917,-0.008726646259971648,-23.0,5.29,82.2,2,1,100.0,4,0.005,9.435,-0.0,52.6481491,9.7454283,34.63,33.63,52.6481408,9.7454289,0.014486232791552936,-0.02129301687433082,4.2477823335038,-4.28,-8.645,-0.0,9.432861,0.007909432,0.20079093
0 days 00:00:07.120000,0.0012972041737795694,-2.228832,0.5415120000000001,9.539244,30.71512623020967,30.71512623020967,30.71512623020967,30.71512623020967,-0.0017453292519943296,0.039968039870670144,-0.00471238898038469,-25.0,5.29,80.4,2,1,100.0,4,0.01,9.415000000000001,-0.0,52.6481491,9.7454283,34.63,33.63,52.6481401,9.7454283,0.014486232791552936,-0.021642082724729686,4.247607800578599,-4.28,-8.645,-0.0,9.412795,0.012950335,0.20357807
0 days 00:00:07.130000,0.0014151318259413483,-4.0770360000000005,-0.04316400000000001,9.527472000000001,30.186938382541715,30.186938382541715,30.186938382541715,30.186938382541715,-0.008377580409572781,0.06859143960337716,-0.0013962634015954637,-26.0,5.29,78.6,2,1,100.0,4,0.01,9.375,0.005,52.648145299999996,9.7454251,34.62,33.63,52.6481393,9.7454276,0.014311699866353503,-0.02234021442552742,4.247607800578599,-4.23,-8.485,-0.02,9.372772,0.01292452,0.20425929
0 days 00:00:07.140000,0.0014151318259413483,-4.920696,0.133416,9.209628,29.598577235772357,29.598577235772357,29.598577235772357,29.598577235772357,-0.03961897402027128,0.054279739737023644,-0.005585053606381855,-28.0,5.29,76.19999999999999,2,1,100.0,4,0.01,9.33,0.01,52.648145299999996,9.7454251,34.62,33.63,52.648138599999996,9.745427,0.013962634015954637,-0.022863813201125717,4.247607800578599,-4.23,-8.485,-0.02,9.32779,0.012837584,0.20314397
0 days 00:00:07.150000,0.0014151318259413483,-4.171212000000001,0.42379200000000006,9.551016,29.50497432605905,29.50497432605905,29.50497432605905,29.50497432605905,-0.06213372137099814,0.033335788713091695,-0.00645771823237902,-29.0,5.29,73.8,2,1,100.0,4,0.01,9.290000000000001,0.01,52.648145299999996,9.7454251,34.62,33.63,52.6481378,9.7454264,0.013264502315156905,-0.023212879051524585,4.247607800578599,-4.23,-8.485,-0.02,9.287729,0.012726633,0.20548026
0 days 00:00:07.160000,0.0014151318259413483,-2.813508,1.114416,10.025820000000001,30.320656824989303,30.320656824989303,30.320656824989303,30.320656824989303,-0.04921828490624009,0.02757620218151041,-0.0015707963267948967,-31.0,5.29,74.55,2,1,100.0,4,0.02,9.265,0.005,52.648145299999996,9.7454251,34.62,33.63,52.6481371,9.7454258,0.012740903539558606,-0.023387411976724018,4.247607800578599,-4.23,-8.485,-0.02,9.262584,0.022695119,0.211394
0 days 00:00:07.170000,0.0014151318259413483,-2.252376,-0.074556,8.98596,30.387516046213094,30.387516046213094,30.387516046213094,30.387516046213094,-0.03787364476827695,0.03804817769347638,0.002617993877991494,-32.0,5.29,75.3,2,1,100.0,4,0.02,9.245000000000001,0.015,52.648145299999996,9.7454251,34.62,33.63,52.6481363,9.7454252,0.012391837689159739,-0.023911010752322315,4.247607800578599,-4.23,-8.485,-0.02,9.242716,0.02255162,0.20577687
0 days 00:00:07.180000,0.0012972041737795694,-2.848824,0.16873200000000002,9.064440000000001,30.053219940094134,30.053219940094134,30.053219940094134,30.053219940094134,-0.031939525311496235,0.07086036763096978,0.0036651914291880917,-33.0,5.29,78.3,2,1,100.0,4,0.02,9.215,0.02,52.648141499999994,9.745422,34.62,33.63,52.648135599999996,9.7454246,0.012217304763960308,-0.024609142453120045,4.247607800578599,-4.17,-8.3,0.02,9.212702,0.022524452,0.20649664
0 days 00:00:07.190000,0.0011792765216177901,-5.7447360000000005,0.36493200000000003,8.377740000000001,28.82969619169876,28.82969619169876,28.82969619169876,28.82969619169876,-0.015009831567151233,0.059341194567807204,0.003490658503988659,-35.0,5.29,81.3,2,1,100.0,4,0.02,9.16,0.035,52.648141499999994,9.745422,34.62,33.63,52.648134899999995,9.745424,0.012042771838760876,-0.025132741228718343,4.247607800578599,-4.17,-8.3,0.02,9.157987,0.022349274,0.19494772
0 days 00:00:07.200000,0.0011792765216177901,-5.2032240000000005,0.349236,8.252172000000002,28.82301026957638,28.82301026957638,28.82301026957638,28.82301026957638,-0.012566370614359173,0.05585053606381855,0.0036651914291880917,-36.0,5.29,82.94999999999999,2,1,100.0,4,0.025,9.11,0.05,52.648141499999994,9.745422,34.62,33.63,52.6481341,9.7454234,0.011868238913561441,-0.025656340004316644,4.2477823335038,-4.17,-8.3,0.02,9.108284,0.027178623,0.18341044
0 days 00:00:07.210000,0.0011792765216177901,-4.367412000000001,0.46695600000000004,8.742672,28.675919982884036,28.675919982884036,28.675919982884036,28.675919982884036,-0.013788101090755204,0.07033676885537149,0.004537856055185257,-38.0,5.29,84.6,2,1,100.0,4,0.025,9.07,0.055,52.648141499999994,9.745422,34.62,33.62,52.6481334,9.7454228,0.011693705988362009,-0.026354471705114377,4.2477823335038,-4.17,-8.3,0.02,9.068299,0.027150193,0.18372157
0 days 00:00:07.220000,0.0010613488694560112,-4.889304,-0.07848000000000001,9.456840000000001,28.923299101412066,28.923299101412066,28.923299101412066,28.923299101412066,-0.0006981317007977319,0.07644542123735164,0.002617993877991494,-39.0,5.29,84.89999999999999,2,1,100.0,4,0.025,9.025,0.06,52.648141499999994,9.745422,34.62,33.62,52.6481327,9.7454222,0.011693705988362009,-0.027227136331111543,4.2477823335038,-4.17,-8.3,0.02,9.023289,0.02716996,0.18541177
0 days 00:00:07.230000,0.0010613488694560112,-4.697028,-0.31392000000000003,10.889100000000001,29.050331621737268,29.050331621737268,29.050331621737268,29.050331621737268,0.005585053606381855,0.08063421144213802,0.0005235987755982988,-41.0,5.29,85.19999999999999,2,1,100.0,4,0.02,8.98,0.05,52.6481388,9.7454184,34.86,33.63,52.648132,9.745421499999999,0.011868238913561441,-0.027925268031909273,4.2477823335038,-4.03,-8.205,-0.04,8.977895,0.022381153,0.20050432
0 days 00:00:07.240000,0.0010613488694560112,-5.195376000000001,-0.24328800000000003,10.779228,28.72940735986307,28.72940735986307,28.72940735986307,28.72940735986307,0.013962634015954637,0.053407075111026485,0.0031415926535897933,-42.0,5.29,89.54999999999998,2,1,100.0,4,0.015,8.93,0.035,52.6481388,9.7454184,34.86,33.63,52.648131299999996,9.7454209,0.011868238913561441,-0.028448866807507574,4.247956866428999,-4.03,-8.205,-0.04,8.927382,0.017598363,0.21883485
0 days 00:00:07.250000,0.0010613488694560112,-4.4380440000000005,0.30999600000000005,8.832924000000002,28.408483097988874,28.408483097988874,28.408483097988874,28.408483097988874,0.017976891295541593,0.020420352248333655,0.0022689280275926286,-44.0,5.29,93.89999999999999,2,1,100.0,4,0.015,8.89,0.045,52.6481388,9.7454184,34.86,33.63,52.6481305,9.7454204,0.012042771838760876,-0.02879793265790644,4.247956866428999,-4.03,-8.205,-0.04,8.88761,0.017539838,0.21080098
0 days 00:00:07.260000,0.0009434212172942321,-1.930608,0.090252,9.519624,27.806750106974754,27.806750106974754,27.806750106974754,27.806750106974754,0.0041887902047863905,0.08011061266653972,-0.003316125578789226,-45.0,5.29,85.35,2,1,100.0,4,0.015,8.875,0.045,52.6481388,9.7454184,34.86,33.63,52.6481298,9.745419799999999,0.012217304763960308,-0.02949606435870417,4.2477823335038,-4.03,-8.205,-0.04,8.872467,0.017647028,0.21655977
0 days 00:00:07.270000,0.0009434212172942321,-4.088808,-0.08240400000000002,11.128464000000001,28.36168164313222,28.36168164313222,28.36168164313222,28.36168164313222,0.00017453292519943296,0.09512044423369097,0.0008726646259971648,-46.0,5.29,76.8,2,1,100.0,4,0.015,8.835,0.035,52.6481388,9.7454184,34.86,33.62,52.6481291,9.745419199999999,0.012217304763960308,-0.030543261909900768,4.247956866428999,-4.03,-8.205,-0.04,8.831948,0.017867727,0.23462331
0 days 00:00:07.280000,0.0010613488694560112,-5.776128,-0.11379600000000001,9.813924,28.58231707317073,28.58231707317073,28.58231707317073,28.58231707317073,0.007504915783575617,0.03752457891787808,0.003316125578789226,-48.0,5.29,73.8,2,1,100.0,4,0.01,8.78,0.03,52.648134999999996,9.7454149,34.96,33.63,52.6481284,9.745418599999999,0.012217304763960308,-0.030892327760299633,4.247956866428999,-3.97,-8.02,-0.03,8.776737,0.0129460655,0.24106564
0 days 00:00:07.290000,0.0009434212172942321,-4.449816,0.31392000000000003,8.919252,28.695977749251178,28.695977749251178,28.695977749251178,28.695977749251178,0.01361356816555577,0.0439822971502571,0.005585053606381855,-49.0,5.29,70.8,2,1,100.0,4,0.015,8.74,0.04,52.648134999999996,9.7454149,34.96,33.63,52.648127699999996,9.745417999999999,0.012391837689159739,-0.031241393610698498,4.247956866428999,-3.97,-8.02,-0.03,8.736984,0.01788638,0.23282112
0 days 00:00:07.300000,0.0007075659129706742,-3.7003320000000004,-0.149112,10.818468000000001,28.542201540436455,28.542201540436455,28.542201540436455,28.542201540436455,0.020420352248333655,0.08115781021773633,0.00034906585039886593,-50.0,5.29,76.8,2,1,100.0,4,0.01,8.705,0.03,52.648134999999996,9.7454149,34.96,33.63,52.648126999999995,9.7454174,0.012566370614359171,-0.032114058236695664,4.247956866428999,-3.97,-8.02,-0.03,8.701474,0.013134692,0.24937491
0 days 00:00:07.310000,0.0007075659129706742,-5.128668000000001,-0.317844,10.673280000000002,27.55937098844673,27.55937098844673,27.55937098844673,27.55937098844673,0.018500490071139894,0.04642575810304917,0.0020943951023931952,-52.0,5.29,82.8,2,1,100.0,4,0.005,8.66,0.02,52.648134999999996,9.7454149,34.96,33.63,52.648126299999994,9.7454168,0.012740903539558606,-0.032637657012293965,4.247956866428999,-3.97,-8.02,-0.03,8.65604,0.008345298,0.26251754
0 days 00:00:07.320000,0.000825493565132453,-4.426272000000001,0.463032,11.002896000000002,27.43233846812152,27.43233846812152,27.43233846812152,27.43233846812152,0.015009831567151233,0.03874630939427412,0.006632251157578452,-54.0,5.29,78.9,2,1,100.0,4,0.01,8.615,0.005,52.648134999999996,9.7454149,34.96,33.63,52.6481256,9.745416299999999,0.012915436464758038,-0.03298672286269283,4.2481313993541985,-3.97,-8.02,-0.03,8.610478,0.013604174,0.27897936
0 days 00:00:07.330000,0.000825493565132453,-4.626396000000001,0.6906240000000001,9.598104000000001,27.09135643988019,27.09135643988019,27.09135643988019,27.09135643988019,-0.002617993877991494,0.03804817769347638,0.009599310885968814,-55.0,5.29,75.0,2,1,100.0,4,0.015,8.575000000000001,0.005,52.6481314,9.745412,34.96,33.63,52.648125,9.745415699999999,0.012915436464758038,-0.033335788713091695,4.2481313993541985,-3.935,-7.815,0.005,8.570403,0.018625358,0.2805871
0 days 00:00:07.340000,0.000825493565132453,-5.281704,0.36493200000000003,9.96696,27.1849593495935,27.1849593495935,27.1849593495935,27.1849593495935,-0.009250245035569947,0.028274333882308142,0.01117010721276371,-56.0,5.29,69.15,2,1,100.0,4,0.015,8.525,-0.0,52.6481314,9.745412,34.96,33.63,52.6481243,9.745415099999999,0.012740903539558606,-0.03368485456349056,4.248305932279397,-3.935,-7.815,0.005,8.520164,0.018656712,0.28689462
0 days 00:00:07.350000,0.0009434212172942321,-5.266008000000001,-0.463032,10.528092000000003,27.14484381685922,27.14484381685922,27.14484381685922,27.14484381685922,-0.011868238913561443,0.028623399732707003,0.009250245035569947,-58.0,5.29,63.3,2,1,100.0,4,0.01,8.475,-0.005,52.6481314,9.745412,34.96,33.63,52.6481236,9.745414499999999,0.012740903539558606,-0.03385938748868999,4.248480465204597,-3.935,-7.815,0.005,8.4699745,0.0137181645,0.29174948
0 days 00:00:07.360000,0.0009434212172942321,-5.917392000000001,-0.149112,9.186084000000001,27.26519041506204,27.26519041506204,27.26519041506204,27.26519041506204,-0.016755160819145562,-0.003490658503988659,0.007330382858376183,-59.0,5.29,59.099999999999994,2,1,100.0,4,0.005,8.42,-0.005,52.6481314,9.745412,34.96,33.63,52.6481229,9.745414,0.012566370614359171,-0.03385938748868999,4.248480465204597,-3.935,-7.815,0.005,8.415006,0.008644243,0.28995296
0 days 00:00:07.370000,0.0011792765216177901,-4.92462,0.33354000000000006,10.225944,27.031183140778776,27.031183140778776,27.031183140778776,27.031183140778776,-0.00942477796076938,-0.016929693744344998,0.005061454830783556,-60.0,5.29,54.89999999999999,2,1,100.0,4,0.005,8.375,-0.01,52.6481314,9.745412,34.96,33.63,52.648122199999996,9.7454134,0.012391837689159739,-0.03368485456349056,4.248480465204597,-3.935,-7.815,0.005,8.369912,0.008618579,0.29196724
0 days 00:00:07.380000,0.0011792765216177901,-4.642092,0.15696000000000002,10.045440000000001,26.509681215233204,26.509681215233204,26.509681215233204,26.509681215233204,-0.016057029118347832,-0.023736477827122886,0.006283185307179587,-60.0,5.29,59.699999999999996,2,1,100.0,4,0.005,8.33,-0.015,52.648128,9.7454091,34.95,33.64,52.648121599999996,9.7454128,0.012217304763960308,-0.033510321638291124,4.248654998129796,-3.83,-7.58,-0.035,8.3248205,0.008592406,0.29399726
0 days 00:00:07.390000,0.0014151318259413483,-3.6650160000000005,-1.0791000000000002,11.399220000000001,26.2221865639709,26.2221865639709,26.2221865639709,26.2221865639709,-0.009250245035569947,-0.024085543677521748,0.005759586531581288,-58.0,5.29,64.5,2,1,100.0,4,-0.005,8.3,-0.03,52.648128,9.7454091,34.95,33.64,52.648120899999995,9.7454123,0.012217304763960308,-0.033161255787892266,4.248654998129796,-3.83,-7.58,-0.035,8.294442,-0.0012713462,0.30520982
0 days 00:00:07.400000,0.001650987130264906,-4.63032,0.12164400000000002,9.719748000000001,26.656771501925547,26.656771501925547,26.656771501925547,26.656771501925547,-0.006632251157578452,-0.04276056667386108,0.00942477796076938,-58.0,5.29,80.4,2,1,100.0,4,-0.005,8.255,-0.03,52.648128,9.7454091,34.95,33.64,52.6481202,9.7454117,0.012217304763960308,-0.0328121899374934,4.248654998129796,-3.83,-7.58,-0.035,8.249573,-0.0013247543,0.30083853
0 days 00:00:07.410000,0.001650987130264906,-3.4256520000000004,-0.37278,9.582408000000001,27.51256953359007,27.51256953359007,27.51256953359007,27.51256953359007,0.013788101090755204,-0.05864306286700947,0.008377580409572781,-51.0,5.29,96.3,2,1,100.0,4,-0.01,8.225,-0.03,52.648128,9.7454091,34.95,33.64,52.6481196,9.7454112,0.012217304763960308,-0.032114058236695664,4.248829531054996,-3.83,-7.58,-0.035,8.219796,-0.006406511,0.2941775
0 days 00:00:07.420000,0.0014151318259413483,-2.2092120000000004,-0.22759200000000002,9.939492000000001,26.636713735558406,26.636713735558406,26.636713735558406,26.636713735558406,0.014486232791552938,-0.027925268031909273,0.0008726646259971648,-51.0,5.29,97.94999999999999,2,1,100.0,4,-0.015,8.205,-0.03,52.648128,9.7454091,34.95,33.64,52.6481189,9.745410699999999,0.012391837689159739,-0.031939525311496235,4.248829531054996,-3.83,-7.58,-0.035,8.199857,-0.011380476,0.2921674
0 days 00:00:07.430000,0.0012972041737795694,-5.046264000000001,0.5493600000000001,9.233172000000001,25.74080017115961,25.74080017115961,25.74080017115961,25.74080017115961,-0.01117010721276371,-0.016231562043547268,-0.005585053606381855,-40.0,5.29,99.6,2,1,100.0,4,-0.01,8.155,-0.025,52.648124599999996,9.7454064,34.94,33.64,52.6481183,9.745410099999999,0.012391837689159739,-0.0317649923862968,4.248654998129796,-3.64,-7.315,0.07,8.150091,-0.0064801974,0.28408942
0 days 00:00:07.440000,0.0012972041737795694,-6.894468,1.1889720000000001,9.857088000000003,24.029204107830548,24.029204107830548,24.029204107830548,24.029204107830548,-0.013962634015954637,-0.08447393579652554,-0.007330382858376183,-40.0,5.29,92.55,2,1,100.0,4,0.0,8.09,-0.03,52.648124599999996,9.7454064,34.94,33.64,52.6481176,9.7454095,0.012217304763960308,-0.030892327760299633,4.248654998129796,-3.64,-7.315,0.07,8.085213,0.0034191092,0.279844
0 days 00:00:07.450000,0.0012972041737795694,-3.4531200000000006,0.11379600000000001,8.577864000000002,18.994704749679073,18.994704749679073,18.994704749679073,18.994704749679073,-0.013264502315156903,-0.1324704902263696,0.00034906585039886593,-45.0,5.29,85.5,2,1,100.0,4,0.0,8.06,-0.02,52.648124599999996,9.7454064,34.94,33.64,52.648117,9.745409,0.012042771838760876,-0.029670597283903602,4.248654998129796,-3.64,-7.315,0.07,8.05586,0.0031202205,0.25908235
0 days 00:00:07.460000,0.0011792765216177901,-0.368856,-0.46695600000000004,9.37836,13.037548138639282,13.037548138639282,13.037548138639282,13.037548138639282,-0.010821041362364843,-0.029321531433504733,0.0015707963267948967,-45.0,5.29,84.15,2,1,100.0,4,-0.005,8.06,-0.015,52.648124599999996,9.7454064,34.94,33.64,52.6481163,9.7454085,0.012042771838760876,-0.029321531433504737,4.248654998129796,-3.64,-7.315,0.07,8.056096,-0.0019734674,0.2513332
0 days 00:00:07.470000,0.0011792765216177901,-4.68918,1.5028920000000001,9.770760000000001,8.33065896448438,8.33065896448438,8.33065896448438,8.33065896448438,-0.010471975511965976,-0.030717794835100197,0.0013962634015954637,-35.0,5.29,82.8,2,1,100.0,4,0.01,8.015,-0.015,52.648124599999996,9.7454064,34.94,33.64,52.6481157,9.7454079,0.011868238913561441,-0.028972465583105872,4.248654998129796,-3.64,-7.315,0.07,8.011202,0.012932765,0.24703945
0 days 00:00:07.480000,0.0014151318259413483,-5.2032240000000005,0.517968,9.766836000000001,6.077503209242618,6.077503209242618,6.077503209242618,6.077503209242618,-0.010471975511965976,-0.07592182246175334,0.0019198621771937623,-35.0,5.29,85.05,2,1,100.0,4,0.015,7.965,-0.015,52.6481214,9.7454038,34.910000000000004,33.65,52.6481151,9.7454074,0.011693705988362009,-0.028274333882308142,4.248654998129796,-3.545,-7.055,0.005,7.9613924,0.017807376,0.23997726
0 days 00:00:07.490000,0.0015330594781031272,-2.6330040000000006,0.04316400000000001,10.465308,4.446138211382114,4.446138211382114,4.446138211382114,4.446138211382114,-0.011868238913561443,-0.059341194567807204,-0.003490658503988659,-25.0,5.29,87.3,2,1,100.0,4,0.015,7.94,-0.025,52.6481214,9.7454038,34.910000000000004,33.65,52.6481144,9.745406899999999,0.011693705988362009,-0.02757620218151041,4.248654998129796,-3.545,-7.055,0.005,7.9362917,0.017851213,0.24372572
0 days 00:00:07.500000,0.0015330594781031272,-4.512600000000001,0.03531600000000001,8.577864000000002,4.419394522892597,4.419394522892597,4.419394522892597,4.419394522892597,-0.00017453292519943296,-0.11274826967883368,0.003316125578789226,-25.0,5.29,89.4,2,1,100.0,4,0.01,7.9,-0.01,52.6481214,9.7454038,34.910000000000004,33.65,52.6481138,9.745406299999999,0.011693705988362009,-0.02652900463031381,4.248654998129796,-3.545,-7.055,0.005,7.8969555,0.012566622,0.21941909
0 days 00:00:07.510000,0.0017689147824266852,-3.0371760000000005,-0.0981,9.119376,4.118528027385538,4.118528027385538,4.118528027385538,4.118528027385538,0.02076941809873252,-0.07749261878854824,0.0022689280275926286,-9.0,5.29,91.5,2,1,100.0,4,0.01,7.87,-0.005,52.6481214,9.7454038,34.910000000000004,33.65,52.648113099999996,9.7454058,0.011868238913561441,-0.025830872929516076,4.248654998129796,-3.545,-7.055,0.005,7.867245,0.012470972,0.20813134
0 days 00:00:07.520000,0.0018868424345884643,-4.43412,-0.5886000000000001,9.452916,6.037387676508343,6.037387676508343,6.037387676508343,6.037387676508343,0.030368728984701335,-0.06859143960337716,-0.006108652381980153,-9.0,5.29,93.15,2,1,100.0,4,0.005,7.83,-0.005,52.6481214,9.7454038,34.910000000000004,33.65,52.648112499999996,9.7454053,0.012217304763960308,-0.025132741228718343,4.248480465204597,-3.545,-7.055,0.005,7.8274016,0.0074646156,0.20169093
0 days 00:00:07.530000,0.0018868424345884643,-4.693104000000001,-0.39632400000000007,8.41698,8.8053594351733,8.8053594351733,8.8053594351733,8.8053594351733,0.027925268031909273,-0.15585790220309362,-0.015358897417550098,-9.0,5.29,94.8,2,1,100.0,4,0.0,7.785,0.01,52.6481182,9.7454012,34.910000000000004,33.65,52.648111899999996,9.7454047,0.012391837689159739,-0.02356194490192345,4.248305932279397,-3.46,-6.915,-0.03,7.7830744,0.0021488823,0.17340223
0 days 00:00:07.540000,0.0020047700867502436,-0.290376,0.545436,9.170388,10.068998716302952,10.068998716302952,10.068998716302952,10.068998716302952,0.032463124087094536,-0.13421581947836395,-0.012566370614359173,-9.0,5.29,101.69999999999999,2,1,100.0,4,0.005,7.785,0.015,52.6481182,9.7454012,34.910000000000004,33.65,52.6481113,9.7454042,0.012740903539558606,-0.022165681500327987,4.248305932279397,-3.46,-6.915,-0.03,7.78342,0.0070068613,0.1574729
0 days 00:00:07.550000,0.0024764806953973596,-1.047708,0.5493600000000001,10.253412000000003,12.208493795464271,12.208493795464271,12.208493795464271,12.208493795464271,0.041887902047863905,-0.05009094953223726,-0.009948376736367679,-9.0,5.29,108.6,2,1,100.0,4,0.01,7.775,0.01,52.6481182,9.7454012,34.910000000000004,33.65,52.6481107,9.745403699999999,0.013264502315156905,-0.021642082724729686,4.2481313993541985,-3.46,-6.915,-0.03,7.773396,0.012098251,0.15810986
0 days 00:00:07.560000,0.002594408347559139,-5.262084,-0.8632800000000002,8.57394,14.909606332905433,14.909606332905433,14.909606332905433,14.909606332905433,0.024609142453120045,-0.0778416846389471,-0.011868238913561443,-9.0,5.29,114.75,2,1,100.0,4,0.0,7.7250000000000005,0.025,52.6481182,9.7454012,34.910000000000004,33.65,52.648109999999996,9.7454032,0.013439035240356337,-0.020943951023931952,4.247956866428999,-3.46,-6.915,-0.03,7.7238293,0.0018382123,0.13677333
0 days 00:00:07.570000,0.002594408347559139,-4.241844,0.9456840000000001,8.883936,17.617404792468978,17.617404792468978,17.617404792468978,17.617404792468978,-0.0031415926535897933,-0.0916297857297023,-0.016755160819145562,-9.0,5.29,120.9,2,1,100.0,4,0.01,7.6850000000000005,0.03,52.6481182,9.7454012,34.910000000000004,33.65,52.648109399999996,9.7454027,0.013439035240356337,-0.020071286397934793,4.2477823335038,-3.46,-6.915,-0.03,7.6840544,0.01166876,0.12409792
0 days 00:00:07.580000,0.0028302636518826967,-2.6918640000000003,0.8985960000000001,10.147464000000001,20.064452289259734,20.064452289259734,20.064452289259734,20.064452289259734,-0.008726646259971648,-0.07557275661135446,-0.012042771838760874,-9.0,5.29,110.85,2,1,100.0,4,0.02,7.66,0.03,52.6481152,9.745398699999999,34.910000000000004,33.65,52.648108799999996,9.7454022,0.013439035240356337,-0.019198621771937627,4.247607800578599,-3.3850000000000002,-6.74,-0.06,7.659164,0.021571293,0.1167786
0 days 00:00:07.590000,0.0029481913040444755,-3.0528720000000003,0.30999600000000005,10.975428,25.212612323491655,25.212612323491655,25.212612323491655,25.212612323491655,-0.0015707963267948967,-0.06405358354819189,-0.0041887902047863905,-9.0,5.29,100.79999999999998,2,1,100.0,4,0.02,7.63,0.015,52.6481152,9.745398699999999,34.910000000000004,33.65,52.648108199999996,9.7454016,0.013264502315156905,-0.018675022996339326,4.247607800578599,-3.3850000000000002,-6.74,-0.06,7.6289496,0.021689212,0.12720826
0 days 00:00:07.600000,0.0028302636518826967,-4.1202000000000005,-0.9142920000000001,9.959112000000001,25.41987590928541,25.41987590928541,25.41987590928541,25.41987590928541,0.002617993877991494,-0.07208209810736581,-0.002967059728390361,-9.0,5.29,90.0,2,1,100.0,4,0.01,7.59,0.015,52.6481152,9.745398699999999,34.910000000000004,33.65,52.648107599999996,9.745401099999999,0.013439035240356337,-0.01780235837034216,4.247607800578599,-3.3850000000000002,-6.74,-0.06,7.5890646,0.01161328,0.1199699
0 days 00:00:07.610000,0.0027123359997209178,-4.37526,-0.11772,9.912024,25.754172015404368,25.754172015404368,25.754172015404368,25.754172015404368,-0.0027925268031909274,-0.056548667764616284,-0.005235987755982988,-9.0,5.29,79.2,2,1,100.0,4,0.01,7.55,0.01,52.6481152,9.745398699999999,34.910000000000004,33.65,52.648106999999996,9.7454006,0.013264502315156905,-0.017278759594743863,4.247433267653401,-3.3850000000000002,-6.74,-0.06,7.549046,0.0115967775,0.120306395
0 days 00:00:07.620000,0.002594408347559139,-4.485132,0.251136,10.535940000000002,25.39313222079589,25.39313222079589,25.39313222079589,25.39313222079589,-0.010297442586766544,-0.07696902001294993,-0.006806784082777885,-9.0,5.29,82.5,2,1,100.0,4,0.01,7.505,0.005,52.6481152,9.745398699999999,34.910000000000004,33.65,52.648106399999996,9.7454001,0.013264502315156905,-0.016580627893946133,4.247433267653401,-3.3850000000000002,-6.74,-0.06,7.5040517,0.011583288,0.11928946
0 days 00:00:07.630000,0.002594408347559139,-1.7108640000000002,-0.129492,9.766836000000001,23.721651690201114,23.721651690201114,23.721651690201114,23.721651690201114,-0.018500490071139894,-0.1096066770252439,-0.005759586531581288,-9.0,5.29,85.8,2,1,100.0,4,0.01,7.49,0.005,52.648111899999996,9.7453963,34.86,33.65,52.648105799999996,9.745399599999999,0.013089969389957472,-0.015533430342749533,4.247433267653401,-3.315,-6.6450000000000005,-0.115,7.489174,0.011456556,0.11120088
0 days 00:00:07.640000,0.0024764806953973596,0.47088,0.4434120000000001,9.621648,23.668164313222082,23.668164313222082,23.668164313222082,23.668164313222082,-0.030368728984701335,-0.05811946409141117,-0.004886921905584123,-9.0,5.29,89.1,2,1,100.0,4,0.015,7.495,0.005,52.648111899999996,9.7453963,34.86,33.65,52.648105199999996,9.7453991,0.012740903539558606,-0.014835298641951801,4.2472587347282005,-3.315,-6.6450000000000005,-0.115,7.49425,0.016351664,0.10598731
0 days 00:00:07.650000,0.0024764806953973596,-2.1935160000000002,0.9064440000000001,8.844696,23.661478391099703,23.661478391099703,23.661478391099703,23.661478391099703,-0.03298672286269283,-0.021118483949131385,0.00034906585039886593,-10.0,5.29,92.39999999999999,2,1,100.0,4,0.02,7.4750000000000005,0.015,52.648111899999996,9.7453963,34.86,33.65,52.648104599999996,9.7453986,0.012391837689159739,-0.014660765716752368,4.2472587347282005,-3.315,-6.6450000000000005,-0.115,7.4744163,0.02117054,0.094331816
0 days 00:00:07.660000,0.0024764806953973596,-3.9867840000000005,0.031392,9.813924,24.26321138211382,24.26321138211382,24.26321138211382,24.26321138211382,-0.022863813201125717,0.016755160819145562,0.006806784082777885,-10.0,5.29,93.0,2,1,100.0,4,0.02,7.4350000000000005,0.015,52.648111899999996,9.7453963,34.86,33.65,52.648104,9.7453981,0.012217304763960308,-0.014835298641951801,4.247433267653401,-3.315,-6.6450000000000005,-0.115,7.4344044,0.021162765,0.0950466
0 days 00:00:07.670000,0.0022406253910738014,-5.799672000000001,-0.6160680000000002,11.273652,24.26321138211382,24.26321138211382,24.26321138211382,24.26321138211382,-0.01902408884673819,0.03822271061867582,0.003316125578789226,-10.0,5.29,93.6,2,1,100.0,4,0.01,7.38,-0.0,52.648111899999996,9.7453963,34.86,33.65,52.6481034,9.7453977,0.012042771838760876,-0.015184364492350668,4.247433267653401,-3.315,-6.6450000000000005,-0.115,7.3791494,0.01134871,0.11192775
0 days 00:00:07.680000,0.0017689147824266852,-7.204464000000001,0.0,9.503928,23.681536157466834,23.681536157466834,23.681536157466834,23.681536157466834,-0.030368728984701335,-0.016755160819145562,-0.0038397243543875246,-10.0,5.29,88.65,2,1,100.0,4,0.01,7.3100000000000005,-0.0,52.6481089,9.7453942,34.83,33.660000000000004,52.6481028,9.7453971,0.011693705988362009,-0.015009831567151233,4.247433267653401,-3.255,-6.525,0.005,7.3091764,0.011282294,0.10959331
0 days 00:00:07.690000,0.0012972041737795694,-4.041720000000001,0.18835200000000002,10.520244,23.1800919982884,23.1800919982884,23.1800919982884,23.1800919982884,-0.021642082724729686,-0.029845130209103034,-0.005934119456780722,-10.0,5.29,83.7,2,1,100.0,4,0.01,7.2700000000000005,-0.005,52.6481089,9.7453942,34.83,33.660000000000004,52.6481022,9.745396699999999,0.011519173063162575,-0.014835298641951801,4.2472587347282005,-3.255,-6.525,0.005,7.2691255,0.011299225,0.112725444
0 days 00:00:07.700000,0.0011792765216177901,-2.460348,0.34531200000000006,10.763532,23.039687633718444,23.039687633718444,23.039687633718444,23.039687633718444,-0.002617993877991494,0.02583087292951608,0.0038397243543875246,-10.0,5.29,81.15,2,1,100.0,4,0.015,7.25,-0.015,52.6481089,9.7453942,34.83,33.660000000000004,52.6481016,9.7453962,0.011519173063162575,-0.015009831567151233,4.247433267653401,-3.255,-6.525,0.005,7.248958,0.016425226,0.12363451
0 days 00:00:07.710000,0.0012972041737795694,-4.155516,0.357084,10.657584000000002,23.17340607616602,23.17340607616602,23.17340607616602,23.17340607616602,0.00942477796076938,0.029670597283903602,0.014311699866353502,-19.0,5.29,78.6,2,1,100.0,4,0.015,7.21,-0.025,52.6481089,9.7453942,34.83,33.660000000000004,52.6481011,9.7453957,0.011519173063162575,-0.0153588974175501,4.247433267653401,-3.255,-6.525,0.005,7.2087655,0.016562471,0.13554856
0 days 00:00:07.720000,0.0012972041737795694,-3.2922360000000004,-0.94176,10.822392,23.1800919982884,23.1800919982884,23.1800919982884,23.1800919982884,0.019547687622336492,0.0005235987755982988,0.02199114857512855,-19.0,5.29,79.65,2,1,100.0,4,0.005,7.175,-0.035,52.6481089,9.7453942,34.83,33.660000000000004,52.6481005,9.745395199999999,0.011693705988362009,-0.0153588974175501,4.2477823335038,-3.255,-6.525,0.005,7.1736164,0.0066974475,0.14512324
0 days 00:00:07.730000,0.0009434212172942321,-1.522512,-0.302148,9.288108000000001,22.745507060333765,22.745507060333765,22.745507060333765,22.745507060333765,0.009948376736367679,0.033335788713091695,0.024434609527920613,-20.0,5.29,80.7,2,1,100.0,4,0.015,7.165,-0.03,52.6481059,9.7453918,34.82,33.660000000000004,52.6480999,9.7453947,0.011344640137963142,-0.015707963267948967,4.2477823335038,-3.215,-6.4750000000000005,0.02,7.163645,0.016616056,0.14235988
0 days 00:00:07.740000,0.0006486020868897847,-3.5276760000000005,0.20012400000000002,8.856468000000001,22.330979888746256,22.330979888746256,22.330979888746256,22.330979888746256,0.006108652381980153,0.07382742735936014,0.021467549799530253,-20.0,5.29,82.94999999999999,1,1,100.0,4,0.015,7.13,-0.02,52.6481059,9.7453918,34.82,33.660000000000004,52.6480993,9.7453943,0.011344640137963142,-0.0164060949687467,4.247956866428999,-3.215,-6.4750000000000005,0.02,7.1287127,0.016552847,0.13678853
0 days 00:00:07.750000,0.0003537829564853371,-5.010948000000001,-0.357084,8.27964,22.30423620025674,22.30423620025674,22.30423620025674,22.30423620025674,0.0024434609527920616,0.058468529941810045,0.013264502315156903,-22.0,5.29,85.19999999999999,1,1,100.0,4,0.01,7.085,-0.01,52.6481059,9.7453918,34.82,33.660000000000004,52.6480988,9.7453938,0.011344640137963142,-0.016929693744344994,4.2481313993541985,-3.215,-6.4750000000000005,0.02,7.0838156,0.011473443,0.12981792
0 days 00:00:07.760000,0.00029481913040444753,-3.574764,0.32176800000000005,10.1043,22.611788617886177,22.611788617886177,22.611788617886177,22.611788617886177,0.013439035240356337,0.06161012259539984,0.013439035240356337,-23.0,5.29,82.94999999999999,1,1,100.0,4,0.01,7.05,-0.01,52.6481059,9.7453918,34.82,33.660000000000004,52.6480982,9.7453933,0.011519173063162575,-0.017627825445142728,4.248305932279397,-3.215,-6.4750000000000005,0.02,7.0487285,0.011545961,0.1341441
0 days 00:00:07.770000,0.00023585530432355804,-3.4295760000000004,0.8829000000000001,10.814544000000001,22.611788617886177,22.611788617886177,22.611788617886177,22.611788617886177,0.024783675378319478,0.0715584993317675,0.017627825445142728,-14.0,5.29,80.7,1,1,100.0,4,0.015,7.015000000000001,-0.02,52.6481059,9.7453918,34.82,33.660000000000004,52.6480976,9.745392899999999,0.011693705988362009,-0.01832595714594046,4.248480465204597,-3.215,-6.4750000000000005,0.02,7.0134554,0.016735988,0.14836046
0 days 00:00:07.780000,0.00023585530432355804,-4.175136,-0.31392000000000003,10.908720000000002,22.371095421480533,22.371095421480533,22.371095421480533,22.371095421480533,0.024783675378319478,0.06161012259539984,0.018500490071139894,-14.0,5.29,79.8,1,1,100.0,4,0.01,6.9750000000000005,-0.035,52.6481031,9.745389399999999,34.82,33.660000000000004,52.6480971,9.7453924,0.012042771838760876,-0.01884955592153876,4.248654998129796,-3.17,-6.295,0.07,6.9731016,0.012003886,0.16632915
0 days 00:00:07.790000,0.00011792765216177902,-4.6107000000000005,0.18835200000000002,9.566712,22.08360077021823,22.08360077021823,22.08360077021823,22.08360077021823,0.012391837689159739,0.05061454830783556,0.014311699866353502,-18.0,5.29,78.89999999999999,1,1,100.0,4,0.01,6.9350000000000005,-0.03,52.6481031,9.745389399999999,34.82,33.660000000000004,52.648096499999994,9.7453919,0.012042771838760876,-0.01937315469713706,4.248829531054996,-3.17,-6.295,0.07,6.9331174,0.011978322,0.16420643
0 days 00:00:07.800000,-0.00011792765216177902,-4.555764000000001,0.714168,8.318880000000002,21.655701754385966,21.655701754385966,21.655701754385966,21.655701754385966,-0.0041887902047863905,0.051487212933832724,0.009075712110370514,-18.0,5.29,73.8,1,1,100.0,4,0.015,6.890000000000001,-0.02,52.6481031,9.745389399999999,34.82,33.660000000000004,52.648095999999995,9.7453915,0.012042771838760876,-0.019896753472735357,4.248829531054996,-3.17,-6.295,0.07,6.8882384,0.016890492,0.15688358
0 days 00:00:07.810000,-0.00023585530432355804,-4.3438680000000005,0.28252800000000006,9.602028,21.441752246469832,21.441752246469832,21.441752246469832,21.441752246469832,-0.020943951023931952,0.07382742735936014,0.005759586531581288,-25.0,5.29,68.7,1,1,100.0,4,0.015,6.8500000000000005,-0.015,52.6481031,9.745389399999999,34.82,33.660000000000004,52.648095399999995,9.745391,0.011868238913561441,-0.020594885173533087,4.249004063980196,-3.17,-6.295,0.07,6.848238,0.016851077,0.15587279
0 days 00:00:07.820000,-0.00011792765216177902,-5.12082,0.7848,9.668736,21.40832263585794,21.40832263585794,21.40832263585794,21.40832263585794,-0.025132741228718346,0.030368728984701335,0.013439035240356337,-24.0,5.29,75.45,1,1,100.0,4,0.02,6.8,-0.015,52.6481031,9.745389399999999,34.82,33.660000000000004,52.6480949,9.7453906,0.011693705988362009,-0.020943951023931952,4.249004063980196,-3.17,-6.295,0.07,6.7981944,0.021839239,0.15716052
0 days 00:00:07.830000,0.00011792765216177902,-2.9900880000000005,0.94176,10.877328,21.221116816431323,21.221116816431323,21.221116816431323,21.221116816431323,-0.019198621771937627,0.06457718232379019,0.017627825445142728,-26.0,5.29,82.2,1,1,100.0,4,0.03,6.7700000000000005,-0.03,52.648100199999995,9.7453871,34.82,33.660000000000004,52.6480943,9.7453901,0.011519173063162575,-0.021642082724729686,4.249178596905395,-3.15,-6.215,0.065,6.7677655,0.03203108,0.17614116
0 days 00:00:07.840000,0.0,-4.532220000000001,0.251136,10.524168,21.47518185708173,21.47518185708173,21.47518185708173,21.47518185708173,-0.018675022996339326,0.07679448708775051,0.020943951023931952,-27.0,5.29,93.9,1,1,100.0,4,0.03,6.73,-0.035,52.648100199999995,9.7453871,34.82,33.67,52.6480938,9.745389699999999,0.011344640137963142,-0.02234021442552742,4.2493531298305935,-3.15,-6.215,0.065,6.727539,0.03210051,0.18497615
0 days 00:00:07.850000,-0.00011792765216177902,-5.387652,0.10987200000000001,9.53532,21.588842533162172,21.588842533162172,21.588842533162172,21.588842533162172,-0.006806784082777885,0.004363323129985824,0.026703537555513242,-29.0,5.29,105.6,1,1,100.0,4,0.025,6.675,-0.035,52.648100199999995,9.7453871,34.82,33.67,52.6480932,9.7453892,0.01117010721276371,-0.02234021442552742,4.249702195680993,-3.15,-6.215,0.065,6.6725526,0.027054813,0.18380907
0 days 00:00:07.860000,-0.00011792765216177902,-0.7259400000000001,-0.40024800000000005,10.618344,21.441752246469832,21.441752246469832,21.441752246469832,21.441752246469832,0.009599310885968814,0.038397243543875255,0.016929693744344998,-30.0,5.29,102.14999999999999,1,1,100.0,4,0.02,6.67,-0.04,52.648100199999995,9.7453871,34.82,33.67,52.6480927,9.745388799999999,0.011344640137963142,-0.022863813201125717,4.249876728606193,-3.15,-6.215,0.065,6.667342,0.022182258,0.19223861
0 days 00:00:07.870000,0.0,-2.4368040000000004,0.3531600000000001,11.567952,21.361521181001283,21.361521181001283,21.361521181001283,21.361521181001283,0.030194196059501903,0.08447393579652554,0.011344640137963142,-32.0,5.29,98.69999999999999,1,1,100.0,4,0.02,6.65,-0.06,52.648100199999995,9.7453871,34.82,33.67,52.6480922,9.7453883,0.011519173063162575,-0.02356194490192345,4.250051261531391,-3.15,-6.215,0.065,6.6467404,0.022494312,0.21641104
0 days 00:00:07.880000,0.0,-5.536764000000001,-0.9731520000000001,9.547092000000001,21.033910997004707,21.033910997004707,21.033910997004707,21.033910997004707,0.038397243543875255,0.006108652381980153,0.002967059728390361,-33.0,5.29,87.75,1,1,100.0,4,0.01,6.595,-0.06,52.6480974,9.7453846,34.84,33.67,52.648091699999995,9.745387899999999,0.012042771838760876,-0.023736477827122883,4.250051261531391,-3.02,-6.055,0.105,6.591718,0.012606597,0.21637431
0 days 00:00:07.890000,0.0,-4.363488,0.26290800000000003,9.170388,20.55921052631579,20.55921052631579,20.55921052631579,20.55921052631579,0.03700098014227979,0.053232542185827056,-0.0008726646259971648,-34.0,5.29,76.8,1,1,100.0,4,0.015,6.555,-0.055,52.6480974,9.7453846,34.84,33.67,52.648091099999995,9.7453874,0.012391837689159739,-0.024260076602721184,4.250051261531391,-3.02,-6.055,0.105,6.551737,0.017650547,0.2137907
0 days 00:00:07.900000,0.0,-5.505372,0.16480800000000004,10.006200000000002,19.502834830979886,19.502834830979886,19.502834830979886,19.502834830979886,0.02548180707911721,0.07208209810736581,-0.0022689280275926286,-36.0,5.29,79.94999999999999,1,1,100.0,4,0.015,6.505,-0.055,52.6480974,9.7453846,34.84,33.67,52.648090599999996,9.745387,0.012566370614359171,-0.02495820830351891,4.250051261531391,-3.02,-6.055,0.105,6.5016017,0.017729657,0.21711352
0 days 00:00:07.910000,0.00011792765216177902,-5.999796000000001,0.129492,8.785836000000002,16.76829268292683,16.76829268292683,16.76829268292683,16.76829268292683,0.023038346126325153,-0.020420352248333655,0.0006981317007977319,-37.0,5.29,83.1,1,1,100.0,4,0.015,6.445,-0.05,52.6480974,9.7453846,34.84,33.67,52.6480901,9.7453866,0.012915436464758038,-0.024783675378319478,4.250051261531391,-3.02,-6.055,0.105,6.441782,0.01770703,0.20948787
0 days 00:00:07.920000,0.00011792765216177902,-1.2792240000000001,0.545436,9.448992,13.552364142062473,13.552364142062473,13.552364142062473,13.552364142062473,0.015533430342749534,0.04293509959906051,-0.006108652381980153,-39.0,5.29,82.19999999999999,1,1,100.0,4,0.02,6.4350000000000005,-0.045,52.6480974,9.7453846,34.84,33.67,52.6480896,9.7453862,0.013089969389957472,-0.025132741228718343,4.249876728606193,-3.02,-6.055,0.105,6.4318366,0.022703879,0.20641845
0 days 00:00:07.930000,0.00023585530432355804,-3.496284,0.039240000000000004,10.626192000000001,11.519843816859222,11.519843816859222,11.519843816859222,11.519843816859222,0.01064650843716541,0.06736970912698112,-0.015533430342749534,-40.0,5.29,81.3,1,1,100.0,4,0.02,6.4,-0.055,52.648094799999996,9.7453825,34.85,33.67,52.6480891,9.7453857,0.013089969389957472,-0.025830872929516076,4.249876728606193,-2.9250000000000003,-5.83,0.05,6.3964443,0.022881674,0.22000018
0 days 00:00:07.940000,0.0003537829564853371,-5.937012000000001,0.6631560000000001,8.907480000000001,9.62772785622593,9.62772785622593,9.62772785622593,9.62772785622593,0.00645771823237902,-0.03874630939427412,-0.012391837689159739,-41.0,5.29,88.8,1,1,100.0,4,0.025,6.345,-0.045,52.648094799999996,9.7453825,34.85,33.67,52.6480885,9.745385299999999,0.013089969389957472,-0.02548180707911721,4.249702195680993,-2.9250000000000003,-5.83,0.05,6.341793,0.027702823,0.20630501
0 days 00:00:07.950000,0.0007075659129706742,-1.604916,0.20797200000000002,9.182160000000001,8.497807017543858,8.497807017543858,8.497807017543858,8.497807017543858,0.005585053606381855,-0.007679448708775049,-0.008726646259971648,-30.0,5.29,96.3,1,1,100.0,4,0.025,6.33,-0.04,52.648094799999996,9.7453825,34.85,33.68,52.648087999999994,9.7453849,0.013264502315156905,-0.02530727415391778,4.249527662755794,-2.9250000000000003,-5.83,0.05,6.3269606,0.027652813,0.19981593
0 days 00:00:07.960000,0.0009434212172942321,-2.468196,0.56898,9.762912000000002,8.939077877620882,8.939077877620882,8.939077877620882,8.939077877620882,0.004537856055185257,0.026354471705114374,-0.007679448708775049,-30.0,5.29,97.19999999999999,1,1,100.0,4,0.03,6.3100000000000005,-0.04,52.648094799999996,9.7453825,34.85,33.68,52.648087499999995,9.7453845,0.013264502315156905,-0.025656340004316644,4.249527662755794,-2.9250000000000003,-5.83,0.05,6.306897,0.03267486,0.2014449
0 days 00:00:07.970000,0.0012972041737795694,-5.010948000000001,0.074556,8.891784000000001,9.855049208386822,9.855049208386822,9.855049208386822,9.855049208386822,0.01308996938995747,-0.022863813201125717,-0.006108652381980153,-19.0,5.29,98.1,1,1,100.0,4,0.03,6.26,-0.035,52.648094799999996,9.7453825,34.85,33.68,52.648087,9.745384099999999,0.013439035240356337,-0.02548180707911721,4.2493531298305935,-2.9250000000000003,-5.83,0.05,6.2570763,0.032610934,0.19406678
0 days 00:00:07.980000,0.0014151318259413483,-3.6532440000000004,0.36493200000000003,8.287488,12.395699614890885,12.395699614890885,12.395699614890885,12.395699614890885,0.0022689280275926286,0.006806784082777885,-0.011519173063162576,-19.0,5.29,98.85,1,1,100.0,4,0.035,6.2250000000000005,-0.02,52.6480922,9.7453804,34.85,33.68,52.6480865,9.7453836,0.013439035240356337,-0.02548180707911721,4.2493531298305935,-2.83,-5.635,0.055,6.2224693,0.03739699,0.1781141
0 days 00:00:07.990000,0.0015330594781031272,-4.873608000000001,0.074556,9.637344,15.411050492083868,15.411050492083868,15.411050492083868,15.411050492083868,-0.008726646259971648,0.02076941809873252,-0.016231562043547268,-12.0,5.29,99.6,1,1,100.0,4,0.035,6.18,-0.02,52.6480922,9.7453804,34.85,33.68,52.648086,9.7453832,0.013264502315156905,-0.025656340004316644,4.249178596905395,-2.83,-5.635,0.055,6.177453,0.037364993,0.17805225
0 days 00:00:08,0.001650987130264906,-5.634864,1.067328,8.181540000000002,18.33279845956354,18.33279845956354,18.33279845956354,18.33279845956354,-0.02199114857512855,-0.055326937288220246,-0.008028514559173916,-12.0,5.29,100.94999999999999,1,1,100.0,4,0.045,6.125,-0.005,52.6480922,9.7453804,34.85,33.68,52.6480855,9.7453828,0.013089969389957472,-0.025132741228718343,4.249004063980196,-2.83,-5.635,0.055,6.12294,0.04707635,0.15831763
0 days 00:00:08.010000,0.0021226977389120225,-1.6441560000000002,0.45126,10.041516000000001,20.05108044501498,20.05108044501498,20.05108044501498,20.05108044501498,-0.005759586531581288,0.008377580409572781,-0.0031415926535897933,-17.0,5.29,102.29999999999998,1,1,100.0,4,0.05,6.115,-0.005,52.6480922,9.7453804,34.85,33.68,52.648084999999995,9.7453824,0.013089969389957472,-0.02530727415391778,4.249004063980196,-2.83,-5.635,0.055,6.1129155,0.052086595,0.15906769
0 days 00:00:08.020000,0.0023585530432355803,-4.210452,0.51012,9.582408000000001,20.71298673513051,20.71298673513051,20.71298673513051,20.71298673513051,0.0022689280275926286,0.030543261909900768,-0.0005235987755982988,-17.0,5.29,96.59999999999998,1,1,100.0,4,0.05,6.075,-0.005,52.6480922,9.7453804,34.85,33.68,52.648084499999996,9.745382,0.013089969389957472,-0.02548180707911721,4.249004063980196,-2.83,-5.635,0.055,6.0729003,0.05208722,0.15911545
0 days 00:00:08.030000,0.0022406253910738014,-4.716648,-1.2321360000000003,8.61318,20.85339109970047,20.85339109970047,20.85339109970047,20.85339109970047,-0.003316125578789226,-0.009773843811168246,-0.010821041362364843,-25.0,5.29,90.89999999999999,1,1,100.0,4,0.04,6.03,0.005,52.6480898,9.7453784,34.86,33.68,52.6480841,9.7453816,0.013089969389957472,-0.02548180707911721,4.248829531054996,-2.695,-5.405,0.07,6.0281696,0.041942213,0.14810398
0 days 00:00:08.040000,0.0020047700867502436,-2.546676,-0.18835200000000002,9.370512000000002,20.104567821994006,20.104567821994006,20.104567821994006,20.104567821994006,-0.00942477796076938,0.0041887902047863905,-0.018675022996339326,-25.0,5.29,94.19999999999999,1,1,100.0,4,0.035,6.005,0.01,52.6480898,9.7453784,34.86,33.68,52.6480836,9.745381199999999,0.012915436464758038,-0.02548180707911721,4.248654998129796,-2.695,-5.405,0.07,6.003305,0.036844004,0.14254099
0 days 00:00:08.050000,0.0018868424345884643,-3.7278000000000002,0.258984,9.974808000000001,19.422603765511337,19.422603765511337,19.422603765511337,19.422603765511337,0.0010471975511965976,0.005585053606381855,-0.01937315469713706,-9.0,5.29,97.5,1,1,100.0,4,0.04,5.97,0.01,52.6480898,9.7453784,34.86,33.68,52.6480831,9.7453808,0.012915436464758038,-0.02548180707911721,4.248480465204597,-2.695,-5.405,0.07,5.968316,0.041832067,0.14158471
0 days 00:00:08.060000,0.0021226977389120225,-5.434740000000001,-0.32176800000000005,8.660268,17.624090714591357,17.624090714591357,17.624090714591357,17.624090714591357,0.020071286397934793,-0.012566370614359173,-0.01291543646475804,-9.0,5.29,94.94999999999999,1,1,100.0,4,0.035,5.92,0.02,52.6480898,9.7453784,34.86,33.68,52.648082599999995,9.7453804,0.013089969389957472,-0.02548180707911721,4.248305932279397,-2.695,-5.405,0.07,5.9185877,0.036709677,0.13037312
0 days 00:00:08.070000,0.0022406253910738014,-4.7048760000000005,-0.604296,10.37898,18.36622807017544,18.36622807017544,18.36622807017544,18.36622807017544,0.03577924966588375,0.04293509959906051,-0.012566370614359173,-9.0,7.99,92.39999999999999,1,1,100.0,4,0.03,5.875,0.01,52.6480898,9.7453784,34.86,33.68,52.648082099999996,9.7453801,0.013439035240356337,-0.025830872929516076,4.248305932279397,-2.695,-5.405,0.07,5.8732986,0.03190212,0.14132687
0 days 00:00:08.080000,0.0022406253910738014,-6.00372,-0.031392,9.127224,19.04819212665811,19.04819212665811,19.04819212665811,19.04819212665811,0.03577924966588375,-0.030543261909900768,-0.016057029118347832,-9.0,7.99,91.5,1,1,100.0,4,0.03,5.815,0.015,52.648087499999995,9.7453764,34.82,33.68,52.6480817,9.7453796,0.013962634015954637,-0.02548180707911721,4.2481313993541985,-2.605,-5.3100000000000005,-0.11,5.8134947,0.031856358,0.1327337
0 days 00:00:08.090000,0.0018868424345884643,-1.7540280000000001,-0.22759200000000002,8.216856,19.295571245186135,19.295571245186135,19.295571245186135,19.295571245186135,0.023736477827122886,-0.07871434926494426,-0.017278759594743863,-10.0,7.99,90.6,1,1,100.0,4,0.025,5.8,0.03,52.648087499999995,9.7453764,34.82,33.68,52.6480812,9.7453793,0.014137166941154071,-0.024783675378319478,4.247956866428999,-2.605,-5.3100000000000005,-0.11,5.7989626,0.026605407,0.11337503
0 days 00:00:08.100000,0.001650987130264906,0.94176,0.557208,10.257336000000002,18.82087077449722,18.82087077449722,18.82087077449722,18.82087077449722,0.034033920413889425,0.009599310885968814,-0.012217304763960306,-10.0,7.99,87.44999999999999,1,1,100.0,4,0.03,5.8100000000000005,0.03,52.648087499999995,9.7453764,34.82,33.68,52.648080799999995,9.7453789,0.014486232791552936,-0.02495820830351891,4.2477823335038,-2.605,-5.3100000000000005,-0.11,5.808939,0.031662732,0.11455482
0 days 00:00:08.110000,0.0017689147824266852,-3.90438,0.357084,8.322804000000001,18.085419341035514,18.085419341035514,18.085419341035514,18.085419341035514,0.03612831551628262,0.008552113334772213,-0.0012217304763960308,-17.0,7.99,84.3,1,1,100.0,4,0.035,5.775,0.04,52.648087499999995,9.7453764,34.82,33.68,52.6480803,9.7453785,0.014835298641951801,-0.02495820830351891,4.2477823335038,-2.605,-5.3100000000000005,-0.11,5.7741995,0.03654091,0.10360048
0 days 00:00:08.120000,0.0020047700867502436,-4.485132,0.506196,9.609876,18.05198973042362,18.05198973042362,18.05198973042362,18.05198973042362,0.04223696789826277,0.01291543646475804,0.010471975511965976,-16.0,7.99,79.2,1,1,100.0,4,0.035,5.735,0.045,52.648087499999995,9.7453764,34.82,33.68,52.6480798,9.7453781,0.015184364492350668,-0.025132741228718343,4.247956866428999,-2.605,-5.3100000000000005,-0.11,5.73432,0.036501214,0.09859245
0 days 00:00:08.130000,0.0017689147824266852,-4.453740000000001,-0.5846760000000001,10.818468000000001,18.43308729139923,18.43308729139923,18.43308729139923,18.43308729139923,0.03665191429188092,0.028448866807507574,0.013962634015954637,-16.0,7.99,74.1,1,1,100.0,4,0.03,5.69,0.03,52.6480852,9.745374499999999,34.82,33.68,52.6480794,9.745377699999999,0.015533430342749533,-0.02530727415391778,4.247956866428999,-2.535,-5.095,-0.085,5.688937,0.031767003,0.11351288
0 days 00:00:08.140000,0.0015330594781031272,-6.517764000000001,-0.23936400000000002,9.429372,18.526690201112537,18.526690201112537,18.526690201112537,18.526690201112537,0.026878070480712675,0.0022689280275926286,0.010122909661567111,-16.0,7.99,75.15,1,1,100.0,4,0.025,5.63,0.035,52.6480852,9.745374499999999,34.82,33.68,52.648078899999994,9.745377399999999,0.0158824961931484,-0.02548180707911721,4.2481313993541985,-2.535,-5.095,-0.085,5.629064,0.026719365,0.1080477
0 days 00:00:08.150000,0.0012972041737795694,-5.7015720000000005,0.10987200000000001,8.503308,18.780755241762943,18.780755241762943,18.780755241762943,18.780755241762943,0.019547687622336492,-0.04206243497306335,0.0006981317007977319,-16.0,7.99,76.2,1,1,100.0,4,0.025,5.575,0.045,52.6480852,9.745374499999999,34.82,33.68,52.6480785,9.745377,0.016057029118347832,-0.02495820830351891,4.2481313993541985,-2.535,-5.095,-0.085,5.5743866,0.026508346,0.09372803
0 days 00:00:08.160000,0.0012972041737795694,-3.21768,0.596448,9.209628,18.12553487376979,18.12553487376979,18.12553487376979,18.12553487376979,0.024609142453120045,-0.008552113334772213,0.0019198621771937623,-17.0,7.99,78.14999999999999,1,1,100.0,4,0.03,5.545,0.05,52.6480852,9.745374499999999,34.82,33.68,52.648078,9.7453766,0.0164060949687467,-0.02495820830351891,4.2481313993541985,-2.535,-5.095,-0.085,5.544521,0.031446107,0.08789042
0 days 00:00:08.170000,0.0010613488694560112,-2.9037600000000006,0.13734000000000002,10.029744,17.52380188275567,17.52380188275567,17.52380188275567,17.52380188275567,0.017453292519943295,0.0,0.008203047484373348,-17.0,7.99,80.1,1,1,100.0,4,0.025,5.515,0.05,52.6480852,9.745374499999999,34.82,33.68,52.6480776,9.7453763,0.016580627893946133,-0.02495820830351891,4.248305932279397,-2.535,-5.095,-0.085,5.51453,0.02644972,0.08721925
0 days 00:00:08.180000,0.000825493565132453,-2.98224,-0.16088400000000003,11.320740000000002,17.1293324775353,17.1293324775353,17.1293324775353,17.1293324775353,0.005235987755982988,0.0005235987755982988,0.011344640137963142,-18.0,7.99,84.6,1,1,100.0,4,0.025,5.49,0.03,52.6480834,9.745372399999999,34.81,33.68,52.648077199999996,9.745375899999999,0.016580627893946133,-0.02495820830351891,4.248305932279397,-2.525,-4.93,-0.045,5.4890385,0.026770871,0.106586464
0 days 00:00:08.190000,0.000825493565132453,-3.7591920000000005,0.4316400000000001,9.547092000000001,17.41014120667522,17.41014120667522,17.41014120667522,17.41014120667522,-0.012566370614359173,-0.02234021442552742,0.01291543646475804,-18.0,7.99,89.1,1,1,100.0,4,0.025,5.455,0.035,52.6480834,9.745372399999999,34.81,33.68,52.6480767,9.7453755,0.0164060949687467,-0.024609142453120045,4.248480465204597,-2.525,-4.93,-0.045,5.4542093,0.026624702,0.098816425
0 days 00:00:08.200000,0.0007075659129706742,-2.4250320000000003,-0.12164400000000002,9.158616000000002,17.97844458707745,17.97844458707745,17.97844458707745,17.97844458707745,-0.0017453292519943296,-0.024434609527920613,0.010995574287564275,-19.0,7.99,97.19999999999999,1,1,100.0,4,0.02,5.4350000000000005,0.04,52.6480834,9.745372399999999,34.81,33.68,52.6480763,9.7453752,0.0164060949687467,-0.024434609527920616,4.248480465204597,-2.525,-4.93,-0.045,5.4343553,0.02151974,0.09246023
0 days 00:00:08.210000,0.0004717106086471161,-0.769104,0.125568,9.531396,17.884841677364143,17.884841677364143,17.884841677364143,17.884841677364143,0.00017453292519943296,0.01117010721276371,0.0054105206811824215,-20.0,7.99,105.29999999999998,1,1,100.0,4,0.02,5.43,0.04,52.6480834,9.745372399999999,34.81,33.68,52.6480758,9.745374799999999,0.0164060949687467,-0.024609142453120045,4.248654998129796,-2.525,-4.93,-0.045,5.42934,0.02153328,0.09328555
0 days 00:00:08.220000,0.0003537829564853371,-2.5152840000000003,-0.047088000000000005,10.418220000000002,16.821780059905866,16.821780059905866,16.821780059905866,16.821780059905866,-0.011344640137963142,0.05742133239061344,-0.002967059728390361,-21.0,7.99,94.5,1,1,100.0,4,0.02,5.405,0.035,52.6480834,9.745372399999999,34.81,33.68,52.648075399999996,9.745374499999999,0.0164060949687467,-0.025132741228718343,4.248654998129796,-2.525,-4.93,-0.045,5.4041734,0.021651613,0.10049755
0 days 00:00:08.230000,0.00023585530432355804,-5.901696,0.459108,10.312272000000002,15.992725716730849,15.992725716730849,15.992725716730849,15.992725716730849,-0.033859387488689996,0.032637657012293965,-0.009599310885968814,-22.0,7.99,83.7,1,1,100.0,4,0.025,5.3500000000000005,0.03,52.648081299999994,9.7453706,34.83,33.68,52.648075,9.7453741,0.016057029118347832,-0.02548180707911721,4.248480465204597,-2.43,-4.8,0.025,5.349027,0.026703931,0.10590753
0 days 00:00:08.240000,0.00011792765216177902,-5.850684000000001,0.635688,9.441144000000001,15.090126230209668,15.090126230209668,15.090126230209668,15.090126230209668,-0.05235987755982988,0.005585053606381855,-0.007155849933176751,-23.0,7.99,80.25,1,1,100.0,4,0.03,5.295,0.03,52.648081299999994,9.7453706,34.83,33.68,52.6480746,9.7453737,0.015533430342749533,-0.02548180707911721,4.248305932279397,-2.43,-4.8,0.025,5.2940454,0.0316261,0.10444266
0 days 00:00:08.250000,0.0,-4.033872000000001,0.8201160000000001,10.206324,13.34510055626872,13.34510055626872,13.34510055626872,13.34510055626872,-0.05742133239061344,0.028274333882308142,-0.0013962634015954637,-24.0,7.99,76.8,1,1,100.0,4,0.035,5.255,0.025,52.648081299999994,9.7453706,34.83,33.68,52.648074099999995,9.7453734,0.014835298641951801,-0.025830872929516076,4.248305932279397,-2.43,-4.8,0.025,5.2538924,0.036638867,0.11020308
0 days 00:00:08.260000,-0.00011792765216177902,-4.041720000000001,0.015696,10.167084000000001,12.195121951219512,12.195121951219512,12.195121951219512,12.195121951219512,-0.05235987755982988,0.023561944901923447,0.0005235987755982988,-25.0,7.99,79.05,1,1,100.0,4,0.035,5.215,0.02,52.648081299999994,9.7453706,34.83,33.68,52.6480737,9.745372999999999,0.014311699866353503,-0.02600540585471551,4.248305932279397,-2.43,-4.8,0.025,5.213757,0.03665093,0.11509694
0 days 00:00:08.270000,0.00011792765216177902,-4.304628,0.9888480000000001,10.014048000000003,11.045143346170304,11.045143346170304,11.045143346170304,11.045143346170304,-0.05078908123303499,0.0291469985083053,-0.0022689280275926286,-20.0,7.99,81.3,1,1,100.0,4,0.045,5.175,0.02,52.648081299999994,9.7453706,34.83,33.68,52.6480733,9.745372699999999,0.013788101090755204,-0.026354471705114377,4.248305932279397,-2.43,-4.8,0.025,5.17373,0.04660027,0.11574405
0 days 00:00:08.280000,0.00011792765216177902,-4.347792000000001,0.43556400000000006,9.24102,13.398587933247754,13.398587933247754,13.398587933247754,13.398587933247754,-0.04468042885105484,0.009599310885968814,-0.0012217304763960308,-19.0,7.99,87.6,1,1,100.0,4,0.045,5.135,0.025,52.648079499999994,9.7453694,34.69,33.68,52.648072899999995,9.7453723,0.013439035240356337,-0.026354471705114377,4.248305932279397,-2.335,-4.64,-0.075,5.133876,0.046478532,0.109708525
0 days 00:00:08.290000,0.00023585530432355804,-3.00186,0.5611320000000001,11.289348,17.28310868635002,17.28310868635002,17.28310868635002,17.28310868635002,-0.026703537555513242,0.04782202150464464,0.0,-11.0,7.99,93.89999999999999,1,1,100.0,4,0.05,5.11,0.01,52.648079499999994,9.7453694,34.69,33.68,52.6480725,9.745372,0.013089969389957472,-0.026878070480712675,4.248305932279397,-2.335,-4.64,-0.075,5.108423,0.05166247,0.12666863
0 days 00:00:08.300000,0.00011792765216177902,-4.35564,0.357084,8.923176000000002,17.29648053059478,17.29648053059478,17.29648053059478,17.29648053059478,-0.013439035240356337,-0.020245819323134222,0.008203047484373348,-8.0,7.99,97.04999999999998,1,1,100.0,4,0.05,5.07,0.015,52.648079499999994,9.7453694,34.69,33.68,52.6480721,9.7453717,0.013089969389957472,-0.026703537555513242,4.248480465204597,-2.335,-4.64,-0.075,5.0685935,0.051571395,0.119711414
0 days 00:00:08.310000,-0.00011792765216177902,-1.1458080000000002,-0.9692280000000001,10.743912,16.92206889174155,16.92206889174155,16.92206889174155,16.92206889174155,-0.0038397243543875246,0.054279739737023644,0.0027925268031909274,2.0,7.99,100.19999999999999,1,1,100.0,4,0.04,5.0600000000000005,0.005,52.648079499999994,9.7453694,34.69,33.68,52.648071699999996,9.7453714,0.012915436464758038,-0.027227136331111543,4.248480465204597,-2.335,-4.64,-0.075,5.0582604,0.041711193,0.13222647
0 days 00:00:08.320000,0.0,-5.124744,0.502272,10.481004,15.90580872913992,15.90580872913992,15.90580872913992,15.90580872913992,0.0054105206811824215,0.02949606435870417,0.0,5.0,7.99,94.8,1,1,100.0,4,0.045,5.01,-0.0,52.648079499999994,9.7453694,34.69,33.68,52.6480713,9.745370999999999,0.013089969389957472,-0.02757620218151041,4.248480465204597,-2.335,-4.64,-0.075,5.0080953,0.046804335,0.13753842
0 days 00:00:08.330000,0.00011792765216177902,-4.940316000000001,-0.192276,9.072288,15.48459563543004,15.48459563543004,15.48459563543004,15.48459563543004,0.021642082724729686,-0.01291543646475804,-0.00017453292519943296,4.0,7.99,89.39999999999999,1,1,100.0,4,0.04,4.965,0.005,52.6480774,9.7453677,34.68,33.68,52.6480709,9.745370699999999,0.013264502315156905,-0.027401669256310976,4.248480465204597,-2.2,-4.5600000000000005,-0.05,4.963273,0.04173453,0.13049205
0 days 00:00:08.340000,0.0003537829564853371,-2.527056,-0.40809600000000007,11.367828000000001,16.186617458279844,16.186617458279844,16.186617458279844,16.186617458279844,0.0317649923862968,0.06579891280018622,-0.002617993877991494,6.0,7.99,89.69999999999999,1,1,100.0,4,0.035,4.94,-0.01,52.6480774,9.7453677,34.68,33.68,52.648070499999996,9.745370399999999,0.013613568165555772,-0.028099800957108706,4.248480465204597,-2.2,-4.5600000000000005,-0.05,4.937769,0.037022267,0.14830056
0 days 00:00:08.350000,0.0003537829564853371,-6.384348000000001,-0.6199920000000001,10.014048000000003,16.059584937954643,16.059584937954643,16.059584937954643,16.059584937954643,0.022165681500327987,0.04799655442984406,0.0,7.0,7.99,90.0,1,1,100.0,4,0.03,4.88,-0.015,52.6480774,9.7453677,34.68,33.68,52.6480701,9.74537,0.013788101090755204,-0.028448866807507574,4.248480465204597,-2.2,-4.5600000000000005,-0.05,4.877599,0.03211777,0.15337743
0 days 00:00:08.360000,0.0004717106086471161,-6.592320000000001,0.145188,9.982656,15.825577663671373,15.825577663671373,15.825577663671373,15.825577663671373,0.01117010721276371,0.02181661564992912,-0.0036651914291880917,10.0,7.99,89.25,1,1,100.0,4,0.03,4.82,-0.02,52.6480774,9.7453677,34.68,33.68,52.6480697,9.7453697,0.013962634015954637,-0.02879793265790644,4.248305932279397,-2.2,-4.5600000000000005,-0.05,4.8174257,0.03221397,0.15834422
0 days 00:00:08.370000,0.0004717106086471161,-5.560308000000001,0.16480800000000004,10.292652000000002,14.983151476251606,14.983151476251606,14.983151476251606,14.983151476251606,0.0019198621771937623,0.015707963267948967,-0.005061454830783556,15.0,7.99,88.5,1,1,100.0,4,0.03,4.765,-0.025,52.6480774,9.7453677,34.68,33.68,52.648069299999996,9.7453694,0.013962634015954637,-0.028972465583105872,4.248305932279397,-2.2,-4.5600000000000005,-0.05,4.7622757,0.032273244,0.16258922
0 days 00:00:08.380000,0.0007075659129706742,-4.936392,-0.5415120000000001,10.363284,15.203786906290116,15.203786906290116,15.203786906290116,15.203786906290116,-0.0010471975511965976,-0.007504915783575617,-0.00645771823237902,17.0,7.99,94.64999999999999,1,1,100.0,4,0.02,4.72,-0.035,52.648075399999996,9.7453661,34.69,33.68,52.648069,9.7453691,0.013962634015954637,-0.02879793265790644,4.248305932279397,-2.16,-4.375,-0.015,4.7170353,0.022384088,0.17059705
0 days 00:00:08.390000,0.0010613488694560112,-3.9436200000000006,0.10594800000000001,10.889100000000001,15.277332049636284,15.277332049636284,15.277332049636284,15.277332049636284,0.006806784082777885,-0.011519173063162576,-0.0036651914291880917,20.0,7.99,100.79999999999998,1,1,100.0,4,0.02,4.6850000000000005,-0.045,52.648075399999996,9.7453661,34.69,33.68,52.648068599999995,9.7453688,0.013962634015954637,-0.02879793265790644,4.248305932279397,-2.16,-4.375,-0.015,4.6817617,0.02250958,0.17958423
0 days 00:00:08.400000,0.0011792765216177901,-2.2955400000000004,0.039240000000000004,10.830240000000002,15.54476893453145,15.54476893453145,15.54476893453145,15.54476893453145,-0.010122909661567111,0.008377580409572781,-0.00471238898038469,22.0,7.99,98.69999999999999,1,1,100.0,4,0.02,4.665,-0.055,52.648075399999996,9.7453661,34.69,33.68,52.6480682,9.7453685,0.013962634015954637,-0.02879793265790644,4.2481313993541985,-2.16,-4.375,-0.015,4.6614823,0.022641106,0.18900329
0 days 00:00:08.410000,0.0010613488694560112,-3.4335000000000004,0.557208,10.029744,15.370934959349592,15.370934959349592,15.370934959349592,15.370934959349592,-0.016755160819145562,-0.013788101090755204,0.0022689280275926286,24.0,7.99,96.6,1,1,100.0,4,0.025,4.63,-0.06,52.648075399999996,9.7453661,34.69,33.68,52.6480678,9.7453682,0.013788101090755204,-0.028623399732707007,4.2481313993541985,-2.16,-4.375,-0.015,4.6263866,0.027651524,0.19212069
0 days 00:00:08.420000,0.0009434212172942321,-3.3667920000000002,0.447336,8.797608,14.755830124090714,14.755830124090714,14.755830124090714,14.755830124090714,-0.027401669256310976,-0.015358897417550098,0.004363323129985824,26.0,7.99,89.1,1,1,100.0,4,0.03,4.6000000000000005,-0.05,52.648075399999996,9.7453661,34.69,33.69,52.648067499999996,9.7453679,0.013439035240356337,-0.028448866807507574,4.248305932279397,-2.16,-4.375,-0.015,4.596716,0.032427356,0.18040742
0 days 00:00:08.430000,0.0010613488694560112,-3.994632,0.46695600000000004,10.508472000000001,14.307873341891312,14.307873341891312,14.307873341891312,14.307873341891312,-0.030368728984701335,0.03647738136668148,0.004886921905584123,28.0,7.99,81.6,1,1,100.0,4,0.03,4.565,-0.055,52.648073499999995,9.745364499999999,34.68,33.69,52.6480671,9.7453675,0.013089969389957472,-0.02879793265790644,4.248305932279397,-2.07,-4.1450000000000005,0.025,4.561524,0.03243761,0.18601292
0 days 00:00:08.440000,0.0011792765216177901,-7.000416,0.47480400000000006,9.723672,14.41484809584938,14.41484809584938,14.41484809584938,14.41484809584938,-0.029670597283903602,-0.01780235837034216,0.014137166941154071,17.0,7.99,83.69999999999999,1,1,100.0,4,0.035,4.495,-0.06,52.648073499999995,9.745364499999999,34.68,33.69,52.648066799999995,9.745367199999999,0.012915436464758038,-0.028623399732707007,4.248480465204597,-2.07,-4.1450000000000005,0.025,4.4914417,0.037433125,0.18815228
0 days 00:00:08.450000,0.0012972041737795694,-4.7912040000000005,0.290376,9.656964,14.92966409927257,14.92966409927257,14.92966409927257,14.92966409927257,-0.02583087292951608,-0.02775073510670984,0.014311699866353502,-1.0,7.99,85.8,1,1,100.0,4,0.035,4.45,-0.06,52.648073499999995,9.745364499999999,34.68,33.69,52.6480664,9.745367,0.012566370614359171,-0.028448866807507574,4.248480465204597,-2.07,-4.1450000000000005,0.025,4.4464927,0.037341505,0.18610156
0 days 00:00:08.460000,0.0010613488694560112,-4.100580000000001,0.08632800000000002,9.990504,14.602053915275995,14.602053915275995,14.602053915275995,14.602053915275995,-0.027925268031909273,0.013439035240356337,0.00890117918517108,-12.0,7.99,83.1,1,1,100.0,4,0.035,4.415,-0.06,52.648073499999995,9.745364499999999,34.68,33.69,52.648066,9.7453667,0.012391837689159739,-0.028623399732707007,4.248654998129796,-2.07,-4.1450000000000005,0.025,4.4114747,0.03730623,0.18588248
0 days 00:00:08.470000,0.0010613488694560112,-6.372576000000001,0.26290800000000003,9.574560000000002,14.120667522464696,14.120667522464696,14.120667522464696,14.120667522464696,-0.038571776469074684,-0.011868238913561443,0.00471238898038469,-17.0,7.99,80.39999999999999,1,1,100.0,4,0.035,4.3500000000000005,-0.06,52.648073499999995,9.745364499999999,34.68,33.69,52.6480657,9.7453664,0.011868238913561441,-0.028448866807507574,4.248654998129796,-2.07,-4.1450000000000005,0.025,4.346533,0.03717782,0.18328327
0 days 00:00:08.480000,0.0011792765216177901,-6.046884000000001,0.545436,10.006200000000002,13.759627727856225,13.759627727856225,13.759627727856225,13.759627727856225,-0.028972465583105875,-0.04415683007545654,0.005934119456780722,-19.0,7.99,85.04999999999998,1,1,100.0,4,0.04,4.295,-0.065,52.6480718,9.7453633,34.6,33.69,52.6480654,9.7453661,0.011693705988362009,-0.027925268031909273,4.248654998129796,-1.98,-3.94,0.09,4.2915106,0.04215936,0.18441771
0 days 00:00:08.490000,0.0012972041737795694,-4.033872000000001,-0.5532840000000001,10.551636000000002,13.7997432605905,13.7997432605905,13.7997432605905,13.7997432605905,-0.02565634000431664,-0.013788101090755204,0.008377580409572781,-21.0,7.99,89.69999999999999,1,1,100.0,4,0.035,4.255,-0.075,52.6480718,9.7453633,34.6,33.69,52.648064999999995,9.7453658,0.011344640137963142,-0.027925268031909273,4.248829531054996,-1.98,-3.94,0.09,4.251247,0.037196036,0.19336781
0 days 00:00:08.500000,0.0012972041737795694,-4.952088000000001,0.10202400000000002,9.629496000000001,14.147411210954216,14.147411210954216,14.147411210954216,14.147411210954216,-0.013439035240356337,-0.041015237421866746,0.006806784082777885,-22.0,7.99,85.35,1,1,100.0,4,0.035,4.21,-0.07,52.6480718,9.7453633,34.6,33.69,52.6480647,9.7453655,0.011344640137963142,-0.027401669256310976,4.248829531054996,-1.98,-3.94,0.09,4.206502,0.037100095,0.18491133
0 days 00:00:08.510000,0.0011792765216177901,-3.8259000000000003,0.145188,8.126604,13.739569961489089,13.739569961489089,13.739569961489089,13.739569961489089,-0.003490658503988659,-0.053407075111026485,0.0024434609527920616,-23.0,7.99,81.0,1,1,100.0,4,0.035,4.175,-0.055,52.6480718,9.7453633,34.6,33.69,52.648064299999994,9.7453653,0.01117010721276371,-0.026878070480712675,4.248829531054996,-1.98,-3.94,0.09,4.1720138,0.036865223,0.16678119
0 days 00:00:08.520000,0.0011792765216177901,-2.8645200000000006,-0.019620000000000002,9.912024,13.358472400513477,13.358472400513477,13.358472400513477,13.358472400513477,0.0036651914291880917,0.013962634015954637,-0.0008726646259971648,-32.0,7.99,75.75,1,1,100.0,4,0.03,4.15,-0.06,52.6480718,9.7453633,34.6,33.69,52.648064,9.745365,0.011344640137963142,-0.027052603405912107,4.248829531054996,-1.98,-3.94,0.09,4.146858,0.03195194,0.17188124
0 days 00:00:08.530000,0.0012972041737795694,-6.097896,-0.17658000000000004,9.456840000000001,13.017490372272142,13.017490372272142,13.017490372272142,13.017490372272142,0.01658062789394613,-0.022689280275926284,-0.0012217304763960308,-31.0,7.99,70.5,1,1,100.0,4,0.03,4.09,-0.055,52.6480701,9.745362,34.6,33.69,52.648063699999994,9.7453647,0.011519173063162575,-0.026878070480712675,4.248829531054996,-1.825,-3.7600000000000002,0.1,4.0870447,0.031897455,0.1645417
0 days 00:00:08.540000,0.0012972041737795694,-5.387652,-0.10202400000000002,8.299260000000002,12.850342319212665,12.850342319212665,12.850342319212665,12.850342319212665,0.027052603405912107,-0.06475171524898962,-0.0013962634015954637,-34.0,7.99,67.19999999999999,1,1,100.0,4,0.025,4.04,-0.04,52.6480701,9.745362,34.6,33.69,52.6480634,9.745364499999999,0.011693705988362009,-0.026179938779914945,4.248829531054996,-1.825,-3.7600000000000002,0.1,4.0375686,0.026702508,0.14543886
0 days 00:00:08.550000,0.0012972041737795694,-3.048948,0.298224,9.782532000000002,12.870400085579805,12.870400085579805,12.870400085579805,12.870400085579805,0.0291469985083053,0.016929693744344998,-0.0022689280275926286,-34.0,7.99,63.89999999999999,1,1,100.0,4,0.03,4.01,-0.045,52.6480701,9.745362,34.6,33.69,52.648063,9.7453642,0.012042771838760876,-0.026354471705114377,4.248829531054996,-1.825,-3.7600000000000002,0.1,4.007422,0.031812068,0.15028138
0 days 00:00:08.560000,0.0012972041737795694,-6.2352360000000004,0.11772,9.970884,12.796854942233631,12.796854942233631,12.796854942233631,12.796854942233631,0.026529004630313806,0.017278759594743863,-0.004363323129985824,-35.0,7.99,68.69999999999999,1,1,100.0,4,0.03,3.95,-0.045,52.6480701,9.745362,34.6,33.69,52.6480627,9.7453639,0.012217304763960308,-0.02652900463031381,4.248829531054996,-1.825,-3.7600000000000002,0.1,3.9474165,0.031827398,0.14938375
0 days 00:00:08.570000,0.0012972041737795694,-7.235856000000001,0.3413880000000001,8.393436000000001,12.489302524604193,12.489302524604193,12.489302524604193,12.489302524604193,0.025132741228718346,-0.06649704450098395,-0.005585053606381855,-36.0,7.99,73.5,1,1,100.0,4,0.03,3.88,-0.035,52.6480701,9.745362,34.6,33.69,52.6480624,9.7453637,0.012566370614359171,-0.025830872929516076,4.248654998129796,-1.825,-3.7600000000000002,0.1,3.8778017,0.031696573,0.13481331
0 days 00:00:08.580000,0.0012972041737795694,-3.6767880000000006,0.192276,8.530776000000001,11.800652545999144,11.800652545999144,11.800652545999144,11.800652545999144,0.019198621771937627,-0.032463124087094536,-0.0027925268031909274,-37.0,7.99,65.69999999999999,1,1,100.0,4,0.035,3.845,-0.02,52.6480685,9.7453606,34.61,33.69,52.6480621,9.745363399999999,0.012740903539558606,-0.02548180707911721,4.248654998129796,-1.745,-3.485,0.135,3.8432422,0.03650004,0.11750496
0 days 00:00:08.590000,0.0014151318259413483,-3.896532,0.349236,10.665432,11.426240907145912,11.426240907145912,11.426240907145912,11.426240907145912,0.013439035240356337,0.03892084231947355,0.0012217304763960308,-40.0,7.99,57.89999999999999,1,1,100.0,4,0.035,3.81,-0.03,52.6480685,9.7453606,34.61,33.69,52.6480618,9.7453632,0.012915436464758038,-0.02600540585471551,4.248654998129796,-1.745,-3.485,0.135,3.8079314,0.036663894,0.12859648
0 days 00:00:08.600000,0.0014151318259413483,-7.286868,0.22759200000000002,9.864936,9.607670089858793,9.607670089858793,9.607670089858793,9.607670089858793,0.020071286397934793,-0.02234021442552742,0.003490658503988659,-41.0,7.99,54.89999999999999,1,1,100.0,4,0.035,3.74,-0.035,52.6480685,9.7453606,34.61,33.69,52.6480615,9.7453629,0.013089969389957472,-0.025656340004316644,4.248654998129796,-1.745,-3.485,0.135,3.7378714,0.036710855,0.13046332
0 days 00:00:08.610000,0.0012972041737795694,-4.936392,0.019620000000000002,7.2829440000000005,7.728925973470261,7.728925973470261,7.728925973470261,7.728925973470261,0.00942477796076938,-0.07923794804054256,0.0019198621771937623,-42.0,7.99,51.89999999999999,1,1,100.0,4,0.035,3.69,-0.01,52.6480685,9.7453606,34.61,33.69,52.6480612,9.7453627,0.013264502315156905,-0.02495820830351891,4.248654998129796,-1.745,-3.485,0.135,3.6886013,0.03635096,0.101609886
0 days 00:00:08.620000,0.0010613488694560112,-0.23936400000000002,-0.25506,8.942796000000001,5.041185280273854,5.041185280273854,5.041185280273854,5.041185280273854,-0.006283185307179587,0.008377580409572781,-0.005585053606381855,-43.0,7.99,59.39999999999999,1,1,100.0,4,0.03,3.69,-0.0,52.6480685,9.7453606,34.61,33.69,52.6480609,9.7453624,0.013089969389957472,-0.02495820830351891,4.248654998129796,-1.745,-3.485,0.135,3.6888509,0.0312028,0.091685645
0 days 00:00:08.630000,0.0012972041737795694,-3.0332520000000005,0.20797200000000002,10.755684,3.7508023106546853,3.7508023106546853,3.7508023106546853,3.7508023106546853,-0.005585053606381855,0.018500490071139894,-0.004537856055185257,-37.0,7.99,66.89999999999999,1,1,100.0,4,0.03,3.665,-0.01,52.648067,9.7453594,34.61,33.69,52.648060699999995,9.745362199999999,0.013089969389957472,-0.025132741228718343,4.248654998129796,-1.6500000000000001,-3.2800000000000002,-0.02,3.6635914,0.03133386,0.10169721
0 days 00:00:08.640000,0.001650987130264906,-5.497524,-0.1962,8.228628,2.981921266581087,2.981921266581087,2.981921266581087,2.981921266581087,-0.007155849933176751,-0.04153883619746504,-0.004014257279586958,-37.0,7.99,73.94999999999999,1,1,100.0,4,0.03,3.61,0.005,52.648067,9.7453594,34.61,33.69,52.6480604,9.745362,0.012915436464758038,-0.024783675378319478,4.248654998129796,-1.6500000000000001,-3.2800000000000002,-0.02,3.6090152,0.031088324,0.08406694
0 days 00:00:08.650000,0.0017689147824266852,-3.2412240000000003,-0.125568,9.190008,2.4604193410355157,2.4604193410355157,2.4604193410355157,2.4604193410355157,-0.014486232791552938,0.007155849933176751,-0.006632251157578452,-27.0,7.99,81.0,1,1,100.0,4,0.025,3.58,0.01,52.648067,9.7453594,34.61,33.69,52.648060099999995,9.7453617,0.012915436464758038,-0.024783675378319478,4.248480465204597,-1.6500000000000001,-3.2800000000000002,-0.02,3.5791483,0.026014585,0.07839011
0 days 00:00:08.660000,0.001650987130264906,-4.999176000000001,0.40417200000000003,8.699508000000002,2.1127513906718014,2.1127513906718014,2.1127513906718014,2.1127513906718014,-0.015707963267948967,-0.03159045946109736,-0.00471238898038469,-27.0,7.99,79.35,1,1,100.0,4,0.03,3.535,0.02,52.648067,9.7453594,34.61,33.69,52.6480598,9.7453615,0.012740903539558606,-0.024609142453120045,4.248480465204597,-1.6500000000000001,-3.2800000000000002,-0.02,3.534422,0.030851062,0.066602945
0 days 00:00:08.670000,0.001650987130264906,-3.76704,0.20012400000000002,8.86824,2.0926936243046637,2.0926936243046637,2.0926936243046637,2.0926936243046637,-0.005585053606381855,-0.052534410485029326,0.0015707963267948967,-17.0,7.99,77.7,1,1,100.0,4,0.03,3.495,0.03,52.648067,9.7453594,34.61,33.69,52.648059499999995,9.745361299999999,0.012566370614359171,-0.02408554367752175,4.248480465204597,-1.6500000000000001,-3.2800000000000002,-0.02,3.4947085,0.030678451,0.053798273
0 days 00:00:08.680000,0.0017689147824266852,-3.135276,0.223668,10.021896000000002,1.9054878048780486,1.9054878048780486,1.9054878048780486,1.9054878048780486,0.0013962634015954637,0.0038397243543875246,0.004886921905584123,-17.0,7.99,79.2,1,1,100.0,4,0.03,3.47,0.025,52.6480657,9.7453585,34.550000000000004,33.69,52.6480592,9.745360999999999,0.012740903539558606,-0.02408554367752175,4.248480465204597,-1.555,-3.115,-0.075,3.4695957,0.030743856,0.05818904
0 days 00:00:08.690000,0.0018868424345884643,-5.391576,0.08632800000000002,9.908100000000001,5.977214377406932,5.977214377406932,5.977214377406932,5.977214377406932,0.009250245035569947,-0.033510321638291124,0.00645771823237902,-11.0,7.99,80.7,1,1,100.0,4,0.03,3.415,0.02,52.6480657,9.7453585,34.550000000000004,33.69,52.648058999999996,9.7453608,0.012740903539558606,-0.023736477827122883,4.248480465204597,-1.555,-3.115,-0.075,3.4145126,0.030775478,0.060670916
0 days 00:00:08.700000,0.0018868424345884643,-3.5826120000000006,0.6749280000000001,8.275716000000001,12.228551561831408,12.228551561831408,12.228551561831408,12.228551561831408,0.00942477796076938,-0.06440264939859076,0.008203047484373348,-11.0,7.99,84.75,1,1,100.0,4,0.035,3.3850000000000002,0.035,52.6480657,9.7453585,34.550000000000004,33.69,52.6480587,9.7453606,0.012915436464758038,-0.02303834612632515,4.248654998129796,-1.555,-3.115,-0.075,3.384908,0.035552263,0.042531587
0 days 00:00:08.710000,0.0017689147824266852,-0.5532840000000001,-0.4316400000000001,10.367208,12.50936029097133,12.50936029097133,12.50936029097133,12.50936029097133,0.013439035240356337,-0.00645771823237902,0.0054105206811824215,-13.0,7.99,88.8,1,1,100.0,4,0.03,3.38,0.03,52.6480657,9.7453585,34.550000000000004,33.69,52.6480584,9.7453604,0.012915436464758038,-0.02303834612632515,4.248654998129796,-1.555,-3.115,-0.075,3.3797944,0.03061575,0.047479246
0 days 00:00:08.720000,0.001650987130264906,-3.3275520000000003,-0.714168,10.229868,11.700363714163457,11.700363714163457,11.700363714163457,11.700363714163457,0.007330382858376183,-0.0013962634015954637,0.0019198621771937623,-13.0,7.99,90.3,1,1,100.0,4,0.025,3.35,0.025,52.6480657,9.7453585,34.550000000000004,33.69,52.6480581,9.7453601,0.013089969389957472,-0.02303834612632515,4.248654998129796,-1.555,-3.115,-0.075,3.3496869,0.025680851,0.05184656
0 days 00:00:08.730000,0.0015330594781031272,-5.517144,0.08632800000000002,8.726976,9.875106974753956,9.875106974753956,9.875106974753956,9.875106974753956,0.0041887902047863905,-0.030019663134302467,0.0008726646259971648,-6.0,7.99,91.8,1,1,100.0,4,0.02,3.295,0.035,52.648064299999994,9.745357499999999,34.56,33.69,52.6480579,9.7453599,0.013089969389957472,-0.022689280275926284,4.248654998129796,-1.47,-2.9250000000000003,-0.015,3.2949462,0.020518778,0.039498582
0 days 00:00:08.740000,0.001650987130264906,-4.669560000000001,0.11379600000000001,9.94734,9.09954000855798,9.09954000855798,9.09954000855798,9.09954000855798,0.011693705988362009,-0.0008726646259971648,0.00017453292519943296,-6.0,7.99,86.4,1,1,100.0,4,0.02,3.25,0.035,52.648064299999994,9.745357499999999,34.56,33.69,52.648057599999994,9.7453597,0.013264502315156905,-0.022689280275926284,4.248654998129796,-1.47,-2.9250000000000003,-0.015,3.2499578,0.02051213,0.03847415
0 days 00:00:08.750000,0.0017689147824266852,-4.35564,-0.129492,10.304424000000001,9.233258451005563,9.233258451005563,9.233258451005563,9.233258451005563,0.020071286397934793,-0.038571776469074684,-0.012217304763960306,-8.0,7.99,81.0,1,1,100.0,4,0.02,3.21,0.03,52.648064299999994,9.745357499999999,34.56,33.69,52.6480574,9.7453595,0.013439035240356337,-0.02234021442552742,4.248654998129796,-1.47,-2.9250000000000003,-0.015,3.2098694,0.020558767,0.041441064
0 days 00:00:08.760000,0.0017689147824266852,-1.0320120000000002,0.7416360000000001,9.311652,10.971598202824133,10.971598202824133,10.971598202824133,10.971598202824133,0.022165681500327987,-0.0879645943005142,-0.008028514559173916,-8.0,7.99,71.4,1,1,100.0,4,0.025,3.2,0.035,52.648064299999994,9.745357499999999,34.56,33.69,52.648057099999996,9.745359299999999,0.013613568165555772,-0.021467549799530253,4.248480465204597,-1.47,-2.9250000000000003,-0.015,3.2000139,0.025456432,0.0333555
0 days 00:00:08.770000,0.0017689147824266852,2.911608,0.15696000000000002,11.846556000000001,11.386125374411638,11.386125374411638,11.386125374411638,11.386125374411638,0.01832595714594046,0.0036651914291880917,-0.010471975511965976,-14.0,7.99,61.8,1,1,100.0,4,0.025,3.235,0.015,52.648064299999994,9.745357499999999,34.56,33.69,52.6480569,9.7453591,0.013788101090755204,-0.021467549799530253,4.248305932279397,-1.47,-2.9250000000000003,-0.015,3.2345765,0.025748303,0.05409577
0 days 00:00:08.780000,0.001650987130264906,-2.7860400000000003,0.4434120000000001,10.590876000000002,10.643988018827557,10.643988018827557,10.643988018827557,10.643988018827557,0.023038346126325153,-0.008552113334772213,-0.0006981317007977319,-14.0,7.99,55.5,1,1,100.0,4,0.03,3.205,0.005,52.648063,9.7453564,34.550000000000004,33.69,52.6480566,9.7453589,0.014137166941154071,-0.02129301687433082,4.248305932279397,-1.415,-2.79,-0.08,3.20438,0.030891007,0.06280967
0 days 00:00:08.790000,0.001650987130264906,-3.9396960000000005,0.007848,8.028504,10.08905648267009,10.08905648267009,10.08905648267009,10.08905648267009,0.016231562043547268,-0.04450589592585541,0.008377580409572781,-17.0,7.99,49.2,1,1,100.0,4,0.03,3.165,0.025,52.648063,9.7453564,34.550000000000004,33.69,52.648056399999994,9.745358699999999,0.014311699866353503,-0.020943951023931952,4.248480465204597,-1.415,-2.79,-0.08,3.1648293,0.030587811,0.040854674
0 days 00:00:08.800000,0.001650987130264906,-2.2563000000000004,0.278604,9.668736,9.748074454428753,9.748074454428753,9.748074454428753,9.748074454428753,0.014486232791552938,0.025132741228718346,0.010471975511965976,-17.0,7.99,48.15,1,1,100.0,4,0.03,3.145,0.025,52.648063,9.7453564,34.550000000000004,33.69,52.6480561,9.7453585,0.014486232791552936,-0.02111848394913139,4.248480465204597,-1.415,-2.79,-0.08,3.1448267,0.030596826,0.040979356
0 days 00:00:08.810000,0.001650987130264906,-3.9200760000000003,0.003924,10.630116000000001,10.122486093281987,10.122486093281987,10.122486093281987,10.122486093281987,0.01291543646475804,-0.01308996938995747,0.008552113334772213,-16.0,7.99,47.099999999999994,1,1,100.0,4,0.025,3.11,0.015,52.648063,9.7453564,34.550000000000004,33.69,52.648055899999996,9.7453583,0.014486232791552936,-0.020943951023931952,4.248654998129796,-1.415,-2.79,-0.08,3.109632,0.025723608,0.049766816
0 days 00:00:08.820000,0.0015330594781031272,-2.1464280000000002,-0.11772,9.970884,10.289634146341463,10.289634146341463,10.289634146341463,10.289634146341463,0.02391101075232232,-0.062482787221396996,0.009075712110370514,-17.0,7.99,43.8,1,1,100.0,4,0.025,3.09,0.015,52.648063,9.7453564,34.550000000000004,33.69,52.6480556,9.745358099999999,0.014835298641951801,-0.020420352248333655,4.248654998129796,-1.415,-2.79,-0.08,3.089662,0.025710767,0.04772147
0 days 00:00:08.830000,0.0015330594781031272,0.368856,0.27075600000000005,11.344284000000002,10.175973470261017,10.175973470261017,10.175973470261017,10.175973470261017,0.02495820830351891,0.04014257279586959,0.00942477796076938,-18.0,7.99,40.5,1,1,100.0,4,0.01,3.075,0.01,52.648061899999995,9.7453553,34.57,33.68,52.6480554,9.745357799999999,0.0153588974175501,-0.020245819323134222,4.248829531054996,-1.365,-2.6550000000000002,-0.03,3.0745723,0.010801347,0.052093938
0 days 00:00:08.840000,0.0015330594781031272,-4.897152,-0.04316400000000001,10.696824000000001,9.580926401369275,9.580926401369275,9.580926401369275,9.580926401369275,0.01902408884673819,0.024783675378319478,0.013962634015954637,-19.0,7.99,36.75,1,1,100.0,4,0.01,3.0300000000000002,-0.0,52.648061899999995,9.7453553,34.57,33.68,52.648055199999995,9.7453576,0.015533430342749533,-0.020420352248333655,4.249004063980196,-1.365,-2.6550000000000002,-0.03,3.0293682,0.0109597985,0.061706573
0 days 00:00:08.850000,0.0015330594781031272,-5.670180000000001,0.0,9.146844,9.560868635002139,9.560868635002139,9.560868635002139,9.560868635002139,0.002967059728390361,-0.039793506945470715,0.01884955592153876,-20.0,7.99,33.0,1,1,100.0,4,0.01,2.975,0.005,52.648061899999995,9.7453553,34.57,33.68,52.6480549,9.7453574,0.015533430342749533,-0.020071286397934793,4.249178596905395,-1.365,-2.6550000000000002,-0.03,2.9745011,0.010848579,0.054547146
0 days 00:00:08.860000,0.0015330594781031272,-1.9580760000000001,-0.05101200000000001,10.414296000000002,9.955338040222507,9.955338040222507,9.955338040222507,9.955338040222507,-0.010471975511965976,0.004363323129985824,0.012391837689159739,-21.0,7.99,34.5,1,1,100.0,4,0.005,2.955,-0.0,52.648061899999995,9.7453553,34.57,33.68,52.648054699999996,9.7453573,0.015533430342749533,-0.020071286397934793,4.2493531298305935,-1.365,-2.6550000000000002,-0.03,2.9544048,0.0059205955,0.059221853
0 days 00:00:08.870000,0.0014151318259413483,-3.0607200000000003,-0.074556,9.931644,10.022197261446298,10.022197261446298,10.022197261446298,10.022197261446298,-0.014311699866353502,-0.016406094968746697,0.0054105206811824215,-22.0,7.99,36.0,1,1,100.0,4,0.005,2.9250000000000003,-0.0,52.648061899999995,9.7453553,34.57,33.68,52.6480544,9.7453571,0.0153588974175501,-0.019896753472735357,4.2493531298305935,-1.365,-2.6550000000000002,-0.03,2.924421,0.005893173,0.0581105
0 days 00:00:08.880000,0.0014151318259413483,-2.11896,0.10987200000000001,9.441144000000001,9.721330765939237,9.721330765939237,9.721330765939237,9.721330765939237,-0.01291543646475804,-0.0158824961931484,0.00017453292519943296,-23.0,7.99,37.199999999999996,1,1,100.0,4,0.0,2.9050000000000002,-0.0,52.6480609,9.7453542,34.51,33.68,52.6480542,9.745356899999999,0.015184364492350668,-0.019722220547535925,4.2493531298305935,-1.385,-2.615,0.02,2.904435,0.0008698688,0.05728274
0 days 00:00:08.890000,0.0014151318259413483,-2.49174,0.7337880000000001,10.076832000000001,9.146341463414634,9.146341463414634,9.146341463414634,9.146341463414634,-0.023212879051524585,0.03228859116189509,0.0031415926535897933,-24.0,7.99,38.39999999999999,1,1,100.0,4,0.01,2.8850000000000002,-0.0,52.6480609,9.7453542,34.51,33.68,52.648053999999995,9.7453567,0.015009831567151233,-0.020071286397934793,4.2493531298305935,-1.385,-2.615,0.02,2.884419,0.010867937,0.057745162
0 days 00:00:08.900000,0.0014151318259413483,-5.242464,0.926064,9.5157,8.504492939666239,8.504492939666239,8.504492939666239,8.504492939666239,-0.0291469985083053,0.007853981633974483,0.011868238913561443,-25.0,7.99,41.39999999999999,1,1,100.0,4,0.015,2.835,-0.0,52.6480609,9.7453542,34.51,33.68,52.6480538,9.7453565,0.014660765716752368,-0.020071286397934793,4.249527662755794,-1.385,-2.615,0.02,2.834429,0.01583253,0.05667226
0 days 00:00:08.910000,0.0014151318259413483,-3.998556,0.48657600000000006,9.680508000000001,7.876016260162601,7.876016260162601,7.876016260162601,7.876016260162601,-0.030194196059501903,-0.007853981633974483,0.016231562043547268,-26.0,7.99,44.39999999999999,1,1,100.0,4,0.02,2.795,-0.0,52.6480609,9.7453542,34.51,33.68,52.6480536,9.7453563,0.014486232791552936,-0.020071286397934793,4.249702195680993,-1.385,-2.615,0.02,2.7944372,0.020810485,0.055799887
0 days 00:00:08.920000,0.0012972041737795694,-2.5506,0.306072,10.920492,6.558889602053915,6.558889602053915,6.558889602053915,6.558889602053915,-0.01884955592153876,0.01117010721276371,0.012042771838760874,-27.0,7.99,40.64999999999999,1,1,100.0,4,0.02,2.775,-0.01,52.6480609,9.7453542,34.51,33.68,52.6480533,9.7453561,0.014311699866353503,-0.020071286397934793,4.249876728606193,-1.385,-2.615,0.02,2.7742405,0.020938084,0.06539912
0 days 00:00:08.930000,0.0012972041737795694,-3.8494440000000005,0.384552,9.590256,5.1682178005990576,5.1682178005990576,5.1682178005990576,5.1682178005990576,-0.004886921905584123,-0.004886921905584123,0.009075712110370514,-27.0,7.99,36.89999999999999,1,1,100.0,4,0.02,2.735,-0.01,52.6480597,9.7453533,34.51,33.68,52.6480531,9.7453559,0.014137166941154071,-0.020071286397934793,4.249876728606193,-1.285,-2.5500000000000003,-0.025,2.7342484,0.020915322,0.06460005
0 days 00:00:08.940000,0.0014151318259413483,-3.496284,0.8632800000000002,9.637344,3.7976037655113397,3.7976037655113397,3.7976037655113397,3.7976037655113397,-0.005061454830783556,0.03630284844148206,0.002967059728390361,-28.0,7.99,38.099999999999994,1,1,100.0,4,0.03,2.705,-0.01,52.6480597,9.7453533,34.51,33.68,52.648052899999996,9.745355799999999,0.014137166941154071,-0.020420352248333655,4.249876728606193,-1.285,-2.5500000000000003,-0.025,2.7042317,0.030919153,0.0648005
0 days 00:00:08.950000,0.001650987130264906,-4.850064000000001,0.278604,10.155312000000002,3.015350877192982,3.015350877192982,3.015350877192982,3.015350877192982,-0.007330382858376183,0.011344640137963142,0.0012217304763960308,-30.0,7.99,39.3,1,1,100.0,4,0.03,2.6550000000000002,-0.01,52.6480597,9.7453533,34.51,33.68,52.6480527,9.7453556,0.014137166941154071,-0.020594885173533087,4.249876728606193,-1.285,-2.5500000000000003,-0.025,2.6542308,0.03091127,0.06424286
0 days 00:00:08.960000,0.001650987130264906,-3.8886840000000005,-0.24328800000000003,9.370512000000002,2.493848951647411,2.493848951647411,2.493848951647411,2.493848951647411,0.0008726646259971648,-0.04939281783143952,-0.002967059728390361,-31.0,7.99,41.849999999999994,1,1,100.0,4,0.025,2.62,-0.01,52.6480597,9.7453533,34.51,33.68,52.6480525,9.7453554,0.014137166941154071,-0.020071286397934793,4.249876728606193,-1.285,-2.5500000000000003,-0.025,2.6192715,0.025882194,0.062221553
0 days 00:00:08.970000,0.001650987130264906,-1.0555560000000002,0.298224,9.445068000000001,2.1328091570389387,2.1328091570389387,2.1328091570389387,2.1328091570389387,0.004363323129985824,-0.0013962634015954637,-0.006283185307179587,-32.0,7.99,44.39999999999999,1,1,100.0,4,0.03,2.61,-0.005,52.6480597,9.7453533,34.51,33.68,52.648052299999996,9.745355199999999,0.014137166941154071,-0.020071286397934793,4.249876728606193,-1.285,-2.5500000000000003,-0.025,2.6093738,0.030808186,0.056951698
0 days 00:00:08.980000,0.0018868424345884643,-3.6218520000000005,0.36493200000000003,9.554940000000002,1.9522892597347026,1.9522892597347026,1.9522892597347026,1.9522892597347026,0.003316125578789226,0.029321531433504733,-0.009599310885968814,-33.0,7.99,48.3,1,1,100.0,4,0.03,2.575,-0.005,52.6480586,9.7453524,34.51,33.68,52.6480521,9.7453551,0.014137166941154071,-0.020420352248333655,4.249702195680993,-1.18,-2.42,0.025,2.574361,0.03081096,0.05714785
0 days 00:00:08.990000,0.0022406253910738014,-5.37588,-0.3296160000000001,9.476460000000001,1.925545571245186,1.925545571245186,1.925545571245186,1.925545571245186,0.0005235987755982988,-0.013264502315156903,-0.014137166941154071,-34.0,7.99,52.2,1,1,100.0,4,0.025,2.525,-0.0,52.6480586,9.7453524,34.51,33.68,52.6480519,9.745354899999999,0.014137166941154071,-0.020245819323134222,4.249527662755794,-1.18,-2.42,0.025,2.5244827,0.025720129,0.050758675
0 days 00:00:09,0.0022406253910738014,-3.633624,0.11379600000000001,10.010124000000001,1.865372272143774,1.865372272143774,1.865372272143774,1.865372272143774,-0.007504915783575617,-0.013439035240356337,-0.016929693744344998,-35.0,7.99,58.35,1,1,100.0,4,0.025,2.49,-0.005,52.6480586,9.7453524,34.51,33.68,52.648051699999996,9.7453547,0.014137166941154071,-0.020071286397934793,4.2493531298305935,-1.18,-2.42,0.025,2.4893982,0.02577464,0.05461423
0 days 00:00:09.010000,0.0022406253910738014,-2.8605960000000006,0.28645200000000004,10.343664,9.48063756953359,9.48063756953359,9.48063756953359,9.48063756953359,-0.0020943951023931952,-0.03647738136668148,-0.014835298641951801,-36.0,7.99,64.5,1,1,100.0,4,0.03,2.465,-0.01,52.6480586,9.7453524,34.51,33.68,52.6480515,9.745354599999999,0.014137166941154071,-0.019722220547535925,4.2493531298305935,-1.18,-2.42,0.025,2.4643233,0.030825555,0.05818022
0 days 00:00:09.020000,0.0022406253910738014,-1.7069400000000003,-0.184428,8.420904,9.580926401369275,9.580926401369275,9.580926401369275,9.580926401369275,-0.0008726646259971648,-0.04782202150464464,-0.014660765716752367,-35.0,7.99,66.44999999999999,1,1,100.0,4,0.025,2.45,0.005,52.6480586,9.7453524,34.51,33.68,52.6480513,9.7453544,0.014137166941154071,-0.019198621771937627,4.249178596905395,-1.18,-2.42,0.025,2.4496446,0.025591733,0.04167704
0 days 00:00:09.030000,0.0022406253910738014,-0.43948800000000005,0.153036,9.794304,8.992565254599915,8.992565254599915,8.992565254599915,8.992565254599915,-0.0024434609527920616,0.03560471674068432,-0.02199114857512855,-36.0,7.99,68.39999999999999,1,1,100.0,4,0.02,2.47,-0.01,52.648057599999994,9.7453516,34.52,33.68,52.648051099999996,9.745354299999999,0.014311699866353503,-0.020594885173533087,4.249004063980196,-1.09,-2.255,0.075,2.4692702,0.020868983,0.06057119
0 days 00:00:09.040000,0.0021226977389120225,-5.23854,-0.09417600000000001,9.582408000000001,8.310601198117244,8.310601198117244,8.310601198117244,8.310601198117244,-0.005585053606381855,0.012217304763960306,-0.02426007660272118,-35.0,7.99,66.0,1,1,100.0,4,0.02,2.42,-0.005,52.648057599999994,9.7453516,34.52,33.68,52.648050899999994,9.7453541,0.014311699866353503,-0.020594885173533087,4.248829531054996,-1.09,-2.255,0.075,2.4193838,0.020782707,0.054543197
0 days 00:00:09.050000,0.0022406253910738014,-5.8389120000000005,0.33354000000000006,8.715204000000002,6.939987163029525,6.939987163029525,6.939987163029525,6.939987163029525,0.00017453292519943296,-0.03735004599267865,-0.018500490071139894,-35.0,7.99,63.599999999999994,1,1,100.0,4,0.025,2.365,0.005,52.648057599999994,9.7453516,34.52,33.68,52.6480507,9.7453539,0.014311699866353503,-0.020245819323134222,4.248654998129796,-1.09,-2.255,0.075,2.3646166,0.025611093,0.04251694
0 days 00:00:09.060000,0.00241751686931647,-2.986164,0.290376,10.076832000000001,6.465286692340607,6.465286692340607,6.465286692340607,6.465286692340607,0.009599310885968814,0.009075712110370514,-0.013788101090755204,-35.0,7.99,64.5,1,1,100.0,4,0.025,2.335,-0.0,52.648057599999994,9.7453516,34.52,33.68,52.6480506,9.7453538,0.014311699866353503,-0.020420352248333655,4.248480465204597,-1.09,-2.255,0.075,2.3345132,0.025679773,0.047315545
0 days 00:00:09.070000,0.002594408347559139,-4.328172,-0.23544,9.288108000000001,7.140564826700899,7.140564826700899,7.140564826700899,7.140564826700899,0.022165681500327987,0.0010471975511965976,-0.007330382858376183,-36.0,7.99,65.39999999999999,1,1,100.0,4,0.02,2.295,0.005,52.648057599999994,9.7453516,34.52,33.68,52.648050399999995,9.7453536,0.014660765716752368,-0.020420352248333655,4.248305932279397,-1.09,-2.255,0.075,2.2946236,0.020611564,0.04156479
0 days 00:00:09.080000,0.0024764806953973596,-2.9390760000000005,-0.023544000000000002,8.358120000000001,7.956247325631151,7.956247325631151,7.956247325631151,7.956247325631151,0.006981317007977318,-0.010995574287564275,-0.013788101090755204,-35.0,7.99,62.39999999999999,1,1,100.0,4,0.02,2.265,0.02,52.6480568,9.745351,34.46,33.68,52.6480502,9.7453535,0.014660765716752368,-0.020245819323134222,4.248305932279397,-0.995,-2.07,-0.05,2.2649407,0.02037693,0.025561761
0 days 00:00:09.090000,0.0021226977389120225,-2.4799680000000004,0.145188,10.386828,7.822528883183569,7.822528883183569,7.822528883183569,7.822528883183569,0.010821041362364843,0.014660765716752367,-0.010122909661567111,-33.0,7.99,59.39999999999999,1,1,100.0,4,0.02,2.245,0.01,52.6480568,9.745351,34.46,33.68,52.64805,9.7453533,0.014835298641951801,-0.020420352248333655,4.2481313993541985,-0.995,-2.07,-0.05,2.244736,0.020529514,0.03554195
0 days 00:00:09.100000,0.0021226977389120225,-3.896532,0.357084,9.919872000000002,7.334456568249893,7.334456568249893,7.334456568249893,7.334456568249893,0.008552113334772213,-0.007853981633974483,0.0005235987755982988,-31.0,7.99,60.599999999999994,1,1,100.0,4,0.02,2.205,0.01,52.6480568,9.745351,34.46,33.68,52.6480499,9.7453532,0.014835298641951801,-0.020420352248333655,4.2481313993541985,-0.995,-2.07,-0.05,2.2047443,0.020517398,0.034725286
0 days 00:00:09.110000,0.0023585530432355803,-3.115656,-0.7298640000000001,9.562788000000001,6.639120667522465,6.639120667522465,6.639120667522465,6.639120667522465,-0.0015707963267948967,-0.0036651914291880917,0.010471975511965976,-29.0,7.99,61.8,1,1,100.0,4,0.015,2.18,0.01,52.6480568,9.745351,34.46,33.68,52.648049699999994,9.745353099999999,0.014835298641951801,-0.020245819323134222,4.248305932279397,-0.995,-2.07,-0.05,2.1797557,0.015504733,0.03390864
0 days 00:00:09.120000,0.0022406253910738014,-3.61008,-0.290376,10.237716,6.258023106546855,6.258023106546855,6.258023106546855,6.258023106546855,-0.009250245035569947,0.012391837689159739,0.016406094968746697,-29.0,7.99,62.099999999999994,1,1,100.0,4,0.01,2.145,0.005,52.6480568,9.745351,34.46,33.68,52.6480495,9.7453529,0.014835298641951801,-0.020420352248333655,4.248480465204597,-0.995,-2.07,-0.05,2.1446548,0.010574482,0.038647033
0 days 00:00:09.130000,0.0022406253910738014,-4.908924000000001,-0.145188,9.990504,6.5054022250748815,6.5054022250748815,6.5054022250748815,6.5054022250748815,-0.010471975511965976,0.005061454830783556,0.020071286397934793,-19.0,7.99,62.39999999999999,1,1,100.0,4,0.005,2.095,0.005,52.648055899999996,9.7453503,34.47,33.67,52.6480494,9.7453528,0.014660765716752368,-0.020420352248333655,4.248654998129796,-0.9500000000000001,-1.92,-0.005,2.0946653,0.0055533075,0.037701346
0 days 00:00:09.140000,0.0021226977389120225,-4.763736000000001,-0.60822,9.374436000000001,6.886499786050491,6.886499786050491,6.886499786050491,6.886499786050491,-0.01780235837034216,0.00034906585039886593,0.01308996938995747,-10.0,7.99,63.599999999999994,1,1,100.0,4,0.0,2.05,0.01,52.648055899999996,9.7453503,34.47,33.67,52.648049199999996,9.7453526,0.014486232791552936,-0.020420352248333655,4.248654998129796,-0.9500000000000001,-1.92,-0.005,2.0497766,0.0004615282,0.031857554
0 days 00:00:09.150000,0.001650987130264906,-4.367412000000001,0.14126400000000003,8.777988,6.980102695763799,6.980102695763799,6.980102695763799,6.980102695763799,-0.0317649923862968,-0.010122909661567111,0.005759586531581288,-12.0,7.99,64.8,1,1,100.0,4,0.0,2.0100000000000002,0.015,52.648055899999996,9.7453503,34.47,33.67,52.648049,9.7453525,0.014137166941154071,-0.020420352248333655,4.248829531054996,-0.9500000000000001,-1.92,-0.005,2.0098872,0.00036819285,0.026042577
0 days 00:00:09.160000,0.0014740956520222378,-4.00248,0.7808760000000001,10.061136000000001,6.705979888746255,6.705979888746255,6.705979888746255,6.705979888746255,-0.02949606435870417,0.009948376736367679,0.009075712110370514,-9.0,7.99,68.69999999999999,1,1,100.0,4,0.005,1.97,0.015,52.648055899999996,9.7453503,34.47,33.67,52.6480489,9.7453524,0.013962634015954637,-0.020420352248333655,4.248829531054996,-0.9500000000000001,-1.92,-0.005,1.9698955,0.0053517562,0.025156155
0 days 00:00:09.170000,0.0012972041737795694,-4.744116000000001,0.7063200000000002,10.77138,6.485344458707744,6.485344458707744,6.485344458707744,6.485344458707744,-0.017453292519943295,0.015707963267948967,0.016231562043547268,-9.0,7.99,72.6,1,1,100.0,4,0.01,1.925,0.005,52.648055899999996,9.7453503,34.47,33.67,52.6480487,9.7453522,0.013788101090755204,-0.020594885173533087,4.249004063980196,-0.9500000000000001,-1.92,-0.005,1.9246947,0.010476701,0.03450224
0 days 00:00:09.180000,0.0012972041737795694,-5.191452,0.266832,10.190628,6.010643988018828,6.010643988018828,6.010643988018828,6.010643988018828,-0.006806784082777885,0.004014257279586958,0.020245819323134222,-10.0,7.99,74.69999999999999,1,1,100.0,4,0.01,1.875,-0.0,52.648055,9.745349599999999,34.47,33.67,52.648048599999996,9.7453521,0.013613568165555772,-0.020594885173533087,4.249178596905395,-0.895,-1.825,0.05,1.8746023,0.010524713,0.038472965
0 days 00:00:09.190000,0.0011792765216177901,-4.449816,0.3531600000000001,10.006200000000002,5.99727214377407,5.99727214377407,5.99727214377407,5.99727214377407,-0.009250245035569947,0.018675022996339326,0.016057029118347832,-10.0,7.99,76.8,1,1,100.0,4,0.01,1.835,-0.005,52.648055,9.745349599999999,34.47,33.67,52.648048499999994,9.745351999999999,0.013613568165555772,-0.020943951023931952,4.2493531298305935,-0.895,-1.825,0.05,1.8344929,0.010590268,0.043288086
0 days 00:00:09.200000,0.000825493565132453,-5.230692,0.46695600000000004,10.26126,5.883611467693624,5.883611467693624,5.883611467693624,5.883611467693624,-0.012566370614359173,0.034033920413889425,0.010821041362364843,-11.0,7.99,78.6,1,1,100.0,4,0.015,1.7850000000000001,-0.01,52.648055,9.745349599999999,34.47,33.67,52.6480483,9.7453519,0.013439035240356337,-0.02111848394913139,4.249527662755794,-0.895,-1.825,0.05,1.7843908,0.015639553,0.047485575
0 days 00:00:09.210000,0.0007665297390515636,-6.341184000000001,0.7651800000000001,10.331892000000002,5.84349593495935,5.84349593495935,5.84349593495935,5.84349593495935,-0.007679448708775049,0.004363323129985824,0.011868238913561443,-13.0,7.99,80.39999999999999,1,1,100.0,4,0.02,1.725,-0.015,52.648055,9.745349599999999,34.47,33.67,52.6480482,9.7453518,0.013439035240356337,-0.02129301687433082,4.249702195680993,-0.895,-1.825,0.05,1.7242897,0.020693298,0.051450834
0 days 00:00:09.220000,0.0007075659129706742,-5.544612000000001,0.258984,9.637344,5.529257595207531,5.529257595207531,5.529257595207531,5.529257595207531,-0.0022689280275926286,-0.029670597283903602,0.016057029118347832,-14.0,7.99,78.6,1,1,100.0,4,0.02,1.67,-0.015,52.648055,9.745349599999999,34.47,33.67,52.648047999999996,9.745351699999999,0.013439035240356337,-0.020943951023931952,4.249702195680993,-0.895,-1.825,0.05,1.6693195,0.020669729,0.049697265
0 days 00:00:09.230000,0.0007075659129706742,-3.437424,0.05886,9.719748000000001,5.38885323063757,5.38885323063757,5.38885323063757,5.38885323063757,0.0,0.008726646259971648,0.015184364492350668,-16.0,7.99,76.8,1,1,100.0,4,0.02,1.635,-0.015,52.6480544,9.7453495,34.300000000000004,33.67,52.648047899999995,9.7453516,0.013439035240356337,-0.02111848394913139,4.249876728606193,-0.81,-1.61,-0.0,1.6343187,0.020663712,0.049249563
0 days 00:00:09.240000,0.0006486020868897847,-4.339944,0.153036,9.876708000000002,5.094672657252889,5.094672657252889,5.094672657252889,5.094672657252889,-0.00890117918517108,0.04799655442984406,0.010297442586766544,-15.0,7.99,76.35,1,1,100.0,4,0.02,1.595,-0.015,52.6480544,9.7453495,34.300000000000004,33.67,52.6480478,9.7453515,0.013264502315156905,-0.021467549799530253,4.250051261531391,-0.81,-1.61,-0.0,1.5943105,0.020651294,0.048965044
0 days 00:00:09.250000,0.0005896382608088951,-6.529536000000001,0.43948800000000005,9.912024,5.054557124518614,5.054557124518614,5.054557124518614,5.054557124518614,-0.006981317007977318,0.023387411976724018,0.005585053606381855,-14.0,7.99,75.89999999999999,1,1,100.0,4,0.025,1.5350000000000001,-0.02,52.6480544,9.7453495,34.300000000000004,33.67,52.6480477,9.745351399999999,0.013264502315156905,-0.02181661564992912,4.250051261531391,-0.81,-1.61,-0.0,1.5341983,0.02570718,0.05314478
0 days 00:00:09.260000,0.0005896382608088951,-5.94486,0.31392000000000003,9.602028,4.566484809584938,4.566484809584938,4.566484809584938,4.566484809584938,-0.005934119456780722,-0.0054105206811824215,0.0036651914291880917,-12.0,7.99,77.69999999999999,1,1,100.0,4,0.025,1.475,-0.02,52.6480544,9.7453495,34.300000000000004,33.67,52.6480476,9.7453513,0.013089969389957472,-0.021642082724729686,4.250051261531391,-0.81,-1.61,-0.0,1.4742217,0.025677405,0.051583212
0 days 00:00:09.270000,0.0005896382608088951,-4.363488,-0.10202400000000002,10.300500000000001,4.566484809584938,4.566484809584938,4.566484809584938,4.566484809584938,-0.008726646259971648,0.028448866807507574,0.00034906585039886593,-10.0,7.99,79.5,1,1,100.0,4,0.025,1.435,-0.025,52.6480544,9.7453495,34.300000000000004,33.67,52.648047399999996,9.7453512,0.013089969389957472,-0.02199114857512855,4.250051261531391,-0.81,-1.61,-0.0,1.4341031,0.025738059,0.056216624
0 days 00:00:09.280000,0.0005896382608088951,-5.642712,0.34531200000000006,10.567332000000002,4.452824133504493,4.452824133504493,4.452824133504493,4.452824133504493,-0.01361356816555577,0.041887902047863905,-0.0041887902047863905,-10.0,7.99,78.44999999999999,1,1,100.0,4,0.025,1.3800000000000001,-0.035,52.6480538,9.7453488,34.29,33.67,52.648047399999996,9.745351099999999,0.012915436464758038,-0.02234021442552742,4.250051261531391,-0.7000000000000001,-1.37,0.005,1.3788738,0.025847962,0.06548983
0 days 00:00:09.290000,0.0005896382608088951,-6.9140880000000005,0.3413880000000001,9.448992,4.3926508344030815,4.3926508344030815,4.3926508344030815,4.3926508344030815,-0.016755160819145562,-0.004537856055185257,-0.006108652381980153,-10.0,7.99,77.39999999999999,1,1,100.0,4,0.03,1.315,-0.03,52.6480538,9.7453488,34.29,33.67,52.648047299999995,9.745351,0.012740903539558606,-0.02234021442552742,4.250051261531391,-0.7000000000000001,-1.37,0.005,1.3140018,0.030753938,0.058980413
0 days 00:00:09.300000,0.0007075659129706742,-5.097276000000001,0.22759200000000002,9.1233,4.399336756525459,4.399336756525459,4.399336756525459,4.399336756525459,-0.01308996938995747,-0.0027925268031909274,-0.006981317007977318,-9.0,7.99,74.69999999999999,1,1,100.0,4,0.03,1.2650000000000001,-0.025,52.6480538,9.7453488,34.29,33.67,52.6480471,9.7453509,0.012566370614359171,-0.02234021442552742,4.249876728606193,-0.7000000000000001,-1.37,0.005,1.2641258,0.030666793,0.052870594
0 days 00:00:09.310000,0.000825493565132453,-4.316400000000001,0.47088,9.641268,4.118528027385538,4.118528027385538,4.118528027385538,4.118528027385538,-0.011693705988362009,0.041713369122664476,-0.008552113334772213,-9.0,7.99,72.0,1,1,100.0,4,0.035,1.225,-0.025,52.6480538,9.7453488,34.29,33.67,52.648047,9.745350799999999,0.012566370614359171,-0.022689280275926284,4.249876728606193,-0.7000000000000001,-1.37,0.005,1.2241175,0.035660543,0.05234157
0 days 00:00:09.320000,0.0009434212172942321,-6.035112000000001,0.16480800000000004,9.664812000000001,4.118528027385538,4.118528027385538,4.118528027385538,4.118528027385538,-0.006981317007977318,0.03159045946109736,-0.007853981633974483,-9.0,7.99,69.0,1,1,100.0,4,0.035,1.165,-0.025,52.6480538,9.7453488,34.29,33.67,52.6480469,9.745350799999999,0.012391837689159739,-0.02303834612632515,4.249876728606193,-0.7000000000000001,-1.37,0.005,1.164115,0.035639573,0.05139298
0 days 00:00:09.330000,0.0010613488694560112,-5.772204,0.27468000000000004,9.472536,3.730744544287548,3.730744544287548,3.730744544287548,3.730744544287548,-0.005235987755982988,0.011344640137963142,-0.008377580409572781,-9.0,7.99,66.0,1,1,100.0,4,0.035,1.11,-0.025,52.6480533,9.7453484,34.29,33.660000000000004,52.6480469,9.7453507,0.012391837689159739,-0.023212879051524585,4.249702195680993,-0.56,-1.1400000000000001,0.03,1.1091206,0.035626274,0.050319646
0 days 00:00:09.340000,0.0010613488694560112,-4.700952,0.20797200000000002,9.766836000000001,3.730744544287548,3.730744544287548,3.730744544287548,3.730744544287548,-0.002967059728390361,0.021642082724729686,-0.006806784082777885,-9.0,7.99,66.14999999999999,1,1,100.0,4,0.035,1.065,-0.025,52.6480533,9.7453484,34.29,33.660000000000004,52.648046799999996,9.7453506,0.012391837689159739,-0.023387411976724018,4.249702195680993,-0.56,-1.1400000000000001,0.03,1.0641242,0.03561563,0.04946095
0 days 00:00:09.350000,0.0011792765216177901,-4.9795560000000005,-0.039240000000000004,9.857088000000003,3.4967372700042794,3.4967372700042794,3.4967372700042794,3.4967372700042794,0.00034906585039886593,0.022863813201125717,-0.005235987755982988,-9.0,7.99,66.3,1,1,100.0,4,0.035,1.0150000000000001,-0.025,52.6480533,9.7453484,34.29,33.660000000000004,52.648046699999995,9.7453506,0.012391837689159739,-0.02356194490192345,4.249527662755794,-0.56,-1.1400000000000001,0.03,1.0141293,0.035603337,0.048468765
0 days 00:00:09.360000,0.0012382403476986798,-5.320944,-0.007848,9.500004,3.449935815147625,3.449935815147625,3.449935815147625,3.449935815147625,0.0005235987755982988,0.015707963267948967,-0.004363323129985824,-9.0,7.99,65.1,1,1,100.0,4,0.035,0.965,-0.025,52.6480533,9.7453484,34.29,33.660000000000004,52.6480466,9.745350499999999,0.012391837689159739,-0.023736477827122883,4.249527662755794,-0.56,-1.1400000000000001,0.03,0.96413475,0.035590824,0.047459126
0 days 00:00:09.370000,0.0012972041737795694,-5.352336,-0.047088000000000005,9.590256,3.449935815147625,3.449935815147625,3.449935815147625,3.449935815147625,-0.0005235987755982988,0.02530727415391778,-0.0038397243543875246,-9.0,7.99,63.89999999999999,1,1,100.0,4,0.03,0.915,-0.02,52.6480533,9.7453484,34.29,33.660000000000004,52.6480466,9.7453504,0.012391837689159739,-0.02408554367752175,4.249527662755794,-0.56,-1.1400000000000001,0.03,0.914253,0.030518515,0.04165537
0 days 00:00:09.380000,0.0012972041737795694,-6.00372,-0.14126400000000003,9.350892000000002,3.189184852374839,3.189184852374839,3.189184852374839,3.189184852374839,-0.0013962634015954637,0.021642082724729686,-0.0027925268031909274,-8.0,7.99,62.699999999999996,1,1,100.0,4,0.03,0.855,-0.02,52.648052799999995,9.7453481,34.29,33.660000000000004,52.6480465,9.7453504,0.012391837689159739,-0.024260076602721184,4.249527662755794,-0.43,-0.895,0.02,0.85426325,0.030502459,0.04035957
0 days 00:00:09.390000,0.0014151318259413483,-5.937012000000001,-0.15696000000000002,9.331272,3.189184852374839,3.189184852374839,3.189184852374839,3.189184852374839,-0.005934119456780722,0.01780235837034216,-0.003316125578789226,-8.0,7.99,61.5,1,1,100.0,4,0.025,0.8,-0.015,52.648052799999995,9.7453481,34.29,33.660000000000004,52.6480465,9.7453503,0.012217304763960308,-0.024434609527920616,4.249527662755794,-0.43,-0.895,0.02,0.7993947,0.025420126,0.03423326
0 days 00:00:09.400000,0.0014151318259413483,-5.732964000000001,0.039240000000000004,9.429372,2.941805733846812,2.941805733846812,2.941805733846812,2.941805733846812,-0.008552113334772213,0.01308996938995747,-0.0022689280275926286,-8.0,7.99,61.5,1,1,100.0,4,0.025,0.745,-0.015,52.648052799999995,9.7453481,34.29,33.660000000000004,52.6480464,9.7453503,0.012217304763960308,-0.024609142453120045,4.2493531298305935,-0.43,-0.895,0.02,0.7444053,0.025405295,0.033019505
0 days 00:00:09.410000,0.0014151318259413483,-5.2974000000000006,0.15696000000000002,9.837468000000001,2.647625160462131,2.647625160462131,2.647625160462131,2.647625160462131,-0.010122909661567111,0.019198621771937627,0.0017453292519943296,-8.0,7.99,61.5,1,1,100.0,4,0.025,0.6950000000000001,-0.015,52.648052799999995,9.7453481,34.29,33.660000000000004,52.6480463,9.7453503,0.012042771838760876,-0.024783675378319478,4.249527662755794,-0.43,-0.895,0.02,0.69441485,0.025386175,0.031914886
0 days 00:00:09.420000,0.0014151318259413483,-5.473980000000001,-0.15696000000000002,9.82962,2.647625160462131,2.647625160462131,2.647625160462131,2.647625160462131,-0.00890117918517108,0.019896753472735357,0.00471238898038469,-8.0,7.99,61.65,1,1,100.0,4,0.025,0.64,-0.015,52.648052799999995,9.7453481,34.29,33.660000000000004,52.6480463,9.745350199999999,0.012042771838760876,-0.02495820830351891,4.249527662755794,-0.43,-0.895,0.02,0.63942635,0.025371106,0.030663615
0 days 00:00:09.430000,0.0014151318259413483,-5.678028,-0.149112,9.5157,2.627567394094993,2.627567394094993,2.627567394094993,2.627567394094993,-0.010471975511965976,0.012740903539558606,0.0054105206811824215,-8.0,7.99,61.8,1,1,100.0,4,0.02,0.59,-0.015,52.6480525,9.7453478,34.29,33.660000000000004,52.6480463,9.745350199999999,0.011868238913561441,-0.025132741228718343,4.249527662755794,-0.3,-0.615,0.075,0.5894367,0.020352516,0.029582558
0 days 00:00:09.440000,0.0012972041737795694,-5.505372,0.05101200000000001,9.751140000000001,2.2264120667522467,2.2264120667522467,2.2264120667522467,2.2264120667522467,-0.011868238913561443,0.01291543646475804,0.006108652381980153,-8.0,7.99,59.099999999999994,1,1,100.0,4,0.02,0.535,-0.015,52.6480525,9.7453478,34.29,33.660000000000004,52.648046199999996,9.7453501,0.011868238913561441,-0.025132741228718343,4.249527662755794,-0.3,-0.615,0.075,0.53445417,0.020336114,0.028200502
0 days 00:00:09.450000,0.0012972041737795694,-5.6937240000000005,-0.011772000000000001,9.766836000000001,2.152866923406076,2.152866923406076,2.152866923406076,2.152866923406076,-0.007155849933176751,0.010122909661567111,0.008726646259971648,-7.0,7.99,56.39999999999999,1,1,100.0,4,0.02,0.48,-0.015,52.6480525,9.7453478,34.29,33.660000000000004,52.648046199999996,9.7453501,0.011693705988362009,-0.02530727415391778,4.249702195680993,-0.3,-0.615,0.075,0.47946674,0.020316008,0.026905665
0 days 00:00:09.460000,0.0012972041737795694,-5.603472000000001,-0.062784,9.480384,2.152866923406076,2.152866923406076,2.152866923406076,2.152866923406076,-0.006981317007977318,0.01117010721276371,0.008377580409572781,-7.0,7.99,56.55,1,1,100.0,4,0.015,0.425,-0.015,52.6480525,9.7453478,34.29,33.660000000000004,52.648046099999995,9.7453501,0.011693705988362009,-0.02548180707911721,4.249702195680993,-0.3,-0.615,0.075,0.42447984,0.015300943,0.025646558
0 days 00:00:09.470000,0.0012972041737795694,-5.611320000000001,-0.145188,9.433296,2.152866923406076,2.152866923406076,2.152866923406076,2.152866923406076,-0.006108652381980153,0.01117010721276371,0.00471238898038469,-7.0,7.99,56.7,1,1,100.0,4,0.015,0.375,-0.01,52.6480525,9.7453478,34.29,33.660000000000004,52.648046099999995,9.7453501,0.011693705988362009,-0.02548180707911721,4.249876728606193,-0.3,-0.615,0.075,0.37462348,0.015227597,0.01937466
0 days 00:00:09.480000,0.0011792765216177901,-5.666256000000001,0.129492,9.582408000000001,1.9456033376123238,1.9456033376123238,1.9456033376123238,1.9456033376123238,-0.0031415926535897933,0.007679448708775049,0.002967059728390361,-7.0,7.99,56.7,1,1,100.0,4,0.015,0.32,-0.01,52.648052299999996,9.7453477,34.29,33.65,52.648046099999995,9.74535,0.011519173063162575,-0.025656340004316644,4.249876728606193,-0.17,-0.365,0.055,0.31963816,0.0152087165,0.018031845
0 days 00:00:09.490000,0.0011792765216177901,-5.783976,0.153036,9.786456000000001,1.7182819854514335,1.7182819854514335,1.7182819854514335,1.7182819854514335,0.0017453292519943296,0.016929693744344998,0.003490658503988659,-6.0,7.99,56.7,1,1,100.0,4,0.015,0.265,-0.01,52.648052299999996,9.7453477,34.29,33.65,52.648046099999995,9.74535,0.011519173063162575,-0.025830872929516076,4.249876728606193,-0.17,-0.365,0.055,0.26465333,0.015192996,0.016667182
0 days 00:00:09.500000,0.0011792765216177901,-6.14106,0.031392,9.82962,1.531076166024818,1.531076166024818,1.531076166024818,1.531076166024818,0.005061454830783556,0.015009831567151233,0.002967059728390361,-6.0,7.99,56.85,1,1,100.0,4,0.015,0.20500000000000002,-0.015,52.648052299999996,9.7453477,34.29,33.65,52.648046099999995,9.74535,0.011693705988362009,-0.02600540585471551,4.249876728606193,-0.17,-0.365,0.055,0.20454064,0.015236648,0.020148644
0 days 00:00:09.510000,0.0011792765216177901,-6.1057440000000005,0.04316400000000001,9.496080000000001,1.3839858793324775,1.3839858793324775,1.3839858793324775,1.3839858793324775,0.005061454830783556,-0.0017453292519943296,0.0020943951023931952,-6.0,7.99,57.0,1,1,100.0,4,0.015,0.145,-0.01,52.648052299999996,9.7453477,34.29,33.65,52.648046099999995,9.74535,0.011693705988362009,-0.025830872929516076,4.249876728606193,-0.17,-0.365,0.055,0.14469334,0.015159662,0.013565382
0 days 00:00:09.520000,0.0011792765216177901,-5.254236000000001,0.090252,9.84924,1.3438703465982027,1.3438703465982027,1.3438703465982027,1.3438703465982027,0.005061454830783556,0.005585053606381855,0.0012217304763960308,-6.0,7.99,55.8,1,1,100.0,4,0.015,0.095,-0.015,52.648052299999996,9.7453477,34.29,33.65,52.648046,9.74535,0.011693705988362009,-0.02600540585471551,4.249876728606193,-0.17,-0.365,0.055,0.09457784,0.015203201,0.017288567
0 days 00:00:09.530000,0.0011792765216177901,-5.662332000000001,0.019620000000000002,10.010124000000001,1.3438703465982027,1.3438703465982027,1.3438703465982027,1.3438703465982027,0.008028514559173916,0.017278759594743863,0.0006981317007977319,-5.0,7.99,54.599999999999994,1,1,100.0,4,0.01,0.045,-0.015,52.648052199999995,9.7453477,34.29,33.65,52.648046099999995,9.74535,0.011868238913561441,-0.026179938779914945,4.249876728606193,-0.065,-0.135,-0.015,0.04459193,0.010191233,0.016053002
0 days 00:00:09.540000,0.0011792765216177901,-6.305868,0.12164400000000002,9.429372,1.3438703465982027,1.3438703465982027,1.3438703465982027,1.3438703465982027,0.006632251157578452,-0.0012217304763960308,-0.0019198621771937623,-5.0,7.99,52.949999999999996,1,1,100.0,4,0.01,-0.02,-0.015,52.648052199999995,9.7453477,34.29,33.65,52.648046099999995,9.74535,0.011868238913561441,-0.026179938779914945,4.249876728606193,-0.065,-0.135,-0.015,-0.020385802,0.01017104,0.014351621
0 days 00:00:09.550000,0.0011792765216177901,-5.324868000000001,0.047088000000000005,9.700128000000001,1.3438703465982027,1.3438703465982027,1.3438703465982027,1.3438703465982027,0.006806784082777885,-0.010995574287564275,-0.0036651914291880917,-1.0,7.99,51.3,1,1,100.0,4,0.01,-0.07,-0.015,52.648052199999995,9.7453477,34.29,33.65,52.648046099999995,9.74535,0.012042771838760876,-0.02600540585471551,4.249876728606193,-0.065,-0.135,-0.015,-0.07036637,0.010157931,0.013053373
0 days 00:00:09.560000,0.0011792765216177901,-4.445892000000001,0.145188,9.813924,1.2168378262729995,1.2168378262729995,1.2168378262729995,1.2168378262729995,0.007330382858376183,-0.00017453292519943296,-0.0036651914291880917,-1.0,7.99,50.849999999999994,1,1,100.0,4,0.01,-0.11,-0.015,52.648052199999995,9.7453477,34.29,33.65,52.648046099999995,9.74535,0.012042771838760876,-0.02600540585471551,4.249876728606193,-0.065,-0.135,-0.015,-0.110352844,0.010145405,0.01201335
0 days 00:00:09.570000,0.0011792765216177901,-4.339944,0.10202400000000002,10.061136000000001,1.1366067608044501,1.1366067608044501,1.1366067608044501,1.1366067608044501,0.005934119456780722,-0.0008726646259971648,-0.004537856055185257,-1.0,7.99,50.39999999999999,1,1,100.0,4,0.01,-0.15,-0.02,52.648052199999995,9.7453477,34.29,33.65,52.648046099999995,9.74535,0.012042771838760876,-0.02600540585471551,4.249876728606193,-0.065,-0.135,-0.015,-0.15046933,0.010193072,0.015971273
0 days 00:00:09.580000,0.0011792765216177901,-4.1633640000000005,0.08632800000000002,9.802152000000001,1.0430038510911424,1.0430038510911424,1.0430038510911424,1.0430038510911424,0.0036651914291880917,-0.02495820830351891,-0.004537856055185257,-1.0,7.99,50.55,1,1,100.0,4,0.01,-0.19,-0.02,52.648052199999995,9.745347599999999,34.300000000000004,33.65,52.648046099999995,9.74535,0.012217304763960308,-0.025830872929516076,4.249702195680993,0.045,0.115,0.025,-0.19045317,0.01018356,0.014962711
0 days 00:00:09.590000,0.0011792765216177901,-2.6369280000000006,0.17265600000000003,10.037592000000002,0.9694587077449721,0.9694587077449721,0.9694587077449721,0.9694587077449721,0.0015707963267948967,-0.027925268031909273,-0.0041887902047863905,-1.0,7.99,50.7,1,1,100.0,4,0.01,-0.215,-0.025,52.648052199999995,9.745347599999999,34.300000000000004,33.65,52.648046199999996,9.7453501,0.012217304763960308,-0.02548180707911721,4.249702195680993,0.045,0.115,0.025,-0.21556719,0.010237655,0.01939026
0 days 00:00:09.600000,0.0011792765216177901,-1.5852960000000003,0.129492,10.473156000000001,0.9159713307659391,0.9159713307659391,0.9159713307659391,0.9159713307659391,-0.0006981317007977319,-0.010995574287564275,-0.0041887902047863905,-1.0,7.99,50.7,1,1,100.0,4,0.01,-0.225,-0.03,52.648052199999995,9.745347599999999,34.300000000000004,33.65,52.648046199999996,9.7453501,0.012217304763960308,-0.02530727415391778,4.249702195680993,0.045,0.115,0.025,-0.22568709,0.010296089,0.024172882
0 days 00:00:09.610000,0.0011792765216177901,-1.8952920000000002,0.12164400000000002,10.47708,0.8557980316645272,0.8557980316645272,0.8557980316645272,0.8557980316645272,-0.0017453292519943296,-0.023387411976724018,-0.0036651914291880917,-1.0,7.99,50.7,1,1,100.0,4,0.01,-0.245,-0.04,52.648052199999995,9.745347599999999,34.300000000000004,33.65,52.648046199999996,9.7453501,0.012217304763960308,-0.025132741228718343,4.249527662755794,0.045,0.115,0.025,-0.24592784,0.010412561,0.033705797
0 days 00:00:09.620000,0.0011792765216177901,-1.2321360000000003,0.153036,10.218096000000001,0.8023106546854941,0.8023106546854941,0.8023106546854941,0.8023106546854941,-0.004014257279586958,-0.04834562028024293,-0.0027925268031909274,-1.0,7.99,50.55,1,1,100.0,4,0.01,-0.255,-0.04,52.648052199999995,9.745347599999999,34.300000000000004,33.65,52.648046199999996,9.7453501,0.012042771838760876,-0.024609142453120045,4.249527662755794,0.045,0.115,0.025,-0.25590703,0.010405265,0.033590317
0 days 00:00:09.630000,0.0011792765216177901,0.25506,0.15696000000000002,10.371132000000001,0.7621951219512195,0.7621951219512195,0.7621951219512195,0.7621951219512195,-0.005235987755982988,-0.04276056667386108,-0.0019198621771937623,-1.0,7.99,50.39999999999999,1,1,100.0,4,0.01,-0.25,-0.05,52.648052299999996,9.7453477,34.31,33.65,52.6480463,9.7453501,0.012042771838760876,-0.024260076602721184,4.249527662755794,0.145,0.365,0.025,-0.2511393,0.010528191,0.04379725
0 days 00:00:09.640000,0.0011792765216177901,0.56898,0.09417600000000001,11.046060000000002,0.7220795892169447,0.7220795892169447,0.7220795892169447,0.7220795892169447,-0.0024434609527920616,-0.028623399732707003,-0.0027925268031909274,-1.0,7.99,50.55,1,1,100.0,4,0.01,-0.24,-0.06,52.648052299999996,9.7453477,34.31,33.65,52.6480463,9.7453501,0.012042771838760876,-0.023911010752322315,4.249527662755794,0.145,0.365,0.025,-0.24136591,0.010652516,0.05412039
0 days 00:00:09.650000,0.0011792765216177901,-0.019620000000000002,0.28645200000000004,10.237716,0.6886499786050492,0.6886499786050492,0.6886499786050492,0.6886499786050492,-0.004886921905584123,-0.05951572749300663,0.0013962634015954637,-1.0,7.99,50.7,1,1,100.0,4,0.015,-0.24,-0.065,52.648052299999996,9.7453477,34.31,33.65,52.6480463,9.745350199999999,0.012042771838760876,-0.023387411976724018,4.249527662755794,0.145,0.365,0.025,-0.24145441,0.01571387,0.059184812
0 days 00:00:09.660000,0.0011203126955369007,1.836432,-0.027468000000000003,10.375056,0.6485344458707745,0.6485344458707745,0.6485344458707745,0.6485344458707745,-0.0019198621771937623,-0.06702064327658225,0.0022689280275926286,0.0,7.99,50.55,1,1,100.0,4,0.01,-0.215,-0.07,52.648052299999996,9.7453477,34.31,33.65,52.6480463,9.745350199999999,0.012042771838760876,-0.022689280275926284,4.249527662755794,0.145,0.365,0.025,-0.21653278,0.0107832905,0.06497906
0 days 00:00:09.670000,0.0010613488694560112,2.943,0.39632400000000007,10.826316000000002,0.6284766795036371,0.6284766795036371,0.6284766795036371,0.6284766795036371,0.0012217304763960308,-0.020245819323134222,-0.0008726646259971648,0.0,7.99,50.39999999999999,1,1,100.0,4,0.015,-0.185,-0.08,52.648052299999996,9.7453477,34.31,33.65,52.6480463,9.745350199999999,0.012042771838760876,-0.022514747350726852,4.249527662755794,0.145,0.365,0.025,-0.18675415,0.01591191,0.075628705
0 days 00:00:09.680000,0.0010613488694560112,0.46695600000000004,0.22759200000000002,10.669356000000002,0.5950470688917415,0.5950470688917415,0.5950470688917415,0.5950470688917415,0.00471238898038469,-0.039793506945470715,0.0,0.0,7.99,50.24999999999999,1,1,100.0,4,0.015,-0.18,-0.085,52.6480527,9.7453485,34.160000000000004,33.64,52.6480464,9.745350199999999,0.012042771838760876,-0.022165681500327987,4.249527662755794,0.225,0.47500000000000003,0.01,-0.18183972,0.015974227,0.08080311
0 days 00:00:09.690000,0.0010613488694560112,0.74556,0.317844,9.821772000000001,0.5749893025246042,0.5749893025246042,0.5749893025246042,0.5749893025246042,0.006108652381980153,-0.0757472895365539,0.0013962634015954637,1.0,7.99,50.099999999999994,1,1,100.0,4,0.02,-0.17,-0.085,52.6480527,9.7453485,34.160000000000004,33.65,52.6480464,9.745350199999999,0.012042771838760876,-0.02129301687433082,4.249527662755794,0.225,0.47500000000000003,0.01,-0.17177124,0.020978339,0.08111444
0 days 00:00:09.700000,0.0010613488694560112,2.5349040000000005,-0.8868240000000002,12.827556000000001,0.5549315361574667,0.5549315361574667,0.5549315361574667,0.5549315361574667,0.042411500823462206,-0.03630284844148206,0.006108652381980153,2.0,7.99,49.8,1,1,100.0,4,0.005,-0.14,-0.115,52.6480527,9.7453485,34.160000000000004,33.65,52.6480464,9.7453503,0.012566370614359171,-0.020943951023931952,4.249527662755794,0.225,0.47500000000000003,0.01,-0.14237767,0.00640754,0.111971155
0 days 00:00:09.710000,0.0010613488694560112,0.9966960000000001,0.21974400000000002,9.719748000000001,0.5348737697903295,0.5348737697903295,0.5348737697903295,0.5348737697903295,0.045029494701453704,-0.08203047484373349,0.00890117918517108,3.0,7.99,49.5,1,1,100.0,4,0.01,-0.13,-0.115,52.6480527,9.7453485,34.160000000000004,33.65,52.6480464,9.7453503,0.013089969389957472,-0.020071286397934793,4.249702195680993,0.225,0.47500000000000003,0.01,-0.13228185,0.011469992,0.112227224
0 days 00:00:09.720000,0.0010613488694560112,3.0254040000000004,-1.455804,13.533876000000003,0.5148160034231922,0.5148160034231922,0.5148160034231922,0.5148160034231922,0.08604473212332044,-0.05044001538263612,0.014137166941154071,3.0,7.99,49.199999999999996,1,1,100.0,4,-0.01,-0.095,-0.15,52.6480527,9.7453485,34.160000000000004,33.65,52.6480464,9.7453503,0.013962634015954637,-0.019722220547535925,4.249702195680993,0.225,0.47500000000000003,0.01,-0.09793966,-0.007931264,0.14822254
0 days 00:00:09.730000,0.0010613488694560112,1.7618760000000002,-2.417184,16.241436000000004,0.4947582370560547,0.4947582370560547,0.4947582370560547,0.4947582370560547,0.17941984710501704,-0.03630284844148206,0.01815142422074103,3.0,7.99,48.89999999999999,1,1,100.0,4,-0.035,-0.075,-0.215,52.648052799999995,9.7453486,34.17,33.65,52.6480465,9.7453503,0.015707963267948967,-0.01937315469713706,4.249876728606193,0.21,0.42,0.08,-0.07915089,-0.031642064,0.21403018
0 days 00:00:09.740000,0.0010613488694560112,-1.0987200000000001,2.044404,4.728420000000001,0.4813863928112965,0.4813863928112965,0.4813863928112965,0.4813863928112965,0.14835298641951802,-0.1492256510455152,0.023387411976724018,2.0,7.99,48.599999999999994,1,1,100.0,4,-0.015,-0.085,-0.165,52.648052799999995,9.7453486,34.17,33.65,52.6480465,9.7453503,0.01710422666954443,-0.01780235837034216,4.2502257944565915,0.21,0.42,0.08,-0.08792377,-0.012202072,0.16369338
0 days 00:00:09.750000,0.0010613488694560112,4.76766,4.045644,1.004544,0.4613286264441592,0.4613286264441592,0.4613286264441592,0.4613286264441592,0.026354471705114374,-0.11501719770642631,0.008377580409572781,2.0,7.99,48.3,1,1,100.0,4,0.025,-0.035,-0.075,52.648052799999995,9.7453486,34.17,33.65,52.6480465,9.7453503,0.017453292519943295,-0.016755160819145562,4.2502257944565915,0.21,0.42,0.08,-0.036251664,0.026294706,0.07395543
0 days 00:00:09.760000,0.0010613488694560112,6.152832,-0.349236,12.352752000000002,0.44127086007702176,0.44127086007702176,0.44127086007702176,0.44127086007702176,0.015009831567151233,0.05672320068981571,-0.00034906585039886593,1.0,7.99,48.0,1,1,100.0,4,0.02,0.025,-0.1,52.648052799999995,9.7453486,34.17,33.65,52.6480465,9.7453503,0.017627825445142728,-0.017278759594743863,4.2502257944565915,0.21,0.42,0.08,0.02326848,0.021766935,0.10004888
0 days 00:00:09.770000,0.0010613488694560112,-2.4721200000000003,-0.482652,9.707976,0.4345849379546427,0.4345849379546427,0.4345849379546427,0.4345849379546427,0.00645771823237902,-0.08883725892651137,0.0031415926535897933,0.0,7.99,47.7,1,1,100.0,4,0.015,0.005,-0.1,52.648052799999995,9.7453486,34.17,33.65,52.6480465,9.7453503,0.017627825445142728,-0.0164060949687467,4.2502257944565915,0.21,0.42,0.08,0.0033587911,0.01676157,0.09978861
0 days 00:00:09.780000,0.0010613488694560112,1.4715,0.28645200000000004,7.710660000000001,0.4212130937098844,0.4212130937098844,0.4212130937098844,0.4212130937098844,0.0008726646259971648,-0.14224433403753786,0.005235987755982988,0.0,7.99,47.55,1,1,100.0,4,0.015,0.02,-0.08,52.648052799999995,9.7453486,34.17,33.65,52.6480465,9.7453503,0.017627825445142728,-0.015009831567151233,4.2502257944565915,0.11,0.26,0.04,0.018797005,0.016412955,0.08001429
0 days 00:00:09.790000,0.0010613488694560112,5.313096000000001,0.48657600000000006,10.626192000000001,0.4145271715875053,0.4145271715875053,0.4145271715875053,0.4145271715875053,-0.0015707963267948967,0.007679448708775049,0.0005235987755982988,0.0,7.99,47.39999999999999,1,1,100.0,4,0.015,0.075,-0.085,52.648052799999995,9.7453486,34.17,33.65,52.6480465,9.7453503,0.017627825445142728,-0.015009831567151233,4.2502257944565915,0.11,0.26,0.04,0.07371577,0.01651563,0.08583833
0 days 00:00:09.800000,0.0010613488694560112,-1.0555560000000002,0.1962,9.806076000000001,0.40115532734274706,0.40115532734274706,0.40115532734274706,0.40115532734274706,-0.0022689280275926286,-0.04625122517784973,0.0019198621771937623,0.0,7.99,47.24999999999999,1,1,100.0,4,0.02,0.065,-0.085,52.648052799999995,9.7453486,34.17,33.65,52.6480465,9.7453503,0.017627825445142728,-0.014486232791552936,4.2502257944565915,0.11,0.26,0.04,0.06376189,0.02151162,0.08556677
0 days 00:00:09.810000,0.0010613488694560112,-0.28645200000000004,0.08240400000000002,8.118756000000001,0.38109756097560976,0.38109756097560976,0.38109756097560976,0.38109756097560976,-0.003316125578789226,-0.11676252695842064,0.004537856055185257,0.0,7.99,47.099999999999994,1,1,100.0,4,0.015,0.065,-0.07,52.648052799999995,9.7453486,34.17,33.65,52.6480465,9.7453503,0.017627825445142728,-0.013439035240356337,4.2502257944565915,0.11,0.26,0.04,0.06405342,0.016246838,0.07059177
0 days 00:00:09.820000,0.0010613488694560112,3.535524,0.21582000000000004,9.774684,0.3677257167308515,0.3677257167308515,0.3677257167308515,0.3677257167308515,-0.00471238898038469,-0.016755160819145562,0.0006981317007977319,0.0,7.99,47.099999999999994,1,1,100.0,4,0.015,0.1,-0.07,52.648052799999995,9.7453486,34.17,33.65,52.6480465,9.7453503,0.017627825445142728,-0.013264502315156905,4.2502257944565915,0.11,0.26,0.04,0.09906271,0.016254826,0.071044765
0 days 00:00:09.830000,0.0010613488694560112,-0.45126,0.459108,8.993808000000001,0.36103979460847235,0.36103979460847235,0.36103979460847235,0.36103979460847235,-0.013439035240356337,-0.022689280275926284,-0.0005235987755982988,0.0,7.99,47.099999999999994,1,1,100.0,4,0.02,0.095,-0.06,52.6480527,9.7453486,34.160000000000004,33.64,52.6480465,9.7453503,0.017453292519943295,-0.012915436464758038,4.2502257944565915,0.015,0.06,0.055,0.094217174,0.021065423,0.060863554
0 days 00:00:09.840000,0.0010613488694560112,-1.3223880000000001,1.13796,5.725116000000001,0.3476679503637142,0.3476679503637142,0.3476679503637142,0.3476679503637142,-0.049567350756638956,-0.10157816246606997,-0.0027925268031909274,0.0,7.99,47.099999999999994,1,1,100.0,4,0.03,0.085,-0.02,52.6480527,9.7453486,34.160000000000004,33.65,52.6480465,9.7453503,0.016929693744344994,-0.012042771838760876,4.2502257944565915,0.015,0.06,0.055,0.084752984,0.030351581,0.02051128
0 days 00:00:09.850000,0.0009434212172942321,2.542752,0.5375880000000001,8.570016,0.3476679503637142,0.3476679503637142,0.3476679503637142,0.3476679503637142,-0.06440264939859076,-0.014311699866353502,-0.007330382858376183,0.0,7.99,47.099999999999994,1,1,100.0,4,0.035,0.11,-0.01,52.6480527,9.7453486,34.160000000000004,33.65,52.6480465,9.7453503,0.0164060949687467,-0.011868238913561441,4.2502257944565915,0.015,0.06,0.055,0.10987357,0.03518075,0.010729061
0 days 00:00:09.860000,0.0009434212172942321,-0.4316400000000001,0.349236,9.135072000000001,0.34098202824133506,0.34098202824133506,0.34098202824133506,0.34098202824133506,-0.07749261878854824,0.006108652381980153,-0.009075712110370514,0.0,7.99,47.099999999999994,1,1,100.0,4,0.035,0.105,-0.0,52.6480527,9.7453486,34.160000000000004,33.65,52.6480465,9.7453503,0.015533430342749533,-0.011868238913561441,4.250051261531391,0.015,0.06,0.055,0.1049926,0.035015132,0.0007023373
0 days 00:00:09.870000,0.0009434212172942321,-2.4642720000000007,-0.8161920000000001,10.288728,0.3276101839965768,0.3276101839965768,0.3276101839965768,0.3276101839965768,-0.048869219055841226,-0.05270894341022875,-0.0027925268031909274,0.0,7.99,47.099999999999994,1,1,100.0,4,0.025,0.085,-0.005,52.6480527,9.7453486,34.160000000000004,33.65,52.6480465,9.7453503,0.015009831567151233,-0.011344640137963142,4.250051261531391,0.015,0.06,0.055,0.08493781,0.025086699,0.005588048
0 days 00:00:09.880000,0.0009434212172942321,-0.317844,-0.42379200000000006,9.519624,0.32092426187419765,0.32092426187419765,0.32092426187419765,0.32092426187419765,-0.024085543677521748,-0.04450589592585541,-0.0006981317007977319,0.0,7.99,47.099999999999994,1,1,100.0,4,0.02,0.08,-0.005,52.6480526,9.745348199999999,34.21,33.64,52.6480465,9.7453503,0.014835298641951801,-0.010995574287564275,4.250051261531391,-0.04,-0.095,0.035,0.079940185,0.020085016,0.005581984
0 days 00:00:09.890000,0.0009434212172942321,0.33354000000000006,0.722016,7.946100000000001,0.30755241762943947,0.30755241762943947,0.30755241762943947,0.30755241762943947,-0.03822271061867582,-0.00034906585039886593,-0.00471238898038469,0.0,7.99,47.099999999999994,1,1,100.0,4,0.03,0.085,0.015,52.6480526,9.745348199999999,34.21,33.64,52.6480465,9.7453503,0.014486232791552936,-0.010995574287564275,4.249876728606193,-0.04,-0.095,0.035,0.08515979,0.029793119,-0.014497585
0 days 00:00:09.900000,0.0009434212172942321,-1.3930200000000001,0.7769520000000001,7.333956000000001,0.30755241762943947,0.30755241762943947,0.30755241762943947,0.30755241762943947,-0.0619591884457987,-0.010821041362364843,-0.008028514559173916,0.0,7.99,47.099999999999994,1,1,100.0,4,0.035,0.07,0.04,52.6480526,9.745348199999999,34.21,33.64,52.6480465,9.7453503,0.013788101090755204,-0.010821041362364843,4.249876728606193,-0.04,-0.095,0.035,0.07042874,0.034455642,-0.039719038
0 days 00:00:09.910000,0.0009434212172942321,-1.2007440000000003,0.545436,7.514460000000001,0.29418057338468123,0.29418057338468123,0.29418057338468123,0.29418057338468123,-0.0778416846389471,-0.019198621771937627,-0.010821041362364843,0.0,7.99,47.099999999999994,1,1,100.0,4,0.04,0.06,0.065,52.6480526,9.745348199999999,34.21,33.64,52.6480465,9.7453503,0.013089969389957472,-0.01064650843716541,4.249702195680993,-0.04,-0.095,0.035,0.060688607,0.03915416,-0.0648756
0 days 00:00:09.920000,0.0009434212172942321,-0.07848000000000001,-0.10202400000000002,9.680508000000001,0.2874946512623021,0.2874946512623021,0.2874946512623021,0.2874946512623021,-0.07347836150896127,0.0291469985083053,-0.012740903539558606,0.0,7.99,47.099999999999994,1,1,100.0,4,0.035,0.06,0.065,52.6480526,9.745348199999999,34.21,33.64,52.6480465,9.7453503,0.012391837689159739,-0.010821041362364843,4.249702195680993,-0.04,-0.095,0.035,0.06069984,0.034199957,-0.064775705
0 days 00:00:09.930000,0.0009434212172942321,-1.8011160000000002,-1.722636,12.968820000000001,0.2874946512623021,0.2874946512623021,0.2874946512623021,0.2874946512623021,-0.02775073510670984,0.03804817769347638,-0.007155849933176751,0.0,7.99,47.099999999999994,1,1,100.0,4,0.02,0.045,0.035,52.6480526,9.745348199999999,34.21,33.63,52.6480465,9.7453503,0.012042771838760876,-0.011344640137963142,4.249527662755794,-0.06,-0.145,-0.005,0.045394156,0.019583238,-0.034725595
0 days 00:00:09.940000,0.0009434212172942321,-3.437424,-0.047088000000000005,8.491536,0.2741228070175439,0.2741228070175439,0.2741228070175439,0.2741228070175439,-0.0041887902047863905,-0.04450589592585541,-0.002617993877991494,0.0,7.99,47.099999999999994,1,1,100.0,4,0.015,0.01,0.045,52.6480526,9.745348199999999,34.21,33.63,52.6480465,9.7453503,0.012042771838760876,-0.010821041362364843,4.249527662755794,-0.06,-0.145,-0.005,0.010486352,0.014458335,-0.04506654
0 days 00:00:09.950000,0.0009434212172942321,0.992772,0.231516,8.911404000000001,0.2741228070175439,0.2741228070175439,0.2741228070175439,0.2741228070175439,-0.0006981317007977319,0.021118483949131385,-0.0031415926535897933,0.0,7.99,47.099999999999994,1,1,100.0,4,0.02,0.02,0.055,52.6480526,9.745348199999999,34.21,33.63,52.6480465,9.7453503,0.012042771838760876,-0.010995574287564275,4.249527662755794,-0.06,-0.145,-0.005,0.020603536,0.0193389,-0.055013645
0 days 00:00:09.960000,0.0009434212172942321,-0.6827760000000002,-0.019620000000000002,10.265184,0.2741228070175439,0.2741228070175439,0.2741228070175439,0.2741228070175439,0.0012217304763960308,0.05585053606381855,-0.004363323129985824,0.0,7.99,47.24999999999999,1,1,100.0,4,0.015,0.015,0.05,52.6480526,9.745348199999999,34.21,33.63,52.6480465,9.7453503,0.012042771838760876,-0.011693705988362009,4.249527662755794,-0.06,-0.145,-0.005,0.0155836465,0.014398941,-0.049998205
0 days 00:00:09.970000,0.0009434212172942321,-2.7036360000000004,-0.011772000000000001,8.640648,0.26743688489516476,0.26743688489516476,0.26743688489516476,0.26743688489516476,0.0015707963267948967,-0.015707963267948967,-0.0013962634015954637,0.0,7.99,47.39999999999999,1,1,100.0,4,0.015,-0.01,0.06,52.6480526,9.745348199999999,34.21,33.63,52.6480465,9.7453503,0.012042771838760876,-0.011519173063162575,4.2493531298305935,-0.06,-0.145,-0.005,-0.009308201,0.014275024,-0.060287483
0 days 00:00:09.980000,0.000825493565132453,0.635688,0.180504,9.288108000000001,0.2540650406504065,0.2540650406504065,0.2540650406504065,0.2540650406504065,0.0019198621771937623,0.026703537555513242,-0.0015707963267948967,0.0,7.99,47.39999999999999,1,1,100.0,4,0.015,0.0,0.065,52.6480526,9.745348199999999,34.2,33.63,52.6480465,9.7453504,0.012042771838760876,-0.011693705988362009,4.2493531298305935,-0.05,-0.12,-0.09,0.00076007354,0.014216204,-0.06517147
0 days 00:00:09.990000,0.000825493565132453,-0.5258160000000001,0.133416,10.22202,0.2540650406504065,0.2540650406504065,0.2540650406504065,0.2540650406504065,0.002967059728390361,0.054105206811824215,-0.0017453292519943296,0.0,7.99,47.39999999999999,1,1,100.0,4,0.015,-0.005,0.065,52.6480526,9.745348199999999,34.2,33.63,52.6480465,9.7453504,0.012042771838760876,-0.012217304763960308,4.2493531298305935,-0.05,-0.12,-0.09,-0.0042055217,0.014215473,-0.06523215
0 days 00:00:10,0.000825493565132453,-2.087568,0.062784,9.048744000000001,0.24737911852802735,0.24737911852802735,0.24737911852802735,0.24737911852802735,0.0027925268031909274,-0.0006981317007977319,0.0012217304763960308,0.0,7.99,47.39999999999999,1,1,100.0,4,0.015,-0.025,0.07,52.6480526,9.745348199999999,34.2,33.63,52.6480465,9.7453504,0.012042771838760876,-0.012217304763960308,4.2493531298305935,-0.05,-0.12,-0.09,-0.024142943,0.014152322,-0.07047574
0 days 00:00:10.010000,0.000825493565132453,0.48657600000000006,0.10987200000000001,9.531396,0.24737911852802735,0.24737911852802735,0.24737911852802735,0.24737911852802735,0.0010471975511965976,0.02617993877991494,0.0017453292519943296,0.0,7.99,47.39999999999999,1,1,100.0,4,0.015,-0.02,0.075,52.6480526,9.745348199999999,34.2,33.63,52.6480465,9.7453504,0.012042771838760876,-0.012566370614359171,4.2493531298305935,-0.05,-0.12,-0.09,-0.019055966,0.01409277,-0.07542058
0 days 00:00:10.020000,0.000825493565132453,0.023544000000000002,0.0981,10.316196000000001,0.23400727428326917,0.23400727428326917,0.23400727428326917,0.23400727428326917,0.0008726646259971648,0.052185344634630454,0.0010471975511965976,0.0,7.99,47.39999999999999,1,1,100.0,4,0.015,-0.02,0.07,52.6480526,9.745348199999999,34.2,33.62,52.6480466,9.7453504,0.012042771838760876,-0.013089969389957472,4.249527662755794,-0.05,-0.12,-0.09,-0.019082014,0.014152858,-0.07043134
0 days 00:00:10.030000,0.0007075659129706742,-1.3537800000000002,0.074556,9.617724,0.23400727428326917,0.23400727428326917,0.23400727428326917,0.23400727428326917,0.0,0.018675022996339326,0.003490658503988659,0.0,7.99,47.39999999999999,1,1,100.0,4,0.015,-0.03,0.07,52.6480526,9.745348199999999,34.21,33.62,52.6480466,9.7453504,0.012042771838760876,-0.013264502315156905,4.249527662755794,-0.01,-0.04,-0.1,-0.029068872,0.01415122,-0.070567295
0 days 00:00:10.040000,0.0005896382608088951,0.15696000000000002,0.05101200000000001,9.853164,0.22732135216089003,0.22732135216089003,0.22732135216089003,0.22732135216089003,-0.0005235987755982988,0.024783675378319478,0.004014257279586958,0.0,7.99,47.39999999999999,1,1,100.0,4,0.015,-0.03,0.07,52.6480526,9.745348199999999,34.21,33.62,52.6480466,9.7453504,0.012042771838760876,-0.013439035240356337,4.249527662755794,-0.01,-0.04,-0.1,-0.029056586,0.01415116,-0.07057237
0 days 00:00:10.050000,0.0005896382608088951,0.5493600000000001,0.074556,10.437840000000001,0.22732135216089003,0.22732135216089003,0.22732135216089003,0.22732135216089003,-0.0008726646259971648,0.04590215932745086,0.002967059728390361,0.0,7.99,47.39999999999999,1,1,100.0,4,0.015,-0.02,0.065,52.6480526,9.745348199999999,34.21,33.62,52.6480466,9.7453504,0.012042771838760876,-0.013962634015954637,4.249527662755794,-0.01,-0.04,-0.1,-0.019090509,0.0142128635,-0.065448806
0 days 00:00:10.060000,0.0005896382608088951,-0.223668,0.08632800000000002,10.151388,0.22732135216089003,0.22732135216089003,0.22732135216089003,0.22732135216089003,-0.0013962634015954637,0.030368728984701335,0.0031415926535897933,0.0,7.99,47.39999999999999,1,1,100.0,4,0.015,-0.02,0.06,52.6480526,9.745348199999999,34.21,33.62,52.6480466,9.7453504,0.012042771838760876,-0.014311699866353503,4.249527662755794,-0.01,-0.04,-0.1,-0.019139279,0.014272991,-0.060456343
0 days 00:00:10.070000,0.0004717106086471161,0.40417200000000003,0.13734000000000002,10.092528000000001,0.2139495079161318,0.2139495079161318,0.2139495079161318,0.2139495079161318,-0.0012217304763960308,0.0291469985083053,0.003316125578789226,0.0,7.99,47.39999999999999,1,1,100.0,4,0.015,-0.015,0.055,52.6480526,9.745348199999999,34.21,33.62,52.6480466,9.7453504,0.012042771838760876,-0.014486232791552936,4.249702195680993,-0.01,-0.04,-0.1,-0.014201711,0.014334028,-0.05538815
0 days 00:00:10.080000,0.0004717106086471161,0.678852,0.145188,10.414296000000002,0.2139495079161318,0.2139495079161318,0.2139495079161318,0.2139495079161318,-0.0010471975511965976,0.042411500823462206,0.0031415926535897933,0.0,7.99,47.39999999999999,1,1,100.0,4,0.015,-0.01,0.05,52.6480525,9.745348199999999,34.24,33.61,52.6480466,9.7453504,0.012042771838760876,-0.015009831567151233,4.249702195680993,0.01,0.01,-0.085,-0.009248409,0.014395048,-0.05032146
0 days 00:00:10.090000,0.0003537829564853371,0.12164400000000002,0.10987200000000001,10.276956000000002,0.20726358579375265,0.20726358579375265,0.20726358579375265,0.20726358579375265,-0.0008726646259971648,0.030019663134302467,0.0031415926535897933,0.0,7.99,47.39999999999999,1,1,100.0,4,0.015,-0.005,0.045,52.6480525,9.745348199999999,34.24,33.61,52.6480466,9.7453504,0.012042771838760876,-0.015184364492350668,4.249702195680993,0.01,0.01,-0.085,-0.0043161535,0.014456148,-0.045248102
0 days 00:00:10.100000,0.0003537829564853371,0.635688,0.16088400000000003,10.237716,0.20726358579375265,0.20726358579375265,0.20726358579375265,0.20726358579375265,0.0005235987755982988,0.02600540585471551,0.0031415926535897933,0.0,7.99,47.39999999999999,1,1,100.0,4,0.015,0.005,0.04,52.6480525,9.745348199999999,34.24,33.61,52.6480466,9.7453504,0.012042771838760876,-0.015533430342749533,4.249702195680993,0.01,0.01,-0.085,0.005620709,0.014518206,-0.04009525
0 days 00:00:10.110000,0.00023585530432355804,0.926064,0.16480800000000004,10.602648,0.20726358579375265,0.20726358579375265,0.20726358579375265,0.20726358579375265,0.0036651914291880917,0.03961897402027128,0.0031415926535897933,0.0,7.99,47.39999999999999,1,1,100.0,4,0.015,0.015,0.035,52.6480525,9.745348199999999,34.24,33.61,52.6480466,9.7453504,0.012042771838760876,-0.0158824961931484,4.249702195680993,0.01,0.01,-0.085,0.015553972,0.014580347,-0.034935474
0 days 00:00:10.120000,0.00023585530432355804,0.3296160000000001,0.16480800000000004,10.367208,0.20726358579375265,0.20726358579375265,0.20726358579375265,0.20726358579375265,0.003490658503988659,0.030543261909900768,0.002617993877991494,0.0,7.99,47.39999999999999,1,1,100.0,4,0.015,0.02,0.03,52.6480525,9.745348199999999,34.24,33.61,52.6480466,9.7453504,0.012217304763960308,-0.016231562043547264,4.249702195680993,0.01,0.01,-0.085,0.020484291,0.014636384,-0.02985247
0 days 00:00:10.130000,0.00011792765216177902,0.47480400000000006,0.0981,10.414296000000002,0.20726358579375265,0.20726358579375265,0.20726358579375265,0.20726358579375265,0.005061454830783556,0.024609142453120045,0.0022689280275926286,0.0,7.99,47.39999999999999,1,1,100.0,4,0.015,0.025,0.025,52.6480525,9.745348199999999,34.24,33.61,52.6480466,9.7453504,0.012217304763960308,-0.0164060949687467,4.249876728606193,0.0,0.005,-0.055,0.02540677,0.014698507,-0.024767922
0 days 00:00:10.140000,0.00011792765216177902,0.722016,0.21189600000000003,10.429992000000002,0.20726358579375265,0.20726358579375265,0.20726358579375265,0.20726358579375265,0.003490658503988659,0.0291469985083053,0.0012217304763960308,0.0,7.99,47.39999999999999,1,1,100.0,4,0.015,0.035,0.015,52.6480525,9.745348199999999,34.24,33.61,52.6480466,9.7453504,0.012217304763960308,-0.016755160819145562,4.249876728606193,0.0,0.005,-0.055,0.035246402,0.014822815,-0.01459367
0 days 00:00:10.150000,0.00011792765216177902,0.31392000000000003,0.129492,10.602648,0.19389174154899444,0.19389174154899444,0.19389174154899444,0.19389174154899444,0.004537856055185257,0.02583087292951608,0.0006981317007977319,0.0,7.99,47.39999999999999,1,1,100.0,4,0.015,0.04,0.01,52.6480525,9.745348199999999,34.24,33.61,52.6480466,9.7453504,0.012217304763960308,-0.016929693744344994,4.249876728606193,0.0,0.005,-0.055,0.040163554,0.014885001,-0.009503971
0 days 00:00:10.160000,0.0,0.17658000000000004,0.05886,10.386828,0.19389174154899444,0.19389174154899444,0.19389174154899444,0.19389174154899444,0.004363323129985824,0.016231562043547268,0.0005235987755982988,0.0,7.99,47.39999999999999,1,1,100.0,4,0.015,0.045,0.005,52.6480525,9.745348199999999,34.24,33.61,52.6480466,9.7453504,0.012391837689159739,-0.01710422666954443,4.249876728606193,0.0,0.005,-0.055,0.045078937,0.0149464365,-0.004415164
0 days 00:00:10.170000,0.0,0.459108,0.07063200000000001,10.406448000000001,0.19389174154899444,0.19389174154899444,0.19389174154899444,0.19389174154899444,0.003490658503988659,0.018675022996339326,-0.0006981317007977319,0.0,7.99,47.39999999999999,1,1,100.0,4,0.015,0.05,-0.0,52.6480525,9.745348199999999,34.24,33.61,52.6480466,9.7453504,0.012391837689159739,-0.017278759594743863,4.249876728606193,0.0,0.005,-0.055,0.04999254,0.015009553,0.00067795586
0 days 00:00:10.180000,0.0,0.153036,0.11379600000000001,10.35936,0.18051989730423618,0.18051989730423618,0.18051989730423618,0.18051989730423618,0.003316125578789226,0.015533430342749534,-0.0013962634015954637,0.0,7.99,47.24999999999999,1,1,100.0,4,0.015,0.055,-0.01,52.6480525,9.745348199999999,34.25,33.6,52.648046699999995,9.7453504,0.012391837689159739,-0.017453292519943295,4.249876728606193,-0.005,-0.015,0.03,0.054817103,0.015134639,0.010771645
0 days 00:00:10.190000,0.0,0.011772000000000001,0.08632800000000002,10.225944,0.18051989730423618,0.18051989730423618,0.18051989730423618,0.18051989730423618,0.0024434609527920616,0.010297442586766544,-0.0015707963267948967,10.0,13.09,47.099999999999994,1,1,100.0,4,0.015,0.055,-0.01,52.6480525,9.745348199999999,34.25,33.6,52.648046699999995,9.7453504,0.012391837689159739,-0.017627825445142728,4.249876728606193,-0.005,-0.015,0.03,0.054815184,0.015134757,0.010781211
0 days 00:00:10.200000,0.0,0.039240000000000004,0.066708,10.24164,0.18051989730423618,0.18051989730423618,0.18051989730423618,0.18051989730423618,0.0017453292519943296,0.012217304763960306,-0.0020943951023931952,10.0,13.09,47.099999999999994,1,1,100.0,4,0.015,0.055,-0.015,52.6480525,9.745348199999999,34.25,33.6,52.6480466,9.7453504,0.012391837689159739,-0.01780235837034216,4.249702195680993,-0.005,-0.015,0.03,0.054724265,0.0151968235,0.015789602
0 days 00:00:10.210000,0.0,-0.29430000000000006,0.074556,10.112148,0.18051989730423618,0.18051989730423618,0.18051989730423618,0.18051989730423618,0.0010471975511965976,0.008377580409572781,-0.0019198621771937623,10.0,13.09,47.099999999999994,1,1,100.0,4,0.01,0.055,-0.02,52.6480525,9.745348199999999,34.25,33.6,52.6480466,9.7453504,0.012391837689159739,-0.01780235837034216,4.249702195680993,-0.005,-0.015,0.03,0.054635257,0.010259156,0.020850383
0 days 00:00:10.220000,0.0,-0.380628,0.11772,9.959112000000001,0.1738339751818571,0.1738339751818571,0.1738339751818571,0.1738339751818571,-0.00034906585039886593,0.004363323129985824,-0.0020943951023931952,10.0,13.09,47.099999999999994,1,1,100.0,4,0.01,0.055,-0.02,52.6480525,9.745348199999999,34.25,33.6,52.6480466,9.7453504,0.012391837689159739,-0.01780235837034216,4.249702195680993,-0.005,-0.015,0.03,0.054635257,0.010259156,0.020850383
0 days 00:00:10.230000,0.0,-0.37670400000000004,0.0981,10.057212000000002,0.1738339751818571,0.1738339751818571,0.1738339751818571,0.1738339751818571,-0.0013962634015954637,0.007679448708775049,-0.0019198621771937623,0.0,13.09,47.099999999999994,1,1,100.0,4,0.01,0.05,-0.025,52.648052899999996,9.745349,34.230000000000004,33.6,52.648046699999995,9.7453504,0.012391837689159739,-0.017976891295541596,4.249702195680993,-0.03,-0.04,-0.01,0.049542524,0.010320107,0.025768854
0 days 00:00:10.240000,0.0,-0.7063200000000002,0.074556,9.990504,0.1738339751818571,0.1738339751818571,0.1738339751818571,0.1738339751818571,-0.0020943951023931952,0.0022689280275926286,-0.0017453292519943296,0.0,13.09,47.099999999999994,1,1,100.0,4,0.01,0.045,-0.025,52.648052899999996,9.745349,34.230000000000004,33.6,52.648046699999995,9.7453504,0.012391837689159739,-0.017976891295541596,4.249702195680993,-0.03,-0.04,-0.01,0.044543333,0.0103189945,0.025678981
0 days 00:00:10.250000,0.0,-0.6867000000000001,0.10987200000000001,9.758988,0.16046213093709882,0.16046213093709882,0.16046213093709882,0.16046213093709882,-0.002617993877991494,-0.003316125578789226,-0.0012217304763960308,0.0,13.09,47.099999999999994,1,1,100.0,4,0.01,0.04,-0.025,52.648052899999996,9.745349,34.230000000000004,33.6,52.648046699999995,9.7453504,0.012391837689159739,-0.017976891295541596,4.249702195680993,-0.03,-0.04,-0.01,0.03954414,0.010317881,0.025589108
0 days 00:00:10.260000,0.0,-0.506196,0.11772,9.806076000000001,0.16046213093709882,0.16046213093709882,0.16046213093709882,0.16046213093709882,-0.002617993877991494,0.0006981317007977319,-0.0008726646259971648,0.0,13.09,47.099999999999994,1,1,100.0,4,0.01,0.04,-0.025,52.648052899999996,9.745349,34.230000000000004,33.6,52.648046699999995,9.7453504,0.012391837689159739,-0.017976891295541596,4.249702195680993,-0.03,-0.04,-0.01,0.03954414,0.010317881,0.025589108
0 days 00:00:10.270000,0.0,-0.694548,0.10987200000000001,9.794304,0.16046213093709882,0.16046213093709882,0.16046213093709882,0.16046213093709882,-0.0020943951023931952,0.0005235987755982988,-0.0005235987755982988,0.0,13.09,47.099999999999994,1,1,100.0,4,0.01,0.035,-0.025,52.648052899999996,9.745349,34.230000000000004,33.6,52.648046699999995,9.7453504,0.012391837689159739,-0.017976891295541596,4.249702195680993,-0.03,-0.04,-0.01,0.03454495,0.010316767,0.025499236
0 days 00:00:10.280000,0.0,-0.8397360000000001,0.10594800000000001,9.617724,0.16046213093709882,0.16046213093709882,0.16046213093709882,0.16046213093709882,-0.0010471975511965976,-0.0038397243543875246,0.0,0.0,13.09,47.099999999999994,1,1,100.0,4,0.01,0.025,-0.025,52.648052899999996,9.745349,34.25,33.6,52.648046699999995,9.7453504,0.012391837689159739,-0.017976891295541596,4.249702195680993,-0.02,-0.035,0.035,0.024546562,0.010314539,0.02531949
0 days 00:00:10.290000,0.0,-0.714168,0.129492,9.558864000000002,0.16046213093709882,0.16046213093709882,0.16046213093709882,0.16046213093709882,-0.0006981317007977319,-0.004014257279586958,0.0,-1.0,13.09,47.099999999999994,1,1,100.0,4,0.01,0.02,-0.02,52.648052899999996,9.745349,34.25,33.6,52.648046699999995,9.7453504,0.012391837689159739,-0.01780235837034216,4.249702195680993,-0.02,-0.035,0.035,0.019640803,0.010251435,0.020227382
0 days 00:00:10.300000,0.0,-0.737712,0.10202400000000002,9.629496000000001,0.15377620881471973,0.15377620881471973,0.15377620881471973,0.15377620881471973,0.00034906585039886593,-0.0022689280275926286,0.0005235987755982988,10.0,13.09,47.099999999999994,1,1,100.0,4,0.01,0.015,-0.02,52.648052899999996,9.745349,34.25,33.6,52.648046699999995,9.7453504,0.012391837689159739,-0.01780235837034216,4.249702195680993,-0.02,-0.035,0.035,0.014641594,0.010250332,0.020138381
0 days 00:00:10.310000,0.0,-0.8397360000000001,0.09417600000000001,9.613800000000001,0.15377620881471973,0.15377620881471973,0.15377620881471973,0.15377620881471973,0.0008726646259971648,-0.00471238898038469,0.0010471975511965976,10.0,13.09,47.099999999999994,1,1,100.0,4,0.01,0.01,-0.015,52.648052899999996,9.745349,34.25,33.6,52.648046699999995,9.745350499999999,0.012391837689159739,-0.01780235837034216,4.249702195680993,-0.02,-0.035,0.035,0.009731394,0.010187281,0.0150505565
0 days 00:00:10.320000,0.0,-0.761256,0.0981,9.558864000000002,0.15377620881471973,0.15377620881471973,0.15377620881471973,0.15377620881471973,0.0012217304763960308,-0.006806784082777885,0.0012217304763960308,10.0,13.09,47.099999999999994,1,1,100.0,4,0.01,0.0,-0.015,52.648052899999996,9.745349,34.25,33.6,52.648046699999995,9.745350499999999,0.012391837689159739,-0.01780235837034216,4.249702195680993,-0.02,-0.035,0.035,-0.00026702124,0.010185076,0.014872557
0 days 00:00:10.330000,0.0,-0.64746,0.10594800000000001,9.590256,0.15377620881471973,0.15377620881471973,0.15377620881471973,0.15377620881471973,0.0017453292519943296,-0.005759586531581288,0.0015707963267948967,10.0,13.09,47.099999999999994,1,1,100.0,4,0.01,-0.005,-0.01,52.648052899999996,9.745349,34.25,33.6,52.648046699999995,9.745350499999999,0.012391837689159739,-0.017627825445142728,4.249702195680993,-0.005,-0.04,-0.015,-0.0051754923,0.010122036,0.009785635
0 days 00:00:10.340000,0.0,-0.655308,0.10594800000000001,9.613800000000001,0.1404043645699615,0.1404043645699615,0.1404043645699615,0.1404043645699615,0.0024434609527920616,-0.006981317007977318,0.0015707963267948967,10.0,13.09,47.099999999999994,1,1,100.0,4,0.01,-0.01,-0.01,52.648052899999996,9.745349,34.25,33.6,52.648046699999995,9.745350499999999,0.012391837689159739,-0.017627825445142728,4.249702195680993,-0.005,-0.04,-0.015,-0.010174716,0.010120943,0.009697507
0 days 00:00:10.350000,0.0,-0.592524,0.10594800000000001,9.598104000000001,0.1404043645699615,0.1404043645699615,0.1404043645699615,0.1404043645699615,0.0031415926535897933,-0.008552113334772213,0.0015707963267948967,10.0,13.09,47.099999999999994,1,1,100.0,4,0.01,-0.01,-0.005,52.648052899999996,9.745349,34.25,33.6,52.648046699999995,9.745350499999999,0.012391837689159739,-0.017453292519943295,4.249702195680993,-0.005,-0.04,-0.015,-0.010085739,0.010059018,0.004700429
0 days 00:00:10.360000,0.0,-0.502272,0.09417600000000001,9.656964,0.1404043645699615,0.1404043645699615,0.1404043645699615,0.1404043645699615,0.003316125578789226,-0.007504915783575617,0.0020943951023931952,10.0,13.09,47.099999999999994,1,1,100.0,4,0.01,-0.015,-0.005,52.648052899999996,9.745349,34.25,33.6,52.648046699999995,9.745350499999999,0.012566370614359171,-0.017453292519943295,4.249702195680993,-0.005,-0.04,-0.015,-0.015084977,0.010058741,0.0046114177
0 days 00:00:10.370000,0.0,-0.48657600000000006,0.145188,9.609876,0.1404043645699615,0.1404043645699615,0.1404043645699615,0.1404043645699615,0.003316125578789226,-0.00890117918517108,0.0019198621771937623,10.0,13.09,47.099999999999994,1,1,100.0,4,0.01,-0.02,-0.005,52.648052899999996,9.745349,34.25,33.6,52.648046699999995,9.745350499999999,0.012566370614359171,-0.017278759594743863,4.249702195680993,-0.005,-0.04,-0.015,-0.020083403,0.010057688,0.0045276675
0 days 00:00:10.380000,0.0,-0.384552,0.13734000000000002,9.660888,0.1404043645699615,0.1404043645699615,0.1404043645699615,0.1404043645699615,0.003490658503988659,-0.008203047484373348,0.0022689280275926286,10.0,13.09,47.099999999999994,1,1,100.0,4,0.01,-0.02,-0.0,52.648052899999996,9.745349,34.25,33.59,52.648046699999995,9.745350499999999,0.012566370614359171,-0.017278759594743863,4.249702195680993,0.0,0.005,0.005,-0.019997014,0.009994867,-0.00047119104
0 days 00:00:10.390000,-0.00011792765216177902,-0.266832,0.145188,9.684432000000001,0.1404043645699615,0.1404043645699615,0.1404043645699615,0.1404043645699615,0.002967059728390361,-0.007504915783575617,0.0020943951023931952,10.0,13.09,47.099999999999994,1,1,100.0,4,0.01,-0.02,-0.0,52.648052899999996,9.745349,34.25,33.59,52.648046699999995,9.745350499999999,0.012566370614359171,-0.017278759594743863,4.249702195680993,0.0,0.005,0.005,-0.019997014,0.009994867,-0.00047119104
0 days 00:00:10.400000,-0.00011792765216177902,-0.17265600000000003,0.12164400000000002,9.786456000000001,0.13371844244758238,0.13371844244758238,0.13371844244758238,0.13371844244758238,0.0031415926535897933,-0.007504915783575617,0.0019198621771937623,10.0,13.09,47.099999999999994,1,1,100.0,4,0.01,-0.02,-0.0,52.648052899999996,9.745349,34.25,33.59,52.648046699999995,9.745350499999999,0.012566370614359171,-0.01710422666954443,4.249876728606193,0.0,0.005,0.005,-0.019997073,0.009994912,-0.00046770123
0 days 00:00:10.410000,-0.00011792765216177902,-0.066708,0.129492,9.786456000000001,0.13371844244758238,0.13371844244758238,0.13371844244758238,0.13371844244758238,0.0024434609527920616,-0.008028514559173916,0.0020943951023931952,10.0,13.09,47.099999999999994,1,1,100.0,4,0.01,-0.02,-0.0,52.648052899999996,9.745349,34.25,33.59,52.648046699999995,9.745350499999999,0.012740903539558606,-0.01710422666954443,4.249876728606193,0.0,0.005,0.005,-0.019997073,0.00999483,-0.0004694457
0 days 00:00:10.420000,-0.00011792765216177902,0.03531600000000001,0.149112,9.872784,0.13371844244758238,0.13371844244758238,0.13371844244758238,0.13371844244758238,0.0022689280275926286,-0.007330382858376183,0.0017453292519943296,10.0,13.09,47.099999999999994,1,1,100.0,4,0.01,-0.02,-0.0,52.648052899999996,9.745349,34.25,33.59,52.648046699999995,9.745350499999999,0.012740903539558606,-0.016929693744344994,4.249876728606193,0.0,0.005,0.005,-0.019997133,0.009994875,-0.0004659558
0 days 00:00:10.430000,-0.00011792765216177902,0.08240400000000002,0.12164400000000002,9.857088000000003,0.13371844244758238,0.13371844244758238,0.13371844244758238,0.13371844244758238,0.0019198621771937623,-0.009599310885968814,0.0019198621771937623,10.0,13.09,47.099999999999994,1,1,100.0,4,0.01,-0.015,-0.0,52.648052799999995,9.745349,34.24,33.59,52.648046799999996,9.745350499999999,0.012740903539558606,-0.016755160819145562,4.249876728606193,0.015,0.055,-0.005,-0.014997894,0.009995986,-0.00037870085
0 days 00:00:10.440000,-0.00011792765216177902,0.251136,0.145188,9.915948000000002,0.13371844244758238,0.13371844244758238,0.13371844244758238,0.13371844244758238,0.0017453292519943296,-0.008028514559173916,0.0015707963267948967,10.0,13.09,47.099999999999994,1,1,100.0,4,0.01,-0.015,-0.0,52.648052799999995,9.745349,34.24,33.59,52.648046799999996,9.745350499999999,0.012740903539558606,-0.016755160819145562,4.249876728606193,0.015,0.055,-0.005,-0.014997894,0.009995986,-0.00037870085
0 days 00:00:10.450000,-0.00011792765216177902,0.23544,0.145188,9.864936,0.13371844244758238,0.13371844244758238,0.13371844244758238,0.13371844244758238,0.0008726646259971648,-0.008726646259971648,0.0012217304763960308,10.0,13.09,47.099999999999994,1,1,100.0,4,0.01,-0.01,-0.005,52.648052799999995,9.745349,34.24,33.59,52.648046799999996,9.745350499999999,0.012740903539558606,-0.016755160819145562,4.249876728606193,0.015,0.055,-0.005,-0.010082368,0.010060747,0.004703956
0 days 00:00:10.460000,-0.00011792765216177902,0.302148,0.16088400000000003,9.86886,0.13371844244758238,0.13371844244758238,0.13371844244758238,0.13371844244758238,0.0,-0.008028514559173916,0.0006981317007977319,10.0,13.09,46.949999999999996,1,1,100.0,4,0.01,-0.005,-0.005,52.648052799999995,9.745349,34.24,33.59,52.648046799999996,9.745350499999999,0.012740903539558606,-0.016580627893946133,4.249876728606193,0.015,0.055,-0.005,-0.005082212,0.010061826,0.0047886088
0 days 00:00:10.470000,-0.00011792765216177902,0.28252800000000006,0.129492,9.923796000000001,0.13371844244758238,0.13371844244758238,0.13371844244758238,0.13371844244758238,-0.0006981317007977319,-0.005934119456780722,0.0005235987755982988,10.0,13.09,46.8,1,1,100.0,4,0.01,0.0,-0.005,52.648052799999995,9.745349,34.24,33.59,52.648046799999996,9.745350499999999,0.012740903539558606,-0.016580627893946133,4.249876728606193,0.015,0.055,-0.005,-8.2899336e-05,0.010062882,0.004871501
0 days 00:00:10.480000,-0.00011792765216177902,0.258984,0.145188,9.888480000000001,0.13371844244758238,0.13371844244758238,0.13371844244758238,0.13371844244758238,-0.0013962634015954637,-0.006981317007977318,-0.00017453292519943296,10.0,13.09,46.949999999999996,1,1,100.0,4,0.01,0.0,-0.005,52.6480531,9.7453494,34.14,33.59,52.648046799999996,9.7453506,0.012740903539558606,-0.0164060949687467,4.249876728606193,0.02,0.045,-0.025,-8.2026796e-05,0.010062882,0.0048715156
0 days 00:00:10.490000,-0.00011792765216177902,0.3296160000000001,0.133416,9.923796000000001,0.13371844244758238,0.13371844244758238,0.13371844244758238,0.13371844244758238,-0.0019198621771937623,-0.0054105206811824215,-0.0006981317007977319,10.0,13.09,47.099999999999994,1,1,100.0,4,0.01,0.005,-0.005,52.6480531,9.7453494,34.14,33.59,52.648046799999996,9.7453506,0.012740903539558606,-0.0164060949687467,4.249876728606193,0.02,0.045,-0.025,0.0049173003,0.010063927,0.0049535357
0 days 00:00:10.500000,-0.00011792765216177902,0.298224,0.12164400000000002,9.955188000000001,0.13371844244758238,0.13371844244758238,0.13371844244758238,0.13371844244758238,-0.0019198621771937623,-0.004886921905584123,-0.0010471975511965976,10.0,13.09,46.949999999999996,1,1,100.0,4,0.01,0.01,-0.005,52.6480531,9.7453494,34.14,33.59,52.648046799999996,9.7453506,0.012740903539558606,-0.0164060949687467,4.249876728606193,0.02,0.045,-0.025,0.009916627,0.010064973,0.005035556
0 days 00:00:10.510000,-0.00011792765216177902,0.28252800000000006,0.145188,9.912024,0.13371844244758238,0.13371844244758238,0.13371844244758238,0.13371844244758238,-0.0020943951023931952,-0.004886921905584123,-0.0012217304763960308,10.0,13.09,46.8,1,1,100.0,4,0.01,0.015,-0.005,52.6480531,9.7453494,34.14,33.59,52.648046799999996,9.7453506,0.012740903539558606,-0.016231562043547264,4.249876728606193,0.02,0.045,-0.025,0.014916869,0.010065984,0.0051149726
0 days 00:00:10.520000,-0.00011792765216177902,0.29430000000000006,0.125568,9.915948000000002,0.12034659820282413,0.12034659820282413,0.12034659820282413,0.12034659820282413,-0.0022689280275926286,-0.0036651914291880917,-0.0013962634015954637,10.0,13.09,46.8,1,1,100.0,4,0.01,0.02,-0.01,52.6480531,9.7453494,34.14,33.59,52.648046799999996,9.7453506,0.012740903539558606,-0.016231562043547264,4.249876728606193,0.02,0.045,-0.025,0.019835057,0.010130713,0.010195056
0 days 00:00:10.530000,-0.00011792765216177902,0.251136,0.125568,9.923796000000001,0.12034659820282413,0.12034659820282413,0.12034659820282413,0.12034659820282413,-0.0017453292519943296,-0.0027925268031909274,-0.0015707963267948967,10.0,13.09,46.8,1,1,100.0,4,0.01,0.02,-0.01,52.6480531,9.7453494,34.14,33.59,52.648046799999996,9.7453506,0.012566370614359171,-0.016057029118347832,4.249702195680993,0.04,0.04,-0.02,0.019836858,0.010128889,0.010193362
0 days 00:00:10.540000,-0.00011792765216177902,0.20404800000000003,0.16480800000000004,9.825696,0.12034659820282413,0.12034659820282413,0.12034659820282413,0.12034659820282413,-0.0024434609527920616,-0.0020943951023931952,-0.0017453292519943296,10.0,13.09,46.8,1,1,100.0,4,0.01,0.025,-0.01,52.6480531,9.7453494,34.14,33.59,52.648046799999996,9.7453506,0.012566370614359171,-0.016057029118347832,4.249702195680993,0.04,0.04,-0.02,0.024836214,0.010129898,0.010273637
0 days 00:00:10.550000,0.0,0.145188,0.145188,9.813924,0.12034659820282413,0.12034659820282413,0.12034659820282413,0.12034659820282413,-0.0020943951023931952,-0.0006981317007977319,-0.0015707963267948967,10.0,13.09,46.8,1,1,100.0,4,0.01,0.025,-0.005,52.6480531,9.7453494,34.14,33.6,52.648046699999995,9.745350499999999,0.012566370614359171,-0.016057029118347832,4.249702195680993,0.04,0.04,-0.02,0.024916496,0.010067076,0.0052746767
0 days 00:00:10.560000,-0.00011792765216177902,0.05101200000000001,0.13734000000000002,9.81,0.12034659820282413,0.12034659820282413,0.12034659820282413,0.12034659820282413,-0.0019198621771937623,0.0017453292519943296,-0.0013962634015954637,10.0,13.09,46.8,1,1,100.0,4,0.01,0.03,-0.005,52.6480531,9.7453494,34.14,33.6,52.648046699999995,9.745350499999999,0.012566370614359171,-0.016057029118347832,4.249702195680993,0.04,0.04,-0.02,0.02991585,0.010068085,0.005354952
0 days 00:00:10.570000,0.0,-0.08632800000000002,0.11379600000000001,9.696204000000002,0.12034659820282413,0.12034659820282413,0.12034659820282413,0.12034659820282413,-0.0019198621771937623,0.0010471975511965976,-0.0010471975511965976,10.0,13.09,46.8,1,1,100.0,4,0.01,0.03,-0.005,52.6480531,9.7453494,34.14,33.6,52.648046699999995,9.745350499999999,0.012566370614359171,-0.016057029118347832,4.249702195680993,0.04,0.04,-0.02,0.02991585,0.010068085,0.005354952
0 days 00:00:10.580000,0.0,-0.10202400000000002,0.14126400000000003,9.758988,0.12034659820282413,0.12034659820282413,0.12034659820282413,0.12034659820282413,-0.0019198621771937623,0.004014257279586958,-0.0008726646259971648,10.0,13.09,46.8,1,1,100.0,4,0.01,0.03,-0.005,52.6480531,9.7453494,34.14,33.6,52.648046699999995,9.745350499999999,0.012566370614359171,-0.016057029118347832,4.249702195680993,-0.01,-0.005,-0.03,0.02991585,0.010068085,0.005354952
0 days 00:00:10.590000,0.0,-0.27468000000000004,0.08632800000000002,9.723672,0.12034659820282413,0.12034659820282413,0.12034659820282413,0.12034659820282413,-0.0017453292519943296,0.0041887902047863905,-0.00017453292519943296,10.0,13.09,46.8,1,1,100.0,4,0.01,0.03,-0.005,52.6480531,9.7453494,34.14,33.6,52.648046699999995,9.745350499999999,0.012566370614359171,-0.016057029118347832,4.249702195680993,-0.01,-0.005,-0.03,0.02991585,0.010068085,0.005354952
0 days 00:00:10.600000,0.0,-0.317844,0.10987200000000001,9.688356,0.11366067608044501,0.11366067608044501,0.11366067608044501,0.11366067608044501,-0.0020943951023931952,0.0041887902047863905,0.0,10.0,13.09,46.8,1,1,100.0,4,0.01,0.025,-0.005,52.6480531,9.7453494,34.14,33.6,52.648046699999995,9.745350499999999,0.012566370614359171,-0.016231562043547264,4.249702195680993,-0.01,-0.005,-0.03,0.024915554,0.010067131,0.005279025
0 days 00:00:10.610000,0.0,-0.31392000000000003,0.090252,9.719748000000001,0.11366067608044501,0.11366067608044501,0.11366067608044501,0.11366067608044501,-0.0022689280275926286,0.005235987755982988,0.00017453292519943296,10.0,13.09,46.8,1,1,100.0,4,0.01,0.025,-0.0,52.6480531,9.7453494,34.14,33.6,52.648046699999995,9.745350499999999,0.012566370614359171,-0.016231562043547264,4.249702195680993,-0.01,-0.005,-0.03,0.024996707,0.010004309,0.00028007882
0 days 00:00:10.620000,0.0,-0.37278,0.08240400000000002,9.704052,0.11366067608044501,0.11366067608044501,0.11366067608044501,0.11366067608044501,-0.0024434609527920616,0.0054105206811824215,0.00034906585039886593,10.0,13.09,46.8,1,1,100.0,4,0.005,0.02,-0.0,52.6480531,9.7453494,34.14,33.6,52.648046699999995,9.745350499999999,0.012566370614359171,-0.016231562043547264,4.249702195680993,-0.01,-0.005,-0.03,0.019997366,0.005003684,0.00026176116
0 days 00:00:10.630000,0.0,-0.42379200000000006,0.07848000000000001,9.672660000000002,0.11366067608044501,0.11366067608044501,0.11366067608044501,0.11366067608044501,-0.0022689280275926286,0.0041887902047863905,0.0010471975511965976,10.0,13.09,46.8,1,1,100.0,4,0.005,0.02,-0.0,52.6480531,9.7453494,34.14,33.6,52.648046699999995,9.745350499999999,0.012566370614359171,-0.016231562043547264,4.249702195680993,-0.025,-0.04,0.035,0.019997366,0.005003684,0.00026176116
0 days 00:00:10.640000,0.0,-0.368856,0.08632800000000002,9.668736,0.11366067608044501,0.11366067608044501,0.11366067608044501,0.11366067608044501,-0.0022689280275926286,0.004886921905584123,0.0012217304763960308,10.0,13.09,46.8,1,1,100.0,4,0.005,0.015,-0.0,52.6480531,9.7453494,34.14,33.6,52.648046699999995,9.745350499999999,0.012566370614359171,-0.0164060949687467,4.249702195680993,-0.025,-0.04,0.035,0.014997981,0.0050026975,0.00018323073
0 days 00:00:10.650000,0.0,-0.40417200000000003,0.090252,9.672660000000002,0.11366067608044501,0.11366067608044501,0.11366067608044501,0.11366067608044501,-0.0022689280275926286,0.005061454830783556,0.0015707963267948967,0.0,13.09,46.8,1,1,100.0,4,0.005,0.015,-0.0,52.6480531,9.7453494,34.14,33.6,52.648046699999995,9.745350499999999,0.012566370614359171,-0.0164060949687467,4.249702195680993,-0.025,-0.04,0.035,0.014997981,0.0050026975,0.00018323073
0 days 00:00:10.660000,0.0,-0.45518400000000003,0.07848000000000001,9.660888,0.11366067608044501,0.11366067608044501,0.11366067608044501,0.11366067608044501,-0.0017453292519943296,0.004014257279586958,0.0019198621771937623,1.0,13.09,46.8,1,1,100.0,4,0.005,0.01,0.005,52.6480531,9.7453494,34.14,33.6,52.648046699999995,9.745350499999999,0.012566370614359171,-0.0164060949687467,4.249702195680993,-0.025,-0.04,0.035,0.010080681,0.0049388446,-0.0048977216
0 days 00:00:10.670000,0.0,-0.40024800000000005,0.090252,9.696204000000002,0.11366067608044501,0.11366067608044501,0.11366067608044501,0.11366067608044501,-0.0013962634015954637,0.005235987755982988,0.0019198621771937623,1.0,13.09,46.8,1,1,100.0,4,0.005,0.01,0.005,52.6480531,9.7453494,34.14,33.6,52.648046699999995,9.745350499999999,0.012566370614359171,-0.016580627893946133,4.249702195680993,-0.025,-0.04,0.035,0.010081524,0.004938867,-0.0048959623
0 days 00:00:10.680000,0.0,-0.49050000000000005,0.08632800000000002,9.719748000000001,0.11366067608044501,0.11366067608044501,0.11366067608044501,0.11366067608044501,-0.0010471975511965976,0.004363323129985824,0.0022689280275926286,1.0,13.09,46.8,1,1,100.0,4,0.005,0.005,0.005,52.6480532,9.7453495,34.12,33.6,52.648046699999995,9.745350499999999,0.012566370614359171,-0.016580627893946133,4.249876728606193,-0.015,-0.02,-0.005,0.005082212,0.0049378253,-0.004978855
0 days 00:00:10.690000,0.0,-0.49050000000000005,0.11772,9.715824000000001,0.10028883183568676,0.10028883183568676,0.10028883183568676,0.10028883183568676,-0.0006981317007977319,0.0024434609527920616,0.0022689280275926286,1.0,13.09,46.8,1,1,100.0,4,0.0,0.005,0.005,52.6480532,9.7453495,34.12,33.6,52.648046699999995,9.745350499999999,0.012566370614359171,-0.016580627893946133,4.249876728606193,-0.015,-0.02,-0.005,0.005082212,-6.177984e-05,-0.004916025
0 days 00:00:10.700000,0.0,-0.40809600000000007,0.0981,9.782532000000002,0.10028883183568676,0.10028883183568676,0.10028883183568676,0.10028883183568676,-0.00017453292519943296,0.0031415926535897933,0.0020943951023931952,1.0,13.09,46.8,1,1,100.0,4,0.0,0.0,0.005,52.6480532,9.7453495,34.12,33.6,52.648046699999995,9.745350499999999,0.012566370614359171,-0.016580627893946133,4.249876728606193,-0.015,-0.02,-0.005,8.2899336e-05,-6.2821564e-05,-0.0049989177
0 days 00:00:10.710000,0.0,-0.45518400000000003,0.0981,9.81,0.10028883183568676,0.10028883183568676,0.10028883183568676,0.10028883183568676,0.00017453292519943296,0.0017453292519943296,0.0022689280275926286,1.0,13.09,46.8,1,1,100.0,4,0.0,-0.005,0.005,52.6480532,9.7453495,34.12,33.6,52.648046699999995,9.745350499999999,0.012566370614359171,-0.016580627893946133,4.249876728606193,-0.015,-0.02,-0.005,-0.004916413,-6.386328e-05,-0.0050818105
0 days 00:00:10.720000,0.0,-0.40809600000000007,0.09417600000000001,9.79038,0.10028883183568676,0.10028883183568676,0.10028883183568676,0.10028883183568676,0.0005235987755982988,-0.00034906585039886593,0.0017453292519943296,1.0,13.09,46.8,1,1,100.0,4,0.0,-0.005,0.005,52.6480532,9.7453495,34.12,33.6,52.648046699999995,9.745350499999999,0.012566370614359171,-0.016580627893946133,4.249876728606193,-0.015,-0.02,-0.005,-0.004916413,-6.386328e-05,-0.0050818105
0 days 00:00:10.730000,0.0,-0.3296160000000001,0.07848000000000001,9.82962,0.10028883183568676,0.10028883183568676,0.10028883183568676,0.10028883183568676,0.0012217304763960308,-0.0005235987755982988,0.0015707963267948967,0.0,13.09,46.8,1,1,100.0,4,0.0,-0.005,0.005,52.6480532,9.7453495,34.12,33.6,52.648046699999995,9.745350499999999,0.012566370614359171,-0.016580627893946133,4.249876728606193,0.0,-0.015,-0.0,-0.004916413,-6.386328e-05,-0.0050818105
0 days 00:00:10.740000,0.0,-0.31392000000000003,0.10202400000000002,9.84924,0.10028883183568676,0.10028883183568676,0.10028883183568676,0.10028883183568676,0.0010471975511965976,-0.0015707963267948967,0.0010471975511965976,0.0,13.09,46.8,1,1,100.0,4,0.0,-0.01,0.005,52.6480532,9.7453495,34.12,33.6,52.648046699999995,9.745350499999999,0.012566370614359171,-0.016580627893946133,4.249876728606193,0.0,-0.015,-0.0,-0.009915726,-6.4905e-05,-0.0051647034
0 days 00:00:10.750000,0.0,-0.290376,0.08240400000000002,9.821772000000001,0.10028883183568676,0.10028883183568676,0.10028883183568676,0.10028883183568676,0.0015707963267948967,-0.004363323129985824,0.0008726646259971648,-1.0,13.09,46.8,1,1,100.0,4,0.0,-0.01,0.005,52.6480532,9.7453495,34.12,33.6,52.648046699999995,9.745350499999999,0.012566370614359171,-0.016580627893946133,4.249876728606193,0.0,-0.015,-0.0,-0.009915726,-6.4905e-05,-0.0051647034
0 days 00:00:10.760000,0.0,-0.11379600000000001,0.10594800000000001,9.872784,0.10028883183568676,0.10028883183568676,0.10028883183568676,0.10028883183568676,0.0013962634015954637,-0.0027925268031909274,0.00034906585039886593,-2.0,13.09,46.8,1,1,100.0,4,0.0,-0.01,0.005,52.6480532,9.7453495,34.12,33.6,52.648046699999995,9.745350499999999,0.012566370614359171,-0.016580627893946133,4.249876728606193,0.0,-0.015,-0.0,-0.009915726,-6.4905e-05,-0.0051647034
0 days 00:00:10.770000,0.0,-0.16088400000000003,0.10202400000000002,9.912024,0.10028883183568676,0.10028883183568676,0.10028883183568676,0.10028883183568676,0.0017453292519943296,-0.003490658503988659,0.0,-3.0,13.09,46.8,1,1,100.0,4,0.0,-0.01,0.005,52.6480532,9.7453495,34.12,33.6,52.648046699999995,9.745350499999999,0.012566370614359171,-0.016580627893946133,4.249876728606193,0.0,-0.015,-0.0,-0.009915726,-6.4905e-05,-0.0051647034
0 days 00:00:10.780000,-0.00011792765216177902,-0.125568,0.11379600000000001,9.880632000000002,0.10028883183568676,0.10028883183568676,0.10028883183568676,0.10028883183568676,0.0015707963267948967,-0.005759586531581288,-0.00034906585039886593,-3.0,13.09,46.8,1,1,100.0,4,0.0,-0.005,0.005,52.6480532,9.7453495,34.12,33.6,52.648046699999995,9.745350499999999,0.012566370614359171,-0.016580627893946133,4.249876728606193,0.005,-0.01,-0.02,-0.004916413,-6.386328e-05,-0.0050818105
0 days 00:00:10.790000,0.0,-0.019620000000000002,0.11772,9.919872000000002,0.0,0.0,0.0,0.0,0.0013962634015954637,-0.004537856055185257,-0.0006981317007977319,-4.0,13.09,46.8,1,1,100.0,4,0.0,-0.005,-0.0,52.6480532,9.7453495,34.12,33.6,52.648046699999995,9.745350499999999,0.012566370614359171,-0.0164060949687467,4.249876728606193,0.005,-0.01,-0.02,-0.004999327,-1.0307521e-06,-8.202031e-05
0 days 00:00:10.800000,-0.00011792765216177902,-0.074556,0.10987200000000001,9.939492000000001,0.0,0.0,0.0,0.0,0.0012217304763960308,-0.005235987755982988,-0.0008726646259971648,-4.0,13.09,46.8,1,1,100.0,4,0.0,-0.005,-0.0,52.6480532,9.7453495,34.12,33.6,52.648046699999995,9.745350499999999,0.012566370614359171,-0.0164060949687467,4.249876728606193,0.005,-0.01,-0.02,-0.004999327,-1.0307521e-06,-8.202031e-05
0 days 00:00:10.810000,-0.00011792765216177902,-0.07063200000000001,0.133416,9.884556000000002,0.0,0.0,0.0,0.0,0.0008726646259971648,-0.007155849933176751,-0.0008726646259971648,-4.0,13.09,46.8,1,1,100.0,4,0.0,-0.005,-0.0,52.6480532,9.7453495,34.12,33.6,52.648046699999995,9.745350499999999,0.012566370614359171,-0.0164060949687467,4.249876728606193,0.005,-0.01,-0.02,-0.004999327,-1.0307521e-06,-8.202031e-05
0 days 00:00:10.820000,-0.00011792765216177902,0.054936000000000006,0.133416,9.912024,0.0,0.0,0.0,0.0,0.0006981317007977319,-0.005585053606381855,-0.0008726646259971648,-5.0,13.09,46.8,1,1,100.0,4,0.0,0.0,-0.0,52.6480532,9.7453495,34.12,33.6,52.648046699999995,9.745350499999999,0.012740903539558606,-0.016231562043547264,4.249876728606193,0.005,-0.01,-0.02,0.0,0.0,0.0
0 days 00:00:10.830000,-0.00011792765216177902,-0.003924,0.125568,9.923796000000001,0.0,0.0,0.0,0.0,0.0006981317007977319,-0.005759586531581288,-0.0008726646259971648,-5.0,13.09,46.8,1,1,100.0,4,0.0,0.0,-0.005,52.6480533,9.7453495,34.12,33.6,52.648046699999995,9.745350499999999,0.012740903539558606,-0.016231562043547264,4.249876728606193,0.0,0.04,0.025,-8.115425e-05,6.36944e-05,0.0049989354
0 days 00:00:10.840000,-0.00011792765216177902,0.047088000000000005,0.125568,9.857088000000003,0.0,0.0,0.0,0.0,0.00034906585039886593,-0.006632251157578452,-0.0010471975511965976,-6.0,13.09,46.8,1,1,100.0,4,0.0,0.0,-0.005,52.6480533,9.7453495,34.12,33.6,52.648046699999995,9.745350499999999,0.012740903539558606,-0.016231562043547264,4.249876728606193,0.0,0.04,0.025,-8.115425e-05,6.36944e-05,0.0049989354
0 days 00:00:10.850000,-0.00011792765216177902,0.12164400000000002,0.129492,9.861012,0.0,0.0,0.0,0.0,0.0,-0.0041887902047863905,-0.0010471975511965976,-6.0,13.09,46.8,1,1,100.0,4,0.0,0.005,-0.005,52.6480533,9.7453495,34.12,33.6,52.648046699999995,9.745350499999999,0.012740903539558606,-0.016057029118347832,4.249876728606193,0.0,0.04,0.025,0.0049190735,6.471741e-05,0.0050792247
0 days 00:00:10.860000,-0.00011792765216177902,0.05101200000000001,0.12164400000000002,9.853164,0.0,0.0,0.0,0.0,-0.00034906585039886593,-0.004014257279586958,-0.0008726646259971648,-7.0,13.09,46.8,1,1,100.0,4,0.0,0.005,-0.005,52.6480533,9.7453495,34.12,33.6,52.648046699999995,9.745350499999999,0.012740903539558606,-0.016057029118347832,4.249876728606193,0.0,0.04,0.025,0.0049190735,6.471741e-05,0.0050792247
0 days 00:00:10.870000,-0.00011792765216177902,0.04316400000000001,0.125568,9.825696,0.0,0.0,0.0,0.0,-0.0006981317007977319,-0.004014257279586958,-0.00034906585039886593,-7.0,13.09,46.8,1,1,100.0,4,0.0,0.01,-0.005,52.6480533,9.7453495,34.12,33.6,52.648046699999995,9.745350499999999,0.012740903539558606,-0.016057029118347832,4.249876728606193,0.0,0.04,0.025,0.009918429,6.574025e-05,0.0051594996
0 days 00:00:10.880000,-0.00011792765216177902,0.08240400000000002,0.12164400000000002,9.841392,0.0,0.0,0.0,0.0,-0.0008726646259971648,-0.0022689280275926286,-0.00034906585039886593,-7.0,13.09,46.8,1,1,100.0,4,0.0,0.01,-0.005,52.6480533,9.7453495,34.15,33.6,52.648046699999995,9.7453504,0.012740903539558606,-0.0158824961931484,4.249702195680993,0.01,0.03,-0.05,0.00991933,6.5718195e-05,0.0051577687
0 days 00:00:10.890000,-0.00011792765216177902,0.027468000000000003,0.12164400000000002,9.845316,0.0,0.0,0.0,0.0,-0.0008726646259971648,-0.0013962634015954637,-0.00017453292519943296,-6.0,13.09,46.8,1,1,100.0,4,0.0,0.01,-0.005,52.6480533,9.7453495,34.15,33.6,52.648046699999995,9.7453504,0.012740903539558606,-0.0158824961931484,4.249702195680993,0.01,0.03,-0.05,0.00991933,6.5718195e-05,0.0051577687
0 days 00:00:10.900000,-0.00011792765216177902,-0.027468000000000003,0.13734000000000002,9.786456000000001,0.0,0.0,0.0,0.0,-0.0008726646259971648,-0.0015707963267948967,0.0,-6.0,13.09,46.8,1,1,100.0,4,0.0,0.01,-0.005,52.6480533,9.7453495,34.15,33.6,52.648046699999995,9.745350499999999,0.012740903539558606,-0.0158824961931484,4.249702195680993,0.01,0.03,-0.05,0.00991933,6.5718195e-05,0.0051577687
0 days 00:00:10.910000,-0.00011792765216177902,-0.027468000000000003,0.145188,9.778608,0.0,0.0,0.0,0.0,-0.0012217304763960308,0.00017453292519943296,0.0005235987755982988,-6.0,13.09,46.8,1,1,100.0,4,0.0,0.015,-0.005,52.6480533,9.7453495,34.15,33.6,52.648046699999995,9.745350499999999,0.012740903539558606,-0.0158824961931484,4.249702195680993,0.01,0.03,-0.05,0.014918699,6.672991e-05,0.0052371714
0 days 00:00:10.920000,-0.00011792765216177902,-0.0981,0.13734000000000002,9.786456000000001,0.0,0.0,0.0,0.0,-0.0010471975511965976,0.0012217304763960308,0.0008726646259971648,-6.0,13.09,46.8,1,1,100.0,4,0.0,0.015,-0.0,52.6480533,9.7453495,34.15,33.6,52.648046699999995,9.7453504,0.012740903539558606,-0.0158824961931484,4.249702195680993,0.01,0.03,-0.05,0.014998108,3.0351505e-06,0.0002382081
0 days 00:00:10.930000,-0.00011792765216177902,-0.13734000000000002,0.12164400000000002,9.743292000000002,0.0,0.0,0.0,0.0,-0.0008726646259971648,0.0010471975511965976,0.0010471975511965976,-6.0,13.09,46.8,1,1,100.0,4,-0.005,0.0,-0.0,52.6480533,9.7453495,34.160000000000004,33.6,52.648046699999995,9.7453504,0.012740903539558606,-0.015707963267948967,4.249876728606193,0.0,0.01,0.005,0.0,-0.004999594,6.370279e-05
0 days 00:00:10.940000,-0.00011792765216177902,-0.12164400000000002,0.133416,9.747216000000002,0.0,0.0,0.0,0.0,-0.0006981317007977319,0.0031415926535897933,0.0015707963267948967,-6.0,13.09,46.8,1,1,100.0,4,0.0,0.005,-0.0,52.6480533,9.7453495,34.160000000000004,33.6,52.648046699999995,9.7453504,0.012740903539558606,-0.015707963267948967,4.249876728606193,0.0,0.01,0.005,0.004999383,1.0006e-06,7.853021e-05
0 days 00:00:10.950000,-0.00011792765216177902,-0.1962,0.13734000000000002,9.73152,0.0,0.0,0.0,0.0,-0.0006981317007977319,0.0031415926535897933,0.0017453292519943296,-6.0,13.09,46.8,1,1,100.0,4,0.0,0.0,-0.0,52.6480533,9.7453495,34.160000000000004,33.6,52.648046699999995,9.7453504,0.012740903539558606,-0.015707963267948967,4.249876728606193,0.0,0.01,0.005,0.0,0.0,0.0
0 days 00:00:10.960000,-0.00011792765216177902,-0.1962,0.133416,9.719748000000001,0.0,0.0,0.0,0.0,-0.0005235987755982988,0.0031415926535897933,0.0015707963267948967,-5.0,13.09,46.8,1,1,100.0,4,0.0,0.0,-0.0,52.6480533,9.7453495,34.160000000000004,33.6,52.648046699999995,9.745350499999999,0.012740903539558606,-0.015707963267948967,4.249876728606193,0.0,0.01,0.005,0.0,0.0,0.0
0 days 00:00:10.970000,0.0,-0.184428,0.125568,9.73152,0.0,0.0,0.0,0.0,-0.0005235987755982988,0.004363323129985824,0.0017453292519943296,-1.0,13.09,46.8,1,1,100.0,4,0.0,0.0,-0.0,52.6480533,9.7453495,34.160000000000004,33.6,52.648046699999995,9.745350499999999,0.012740903539558606,-0.015707963267948967,4.249876728606193,0.0,0.01,0.005,0.0,0.0,0.0
0 days 00:00:10.980000,-0.00011792765216177902,-0.251136,0.145188,9.739368,0.0,0.0,0.0,0.0,-0.0008726646259971648,0.004363323129985824,0.0017453292519943296,-1.0,13.09,46.8,1,1,100.0,4,0.0,0.0,-0.0,52.6480532,9.7453495,34.160000000000004,33.6,52.648046699999995,9.745350499999999,0.012740903539558606,-0.0158824961931484,4.249876728606193,-0.01,-0.01,0.015,0.0,0.0,0.0
0 days 00:00:10.990000,0.0,-0.26290800000000003,0.133416,9.727596,0.0,0.0,0.0,0.0,-0.0008726646259971648,0.003490658503988659,0.0015707963267948967,-1.0,13.09,46.8,1,1,100.0,4,0.0,0.0,-0.0,52.6480532,9.7453495,34.160000000000004,33.6,52.648046699999995,9.7453504,0.012740903539558606,-0.0158824961931484,4.249876728606193,-0.01,-0.01,0.015,0.0,0.0,0.0
0 days 00:00:11,-0.00011792765216177902,-0.23544,0.11379600000000001,9.755064,0.0,0.0,0.0,0.0,-0.0012217304763960308,0.00471238898038469,0.0017453292519943296,-1.0,13.09,46.8,1,1,100.0,4,0.0,0.0,-0.0,52.6480532,9.7453495,34.160000000000004,33.6,52.648046699999995,9.7453504,0.012740903539558606,-0.0158824961931484,4.249876728606193,-0.01,-0.01,0.015,0.0,0.0,0.0
0 days 00:00:11.010000,-0.00011792765216177902,-0.31392000000000003,0.125568,9.743292000000002,0.0,0.0,0.0,0.0,-0.0015707963267948967,0.0036651914291880917,0.0019198621771937623,-1.0,13.09,46.8,1,1,100.0,4,0.0,0.0,-0.0,52.6480532,9.7453495,34.160000000000004,33.6,52.648046699999995,9.7453504,0.012740903539558606,-0.016057029118347832,4.249876728606193,-0.01,-0.01,0.015,0.0,0.0,0.0
0 days 00:00:11.020000,-0.00011792765216177902,-0.29430000000000006,0.11772,9.735444000000001,0.0,0.0,0.0,0.0,-0.0013962634015954637,0.0027925268031909274,0.0017453292519943296,-1.0,13.09,46.8,1,1,100.0,4,0.0,-0.005,-0.0,52.6480532,9.7453495,34.160000000000004,33.6,52.648046699999995,9.745350499999999,0.012566370614359171,-0.016057029118347832,4.249876728606193,-0.01,-0.01,0.015,-0.0049993554,-1.0088231e-06,-8.027536e-05
0 days 00:00:11.030000,0.0,-0.26290800000000003,0.10987200000000001,9.762912000000002,0.0,0.0,0.0,0.0,-0.0015707963267948967,0.0036651914291880917,0.0013962634015954637,-1.0,13.09,46.8,1,1,100.0,4,-0.005,0.005,-0.0,52.6480532,9.7453495,34.160000000000004,33.6,52.648046699999995,9.745350499999999,0.012740903539558606,-0.016231562043547264,4.249876728606193,-0.015,-0.03,-0.0,0.0049993414,-0.00499856,0.00014485046
0 days 00:00:11.040000,-0.00011792765216177902,-0.306072,0.090252,9.798228,0.0,0.0,0.0,0.0,-0.0010471975511965976,0.0022689280275926286,0.0008726646259971648,-1.0,13.09,46.8,1,1,100.0,4,-0.005,0.005,-0.0,52.6480532,9.7453495,34.160000000000004,33.6,52.648046699999995,9.7453504,0.012566370614359171,-0.0164060949687467,4.249876728606193,-0.015,-0.03,-0.0,0.004999327,-0.004998574,0.0001448505
0 days 00:00:11.050000,-0.00011792765216177902,-0.28252800000000006,0.10202400000000002,9.774684,0.0,0.0,0.0,0.0,-0.0010471975511965976,0.0017453292519943296,0.0006981317007977319,-1.0,13.09,46.8,1,1,100.0,4,-0.005,0.005,-0.0,52.6480532,9.7453495,34.160000000000004,33.6,52.648046699999995,9.7453504,0.012566370614359171,-0.0164060949687467,4.249876728606193,-0.015,-0.03,-0.0,0.004999327,-0.004998574,0.0001448505
0 days 00:00:11.060000,0.0,-0.24328800000000003,0.10594800000000001,9.806076000000001,0.0,0.0,0.0,0.0,-0.0010471975511965976,0.0020943951023931952,0.00034906585039886593,-1.0,13.09,46.8,1,1,100.0,4,-0.005,0.005,-0.0,52.6480532,9.7453495,34.160000000000004,33.6,52.648046699999995,9.7453504,0.012566370614359171,-0.0164060949687467,4.249876728606193,-0.015,-0.03,-0.0,0.004999327,-0.004998574,0.0001448505
0 days 00:00:11.070000,-0.00011792765216177902,-0.27468000000000004,0.090252,9.81,0.0,0.0,0.0,0.0,-0.0006981317007977319,0.00034906585039886593,0.0,-1.0,13.09,46.8,1,1,100.0,4,-0.005,0.005,-0.0,52.6480532,9.7453495,34.160000000000004,33.6,52.648046699999995,9.7453504,0.012566370614359171,-0.0164060949687467,4.249876728606193,-0.015,-0.03,-0.0,0.004999327,-0.004998574,0.0001448505
0 days 00:00:11.080000,-0.00011792765216177902,-0.21974400000000002,0.08632800000000002,9.82962,0.0,0.0,0.0,0.0,-0.0006981317007977319,0.0,0.0,-1.0,13.09,46.8,1,1,100.0,4,-0.01,0.005,-0.0,52.6480533,9.745349599999999,34.12,33.6,52.648046699999995,9.7453504,0.012740903539558606,-0.0164060949687467,4.249876728606193,-0.02,0.005,0.01,0.004999327,-0.009998143,0.00020942572
0 days 00:00:11.090000,0.0,-0.20012400000000002,0.10202400000000002,9.845316,0.0,0.0,0.0,0.0,-0.0008726646259971648,-0.00034906585039886593,-0.00017453292519943296,-1.0,13.09,46.8,1,1,100.0,4,-0.01,0.005,-0.0,52.6480533,9.745349599999999,34.12,33.6,52.648046699999995,9.7453504,0.012740903539558606,-0.0164060949687467,4.249876728606193,-0.02,0.005,0.01,0.004999327,-0.009998143,0.00020942572
0 days 00:00:11.100000,-0.00011792765216177902,-0.20797200000000002,0.090252,9.857088000000003,0.0,0.0,0.0,0.0,-0.0005235987755982988,-0.0019198621771937623,-0.00034906585039886593,-1.0,13.09,46.8,1,1,100.0,4,-0.01,0.0,-0.0,52.6480533,9.745349599999999,34.12,33.6,52.648046699999995,9.7453504,0.012740903539558606,-0.0164060949687467,4.249876728606193,-0.02,0.005,0.01,0.0,-0.009999188,0.00012740558
0 days 00:00:11.110000,-0.00011792765216177902,-0.16088400000000003,0.0981,9.841392,0.0,0.0,0.0,0.0,-0.0006981317007977319,-0.0024434609527920616,-0.0006981317007977319,-1.0,13.09,46.8,1,1,100.0,4,-0.015,0.0,-0.0,52.6480533,9.745349599999999,34.12,33.6,52.648046699999995,9.7453504,0.012740903539558606,-0.0164060949687467,4.249876728606193,-0.02,0.005,0.01,0.0,-0.0149987815,0.00019110838
0 days 00:00:11.120000,-0.00011792765216177902,-0.153036,0.09417600000000001,9.857088000000003,0.0,0.0,0.0,0.0,-0.0006981317007977319,-0.0024434609527920616,-0.0005235987755982988,-1.0,13.09,46.8,1,1,100.0,4,-0.015,0.0,-0.0,52.6480533,9.745349599999999,34.12,33.6,52.648046699999995,9.7453504,0.012740903539558606,-0.0164060949687467,4.249876728606193,-0.02,0.005,0.01,0.0,-0.0149987815,0.00019110838
0 days 00:00:11.130000,-0.00011792765216177902,-0.149112,0.10594800000000001,9.86886,0.0,0.0,0.0,0.0,-0.0010471975511965976,-0.002967059728390361,-0.0005235987755982988,-1.0,13.09,46.8,1,1,100.0,4,-0.005,0.005,-0.0,52.6480533,9.7453497,34.12,33.6,52.648046699999995,9.7453504,0.012566370614359171,-0.0164060949687467,4.249876728606193,0.0,-0.01,-0.03,0.004999327,-0.004998574,0.0001448505
0 days 00:00:11.140000,-0.00011792765216177902,-0.13734000000000002,0.08240400000000002,9.853164,0.0,0.0,0.0,0.0,-0.0008726646259971648,-0.0036651914291880917,-0.0005235987755982988,-1.0,13.09,46.8,1,1,100.0,4,-0.005,0.005,-0.0,52.6480533,9.7453497,34.12,33.6,52.648046699999995,9.7453504,0.012566370614359171,-0.016231562043547264,4.249876728606193,0.0,-0.01,-0.03,0.0049993414,-0.004998585,0.00014397803
0 days 00:00:11.150000,-0.00011792765216177902,-0.08632800000000002,0.0981,9.861012,0.0,0.0,0.0,0.0,-0.0012217304763960308,-0.0027925268031909274,-0.0005235987755982988,-1.0,13.09,46.8,1,1,100.0,4,-0.005,0.005,-0.0,52.6480533,9.7453497,34.12,33.6,52.648046699999995,9.7453504,0.012566370614359171,-0.016231562043547264,4.249876728606193,0.0,-0.01,-0.03,0.0049993414,-0.004998585,0.00014397803
0 days 00:00:11.160000,-0.00011792765216177902,-0.11379600000000001,0.07848000000000001,9.861012,0.0,0.0,0.0,0.0,-0.0008726646259971648,-0.0036651914291880917,-0.0005235987755982988,-1.0,13.09,46.8,1,1,100.0,4,-0.005,0.005,-0.0,52.6480533,9.7453497,34.12,33.6,52.648046699999995,9.7453504,0.012566370614359171,-0.016231562043547264,4.249876728606193,0.0,-0.01,-0.03,0.0049993414,-0.004998585,0.00014397803
0 days 00:00:11.170000,-0.00011792765216177902,-0.07848000000000001,0.09417600000000001,9.853164,0.0,0.0,0.0,0.0,-0.0005235987755982988,-0.0036651914291880917,-0.0005235987755982988,-1.0,13.09,46.8,1,1,100.0,4,-0.005,0.005,-0.0,52.6480533,9.7453497,34.12,33.6,52.648046699999995,9.7453504,0.012566370614359171,-0.016231562043547264,4.249876728606193,0.0,-0.01,-0.03,0.0049993414,-0.004998585,0.00014397803
0 days 00:00:11.180000,-0.00011792765216177902,-0.05101200000000001,0.08632800000000002,9.841392,0.0,0.0,0.0,0.0,-0.0005235987755982988,-0.0031415926535897933,-0.0005235987755982988,-1.0,13.09,46.8,1,1,100.0,4,0.005,0.0,-0.0,52.6480533,9.7453497,34.12,33.6,52.648046699999995,9.7453504,0.012391837689159739,-0.016057029118347832,4.249876728606193,0.02,0.005,-0.01,0.0,0.004999616,-6.1957595e-05
0 days 00:00:11.190000,-0.00011792765216177902,-0.08240400000000002,0.10202400000000002,9.845316,0.0,0.0,0.0,0.0,-0.00017453292519943296,-0.0031415926535897933,-0.0005235987755982988,-1.0,13.09,46.8,1,1,100.0,4,0.005,0.0,-0.0,52.6480533,9.7453497,34.12,33.6,52.648046699999995,9.7453504,0.012391837689159739,-0.016057029118347832,4.249876728606193,0.02,0.005,-0.01,0.0,0.004999616,-6.1957595e-05
0 days 00:00:11.200000,-0.00011792765216177902,-0.07063200000000001,0.09417600000000001,9.833544,0.0,0.0,0.0,0.0,0.00017453292519943296,-0.002617993877991494,0.00017453292519943296,-1.0,13.09,46.8,1,1,100.0,4,0.005,0.0,-0.0,52.6480533,9.7453497,34.12,33.6,52.648046699999995,9.7453504,0.012391837689159739,-0.016057029118347832,4.249876728606193,0.02,0.005,-0.01,0.0,0.004999616,-6.1957595e-05
0 days 00:00:11.210000,-0.00011792765216177902,-0.05101200000000001,0.12164400000000002,9.825696,0.0,0.0,0.0,0.0,0.00034906585039886593,-0.0017453292519943296,0.0,-1.0,13.09,46.8,1,1,100.0,4,0.005,0.005,-0.0,52.6480533,9.7453497,34.12,33.6,52.648046699999995,9.7453504,0.012391837689159739,-0.016057029118347832,4.249876728606193,0.02,0.005,-0.01,0.0049993554,0.005000611,1.8317935e-05
0 days 00:00:11.220000,-0.00011792765216177902,-0.08632800000000002,0.10202400000000002,9.802152000000001,0.0,0.0,0.0,0.0,0.0006981317007977319,-0.0015707963267948967,0.00034906585039886593,-1.0,13.09,46.8,1,1,100.0,4,0.005,0.005,-0.0,52.6480533,9.7453497,34.12,33.6,52.648046699999995,9.7453504,0.012566370614359171,-0.016057029118347832,4.249876728606193,0.02,0.005,-0.01,0.0049993554,0.0050006136,1.7445156e-05
0 days 00:00:11.230000,-0.00011792765216177902,-0.07848000000000001,0.11772,9.802152000000001,0.0,0.0,0.0,0.0,0.0006981317007977319,-0.0008726646259971648,0.0005235987755982988,-1.0,13.09,46.8,1,1,100.0,4,0.005,0.0,-0.0,52.6480531,9.7453523,34.08,33.6,52.648046699999995,9.7453504,0.012391837689159739,-0.0158824961931484,4.249876728606193,0.01,0.005,-0.01,0.0,0.004999616,-6.1957595e-05
0 days 00:00:11.240000,-0.00011792765216177902,-0.08240400000000002,0.11772,9.798228,0.0,0.0,0.0,0.0,0.0006981317007977319,-0.00017453292519943296,0.0005235987755982988,-1.0,13.09,46.8,1,1,100.0,4,0.005,0.0,0.005,52.6480531,9.7453523,34.08,33.6,52.648046699999995,9.745350499999999,0.012566370614359171,-0.0158824961931484,4.249876728606193,0.01,0.005,-0.01,7.940915e-05,0.0049367826,-0.005061805
0 days 00:00:11.250000,-0.00011792765216177902,-0.12164400000000002,0.10594800000000001,9.794304,0.0,0.0,0.0,0.0,0.0008726646259971648,0.00034906585039886593,0.0010471975511965976,0.0,13.09,46.8,1,1,100.0,4,0.005,0.0,0.005,52.6480531,9.7453523,34.08,33.6,52.648046699999995,9.745350499999999,0.012566370614359171,-0.0158824961931484,4.249876728606193,0.01,0.005,-0.01,7.940915e-05,0.0049367826,-0.005061805
0 days 00:00:11.260000,-0.00011792765216177902,-0.133416,0.11772,9.770760000000001,0.0,0.0,0.0,0.0,0.0006981317007977319,0.00034906585039886593,0.0012217304763960308,0.0,13.09,46.8,1,1,100.0,4,0.005,0.0,0.005,52.6480531,9.7453523,34.08,33.6,52.648046699999995,9.745350499999999,0.012566370614359171,-0.0158824961931484,4.249876728606193,0.01,0.005,-0.01,7.940915e-05,0.0049367826,-0.005061805
0 days 00:00:11.270000,-0.00011792765216177902,-0.125568,0.13734000000000002,9.778608,0.0,0.0,0.0,0.0,0.00034906585039886593,0.0010471975511965976,0.0012217304763960308,0.0,13.09,46.8,1,1,100.0,4,0.005,0.0,0.005,52.6480531,9.7453523,34.08,33.6,52.648046699999995,9.745350499999999,0.012566370614359171,-0.016057029118347832,4.249876728606193,0.01,0.005,-0.01,8.02817e-05,0.004936783,-0.005061791
0 days 00:00:11.280000,-0.00011792765216177902,-0.15696000000000002,0.11379600000000001,9.786456000000001,0.0,0.0,0.0,0.0,0.0006981317007977319,0.0013962634015954637,0.0013962634015954637,0.0,13.09,46.8,1,1,100.0,4,0.005,0.005,-0.0,52.6480532,9.7453522,34.05,33.6,52.648046699999995,9.745350499999999,0.012566370614359171,-0.016057029118347832,4.249876728606193,0.0,-0.01,0.005,0.0049993554,0.0050006136,1.7445156e-05
0 days 00:00:11.290000,-0.00011792765216177902,-0.16088400000000003,0.125568,9.747216000000002,0.0,0.0,0.0,0.0,0.00034906585039886593,0.0013962634015954637,0.0013962634015954637,0.0,13.09,46.8,1,1,100.0,4,0.005,0.005,0.005,52.6480532,9.7453522,34.05,33.6,52.648046699999995,9.745350499999999,0.012566370614359171,-0.016057029118347832,4.249876728606193,0.0,-0.01,0.005,0.0050796373,0.0049377917,-0.004981515
0 days 00:00:11.300000,-0.00011792765216177902,-0.149112,0.11379600000000001,9.774684,0.0,0.0,0.0,0.0,0.0005235987755982988,0.0024434609527920616,0.0013962634015954637,0.0,13.09,46.8,1,1,100.0,4,0.005,0.005,0.005,52.6480532,9.7453522,34.05,33.6,52.648046699999995,9.745350499999999,0.012566370614359171,-0.016057029118347832,4.249876728606193,0.0,-0.01,0.005,0.0050796373,0.0049377917,-0.004981515
0 days 00:00:11.310000,-0.00011792765216177902,-0.16873200000000002,0.129492,9.766836000000001,0.0,0.0,0.0,0.0,0.0005235987755982988,0.0022689280275926286,0.0010471975511965976,0.0,13.09,46.8,1,1,100.0,4,0.005,0.005,0.005,52.6480532,9.7453522,34.05,33.6,52.648046699999995,9.745350499999999,0.012566370614359171,-0.016057029118347832,4.249876728606193,0.0,-0.01,0.005,0.0050796373,0.0049377917,-0.004981515
0 days 00:00:11.320000,-0.00011792765216177902,-0.184428,0.11772,9.758988,0.0,0.0,0.0,0.0,0.0005235987755982988,0.0020943951023931952,0.0010471975511965976,0.0,13.09,46.8,1,1,100.0,4,0.005,0.005,0.005,52.6480532,9.7453522,34.05,33.6,52.648046699999995,9.745350499999999,0.012566370614359171,-0.016057029118347832,4.249876728606193,0.0,-0.01,0.005,0.0050796373,0.0049377917,-0.004981515
0 days 00:00:11.330000,-0.00011792765216177902,-0.18835200000000002,0.12164400000000002,9.786456000000001,0.0,0.0,0.0,0.0,0.0006981317007977319,0.0027925268031909274,0.0008726646259971648,0.0,13.09,46.8,1,1,100.0,4,-0.005,0.005,0.005,52.6480532,9.7453522,34.06,33.6,52.648046699999995,9.745350499999999,0.012566370614359171,-0.016057029118347832,4.249876728606193,-0.015,-0.005,-0.0,0.0050796373,-0.0050614183,-0.004855855
0 days 00:00:11.340000,-0.00011792765216177902,-0.20404800000000003,0.11772,9.782532000000002,0.0,0.0,0.0,0.0,0.0006981317007977319,0.002617993877991494,0.0010471975511965976,0.0,13.09,46.8,1,1,100.0,4,-0.005,0.005,0.005,52.6480532,9.7453522,34.06,33.6,52.648046699999995,9.745350499999999,0.012566370614359171,-0.016231562043547264,4.249876728606193,-0.015,-0.005,-0.0,0.0050804955,-0.005061407,-0.0048549683
0 days 00:00:11.350000,-0.00011792765216177902,-0.22759200000000002,0.125568,9.786456000000001,0.0,0.0,0.0,0.0,0.0008726646259971648,0.0019198621771937623,0.0010471975511965976,0.0,13.09,46.8,1,1,100.0,4,-0.005,0.005,0.005,52.6480532,9.7453522,34.06,33.6,52.648046699999995,9.745350499999999,0.012566370614359171,-0.016231562043547264,4.250051261531391,-0.015,-0.005,-0.0,0.0050804955,-0.005061407,-0.0048549683
0 days 00:00:11.360000,-0.00011792765216177902,-0.20404800000000003,0.133416,9.774684,0.0,0.0,0.0,0.0,0.0005235987755982988,0.0015707963267948967,0.0006981317007977319,0.0,13.09,46.8,1,1,100.0,4,-0.005,0.005,0.005,52.6480532,9.7453522,34.06,33.6,52.648046699999995,9.7453504,0.012566370614359171,-0.016231562043547264,4.250051261531391,-0.015,-0.005,-0.0,0.0050804955,-0.005061407,-0.0048549683
0 days 00:00:11.370000,-0.00011792765216177902,-0.184428,0.12164400000000002,9.821772000000001,0.0,0.0,0.0,0.0,0.00034906585039886593,0.0022689280275926286,0.00034906585039886593,0.0,13.09,46.8,1,1,100.0,4,-0.005,0.005,0.005,52.6480532,9.7453522,34.06,33.6,52.648046699999995,9.7453504,0.012566370614359171,-0.016231562043547264,4.250051261531391,-0.015,-0.005,-0.0,0.0050804955,-0.005061407,-0.0048549683
0 days 00:00:11.380000,-0.00011792765216177902,-0.23936400000000002,0.129492,9.786456000000001,0.0,0.0,0.0,0.0,0.00017453292519943296,0.0006981317007977319,0.00034906585039886593,0.0,13.09,46.8,1,1,100.0,4,-0.005,0.005,0.01,52.6480532,9.7453522,34.06,33.6,52.648046699999995,9.7453504,0.012740903539558606,-0.016231562043547264,4.250051261531391,-0.015,-0.005,-0.035,0.00516165,-0.0051259487,-0.00985302
0 days 00:00:11.390000,-0.00011792765216177902,-0.17658000000000004,0.11772,9.82962,0.0,0.0,0.0,0.0,0.00017453292519943296,0.0013962634015954637,0.00017453292519943296,0.0,13.09,46.8,1,1,100.0,4,-0.005,0.005,0.01,52.6480532,9.7453522,34.06,33.6,52.648046699999995,9.7453504,0.012740903539558606,-0.016231562043547264,4.250051261531391,-0.015,-0.005,-0.035,0.00516165,-0.0051259487,-0.00985302
0 days 00:00:11.400000,-0.00011792765216177902,-0.21974400000000002,0.11772,9.79038,0.0,0.0,0.0,0.0,0.0,0.00034906585039886593,0.00017453292519943296,0.0,13.09,46.8,1,1,100.0,4,-0.005,0.005,0.01,52.6480532,9.7453522,34.06,33.6,52.648046699999995,9.745350499999999,0.012740903539558606,-0.016231562043547264,4.250051261531391,-0.015,-0.005,-0.035,0.00516165,-0.0051259487,-0.00985302
0 days 00:00:11.410000,-0.00011792765216177902,-0.17658000000000004,0.11379600000000001,9.841392,0.0,0.0,0.0,0.0,0.0,0.00017453292519943296,-0.00017453292519943296,0.0,13.09,46.8,1,1,100.0,4,-0.005,0.005,0.01,52.6480532,9.7453522,34.06,33.6,52.648046699999995,9.7453504,0.012740903539558606,-0.016231562043547264,4.249876728606193,-0.015,-0.005,-0.035,0.00516165,-0.0051259487,-0.00985302
0 days 00:00:11.420000,0.0,-0.184428,0.10202400000000002,9.813924,0.0,0.0,0.0,0.0,0.0,-0.0005235987755982988,-0.00034906585039886593,0.0,13.09,46.8,1,1,100.0,4,-0.005,0.005,0.01,52.6480532,9.7453522,34.06,33.6,52.648046699999995,9.7453504,0.012740903539558606,-0.016231562043547264,4.249876728606193,-0.015,-0.005,-0.035,0.00516165,-0.0051259487,-0.00985302
0 days 00:00:11.430000,-0.00011792765216177902,-0.184428,0.125568,9.82962,0.0,0.0,0.0,0.0,-0.00034906585039886593,-0.0006981317007977319,-0.00017453292519943296,0.0,13.09,46.8,1,1,100.0,4,-0.01,0.005,0.01,52.6480533,9.7453522,34.06,33.6,52.648046699999995,9.7453504,0.012740903539558606,-0.016231562043547264,4.249876728606193,-0.02,0.005,-0.015,0.00516165,-0.010125543,-0.009789318
0 days 00:00:11.440000,-0.00011792765216177902,-0.15696000000000002,0.10987200000000001,9.821772000000001,0.0,0.0,0.0,0.0,-0.0005235987755982988,-0.0010471975511965976,-0.00034906585039886593,0.0,13.09,46.8,1,1,100.0,4,-0.01,0.005,0.01,52.6480533,9.7453522,34.06,33.6,52.648046699999995,9.7453504,0.012740903539558606,-0.016231562043547264,4.249876728606193,-0.02,0.005,-0.015,0.00516165,-0.010125543,-0.009789318
0 days 00:00:11.450000,-0.00011792765216177902,-0.16480800000000004,0.10594800000000001,9.845316,0.0,0.0,0.0,0.0,-0.00034906585039886593,-0.0010471975511965976,-0.00017453292519943296,0.0,13.09,46.8,1,1,100.0,4,-0.01,0.005,0.01,52.6480533,9.7453522,34.06,33.6,52.648046699999995,9.7453504,0.012740903539558606,-0.016231562043547264,4.249876728606193,-0.02,0.005,-0.015,0.00516165,-0.010125543,-0.009789318
0 days 00:00:11.460000,-0.00011792765216177902,-0.16480800000000004,0.11772,9.84924,0.0,0.0,0.0,0.0,-0.0005235987755982988,-0.0015707963267948967,0.0,0.0,13.09,46.8,1,1,100.0,4,-0.01,0.005,0.01,52.6480533,9.7453522,34.06,33.6,52.648046699999995,9.7453504,0.012740903539558606,-0.016231562043547264,4.249876728606193,-0.02,0.005,-0.015,0.00516165,-0.010125543,-0.009789318
0 days 00:00:11.470000,-0.00011792765216177902,-0.16088400000000003,0.12164400000000002,9.82962,0.0,0.0,0.0,0.0,-0.0006981317007977319,-0.0020943951023931952,-0.00017453292519943296,0.0,13.09,46.8,1,1,100.0,4,-0.01,0.005,0.005,52.6480533,9.7453522,34.06,33.6,52.648046699999995,9.7453504,0.012740903539558606,-0.016231562043547264,4.249876728606193,-0.02,0.005,-0.015,0.0050804955,-0.010061848,-0.004790382
0 days 00:00:11.480000,-0.00011792765216177902,-0.145188,0.11379600000000001,9.821772000000001,0.0,0.0,0.0,0.0,-0.0006981317007977319,-0.0024434609527920616,0.00017453292519943296,0.0,13.09,46.65,1,1,100.0,4,0.0,0.005,0.01,52.6480533,9.7453525,34.03,33.6,52.648046699999995,9.7453504,0.012566370614359171,-0.016231562043547264,4.249876728606193,0.005,-0.02,-0.04,0.00516165,-0.00012462406,-0.009916745
0 days 00:00:11.490000,-0.00011792765216177902,-0.11772,0.11772,9.853164,0.0,0.0,0.0,0.0,-0.0006981317007977319,-0.0012217304763960308,0.00017453292519943296,0.0,13.09,46.5,1,1,100.0,4,0.0,0.01,0.01,52.6480533,9.7453525,34.03,33.6,52.648046699999995,9.7453504,0.012566370614359171,-0.016231562043547264,4.249876728606193,0.005,-0.02,-0.04,0.010160991,-0.00012360427,-0.009835597
0 days 00:00:11.500000,-0.00011792765216177902,-0.15696000000000002,0.11379600000000001,9.813924,0.0,0.0,0.0,0.0,-0.0006981317007977319,-0.0024434609527920616,0.00034906585039886593,0.0,13.09,46.5,1,1,100.0,4,0.0,0.01,0.01,52.6480533,9.7453525,34.03,33.6,52.648046699999995,9.7453504,0.012566370614359171,-0.016231562043547264,4.249876728606193,0.005,-0.02,-0.04,0.010160991,-0.00012360427,-0.009835597
0 days 00:00:11.510000,-0.00011792765216177902,-0.10202400000000002,0.11379600000000001,9.837468000000001,0.0,0.0,0.0,0.0,-0.0005235987755982988,-0.0015707963267948967,0.00034906585039886593,0.0,13.09,46.5,1,1,100.0,4,0.0,0.01,0.01,52.6480533,9.7453525,34.03,33.6,52.648046699999995,9.7453504,0.012566370614359171,-0.016057029118347832,4.249876728606193,0.005,-0.02,-0.04,0.010159275,-0.00012362655,-0.00983737
0 days 00:00:11.520000,-0.00011792765216177902,-0.129492,0.125568,9.813924,0.0,0.0,0.0,0.0,-0.0008726646259971648,-0.0010471975511965976,0.0005235987755982988,0.0,13.09,46.5,1,1,100.0,4,0.0,0.01,0.01,52.6480533,9.7453525,34.03,33.6,52.648046699999995,9.7453504,0.012566370614359171,-0.016057029118347832,4.249876728606193,0.005,-0.02,-0.04,0.010159275,-0.00012362655,-0.00983737
0 days 00:00:11.530000,-0.00011792765216177902,-0.153036,0.09417600000000001,9.821772000000001,0.0,0.0,0.0,0.0,-0.00034906585039886593,-0.0017453292519943296,0.0006981317007977319,0.0,13.09,46.5,1,1,100.0,4,0.0,0.005,0.01,52.6480533,9.7453525,34.03,33.6,52.648046699999995,9.7453504,0.012566370614359171,-0.016057029118347832,4.249876728606193,0.005,0.0,0.01,0.0051599187,-0.00012463538,-0.009917646
0 days 00:00:11.540000,-0.00011792765216177902,-0.12164400000000002,0.10987200000000001,9.798228,0.0,0.0,0.0,0.0,-0.0005235987755982988,-0.0010471975511965976,0.0008726646259971648,0.0,13.09,46.5,1,1,100.0,4,0.0,0.005,0.01,52.6480533,9.7453525,34.03,33.6,52.648046699999995,9.7453504,0.012566370614359171,-0.016057029118347832,4.249876728606193,0.005,0.0,0.01,0.0051599187,-0.00012463538,-0.009917646
0 days 00:00:11.550000,-0.00011792765216177902,-0.10987200000000001,0.11379600000000001,9.817848000000001,0.0,0.0,0.0,0.0,-0.0005235987755982988,-0.0005235987755982988,0.0008726646259971648,0.0,13.09,46.5,1,1,100.0,4,0.0,0.005,0.01,52.6480533,9.7453525,34.03,33.6,52.648046699999995,9.745350499999999,0.012566370614359171,-0.016057029118347832,4.250051261531391,0.005,0.0,0.01,0.0051599187,-0.00012463538,-0.009917646
0 days 00:00:11.560000,-0.00011792765216177902,-0.149112,0.12164400000000002,9.798228,0.0,0.0,0.0,0.0,-0.00017453292519943296,-0.0010471975511965976,0.0008726646259971648,0.0,13.09,46.5,1,1,100.0,4,0.0,0.005,0.01,52.6480533,9.7453525,34.03,33.6,52.648046699999995,9.745350499999999,0.012566370614359171,-0.016057029118347832,4.250051261531391,0.005,0.0,0.01,0.0051599187,-0.00012463538,-0.009917646
0 days 00:00:11.570000,-0.00011792765216177902,-0.10987200000000001,0.11772,9.802152000000001,0.0,0.0,0.0,0.0,-0.00017453292519943296,0.00034906585039886593,0.0008726646259971648,0.0,13.09,46.5,1,1,100.0,4,0.0,0.005,0.01,52.6480533,9.7453525,34.03,33.6,52.648046699999995,9.7453504,0.012566370614359171,-0.016057029118347832,4.250051261531391,0.005,0.0,0.01,0.0051599187,-0.00012463538,-0.009917646
0 days 00:00:11.580000,-0.00011792765216177902,-0.13734000000000002,0.11772,9.798228,0.0,0.0,0.0,0.0,-0.00017453292519943296,0.0006981317007977319,0.0008726646259971648,0.0,13.09,46.5,1,1,100.0,4,0.0,0.0,-0.0,52.6480533,9.7453525,34.03,33.6,52.648046699999995,9.7453504,0.012566370614359171,-0.016057029118347832,4.250051261531391,0.005,0.015,0.035,0.0,0.0,0.0
0 days 00:00:11.590000,-0.00011792765216177902,-0.145188,0.10202400000000002,9.774684,0.0,0.0,0.0,0.0,-0.00017453292519943296,0.00034906585039886593,0.0010471975511965976,0.0,13.09,46.5,1,1,100.0,4,0.0,0.0,0.005,52.6480533,9.7453525,34.03,33.6,52.648046699999995,9.7453504,0.012566370614359171,-0.016057029118347832,4.250051261531391,0.005,0.015,0.035,8.02817e-05,-6.2822095e-05,-0.0049989605
0 days 00:00:11.600000,-0.00011792765216177902,-0.11379600000000001,0.11379600000000001,9.751140000000001,0.0,0.0,0.0,0.0,-0.00017453292519943296,0.0006981317007977319,0.0008726646259971648,0.0,13.09,46.5,1,1,100.0,4,0.0,0.0,0.005,52.6480533,9.7453525,34.03,33.6,52.648046699999995,9.7453504,0.012566370614359171,-0.016057029118347832,4.250051261531391,0.005,0.015,0.035,8.02817e-05,-6.2822095e-05,-0.0049989605
0 days 00:00:11.610000,-0.00011792765216177902,-0.125568,0.12164400000000002,9.778608,0.0,0.0,0.0,0.0,-0.00017453292519943296,0.0017453292519943296,0.0010471975511965976,0.0,13.09,46.5,1,1,100.0,4,0.0,0.0,0.005,52.6480533,9.7453525,34.03,33.6,52.648046699999995,9.745350499999999,0.012566370614359171,-0.016057029118347832,4.250051261531391,0.005,0.015,0.035,8.02817e-05,-6.2822095e-05,-0.0049989605
0 days 00:00:11.620000,-0.00011792765216177902,-0.16088400000000003,0.0981,9.782532000000002,0.0,0.0,0.0,0.0,0.00017453292519943296,0.0012217304763960308,0.0012217304763960308,0.0,13.09,46.5,1,1,100.0,4,0.0,0.0,0.005,52.6480533,9.7453525,34.03,33.6,52.648046699999995,9.745350499999999,0.012566370614359171,-0.016057029118347832,4.250051261531391,0.005,0.015,0.035,8.02817e-05,-6.2822095e-05,-0.0049989605
0 days 00:00:11.630000,-0.00011792765216177902,-0.10594800000000001,0.125568,9.782532000000002,0.0,0.0,0.0,0.0,0.0,0.0017453292519943296,0.0006981317007977319,0.0,13.09,46.5,1,1,100.0,4,0.0,0.0,0.005,52.648053399999995,9.7453525,34.04,33.6,52.648046699999995,9.745350499999999,0.012566370614359171,-0.016057029118347832,4.250051261531391,-0.005,-0.005,-0.01,8.02817e-05,-6.2822095e-05,-0.0049989605
0 days 00:00:11.640000,-0.00011792765216177902,-0.153036,0.10987200000000001,9.806076000000001,0.0,0.0,0.0,0.0,0.00017453292519943296,0.0022689280275926286,0.0008726646259971648,0.0,13.09,46.5,1,1,100.0,4,0.0,0.0,0.005,52.648053399999995,9.7453525,34.04,33.6,52.648046699999995,9.745350499999999,0.012566370614359171,-0.016057029118347832,4.250051261531391,-0.005,-0.005,-0.01,8.02817e-05,-6.2822095e-05,-0.0049989605
0 days 00:00:11.650000,-0.00011792765216177902,-0.1962,0.10987200000000001,9.802152000000001,0.0,0.0,0.0,0.0,0.00017453292519943296,0.0015707963267948967,0.0008726646259971648,0.0,13.09,46.5,1,1,100.0,4,0.0,0.0,0.005,52.648053399999995,9.7453525,34.04,33.6,52.648046699999995,9.745350499999999,0.012566370614359171,-0.016231562043547264,4.250051261531391,-0.005,-0.005,-0.01,8.115425e-05,-6.282193e-05,-0.0049989466
0 days 00:00:11.660000,-0.00011792765216177902,-0.153036,0.10987200000000001,9.794304,0.0,0.0,0.0,0.0,-0.00017453292519943296,0.0013962634015954637,0.0006981317007977319,0.0,13.09,46.5,1,1,100.0,4,0.0,0.0,0.005,52.648053399999995,9.7453525,34.04,33.6,52.648046699999995,9.745350499999999,0.012566370614359171,-0.016231562043547264,4.250051261531391,-0.005,-0.005,-0.01,8.115425e-05,-6.282193e-05,-0.0049989466
0 days 00:00:11.670000,-0.00011792765216177902,-0.17265600000000003,0.10987200000000001,9.806076000000001,0.0,0.0,0.0,0.0,0.0,0.0013962634015954637,0.0006981317007977319,0.0,13.09,46.5,1,1,100.0,4,0.0,0.0,0.005,52.648053399999995,9.7453525,34.04,33.6,52.648046699999995,9.745350499999999,0.012566370614359171,-0.016231562043547264,4.250051261531391,-0.005,-0.005,-0.01,8.115425e-05,-6.282193e-05,-0.0049989466
0 days 00:00:11.680000,-0.00011792765216177902,-0.17658000000000004,0.125568,9.802152000000001,0.0,0.0,0.0,0.0,-0.0005235987755982988,0.0013962634015954637,0.00017453292519943296,0.0,13.09,46.5,1,1,100.0,4,-0.005,0.0,0.005,52.648053399999995,9.7453523,34.06,33.6,52.648046699999995,9.745350499999999,0.012566370614359171,-0.016231562043547264,4.250051261531391,-0.005,0.0,-0.0,8.115425e-05,-0.005062427,-0.0049361163
0 days 00:00:11.690000,-0.00011792765216177902,-0.192276,0.125568,9.786456000000001,0.0,0.0,0.0,0.0,-0.0008726646259971648,0.0006981317007977319,0.00017453292519943296,0.0,13.09,46.5,1,1,100.0,4,-0.005,0.0,0.005,52.648053399999995,9.7453523,34.06,33.6,52.648046699999995,9.745350499999999,0.012566370614359171,-0.016231562043547264,4.250051261531391,-0.005,0.0,-0.0,8.115425e-05,-0.005062427,-0.0049361163
0 days 00:00:11.700000,-0.00011792765216177902,-0.16088400000000003,0.10987200000000001,9.81,0.0,0.0,0.0,0.0,-0.0006981317007977319,0.0010471975511965976,0.00017453292519943296,0.0,13.09,46.5,1,1,100.0,4,-0.005,0.0,0.005,52.648053399999995,9.7453523,34.06,33.6,52.648046699999995,9.7453504,0.012566370614359171,-0.016231562043547264,4.250051261531391,-0.005,0.0,-0.0,8.115425e-05,-0.005062427,-0.0049361163
0 days 00:00:11.710000,-0.00011792765216177902,-0.184428,0.090252,9.817848000000001,0.0,0.0,0.0,0.0,-0.0005235987755982988,0.0005235987755982988,0.0,0.0,13.09,46.5,1,1,100.0,4,-0.005,0.0,0.005,52.648053399999995,9.7453523,34.06,33.6,52.648046699999995,9.7453504,0.012566370614359171,-0.016231562043547264,4.250051261531391,-0.005,0.0,-0.0,8.115425e-05,-0.005062427,-0.0049361163
0 days 00:00:11.720000,-0.00011792765216177902,-0.17265600000000003,0.10594800000000001,9.813924,0.0,0.0,0.0,0.0,-0.0006981317007977319,0.00017453292519943296,0.00017453292519943296,0.0,13.09,46.5,1,1,100.0,4,-0.005,0.0,0.005,52.648053399999995,9.7453523,34.06,33.6,52.648046699999995,9.7453504,0.012566370614359171,-0.016231562043547264,4.250051261531391,-0.005,0.0,-0.0,8.115425e-05,-0.005062427,-0.0049361163
0 days 00:00:11.730000,-0.00011792765216177902,-0.15696000000000002,0.12164400000000002,9.84924,0.0,0.0,0.0,0.0,-0.0005235987755982988,0.00017453292519943296,-0.00017453292519943296,0.0,13.09,46.5,1,1,100.0,4,-0.005,0.0,-0.0,52.6480533,9.7453524,34.07,33.6,52.648046699999995,9.7453504,0.012566370614359171,-0.016231562043547264,4.250051261531391,-0.01,0.0,0.045,0.0,-0.004999605,6.28302e-05
0 days 00:00:11.740000,-0.00011792765216177902,-0.21974400000000002,0.11379600000000001,9.817848000000001,0.0,0.0,0.0,0.0,-0.0005235987755982988,-0.0006981317007977319,0.00017453292519943296,0.0,13.09,46.5,1,1,100.0,4,-0.005,0.0,-0.0,52.6480533,9.7453524,34.07,33.6,52.648046699999995,9.745350499999999,0.012566370614359171,-0.016231562043547264,4.250051261531391,-0.01,0.0,0.045,0.0,-0.004999605,6.28302e-05
0 days 00:00:11.750000,-0.00011792765216177902,-0.17658000000000004,0.10594800000000001,9.845316,0.0,0.0,0.0,0.0,-0.00017453292519943296,-0.0008726646259971648,0.00017453292519943296,0.0,13.09,46.5,1,1,100.0,4,-0.005,0.0,-0.005,52.6480533,9.7453524,34.07,33.6,52.648046699999995,9.7453504,0.012566370614359171,-0.016231562043547264,4.250051261531391,-0.01,0.0,0.045,-8.115425e-05,-0.004936783,0.0050617764
0 days 00:00:11.760000,-0.00011792765216177902,-0.17265600000000003,0.11379600000000001,9.82962,0.0,0.0,0.0,0.0,-0.00017453292519943296,-0.0006981317007977319,-0.00017453292519943296,0.0,13.09,46.5,1,1,100.0,4,-0.005,0.0,-0.005,52.6480533,9.7453524,34.07,33.6,52.648046699999995,9.7453504,0.012566370614359171,-0.016231562043547264,4.250051261531391,-0.01,0.0,0.045,-8.115425e-05,-0.004936783,0.0050617764
0 days 00:00:11.770000,-0.00011792765216177902,-0.18835200000000002,0.11772,9.821772000000001,0.0,0.0,0.0,0.0,-0.00017453292519943296,-0.0010471975511965976,0.0,0.0,13.09,46.5,1,1,100.0,4,-0.005,0.0,-0.005,52.6480533,9.7453524,34.07,33.6,52.648046699999995,9.7453504,0.012566370614359171,-0.016231562043547264,4.250051261531391,-0.01,0.0,0.045,-8.115425e-05,-0.004936783,0.0050617764
0 days 00:00:11.780000,-0.00011792765216177902,-0.16873200000000002,0.11772,9.806076000000001,0.0,0.0,0.0,0.0,0.0,-0.0013962634015954637,0.0,0.0,13.09,46.5,1,1,100.0,4,0.0,0.005,-0.005,52.6480533,9.7453524,34.08,33.6,52.648046699999995,9.7453504,0.012566370614359171,-0.016231562043547264,4.250051261531391,0.005,-0.02,0.015,0.0049181874,6.384171e-05,0.005080094
0 days 00:00:11.790000,-0.00011792765216177902,-0.16873200000000002,0.10594800000000001,9.837468000000001,0.0,0.0,0.0,0.0,0.00017453292519943296,-0.0010471975511965976,0.0,0.0,13.09,46.5,1,1,100.0,4,0.0,0.005,-0.005,52.6480533,9.7453524,34.08,33.6,52.648046699999995,9.7453504,0.012566370614359171,-0.016231562043547264,4.250051261531391,0.005,-0.02,0.015,0.0049181874,6.384171e-05,0.005080094
0 days 00:00:11.800000,-0.00011792765216177902,-0.15696000000000002,0.11772,9.817848000000001,0.0,0.0,0.0,0.0,0.0,-0.0008726646259971648,0.00017453292519943296,0.0,13.09,46.5,1,1,100.0,4,0.0,0.005,-0.005,52.6480533,9.7453524,34.08,33.6,52.648046699999995,9.745350499999999,0.012566370614359171,-0.016231562043547264,4.250051261531391,0.005,-0.02,0.015,0.0049181874,6.384171e-05,0.005080094
0 days 00:00:11.810000,-0.00011792765216177902,-0.16088400000000003,0.11379600000000001,9.794304,0.0,0.0,0.0,0.0,-0.00017453292519943296,-0.0015707963267948967,0.00017453292519943296,0.0,13.09,46.5,1,1,100.0,4,0.0,0.005,-0.005,52.6480533,9.7453524,34.08,33.6,52.648046699999995,9.745350499999999,0.012566370614359171,-0.016231562043547264,4.250051261531391,0.005,-0.02,0.015,0.0049181874,6.384171e-05,0.005080094
0 days 00:00:11.820000,-0.00011792765216177902,-0.16480800000000004,0.10594800000000001,9.841392,0.0,0.0,0.0,0.0,0.0,-0.0010471975511965976,0.0006981317007977319,0.0,13.09,46.5,1,1,100.0,4,0.0,0.005,-0.005,52.6480533,9.7453524,34.08,33.6,52.648046699999995,9.745350499999999,0.012566370614359171,-0.016231562043547264,4.250051261531391,0.005,-0.02,0.015,0.0049181874,6.384171e-05,0.005080094
0 days 00:00:11.830000,-0.00011792765216177902,-0.14126400000000003,0.11379600000000001,9.798228,0.0,0.0,0.0,0.0,-0.00017453292519943296,-0.0013962634015954637,0.00034906585039886593,0.0,13.09,46.5,1,1,100.0,4,-0.01,0.01,-0.005,52.6480533,9.7453524,34.07,33.6,52.648046699999995,9.745350499999999,0.012566370614359171,-0.016231562043547264,4.250051261531391,-0.03,-0.01,-0.005,0.009917528,-0.009934348,0.0052869027
0 days 00:00:11.840000,-0.00011792765216177902,-0.129492,0.10202400000000002,9.813924,0.0,0.0,0.0,0.0,-0.00034906585039886593,-0.0005235987755982988,0.0005235987755982988,0.0,13.09,46.5,1,1,100.0,4,-0.01,0.015,-0.005,52.6480533,9.7453524,34.07,33.6,52.648046699999995,9.7453504,0.012566370614359171,-0.016231562043547264,4.250051261531391,-0.03,-0.01,-0.005,0.014916869,-0.009933328,0.00536805
0 days 00:00:11.850000,-0.00011792765216177902,-0.153036,0.12164400000000002,9.81,0.0,0.0,0.0,0.0,-0.00017453292519943296,-0.0013962634015954637,0.0005235987755982988,0.0,13.09,46.5,1,1,100.0,4,-0.01,0.015,-0.005,52.6480533,9.7453524,34.07,33.6,52.648046699999995,9.7453504,0.012566370614359171,-0.016231562043547264,4.250051261531391,-0.03,-0.01,-0.005,0.014916869,-0.009933328,0.00536805
0 days 00:00:11.860000,-0.00011792765216177902,-0.11772,0.11379600000000001,9.798228,0.0,0.0,0.0,0.0,-0.00017453292519943296,-0.00017453292519943296,0.0006981317007977319,0.0,13.09,46.5,1,1,100.0,4,-0.01,0.015,-0.005,52.6480533,9.7453524,34.07,33.6,52.648046699999995,9.7453504,0.012566370614359171,-0.016231562043547264,4.250051261531391,-0.03,-0.01,-0.005,0.014916869,-0.009933328,0.00536805
0 days 00:00:11.870000,-0.00011792765216177902,-0.153036,0.10202400000000002,9.802152000000001,0.0,0.0,0.0,0.0,0.0,-0.00034906585039886593,0.0006981317007977319,0.0,13.09,46.5,1,1,100.0,4,-0.01,0.015,-0.005,52.6480533,9.7453524,34.07,33.6,52.648046699999995,9.7453504,0.012566370614359171,-0.016231562043547264,4.250051261531391,-0.03,-0.01,-0.005,0.014916869,-0.009933328,0.00536805
0 days 00:00:11.880000,-0.00011792765216177902,-0.13734000000000002,0.10987200000000001,9.817848000000001,0.0,0.0,0.0,0.0,0.0,-0.00017453292519943296,0.0006981317007977319,0.0,13.09,46.5,1,1,100.0,4,-0.005,0.005,-0.0,52.6480533,9.7453524,34.04,33.6,52.648046699999995,9.7453504,0.012566370614359171,-0.016057029118347832,4.250051261531391,-0.005,0.005,-0.03,0.0049993554,-0.0049985964,0.00014310556
0 days 00:00:11.890000,-0.00011792765216177902,-0.13734000000000002,0.11379600000000001,9.794304,0.0,0.0,0.0,0.0,0.00017453292519943296,0.0,0.0008726646259971648,0.0,13.09,46.5,1,1,100.0,4,-0.005,0.005,-0.0,52.6480533,9.7453524,34.04,33.6,52.648046699999995,9.7453504,0.012566370614359171,-0.016057029118347832,4.250051261531391,-0.005,0.005,-0.03,0.0049993554,-0.0049985964,0.00014310556
0 days 00:00:11.900000,-0.00011792765216177902,-0.145188,0.11772,9.794304,0.0,0.0,0.0,0.0,0.0,0.00034906585039886593,0.0010471975511965976,0.0,13.09,46.5,1,1,100.0,4,-0.005,0.005,-0.0,52.6480533,9.7453524,34.04,33.6,52.648046699999995,9.7453504,0.012566370614359171,-0.016057029118347832,4.250051261531391,-0.005,0.005,-0.03,0.0049993554,-0.0049985964,0.00014310556
0 days 00:00:11.910000,-0.00011792765216177902,-0.10594800000000001,0.13734000000000002,9.782532000000002,0.0,0.0,0.0,0.0,-0.00017453292519943296,0.0006981317007977319,0.0005235987755982988,0.0,13.09,46.5,1,1,100.0,4,-0.005,0.005,-0.0,52.6480533,9.7453524,34.04,33.6,52.648046699999995,9.7453504,0.012566370614359171,-0.016057029118347832,4.250051261531391,-0.005,0.005,-0.03,0.0049993554,-0.0049985964,0.00014310556
0 days 00:00:11.920000,-0.00011792765216177902,-0.14126400000000003,0.0981,9.806076000000001,0.0,0.0,0.0,0.0,-0.00017453292519943296,0.0008726646259971648,0.0008726646259971648,0.0,13.09,46.5,1,1,100.0,4,-0.005,0.005,-0.0,52.6480533,9.7453524,34.04,33.6,52.648046699999995,9.7453504,0.012566370614359171,-0.016231562043547264,4.250051261531391,-0.005,0.005,-0.03,0.0049993414,-0.004998585,0.00014397803
0 days 00:00:11.930000,-0.00011792765216177902,-0.125568,0.129492,9.786456000000001,0.0,0.0,0.0,0.0,-0.00017453292519943296,0.00034906585039886593,0.0005235987755982988,0.0,13.09,46.5,1,1,100.0,4,0.0,0.005,-0.0,52.6480533,9.7453524,34.05,33.6,52.648046699999995,9.7453504,0.012566370614359171,-0.016231562043547264,4.250051261531391,0.005,-0.005,0.02,0.0049993414,1.0197875e-06,8.114784e-05
0 days 00:00:11.940000,-0.00011792765216177902,-0.125568,0.11772,9.802152000000001,0.0,0.0,0.0,0.0,-0.00017453292519943296,0.0013962634015954637,0.0005235987755982988,0.0,13.09,46.5,1,1,100.0,4,0.0,0.005,-0.0,52.6480533,9.7453524,34.05,33.6,52.648046699999995,9.7453504,0.012566370614359171,-0.016231562043547264,4.250051261531391,0.005,-0.005,0.02,0.0049993414,1.0197875e-06,8.114784e-05
0 days 00:00:11.950000,-0.00011792765216177902,-0.16088400000000003,0.10594800000000001,9.794304,0.0,0.0,0.0,0.0,-0.00017453292519943296,0.0008726646259971648,0.0006981317007977319,0.0,13.09,46.5,1,1,100.0,4,0.0,0.005,-0.0,52.6480533,9.7453524,34.05,33.6,52.648046699999995,9.7453504,0.012566370614359171,-0.016231562043547264,4.250051261531391,0.005,-0.005,0.02,0.0049993414,1.0197875e-06,8.114784e-05
0 days 00:00:11.960000,-0.00011792765216177902,-0.145188,0.10594800000000001,9.821772000000001,0.0,0.0,0.0,0.0,0.0,0.0008726646259971648,0.0006981317007977319,0.0,13.09,46.5,1,1,100.0,4,0.0,0.005,-0.0,52.6480533,9.7453524,34.05,33.6,52.648046699999995,9.7453504,0.012566370614359171,-0.016231562043547264,4.250051261531391,0.005,-0.005,0.02,0.0049993414,1.0197875e-06,8.114784e-05
0 days 00:00:11.970000,-0.00011792765216177902,-0.13734000000000002,0.11772,9.794304,0.0,0.0,0.0,0.0,0.0,0.0008726646259971648,0.00017453292519943296,0.0,13.09,46.5,1,1,100.0,4,0.0,0.005,-0.0,52.6480533,9.7453524,34.05,33.6,52.648046699999995,9.7453504,0.012566370614359171,-0.016231562043547264,4.250051261531391,0.005,-0.005,0.02,0.0049993414,1.0197875e-06,8.114784e-05
0 days 00:00:11.980000,-0.00011792765216177902,-0.16480800000000004,0.11772,9.794304,0.0,0.0,0.0,0.0,-0.00034906585039886593,0.0008726646259971648,0.00034906585039886593,0.0,13.09,46.5,1,1,100.0,4,-0.005,0.005,-0.0,52.648053399999995,9.7453524,34.05,33.6,52.648046699999995,9.7453504,0.012566370614359171,-0.016231562043547264,4.250051261531391,-0.005,0.005,0.015,0.0049993414,-0.004998585,0.00014397803
0 days 00:00:11.990000,-0.00011792765216177902,-0.16480800000000004,0.10594800000000001,9.806076000000001,0.0,0.0,0.0,0.0,0.0,0.00034906585039886593,0.00017453292519943296,0.0,13.09,46.5,1,1,100.0,4,-0.005,0.005,-0.0,52.648053399999995,9.7453524,34.05,33.6,52.648046699999995,9.7453504,0.012566370614359171,-0.016231562043547264,4.250051261531391,-0.005,0.005,0.015,0.0049993414,-0.004998585,0.00014397803
0 days 00:00:12,-0.00011792765216177902,-0.13734000000000002,0.12164400000000002,9.802152000000001,0.0,0.0,0.0,0.0,-0.00017453292519943296,0.0008726646259971648,0.00017453292519943296,0.0,13.09,46.5,1,1,100.0,4,-0.005,0.005,-0.0,52.648053399999995,9.7453524,34.05,33.6,52.648046699999995,9.7453504,0.012566370614359171,-0.016231562043547264,4.250051261531391,-0.005,0.005,0.015,0.0049993414,-0.004998585,0.00014397803
0 days 00:00:12.010000,-0.00011792765216177902,-0.16873200000000002,0.10987200000000001,9.81,0.0,0.0,0.0,0.0,-0.00017453292519943296,0.00034906585039886593,0.00017453292519943296,0.0,13.09,46.5,1,1,100.0,4,-0.005,0.005,-0.0,52.648053399999995,9.7453524,34.05,33.6,52.648046699999995,9.7453504,0.012566370614359171,-0.016231562043547264,4.250051261531391,-0.005,0.005,0.015,0.0049993414,-0.004998585,0.00014397803
0 days 00:00:12.020000,-0.00011792765216177902,-0.16873200000000002,0.125568,9.794304,0.0,0.0,0.0,0.0,-0.0005235987755982988,0.0,0.00017453292519943296,0.0,13.09,46.5,1,1,100.0,4,-0.005,0.005,-0.0,52.648053399999995,9.7453524,34.05,33.6,52.648046699999995,9.745350499999999,0.012566370614359171,-0.016231562043547264,4.250051261531391,-0.005,0.005,0.015,0.0049993414,-0.004998585,0.00014397803
0 days 00:00:12.030000,-0.00011792765216177902,-0.17265600000000003,0.12164400000000002,9.825696,0.0,0.0,0.0,0.0,-0.0005235987755982988,0.00017453292519943296,0.00034906585039886593,0.0,13.09,46.5,1,1,100.0,4,-0.01,0.005,-0.0,52.648053499999996,9.7453524,34.06,33.6,52.648046699999995,9.7453504,0.012566370614359171,-0.016231562043547264,4.250051261531391,-0.015,0.0,-0.01,0.0049993414,-0.00999819,0.00020680824
0 days 00:00:12.040000,-0.00011792765216177902,-0.18835200000000002,0.10987200000000001,9.825696,0.0,0.0,0.0,0.0,-0.00017453292519943296,-0.00034906585039886593,0.00034906585039886593,0.0,13.09,46.5,1,1,100.0,4,-0.01,0.005,-0.0,52.648053499999996,9.7453524,34.06,33.6,52.648046699999995,9.7453504,0.012566370614359171,-0.016231562043547264,4.250051261531391,-0.015,0.0,-0.01,0.0049993414,-0.00999819,0.00020680824
0 days 00:00:12.050000,-0.00011792765216177902,-0.16088400000000003,0.12164400000000002,9.81,0.0,0.0,0.0,0.0,-0.00034906585039886593,0.0,0.00034906585039886593,0.0,13.09,46.5,1,1,100.0,4,-0.01,0.005,-0.0,52.648053499999996,9.7453524,34.06,33.6,52.648046699999995,9.7453504,0.012566370614359171,-0.016231562043547264,4.250051261531391,-0.015,0.0,-0.01,0.0049993414,-0.00999819,0.00020680824
0 days 00:00:12.060000,-0.00011792765216177902,-0.16873200000000002,0.11379600000000001,9.806076000000001,0.0,0.0,0.0,0.0,-0.0005235987755982988,-0.00017453292519943296,0.00017453292519943296,0.0,13.09,46.5,1,1,100.0,4,-0.01,0.005,-0.0,52.648053499999996,9.7453524,34.06,33.6,52.648046699999995,9.7453504,0.012566370614359171,-0.016231562043547264,4.250051261531391,-0.015,0.0,-0.01,0.0049993414,-0.00999819,0.00020680824
0 days 00:00:12.070000,-0.00011792765216177902,-0.21189600000000003,0.11772,9.81,0.0,0.0,0.0,0.0,-0.0008726646259971648,-0.0006981317007977319,0.0005235987755982988,0.0,13.09,46.5,1,1,100.0,4,-0.01,0.005,-0.0,52.648053499999996,9.7453524,34.06,33.6,52.648046699999995,9.7453504,0.012566370614359171,-0.016231562043547264,4.250051261531391,-0.015,0.0,-0.01,0.0049993414,-0.00999819,0.00020680824
0 days 00:00:12.080000,-0.00011792765216177902,-0.17265600000000003,0.10594800000000001,9.825696,0.0,0.0,0.0,0.0,-0.0005235987755982988,-0.0008726646259971648,0.00034906585039886593,0.0,13.09,46.5,1,1,100.0,4,0.0,0.0,0.005,52.648053399999995,9.7453523,34.06,33.6,52.648046699999995,9.7453504,0.012566370614359171,-0.016231562043547264,4.250051261531391,0.015,-0.01,-0.02,8.115425e-05,-6.282193e-05,-0.0049989466
0 days 00:00:12.090000,-0.00011792765216177902,-0.149112,0.10594800000000001,9.837468000000001,0.0,0.0,0.0,0.0,-0.0005235987755982988,-0.00017453292519943296,0.00034906585039886593,0.0,13.09,46.5,1,1,100.0,4,0.0,0.0,-0.0,52.648053399999995,9.7453523,34.06,33.6,52.648046699999995,9.7453504,0.012566370614359171,-0.016231562043547264,4.250051261531391,0.015,-0.01,-0.02,0.0,0.0,0.0
0 days 00:00:12.100000,-0.00011792765216177902,-0.20404800000000003,0.11772,9.821772000000001,0.0,0.0,0.0,0.0,-0.00034906585039886593,-0.0008726646259971648,0.0006981317007977319,0.0,13.09,46.5,1,1,100.0,4,0.0,0.0,-0.0,52.648053399999995,9.7453523,34.06,33.6,52.648046699999995,9.745350499999999,0.012566370614359171,-0.016231562043547264,4.250051261531391,0.015,-0.01,-0.02,0.0,0.0,0.0
0 days 00:00:12.110000,-0.00011792765216177902,-0.15696000000000002,0.12164400000000002,9.81,0.0,0.0,0.0,0.0,-0.00034906585039886593,-0.0010471975511965976,0.0005235987755982988,0.0,13.09,46.5,1,1,100.0,4,0.0,0.0,-0.0,52.648053399999995,9.7453523,34.06,33.6,52.648046699999995,9.745350499999999,0.012566370614359171,-0.016231562043547264,4.250051261531391,0.015,-0.01,-0.02,0.0,0.0,0.0
0 days 00:00:12.120000,-0.00011792765216177902,-0.16480800000000004,0.11379600000000001,9.825696,0.0,0.0,0.0,0.0,-0.00034906585039886593,-0.0005235987755982988,0.0006981317007977319,0.0,13.09,46.5,1,1,100.0,4,0.0,0.0,-0.0,52.648053399999995,9.7453523,34.06,33.6,52.648046699999995,9.745350499999999,0.012566370614359171,-0.016231562043547264,4.250051261531391,0.015,-0.01,-0.02,0.0,0.0,0.0
0 days 00:00:12.130000,-0.00011792765216177902,-0.16873200000000002,0.11772,9.806076000000001,0.0,0.0,0.0,0.0,-0.0005235987755982988,-0.0008726646259971648,0.0006981317007977319,0.0,13.09,46.5,1,1,100.0,4,0.0,0.005,-0.0,52.648053399999995,9.7453523,34.06,33.6,52.648046699999995,9.745350499999999,0.012566370614359171,-0.016231562043547264,4.250051261531391,-0.005,-0.005,0.005,0.0049993414,1.0197875e-06,8.114784e-05
0 days 00:00:12.140000,-0.00011792765216177902,-0.153036,0.10987200000000001,9.817848000000001,0.0,0.0,0.0,0.0,-0.0005235987755982988,-0.00017453292519943296,0.0008726646259971648,0.0,13.09,46.5,1,1,100.0,4,0.0,0.005,-0.0,52.648053399999995,9.7453523,34.06,33.6,52.648046699999995,9.745350499999999,0.012566370614359171,-0.016231562043547264,4.250051261531391,-0.005,-0.005,0.005,0.0049993414,1.0197875e-06,8.114784e-05
0 days 00:00:12.150000,-0.00011792765216177902,-0.153036,0.12164400000000002,9.81,0.0,0.0,0.0,0.0,-0.00017453292519943296,-0.0006981317007977319,0.0005235987755982988,0.0,13.09,46.5,1,1,100.0,4,0.0,0.005,-0.0,52.648053399999995,9.7453523,34.06,33.6,52.648046699999995,9.745350499999999,0.012566370614359171,-0.016231562043547264,4.250051261531391,-0.005,-0.005,0.005,0.0049993414,1.0197875e-06,8.114784e-05
0 days 00:00:12.160000,-0.00011792765216177902,-0.16480800000000004,0.11772,9.794304,0.0,0.0,0.0,0.0,-0.00034906585039886593,-0.0006981317007977319,0.0006981317007977319,0.0,13.09,46.5,1,1,100.0,4,0.0,0.005,-0.0,52.648053399999995,9.7453523,34.06,33.6,52.648046699999995,9.7453504,0.012566370614359171,-0.016231562043547264,4.250051261531391,-0.005,-0.005,0.005,0.0049993414,1.0197875e-06,8.114784e-05
0 days 00:00:12.170000,-0.00011792765216177902,-0.14126400000000003,0.11379600000000001,9.817848000000001,0.0,0.0,0.0,0.0,-0.00034906585039886593,-0.00017453292519943296,0.0006981317007977319,0.0,13.09,46.5,1,1,100.0,4,0.0,0.005,-0.0,52.648053399999995,9.7453523,34.06,33.6,52.648046699999995,9.745350499999999,0.012566370614359171,-0.016231562043547264,4.250051261531391,-0.005,-0.005,0.005,0.0049993414,1.0197875e-06,8.114784e-05
0 days 00:00:12.180000,-0.00011792765216177902,-0.14126400000000003,0.125568,9.802152000000001,0.0,0.0,0.0,0.0,-0.0005235987755982988,-0.00034906585039886593,0.0006981317007977319,0.0,13.09,46.5,1,1,100.0,4,0.0,0.005,-0.005,52.6480536,9.7453554,33.93,33.6,52.648046699999995,9.745350499999999,0.012566370614359171,-0.016231562043547264,4.250051261531391,0.0,-0.005,0.035,0.0049181874,6.384171e-05,0.005080094
0 days 00:00:12.190000,-0.00011792765216177902,-0.145188,0.11379600000000001,9.813924,0.0,0.0,0.0,0.0,-0.00034906585039886593,-0.00017453292519943296,0.0005235987755982988,0.0,13.09,46.5,1,1,100.0,4,0.0,0.005,-0.005,52.6480536,9.7453554,33.93,33.6,52.648046699999995,9.745350499999999,0.012566370614359171,-0.016231562043547264,4.250051261531391,0.0,-0.005,0.035,0.0049181874,6.384171e-05,0.005080094
0 days 00:00:12.200000,-0.00011792765216177902,-0.13734000000000002,0.11379600000000001,9.794304,0.0,0.0,0.0,0.0,-0.00034906585039886593,-0.00017453292519943296,0.0005235987755982988,0.0,13.09,46.5,1,1,100.0,4,0.0,0.005,-0.005,52.6480536,9.7453554,33.93,33.6,52.648046699999995,9.745350499999999,0.012566370614359171,-0.016231562043547264,4.250051261531391,0.0,-0.005,0.035,0.0049181874,6.384171e-05,0.005080094
0 days 00:00:12.210000,-0.00011792765216177902,-0.125568,0.11379600000000001,9.813924,0.0,0.0,0.0,0.0,-0.00034906585039886593,0.00034906585039886593,0.00034906585039886593,0.0,13.09,46.5,1,1,100.0,4,0.0,0.005,-0.005,52.6480536,9.7453554,33.93,33.6,52.648046699999995,9.7453504,0.012566370614359171,-0.016231562043547264,4.250051261531391,0.0,-0.005,0.035,0.0049181874,6.384171e-05,0.005080094
0 days 00:00:12.220000,-0.00011792765216177902,-0.14126400000000003,0.11772,9.774684,0.0,0.0,0.0,0.0,-0.0008726646259971648,0.0,0.00034906585039886593,0.0,13.09,46.5,1,1,100.0,4,0.0,0.005,-0.005,52.6480536,9.7453554,33.93,33.6,52.648046699999995,9.7453504,0.012566370614359171,-0.016231562043547264,4.250051261531391,0.0,-0.005,0.035,0.0049181874,6.384171e-05,0.005080094
0 days 00:00:12.230000,-0.00011792765216177902,-0.125568,0.10594800000000001,9.806076000000001,0.0,0.0,0.0,0.0,-0.0005235987755982988,0.00017453292519943296,0.0005235987755982988,0.0,13.09,46.5,1,1,100.0,4,0.005,0.01,-0.0,52.6480536,9.7453553,33.94,33.6,52.648046699999995,9.7453504,0.012566370614359171,-0.016231562043547264,4.2502257944565915,0.01,-0.025,-0.035,0.009998683,0.0050016446,9.946548e-05
0 days 00:00:12.240000,-0.00011792765216177902,-0.11379600000000001,0.12164400000000002,9.81,0.0,0.0,0.0,0.0,-0.00034906585039886593,0.0005235987755982988,0.00034906585039886593,0.0,13.09,46.5,1,1,100.0,4,0.005,0.01,-0.0,52.6480536,9.7453553,33.94,33.6,52.648046699999995,9.7453504,0.012566370614359171,-0.016231562043547264,4.250051261531391,0.01,-0.025,-0.035,0.009998683,0.0050016446,9.946548e-05
0 days 00:00:12.250000,-0.00011792765216177902,-0.16873200000000002,0.125568,9.794304,0.0,0.0,0.0,0.0,-0.0006981317007977319,0.0,0.0005235987755982988,0.0,13.09,46.5,1,1,100.0,4,0.005,0.01,-0.0,52.6480536,9.7453553,33.94,33.6,52.648046699999995,9.745350499999999,0.012566370614359171,-0.016231562043547264,4.2502257944565915,0.01,-0.025,-0.035,0.009998683,0.0050016446,9.946548e-05
0 days 00:00:12.260000,-0.00011792765216177902,-0.133416,0.10594800000000001,9.798228,0.0,0.0,0.0,0.0,-0.0006981317007977319,0.00017453292519943296,0.0006981317007977319,0.0,13.09,46.5,1,1,100.0,4,0.005,0.01,-0.0,52.6480536,9.7453553,33.94,33.6,52.648046699999995,9.745350499999999,0.012566370614359171,-0.016231562043547264,4.2502257944565915,0.01,-0.025,-0.035,0.009998683,0.0050016446,9.946548e-05
0 days 00:00:12.270000,-0.00011792765216177902,-0.133416,0.11379600000000001,9.802152000000001,0.0,0.0,0.0,0.0,-0.0006981317007977319,0.0005235987755982988,0.00034906585039886593,0.0,13.09,46.5,1,1,100.0,4,0.005,0.01,-0.0,52.6480536,9.7453553,33.94,33.6,52.648046699999995,9.745350499999999,0.012566370614359171,-0.016231562043547264,4.2502257944565915,0.01,-0.025,-0.035,0.009998683,0.0050016446,9.946548e-05
0 days 00:00:12.280000,-0.00011792765216177902,-0.153036,0.10594800000000001,9.79038,0.0,0.0,0.0,0.0,-0.0008726646259971648,0.0,0.00034906585039886593,0.0,13.09,46.5,1,1,100.0,4,0.005,0.005,0.005,52.6480536,9.745355199999999,33.96,33.6,52.648046699999995,9.745350499999999,0.012566370614359171,-0.016231562043547264,4.2502257944565915,0.0,0.005,-0.02,0.0050804955,0.004937803,-0.004980629
0 days 00:00:12.290000,-0.00011792765216177902,-0.125568,0.12164400000000002,9.794304,0.0,0.0,0.0,0.0,-0.0010471975511965976,0.0006981317007977319,0.00034906585039886593,0.0,13.09,46.5,1,1,100.0,4,0.005,0.005,0.005,52.6480536,9.745355199999999,33.96,33.6,52.648046699999995,9.745350499999999,0.012391837689159739,-0.016231562043547264,4.2502257944565915,0.0,0.005,-0.02,0.0050804955,0.0049386723,-0.004979767
0 days 00:00:12.300000,-0.00011792765216177902,-0.16873200000000002,0.09417600000000001,9.806076000000001,0.0,0.0,0.0,0.0,-0.0005235987755982988,0.00034906585039886593,0.00017453292519943296,0.0,13.09,46.5,1,1,100.0,4,0.005,0.005,0.005,52.6480536,9.745355199999999,33.96,33.6,52.648046699999995,9.745350499999999,0.012391837689159739,-0.016231562043547264,4.2502257944565915,0.0,0.005,-0.02,0.0050804955,0.0049386723,-0.004979767
0 days 00:00:12.310000,-0.00011792765216177902,-0.153036,0.0981,9.794304,0.0,0.0,0.0,0.0,-0.0005235987755982988,0.00034906585039886593,0.00017453292519943296,0.0,13.09,46.5,1,1,100.0,4,0.005,0.005,0.005,52.6480536,9.745355199999999,33.96,33.6,52.648046699999995,9.745350499999999,0.012391837689159739,-0.016231562043547264,4.250051261531391,0.0,0.005,-0.02,0.0050804955,0.0049386723,-0.004979767
0 days 00:00:12.320000,-0.00011792765216177902,-0.145188,0.0981,9.817848000000001,0.0,0.0,0.0,0.0,-0.00017453292519943296,0.0005235987755982988,0.00017453292519943296,0.0,13.09,46.5,1,1,100.0,4,0.0,0.005,0.005,52.6480536,9.745355199999999,33.96,33.6,52.648046699999995,9.745350499999999,0.012391837689159739,-0.016231562043547264,4.250051261531391,0.0,0.005,-0.02,0.0050804955,-6.094381e-05,-0.0049178093
0 days 00:00:12.330000,-0.00011792765216177902,-0.16088400000000003,0.10202400000000002,9.802152000000001,0.0,0.0,0.0,0.0,0.00017453292519943296,0.0,0.0,0.0,13.09,46.5,1,1,100.0,4,-0.005,0.005,0.005,52.6480536,9.745355199999999,33.96,33.6,52.648046699999995,9.745350499999999,0.012566370614359171,-0.016231562043547264,4.250051261531391,-0.01,0.005,-0.01,0.0050804955,-0.005061407,-0.0048549683
0 days 00:00:12.340000,-0.00011792765216177902,-0.16088400000000003,0.10987200000000001,9.798228,0.0,0.0,0.0,0.0,0.00017453292519943296,0.00034906585039886593,0.00017453292519943296,0.0,13.09,46.5,1,1,100.0,4,-0.005,0.005,0.005,52.6480536,9.745355199999999,33.96,33.6,52.648046699999995,9.745350499999999,0.012566370614359171,-0.016231562043547264,4.250051261531391,-0.01,0.005,-0.01,0.0050804955,-0.005061407,-0.0048549683
0 days 00:00:12.350000,-0.00011792765216177902,-0.16480800000000004,0.0981,9.841392,0.0,0.0,0.0,0.0,0.0005235987755982988,0.0008726646259971648,0.00017453292519943296,0.0,13.09,46.5,1,1,100.0,4,-0.005,0.005,0.005,52.6480536,9.745355199999999,33.96,33.6,52.648046699999995,9.745350499999999,0.012566370614359171,-0.016231562043547264,4.250051261531391,-0.01,0.005,-0.01,0.0050804955,-0.005061407,-0.0048549683
0 days 00:00:12.360000,-0.00011792765216177902,-0.192276,0.11379600000000001,9.79038,0.0,0.0,0.0,0.0,0.00017453292519943296,-0.00017453292519943296,0.00017453292519943296,0.0,13.09,46.5,1,1,100.0,4,-0.005,0.0,0.005,52.6480536,9.745355199999999,33.96,33.6,52.648046699999995,9.7453504,0.012566370614359171,-0.016231562043547264,4.250051261531391,-0.01,0.005,-0.01,8.115425e-05,-0.005062427,-0.0049361163
0 days 00:00:12.370000,-0.00011792765216177902,-0.149112,0.10987200000000001,9.82962,0.0,0.0,0.0,0.0,0.00017453292519943296,0.0005235987755982988,0.00017453292519943296,0.0,13.09,46.5,1,1,100.0,4,-0.005,0.005,0.005,52.6480536,9.745355199999999,33.96,33.6,52.648046699999995,9.7453504,0.012566370614359171,-0.016231562043547264,4.250051261531391,-0.01,0.005,-0.01,0.0050804955,-0.005061407,-0.0048549683
0 days 00:00:12.380000,-0.00011792765216177902,-0.18835200000000002,0.10594800000000001,9.821772000000001,0.0,0.0,0.0,0.0,0.00017453292519943296,0.00017453292519943296,0.00034906585039886593,0.0,13.09,46.5,1,1,100.0,4,0.0,-0.005,0.005,52.6480536,9.745355199999999,33.96,33.6,52.648046699999995,9.7453504,0.012566370614359171,-0.016231562043547264,4.250051261531391,0.01,0.005,0.01,-0.0049181874,-6.384171e-05,-0.005080094
0 days 00:00:12.390000,-0.00011792765216177902,-0.184428,0.11379600000000001,9.794304,0.0,0.0,0.0,0.0,-0.00034906585039886593,-0.00017453292519943296,0.0006981317007977319,0.0,13.09,46.5,1,1,100.0,4,0.0,-0.005,0.005,52.6480536,9.745355199999999,33.96,33.6,52.648046699999995,9.745350499999999,0.012566370614359171,-0.016231562043547264,4.250051261531391,0.01,0.005,0.01,-0.0049181874,-6.384171e-05,-0.005080094
0 days 00:00:12.400000,-0.00011792765216177902,-0.16088400000000003,0.11379600000000001,9.837468000000001,0.0,0.0,0.0,0.0,-0.00034906585039886593,0.00034906585039886593,0.0005235987755982988,0.0,13.09,46.5,1,1,100.0,4,0.0,-0.005,0.005,52.6480536,9.745355199999999,33.96,33.6,52.648046699999995,9.745350499999999,0.012566370614359171,-0.016231562043547264,4.250051261531391,0.01,0.005,0.01,-0.0049181874,-6.384171e-05,-0.005080094
0 days 00:00:12.410000,-0.00011792765216177902,-0.17658000000000004,0.11772,9.81,0.0,0.0,0.0,0.0,-0.0005235987755982988,-0.0005235987755982988,0.00017453292519943296,0.0,13.09,46.5,1,1,100.0,4,0.0,-0.005,0.005,52.6480536,9.745355199999999,33.96,33.6,52.648046699999995,9.745350499999999,0.012566370614359171,-0.016231562043547264,4.250051261531391,0.01,0.005,0.01,-0.0049181874,-6.384171e-05,-0.005080094
0 days 00:00:12.420000,-0.00011792765216177902,-0.17265600000000003,0.10594800000000001,9.817848000000001,0.0,0.0,0.0,0.0,-0.00034906585039886593,-0.00034906585039886593,0.0006981317007977319,0.0,13.09,46.5,1,1,100.0,4,0.0,-0.005,0.005,52.6480536,9.745355199999999,33.96,33.6,52.648046699999995,9.745350499999999,0.012566370614359171,-0.016231562043547264,4.2502257944565915,0.01,0.005,0.01,-0.0049181874,-6.384171e-05,-0.005080094
0 days 00:00:12.430000,-0.00011792765216177902,-0.16088400000000003,0.10987200000000001,9.806076000000001,0.0,0.0,0.0,0.0,-0.0005235987755982988,0.0,0.0005235987755982988,0.0,13.09,46.5,1,1,100.0,4,0.0,0.0,-0.0,52.648053499999996,9.745355199999999,33.95,33.6,52.648046699999995,9.745350499999999,0.012566370614359171,-0.016231562043547264,4.2502257944565915,-0.005,-0.01,0.02,0.0,0.0,0.0
0 days 00:00:12.440000,-0.00011792765216177902,-0.184428,0.10594800000000001,9.81,0.0,0.0,0.0,0.0,-0.00034906585039886593,-0.0006981317007977319,0.0006981317007977319,0.0,13.09,46.5,1,1,100.0,4,0.0,0.0,-0.0,52.648053499999996,9.745355199999999,33.95,33.6,52.648046699999995,9.745350499999999,0.012566370614359171,-0.016231562043547264,4.2502257944565915,-0.005,-0.01,0.02,0.0,0.0,0.0
0 days 00:00:12.450000,-0.00011792765216177902,-0.15696000000000002,0.10594800000000001,9.813924,0.0,0.0,0.0,0.0,-0.00017453292519943296,-0.00034906585039886593,0.0006981317007977319,0.0,13.09,46.5,1,1,100.0,4,0.0,0.0,-0.0,52.648053499999996,9.745355199999999,33.95,33.6,52.648046699999995,9.745350499999999,0.012566370614359171,-0.016231562043547264,4.2502257944565915,-0.005,-0.01,0.02,0.0,0.0,0.0
0 days 00:00:12.460000,-0.00011792765216177902,-0.16088400000000003,0.12164400000000002,9.825696,0.0,0.0,0.0,0.0,0.00034906585039886593,-0.00034906585039886593,0.0005235987755982988,0.0,13.09,46.5,1,1,100.0,4,0.0,0.0,-0.0,52.648053499999996,9.745355199999999,33.95,33.6,52.648046699999995,9.745350499999999,0.012566370614359171,-0.016231562043547264,4.2502257944565915,-0.005,-0.01,0.02,0.0,0.0,0.0
0 days 00:00:12.470000,-0.00011792765216177902,-0.149112,0.12164400000000002,9.821772000000001,0.0,0.0,0.0,0.0,0.0005235987755982988,-0.00017453292519943296,0.00034906585039886593,0.0,13.09,46.5,1,1,100.0,4,0.0,0.0,-0.0,52.648053499999996,9.745355199999999,33.95,33.6,52.648046699999995,9.745350499999999,0.012566370614359171,-0.016231562043547264,4.2502257944565915,-0.005,-0.01,0.02,0.0,0.0,0.0
0 days 00:00:12.480000,-0.00011792765216177902,-0.16873200000000002,0.10987200000000001,9.81,0.0,0.0,0.0,0.0,0.0006981317007977319,-0.00017453292519943296,0.0006981317007977319,0.0,13.09,46.5,1,1,100.0,4,0.005,0.005,-0.0,52.6480536,9.7453551,33.97,33.6,52.648046699999995,9.745350499999999,0.012566370614359171,-0.016231562043547264,4.2502257944565915,0.0,-0.015,-0.005,0.0049993414,0.005000625,1.8317638e-05
0 days 00:00:12.490000,-0.00011792765216177902,-0.153036,0.125568,9.81,0.0,0.0,0.0,0.0,0.0006981317007977319,-0.0006981317007977319,0.0005235987755982988,0.0,13.09,46.5,1,1,100.0,4,0.005,0.005,-0.0,52.6480536,9.7453551,33.97,33.6,52.648046699999995,9.745350499999999,0.012566370614359171,-0.016231562043547264,4.2502257944565915,0.0,-0.015,-0.005,0.0049993414,0.005000625,1.8317638e-05
0 days 00:00:12.500000,-0.00011792765216177902,-0.149112,0.129492,9.81,0.0,0.0,0.0,0.0,0.0006981317007977319,-0.00017453292519943296,0.0005235987755982988,0.0,13.09,46.5,1,1,100.0,4,0.005,0.005,-0.0,52.6480536,9.7453551,33.97,33.6,52.648046699999995,9.745350499999999,0.012566370614359171,-0.016231562043547264,4.2502257944565915,0.0,-0.015,-0.005,0.0049993414,0.005000625,1.8317638e-05
0 days 00:00:12.510000,-0.00011792765216177902,-0.15696000000000002,0.11772,9.806076000000001,0.0,0.0,0.0,0.0,0.0005235987755982988,-0.0005235987755982988,0.0005235987755982988,0.0,13.09,46.5,1,1,100.0,4,0.005,0.005,-0.0,52.6480536,9.7453551,33.97,33.6,52.648046699999995,9.745350499999999,0.012566370614359171,-0.016231562043547264,4.2502257944565915,0.0,-0.015,-0.005,0.0049993414,0.005000625,1.8317638e-05
0 days 00:00:12.520000,-0.00011792765216177902,-0.125568,0.13734000000000002,9.806076000000001,0.0,0.0,0.0,0.0,0.0,-0.00034906585039886593,0.0,0.0,13.09,46.35,1,1,100.0,4,0.005,0.005,-0.0,52.6480536,9.7453551,33.97,33.6,52.648046699999995,9.745350499999999,0.012566370614359171,-0.016231562043547264,4.2502257944565915,0.0,-0.015,-0.005,0.0049993414,0.005000625,1.8317638e-05
0 days 00:00:12.530000,-0.00011792765216177902,-0.16088400000000003,0.10202400000000002,9.806076000000001,0.0,0.0,0.0,0.0,0.0,-0.00017453292519943296,0.0005235987755982988,0.0,13.09,46.2,1,1,100.0,4,0.0,0.01,0.005,52.6480536,9.745355,33.97,33.6,52.648046699999995,9.745350499999999,0.012566370614359171,-0.016231562043547264,4.2502257944565915,-0.005,-0.01,-0.03,0.010079837,-6.078235e-05,-0.0048366506
0 days 00:00:12.540000,-0.00011792765216177902,-0.13734000000000002,0.129492,9.794304,0.0,0.0,0.0,0.0,-0.00017453292519943296,-0.0005235987755982988,0.00034906585039886593,0.0,13.09,46.2,1,1,100.0,4,0.0,0.01,0.005,52.6480536,9.745355,33.97,33.6,52.648046699999995,9.745350499999999,0.012566370614359171,-0.016231562043547264,4.2502257944565915,-0.005,-0.01,-0.03,0.010079837,-6.078235e-05,-0.0048366506
0 days 00:00:12.550000,-0.00011792765216177902,-0.129492,0.11379600000000001,9.802152000000001,0.0,0.0,0.0,0.0,-0.0005235987755982988,0.0,0.00034906585039886593,0.0,13.09,46.2,1,1,100.0,4,0.0,0.01,0.005,52.6480536,9.745355,33.97,33.6,52.648046699999995,9.745350499999999,0.012566370614359171,-0.016231562043547264,4.2502257944565915,-0.005,-0.01,-0.03,0.010079837,-6.078235e-05,-0.0048366506
0 days 00:00:12.560000,-0.00011792765216177902,-0.149112,0.11379600000000001,9.798228,0.0,0.0,0.0,0.0,-0.0005235987755982988,-0.0006981317007977319,0.00017453292519943296,0.0,13.09,46.2,1,1,100.0,4,0.0,0.01,0.005,52.6480536,9.745355,33.97,33.6,52.648046699999995,9.745350499999999,0.012566370614359171,-0.016231562043547264,4.2502257944565915,-0.005,-0.01,-0.03,0.010079837,-6.078235e-05,-0.0048366506
0 days 00:00:12.570000,-0.00011792765216177902,-0.13734000000000002,0.129492,9.798228,0.0,0.0,0.0,0.0,-0.0008726646259971648,0.00017453292519943296,0.0005235987755982988,0.0,13.09,46.2,1,1,100.0,4,0.0,0.01,0.005,52.6480536,9.745355,33.97,33.6,52.648046699999995,9.7453504,0.012566370614359171,-0.016231562043547264,4.2502257944565915,-0.005,-0.01,-0.03,0.010079837,-6.078235e-05,-0.0048366506
0 days 00:00:12.580000,-0.00011792765216177902,-0.145188,0.10987200000000001,9.802152000000001,0.0,0.0,0.0,0.0,-0.0005235987755982988,0.0,0.00017453292519943296,0.0,13.09,46.2,1,1,100.0,4,0.0,0.0,0.005,52.6480536,9.7453551,33.97,33.6,52.648046699999995,9.7453504,0.012566370614359171,-0.016231562043547264,4.2502257944565915,0.0,0.01,-0.01,8.115425e-05,-6.282193e-05,-0.0049989466
0 days 00:00:12.590000,-0.00011792765216177902,-0.14126400000000003,0.129492,9.778608,0.0,0.0,0.0,0.0,-0.0008726646259971648,0.0,0.00017453292519943296,0.0,13.09,46.2,1,1,100.0,4,0.0,0.0,0.005,52.6480536,9.7453551,33.97,33.6,52.648046699999995,9.745350499999999,0.012566370614359171,-0.016231562043547264,4.2502257944565915,0.0,0.01,-0.01,8.115425e-05,-6.282193e-05,-0.0049989466
0 days 00:00:12.600000,-0.00011792765216177902,-0.133416,0.10987200000000001,9.817848000000001,0.0,0.0,0.0,0.0,-0.0006981317007977319,0.0005235987755982988,0.00017453292519943296,0.0,13.09,46.2,1,1,100.0,4,0.0,0.0,0.005,52.6480536,9.7453551,33.97,33.6,52.648046699999995,9.745350499999999,0.012566370614359171,-0.016231562043547264,4.2502257944565915,0.0,0.01,-0.01,8.115425e-05,-6.282193e-05,-0.0049989466
0 days 00:00:12.610000,-0.00011792765216177902,-0.153036,0.12164400000000002,9.79038,0.0,0.0,0.0,0.0,-0.0006981317007977319,0.0,0.00017453292519943296,0.0,13.09,46.2,1,1,100.0,4,0.0,0.0,0.005,52.6480536,9.7453551,33.97,33.6,52.648046699999995,9.745350499999999,0.012566370614359171,-0.016231562043547264,4.2502257944565915,0.0,0.01,-0.01,8.115425e-05,-6.282193e-05,-0.0049989466
0 days 00:00:12.620000,-0.00011792765216177902,-0.14126400000000003,0.10594800000000001,9.825696,0.0,0.0,0.0,0.0,-0.00017453292519943296,0.0005235987755982988,0.00017453292519943296,0.0,13.09,46.05,1,1,100.0,4,0.0,0.0,0.005,52.6480536,9.7453551,33.97,33.6,52.648046699999995,9.7453504,0.012566370614359171,-0.016231562043547264,4.2502257944565915,0.0,0.01,-0.01,8.115425e-05,-6.282193e-05,-0.0049989466
0 days 00:00:12.630000,-0.00011792765216177902,-0.153036,0.11379600000000001,9.794304,0.0,0.0,0.0,0.0,0.0,0.00034906585039886593,0.00034906585039886593,0.0,13.09,45.89999999999999,1,1,100.0,4,-0.005,0.0,0.005,52.6480537,9.745355,33.97,33.6,52.648046699999995,9.7453504,0.012566370614359171,-0.016231562043547264,4.2502257944565915,-0.005,0.005,0.005,8.115425e-05,-0.005062427,-0.0049361163
0 days 00:00:12.640000,-0.00011792765216177902,-0.15696000000000002,0.11772,9.806076000000001,0.0,0.0,0.0,0.0,-0.00017453292519943296,0.0005235987755982988,0.00034906585039886593,0.0,13.09,45.89999999999999,1,1,100.0,4,-0.005,0.0,0.005,52.6480537,9.745355,33.97,33.6,52.648046699999995,9.7453504,0.012566370614359171,-0.016231562043547264,4.2502257944565915,-0.005,0.005,0.005,8.115425e-05,-0.005062427,-0.0049361163
0 days 00:00:12.650000,-0.00011792765216177902,-0.153036,0.10594800000000001,9.813924,0.0,0.0,0.0,0.0,0.00017453292519943296,0.00034906585039886593,0.00017453292519943296,0.0,13.09,45.89999999999999,1,1,100.0,4,-0.005,0.0,0.005,52.6480537,9.745355,33.97,33.6,52.648046699999995,9.7453504,0.012566370614359171,-0.016231562043547264,4.2502257944565915,-0.005,0.005,0.005,8.115425e-05,-0.005062427,-0.0049361163
0 days 00:00:12.660000,0.0,-0.14126400000000003,0.10594800000000001,9.81,0.0,0.0,0.0,0.0,0.00017453292519943296,0.0008726646259971648,0.00034906585039886593,0.0,13.09,45.74999999999999,1,1,100.0,4,-0.005,0.0,0.005,52.6480537,9.745355,33.97,33.6,52.648046699999995,9.745350499999999,0.012566370614359171,-0.016231562043547264,4.2502257944565915,-0.005,0.005,0.005,8.115425e-05,-0.005062427,-0.0049361163
0 days 00:00:12.670000,-0.00011792765216177902,-0.17658000000000004,0.10202400000000002,9.802152000000001,0.0,0.0,0.0,0.0,-0.00017453292519943296,0.0005235987755982988,0.0005235987755982988,0.0,13.09,45.599999999999994,1,1,100.0,4,-0.005,0.0,0.005,52.6480537,9.745355,33.97,33.6,52.648046699999995,9.745350499999999,0.012566370614359171,-0.016231562043547264,4.2502257944565915,-0.005,0.005,0.005,8.115425e-05,-0.005062427,-0.0049361163
0 days 00:00:12.680000,0.0,-0.16480800000000004,0.10987200000000001,9.813924,0.0,0.0,0.0,0.0,-0.00017453292519943296,0.0,0.00034906585039886593,0.0,13.09,45.599999999999994,1,1,100.0,4,-0.005,-0.005,0.005,52.6480538,9.7453551,33.96,33.6,52.648046699999995,9.7453504,0.012566370614359171,-0.016231562043547264,4.2502257944565915,0.005,0.015,-0.025,-0.0049181874,-0.0050634467,-0.005017264
0 days 00:00:12.690000,0.0,-0.149112,0.10987200000000001,9.817848000000001,0.0,0.0,0.0,0.0,-0.00034906585039886593,0.0006981317007977319,0.0005235987755982988,0.0,13.09,45.599999999999994,1,1,100.0,4,-0.005,-0.005,0.005,52.6480538,9.7453551,33.96,33.6,52.648046699999995,9.7453504,0.012566370614359171,-0.016231562043547264,4.2502257944565915,0.005,0.015,-0.025,-0.0049181874,-0.0050634467,-0.005017264
0 days 00:00:12.700000,0.0,-0.16088400000000003,0.0981,9.813924,0.0,0.0,0.0,0.0,-0.00034906585039886593,0.00034906585039886593,0.00017453292519943296,0.0,13.09,45.449999999999996,1,1,100.0,4,-0.005,-0.005,0.005,52.6480538,9.7453551,33.96,33.6,52.648046699999995,9.7453504,0.012566370614359171,-0.016231562043547264,4.2502257944565915,0.005,0.015,-0.025,-0.0049181874,-0.0050634467,-0.005017264
0 days 00:00:12.710000,0.0,-0.17265600000000003,0.10594800000000001,9.81,0.0,0.0,0.0,0.0,-0.0005235987755982988,0.0,0.00034906585039886593,0.0,13.09,45.3,1,1,100.0,4,-0.005,-0.005,0.005,52.6480538,9.7453551,33.96,33.6,52.648046699999995,9.7453504,0.012566370614359171,-0.016231562043547264,4.2502257944565915,0.005,0.015,-0.025,-0.0049181874,-0.0050634467,-0.005017264
0 days 00:00:12.720000,0.0,-0.16480800000000004,0.11379600000000001,9.817848000000001,0.0,0.0,0.0,0.0,-0.0005235987755982988,0.00017453292519943296,0.00034906585039886593,0.0,13.09,45.3,1,1,100.0,4,-0.005,-0.005,0.005,52.6480538,9.7453551,33.96,33.6,52.648046699999995,9.745350499999999,0.012566370614359171,-0.016231562043547264,4.2502257944565915,0.005,0.015,-0.025,-0.0049181874,-0.0050634467,-0.005017264
0 days 00:00:12.730000,0.0,-0.16480800000000004,0.10987200000000001,9.813924,0.0,0.0,0.0,0.0,-0.0005235987755982988,0.00017453292519943296,0.0005235987755982988,0.0,13.09,45.3,1,1,100.0,4,-0.01,0.0,-0.0,52.6480538,9.7453551,33.96,33.6,52.648046699999995,9.745350499999999,0.012566370614359171,-0.016231562043547264,4.2502257944565915,-0.015,-0.005,0.03,0.0,-0.00999921,0.0001256604
0 days 00:00:12.740000,0.0,-0.16088400000000003,0.10594800000000001,9.813924,0.0,0.0,0.0,0.0,-0.0005235987755982988,0.0005235987755982988,0.0006981317007977319,0.0,13.09,45.3,1,1,100.0,4,-0.01,0.0,-0.0,52.6480538,9.7453551,33.96,33.6,52.648046699999995,9.7453504,0.012566370614359171,-0.016231562043547264,4.2502257944565915,-0.015,-0.005,0.03,0.0,-0.00999921,0.0001256604
0 days 00:00:12.750000,0.0,-0.17265600000000003,0.11379600000000001,9.813924,0.0,0.0,0.0,0.0,-0.0005235987755982988,0.0,0.0005235987755982988,0.0,13.09,45.3,1,1,100.0,4,-0.01,0.0,-0.0,52.6480538,9.7453551,33.96,33.6,52.648046699999995,9.7453504,0.012566370614359171,-0.016231562043547264,4.2502257944565915,-0.015,-0.005,0.03,0.0,-0.00999921,0.0001256604
0 days 00:00:12.760000,0.0,-0.16088400000000003,0.10202400000000002,9.813924,0.0,0.0,0.0,0.0,-0.00034906585039886593,0.0,0.0005235987755982988,0.0,13.09,45.3,1,1,100.0,4,-0.01,0.0,-0.0,52.6480538,9.7453551,33.96,33.6,52.648046699999995,9.7453504,0.012566370614359171,-0.016231562043547264,4.2502257944565915,-0.015,-0.005,0.03,0.0,-0.00999921,0.0001256604
0 days 00:00:12.770000,0.0,-0.184428,0.10202400000000002,9.825696,0.0,0.0,0.0,0.0,0.00017453292519943296,-0.00034906585039886593,0.0010471975511965976,0.0,13.09,45.3,1,1,100.0,4,-0.01,0.0,-0.0,52.6480538,9.7453551,33.96,33.6,52.648046699999995,9.7453504,0.012566370614359171,-0.016231562043547264,4.2502257944565915,-0.015,-0.005,0.03,0.0,-0.00999921,0.0001256604
0 days 00:00:12.780000,0.0,-0.145188,0.11379600000000001,9.806076000000001,0.0,0.0,0.0,0.0,0.0,-0.00034906585039886593,0.00034906585039886593,0.0,13.09,45.15,1,1,100.0,4,0.0,0.0,0.005,52.6480538,9.7453551,33.96,33.6,52.648046699999995,9.7453504,0.012566370614359171,-0.016231562043547264,4.2502257944565915,0.01,-0.005,-0.015,8.115425e-05,-6.282193e-05,-0.0049989466
0 days 00:00:12.790000,0.0,-0.17265600000000003,0.11379600000000001,9.825696,0.0,0.0,0.0,0.0,0.00034906585039886593,-0.0005235987755982988,0.00034906585039886593,0.0,13.09,45.0,1,1,100.0,4,0.0,0.0,0.005,52.6480538,9.7453551,33.96,33.6,52.648046699999995,9.745350499999999,0.012566370614359171,-0.016231562043547264,4.2502257944565915,0.01,-0.005,-0.015,8.115425e-05,-6.282193e-05,-0.0049989466
0 days 00:00:12.800000,0.0,-0.149112,0.10594800000000001,9.813924,0.0,0.0,0.0,0.0,0.00034906585039886593,0.00017453292519943296,0.0005235987755982988,0.0,13.09,45.0,1,1,100.0,4,0.0,0.0,0.005,52.6480538,9.7453551,33.96,33.6,52.648046699999995,9.745350499999999,0.012566370614359171,-0.016231562043547264,4.2502257944565915,0.01,-0.005,-0.015,8.115425e-05,-6.282193e-05,-0.0049989466
0 days 00:00:12.810000,0.0,-0.17658000000000004,0.10987200000000001,9.806076000000001,0.0,0.0,0.0,0.0,0.0005235987755982988,-0.0005235987755982988,0.0005235987755982988,0.0,13.09,45.0,1,1,100.0,4,0.0,0.0,0.005,52.6480538,9.7453551,33.96,33.6,52.648046699999995,9.745350499999999,0.012566370614359171,-0.016231562043547264,4.2502257944565915,0.01,-0.005,-0.015,8.115425e-05,-6.282193e-05,-0.0049989466
0 days 00:00:12.820000,0.0,-0.153036,0.11772,9.794304,0.0,0.0,0.0,0.0,0.00017453292519943296,-0.00034906585039886593,0.00034906585039886593,0.0,13.09,45.0,1,1,100.0,4,0.0,0.0,0.005,52.6480538,9.7453551,33.96,33.6,52.648046699999995,9.745350499999999,0.012566370614359171,-0.016231562043547264,4.2502257944565915,0.01,-0.005,-0.015,8.115425e-05,-6.282193e-05,-0.0049989466
0 days 00:00:12.830000,0.0,-0.149112,0.11379600000000001,9.813924,0.0,0.0,0.0,0.0,0.00017453292519943296,0.0,0.00034906585039886593,0.0,13.09,45.0,1,1,100.0,4,0.005,0.005,0.005,52.6480538,9.7453551,33.95,33.6,52.648046699999995,9.7453504,0.012566370614359171,-0.016231562043547264,4.2502257944565915,0.0,-0.02,-0.03,0.0050804955,0.004937803,-0.004980629
0 days 00:00:12.840000,0.00011792765216177902,-0.15696000000000002,0.12164400000000002,9.81,0.0,0.0,0.0,0.0,0.00034906585039886593,-0.00034906585039886593,0.00017453292519943296,0.0,13.09,45.0,1,1,100.0,4,0.005,0.005,0.005,52.6480538,9.7453551,33.95,33.6,52.648046699999995,9.745350499999999,0.012566370614359171,-0.016231562043547264,4.2502257944565915,0.0,-0.02,-0.03,0.0050804955,0.004937803,-0.004980629
0 days 00:00:12.850000,0.00011792765216177902,-0.15696000000000002,0.11379600000000001,9.806076000000001,0.0,0.0,0.0,0.0,0.00017453292519943296,-0.00017453292519943296,0.00034906585039886593,0.0,13.09,45.0,1,1,100.0,4,0.005,0.005,0.005,52.6480538,9.7453551,33.95,33.6,52.648046699999995,9.745350499999999,0.012566370614359171,-0.016231562043547264,4.2502257944565915,0.0,-0.02,-0.03,0.0050804955,0.004937803,-0.004980629
0 days 00:00:12.860000,0.00011792765216177902,-0.14126400000000003,0.12164400000000002,9.794304,0.0,0.0,0.0,0.0,-0.00017453292519943296,0.0,0.00017453292519943296,0.0,13.09,45.0,1,1,100.0,4,0.005,0.005,0.005,52.6480538,9.7453551,33.95,33.6,52.648046699999995,9.745350499999999,0.012566370614359171,-0.016231562043547264,4.2502257944565915,0.0,-0.02,-0.03,0.0050804955,0.004937803,-0.004980629
0 days 00:00:12.870000,0.00023585530432355804,-0.149112,0.11379600000000001,9.817848000000001,0.0,0.0,0.0,0.0,0.0,0.0,0.00017453292519943296,0.0,13.09,45.0,1,1,100.0,4,0.005,0.005,0.005,52.6480538,9.7453551,33.95,33.6,52.648046699999995,9.745350499999999,0.012566370614359171,-0.016231562043547264,4.2502257944565915,0.0,-0.02,-0.03,0.0050804955,0.004937803,-0.004980629
0 days 00:00:12.880000,0.00023585530432355804,-0.153036,0.125568,9.79038,0.0,0.0,0.0,0.0,-0.00034906585039886593,-0.00017453292519943296,0.00017453292519943296,0.0,13.09,45.0,1,1,100.0,4,0.0,0.0,0.005,52.6480539,9.745355,33.95,33.6,52.648046699999995,9.745350499999999,0.012566370614359171,-0.016231562043547264,4.2502257944565915,0.005,0.015,-0.01,8.115425e-05,-6.282193e-05,-0.0049989466
0 days 00:00:12.890000,0.00029481913040444753,-0.145188,0.10202400000000002,9.821772000000001,0.0,0.0,0.0,0.0,0.0,0.00034906585039886593,0.00034906585039886593,0.0,13.09,45.0,1,1,100.0,4,0.0,0.0,0.005,52.6480539,9.745355,33.95,33.6,52.648046699999995,9.745350499999999,0.012566370614359171,-0.016231562043547264,4.2502257944565915,0.005,0.015,-0.01,8.115425e-05,-6.282193e-05,-0.0049989466
0 days 00:00:12.900000,0.0003537829564853371,-0.16088400000000003,0.125568,9.79038,0.0,0.0,0.0,0.0,-0.00034906585039886593,0.0,0.00034906585039886593,0.0,13.09,45.0,1,1,100.0,4,0.0,0.0,0.005,52.6480539,9.745355,33.95,33.6,52.648046699999995,9.745350499999999,0.012566370614359171,-0.016231562043547264,4.2502257944565915,0.005,0.015,-0.01,8.115425e-05,-6.282193e-05,-0.0049989466
0 days 00:00:12.910000,0.0004717106086471161,-0.11772,0.129492,9.798228,0.0,0.0,0.0,0.0,-0.00034906585039886593,0.00017453292519943296,0.00017453292519943296,0.0,13.09,45.0,1,1,100.0,4,0.0,0.0,0.005,52.6480539,9.745355,33.95,33.6,52.648046699999995,9.745350499999999,0.012566370614359171,-0.016231562043547264,4.2502257944565915,0.005,0.015,-0.01,8.115425e-05,-6.282193e-05,-0.0049989466
0 days 00:00:12.920000,0.0005896382608088951,-0.149112,0.12164400000000002,9.79038,0.0,0.0,0.0,0.0,-0.00034906585039886593,0.00017453292519943296,0.00017453292519943296,0.0,13.09,45.0,1,1,100.0,4,0.0,0.0,0.005,52.6480539,9.745355,33.95,33.6,52.648046699999995,9.745350499999999,0.012566370614359171,-0.016231562043547264,4.2502257944565915,0.005,0.015,-0.01,8.115425e-05,-6.282193e-05,-0.0049989466
0 days 00:00:12.930000,0.0005896382608088951,-0.145188,0.11379600000000001,9.786456000000001,0.0,0.0,0.0,0.0,-0.00034906585039886593,0.0,0.0,0.0,13.09,45.0,1,1,100.0,4,0.0,-0.005,0.005,52.6480539,9.745355,33.95,33.6,52.648046699999995,9.745350499999999,0.012566370614359171,-0.016231562043547264,4.2502257944565915,0.005,0.01,0.025,-0.0049181874,-6.384171e-05,-0.005080094
0 days 00:00:12.940000,0.0007075659129706742,-0.14126400000000003,0.10987200000000001,9.806076000000001,0.0,0.0,0.0,0.0,-0.00017453292519943296,0.0005235987755982988,0.00034906585039886593,0.0,13.09,45.0,1,1,100.0,4,0.0,-0.005,0.005,52.6480539,9.745355,33.95,33.6,52.648046699999995,9.745350499999999,0.012566370614359171,-0.016231562043547264,4.2502257944565915,0.005,0.01,0.025,-0.0049181874,-6.384171e-05,-0.005080094
0 days 00:00:12.950000,0.000825493565132453,-0.145188,0.125568,9.782532000000002,0.0,0.0,0.0,0.0,-0.00034906585039886593,0.00034906585039886593,0.00017453292519943296,0.0,13.09,45.0,1,1,100.0,4,0.0,-0.005,0.005,52.6480539,9.745355,33.95,33.6,52.648046699999995,9.745350499999999,0.012566370614359171,-0.016231562043547264,4.2502257944565915,0.005,0.01,0.025,-0.0049181874,-6.384171e-05,-0.005080094
0 days 00:00:12.960000,0.0009434212172942321,-0.153036,0.10594800000000001,9.81,0.0,0.0,0.0,0.0,0.0,0.00017453292519943296,0.0005235987755982988,0.0,13.09,44.85,1,1,100.0,4,0.0,-0.005,0.005,52.6480539,9.745355,33.95,33.6,52.648046699999995,9.745350499999999,0.012566370614359171,-0.016231562043547264,4.2502257944565915,0.005,0.01,0.025,-0.0049181874,-6.384171e-05,-0.005080094
0 days 00:00:12.970000,0.0010613488694560112,-0.14126400000000003,0.10987200000000001,9.794304,0.0,0.0,0.0,0.0,0.0,0.00034906585039886593,0.00034906585039886593,0.0,13.09,44.7,1,1,100.0,4,0.0,-0.005,0.005,52.6480539,9.745355,33.95,33.6,52.648046699999995,9.745350499999999,0.012566370614359171,-0.016231562043547264,4.2502257944565915,0.005,0.01,0.025,-0.0049181874,-6.384171e-05,-0.005080094
0 days 00:00:12.980000,0.0010613488694560112,-0.149112,0.11772,9.821772000000001,0.0,0.0,0.0,0.0,0.0,0.0005235987755982988,0.0005235987755982988,0.0,13.09,44.55,1,1,100.0,4,0.0,-0.005,0.005,52.6480539,9.745355,33.95,33.6,52.648046699999995,9.745350499999999,0.012566370614359171,-0.016231562043547264,4.2502257944565915,0.0,0.0,-0.025,-0.0049181874,-6.384171e-05,-0.005080094
0 days 00:00:12.990000,0.0011792765216177901,-0.16873200000000002,0.11772,9.813924,0.0,0.0,0.0,0.0,0.00034906585039886593,-0.00017453292519943296,0.0005235987755982988,0.0,13.09,44.39999999999999,1,1,100.0,4,0.0,-0.005,0.005,52.6480539,9.745355,33.95,33.6,52.648046699999995,9.745350499999999,0.012566370614359171,-0.016231562043547264,4.2502257944565915,0.0,0.0,-0.025,-0.0049181874,-6.384171e-05,-0.005080094
0 days 00:00:13,0.0012972041737795694,-0.133416,0.11772,9.81,0.0,0.0,0.0,0.0,0.0,0.00017453292519943296,0.0005235987755982988,0.0,13.09,44.099999999999994,1,1,100.0,4,0.0,-0.005,0.005,52.6480539,9.745355,33.95,33.6,52.648046699999995,9.745350499999999,0.012566370614359171,-0.016231562043547264,4.2502257944565915,0.0,0.0,-0.025,-0.0049181874,-6.384171e-05,-0.005080094
0 days 00:00:13.010000,0.0012972041737795694,-0.153036,0.125568,9.825696,0.0,0.0,0.0,0.0,-0.00017453292519943296,0.0006981317007977319,0.0005235987755982988,0.0,13.09,43.8,1,1,100.0,4,0.0,0.0,0.005,52.6480539,9.745355,33.95,33.6,52.648046699999995,9.745350499999999,0.012566370614359171,-0.016231562043547264,4.2502257944565915,0.0,0.0,-0.025,8.115425e-05,-6.282193e-05,-0.0049989466
0 days 00:00:13.020000,0.0012972041737795694,-0.20797200000000002,0.11379600000000001,9.81,0.0,0.0,0.0,0.0,-0.00034906585039886593,-0.0005235987755982988,0.0006981317007977319,0.0,13.09,43.199999999999996,1,1,100.0,4,0.0,-0.005,0.005,52.6480539,9.745355,33.95,33.6,52.648046699999995,9.745350499999999,0.012566370614359171,-0.016231562043547264,4.2502257944565915,0.0,0.0,-0.025,-0.0049181874,-6.384171e-05,-0.005080094
0 days 00:00:13.030000,0.0014151318259413483,-0.149112,0.125568,9.81,0.0,0.0,0.0,0.0,-0.00034906585039886593,-0.00034906585039886593,0.0005235987755982988,0.0,13.09,42.599999999999994,1,1,100.0,4,0.0,0.0,-0.0,52.6480539,9.745355,33.94,33.6,52.648046699999995,9.745350499999999,0.012566370614359171,-0.016231562043547264,4.2502257944565915,0.005,0.0,0.035,0.0,0.0,0.0
0 days 00:00:13.040000,0.0014151318259413483,-0.149112,0.11772,9.837468000000001,0.0,0.0,0.0,0.0,-0.0005235987755982988,0.0006981317007977319,0.0005235987755982988,0.0,13.09,41.699999999999996,1,1,100.0,4,0.0,0.0,-0.0,52.6480539,9.745355,33.94,33.6,52.648046699999995,9.745350499999999,0.012566370614359171,-0.016231562043547264,4.2502257944565915,0.005,0.0,0.035,0.0,0.0,0.0
0 days 00:00:13.050000,0.0014151318259413483,-0.20797200000000002,0.11772,9.802152000000001,0.0,0.0,0.0,0.0,-0.0005235987755982988,-0.0008726646259971648,0.0005235987755982988,0.0,13.09,40.8,1,1,100.0,4,0.0,-0.005,-0.0,52.6480539,9.745355,33.94,33.6,52.648046699999995,9.745350499999999,0.012566370614359171,-0.016231562043547264,4.2502257944565915,0.005,0.0,0.035,-0.0049993414,-1.0197875e-06,-8.114784e-05
0 days 00:00:13.060000,0.0014151318259413483,-0.149112,0.12164400000000002,9.813924,0.0,0.0,0.0,0.0,-0.0006981317007977319,-0.00017453292519943296,0.0006981317007977319,0.0,13.09,39.449999999999996,1,1,100.0,4,0.0,-0.005,-0.0,52.6480539,9.745355,33.94,33.6,52.648046699999995,9.745350499999999,0.012566370614359171,-0.016231562043547264,4.2502257944565915,0.005,0.0,0.035,-0.0049993414,-1.0197875e-06,-8.114784e-05
0 days 00:00:13.070000,0.0014151318259413483,-0.15696000000000002,0.11772,9.841392,0.0,0.0,0.0,0.0,-0.0006981317007977319,0.00034906585039886593,0.0005235987755982988,0.0,13.09,38.099999999999994,1,1,100.0,4,0.0,-0.005,-0.0,52.6480539,9.745355,33.94,33.6,52.648046699999995,9.745350499999999,0.012566370614359171,-0.016231562043547264,4.2502257944565915,0.005,0.0,0.035,-0.0049993414,-1.0197875e-06,-8.114784e-05
0 days 00:00:13.080000,0.0014151318259413483,-0.1962,0.10987200000000001,9.802152000000001,0.0,0.0,0.0,0.0,-0.00034906585039886593,-0.0010471975511965976,0.0005235987755982988,0.0,13.09,36.15,1,1,100.0,4,-0.005,-0.005,-0.0,52.6480539,9.745354899999999,33.980000000000004,33.6,52.648046699999995,9.745350499999999,0.012566370614359171,-0.016231562043547264,4.2502257944565915,0.0,0.01,0.005,-0.0049993414,-0.005000625,-1.8317638e-05
0 days 00:00:13.090000,0.0012972041737795694,-0.14126400000000003,0.10987200000000001,9.825696,0.0,0.0,0.0,0.0,-0.00034906585039886593,0.0,0.0005235987755982988,0.0,13.09,34.2,1,1,100.0,4,-0.005,-0.005,-0.0,52.6480539,9.745354899999999,33.980000000000004,33.6,52.648046699999995,9.745350499999999,0.012566370614359171,-0.016231562043547264,4.2502257944565915,0.0,0.01,0.005,-0.0049993414,-0.005000625,-1.8317638e-05
0 days 00:00:13.100000,0.0012972041737795694,-0.16480800000000004,0.11772,9.825696,0.0,0.0,0.0,0.0,-0.00034906585039886593,0.00017453292519943296,0.0005235987755982988,0.0,13.09,31.8,1,1,100.0,4,-0.005,-0.005,-0.0,52.6480539,9.745354899999999,33.980000000000004,33.6,52.648046699999995,9.745350499999999,0.012566370614359171,-0.016231562043547264,4.2502257944565915,0.0,0.01,0.005,-0.0049993414,-0.005000625,-1.8317638e-05
0 days 00:00:13.110000,0.0012972041737795694,-0.180504,0.125568,9.774684,0.0,0.0,0.0,0.0,-0.0005235987755982988,-0.0006981317007977319,0.00034906585039886593,0.0,13.09,29.4,1,1,100.0,4,-0.005,-0.005,-0.0,52.6480539,9.745354899999999,33.980000000000004,33.6,52.648046699999995,9.745350499999999,0.012566370614359171,-0.016231562043547264,4.2502257944565915,0.0,0.01,0.005,-0.0049993414,-0.005000625,-1.8317638e-05
0 days 00:00:13.120000,0.0014151318259413483,-0.145188,0.09417600000000001,9.837468000000001,0.0,0.0,0.0,0.0,0.0,0.00034906585039886593,0.00034906585039886593,0.0,13.09,27.45,1,1,100.0,4,-0.005,-0.005,-0.0,52.6480539,9.745354899999999,33.980000000000004,33.6,52.648046699999995,9.745350499999999,0.012566370614359171,-0.016231562043547264,4.2502257944565915,0.0,0.01,0.005,-0.0049993414,-0.005000625,-1.8317638e-05
0 days 00:00:13.130000,0.0014151318259413483,-0.18835200000000002,0.12164400000000002,9.82962,0.0,0.0,0.0,0.0,0.00017453292519943296,-0.00034906585039886593,0.00017453292519943296,0.0,13.09,25.5,1,1,100.0,4,0.0,0.0,-0.0,52.6480538,9.745354899999999,33.980000000000004,33.6,52.648046699999995,9.745350499999999,0.012566370614359171,-0.016231562043547264,4.2502257944565915,0.005,-0.01,-0.015,0.0,0.0,0.0
0 days 00:00:13.140000,0.0014151318259413483,-0.17658000000000004,0.10594800000000001,9.778608,0.0,0.0,0.0,0.0,-0.00017453292519943296,-0.0008726646259971648,0.00034906585039886593,0.0,13.09,23.849999999999998,1,1,100.0,4,0.0,0.0,-0.0,52.6480538,9.745354899999999,33.980000000000004,33.6,52.648046699999995,9.745350499999999,0.012566370614359171,-0.016231562043547264,4.2502257944565915,0.005,-0.01,-0.015,0.0,0.0,0.0
0 days 00:00:13.150000,0.0014151318259413483,-0.133416,0.10202400000000002,9.806076000000001,0.0,0.0,0.0,0.0,-0.00034906585039886593,0.00034906585039886593,0.0005235987755982988,0.0,13.09,22.199999999999996,1,1,100.0,4,0.0,0.0,-0.0,52.6480538,9.745354899999999,33.980000000000004,33.6,52.648046699999995,9.745350499999999,0.012566370614359171,-0.016231562043547264,4.2502257944565915,0.005,-0.01,-0.015,0.0,0.0,0.0
0 days 00:00:13.160000,0.0014151318259413483,-0.192276,0.10202400000000002,9.821772000000001,0.0,0.0,0.0,0.0,0.0,-0.0006981317007977319,0.0005235987755982988,0.0,13.09,20.999999999999996,1,1,100.0,4,0.0,0.0,-0.0,52.6480538,9.745354899999999,33.980000000000004,33.6,52.648046699999995,9.745350499999999,0.012566370614359171,-0.016231562043547264,4.2502257944565915,0.005,-0.01,-0.015,0.0,0.0,0.0
0 days 00:00:13.170000,0.0015330594781031272,-0.145188,0.10987200000000001,9.751140000000001,0.0,0.0,0.0,0.0,-0.0006981317007977319,-0.0008726646259971648,0.00034906585039886593,0.0,13.09,19.799999999999997,1,1,100.0,4,0.0,0.0,-0.0,52.6480538,9.745354899999999,33.980000000000004,33.6,52.648046699999995,9.745350499999999,0.012566370614359171,-0.016231562043547264,4.2502257944565915,0.005,-0.01,-0.015,0.0,0.0,0.0
0 days 00:00:13.180000,0.0015330594781031272,-0.129492,0.10987200000000001,9.817848000000001,0.0,0.0,0.0,0.0,-0.0005235987755982988,0.0005235987755982988,0.00034906585039886593,0.0,13.09,19.349999999999998,1,1,100.0,4,0.0,0.01,-0.0,52.6480538,9.745354899999999,33.980000000000004,33.6,52.648046699999995,9.745350499999999,0.012566370614359171,-0.016231562043547264,4.2502257944565915,-0.01,-0.03,-0.005,0.009998683,2.039575e-06,0.00016229568
0 days 00:00:13.190000,0.0015330594781031272,-0.16480800000000004,0.090252,9.825696,0.0,0.0,0.0,0.0,-0.0005235987755982988,0.00017453292519943296,0.00017453292519943296,0.0,13.09,18.9,1,1,100.0,4,0.0,0.01,-0.0,52.6480538,9.745354899999999,33.980000000000004,33.6,52.648046699999995,9.745350499999999,0.012566370614359171,-0.016231562043547264,4.2502257944565915,-0.01,-0.03,-0.005,0.009998683,2.039575e-06,0.00016229568
0 days 00:00:13.200000,0.0015330594781031272,-0.17265600000000003,0.10987200000000001,9.758988,0.0,0.0,0.0,0.0,-0.0008726646259971648,-0.0010471975511965976,0.00017453292519943296,0.0,13.09,18.75,1,1,100.0,4,0.0,0.01,0.005,52.6480538,9.745354899999999,33.980000000000004,33.6,52.648046699999995,9.745350499999999,0.012391837689159739,-0.016231562043547264,4.2502257944565915,-0.01,-0.03,-0.005,0.010079837,-5.9938186e-05,-0.0048366613
0 days 00:00:13.210000,0.001650987130264906,-0.133416,0.10202400000000002,9.84924,0.0,0.0,0.0,0.0,-0.0005235987755982988,0.0005235987755982988,0.0005235987755982988,0.0,13.09,18.6,1,1,100.0,4,0.0,0.01,-0.0,52.6480538,9.745354899999999,33.980000000000004,33.6,52.648046699999995,9.745350499999999,0.012391837689159739,-0.016231562043547264,4.2502257944565915,-0.01,-0.03,-0.005,0.009998683,2.0112489e-06,0.00016229603
0 days 00:00:13.220000,0.001650987130264906,-0.17658000000000004,0.10987200000000001,9.786456000000001,0.0,0.0,0.0,0.0,-0.0006981317007977319,0.0,0.00017453292519943296,0.0,13.09,18.15,1,1,100.0,4,0.0,0.01,0.005,52.6480538,9.745354899999999,33.980000000000004,33.6,52.648046699999995,9.745350499999999,0.012391837689159739,-0.016231562043547264,4.2502257944565915,-0.01,-0.03,-0.005,0.010079837,-5.9938186e-05,-0.0048366613
0 days 00:00:13.230000,0.001650987130264906,-0.15696000000000002,0.0981,9.770760000000001,0.0,0.0,0.0,0.0,-0.00017453292519943296,-0.0010471975511965976,0.00034906585039886593,0.0,13.09,17.699999999999996,1,1,100.0,4,0.0,0.005,-0.0,52.6480542,9.7453551,33.67,33.6,52.648046699999995,9.7453504,0.012566370614359171,-0.016231562043547264,4.2502257944565915,0.0,0.01,0.01,0.0049993414,1.0197875e-06,8.114784e-05
0 days 00:00:13.240000,0.001650987130264906,-0.09417600000000001,0.10202400000000002,9.825696,0.0,0.0,0.0,0.0,0.0,0.0008726646259971648,0.00034906585039886593,0.0,13.09,17.249999999999996,1,1,100.0,4,0.0,0.005,-0.0,52.6480542,9.7453551,33.67,33.6,52.648046699999995,9.7453504,0.012566370614359171,-0.016231562043547264,4.2502257944565915,0.0,0.01,0.01,0.0049993414,1.0197875e-06,8.114784e-05
0 days 00:00:13.250000,0.001650987130264906,-0.192276,0.10594800000000001,9.79038,0.0,0.0,0.0,0.0,0.00017453292519943296,-0.00017453292519943296,0.00034906585039886593,0.0,13.09,16.799999999999997,1,1,100.0,4,0.0,0.005,-0.0,52.6480542,9.7453551,33.67,33.6,52.648046699999995,9.7453504,0.012566370614359171,-0.016231562043547264,4.2502257944565915,0.0,0.01,0.01,0.0049993414,1.0197875e-06,8.114784e-05
0 days 00:00:13.260000,0.001650987130264906,-0.14126400000000003,0.11379600000000001,9.770760000000001,0.0,0.0,0.0,0.0,0.00017453292519943296,-0.0013962634015954637,0.0005235987755982988,0.0,13.09,16.049999999999997,1,1,100.0,4,0.0,0.005,-0.0,52.6480542,9.7453551,33.67,33.6,52.648046699999995,9.7453504,0.012566370614359171,-0.016231562043547264,4.2502257944565915,0.0,0.01,0.01,0.0049993414,1.0197875e-06,8.114784e-05
0 days 00:00:13.270000,0.0015330594781031272,-0.08632800000000002,0.10987200000000001,9.861012,0.0,0.0,0.0,0.0,0.0005235987755982988,0.0015707963267948967,0.0005235987755982988,0.0,13.09,15.299999999999997,1,1,100.0,4,0.0,0.005,-0.0,52.6480542,9.7453551,33.67,33.6,52.648046699999995,9.745350499999999,0.012566370614359171,-0.016231562043547264,4.2502257944565915,0.0,0.01,0.01,0.0049993414,1.0197875e-06,8.114784e-05
0 days 00:00:13.280000,0.0015330594781031272,-0.20012400000000002,0.11379600000000001,9.762912000000002,0.0,0.0,0.0,0.0,0.00017453292519943296,-0.0005235987755982988,0.0006981317007977319,0.0,13.09,14.249999999999996,1,1,100.0,4,0.0,-0.005,-0.005,52.648053999999995,9.7453551,33.7,33.6,52.648046699999995,9.745350499999999,0.012566370614359171,-0.016231562043547264,4.2502257944565915,0.005,0.025,0.035,-0.0050804955,6.180214e-05,0.0049177986
0 days 00:00:13.290000,0.0015330594781031272,-0.129492,0.11379600000000001,9.81,0.0,0.0,0.0,0.0,0.0006981317007977319,-0.0006981317007977319,0.0005235987755982988,0.0,13.09,13.199999999999996,1,1,100.0,4,0.0,-0.005,-0.005,52.648053999999995,9.7453551,33.7,33.6,52.648046699999995,9.745350499999999,0.012566370614359171,-0.016231562043547264,4.2502257944565915,0.005,0.025,0.035,-0.0050804955,6.180214e-05,0.0049177986
0 days 00:00:13.300000,0.0015330594781031272,-0.11772,0.10987200000000001,9.806076000000001,0.0,0.0,0.0,0.0,0.00034906585039886593,0.0006981317007977319,0.0005235987755982988,0.0,13.09,10.649999999999999,1,1,100.0,4,0.0,-0.005,-0.005,52.648053999999995,9.7453551,33.7,33.6,52.648046699999995,9.745350499999999,0.012566370614359171,-0.016231562043547264,4.2502257944565915,0.005,0.025,0.035,-0.0050804955,6.180214e-05,0.0049177986
0 days 00:00:13.310000,0.0015330594781031272,-0.17265600000000003,0.10594800000000001,9.825696,0.0,0.0,0.0,0.0,0.0006981317007977319,0.0,0.0005235987755982988,0.0,13.09,8.100000000000001,1,1,100.0,4,0.0,-0.005,-0.005,52.648053999999995,9.7453551,33.7,33.6,52.648046699999995,9.745350499999999,0.012566370614359171,-0.016231562043547264,4.2502257944565915,0.005,0.025,0.035,-0.0050804955,6.180214e-05,0.0049177986
0 days 00:00:13.320000,0.0015330594781031272,-0.16480800000000004,0.125568,9.786456000000001,0.0,0.0,0.0,0.0,0.00034906585039886593,-0.0006981317007977319,0.0005235987755982988,0.0,13.09,6.0,1,1,100.0,4,0.0,-0.005,-0.005,52.648053999999995,9.7453551,33.7,33.6,52.648046699999995,9.745350499999999,0.012566370614359171,-0.016231562043547264,4.2502257944565915,0.005,0.025,0.035,-0.0050804955,6.180214e-05,0.0049177986
0 days 00:00:13.330000,0.0015330594781031272,-0.10987200000000001,0.11379600000000001,9.825696,0.0,0.0,0.0,0.0,0.00034906585039886593,0.0012217304763960308,0.0005235987755982988,0.0,13.09,3.8999999999999986,1,1,100.0,4,0.005,0.0,-0.005,52.648053999999995,9.7453551,33.71,33.6,52.648046699999995,9.745350499999999,0.012566370614359171,-0.016231562043547264,4.2502257944565915,0.01,-0.01,0.02,-8.115425e-05,0.005062427,0.0049361163
0 days 00:00:13.340000,0.0015330594781031272,-0.23544,0.14126400000000003,9.806076000000001,0.0,0.0,0.0,0.0,0.0,-0.00017453292519943296,0.0005235987755982988,0.0,13.09,2.2499999999999982,1,1,100.0,4,0.005,-0.005,-0.005,52.648053999999995,9.7453551,33.71,33.6,52.648046699999995,9.745350499999999,0.012566370614359171,-0.016231562043547264,4.2502257944565915,0.01,-0.01,0.02,-0.0050804955,0.005061407,0.0048549683
0 days 00:00:13.350000,0.0015330594781031272,-0.20797200000000002,0.11772,9.774684,0.0,0.0,0.0,0.0,0.0,-0.0012217304763960308,0.0005235987755982988,0.0,13.09,0.5999999999999979,1,1,100.0,4,0.005,-0.005,-0.005,52.648053999999995,9.7453551,33.71,33.6,52.648046699999995,9.745350499999999,0.012566370614359171,-0.016231562043547264,4.2502257944565915,0.01,-0.01,0.02,-0.0050804955,0.005061407,0.0048549683
0 days 00:00:13.360000,0.0015330594781031272,-0.16873200000000002,0.145188,9.825696,0.0,0.0,0.0,0.0,-0.00017453292519943296,0.0015707963267948967,0.0005235987755982988,2.0,13.09,0.4499999999999975,1,1,100.0,4,0.005,-0.005,-0.005,52.648053999999995,9.7453551,33.71,33.6,52.648046699999995,9.745350499999999,0.012566370614359171,-0.016231562043547264,4.2502257944565915,0.01,-0.01,0.02,-0.0050804955,0.005061407,0.0048549683
0 days 00:00:13.370000,0.0015330594781031272,-0.29430000000000006,0.12164400000000002,9.798228,0.0,0.0,0.0,0.0,-0.0005235987755982988,0.00017453292519943296,0.0005235987755982988,4.0,13.09,0.29999999999999716,1,1,100.0,4,0.005,-0.005,-0.005,52.648053999999995,9.7453551,33.71,33.6,52.648046699999995,9.745350499999999,0.012566370614359171,-0.016231562043547264,4.2502257944565915,0.01,-0.01,0.02,-0.0050804955,0.005061407,0.0048549683
0 days 00:00:13.380000,0.0015330594781031272,-0.258984,0.11772,9.755064,0.0,0.0,0.0,0.0,-0.0006981317007977319,-0.0010471975511965976,0.0010471975511965976,6.0,13.09,0.29999999999999716,1,1,100.0,4,0.005,-0.005,-0.005,52.648053999999995,9.7453551,33.71,33.6,52.648046699999995,9.745350499999999,0.012566370614359171,-0.016231562043547264,4.2502257944565915,0.0,-0.005,0.02,-0.0050804955,0.005061407,0.0048549683
0 days 00:00:13.390000,0.0015330594781031272,-0.184428,0.129492,9.81,0.0,0.0,0.0,0.0,-0.0008726646259971648,0.0015707963267948967,0.0010471975511965976,8.0,13.09,0.29999999999999716,1,1,100.0,4,0.005,-0.005,-0.005,52.648053999999995,9.7453551,33.71,33.6,52.648046699999995,9.745350499999999,0.012566370614359171,-0.016231562043547264,4.2502257944565915,0.0,-0.005,0.02,-0.0050804955,0.005061407,0.0048549683
0 days 00:00:13.400000,0.0015330594781031272,-0.298224,0.125568,9.770760000000001,0.0,0.0,0.0,0.0,-0.0010471975511965976,-0.0012217304763960308,0.0010471975511965976,9.0,13.09,0.29999999999999716,1,1,100.0,4,0.005,-0.005,-0.005,52.648053999999995,9.7453551,33.71,33.6,52.648046699999995,9.745350499999999,0.012566370614359171,-0.016231562043547264,4.2502257944565915,0.0,-0.005,0.02,-0.0050804955,0.005061407,0.0048549683
0 days 00:00:13.410000,0.0015330594781031272,-0.20797200000000002,0.12164400000000002,9.770760000000001,0.0,0.0,0.0,0.0,-0.0012217304763960308,-0.0006981317007977319,0.0008726646259971648,11.0,13.09,0.29999999999999716,1,1,100.0,4,0.005,-0.005,-0.005,52.648053999999995,9.7453551,33.71,33.6,52.648046699999995,9.745350499999999,0.012566370614359171,-0.016231562043547264,4.2502257944565915,0.0,-0.005,0.02,-0.0050804955,0.005061407,0.0048549683
0 days 00:00:13.420000,0.0015330594781031272,-0.24721200000000002,0.10594800000000001,9.802152000000001,0.0,0.0,0.0,0.0,-0.0012217304763960308,0.00017453292519943296,0.0012217304763960308,12.0,13.09,0.29999999999999716,1,1,100.0,4,0.005,-0.005,-0.005,52.648053999999995,9.7453551,33.71,33.6,52.648046699999995,9.745350499999999,0.012391837689159739,-0.016231562043547264,4.2502257944565915,0.0,-0.005,0.02,-0.0050804955,0.0050605596,0.0048558516
0 days 00:00:13.430000,0.0015330594781031272,-0.278604,0.133416,9.758988,0.0,0.0,0.0,0.0,-0.0013962634015954637,-0.0024434609527920616,0.0008726646259971648,14.0,13.09,0.29999999999999716,1,1,100.0,4,0.005,-0.01,-0.005,52.648054099999996,9.7453551,33.71,33.6,52.648046699999995,9.745350499999999,0.012391837689159739,-0.016231562043547264,4.2502257944565915,0.01,0.0,0.015,-0.010079837,0.0050595542,0.0047747036
0 days 00:00:13.440000,0.0015330594781031272,-0.180504,0.129492,9.770760000000001,0.0,0.0,0.0,0.0,-0.0013962634015954637,-0.0012217304763960308,0.0008726646259971648,16.0,13.09,0.1499999999999986,1,1,100.0,4,0.005,-0.01,-0.005,52.648054099999996,9.7453551,33.71,33.6,52.648046699999995,9.745350499999999,0.012391837689159739,-0.016231562043547264,4.25040032738179,0.01,0.0,0.015,-0.010079837,0.0050595542,0.0047747036
0 days 00:00:13.450000,0.0015330594781031272,-0.20404800000000003,0.11772,9.802152000000001,0.0,0.0,0.0,0.0,-0.0008726646259971648,-0.0013962634015954637,0.0006981317007977319,18.0,13.09,0.0,1,1,100.0,4,0.005,-0.01,-0.005,52.648054099999996,9.7453551,33.71,33.6,52.648046699999995,9.745350499999999,0.012391837689159739,-0.016057029118347832,4.25040032738179,0.01,0.0,0.015,-0.010078993,0.005059576,0.004776463
0 days 00:00:13.460000,0.0015330594781031272,-0.23936400000000002,0.10202400000000002,9.766836000000001,0.0,0.0,0.0,0.0,-0.0006981317007977319,-0.003316125578789226,0.0008726646259971648,16.0,13.09,0.0,1,1,100.0,4,0.005,-0.01,-0.005,52.648054099999996,9.7453551,33.71,33.6,52.648046699999995,9.745350499999999,0.012391837689159739,-0.016057029118347832,4.25040032738179,0.01,0.0,0.015,-0.010078993,0.005059576,0.004776463
0 days 00:00:13.470000,0.0015330594781031272,-0.14126400000000003,0.13734000000000002,9.79038,0.0,0.0,0.0,0.0,-0.0008726646259971648,-0.0027925268031909274,0.0005235987755982988,14.0,13.09,0.0,1,1,100.0,4,0.005,-0.01,-0.005,52.648054099999996,9.7453551,33.71,33.6,52.648046699999995,9.745350499999999,0.012391837689159739,-0.016057029118347832,4.25040032738179,0.01,0.0,0.015,-0.010078993,0.005059576,0.004776463
0 days 00:00:13.480000,0.0015330594781031272,-0.17265600000000003,0.14126400000000003,9.82962,0.0,0.0,0.0,0.0,-0.00034906585039886593,-0.003490658503988659,0.00034906585039886593,13.0,13.09,0.0,1,1,100.0,4,0.005,-0.015,-0.01,52.648054099999996,9.7453551,33.72,33.6,52.648046699999995,9.745350499999999,0.012391837689159739,-0.016057029118347832,4.25040032738179,0.01,0.015,0.05,-0.01515863,0.005120531,0.009695158
0 days 00:00:13.490000,0.0015330594781031272,-0.21974400000000002,0.133416,9.786456000000001,0.0,0.0,0.0,0.0,-0.00034906585039886593,-0.005235987755982988,0.0008726646259971648,12.0,13.09,0.0,1,1,100.0,4,0.005,-0.015,-0.01,52.648054099999996,9.7453551,33.72,33.6,52.648046699999995,9.745350499999999,0.012391837689159739,-0.016057029118347832,4.25040032738179,0.01,0.015,0.05,-0.01515863,0.005120531,0.009695158
0 days 00:00:13.500000,0.0015330594781031272,-0.09417600000000001,0.145188,9.79038,0.0,0.0,0.0,0.0,-0.00034906585039886593,-0.005061454830783556,0.0005235987755982988,10.0,13.09,-0.3000000000000007,1,1,100.0,4,0.005,-0.01,-0.01,52.648054099999996,9.7453551,33.72,33.6,52.648046699999995,9.745350499999999,0.012391837689159739,-0.0158824961931484,4.25040032738179,0.01,0.015,0.05,-0.010157557,0.0051215473,0.009777207
0 days 00:00:13.510000,0.0015330594781031272,-0.14126400000000003,0.10987200000000001,9.813924,0.0,0.0,0.0,0.0,0.0,-0.005235987755982988,0.0008726646259971648,9.0,13.09,-0.6000000000000014,1,1,100.0,4,0.005,-0.01,-0.01,52.648054099999996,9.7453551,33.72,33.6,52.648046699999995,9.745350499999999,0.012391837689159739,-0.0158824961931484,4.25040032738179,0.01,0.015,0.05,-0.010157557,0.0051215473,0.009777207
0 days 00:00:13.520000,0.0015330594781031272,-0.13734000000000002,0.129492,9.758988,0.0,0.0,0.0,0.0,-0.0005235987755982988,-0.005759586531581288,0.0006981317007977319,7.0,13.09,-0.6000000000000014,1,1,100.0,4,0.005,-0.01,-0.01,52.648054099999996,9.7453551,33.72,33.6,52.648046699999995,9.745350499999999,0.012391837689159739,-0.0158824961931484,4.25040032738179,0.01,0.015,0.05,-0.010157557,0.0051215473,0.009777207
0 days 00:00:13.530000,0.0015330594781031272,-0.149112,0.11772,9.778608,0.0,0.0,0.0,0.0,-0.0008726646259971648,-0.005235987755982988,0.0010471975511965976,7.0,13.09,-0.6000000000000014,1,1,100.0,4,0.005,0.0,-0.005,52.648054099999996,9.745355199999999,33.72,33.6,52.648046699999995,9.745350499999999,0.012391837689159739,-0.0158824961931484,4.25040032738179,0.0,-0.02,-0.005,-7.940915e-05,0.005061566,0.004937028
0 days 00:00:13.540000,0.0015330594781031272,-0.153036,0.09417600000000001,9.774684,0.0,0.0,0.0,0.0,-0.0012217304763960308,-0.005235987755982988,0.0006981317007977319,6.0,13.09,-0.6000000000000014,1,1,100.0,4,0.005,0.0,-0.005,52.648054099999996,9.745355199999999,33.72,33.6,52.648046699999995,9.745350499999999,0.012391837689159739,-0.015707963267948967,4.25040032738179,0.0,-0.02,-0.005,-7.8536585e-05,0.0050615664,0.0049370416
0 days 00:00:13.550000,0.0015330594781031272,-0.17265600000000003,0.08240400000000002,9.786456000000001,0.0,0.0,0.0,0.0,-0.0013962634015954637,-0.005759586531581288,0.0006981317007977319,6.0,13.09,-0.6000000000000014,1,1,100.0,4,0.005,0.0,-0.005,52.648054099999996,9.745355199999999,33.72,33.6,52.648046699999995,9.745350499999999,0.012391837689159739,-0.015707963267948967,4.25040032738179,0.0,-0.02,-0.005,-7.8536585e-05,0.0050615664,0.0049370416
0 days 00:00:13.560000,0.0015330594781031272,-0.125568,0.0981,9.806076000000001,0.0,0.0,0.0,0.0,-0.0019198621771937623,-0.005585053606381855,0.00034906585039886593,6.0,13.09,-0.45000000000000107,1,1,100.0,4,0.005,0.0,-0.005,52.648054099999996,9.745355199999999,33.72,33.6,52.648046699999995,9.745350499999999,0.012391837689159739,-0.015707963267948967,4.25040032738179,0.0,-0.02,-0.005,-7.8536585e-05,0.0050615664,0.0049370416
0 days 00:00:13.570000,0.0015330594781031272,-0.125568,0.09417600000000001,9.806076000000001,0.0,0.0,0.0,0.0,-0.0022689280275926286,-0.005759586531581288,0.00034906585039886593,6.0,13.09,-0.3000000000000007,1,1,100.0,4,0.005,0.0,-0.005,52.648054099999996,9.745355199999999,33.72,33.6,52.648046699999995,9.745350499999999,0.012391837689159739,-0.015533430342749533,4.25040032738179,0.0,-0.02,-0.005,-7.766402e-05,0.0050615664,0.004937055
0 days 00:00:13.580000,0.0015330594781031272,-0.08632800000000002,0.0981,9.802152000000001,0.0,0.0,0.0,0.0,-0.0020943951023931952,-0.006108652381980153,0.00017453292519943296,6.0,13.09,-0.45000000000000107,1,1,100.0,4,0.0,-0.005,-0.0,52.648054099999996,9.745355199999999,33.72,33.6,52.648046699999995,9.745350499999999,0.012391837689159739,-0.015533430342749533,4.25040032738179,0.01,0.025,-0.025,-0.004999397,-9.623753e-07,-7.7658064e-05
0 days 00:00:13.590000,0.0015330594781031272,-0.07063200000000001,0.11772,9.79038,0.0,0.0,0.0,0.0,-0.0024434609527920616,-0.005759586531581288,0.0,6.0,13.09,-0.6000000000000014,1,1,100.0,4,0.0,-0.005,-0.0,52.648054099999996,9.745355199999999,33.72,33.6,52.648046699999995,9.745350499999999,0.012391837689159739,-0.015533430342749533,4.25040032738179,0.01,0.025,-0.025,-0.004999397,-9.623753e-07,-7.7658064e-05
0 days 00:00:13.600000,0.0015330594781031272,-0.062784,0.10594800000000001,9.821772000000001,0.0,0.0,0.0,0.0,-0.0020943951023931952,-0.004886921905584123,0.0,6.0,13.09,-0.45000000000000107,1,1,100.0,4,0.0,-0.005,-0.0,52.648054099999996,9.745355199999999,33.72,33.6,52.648046699999995,9.745350499999999,0.012391837689159739,-0.0153588974175501,4.25040032738179,0.01,0.025,-0.025,-0.00499941,-9.5156304e-07,-7.6785574e-05
0 days 00:00:13.610000,0.0015330594781031272,-0.09417600000000001,0.10594800000000001,9.770760000000001,0.0,0.0,0.0,0.0,-0.0022689280275926286,-0.005061454830783556,0.0,7.0,13.09,-0.3000000000000007,1,1,100.0,4,0.0,-0.005,-0.0,52.648054099999996,9.745355199999999,33.72,33.6,52.648046699999995,9.745350499999999,0.012217304763960308,-0.0153588974175501,4.25040032738179,0.01,0.025,-0.025,-0.00499941,-9.3816146e-07,-7.6785735e-05
0 days 00:00:13.620000,0.0015330594781031272,-0.08240400000000002,0.12164400000000002,9.794304,0.0,0.0,0.0,0.0,-0.0022689280275926286,-0.0041887902047863905,0.0,7.0,13.09,-0.3000000000000007,1,1,100.0,4,0.0,-0.005,-0.0,52.648054099999996,9.745355199999999,33.72,33.6,52.648046699999995,9.745350499999999,0.012217304763960308,-0.0153588974175501,4.25040032738179,0.01,0.025,-0.025,-0.00499941,-9.3816146e-07,-7.6785735e-05
0 days 00:00:13.630000,0.0015330594781031272,-0.090252,0.10594800000000001,9.817848000000001,0.0,0.0,0.0,0.0,-0.0019198621771937623,-0.003490658503988659,-0.00017453292519943296,8.0,13.09,-0.3000000000000007,1,1,100.0,4,-0.005,0.0,-0.0,52.648054099999996,9.745355199999999,33.730000000000004,33.6,52.648046699999995,9.745350499999999,0.012217304763960308,-0.0153588974175501,4.25040032738179,-0.005,0.0,-0.01,0.0,-0.004999627,6.1085004e-05
0 days 00:00:13.640000,0.0015330594781031272,-0.11379600000000001,0.090252,9.813924,0.0,0.0,0.0,0.0,-0.0015707963267948967,-0.0038397243543875246,0.0,8.0,13.09,-0.3000000000000007,1,1,100.0,4,-0.005,0.0,-0.0,52.648054099999996,9.745355199999999,33.730000000000004,33.6,52.648046699999995,9.745350499999999,0.012217304763960308,-0.015184364492350668,4.25040032738179,-0.005,0.0,-0.01,0.0,-0.004999627,6.1085004e-05
0 days 00:00:13.650000,0.0015330594781031272,-0.07063200000000001,0.10202400000000002,9.853164,0.0,0.0,0.0,0.0,-0.0013962634015954637,-0.002617993877991494,-0.00034906585039886593,7.0,13.09,-0.3000000000000007,1,1,100.0,4,-0.005,0.005,-0.0,52.648054099999996,9.745355199999999,33.730000000000004,33.6,52.648046699999995,9.745350499999999,0.012217304763960308,-0.015184364492350668,4.2502257944565915,-0.005,0.0,-0.01,0.0049994234,-0.0049986993,0.00013699823
0 days 00:00:13.660000,0.0015330594781031272,-0.12164400000000002,0.090252,9.853164,0.0,0.0,0.0,0.0,-0.0010471975511965976,-0.0027925268031909274,0.0,7.0,13.09,-0.3000000000000007,1,1,100.0,4,-0.005,0.005,-0.0,52.648054099999996,9.745355199999999,33.730000000000004,33.6,52.648046699999995,9.745350499999999,0.012217304763960308,-0.015184364492350668,4.2502257944565915,-0.005,0.0,-0.01,0.0049994234,-0.0049986993,0.00013699823
0 days 00:00:13.670000,0.0015330594781031272,-0.10594800000000001,0.10987200000000001,9.845316,0.0,0.0,0.0,0.0,-0.0010471975511965976,-0.0031415926535897933,0.00017453292519943296,7.0,13.09,-0.3000000000000007,1,1,100.0,4,-0.005,0.005,-0.0,52.648054099999996,9.745355199999999,33.730000000000004,33.6,52.648046699999995,9.745350499999999,0.012217304763960308,-0.015184364492350668,4.2502257944565915,-0.005,0.0,-0.01,0.0049994234,-0.0049986993,0.00013699823
0 days 00:00:13.680000,0.0015330594781031272,-0.07063200000000001,0.11379600000000001,9.853164,0.0,0.0,0.0,0.0,-0.0012217304763960308,-0.002617993877991494,0.00017453292519943296,7.0,13.09,-0.3000000000000007,1,1,100.0,4,0.0,-0.005,0.005,52.648054099999996,9.7453551,33.77,33.6,52.648046699999995,9.745350499999999,0.012217304763960308,-0.015184364492350668,4.25040032738179,0.015,0.015,-0.015,-0.0049235043,-6.200546e-05,-0.0050749634
0 days 00:00:13.690000,0.0015330594781031272,-0.08632800000000002,0.0981,9.86886,0.0,0.0,0.0,0.0,-0.0006981317007977319,-0.0022689280275926286,0.00017453292519943296,7.0,13.09,-0.3000000000000007,1,1,100.0,4,0.0,0.0,-0.0,52.648054099999996,9.7453551,33.77,33.6,52.648046699999995,9.745350499999999,0.012217304763960308,-0.015184364492350668,4.2502257944565915,0.015,0.015,-0.015,0.0,0.0,0.0
0 days 00:00:13.700000,0.0015330594781031272,-0.090252,0.10987200000000001,9.833544,0.0,0.0,0.0,0.0,-0.0008726646259971648,-0.0020943951023931952,0.00034906585039886593,7.0,13.09,-0.3000000000000007,1,1,100.0,4,0.0,0.0,-0.0,52.648054099999996,9.7453551,33.77,33.6,52.648046699999995,9.745350499999999,0.012217304763960308,-0.015009831567151233,4.2502257944565915,0.015,0.015,-0.015,0.0,0.0,0.0
0 days 00:00:13.710000,0.0015330594781031272,-0.074556,0.11772,9.853164,0.0,0.0,0.0,0.0,-0.0006981317007977319,-0.0013962634015954637,0.0005235987755982988,8.0,13.09,-0.3000000000000007,1,1,100.0,4,0.0,0.0,-0.0,52.648054099999996,9.7453551,33.77,33.6,52.648046699999995,9.745350499999999,0.012217304763960308,-0.015009831567151233,4.2502257944565915,0.015,0.015,-0.015,0.0,0.0,0.0
0 days 00:00:13.720000,0.0015330594781031272,-0.07848000000000001,0.10594800000000001,9.861012,0.0,0.0,0.0,0.0,-0.00034906585039886593,-0.0008726646259971648,0.0005235987755982988,8.0,13.09,-0.3000000000000007,1,1,100.0,4,0.0,0.0,-0.0,52.648054099999996,9.7453551,33.77,33.6,52.648046699999995,9.745350499999999,0.012217304763960308,-0.015009831567151233,4.25040032738179,0.015,0.015,-0.015,0.0,0.0,0.0
0 days 00:00:13.730000,0.001650987130264906,-0.0981,0.10202400000000002,9.845316,0.0,0.0,0.0,0.0,-0.00034906585039886593,-0.0005235987755982988,0.0005235987755982988,8.0,13.09,-0.3000000000000007,1,1,100.0,4,0.005,-0.005,0.005,52.648054099999996,9.7453551,33.77,33.6,52.648046699999995,9.745350499999999,0.012217304763960308,-0.015009831567151233,4.25040032738179,0.01,0.02,-0.025,-0.00492439,0.004937632,-0.0051351893
0 days 00:00:13.740000,0.001650987130264906,-0.11379600000000001,0.10594800000000001,9.876708000000002,0.0,0.0,0.0,0.0,0.0,-0.00017453292519943296,0.0006981317007977319,7.0,13.09,-0.3000000000000007,1,1,100.0,4,0.005,-0.005,0.005,52.648054099999996,9.7453551,33.77,33.6,52.648046699999995,9.745350499999999,0.012217304763960308,-0.015009831567151233,4.25040032738179,0.01,0.02,-0.025,-0.00492439,0.004937632,-0.0051351893
0 days 00:00:13.750000,0.001650987130264906,-0.0981,0.10594800000000001,9.861012,0.0,0.0,0.0,0.0,-0.00017453292519943296,0.00034906585039886593,0.0005235987755982988,8.0,13.09,-0.3000000000000007,1,1,100.0,4,0.0,-0.005,-0.0,52.648054099999996,9.7453551,33.77,33.6,52.648046699999995,9.745350499999999,0.012217304763960308,-0.015009831567151233,4.25040032738179,0.01,0.02,-0.025,-0.0049994364,-9.168412e-07,-7.5040734e-05
0 days 00:00:13.760000,0.001650987130264906,-0.133416,0.09417600000000001,9.864936,0.0,0.0,0.0,0.0,0.00034906585039886593,-0.00017453292519943296,0.0006981317007977319,7.0,13.09,-0.3000000000000007,1,1,100.0,4,0.0,-0.005,-0.0,52.648054099999996,9.7453551,33.77,33.6,52.648046699999995,9.745350499999999,0.012217304763960308,-0.015009831567151233,4.25040032738179,0.01,0.02,-0.025,-0.0049994364,-9.168412e-07,-7.5040734e-05
