method,params,T_seg,num_runs,total_budget_steps,requested_budget_steps,effective_budget_steps,c2st_mean_n,c2st_mean_mean,c2st_mean_std,c2st_mean_min,c2st_mean_max,cd_bias_mean_norm_n,cd_bias_mean_norm_mean,cd_bias_mean_norm_std,cd_bias_mean_norm_min,cd_bias_mean_norm_max,cd_bias_mean_phys_n,cd_bias_mean_phys_mean,cd_bias_mean_phys_std,cd_bias_mean_phys_min,cd_bias_mean_phys_max,cd_bias_std_norm_n,cd_bias_std_norm_mean,cd_bias_std_norm_std,cd_bias_std_norm_min,cd_bias_std_norm_max,cd_bias_std_phys_n,cd_bias_std_phys_mean,cd_bias_std_phys_std,cd_bias_std_phys_min,cd_bias_std_phys_max,cd_coverage_50_norm_n,cd_coverage_50_norm_mean,cd_coverage_50_norm_std,cd_coverage_50_norm_min,cd_coverage_50_norm_max,cd_coverage_50_phys_n,cd_coverage_50_phys_mean,cd_coverage_50_phys_std,cd_coverage_50_phys_min,cd_coverage_50_phys_max,cd_coverage_90_norm_n,cd_coverage_90_norm_mean,cd_coverage_90_norm_std,cd_coverage_90_norm_min,cd_coverage_90_norm_max,cd_coverage_90_phys_n,cd_coverage_90_phys_mean,cd_coverage_90_phys_std,cd_coverage_90_phys_min,cd_coverage_90_phys_max,cd_mae_mean_norm_n,cd_mae_mean_norm_mean,cd_mae_mean_norm_std,cd_mae_mean_norm_min,cd_mae_mean_norm_max,cd_mae_mean_phys_n,cd_mae_mean_phys_mean,cd_mae_mean_phys_std,cd_mae_mean_phys_min,cd_mae_mean_phys_max,cd_mae_std_norm_n,cd_mae_std_norm_mean,cd_mae_std_norm_std,cd_mae_std_norm_min,cd_mae_std_norm_max,cd_mae_std_phys_n,cd_mae_std_phys_mean,cd_mae_std_phys_std,cd_mae_std_phys_min,cd_mae_std_phys_max,cd_rmse_norm_n,cd_rmse_norm_mean,cd_rmse_norm_std,cd_rmse_norm_min,cd_rmse_norm_max,cd_rmse_phys_n,cd_rmse_phys_mean,cd_rmse_phys_std,cd_rmse_phys_min,cd_rmse_phys_max,cd_w1_mean_norm_n,cd_w1_mean_norm_mean,cd_w1_mean_norm_std,cd_w1_mean_norm_min,cd_w1_mean_norm_max,cd_w1_mean_phys_n,cd_w1_mean_phys_mean,cd_w1_mean_phys_std,cd_w1_mean_phys_min,cd_w1_mean_phys_max,cd_w1_std_norm_n,cd_w1_std_norm_mean,cd_w1_std_norm_std,cd_w1_std_norm_min,cd_w1_std_norm_max,cd_w1_std_phys_n,cd_w1_std_phys_mean,cd_w1_std_phys_std,cd_w1_std_phys_min,cd_w1_std_phys_max,coverage_50_n,coverage_50_mean,coverage_50_std,coverage_50_min,coverage_50_max,coverage_50_abs_error_n,coverage_50_abs_error_mean,coverage_50_abs_error_std,coverage_50_abs_error_min,coverage_50_abs_error_max,coverage_90_n,coverage_90_mean,coverage_90_std,coverage_90_min,coverage_90_max,coverage_90_abs_error_n,coverage_90_abs_error_mean,coverage_90_abs_error_std,coverage_90_abs_error_min,coverage_90_abs_error_max,coverage_curve_mae_n,coverage_curve_mae_mean,coverage_curve_mae_std,coverage_curve_mae_min,coverage_curve_mae_max,epochs_trained_n,epochs_trained_mean,epochs_trained_std,epochs_trained_min,epochs_trained_max,heldout_ppc_rmse_mean_n,heldout_ppc_rmse_mean_mean,heldout_ppc_rmse_mean_std,heldout_ppc_rmse_mean_min,heldout_ppc_rmse_mean_max,heldout_ppc_rmse_std_n,heldout_ppc_rmse_std_mean,heldout_ppc_rmse_std_std,heldout_ppc_rmse_std_min,heldout_ppc_rmse_std_max,heldout_ppc_w2_mean_n,heldout_ppc_w2_mean_mean,heldout_ppc_w2_mean_std,heldout_ppc_w2_mean_min,heldout_ppc_w2_mean_max,heldout_ppc_w2_std_n,heldout_ppc_w2_std_mean,heldout_ppc_w2_std_std,heldout_ppc_w2_std_min,heldout_ppc_w2_std_max,l2_error_mean_n,l2_error_mean_mean,l2_error_mean_std,l2_error_mean_min,l2_error_mean_max,m_bias_mean_norm_n,m_bias_mean_norm_mean,m_bias_mean_norm_std,m_bias_mean_norm_min,m_bias_mean_norm_max,m_bias_mean_phys_n,m_bias_mean_phys_mean,m_bias_mean_phys_std,m_bias_mean_phys_min,m_bias_mean_phys_max,m_bias_std_norm_n,m_bias_std_norm_mean,m_bias_std_norm_std,m_bias_std_norm_min,m_bias_std_norm_max,m_bias_std_phys_n,m_bias_std_phys_mean,m_bias_std_phys_std,m_bias_std_phys_min,m_bias_std_phys_max,m_coverage_50_norm_n,m_coverage_50_norm_mean,m_coverage_50_norm_std,m_coverage_50_norm_min,m_coverage_50_norm_max,m_coverage_50_phys_n,m_coverage_50_phys_mean,m_coverage_50_phys_std,m_coverage_50_phys_min,m_coverage_50_phys_max,m_coverage_90_norm_n,m_coverage_90_norm_mean,m_coverage_90_norm_std,m_coverage_90_norm_min,m_coverage_90_norm_max,m_coverage_90_phys_n,m_coverage_90_phys_mean,m_coverage_90_phys_std,m_coverage_90_phys_min,m_coverage_90_phys_max,m_mae_mean_norm_n,m_mae_mean_norm_mean,m_mae_mean_norm_std,m_mae_mean_norm_min,m_mae_mean_norm_max,m_mae_mean_phys_n,m_mae_mean_phys_mean,m_mae_mean_phys_std,m_mae_mean_phys_min,m_mae_mean_phys_max,m_mae_std_norm_n,m_mae_std_norm_mean,m_mae_std_norm_std,m_mae_std_norm_min,m_mae_std_norm_max,m_mae_std_phys_n,m_mae_std_phys_mean,m_mae_std_phys_std,m_mae_std_phys_min,m_mae_std_phys_max,m_rmse_norm_n,m_rmse_norm_mean,m_rmse_norm_std,m_rmse_norm_min,m_rmse_norm_max,m_rmse_phys_n,m_rmse_phys_mean,m_rmse_phys_std,m_rmse_phys_min,m_rmse_phys_max,m_w1_mean_norm_n,m_w1_mean_norm_mean,m_w1_mean_norm_std,m_w1_mean_norm_min,m_w1_mean_norm_max,m_w1_mean_phys_n,m_w1_mean_phys_mean,m_w1_mean_phys_std,m_w1_mean_phys_min,m_w1_mean_phys_max,m_w1_std_norm_n,m_w1_std_norm_mean,m_w1_std_norm_std,m_w1_std_norm_min,m_w1_std_norm_max,m_w1_std_phys_n,m_w1_std_phys_mean,m_w1_std_phys_std,m_w1_std_phys_min,m_w1_std_phys_max,mu_bias_mean_norm_n,mu_bias_mean_norm_mean,mu_bias_mean_norm_std,mu_bias_mean_norm_min,mu_bias_mean_norm_max,mu_bias_mean_phys_n,mu_bias_mean_phys_mean,mu_bias_mean_phys_std,mu_bias_mean_phys_min,mu_bias_mean_phys_max,mu_bias_std_norm_n,mu_bias_std_norm_mean,mu_bias_std_norm_std,mu_bias_std_norm_min,mu_bias_std_norm_max,mu_bias_std_phys_n,mu_bias_std_phys_mean,mu_bias_std_phys_std,mu_bias_std_phys_min,mu_bias_std_phys_max,mu_coverage_50_norm_n,mu_coverage_50_norm_mean,mu_coverage_50_norm_std,mu_coverage_50_norm_min,mu_coverage_50_norm_max,mu_coverage_50_phys_n,mu_coverage_50_phys_mean,mu_coverage_50_phys_std,mu_coverage_50_phys_min,mu_coverage_50_phys_max,mu_coverage_90_norm_n,mu_coverage_90_norm_mean,mu_coverage_90_norm_std,mu_coverage_90_norm_min,mu_coverage_90_norm_max,mu_coverage_90_phys_n,mu_coverage_90_phys_mean,mu_coverage_90_phys_std,mu_coverage_90_phys_min,mu_coverage_90_phys_max,mu_mae_mean_norm_n,mu_mae_mean_norm_mean,mu_mae_mean_norm_std,mu_mae_mean_norm_min,mu_mae_mean_norm_max,mu_mae_mean_phys_n,mu_mae_mean_phys_mean,mu_mae_mean_phys_std,mu_mae_mean_phys_min,mu_mae_mean_phys_max,mu_mae_std_norm_n,mu_mae_std_norm_mean,mu_mae_std_norm_std,mu_mae_std_norm_min,mu_mae_std_norm_max,mu_mae_std_phys_n,mu_mae_std_phys_mean,mu_mae_std_phys_std,mu_mae_std_phys_min,mu_mae_std_phys_max,mu_rmse_norm_n,mu_rmse_norm_mean,mu_rmse_norm_std,mu_rmse_norm_min,mu_rmse_norm_max,mu_rmse_phys_n,mu_rmse_phys_mean,mu_rmse_phys_std,mu_rmse_phys_min,mu_rmse_phys_max,mu_w1_mean_norm_n,mu_w1_mean_norm_mean,mu_w1_mean_norm_std,mu_w1_mean_norm_min,mu_w1_mean_norm_max,mu_w1_mean_phys_n,mu_w1_mean_phys_mean,mu_w1_mean_phys_std,mu_w1_mean_phys_min,mu_w1_mean_phys_max,mu_w1_std_norm_n,mu_w1_std_norm_mean,mu_w1_std_norm_std,mu_w1_std_norm_min,mu_w1_std_norm_max,mu_w1_std_phys_n,mu_w1_std_phys_mean,mu_w1_std_phys_std,mu_w1_std_phys_min,mu_w1_std_phys_max,num_inner_epochs_n,num_inner_epochs_mean,num_inner_epochs_std,num_inner_epochs_min,num_inner_epochs_max,num_outer_epochs_n,num_outer_epochs_mean,num_outer_epochs_std,num_outer_epochs_min,num_outer_epochs_max,num_train_steps_n,num_train_steps_mean,num_train_steps_std,num_train_steps_min,num_train_steps_max,one_step_rmse_n,one_step_rmse_mean,one_step_rmse_std,one_step_rmse_min,one_step_rmse_max,optimizer_examples_seen_n,optimizer_examples_seen_mean,optimizer_examples_seen_std,optimizer_examples_seen_min,optimizer_examples_seen_max,sampling_time_mean_s_n,sampling_time_mean_s_mean,sampling_time_mean_s_std,sampling_time_mean_s_min,sampling_time_mean_s_max,swd_posterior_vs_true_n,swd_posterior_vs_true_mean,swd_posterior_vs_true_std,swd_posterior_vs_true_min,swd_posterior_vs_true_max,train_time_s_n,train_time_s_mean,train_time_s_std,train_time_s_min,train_time_s_max,training_batch_size_n,training_batch_size_mean,training_batch_size_std,training_batch_size_min,training_batch_size_max,w2_mean_n,w2_mean_mean,w2_mean_std,w2_mean_min,w2_mean_max
fnpe,mu,1000,5,20000000,20000000,20000000,5,0.8376999999999999,0.1863374298893751,0.5965,1.0,,,,,,,,,,,,,,,,,,,,,,,,,,,,,,,,,,,,,,,,,,,,,,,,,,,,,,,,,,,,,,,,,,,,,,,,,,,,,,,,,,,,,,,,,,,5,0.0,0.0,0.0,0.0,5,0.5,0.0,0.5,0.5,5,0.027999999999999997,0.0466476151587624,0.0,0.12,5,0.8720000000000001,0.046647615158762396,0.78,0.9,5,0.49410526315789466,0.010049186513568531,0.47421052631578936,0.4999999999999999,5,100.0,0.0,100.0,100.0,5,1.7113584349155424,0.8476046940855056,1.2847532963752746,3.406560927629471,5,4.377845172749683,1.3001897151245034,3.7265059308982598,6.978224240923646,5,66.6337966308594,4.602600397517935,64.22031944274903,75.83698860168457,5,103.63233230144442,0.9598139036084608,103.05943657389447,105.54937901961499,5,0.43560626804828645,0.19606367385320303,0.23587335646152496,0.7086236476898193,,,,,,,,,,,,,,,,,,,,,,,,,,,,,,,,,,,,,,,,,,,,,,,,,,,,,,,,,,,,,,,,,,,,,,,,,,,,,,,,,,,,,,,,,,,5,2.059553879839553,1.986759795734153,-1.3594537798311561,4.25221325814724,5,0.3432079943814873,0.3309088448167231,-0.22611798026412724,0.7086236470937729,5,0.5914184729890433,0.09712927214092237,0.4613894481791091,0.6925264968865842,5,0.09849205468787245,0.01615663009339893,0.07688971912844395,0.11537830234217458,5,0.0,0.0,0.0,0.0,5,0.0,0.0,0.0,0.0,5,0.027999999999999997,0.0466476151587624,0.0,0.12,5,0.027999999999999997,0.0466476151587624,0.0,0.12,5,2.615065564124955,1.1760059541683012,1.4181046415958554,4.25221325814724,5,0.4356062664183974,0.19606364709858012,0.23587337992042304,0.7086236470937729,5,0.5621025572557355,0.10329269975260233,0.4613894481791091,0.6925264968865842,5,0.09361593761461284,0.017216146080917833,0.07688971912844395,0.11537830234217458,5,2.6932878095545667,1.1377114530986538,1.497909428522433,4.277171707525217,5,0.4486325191890662,0.18969179013332949,0.2491473126073352,0.712782927775442,5,2.616467133553995,1.1749833108568435,1.4183728721890594,4.25221325814724,5,0.4358396708741784,0.195893405543865,0.2359179947659373,0.7086236470937729,5,0.5600624458118592,0.1012092616281439,0.4613894481791091,0.6925217609286893,5,0.09327620865434307,0.016869655271994285,0.07688971912844395,0.11537751330776706,5,50.0,0.0,50.0,50.0,5,100.0,0.0,100.0,100.0,5,3130000.0,0.0,3130000.0,3130000.0,5,1.6627606868743896,0.06967380760495567,1.6103312969207764,1.7902435064315796,5,3130000000.0,0.0,3130000000.0,3130000000.0,5,6.8174646978378295,1.4831130960061567,3.853124244213104,7.657526347637177,5,0.4344745874404907,0.197226130842756,0.2302149534225464,0.7086236476898193,5,5335.103562641144,2092.356985510919,1891.0023934841156,6979.032225847244,5,1000.0,0.0,1000.0,1000.0,5,0.44258989989757536,0.19143672861721375,0.23711515963077545,0.7086236476898193
fnpe,mu,2000,5,20000000,20000000,20000000,5,0.9010999999999999,0.08754482026685276,0.7708333333333334,0.9896666666666666,,,,,,,,,,,,,,,,,,,,,,,,,,,,,,,,,,,,,,,,,,,,,,,,,,,,,,,,,,,,,,,,,,,,,,,,,,,,,,,,,,,,,,,,,,,5,0.08199999999999999,0.09537295214053092,0.01,0.27,5,0.418,0.09537295214053092,0.22999999999999998,0.49,5,0.16399999999999998,0.17408044117591157,0.02,0.5,5,0.736,0.17408044117591157,0.4,0.88,5,0.41968421052631577,0.09210532330825102,0.23789473684210524,0.48736842105263156,5,100.0,0.0,100.0,100.0,5,1.0625436284542085,0.21761684063746292,0.9189562439918518,1.4931597769260407,5,1.1137901263008474,1.22508748525474,0.46701615221449355,3.5632922362468413,5,64.2361328125,2.507935261211707,61.21462982177734,68.3376815032959,5,19.187382037969535,5.502930368178751,13.225307734180477,29.180233232034166,5,0.25312354117631913,0.15491063719472573,0.11506444960832596,0.5505832433700562,,,,,,,,,,,,,,,,,,,,,,,,,,,,,,,,,,,,,,,,,,,,,,,,,,,,,,,,,,,,,,,,,,,,,,,,,,,,,,,,,,,,,,,,,,,5,0.6747569888777827,1.5136933725124366,-1.190511694638431,3.1884220271576167,5,0.11245260839223858,0.2520882803995416,-0.19801783910095694,0.5311569617584347,5,0.9959923049347303,0.26275316175660574,0.7121311459621456,1.3899902460945714,5,0.16588540702549265,0.04380465715211887,0.11867537036973078,0.23155748951186267,5,0.08199999999999999,0.09537295214053092,0.01,0.27,5,0.08199999999999999,0.09537295214053092,0.01,0.27,5,0.16399999999999998,0.17408044117591157,0.02,0.5,5,0.16399999999999998,0.17408044117591157,0.02,0.5,5,1.5198700483011855,0.9298428168676657,0.6904631668403745,3.3050342033211115,5,0.2531235567909479,0.1549106589739384,0.1150644409313798,0.5505833015009761,5,0.7593510409250224,0.23744027537976395,0.5025180232433492,1.0839081245103388,5,0.12647340501784668,0.03957950300592209,0.08374372030558917,0.18056748622543595,5,1.7281307084521298,0.9061836293127998,0.8539694072082689,3.4782334463779074,5,0.28781350894813984,0.15097778170380957,0.1423124599515859,0.5794364408401389,5,1.534291087641845,0.9224105259464946,0.6942514031365513,3.3069998302925354,5,0.2555258809024096,0.15367340047695072,0.11569574359804392,0.55091075386554,5,0.7451392328499958,0.23182925664012216,0.4980294225545055,1.0781172611591046,5,0.12410626942101477,0.038644043035437996,0.08299570318851825,0.1796027905328701,5,50.0,0.0,50.0,50.0,5,100.0,0.0,100.0,100.0,5,3130000.0,0.0,3130000.0,3130000.0,5,1.5573249578475952,0.041525690987919646,1.490445852279663,1.6196484565734863,5,3130000000.0,0.0,3130000000.0,3130000000.0,5,9.901847061157227,2.9689807131746426,4.382762582302093,13.306680862903596,5,0.2264270156621933,0.16180533791420923,0.0810735896229744,0.5336981415748596,5,4177.769947385788,1639.6911328927454,2029.92156124115,6974.83393073082,5,1000.0,0.0,1000.0,1000.0,5,0.26009429544210433,0.15228530834127366,0.117644764482975,0.5523887276649475
fnpe,mu,3000,5,20000000,20000000,20000000,5,0.8925666666666666,0.08065348377128201,0.7909999999999999,0.9861666666666666,,,,,,,,,,,,,,,,,,,,,,,,,,,,,,,,,,,,,,,,,,,,,,,,,,,,,,,,,,,,,,,,,,,,,,,,,,,,,,,,,,,,,,,,,,,5,0.05600000000000001,0.06916646586316234,0.0,0.19,5,0.44400000000000006,0.06916646586316233,0.31,0.5,5,0.12999999999999998,0.18676188047886003,0.0,0.5,5,0.77,0.18676188047886005,0.4,0.9,5,0.43842105263157893,0.08257624697875864,0.2757894736842106,0.4999999999999999,5,100.0,0.0,100.0,100.0,5,2.499575464963913,0.8459606739475436,1.9116155624389648,4.15363543510437,5,2.0719584768993906,0.4591107484147351,1.7937007841932715,2.9878374956414255,5,93.50647473144531,13.589308703180762,82.74328079223633,118.77490600585938,5,45.14212276039113,5.247481148167492,39.634836530968954,53.9730065814405,5,0.28361773788928984,0.21032936773815486,0.08986946940422058,0.6926314830780029,,,,,,,,,,,,,,,,,,,,,,,,,,,,,,,,,,,,,,,,,,,,,,,,,,,,,,,,,,,,,,,,,,,,,,,,,,,,,,,,,,,,,,,,,,,5,1.0539427069300138,1.786309818605239,-1.1618470822736622,4.156249233358289,5,0.1756899704746902,0.29759026814688855,-0.19325005369186404,0.6926314170867204,5,0.7398171901314894,0.04727758329169779,0.6924707250981348,0.8132064696982607,5,0.123213693927431,0.007920478308840313,0.11535820760237013,0.13548417671356508,5,0.05600000000000001,0.06916646586316234,0.0,0.19,5,0.05600000000000001,0.06916646586316234,0.0,0.19,5,0.12999999999999998,0.18676188047886003,0.0,0.5,5,0.12999999999999998,0.18676188047886003,0.0,0.5,5,1.7025992855577268,1.261827532514635,0.5396309812186635,4.156249233358289,5,0.2836177169533074,0.21032934680157742,0.08986945817917585,0.6926314170867204,5,0.5910482869906188,0.10426656071916769,0.47951805354196236,0.7777518572782431,5,0.09844152003558823,0.017409922639582992,0.07985832882760158,0.12961094139390464,5,1.8257969913513392,1.2319610337201419,0.7218996880202192,4.228392796476117,5,0.3041351474053694,0.20536088693257104,0.12022425793722322,0.7046540116004255,5,1.7129312004041395,1.2544801097813838,0.5750480587726808,4.156249233358289,5,0.285338422318846,0.2091063045816246,0.09576777371615172,0.6926314170867204,5,0.5792596662349078,0.11040975033174463,0.4514408505271558,0.7777518572782431,5,0.09647822722869884,0.018430808507681203,0.07518238669327167,0.12961094139390464,5,50.0,0.0,50.0,50.0,5,100.0,0.0,100.0,100.0,5,3130000.0,0.0,3130000.0,3130000.0,5,1.5690093994140626,0.06470143037826234,1.4785106182098389,1.6625288724899292,5,3130000000.0,0.0,3130000000.0,3130000000.0,5,15.538136117458345,4.953403311790137,6.066933188438416,18.89823398590088,5,0.26181285455822945,0.22608534353062973,0.023298028856515884,0.6926314234733582,5,5386.570904493332,2079.9125188591693,1908.8092577457428,7027.801522731781,5,1000.0,0.0,1000.0,1000.0,5,0.2885177880525589,0.2071371057915276,0.10359936952590942,0.692639946937561
fnpe,mu,1000,5,40000000,40000000,40000000,5,0.8911333333333333,0.1313119864208054,0.6471666666666667,1.0,,,,,,,,,,,,,,,,,,,,,,,,,,,,,,,,,,,,,,,,,,,,,,,,,,,,,,,,,,,,,,,,,,,,,,,,,,,,,,,,,,,,,,,,,,,5,0.06200000000000001,0.06823488843692793,0.0,0.15,5,0.438,0.06823488843692793,0.35,0.5,5,0.13599999999999998,0.1552546295606028,0.0,0.35,5,0.764,0.15525462956060276,0.55,0.9,5,0.4338947368421052,0.07426284083635551,0.3336842105263158,0.4999999999999999,5,100.0,0.0,100.0,100.0,5,2.030165838003158,0.9163317955134657,1.2804583954811095,3.2385797369480134,5,4.9586532295736045,1.509260494465397,3.727527599739483,6.932432358152174,5,65.95128427886962,3.930438133530032,63.492587928771975,73.79250038146972,5,89.9599604442861,27.55958160949686,34.86879435565388,105.43275791015682,5,0.24959375858306884,0.14768288682299935,0.0693574845790863,0.507732093334198,,,,,,,,,,,,,,,,,,,,,,,,,,,,,,,,,,,,,,,,,,,,,,,,,,,,,,,,,,,,,,,,,,,,,,,,,,,,,,,,,,,,,,,,,,,5,0.2521248807728208,1.6947480521657534,-1.7455629520237446,3.046253750693798,5,0.042134948102533785,0.28232227244486324,-0.29056726423054935,0.5077320799142122,5,0.633934341183804,0.14008888974683556,0.47612738402302535,0.804514172608554,5,0.10557531722111016,0.023302686780423475,0.07925640202603068,0.13388399787328775,5,0.06200000000000001,0.06823488843692793,0.0,0.15,5,0.06200000000000001,0.06823488843692793,0.0,0.15,5,0.13599999999999998,0.1552546295606028,0.0,0.35,5,0.13599999999999998,0.1552546295606028,0.0,0.35,5,1.4984997053577447,0.8859821658128593,0.41623985491096976,3.046253750693798,5,0.2495937546649575,0.1476828822034919,0.069357482470572,0.5077320799142122,5,0.5597733818108326,0.11586007814316504,0.43030011163719345,0.7558239118945058,5,0.0932265229532098,0.019285267484080403,0.07170032376282216,0.1258907582101816,5,1.6354475114165816,0.8261640268059847,0.598676709828674,3.090223082194377,5,0.27240203359957754,0.13772259901110645,0.09975668800811914,0.515060635935504,5,1.5075844690507565,0.8788973113890518,0.4321338198691606,3.046253750693798,5,0.2511071090200544,0.1465035060313658,0.07200587215572596,0.5077320799142123,5,0.5509135601192624,0.10861580442609452,0.41872931987445255,0.725708229958776,5,0.09175073128662628,0.018076933334006836,0.06977229856430092,0.12087466133029275,5,50.0,0.0,50.0,50.0,5,100.0,0.0,100.0,100.0,5,6255000.0,0.0,6255000.0,6255000.0,5,1.6110069036483765,0.08574435252117243,1.4967595338821411,1.7339643239974976,5,6255000000.0,0.0,6255000000.0,6255000000.0,5,6.08706041765213,1.8183455014065217,3.8477903723716738,7.637029912471771,5,0.24178885966539382,0.15549855236497234,0.04168187826871872,0.5077320337295532,5,9021.642861652374,4265.375275020831,4375.07036113739,13918.696512937546,5,1000.0,0.0,1000.0,1000.0,5,0.25460533797740936,0.14417861728662384,0.07653333246707916,0.507983922958374
fnpe,mu,2000,5,40000000,40000000,40000000,5,0.9225333333333333,0.07139525349925037,0.8331666666666667,1.0,,,,,,,,,,,,,,,,,,,,,,,,,,,,,,,,,,,,,,,,,,,,,,,,,,,,,,,,,,,,,,,,,,,,,,,,,,,,,,,,,,,,,,,,,,,5,0.044,0.054258639865002144,0.0,0.12,5,0.45599999999999996,0.054258639865002144,0.38,0.5,5,0.13399999999999998,0.1665653025092561,0.0,0.38,5,0.766,0.1665653025092561,0.52,0.9,5,0.44536842105263147,0.06690995313295953,0.3631578947368421,0.4999999999999999,5,100.0,0.0,100.0,100.0,5,1.4186116273403169,0.5888273982762813,0.8800225579738616,2.13712193608284,5,1.7674048794947126,1.4673095443434272,0.4331862978327785,3.556287322564689,5,73.28709899902344,14.979831306701717,59.06556831359863,91.55610610961914,5,19.155147560714873,7.964344949799236,8.528485620153267,28.160109714395627,5,0.21455196440219879,0.09079886839223819,0.07983401417732239,0.289481520652771,,,,,,,,,,,,,,,,,,,,,,,,,,,,,,,,,,,,,,,,,,,,,,,,,,,,,,,,,,,,,,,,,,,,,,,,,,,,,,,,,,,,,,,,,,,5,-0.382559686756173,1.2505353165461714,-1.6978599939465522,1.6733801931229542,5,-0.06376990474060178,0.20821344876840528,-0.2826266071617603,0.2784771711051464,5,0.7387022131694072,0.12539251039331464,0.5589721547154711,0.8753590184998842,5,0.12302825053777981,0.02087083463046231,0.09304678403449972,0.14580064159322556,5,0.044,0.054258639865002144,0.0,0.12,5,0.044,0.054258639865002144,0.0,0.12,5,0.13399999999999998,0.1665653025092561,0.0,0.38,5,0.13399999999999998,0.1665653025092561,0.0,0.38,5,1.2883615971724158,0.5454072885875648,0.479113319140685,1.736810026577115,5,0.214551960811764,0.09079886536061876,0.07983400305062534,0.28948150988519195,5,0.5511564825190968,0.10235501711402037,0.4325808993441568,0.741899259852541,5,0.09178724199607528,0.017003162500635178,0.0720803687164843,0.12346387713452715,5,1.4155079399276143,0.5176214884123477,0.6455043044437452,1.8852742674997511,5,0.23572771221262503,0.08615932254967773,0.1075595072385123,0.3137397265409718,5,1.2995067225813473,0.5337070133694529,0.4924923696451011,1.736810026577115,5,0.21640848470225932,0.08884977513290827,0.08206333596855402,0.28948150988519195,5,0.5421802583982326,0.10759273413147147,0.42120430520793045,0.7418992598525409,5,0.09029199950196995,0.01787615583790824,0.07018470238517165,0.12346387713452717,5,50.0,0.0,50.0,50.0,5,100.0,0.0,100.0,100.0,5,6255000.0,0.0,6255000.0,6255000.0,5,1.5631201267242432,0.10045543790049866,1.4394335746765137,1.6874258518218994,5,6255000000.0,0.0,6255000000.0,6255000000.0,5,8.013299810409546,2.916141654914542,4.429553470611572,10.591361112594605,5,0.19254745543003082,0.11070063930142539,0.037667520344257355,0.28465309739112854,5,7006.2419243812565,2137.6438182026222,4366.225015878677,9017.718527317047,5,1000.0,0.0,1000.0,1000.0,5,0.219537416100502,0.08589993337645845,0.08640731871128082,0.28948256373405457
fnpe,mu,3000,5,40000000,40000000,40000000,5,0.9404,0.07188081184232072,0.8098333333333333,0.999,,,,,,,,,,,,,,,,,,,,,,,,,,,,,,,,,,,,,,,,,,,,,,,,,,,,,,,,,,,,,,,,,,,,,,,,,,,,,,,,,,,,,,,,,,,5,0.004,0.004898979485566356,0.0,0.01,5,0.496,0.004898979485566361,0.49,0.5,5,0.019999999999999997,0.01414213562373095,0.0,0.04,5,0.8799999999999999,0.014142135623730963,0.86,0.9,5,0.49147368421052634,0.007333753030884349,0.4810526315789473,0.4999999999999999,5,100.0,0.0,100.0,100.0,5,4.041552583456039,1.852622055562915,1.9595081031322479,6.31307279586792,5,2.5619387722293103,0.9837170004102654,1.6567210896120217,4.13967273995159,5,125.45987126159666,36.636474669159014,83.28087768554687,168.04763900756836,5,52.36748719105018,10.631006841773841,41.81965079863042,65.96946585891072,5,0.2885833203792572,0.08530096437073043,0.2064516842365265,0.44723889231681824,,,,,,,,,,,,,,,,,,,,,,,,,,,,,,,,,,,,,,,,,,,,,,,,,,,,,,,,,,,,,,,,,,,,,,,,,,,,,,,,,,,,,,,,,,,5,-0.12799453268771882,1.759850787216581,-1.6976370137155055,2.605145961977841,5,-0.021371861566305182,0.29309705431317556,-0.2825894899219275,0.4339156189739704,5,0.7400806161359678,0.20416934199457992,0.5589307205552666,1.1154205796011973,5,0.12325783290592145,0.03400143047444531,0.09303988690469173,0.18578552602821524,5,0.004,0.004898979485566356,0.0,0.01,5,0.004,0.004898979485566356,0.0,0.01,5,0.019999999999999997,0.01414213562373095,0.0,0.04,5,0.019999999999999997,0.01414213562373095,0.0,0.04,5,1.7327312247132707,0.5121128092990889,1.2386537844493986,2.685136218579413,5,0.2885833186852932,0.08530095347355915,0.206451697807014,0.44723887337148194,5,0.6446143300084295,0.15072216578422876,0.520500955057192,0.906086110852811,5,0.10735559684815352,0.025088278125519243,0.08664284761733484,0.15091857478969278,5,1.8536044778531882,0.5167323020075978,1.3521088955501013,2.833892826591599,5,0.3087128703229533,0.08606738091638379,0.2253617438430033,0.4720159171798601,5,1.733414137889092,0.5119436467140339,1.2397565602257847,2.6858552747118485,5,0.28869705124199385,0.08527277590606284,0.20663550231009722,0.447358640101552,5,0.6431663889058596,0.15020075612961648,0.520500955057192,0.9041881209658876,5,0.10711443805479166,0.025001469243513038,0.08664284761733484,0.15060244362782202,5,50.0,0.0,50.0,50.0,5,100.0,0.0,100.0,100.0,5,6255000.0,0.0,6255000.0,6255000.0,5,1.5926182985305786,0.10834626026050982,1.430370807647705,1.7253459692001343,5,6255000000.0,0.0,6255000000.0,6255000000.0,5,16.32195207118988,1.5518308336439173,14.87914312362671,18.321882305145262,5,0.2829714983701706,0.08312967804136695,0.1968628168106079,0.433920294046402,5,8261.543459939956,201.8797872342998,8009.450744152069,8507.1517868042,5,1000.0,0.0,1000.0,1000.0,5,0.2898757576942444,0.08583906573086716,0.20746906101703644,0.4501950144767761
fnpe,mu,1000,5,60000000,60000000,60000000,5,0.9391,0.10044968889946844,0.7391666666666667,0.9994999999999999,,,,,,,,,,,,,,,,,,,,,,,,,,,,,,,,,,,,,,,,,,,,,,,,,,,,,,,,,,,,,,,,,,,,,,,,,,,,,,,,,,,,,,,,,,,5,0.004,0.008,0.0,0.02,5,0.496,0.008000000000000007,0.48,0.5,5,0.028000000000000004,0.027856776554368242,0.0,0.08,5,0.8720000000000001,0.027856776554368225,0.8200000000000001,0.9,5,0.4908421052631578,0.012462019862693704,0.4663157894736841,0.4999999999999999,5,100.0,0.0,100.0,100.0,5,2.7930483129024504,0.8384577418509644,1.2820037031173706,3.7628743731975556,5,6.136447103089411,1.2990163985892655,3.7246561256946213,7.4695958757151155,5,70.35137115478516,5.938278971408147,63.40860389709473,78.79678382873536,5,90.20397249421521,27.671405502176665,34.90819037683253,105.30905705167203,5,0.23266263604164122,0.05202864869042417,0.17098310589790344,0.29178857803344727,,,,,,,,,,,,,,,,,,,,,,,,,,,,,,,,,,,,,,,,,,,,,,,,,,,,,,,,,,,,,,,,,,,,,,,,,,,,,,,,,,,,,,,,,,,5,-0.9668185713749562,1.0303152336418813,-1.7380765872716901,1.0257345029993443,5,-0.16103547114759684,0.1716955088913487,-0.28952116014212376,0.1709831006124616,5,0.5158872680006864,0.03181336140683223,0.47604469462737753,0.5724484256305241,5,0.08594509896808868,0.005300357678936475,0.07929743438389159,0.09536990944013583,5,0.004,0.008,0.0,0.02,5,0.004,0.008,0.0,0.02,5,0.028000000000000004,0.027856776554368242,0.0,0.08,5,0.028000000000000004,0.027856776554368242,0.0,0.08,5,1.3965286252576674,0.3121373251729838,1.0257345029993443,1.7507685143917797,5,0.23266263128429654,0.052028646964723584,0.1709831006124616,0.2917885662823915,5,0.46392415926255026,0.022177858363010436,0.43484628225660193,0.4997719385026419,5,0.07728958130367819,0.0037235856558800896,0.0723806667593311,0.08330864962307492,5,1.4753839623794796,0.2944173184999076,1.141009755066976,1.8091221413623888,5,0.24579997377268037,0.04907950145118173,0.19019871660206178,0.3015139639456309,5,1.3975954119945133,0.3110889814129534,1.0266966105653434,1.75076851439178,5,0.2328402554562688,0.0518538271618189,0.17114347752779724,0.2917885662823915,5,0.46178237199526617,0.024166803512790477,0.426371196207848,0.4985504899488153,5,0.07693299089907842,0.0040562480559044635,0.07096997889933901,0.08310504229712784,5,50.0,0.0,50.0,50.0,5,100.0,0.0,100.0,100.0,5,9380000.0,0.0,9380000.0,9380000.0,5,1.6489966630935669,0.03662906741169395,1.603866457939148,1.7025761604309082,5,9380000000.0,0.0,9380000000.0,9380000000.0,5,5.042932556152343,2.2086466161987244,3.9096026158332826,9.459654920101165,5,0.22978641390800475,0.05264069247085869,0.17098310589790344,0.28952115774154663,5,8068.316623592376,2049.035117221833,6888.9149878025055,12151.754249095917,5,1000.0,0.0,1000.0,1000.0,5,0.23470451831817626,0.050013716076218004,0.1758671998977661,0.2917994558811188
fnpe,mu,2000,5,60000000,60000000,60000000,5,0.9379,0.07546710836148719,0.8063333333333332,1.0,,,,,,,,,,,,,,,,,,,,,,,,,,,,,,,,,,,,,,,,,,,,,,,,,,,,,,,,,,,,,,,,,,,,,,,,,,,,,,,,,,,,,,,,,,,5,0.052000000000000005,0.071386273190299,0.0,0.19,5,0.44800000000000006,0.071386273190299,0.31,0.5,5,0.18200000000000002,0.24473659309551563,0.0,0.65,5,0.718,0.24473659309551565,0.25,0.9,5,0.42800000000000005,0.09830271523571807,0.23842105263157892,0.4999999999999999,5,100.0,0.0,100.0,100.0,5,1.5058303101062775,0.5442755647598967,0.883331208229065,2.1375232875347137,5,2.155279771309356,1.4200697171978294,0.4348518299410697,3.5595706674248055,5,75.26024839782716,13.551029091772769,59.28199859619141,91.55053184509278,5,21.5892737198967,7.901249527630596,9.124426342691638,28.18915054862582,5,0.1946963295340538,0.08069223484462723,0.08981762826442719,0.2846531569957733,,,,,,,,,,,,,,,,,,,,,,,,,,,,,,,,,,,,,,,,,,,,,,,,,,,,,,,,,,,,,,,,,,,,,,,,,,,,,,,,,,,,,,,,,,,5,-0.9065557731820814,0.7791455685523185,-1.696687059402466,0.2554621827548967,5,-0.15098872851699593,0.12979159379292965,-0.2826266711950302,0.042583841511607164,5,0.6559554976395712,0.11201091024268467,0.5585862394689577,0.8500063889661782,5,0.1092863820697991,0.018701237659353248,0.09304684313528287,0.14166472300516728,5,0.052000000000000005,0.071386273190299,0.0,0.19,5,0.052000000000000005,0.071386273190299,0.0,0.19,5,0.18200000000000002,0.24473659309551563,0.0,0.65,5,0.18200000000000002,0.24473659309551563,0.0,0.65,5,1.1687919025268605,0.48453726837998956,0.5388196526256056,1.7088526010513305,5,0.19469633679658174,0.08069223231583278,0.08981764157116412,0.2846531540155411,5,0.5200288762260465,0.02131520140706599,0.478775844947953,0.5348284306539348,5,0.08663671600704634,0.0035893001796655135,0.07969279290954422,0.08915233127853196,5,1.2985904308598688,0.4305788413991448,0.7591890859932912,1.7862714139984042,5,0.21632394672404298,0.07169835164157601,0.1265517558542876,0.2975492401069538,5,1.1797295830301766,0.471721937239305,0.5847533883995042,1.7088526010513305,5,0.19651939311534167,0.07855661491017064,0.09747448898255824,0.2846531540155411,5,0.5113870944591772,0.02178985428258766,0.4723446060110175,0.5345161553496768,5,0.08519654302357871,0.0036558068148688345,0.07862230608017191,0.08905039526583425,5,50.0,0.0,50.0,50.0,5,100.0,0.0,100.0,100.0,5,9380000.0,0.0,9380000.0,9380000.0,5,1.5918688535690309,0.09795740927022278,1.4138071537017822,1.6875051259994507,5,9380000000.0,0.0,9380000000.0,9380000000.0,5,9.159738554954528,3.9933608175260114,4.466060259342194,13.352842559814453,5,0.17009655982255936,0.10678986894425983,0.04261811450123787,0.2846531569957733,5,13619.269526433945,6225.017113031536,6861.367287635803,20948.37943959236,5,1000.0,0.0,1000.0,1000.0,5,0.1994263783097267,0.07583764796581749,0.10627846419811249,0.2846531569957733
fnpe,mu,3000,5,60000000,60000000,60000000,5,0.9722333333333333,0.04701933408479726,0.879,1.0,,,,,,,,,,,,,,,,,,,,,,,,,,,,,,,,,,,,,,,,,,,,,,,,,,,,,,,,,,,,,,,,,,,,,,,,,,,,,,,,,,,,,,,,,,,5,0.05,0.09507891459203771,0.0,0.24,5,0.45,0.0950789145920377,0.26,0.5,5,0.10800000000000001,0.18301912468373355,0.0,0.47,5,0.792,0.18301912468373352,0.43000000000000005,0.9,5,0.4446315789473684,0.09907628779543615,0.2473684210526316,0.4999999999999999,5,100.0,0.0,100.0,100.0,5,4.740255609273911,1.9274665867658416,2.3513224184513093,6.314567577838898,5,3.188894507342517,1.1656874199096672,1.7479737236136894,4.141843115068221,5,141.6799927520752,32.34724291635244,100.19714134216309,168.096258392334,5,61.82997653920129,5.372751137033544,52.89491640328458,66.00722582517307,5,0.21115701347589494,0.09064410515661601,0.08314701169729233,0.2846531569957733,,,,,,,,,,,,,,,,,,,,,,,,,,,,,,,,,,,,,,,,,,,,,,,,,,,,,,,,,,,,,,,,,,,,,,,,,,,,,,,,,,,,,,,,,,,5,-1.1721077394501307,0.6462754260859461,-1.6957959729433059,-0.25715591040700675,5,-0.19531603286832572,0.10772585407590564,-0.2826266711950302,-0.042803898592293256,5,0.5817506610123322,0.03927870443803195,0.5582929128278207,0.6595912922651712,5,0.09691687464268911,0.006531261983009361,0.09304684313528287,0.1098718202878362,5,0.05,0.09507891459203771,0.0,0.24,5,0.05,0.09507891459203771,0.0,0.24,5,0.10800000000000001,0.18301912468373355,0.0,0.47,5,0.10800000000000001,0.18301912468373355,0.0,0.47,5,1.2672384454037808,0.5436750718207136,0.49952796637862934,1.7079551297426223,5,0.21115701483041044,0.09064410936559132,0.08314700761586429,0.2846531540155411,5,0.4761369602235733,0.05747052577180944,0.37992906403799626,0.5215632541571212,5,0.07932723575059342,0.009607314858997866,0.06323963348903926,0.08689244203977439,5,1.364262920017125,0.5198767281947041,0.6275940430685721,1.7856563028724595,5,0.22731929536905288,0.08668730159786336,0.10446375505073809,0.2975492401069538,5,1.277536895931568,0.5294069596796642,0.5498389726892114,1.7079551297426223,5,0.2128712332394719,0.0882688320701177,0.09152133290320635,0.2846531540155411,5,0.46678914793863446,0.07334915264605162,0.334888897515183,0.5215632541571212,5,0.07777123933576047,0.012250548195256838,0.05574264576407496,0.08689244203977439,5,50.0,0.0,50.0,50.0,5,100.0,0.0,100.0,100.0,5,9380000.0,0.0,9380000.0,9380000.0,5,1.6295234203338622,0.09843303564737159,1.4784456491470337,1.7221723794937134,5,9380000000.0,0.0,9380000000.0,9380000000.0,5,14.707175055980684,4.478071483956781,6.289663224220276,18.867920570373535,5,0.19807362481951712,0.10679983267316781,0.0471310131251812,0.2846531569957733,5,13407.780843496323,4342.608486199759,7435.7986443042755,20904.46940922737,5,1000.0,0.0,1000.0,1000.0,5,0.21504625529050828,0.08538960675090139,0.10120518505573273,0.2846531569957733
fnpe,"mu,cd",1000,5,20000000,20000000,20000000,5,0.9701333333333333,0.04264978832824902,0.8868333333333333,0.999,5,-1.028202273125501,0.5349081479842883,-1.6739167832732196,-0.3036398647635243,5,-0.09418883259616792,0.049028817423153806,-0.1534619429383427,-0.027788937855511908,5,0.4519182927374672,0.018852319065010545,0.4331642874634541,0.48496276026122415,5,0.041386822427195116,0.0017054284960903402,0.03965926957631779,0.0443835003916853,5,0.152,0.26133503400807173,0.0,0.67,5,0.152,0.26133503400807173,0.0,0.67,5,0.23399999999999999,0.3454620094887425,0.0,0.89,5,0.23399999999999999,0.3454620094887425,0.0,0.89,5,1.0473486198481188,0.5098262728992111,0.39859024863829845,1.6739167832732196,5,0.0959410910422355,0.04673367549570123,0.03647874023169279,0.1534619429383427,5,0.4368085733924499,0.015764030579055326,0.4105019610236429,0.4589051961976983,5,0.040003995174421894,0.0014455708526935967,0.0375688925211392,0.04198767767143851,5,1.1545447315233268,0.4636147726259743,0.5721765866529291,1.7302030900237424,5,0.10575598741296185,0.042506585454806935,0.05236525731967935,0.1586221791391394,5,1.1505196410880998,0.4091731028239262,0.6515906729210518,1.6739167832732196,5,0.10538318656139076,0.03751803631187287,0.05961749727278948,0.1534619429383427,5,0.3978897145923611,0.08467212031122073,0.22878809506354758,0.4460813233005325,5,0.03644222496954581,0.007762681359214109,0.0209385484078767,0.04081435327580827,5,0.10800000000000001,0.1591728620085723,0.0,0.41000000000000003,5,0.392,0.1591728620085723,0.08999999999999997,0.5,5,0.271,0.3573989367639473,0.0,0.925,5,0.639,0.3391961084682429,0.025000000000000022,0.9,5,0.38168421052631574,0.16227311883658643,0.08315789473684208,0.4999999999999999,5,100.0,0.0,100.0,100.0,5,2.1280647678375244,1.346410482587792,0.7540711462497711,3.726144164800644,5,3.669103553622757,3.238777605074571,0.03689898123887001,7.280443522096415,5,57.35279766845703,7.914427610697029,49.44093368530273,66.84780319213867,5,18.306168807181514,15.401454232185461,1.7092437405257297,36.109566489518464,5,0.21304547935724258,0.10798711824277545,0.09007345885038376,0.33384421467781067,,,,,,,,,,,,,,,,,,,,,,,,,,,,,,,,,,,,,,,,,,,,,,,,,,,,,,,,,,,,,,,,,,,,,,,,,,,,,,,,,,,,,,,,,,,5,-0.4092005523912897,1.159725907953159,-1.7499054741859437,1.182888411901002,5,-0.06821784413427115,0.1932546327294798,-0.2916399329900742,0.1970703245386481,5,0.4654662135409158,0.04840629849928937,0.438982268116121,0.5620579522224688,5,0.07753702699782805,0.008045629123298289,0.07313485916053894,0.09359503671670111,5,0.064,0.07863841300535,0.0,0.17,5,0.064,0.07863841300535,0.0,0.17,5,0.308,0.3729557614516767,0.0,0.96,5,0.308,0.3729557614516767,0.0,0.96,5,1.0969520058311235,0.6054522385491942,0.3520170175939799,1.7499054741859437,5,0.18277686325877904,0.1009298394638324,0.0586026210218668,0.2916399329900742,5,0.3978107150719792,0.057286630642763944,0.29355567071004024,0.43935574439459063,5,0.06627229333220648,0.009566552825443905,0.04887017071310834,0.07322052530124507,5,1.1832172272683175,0.5756806688026878,0.4583567524121161,1.8042028412760645,5,0.19714514226092758,0.0959767832150257,0.07630570605243683,0.3006891542329565,5,1.3032843816591508,0.5088793797066177,0.3758973356068133,1.7499054741859437,5,0.21713560543626548,0.08482470584166002,0.06257813659608363,0.2916399329900742,5,0.3803044602431873,0.07138766422437043,0.27339797753850753,0.43935574439459063,5,0.06335722048119923,0.011916147103758016,0.045514385307156645,0.07322052530124507,5,50.0,0.0,50.0,50.0,5,100.0,0.0,100.0,100.0,5,3130000.0,0.0,3130000.0,3130000.0,5,1.5818734169006348,0.078067603844623,1.4948784112930298,1.724855899810791,5,3130000000.0,0.0,3130000000.0,3130000000.0,5,8.97972152519226,0.5958864008604983,8.277374382019042,9.734884798526764,5,0.1484259583055973,0.06116502777740597,0.046309877187013626,0.2116299569606781,5,5515.884527254105,1554.868202572077,3880.2602910995483,7356.381206035614,5,1000.0,0.0,1000.0,1000.0,5,0.26903448104858396,0.09534329115589778,0.09914889931678772,0.35245826840400696
fnpe,"mu,cd",2000,2,20000000,20000000,20000000,2,0.9558333333333333,0.025499999999999967,0.9303333333333333,0.9813333333333333,2,-0.7680717246218607,0.4298789614560105,-1.1979506860778713,-0.3381927631658502,2,-0.07037418804485351,0.039431132628209895,-0.10980532067306341,-0.03094305541664362,2,0.5142441886186027,0.04673892084316586,0.46750526777543683,0.5609831094617685,2,0.047097399726991764,0.004322855371193132,0.04277454435579863,0.051420255098184896,2,0.05,0.05,0.0,0.1,2,0.05,0.05,0.0,0.1,2,0.135,0.065,0.07,0.2,2,0.135,0.065,0.07,0.2,2,0.8141071509270952,0.38384353515077607,0.4302636157763191,1.1979506860778713,2,0.0745862141335383,0.0352191065395251,0.03936710759401321,0.10980532067306341,2,0.4727210668996872,0.08826204256208134,0.38445902433760587,0.5609831094617685,2,0.04329822837781362,0.008122026720371274,0.03517620165744235,0.051420255098184896,2,0.9499005676854673,0.3728949174050425,0.5770056502804247,1.3227954850905097,2,0.08702101641519305,0.034227699382033815,0.052793317033159246,0.12124871579722687,2,0.817999057622163,0.38238994676191573,0.43560911086024723,1.2003890043840788,2,0.07494250730443745,0.035086311979778115,0.03985619532465934,0.11002881928421557,2,0.4681695804399988,0.08899970110350533,0.37916987933649343,0.5571692815435041,2,0.042881472822465,0.008189203122569513,0.03469226969989549,0.05107067594503451,2,0.05,0.030000000000000002,0.02,0.08,2,0.44999999999999996,0.03,0.42,0.48,2,0.1225,0.05249999999999999,0.07,0.175,2,0.7775000000000001,0.05249999999999999,0.7250000000000001,0.8300000000000001,2,0.4418421052631579,0.03157894736842112,0.4102631578947368,0.473421052631579,2,100.0,0.0,100.0,100.0,2,0.8650078058242798,0.0115030014514923,0.8535048043727875,0.8765108072757721,2,0.21167421028296615,0.03528580238321266,0.1763884078997535,0.2469600126661788,2,60.45706245422363,1.0818785095214842,59.37518394470215,61.53894096374512,2,10.718460536115186,2.3396854195835424,8.378775116531644,13.058145955698729,2,0.22482942789793015,0.039013393223285675,0.18581603467464447,0.2638428211212158,,,,,,,,,,,,,,,,,,,,,,,,,,,,,,,,,,,,,,,,,,,,,,,,,,,,,,,,,,,,,,,,,,,,,,,,,,,,,,,,,,,,,,,,,,,2,0.9196213355738291,0.3255557934414294,0.5940655421323997,1.2451771290152585,2,0.15317286703586577,0.05427481589019296,0.09889805114567281,0.20744768292605872,2,0.988388046387801,0.19056257167906693,0.797825474708734,1.1789506180668679,2,0.16459312272680282,0.03167464706486263,0.13291847566194018,0.19626776979166544,2,0.05,0.009999999999999998,0.04,0.06,2,0.05,0.009999999999999998,0.04,0.06,2,0.11,0.039999999999999994,0.07,0.15,2,0.11,0.039999999999999994,0.07,0.15,2,1.2098460165420635,0.16673270953615926,1.0431133070059042,1.3765787260782227,2,0.20149666991829873,0.02784264288842675,0.17365402702987198,0.22933931280672548,2,0.6747796320613149,0.13438849443435813,0.5403911376269568,0.809168126495673,2,0.11236864250396052,0.022338970034139163,0.09002967246982135,0.13470761253809968,2,1.399507058077992,0.07934099723969301,1.320166060838299,1.478848055317685,2,0.23307716260140032,0.013300316734038115,0.2197768458673622,0.24637747933543844,2,1.2162087132144341,0.16866610694636386,1.0475426062680704,1.384874820160798,2,0.20255642594248055,0.028165024019777746,0.1743914019227028,0.2307214499622583,2,0.6644773392830765,0.13942036084037385,0.5250569784427027,0.8038977001234504,2,0.1106525982748371,0.023177611352412378,0.08747498692242472,0.13383020962724948,2,50.0,0.0,50.0,50.0,2,100.0,0.0,100.0,100.0,2,3130000.0,0.0,3130000.0,3130000.0,2,1.5196359157562256,0.0343700647354126,1.485265851020813,1.5540059804916382,2,3130000000.0,0.0,3130000000.0,3130000000.0,2,4.254802043437958,0.039878594875335516,4.214923448562622,4.294680638313293,2,0.11696077138185501,0.03510073572397232,0.08186003565788269,0.15206150710582733,2,2133.9855892658234,4.168699741363525,2129.81688952446,2138.154289007187,2,1000.0,0.0,1000.0,1000.0,2,0.2292407527565956,0.04073026031255722,0.1885104924440384,0.26997101306915283
fnpe,"mu,cd",3000,2,20000000,20000000,20000000,2,0.9494166666666667,0.03125,0.9181666666666667,0.9806666666666667,2,-0.8490486882232622,0.2826847193210411,-1.1317334075443033,-0.5663639689022211,2,-0.0777777168147266,0.025958063944429174,-0.10373578075915578,-0.05181965287029743,2,0.48482434008449005,0.02593797738919712,0.4588863626952929,0.5107623174736872,2,0.04440146176058321,0.002415506873910598,0.04198595488667261,0.046816968634493805,2,0.085,0.085,0.0,0.17,2,0.085,0.085,0.0,0.17,2,0.18000000000000002,0.1,0.08,0.28,2,0.18000000000000002,0.1,0.08,0.28,2,0.8522012232441016,0.2795321843002017,0.5726690389438999,1.1317334075443033,2,0.07806615902706981,0.025669621732085958,0.052396537294983864,0.10373578075915578,2,0.4808778388529054,0.02988447862078175,0.45099336023212366,0.5107623174736872,2,0.04404037535296632,0.0027765932815274827,0.04126378207143884,0.046816968634493805,2,0.9852928124557161,0.25635876939119323,0.7289340430645229,1.2416515818469094,2,0.09025252047129581,0.023558466528355505,0.06669405394294031,0.11381098699965132,2,0.8600352703907088,0.2736082784309078,0.586426991959801,1.1336435488216166,2,0.07878309584558012,0.02512777030616999,0.053655325539410124,0.1039108661517501,2,0.4719161370125521,0.0360177220564101,0.43589841495614196,0.5079338590689622,2,0.04322018736045607,0.0033375220457829494,0.03988266531467312,0.04655770940623902,2,0.08250000000000002,0.0675,0.015,0.15000000000000002,2,0.4175,0.0675,0.35,0.485,2,0.1675,0.10750000000000001,0.06,0.275,2,0.7325,0.10750000000000004,0.625,0.8400000000000001,2,0.41815789473684206,0.061315789473684185,0.35684210526315785,0.4794736842105262,2,100.0,0.0,100.0,100.0,2,1.9237443256378173,0.07052580237388606,1.8532185232639313,1.9942701280117034,2,1.5106314734528996,0.12054728619227917,1.3900841872606204,1.6311787596451788,2,86.38529563903808,3.2178865051269483,83.16740913391114,89.60318214416503,2,38.33851235407977,6.07406306847405,32.264449285605714,44.412575422553815,2,0.17963594570755959,0.07620569691061974,0.10343024879693985,0.2558416426181793,,,,,,,,,,,,,,,,,,,,,,,,,,,,,,,,,,,,,,,,,,,,,,,,,,,,,,,,,,,,,,,,,,,,,,,,,,,,,,,,,,,,,,,,,,,2,0.5801407678083772,0.7045870567837054,-0.1244462889753282,1.2847278245920826,2,0.09665973119661211,0.11737713486775755,-0.020717403671145447,0.21403686606436967,2,0.623544855573367,0.046593518383239774,0.5769513371901273,0.6701383739566068,2,0.10384731030117972,0.007798374094615777,0.09604893620656395,0.1116456843957955,2,0.08,0.05,0.03,0.13,2,0.08,0.05,0.03,0.13,2,0.155,0.115,0.04,0.27,2,0.155,0.115,0.04,0.27,2,0.9111077401363545,0.4455541177363389,0.4655536224000156,1.3566618578726934,2,0.1517624797768891,0.07425866402462124,0.07750381575226785,0.22602114380151034,2,0.4358963687096147,0.07310228249068176,0.3627940862189329,0.5089986512002964,2,0.07259820273045296,0.012201451947614492,0.06039675078283847,0.08479965467806745,2,1.0196117615452023,0.4293916972257936,0.5902200643194087,1.449003458770996,2,0.1698316055816153,0.07157373586480444,0.09825786971681087,0.24140534144641973,2,0.9210261975885623,0.4424523387217217,0.47857385886684056,1.363478536310284,2,0.15341409514322876,0.07374271371439099,0.07967138142883777,0.22715680885761977,2,0.4217540681405897,0.0722693590418618,0.3494847090987279,0.4940234271824515,2,0.07024290905317361,0.0120618591752472,0.05818104987792641,0.08230476822842081,2,50.0,0.0,50.0,50.0,2,100.0,0.0,100.0,100.0,2,3130000.0,0.0,3130000.0,3130000.0,2,1.479897379875183,0.013628959655761719,1.4662684202194214,1.4935263395309448,2,3130000000.0,0.0,3130000000.0,3130000000.0,2,10.699486713409424,4.266355872154236,6.433130841255188,14.96584258556366,2,0.09594208933413029,0.05517405830323696,0.040768031030893326,0.15111614763736725,2,2820.245874285698,691.8019226789474,2128.4439516067505,3512.0477969646454,2,1000.0,0.0,1000.0,1000.0,2,0.18464889377355576,0.0764625146985054,0.10818637907505035,0.26111140847206116
fnpe,"mu,cd",1000,5,40000000,40000000,40000000,5,0.9814999999999999,0.024334246558205905,0.9356666666666666,0.9994999999999999,5,-0.7576587110278716,0.8124314991805597,-1.857431056345999,0.18963837523460383,5,-0.06936703453443945,0.07440033769992307,-0.17007286218777298,0.017387267513573168,5,0.4431760191666806,0.013049648575763817,0.43297119757226094,0.46780503694721515,5,0.0405925820702905,0.0011726867991087176,0.039676087818411365,0.042810828499265104,5,0.062,0.05268775948927796,0.0,0.13,5,0.062,0.05268775948927796,0.0,0.13,5,0.178,0.15025311976794356,0.0,0.36,5,0.178,0.15025311976794356,0.0,0.36,5,0.9501717245361914,0.6146542718010783,0.337371461097151,1.857431056345999,5,0.08701411905042827,0.056273638848603945,0.03091563505232334,0.17007286218777298,5,0.3766971034012742,0.09022224164395583,0.25979310878723555,0.46780503694721515,5,0.0344989426732191,0.00824452875982096,0.023819506115153218,0.042810828499265104,5,1.0378751477177404,0.5945436218642356,0.4348200577668987,1.9100043574746166,5,0.09504663277619038,0.05442854252444019,0.039845511407121975,0.1748866569401599,5,0.9571650117126813,0.6092344096418155,0.3529964926309883,1.857431056345999,5,0.08765468793325126,0.05577695037152659,0.032347462861239906,0.17007286218777298,5,0.36934896321055083,0.09249798437148303,0.25238556656374134,0.452623811772492,5,0.03382588117024114,0.008454125791261397,0.023140334842367227,0.04142153007857393,5,0.044,0.023748684174075836,0.0,0.065,5,0.45600000000000007,0.023748684174075836,0.435,0.5,5,0.135,0.0763544366752843,0.0,0.225,5,0.765,0.07635443667528428,0.675,0.9,5,0.44210526315789467,0.03275655185990569,0.4102631578947368,0.4999999999999999,5,100.0,0.0,100.0,100.0,5,1.773137628555298,1.2539536495542807,0.7573453879356384,3.700216820240021,5,2.768850682781086,3.3471116786761255,0.03589489386688123,7.298273099588376,5,55.27424615478516,6.898144646465899,49.490452728271485,66.67598815917968,5,14.327919362058807,15.457948241453481,1.8047131897991608,37.507889593910484,5,0.315989288687706,0.21110231021497255,0.15752603113651276,0.7282230854034424,,,,,,,,,,,,,,,,,,,,,,,,,,,,,,,,,,,,,,,,,,,,,,,,,,,,,,,,,,,,,,,,,,,,,,,,,,,,,,,,,,,,,,,,,,,5,0.5028837292651966,2.1168293793789577,-1.7504076940238473,4.2392443638920785,5,0.08386984779357912,0.3528643474062256,-0.2914921224504709,0.7068049356341362,5,0.4423322710784503,0.005040513625945415,0.4389274881238368,0.4523300437048869,5,0.07371331858617756,0.0008686433958130104,0.07313156818323285,0.07543683140143136,5,0.026000000000000002,0.052000000000000005,0.0,0.13,5,0.026000000000000002,0.052000000000000005,0.0,0.13,5,0.092,0.17904189453868052,0.0,0.45,5,0.092,0.17904189453868052,0.0,0.45,5,1.7273193876348572,1.3315048892348402,0.37223458207994686,4.2392443638920785,5,0.28789694662034515,0.2220193412949661,0.06201958030909299,0.7068049356341362,5,0.41343541544364343,0.04555800344624005,0.3232353052499243,0.44094382650640696,5,0.06889777190452713,0.007593692244174882,0.05385560427379155,0.0734550197271727,5,1.7989799355290121,1.3012352219874155,0.49299051375888003,4.26199836188423,5,0.2998379312691903,0.216977007744803,0.08213923820812602,0.7105986867436539,5,1.7309532043729856,1.3278685373653785,0.3900368365123869,4.2392443638920785,5,0.28850240394949916,0.22141367364025322,0.06498568945080042,0.7068049356341362,5,0.4104408176729164,0.051115063515613166,0.30911165640913696,0.44094382650640696,5,0.06839880216894209,0.00851980507568159,0.05150240320459411,0.0734550197271727,5,50.0,0.0,50.0,50.0,5,100.0,0.0,100.0,100.0,5,6255000.0,0.0,6255000.0,6255000.0,5,1.602362871170044,0.08575038239095169,1.503945231437683,1.7088311910629272,5,6255000000.0,0.0,6255000000.0,6255000000.0,5,6.43070307636261,2.588211810028134,3.2440511274337767,9.274918775558472,5,0.19942634850740432,0.13758111597885794,0.09515293687582016,0.46846655011177063,5,6881.702801084519,2081.9622735399503,4276.641309499741,8899.840144395828,5,1000.0,0.0,1000.0,1000.0,5,0.3175619512796402,0.21016617581448926,0.16005027294158936,0.7282688617706299
fnpe,"mu,cd",2000,2,40000000,40000000,40000000,2,0.9567499999999999,0.01258333333333339,0.9441666666666665,0.9693333333333333,2,-1.220692493003913,0.03509652667640595,-1.2557890196803188,-1.1855959663275069,2,-0.11181283459383994,0.003109758154489106,-0.11492259274832904,-0.10870307643935083,2,0.5141361754887028,0.07305906712568633,0.4410771083630165,0.5871952426143892,2,0.04708876179128621,0.006647971292818605,0.040440790498467605,0.053736733084104815,2,0.0,0.0,0.0,0.0,2,0.0,0.0,0.0,0.0,2,0.03,0.03,0.0,0.06,2,0.03,0.03,0.0,0.06,2,1.220692493003913,0.03509652667640595,1.1855959663275069,1.2557890196803188,2,0.11181283459383994,0.003109758154489106,0.10870307643935083,0.11492259274832904,2,0.5141361754887028,0.07305906712568633,0.4410771083630165,0.5871952426143892,2,0.04708876179128621,0.006647971292818605,0.040440790498467605,0.053736733084104815,2,1.3256382373122826,0.0606533319106668,1.2649849054016158,1.3862915692229494,2,0.12142370075261065,0.005441735070353407,0.11598196568225724,0.12686543582296406,2,1.2215128674703917,0.03591159141509681,1.1856012760552948,1.2574244588854884,2,0.11188791100475937,0.003184347735531619,0.10870356326922774,0.11507225874029098,2,0.5127743261454919,0.07170433493314685,0.4410699912123451,0.5844786610786388,2,0.04696413255708619,0.00652399460459949,0.0404401379524867,0.05348812716168568,2,0.0475,0.0475,0.0,0.095,2,0.4525,0.04749999999999999,0.405,0.5,2,0.135,0.105,0.03,0.24,2,0.765,0.10499999999999998,0.66,0.87,2,0.44157894736842096,0.050526315789473614,0.3910526315789474,0.4921052631578946,2,100.0,0.0,100.0,100.0,2,0.8375282162427902,0.00794731676578525,0.829580899477005,0.8454755330085755,2,0.11867293713031966,0.00777715216976306,0.1108957849605566,0.12645008930008272,2,58.33161720275879,0.2514282989501986,58.08018890380859,58.58304550170899,2,5.010633869241428,0.39166675212818713,4.6189671171132405,5.402300621369615,2,0.18691745400428772,0.034185126423835754,0.15273232758045197,0.22110258042812347,,,,,,,,,,,,,,,,,,,,,,,,,,,,,,,,,,,,,,,,,,,,,,,,,,,,,,,,,,,,,,,,,,,,,,,,,,,,,,,,,,,,,,,,,,,2,0.5728880253717326,0.47927828405625245,0.09360974131548008,1.052166309427985,2,0.09543236005604268,0.07984370388090611,0.01558865617513656,0.1752760639369488,2,0.6262904788539541,0.09054046931403437,0.5357500095399197,0.7168309481679884,2,0.10431045771251343,0.015062063767439009,0.08924839394507442,0.11937252147995243,2,0.095,0.095,0.0,0.19,2,0.095,0.095,0.0,0.19,2,0.24,0.24,0.0,0.48,2,0.24,0.24,0.0,0.48,2,0.8079782000973843,0.26942136201388256,0.5385568380835017,1.0773995621112669,2,0.1345822168469429,0.04489735094010832,0.0896848659068346,0.17947956778705124,2,0.482627102423402,0.0003762091385174082,0.48225089328488463,0.48300331156191945,2,0.0803849405567584,7.65978201446374e-05,0.08030834273661377,0.08046153837690305,2,0.9518148910201245,0.22889761226648447,0.7229172787536401,1.180712503286609,2,0.15853805668692456,0.03815198986094867,0.12038606682597588,0.19669004654787323,2,0.8222818961635254,0.2551684106660547,0.5671134854974708,1.0774503068295802,2,0.13696418622881174,0.04252383490949872,0.09444035131931303,0.17948802113831047,2,0.47093182347716356,0.011983859469109959,0.4589479640080536,0.4829156829462735,2,0.07843734497232582,0.0020095957187359487,0.07642774925358987,0.08044694069106177,2,50.0,0.0,50.0,50.0,2,100.0,0.0,100.0,100.0,2,6255000.0,0.0,6255000.0,6255000.0,2,1.4377720355987549,0.009040594100952148,1.4287314414978027,1.446812629699707,2,6255000000.0,0.0,6255000000.0,6255000000.0,2,8.206206394433975,3.957910088300705,4.248296306133271,12.16411648273468,2,0.1047571673989296,0.030103914439678192,0.0746532529592514,0.1348610818386078,2,6065.897687673569,1696.1858258247375,4369.711861848831,7762.083513498306,2,1000.0,0.0,1000.0,1000.0,2,0.19109854102134705,0.03279455006122589,0.15830399096012115,0.22389309108257294
fnpe,"mu,cd",3000,2,40000000,40000000,40000000,2,0.9974166666666666,0.0014166666666666772,0.996,0.9988333333333334,2,-1.94234932817705,2.002351753235981,-3.944701081413031,0.060002425058931115,2,-0.17774748015981165,0.18324888889919963,-0.3609963690590113,0.005501408739387989,2,0.49826920078701675,0.05011521035256319,0.44815399043445353,0.5483844111395799,2,0.04563731680639507,0.004547672056935428,0.04108964474945965,0.050184988863330504,2,0.045,0.045,0.0,0.09,2,0.045,0.045,0.0,0.09,2,0.105,0.105,0.0,0.21,2,0.105,0.105,0.0,0.21,2,2.158202523410693,1.786498558002338,0.371703965408355,3.944701081413031,2,0.19753829162325706,0.16345807743575422,0.03408021418750286,0.3609963690590113,2,0.40291521463866364,0.1454691965009163,0.2574460181377473,0.5483844111395799,2,0.03689464894565697,0.013290339917673536,0.023604309027983432,0.050184988863330504,2,2.21739463665471,1.765241686697202,0.4521529499575081,3.982636323351912,2,0.20296213970291818,0.16150584459886178,0.041456295104056406,0.36446798430177996,2,2.161009426181391,1.78369165523164,0.37731777094975116,3.944701081413031,2,0.1977956464907154,0.16320072256829588,0.03459492392241954,0.3609963690590113,2,0.39968672335543054,0.14869768778414938,0.25098903557128116,0.5483844111395799,2,0.03659864014701577,0.013586348716314742,0.023012291430701028,0.05018498886333051,2,0.042499999999999996,0.0024999999999999988,0.04,0.045,2,0.4575,0.0025000000000000022,0.455,0.46,2,0.11249999999999999,0.0075,0.105,0.12,2,0.7875000000000001,0.007500000000000007,0.78,0.795,2,0.45263157894736844,0.0015789473684210686,0.45105263157894737,0.4542105263157895,2,100.0,0.0,100.0,100.0,2,3.884443597793579,1.8774950528144834,2.0069485449790956,5.761938650608062,2,2.319273299742357,0.7288798766642317,1.5903934230781256,3.048153176406589,2,123.91886680603028,42.36951942443847,81.5493473815918,166.28838623046875,2,51.67099506598865,9.089438089562776,42.58155697642587,60.760433155551425,2,0.33482034504413605,0.048204436898231506,0.28661590814590454,0.38302478194236755,,,,,,,,,,,,,,,,,,,,,,,,,,,,,,,,,,,,,,,,,,,,,,,,,,,,,,,,,,,,,,,,,,,,,,,,,,,,,,,,,,,,,,,,,,,2,-0.5914301446724293,1.1085369990419984,-1.6999671437144277,0.5171068543695693,2,-0.09847482229694723,0.18461752937510612,-0.2830923516720533,0.08614270707815887,2,0.5446250973752006,0.048373746695494074,0.49625135067970655,0.5929988440706947,2,0.09071252717556655,0.008072714942495458,0.0826398122330711,0.09878524211806201,2,0.04,0.04,0.0,0.08,2,0.04,0.04,0.0,0.08,2,0.12,0.12,0.0,0.24,2,0.12,0.12,0.0,0.24,2,1.1617798923533798,0.5381872513610478,0.6235926409923319,1.6999671437144277,2,0.193487044364959,0.08960530730709432,0.10388173705786467,0.2830923516720533,2,0.4880107238554806,0.00824062682422591,0.4797700970312547,0.49625135067970655,2,0.08128137114510489,0.0013584410879662126,0.07992293005713867,0.0826398122330711,2,1.2788571820431032,0.4920617016893007,0.7867954803538025,1.770918883732404,2,0.21298842036662405,0.08191939258706962,0.13106902777955443,0.29490781295369367,2,1.1655679920223,0.534399151692128,0.631168840330172,1.6999671437144281,2,0.19411808834299443,0.08897426332905888,0.10514382501393557,0.2830923516720533,2,0.48392405951768974,0.012327291162016807,0.47159676835567294,0.49625135067970655,2,0.08060059049891954,0.002039221734151532,0.07856136876476802,0.08263981223307108,2,50.0,0.0,50.0,50.0,2,100.0,0.0,100.0,100.0,2,6255000.0,0.0,6255000.0,6255000.0,2,1.5798041820526123,0.11713242530822754,1.4626717567443848,1.6969366073608398,2,6255000000.0,0.0,6255000000.0,6255000000.0,2,13.291310036182402,6.807523992061615,6.483786044120788,20.098834028244017,2,0.2065730020403862,0.02922455221414566,0.17734844982624054,0.23579755425453186,2,9573.277501106262,5010.407056093216,4562.870445013046,14583.684557199478,2,1000.0,0.0,1000.0,1000.0,2,0.33529725670814514,0.048502832651138306,0.28679442405700684,0.38380008935928345
fnpe,"mu,cd",1000,5,60000000,60000000,60000000,5,0.9937333333333334,0.006516304337753289,0.9826666666666667,0.9996666666666667,5,-1.3523210317264454,0.5162177862833792,-1.9541901522956788,-0.7146514023502823,5,-0.12389413079574703,0.047289558325207065,-0.17906146241612728,-0.06547316582500935,5,0.43936010033176204,0.004676689020774824,0.43587186393950456,0.44849033227313156,5,0.04025367764145051,0.00042012664114394994,0.039932631511659725,0.04106937503767396,5,0.0,0.0,0.0,0.0,5,0.0,0.0,0.0,0.0,5,0.012,0.01939071942966532,0.0,0.05,5,0.012,0.01939071942966532,0.0,0.05,5,1.3523210317264454,0.5162177862833792,0.7146514023502823,1.9541901522956788,5,0.12389413079574703,0.047289558325207065,0.06547316582500935,0.17906146241612728,5,0.43936010033176204,0.004676689020774824,0.43587186393950456,0.44849033227313156,5,0.04025367764145051,0.00042012664114394994,0.039932631511659725,0.04106937503767396,5,1.4326036107489126,0.48575615217709905,0.8370847679030621,2.0025481610761897,5,0.1312498579269456,0.044497953171352134,0.076689963506284,0.18349248259875434,5,1.3526810563062086,0.515855642076914,0.7152280668695926,1.9541901522956788,5,0.12392712381824848,0.04725637905167171,0.0655259972512722,0.1790614624161273,5,0.4388950291194555,0.004771304883247622,0.43523766726134333,0.4483069544699501,5,0.040211056675536615,0.0004278804372366728,0.039874529245961486,0.04105258267442054,5,0.016,0.027276363393971714,0.0,0.07,5,0.484,0.027276363393971714,0.43,0.5,5,0.048,0.07039886362719217,0.0,0.185,5,0.852,0.07039886362719214,0.7150000000000001,0.9,5,0.4797894736842105,0.029582693151098013,0.42184210526315785,0.4999999999999999,5,100.0,0.0,100.0,100.0,5,2.9324227423667906,0.8233398159405574,1.480974007844925,3.73182728767395,5,6.08252608358982,1.3813554298864337,3.5281267405981365,7.289487020846071,5,61.75747760009766,5.031081619957054,53.07931381225586,66.93107963562012,5,28.888086442614355,8.214760599314705,13.86377557087513,36.604031268490495,5,0.2670637220144272,0.04949296253204833,0.21040183305740356,0.3421174883842468,,,,,,,,,,,,,,,,,,,,,,,,,,,,,,,,,,,,,,,,,,,,,,,,,,,,,,,,,,,,,,,,,,,,,,,,,,,,,,,,,,,,,,,,,,,5,-1.2557664597089215,0.529192058127329,-1.7499308216571807,-0.3033877544378862,5,-0.2092799963593483,0.08820031056843965,-0.2916399329900742,-0.05056274774819613,5,0.5151640622595917,0.09320456907749892,0.439242313501886,0.6533188179935367,5,0.08585354630392975,0.015529252169797265,0.07321167027036271,0.10886628367871867,5,0.032,0.05455272678794343,0.0,0.14,5,0.032,0.05455272678794343,0.0,0.14,5,0.08399999999999999,0.1437497826085313,0.0,0.37,5,0.08399999999999999,0.1437497826085313,0.0,0.37,5,1.313798916627355,0.4383603755375691,0.5573701056608931,1.7499308216571807,5,0.2189515374332666,0.07306371536820783,0.09289156485050917,0.2916399329900742,5,0.4553146976102395,0.07440330922136261,0.37884348778165433,0.5974123480226007,5,0.07587938971647054,0.012395027830163895,0.06313823461362846,0.09955026563681706,5,1.4001190042161724,0.4132088001100139,0.6739316159069876,1.8042289770958646,5,0.2333368530580163,0.06887171953301223,0.1123177612423874,0.3006891542329565,5,1.3178566262530163,0.43210779713575737,0.575297711645998,1.7499308216571807,5,0.21962778600335117,0.0720217835561099,0.09587938815504313,0.2916399329900742,5,0.4501841412836815,0.07810210062950718,0.35818008500266213,0.5946154158721413,5,0.07502435232532681,0.013011655239751231,0.05969446216283655,0.09908419691694045,5,50.0,0.0,50.0,50.0,5,100.0,0.0,100.0,100.0,5,9380000.0,0.0,9380000.0,9380000.0,5,1.6539926290512086,0.07908863165627393,1.5195165872573853,1.7251827716827393,5,9380000000.0,0.0,9380000000.0,9380000000.0,5,6.486019277095795,2.6024524114771204,3.2924453830718994,9.325759451389313,5,0.16351171880960463,0.03648446274751351,0.11862596124410629,0.21635785698890686,5,12402.475422620773,5526.706641224654,6836.047207593918,22082.33108496666,5,1000.0,0.0,1000.0,1000.0,5,0.26920112669467927,0.04861784489883162,0.21274635195732117,0.3422330617904663
fnpe,"mu,cd",2000,2,60000000,60000000,60000000,2,0.9919166666666668,0.004416666666666624,0.9875000000000002,0.9963333333333334,2,-1.0758385922641607,0.31448019151081413,-1.3903187837749749,-0.7613584007533466,2,-0.09855227364059538,0.028762673488818113,-0.1273149471294135,-0.06978960015177726,2,0.4847577377887392,0.006715805352492804,0.47804193243624643,0.49147354314123204,2,0.04441310310793954,0.0006376147679647975,0.043775488339974744,0.04505071787590434,2,0.03,0.03,0.0,0.06,2,0.03,0.03,0.0,0.06,2,0.06,0.06,0.0,0.12,2,0.06,0.06,0.0,0.12,2,1.0775858704158219,0.31273291335915293,0.764852957056669,1.3903187837749749,2,0.09871243714448064,0.02860250998493285,0.0701099271595478,0.1273149471294135,2,0.48202961425722046,0.003987681820974032,0.47804193243624643,0.4860172960781945,2,0.04416303083571952,0.00038754249574477623,0.043775488339974744,0.0445505733314643,2,1.1882077814236287,0.28199982625798914,0.9062079551656395,1.4702076076816177,2,0.10884886992690893,0.025781695480685714,0.0830671744462232,0.13463056540759463,2,1.0802701288537238,0.31008273470838643,0.7701873941453372,1.39035286356211,2,0.09895848701577634,0.028359580884687617,0.07059890613108873,0.12731806790046396,2,0.47822927683242566,0.00022562098305009548,0.4780036558493756,0.4784548978154758,2,0.04381467624355154,4.269298612865832e-05,0.043771983257422875,0.04385736922968019,2,0.024999999999999998,0.009999999999999998,0.015,0.034999999999999996,2,0.475,0.009999999999999981,0.465,0.485,2,0.065,0.015,0.05,0.08,2,0.835,0.014999999999999958,0.8200000000000001,0.85,2,0.46855263157894733,0.011447368421052623,0.45710526315789474,0.48,2,100.0,0.0,100.0,100.0,2,1.357286257147789,0.04860274016857147,1.3086835169792175,1.4058889973163604,2,1.6841799495910859,1.2672844048109888,0.41689554478009716,2.9514643544020744,2,72.35890796661377,8.09196346282959,64.26694450378417,80.45087142944335,2,20.374596514330428,3.145247044263682,17.229349470066744,23.519843558594108,2,0.2407715618610382,0.017925888299942017,0.2228456735610962,0.2586974501609802,,,,,,,,,,,,,,,,,,,,,,,,,,,,,,,,,,,,,,,,,,,,,,,,,,,,,,,,,,,,,,,,,,,,,,,,,,,,,,,,,,,,,,,,,,,2,-1.17901473332569,0.20311157780811184,-1.3821263111338018,-0.9759031555175781,2,-0.19646726365834472,0.03384442107081413,-0.23031168472915886,-0.1626228425875306,2,0.6792485180574634,0.07006477576347792,0.6091837422939855,0.7493132938209414,2,0.11318787119524501,0.011674528053460434,0.10151334314178458,0.12486239924870544,2,0.02,0.01,0.01,0.03,2,0.02,0.01,0.01,0.03,2,0.07,0.030000000000000002,0.04,0.1,2,0.07,0.030000000000000002,0.04,0.1,2,1.2360971100710332,0.1985545667491854,1.037542543321848,1.4346516768202187,2,0.2059793070286512,0.033084982325136694,0.1728943247035145,0.2390642893537879,2,0.5700209726347356,0.07303277194813729,0.4969882006865983,0.6430537445828729,2,0.09498651401552838,0.012169243761153713,0.08281727025437467,0.1071557577766821,2,1.3613045507427528,0.21087341380996294,1.1504311369327898,1.5721779645527156,2,0.2268434887372809,0.03513760002472607,0.19170588871255484,0.261981088762007,2,1.2390943420313298,0.19679396747574218,1.0423003745555877,1.435888309507072,2,0.20647875919640063,0.03279159745126965,0.173687161745131,0.2392703566476703,2,0.5645435349792771,0.07591557940795693,0.48862795557132016,0.640459114387234,2,0.09407376622891551,0.012649633229043139,0.08142413299987238,0.10672339945795865,2,50.0,0.0,50.0,50.0,2,100.0,0.0,100.0,100.0,2,9380000.0,0.0,9380000.0,9380000.0,2,1.5896609425544739,0.06949359178543091,1.520167350769043,1.6591545343399048,2,9380000000.0,0.0,9380000000.0,9380000000.0,2,9.257305723428725,4.9646026742458345,4.292703049182892,14.22190839767456,2,0.14142956584692,0.008881114423274994,0.13254845142364502,0.150310680270195,2,14661.675879359245,7363.760261654854,7297.9156177043915,22025.4361410141,2,1000.0,0.0,1000.0,1000.0,2,0.24377939850091934,0.015641950070858,0.22813744843006134,0.25942134857177734
fnpe,"mu,cd",3000,2,60000000,60000000,60000000,2,0.9878333333333333,0.00016666666666670382,0.9876666666666667,0.9880000000000001,2,-1.124645064530609,0.21157996585606903,-1.336225030386678,-0.91306509867454,2,-0.10302858946230264,0.0193328582016751,-0.12236144766397775,-0.08369573126062754,2,0.4789590267804674,0.007175318263740349,0.4717837085167271,0.48613434504420777,2,0.043881854830554054,0.0006794476505996745,0.043202407179954376,0.044561302481153725,2,0.01,0.01,0.0,0.02,2,0.01,0.01,0.0,0.02,2,0.02,0.02,0.0,0.04,2,0.02,0.02,0.0,0.04,2,1.124645064530609,0.21157996585606903,0.91306509867454,1.336225030386678,2,0.10302858946230264,0.0193328582016751,0.08369573126062754,0.12236144766397775,2,0.4789590267804674,0.007175318263740349,0.4717837085167271,0.48613434504420777,2,0.043881854830554054,0.0006794476505996745,0.043202407179954376,0.044561302481153725,2,1.2257407232880935,0.1913256828671278,1.0344150404209658,1.4170664061552214,2,0.11229175839406032,0.017472535079016985,0.09481922331504333,0.1297642934730773,2,1.1256265106939654,0.2107035670080719,0.9149229436858934,1.3363300777020373,2,0.10311854846682401,0.019252518643252545,0.08386602982357147,0.12237106711007656,2,0.47733935769467184,0.005693498304307126,0.47164585939036474,0.483032855998979,2,0.04373339491103995,0.0005436109215981623,0.04318978398944179,0.04427700583263811,2,0.025,0.004999999999999999,0.02,0.03,2,0.475,0.0050000000000000044,0.47,0.48,2,0.055,0.010000000000000002,0.045,0.065,2,0.845,0.010000000000000009,0.835,0.855,2,0.47236842105263155,0.0007894736842105621,0.471578947368421,0.4731578947368421,2,100.0,0.0,100.0,100.0,2,3.9377166163921355,0.46657235026359545,3.47114426612854,4.404288966655731,2,2.226481744618722,0.42159468786348353,1.8048870567552382,2.6480764324822053,2,125.02869724273681,15.558732414245597,109.46996482849121,140.5874296569824,2,48.65476784887676,3.2415625982252116,45.41320525065155,51.896330447101974,2,0.23106428980827332,0.01096564531326294,0.22009864449501038,0.24202993512153625,,,,,,,,,,,,,,,,,,,,,,,,,,,,,,,,,,,,,,,,,,,,,,,,,,,,,,,,,,,,,,,,,,,,,,,,,,,,,,,,,,,,,,,,,,,2,-1.0547790973024442,0.05060707197356962,-1.1053861692760139,-1.0041720253288746,2,-0.17576519764587284,0.008431678523868363,-0.1841968761697412,-0.16733351912200448,2,0.7421271889487067,0.18984773001205418,0.5522794589366524,0.9319749189607608,2,0.12366563433497843,0.031634724199580355,0.09203091013539808,0.15530035853455879,2,0.04,0.0,0.04,0.04,2,0.04,0.0,0.04,0.04,2,0.09,0.04,0.05,0.13,2,0.09,0.04,0.05,0.13,2,1.15758827388566,0.12472157969754172,1.0328666941881182,1.2823098535832016,2,0.1928969196788967,0.02078177061900499,0.1721151490598917,0.21367869029790168,2,0.582241808741569,0.08569327208743249,0.49654853665413645,0.6679350808290014,2,0.09702294152229313,0.014278935659661464,0.08274400586263167,0.1113018771819546,2,1.295933102024309,0.14990777193057325,1.1460253300937358,1.4458408739548823,2,0.21595026036598874,0.024978547690776134,0.19097171267521262,0.2409288080567649,2,1.1620088965071367,0.12278204394709336,1.0392268525600432,1.28479094045423,2,0.19363356179371477,0.020458566374331758,0.173174995419383,0.2140921281680465,2,0.5743533028814819,0.08910326141216052,0.4852500414693214,0.6634565642936424,2,0.09570841959194558,0.014847176449767699,0.08086124314217788,0.11055559604171328,2,50.0,0.0,50.0,50.0,2,100.0,0.0,100.0,100.0,2,9380000.0,0.0,9380000.0,9380000.0,2,1.6296331882476807,0.07531619071960449,1.5543169975280762,1.7049493789672852,2,9380000000.0,0.0,9380000000.0,9380000000.0,2,13.345020768642424,6.7938452506065365,6.551175518035889,20.13886601924896,2,0.13109510391950607,0.0023829564452171326,0.12871214747428894,0.1334780603647232,2,14628.966199278831,7334.577096581459,7294.389102697372,21963.54329586029,2,1000.0,0.0,1000.0,1000.0,2,0.2343306690454483,0.008597135543823242,0.22573353350162506,0.24292780458927155
fnpe,"mu,cd,m",1000,5,20000000,20000000,20000000,5,0.9949,0.0032086688136290526,0.9891666666666666,0.9983333333333334,5,-1.575756286221139,0.9339790437106374,-2.8006103040374812,-0.4708689246282331,5,-0.14445510970823466,0.08561551023805905,-0.25649886922799053,-0.04318836437314748,5,0.4897610487150047,0.011983302789061668,0.47998217752624345,0.5132628004477582,5,0.04489870203580001,0.0011216276859315403,0.04394113758602226,0.04708743879565309,5,0.026000000000000002,0.052000000000000005,0.0,0.13,5,0.026000000000000002,0.052000000000000005,0.0,0.13,5,0.076,0.14221111067704942,0.0,0.36,5,0.076,0.14221111067704942,0.0,0.36,5,1.583225096380405,0.9252219186169327,0.508212975424563,2.8006103040374812,5,0.14514015325330198,0.08481243111427825,0.04661358209848404,0.25649886922799053,5,0.4818759704921998,0.022191363285935024,0.4439844698508494,0.5132628004477582,5,0.044175478150482485,0.002039700854726733,0.040722507247905666,0.04708743879565309,5,1.680234309362555,0.8787188843317115,0.6748352672012833,2.842286917729009,5,0.15403345231720458,0.08054899983581525,0.0618962731722019,0.26031589601717814,5,1.5866801958268808,0.9213098942367953,0.5248383613035432,2.8006103040374812,5,0.1454570566918701,0.08445368761226241,0.04813847192078828,0.2564988692279905,5,0.47863890986557545,0.027307614056633667,0.42884086689182266,0.5123137112922143,5,0.04387857236729546,0.0025054798077703364,0.039333527392155725,0.047000368038113756,5,0.034,0.03382306905057553,0.0,0.09000000000000001,5,0.466,0.033823069050575534,0.41,0.5,5,0.09333333333333332,0.08302610031389727,0.006666666666666667,0.22666666666666666,5,0.8066666666666666,0.08302610031389727,0.6733333333333333,0.8933333333333333,5,0.4584210526315789,0.039268785950362546,0.3947368421052631,0.4987719298245614,5,100.0,0.0,100.0,100.0,5,2.1864031751155855,1.0369072376807056,1.2097662913799285,3.82745099067688,5,4.27096960312247,1.6743974248214715,2.8931852229158403,6.496601652581122,5,73.03173993682861,7.780406703331012,66.88441135406494,87.6637419128418,5,80.24996832718364,28.04430598467669,24.16422534498791,94.80561995050758,5,183.1433364868164,76.49430086795887,71.56510162353516,275.74432373046875,5,-2.198845308947002,0.9182248716113894,-3.309079882463812,-0.8588316155919504,5,-183.14319935546874,76.49429853095143,-275.74421933593754,-71.56491986389159,5,0.5212599551313136,0.06258686620792439,0.47333132689167146,0.6412285200016484,5,43.416083382832305,5.208098770336835,39.41363786448386,53.39478837172909,5,0.0,0.0,0.0,0.0,5,0.0,0.0,0.0,0.0,5,0.0,0.0,0.0,0.0,5,0.0,0.0,0.0,0.0,5,2.198845308947002,0.9182248716113894,0.8588316155919504,3.309079882463812,5,183.14319935546874,76.49429853095143,71.56491986389159,275.74421933593754,5,0.5212599551313136,0.06258686620792439,0.47333132689167146,0.6412285200016484,5,43.416083382832305,5.208098770336835,39.41363786448386,53.39478837172909,5,2.269617539539825,0.8958364183166542,0.9816012600205488,3.3501764491768316,5,189.03820061850496,74.62873758763305,81.79509722257498,279.16877885883713,5,2.1988460606629006,0.9182237745935452,0.858835374171443,3.309079882463812,5,183.1432619946289,76.49420716249416,71.56523305969239,275.7442193359375,5,0.5212591637982591,0.062587446810327,0.47333132689167146,0.6412285200016484,5,43.41601744244391,5.208146969379109,39.41363786448387,53.394788371729085,5,-0.6250297937418521,0.5766386282000245,-1.4526502822890877,-0.0018359651505947161,5,-0.10409213945567608,0.09602550204578093,-0.24195734063088892,-0.00030581288337707237,5,0.6361591303244025,0.08914123201863627,0.47472309269540297,0.7091902005524159,5,0.10594426589777281,0.01488858006412939,0.0790213680886049,0.11820886291134994,5,0.07600000000000001,0.06529931086925804,0.0,0.16,5,0.07600000000000001,0.06529931086925804,0.0,0.16,5,0.20400000000000001,0.16304600577751055,0.02,0.43,5,0.20400000000000001,0.16304600577751055,0.02,0.43,5,0.8430300677253306,0.43092452732837133,0.42058333117887386,1.5307286647722123,5,0.14039366562902927,0.07176931181510289,0.06997087124884128,0.25496228576004504,5,0.48756787239327465,0.041241670747296906,0.4376356848438334,0.537481635943034,5,0.08119704362394904,0.006910316353796241,0.07280780637856994,0.08952720814847243,5,0.9986383354442931,0.37221018782314413,0.6069722655231039,1.6123364253924546,5,0.16630753498880851,0.06199783575653602,0.10097969841993615,0.26855509343069023,5,0.8531324942778051,0.4230904399786214,0.44628678900972013,1.531102205197513,5,0.14207563707113266,0.0704651816285262,0.0742470589965582,0.2550245036453009,5,0.4796740865144692,0.04268459541027682,0.4202674704870552,0.5301054573740633,5,0.07988265399558232,0.007149356161855588,0.0699183217817049,0.08829857321043286,5,50.0,0.0,50.0,50.0,5,100.0,0.0,100.0,100.0,5,3130000.0,0.0,3130000.0,3130000.0,5,1.5667231798171997,0.07248126942949802,1.489085078239441,1.6760910749435425,5,3130000000.0,0.0,3130000000.0,3130000000.0,5,6.324705416202545,3.0144772127799073,3.8487568378448485,10.093731265068055,5,91.71941757202148,38.29135192564861,36.01356887817383,134.98887634277344,5,2827.3128688812258,861.9433182709222,2108.697330713272,4130.298576116562,5,1000.0,0.0,1000.0,1000.0,5,184.13978271484376,76.68322496380488,72.41790771484375,277.8822021484375
fnpe,"mu,cd,m",2000,2,20000000,20000000,20000000,2,0.9937499999999999,0.0020833333333332704,0.9916666666666667,0.9958333333333332,2,-0.2577773016983139,0.7727694263630974,-1.0305467280614113,0.5149921246647835,2,-0.02354891095496713,0.07079500048197807,-0.09434391143694519,0.04724608952701093,2,0.5524886454775473,0.032159842587534515,0.5203288028900128,0.5846484880650819,2,0.05063561471862127,0.003000846110345578,0.04763476860827569,0.053636460828966843,2,0.03,0.03,0.0,0.06,2,0.03,0.03,0.0,0.06,2,0.09,0.09,0.0,0.18,2,0.09,0.09,0.0,0.18,2,0.8420035696261989,0.1885431584352124,0.6534604111909865,1.0305467280614113,2,0.07714663641490042,0.01719727502204477,0.05994936139285565,0.09434391143694519,2,0.47230835850579617,0.048020444384216654,0.4242879141215795,0.5203288028900128,2,0.04327976451854389,0.0043550040897318044,0.03892476042881208,0.04763476860827569,2,0.9667888810087969,0.18766710422192368,0.7791217767868732,1.1544559852307206,2,0.08858259783367362,0.017104888680038698,0.07147770915363492,0.10568748651371232,2,0.8450485987076033,0.18549825296192052,0.6595503457456827,1.0305468516695238,2,0.07742599164955319,0.01691793110333383,0.06050806054621935,0.09434392275288701,2,0.46829062597821935,0.05203801457238402,0.4162526114058353,0.5203286405506033,2,0.04291117210462274,0.004723581641980185,0.03818759046264255,0.04763475374660292,2,0.035,0.011666666666666669,0.02333333333333333,0.04666666666666667,2,0.46499999999999997,0.011666666666666686,0.4533333333333333,0.4766666666666667,2,0.09833333333333333,0.034999999999999996,0.06333333333333334,0.13333333333333333,2,0.8016666666666667,0.034999999999999976,0.7666666666666667,0.8366666666666667,2,0.45508771929824554,0.014210526315789507,0.44087719298245603,0.46929824561403505,2,100.0,0.0,100.0,100.0,2,1.215715598464012,0.0003886145353316772,1.2153269839286804,1.2161042129993438,2,0.2643867895273717,0.004188268968021103,0.2601985205593506,0.2685750584953928,2,67.0741716003418,0.4144314575195267,66.65974014282227,67.48860305786133,2,8.72620504082126,0.372974908736059,8.3532301320852,9.099179949557318,2,158.18453979492188,12.338851928710938,145.84568786621094,170.5233917236328,2,-1.8996759619552024,0.14816708498947928,-2.0478430469446818,-1.7515088769657232,2,-158.18429643707276,12.338603288269056,-170.5228997253418,-145.8456931488037,2,0.5187854411609789,0.004026338241896965,0.5147591029190819,0.5228117794028758,2,43.19877697582179,0.33550674060672847,42.86327023521506,43.53428371642852,2,0.0,0.0,0.0,0.0,2,0.0,0.0,0.0,0.0,2,0.0,0.0,0.0,0.0,2,0.0,0.0,0.0,0.0,2,1.8996759619552024,0.14816708498947928,1.7515088769657232,2.0478430469446818,2,158.18429643707276,12.338603288269056,145.8456931488037,170.5228997253418,2,0.5187854411609789,0.004026338241896965,0.5147591029190819,0.5228117794028758,2,43.19877697582179,0.33550674060672847,42.86327023521506,43.53428371642852,2,1.9695555931622257,0.14397067864091373,1.8255849145213119,2.1135262718031393,2,164.00310559370126,11.989204435576625,152.01390115812464,175.9923100292779,2,1.8996759619552024,0.14816708498947928,1.7515088769657232,2.0478430469446818,2,158.18429643707276,12.338603288269027,145.84569314880372,170.52289972534177,2,0.5187854411609788,0.004026338241897021,0.5147591029190818,0.5228117794028758,2,43.198776975821794,0.33550674060673913,42.863270235215055,43.53428371642853,2,0.6883425756420222,0.8761237082283225,-0.1877811325863004,1.5644662838703447,2,0.11458859906867147,0.1458290429584682,-0.03124044388979674,0.2604176420271397,2,0.8007852620198109,0.3664120558476741,0.4343732061721368,1.167197317867485,2,0.13327707855483836,0.061012039205630274,0.0722650393492081,0.19428911776046864,2,0.07500000000000001,0.06500000000000002,0.01,0.14,2,0.07500000000000001,0.06500000000000002,0.01,0.14,2,0.20500000000000002,0.195,0.01,0.4,2,0.20500000000000002,0.195,0.01,0.4,2,1.1020277731317307,0.7160071762549903,0.38602059687674045,1.8180349493867212,2,0.183423463421315,0.11920266513004901,0.06422079829126597,0.302626128551364,2,0.4920614186125036,0.2183280907501835,0.2737333278623201,0.7103895093626871,2,0.08189493665184988,0.03635495077782196,0.045539985874027925,0.11824988742967184,2,1.2125612775530683,0.7393363458391364,0.47322493171393176,1.9518976233922047,2,0.20181863652971213,0.1230899807138395,0.07872865581587263,0.32490861724355163,2,1.1124657905395356,0.7071511105309454,0.4053146800085902,1.819616901070481,2,0.18516006960496306,0.11772938721850516,0.06743068238645791,0.30288945682346824,2,0.48072219162243957,0.22593324483777588,0.2547889467846637,0.7066554364602154,2,0.08000830104715503,0.037620020638681216,0.04238828040847382,0.11762832168583624,2,50.0,0.0,50.0,50.0,2,100.0,0.0,100.0,100.0,2,3130000.0,0.0,3130000.0,3130000.0,2,1.5011876225471497,0.04116743803024292,1.4600201845169067,1.5423550605773926,2,3130000000.0,0.0,3130000000.0,3130000000.0,2,8.472735028266907,3.79375013589859,4.678984892368317,12.266485164165497,2,80.58273315429688,7.124725341796875,73.4580078125,87.70745849609375,2,3511.0233949422836,1437.0393065214157,2073.984088420868,4948.062701463699,2,1000.0,0.0,1000.0,1000.0,2,158.52542877197266,12.122581481933594,146.40284729003906,170.64801025390625
fnpe,"mu,cd,m",3000,2,20000000,20000000,20000000,2,0.99,0.0028333333333333544,0.9871666666666666,0.9928333333333333,2,-0.49434924964890226,0.5237675372241472,-1.0181167868730494,0.029418287575244867,2,-0.045253554085642106,0.04795242810472847,-0.09320598219037057,0.0026988740190863588,2,0.6453217261098041,0.1394435978053501,0.505878128304454,0.7847653239151542,2,0.05915365121981772,0.012841804890475244,0.04631184632934248,0.07199545611029297,2,0.075,0.075,0.0,0.15,2,0.075,0.075,0.0,0.15,2,0.105,0.105,0.0,0.21,2,0.105,0.105,0.0,0.21,2,0.8193379552184079,0.19877883165464144,0.6205591235637665,1.0181167868730494,2,0.07506846723929049,0.018137514951080083,0.05693095228821041,0.09320598219037057,2,0.4935780174750871,0.012300110829366856,0.4812779066457203,0.505878128304454,2,0.04523247346729738,0.0010793728620451006,0.04415310060525228,0.04631184632934248,2,0.9610935005428031,0.1757769724705126,0.7853165280722905,1.1368704730133157,2,0.0880618011260487,0.016015776797845695,0.07204602432820299,0.10407757792389438,2,0.8258971275462246,0.1922209339125489,0.6336761936336757,1.0181180614587735,2,0.07567021468281747,0.01753588419258596,0.05813433049023151,0.09320609887540343,2,0.4859836459153324,0.019892762126891866,0.4660908837884405,0.5058764080422242,2,0.044535755445462864,0.0017759333983180803,0.042759822047144784,0.046311688843780945,2,0.045,0.0049999999999999975,0.04,0.049999999999999996,2,0.455,0.0050000000000000044,0.45,0.46,2,0.09333333333333332,0.010000000000000002,0.08333333333333333,0.10333333333333333,2,0.8066666666666666,0.010000000000000009,0.7966666666666666,0.8166666666666667,2,0.4514912280701754,0.004298245614035107,0.4471929824561403,0.4557894736842105,2,100.0,0.0,100.0,100.0,2,2.7652117824554443,0.7610936427116393,2.004118139743805,3.5263054251670836,2,1.0044125777995383,0.2508502366052042,0.7535623411943342,1.2552628144047426,2,88.30001899719238,9.44366477966308,78.8563542175293,97.74368377685546,2,24.836747083251268,4.749674785127334,20.087072298123935,29.586421868378604,2,183.3092803955078,36.52333068847656,146.78594970703125,219.83261108398438,2,-2.2014050472304465,0.4386042584155425,-2.640009305645989,-1.762800788814904,2,-183.30912615966798,36.52317131347655,-219.83229747314454,-146.78595484619143,2,0.7054233270263681,0.20162785570899605,0.503795471317372,0.9070511827353641,2,58.7400283580642,16.789684418673254,41.95034393939095,75.52971277673745,2,0.0,0.0,0.0,0.0,2,0.0,0.0,0.0,0.0,2,0.0,0.0,0.0,0.0,2,0.0,0.0,0.0,0.0,2,2.2014050472304465,0.4386042584155425,1.762800788814904,2.640009305645989,2,183.30912615966798,36.52317131347655,146.78595484619143,219.83229747314454,2,0.7054233270263681,0.20162785570899605,0.503795471317372,0.9070511827353641,2,58.7400283580642,16.789684418673254,41.95034393939095,75.52971277673745,2,2.312431940957304,0.47905350267285063,1.8333784382844533,2.7914854436301546,2,192.55424952520235,39.89139256011954,152.66285696508282,232.4456420853219,2,2.2014050472304465,0.4386042584155425,1.762800788814904,2.640009305645989,2,183.30912615966798,36.52317131347657,146.7859548461914,219.83229747314454,2,0.705423327026368,0.201627855708996,0.503795471317372,0.907051182735364,2,58.74002835806421,16.78968441867325,41.950343939390955,75.52971277673745,2,0.28188903858320974,0.5215582225951758,-0.23966918401196602,0.8034472611783855,2,0.04693360487669707,0.0868064693272114,-0.039872864450514314,0.13374007420390846,2,1.1128390107712571,0.6809136726482224,0.43192533812303463,1.7937526834194795,2,0.18522097813848432,0.11336318137553926,0.07185779676294504,0.29858415951402356,2,0.06,0.06,0.0,0.12,2,0.06,0.06,0.0,0.12,2,0.175,0.13499999999999998,0.04,0.31,2,0.175,0.13499999999999998,0.04,0.31,2,1.1330691202435104,0.7169508173908499,0.41611830285266044,1.8500199376343602,2,0.1885891618728638,0.11936112103909254,0.06922804083377124,0.3079502829119563,2,0.46493669250117675,0.19876687169370616,0.2661698208074706,0.6637035641948829,2,0.07738015944845458,0.03309848561568821,0.04428167383276636,0.11047864506414279,2,1.229717685657759,0.7357532988061768,0.4939643868515821,1.9654709844639358,2,0.20467350647129906,0.12249450504688529,0.08217900142441378,0.32716801151818437,2,1.1410902427922394,0.7122753674912659,0.4288148753009737,1.8533656102835052,2,0.18992375905811787,0.11858343720585107,0.0713403218522668,0.30850719626396894,2,0.45402092614435063,0.20234086363169856,0.25168006251265207,0.6563617897760492,2,0.07556380828679975,0.03369274103348332,0.04187106725331643,0.10925654932028306,2,50.0,0.0,50.0,50.0,2,100.0,0.0,100.0,100.0,2,3130000.0,0.0,3130000.0,3130000.0,2,1.5603903532028198,0.09923577308654785,1.461154580116272,1.6596261262893677,2,3130000000.0,0.0,3130000000.0,3130000000.0,2,13.858616108894347,7.280909919738769,6.577706189155578,21.139526028633117,2,93.52236938476562,19.589981079101562,73.93238830566406,113.11235046386719,2,4736.811687231064,2574.4381289482117,2162.373558282852,7311.2498161792755,2,1000.0,0.0,1000.0,1000.0,2,183.75670623779297,36.417381286621094,147.33932495117188,220.17408752441406
fnpe,"mu,cd,m",1000,5,40000000,40000000,40000000,5,0.9949,0.0040832993195862085,0.9886666666666667,0.9994999999999999,5,-0.9388626711635366,0.4223388624554209,-1.5200495865441992,-0.27477778971670197,5,-0.08604792684122921,0.03870459602146368,-0.13930008881613612,-0.025173955291509623,5,0.4991011407938271,0.022475011530265737,0.4788739709399797,0.5405696922127783,5,0.045742399763782825,0.0020670255618969323,0.043879531030051384,0.04956062122542566,5,0.032,0.03919183588453085,0.0,0.08,5,0.032,0.03919183588453085,0.0,0.08,5,0.082,0.1043839068055991,0.0,0.25,5,0.082,0.1043839068055991,0.0,0.25,5,0.9745840789373293,0.372274438183746,0.4292988481449894,1.5200495865441992,5,0.08932088847234845,0.034116662834298664,0.03933050767928363,0.13930008881613612,5,0.4679958992186247,0.04491947240184119,0.3805278913306626,0.5080988963210363,5,0.04289223983957485,0.004125428315575275,0.0348623237927515,0.046583627141281246,5,1.0914224360982154,0.3438566138827241,0.5736714888323937,1.5944726631464208,5,0.10002917972214798,0.031513400352797726,0.05255730638589496,0.14612035390768172,5,0.9773015257118718,0.36926363372772225,0.43685174264488735,1.5200495865441992,5,0.08956992928847671,0.033840767874225484,0.04002247130423784,0.13930008881613612,5,0.4650889980353227,0.046331113432032216,0.37369641732557923,0.5005566599497238,5,0.042625819865032444,0.004254285114627767,0.03423645360614846,0.045892138281514276,5,0.018,0.021664102412362562,0.0,0.056666666666666664,5,0.48200000000000004,0.021664102412362555,0.44333333333333336,0.5,5,0.05133333333333333,0.06180974392799605,0.0,0.16666666666666666,5,0.8486666666666667,0.06180974392799603,0.7333333333333334,0.9,5,0.4775087719298245,0.026681990057215645,0.42859649122807025,0.4999999999999999,5,100.0,0.0,100.0,100.0,5,2.5333757827281955,1.1317434903198647,1.2775041604042052,3.8642942798137665,5,5.049145950462186,1.9363579162985525,2.8814426550076444,7.32603225457512,5,73.71570451354981,4.8986064800254505,68.28014877319336,81.13241661071777,5,84.35748862891494,22.579692503031136,39.24024288922853,97.30040794735221,5,108.82381820678711,35.07352062182534,57.93838882446289,166.0223846435547,5,-1.3058887229087353,0.42062667651811814,-1.9917198189947751,-0.6954106265074573,5,-108.82301215759276,35.07391133816703,-166.02203051147458,-57.93691217346191,5,0.4906602621787265,0.020991172476027387,0.4730199594738833,0.5315619327598773,5,40.885139736096185,1.7401081133178833,39.42910658763406,44.27790257572988,5,0.0,0.0,0.0,0.0,5,0.0,0.0,0.0,0.0,5,0.004,0.008,0.0,0.02,5,0.004,0.008,0.0,0.02,5,1.3058887229087353,0.42062667651811814,0.6954106265074573,1.9917198189947751,5,108.82301215759276,35.07391133816703,57.93691217346191,166.02203051147458,5,0.4906602621787265,0.020991172476027387,0.4730199594738833,0.5315619327598773,5,40.885139736096185,1.7401081133178833,39.42910658763406,44.27790257572988,5,1.4043491222317548,0.3889265003943532,0.849247832052042,2.047118882585292,5,117.02693584438711,32.43371927437618,70.75358833233912,170.63988121612138,5,1.3059304919394255,0.4205707570705992,0.6956003897822463,1.9917198189947751,5,108.82649201232907,35.06925385365431,57.95272196960449,166.02203051147458,5,0.4906132675210292,0.02099098164105016,0.47301995947388326,0.5315440588285196,5,40.88122451355114,1.7401086015074727,39.429106587634074,44.27641371741993,5,-0.14390413231946586,1.8484165327988844,-1.75626875962317,2.9762950802415618,5,-0.023906434848010527,0.30792307094016647,-0.2924426970720291,0.4958895780682564,5,0.6027827882096397,0.07274157922235758,0.5254181895744405,0.7088989367496347,5,0.10039811911087315,0.012094338286682315,0.08748929404839641,0.11798882974676776,5,0.022,0.03487119154832539,0.0,0.09,5,0.022,0.03487119154832539,0.0,0.09,5,0.06799999999999999,0.09744742172063867,0.0,0.25,5,0.06799999999999999,0.09744742172063867,0.0,0.25,5,1.7420413071968586,0.6950414093887294,0.9660019009235221,2.9762950802415618,5,0.29017462669938804,0.11583345857375332,0.16095007075071333,0.4958895780682564,5,0.5318167408270968,0.07328698768027968,0.4461664838194833,0.6387440154862076,5,0.08858013670230014,0.012208433989416892,0.07434301357437781,0.10642411057312066,5,1.838591572693722,0.6523584397798818,1.158081858033923,3.026558927859454,5,0.30625577300011547,0.108727145129726,0.19295340521985987,0.5042641906454461,5,1.7496945475926247,0.6869036080497248,0.9994612320365291,2.9762950802415618,5,0.2914496003767848,0.11447860124583842,0.1665248854100704,0.4958895780682564,5,0.5231801471518259,0.06275712192238865,0.4461664838194833,0.60443293915764,5,0.08714146424900622,0.01045275247712621,0.07434301357437781,0.10070738263293247,5,50.0,0.0,50.0,50.0,5,100.0,0.0,100.0,100.0,5,6255000.0,0.0,6255000.0,6255000.0,5,1.6722028970718383,0.05374971002016489,1.5749012231826782,1.7248969078063965,5,6255000000.0,0.0,6255000000.0,6255000000.0,5,7.423135445594786,2.9600960899136886,3.882347435951233,10.734854485988617,5,54.417296981811525,17.46338860932219,29.80817222595215,83.54354858398438,5,8350.150911235809,3817.912711850128,4335.772726535797,14584.314779281616,5,1000.0,0.0,1000.0,1000.0,5,109.57167282104493,34.94561981546161,58.48850631713867,166.46917724609375
fnpe,"mu,cd,m",2000,2,40000000,40000000,40000000,2,0.9895833333333335,0.009749999999999981,0.9798333333333334,0.9993333333333334,2,-1.1472738495125951,0.35383316427208694,-1.501107013784682,-0.7934406852405081,2,-0.10514589706175029,0.032401507041975856,-0.13754740410372615,-0.07274439001977444,2,0.49195353411285947,0.004360920000612528,0.48759261411224697,0.496314454113472,2,0.04509058947687607,0.00038702440472817776,0.044703565072147886,0.04547761388160424,2,0.02,0.02,0.0,0.04,2,0.02,0.02,0.0,0.04,2,0.045,0.045,0.0,0.09,2,0.045,0.045,0.0,0.09,2,1.1492304525225938,0.3518765612620882,0.7973538912605056,1.501107013784682,2,0.1053252827744931,0.03222212132923305,0.07310316144526005,0.13754740410372615,2,0.48874060679413145,0.007573847319340549,0.48116675947479093,0.496314454113472,2,0.04479602115870067,0.000681592722903572,0.0441144284357971,0.04547761388160424,2,1.2561574071171842,0.32487083557663965,0.9312865715405445,1.5810282426938238,2,0.11512652125810414,0.029744116691889103,0.08538240456621504,0.14487063794999325,2,1.150603950093645,0.350503063691037,0.800100886402608,1.501107013784682,2,0.10545120802558959,0.03209619607813656,0.07335501194745303,0.13754740410372615,2,0.4867618102615706,0.009552643851901438,0.47720916640966915,0.496314454113472,2,0.0446146007822328,0.0008630130993714479,0.043751587682861345,0.04547761388160424,2,0.03166666666666667,0.018333333333333337,0.013333333333333334,0.05000000000000001,2,0.4683333333333334,0.01833333333333334,0.45,0.4866666666666667,2,0.07333333333333333,0.04333333333333334,0.03,0.11666666666666668,2,0.8266666666666667,0.043333333333333335,0.7833333333333333,0.87,2,0.46385964912280697,0.023333333333333317,0.44052631578947365,0.4871929824561403,2,100.0,0.0,100.0,100.0,2,1.3307845973968506,0.18530210494995114,1.1454824924468994,1.5160867023468017,2,1.5549458238887233,1.2497063278736027,0.3052394960151207,2.8046521517623257,2,70.77903778076171,3.32207443237305,67.45696334838867,74.10111221313477,2,18.362247817617224,8.765351134001325,9.596896683615897,27.12759895161855,2,109.44216537475586,5.111766815185547,104.33039855957031,114.5539321899414,2,-1.312985184284561,0.06072590893372287,-1.3737110932182839,-1.2522592753508381,2,-109.40046852264405,5.070690812683097,-114.47115933532714,-104.32977770996095,2,0.6501777138719704,0.06090099733111537,0.589276716540855,0.7110787112030857,2,54.17331043548414,5.068961237058712,49.104349198425425,59.24227167254285,2,0.005,0.005,0.0,0.01,2,0.005,0.005,0.0,0.01,2,0.01,0.01,0.0,0.02,2,0.01,0.01,0.0,0.02,2,1.3134807521390548,0.061221476788216656,1.2522592753508381,1.3747022289272715,2,109.44176414337159,5.111986433410635,104.32977770996095,114.55375057678222,2,0.6490197629844443,0.06205894821864144,0.5869608147658029,0.7110787112030857,2,54.076818501897044,5.1654531706458044,48.91136533125124,59.24227167254285,2,1.4674159693685416,0.027351308935390062,1.4400646604331515,1.4947672783039316,2,122.26760395569121,2.2911509745614964,119.97645298112973,124.55875493025272,2,1.3140934154118231,0.061831462921345226,1.252261952490478,1.3759248783331683,2,109.49281725616454,5.162816505432147,104.3300007507324,114.65563376159669,2,0.6477001258903815,0.06337465943985288,0.5843254664505286,0.7110747853302344,2,53.966853382530985,5.275091213426684,48.6917621691043,59.24194459595767,2,-0.7827550298726187,1.0237845031106845,-1.8065395329833032,0.24102947323806587,2,-0.13044997071102263,0.17056680947169664,-0.30101678018271927,0.040116838760674,2,0.4788245002893003,0.06998699904843081,0.4088375012408695,0.5488114993377311,2,0.07973348649550893,0.011610459157146806,0.06812302733836212,0.09134394565265573,2,0.07,0.07,0.0,0.14,2,0.07,0.07,0.0,0.14,2,0.165,0.165,0.0,0.33,2,0.165,0.165,0.0,0.33,2,1.1397667481863871,0.666772784796916,0.4729939633894712,1.8065395329833032,2,0.18987084381803873,0.11114593636468054,0.0787249074533582,0.30101678018271927,2,0.38851517873072394,0.02032232251014557,0.36819285622057835,0.4088375012408695,2,0.0647024426123668,0.0034205847259953306,0.06128185788637146,0.06812302733836212,2,1.2258156401616387,0.6264082087973387,0.5994074313642999,1.8522238489589773,2,0.2041970461882275,0.10443193625722388,0.09976510993100363,0.3086289824454514,2,1.1490540057966485,0.6574855271866545,0.4915684786099941,1.8065395329833032,2,0.19141661099419,0.10960016918852926,0.08181644180566075,0.30101678018271927,2,0.3792547955399416,0.029582705700927858,0.34967208983901377,0.4088375012408695,2,0.06316114842308429,0.004961878915277832,0.058199269507806455,0.06812302733836212,2,50.0,0.0,50.0,50.0,2,100.0,0.0,100.0,100.0,2,6255000.0,0.0,6255000.0,6255000.0,2,1.5585584044456482,0.12236160039901733,1.4361968040466309,1.6809200048446655,2,6255000000.0,0.0,6255000000.0,6255000000.0,2,9.857906614542006,5.049394949674606,4.808511664867401,14.907301564216613,2,55.66401672363281,2.0193634033203125,53.6446533203125,57.683380126953125,2,9552.703289985657,5008.540083885193,4544.163206100464,14561.24337387085,2,1000.0,0.0,1000.0,1000.0,2,110.10792541503906,5.537590026855469,104.5703353881836,115.64551544189453
fnpe,"mu,cd,m",3000,2,40000000,40000000,40000000,2,0.9868333333333333,0.00550000000000006,0.9813333333333333,0.9923333333333334,2,-1.0837105348155744,0.0009328597228348556,-1.0846433945384093,-1.0827776750927396,2,-0.09932900834307073,5.756566599009194e-05,-0.09938657400906083,-0.09927144267708064,2,0.5165427401761739,0.022263440144066365,0.49427930003210746,0.5388061803202402,2,0.04734503454670841,0.0020539031329433223,0.04529113141376508,0.04939893767965173,2,0.0,0.0,0.0,0.0,2,0.0,0.0,0.0,0.0,2,0.0,0.0,0.0,0.0,2,0.0,0.0,0.0,0.0,2,1.0837105348155744,0.0009328597228348556,1.0827776750927396,1.0846433945384093,2,0.09932900834307073,5.756566599009194e-05,0.09927144267708064,0.09938657400906083,2,0.5165427401761739,0.022263440144066365,0.49427930003210746,0.5388061803202402,2,0.04734503454670841,0.0020539031329433223,0.04529113141376508,0.04939893767965173,2,1.2006936086175766,0.008735841011679457,1.1919577676058972,1.2094294496292561,2,0.1100515078827281,0.0008316485255696407,0.10921985935715846,0.11088315640829774,2,1.0837442740813739,0.0009336164812862036,1.0828106576000878,1.0846778905626602,2,0.09933210074454546,5.7634158432469385e-05,0.09927446658611298,0.09938973490297792,2,0.5164938177175211,0.022271174866253046,0.4942226428512681,0.5387649925837742,2,0.04734055068751893,0.002054610809477643,0.04528593987804129,0.049395161496996576,2,0.0016666666666666668,0.0016666666666666668,0.0,0.0033333333333333335,2,0.4983333333333333,0.0016666666666666774,0.49666666666666665,0.5,2,0.013333333333333334,0.0,0.013333333333333334,0.013333333333333334,2,0.8866666666666667,0.0,0.8866666666666667,0.8866666666666667,2,0.4949122807017543,0.00035087719298240727,0.4945614035087719,0.49526315789473674,2,100.0,0.0,100.0,100.0,2,2.740095599293709,1.543925959467888,1.196169639825821,4.284021558761597,2,0.6325861401865771,0.27899278340022166,0.3535933567863555,0.9115789235867988,2,94.92047386169433,27.02821235656738,67.89226150512695,121.94868621826171,2,13.451075660060038,4.322641258007796,9.12843440205224,17.773716918067834,2,90.92401504516602,21.418720245361328,69.50529479980469,112.34273529052734,2,-1.0912081725684772,0.2569562648098061,-1.3481644373782833,-0.8342519077586711,2,-90.9232947555542,21.41906521148681,-112.342359967041,-69.50422954406739,2,0.5065886354929444,0.006308604810003171,0.5002800306829412,0.5128972403029476,2,42.20969935161881,0.5214316724383252,41.688267679180484,42.731131024057134,2,0.0,0.0,0.0,0.0,2,0.0,0.0,0.0,0.0,2,0.015,0.015,0.0,0.03,2,0.015,0.015,0.0,0.03,2,1.0912081725684772,0.2569562648098061,0.8342519077586711,1.3481644373782833,2,90.9232947555542,21.41906521148681,69.50422954406739,112.342359967041,2,0.5065886354929444,0.006308604810003171,0.5002800306829412,0.5128972403029476,2,42.20969935161881,0.5214316724383252,41.688267679180484,42.731131024057134,2,1.2086500179187958,0.22934423078723687,0.9793057871315589,1.4379942487060327,2,100.7085022062699,19.119363939527872,81.58913826674203,119.82786614579777,2,1.0916199180660615,0.2565445193122217,0.8350753987538398,1.3481644373782833,2,90.95759860992433,21.38476135711671,69.57283725280762,112.34235996704103,2,0.5060648184713032,0.005784787788362,0.5002800306829412,0.5118496062596652,2,42.166058454655825,0.47779077547534143,41.688267679180484,42.64384923013117,2,0.14277200523303935,1.4654167831762335,-1.3226447779431942,1.608188788409273,2,0.023912956047058093,0.2440533812701702,-0.2201404252231121,0.2679663373172283,2,0.6398320235060011,0.01216590043782212,0.6276661230681789,0.6519979239438232,2,0.10655192749768815,0.001966325715261022,0.10458560178242712,0.10851825321294917,2,0.005,0.005,0.0,0.01,2,0.005,0.005,0.0,0.01,2,0.025,0.015000000000000001,0.01,0.04,2,0.025,0.015000000000000001,0.01,0.04,2,1.4787477250410817,0.12944106336819128,1.3493066616728904,1.608188788409273,2,0.24627217734903098,0.02169415996819732,0.22457801738083366,0.2679663373172283,2,0.6112645806324429,0.016401542435735994,0.5948630381967069,0.6276661230681789,2,0.10179717495830068,0.0027884268241264373,0.09900874813417425,0.10458560178242712,2,1.6004756807096423,0.12586030663833692,1.4746153740713055,1.7263359873479793,2,0.2665435491621883,0.021109203363149073,0.24543434579903925,0.2876527525253374,2,1.4798240639729996,0.12871080742763474,1.351113256545365,1.6085348714006344,2,0.2464513550028205,0.021572648797929292,0.22487870620489123,0.2680240038007498,2,0.6090977679285562,0.017832756948212736,0.5912650109803435,0.6269305248767689,2,0.10143646300832639,0.0030265688656734846,0.0984098941426529,0.10446303187399987,2,50.0,0.0,50.0,50.0,2,100.0,0.0,100.0,100.0,2,6255000.0,0.0,6255000.0,6255000.0,2,1.5501585602760315,0.13172560930252075,1.4184329509735107,1.6818841695785522,2,6255000000.0,0.0,6255000000.0,6255000000.0,2,6.740176734924317,0.035870532989501935,6.7043062019348145,6.776047267913818,2,46.14914512634277,10.42463493347168,35.724510192871094,56.57378005981445,2,4519.157685995102,110.58862066268921,4408.569065332413,4629.746306657791,2,1000.0,0.0,1000.0,1000.0,2,91.99570083618164,21.152629852294922,70.84307098388672,113.14833068847656
fnpe,"mu,cd,m",1000,5,60000000,60000000,60000000,5,0.9957666666666667,0.003553714801287385,0.9904999999999999,1.0,5,-0.8847585943105567,1.1600605755147158,-2.209737935784273,0.9446449749708176,5,-0.08111865814618766,0.1063430261460414,-0.20258891725651917,0.08656401648968456,5,0.48375400249408285,0.0016885793868245947,0.4812820483068119,0.48616491866143446,5,0.0443450684489613,0.00014492732752714876,0.04412396877048365,0.04455046301513151,5,0.026000000000000002,0.032,0.0,0.07,5,0.026000000000000002,0.032,0.0,0.07,5,0.078,0.10777754868245984,0.0,0.28,5,0.078,0.10777754868245984,0.0,0.28,5,1.2998037059852232,0.6859516649448172,0.40249025433585045,2.209737935784273,5,0.11915407307110726,0.06289664423896262,0.03690986827760935,0.20258891725651917,5,0.44746232255271623,0.048137349964022115,0.3631261101396875,0.48616491866143446,5,0.04101780928856094,0.0044091205720498145,0.03330002873796239,0.04455046301513151,5,1.391277029258031,0.6533814530259222,0.5420876098016981,2.2615424282702588,5,0.12753927908682341,0.05991088631477926,0.049711470408946815,0.20733835635315384,5,1.302754360637342,0.6832524978928002,0.41024902475997804,2.209737935784273,5,0.11942456518404183,0.06264918645800807,0.0376213767260313,0.20258891725651917,5,0.44319299371231874,0.05194156302352747,0.35631019382013557,0.4854873750281799,5,0.04062649109896484,0.004758529106178581,0.03267498356634567,0.04448837527405032,5,0.057333333333333326,0.05486954224947268,0.0033333333333333335,0.16,5,0.4426666666666666,0.05486954224947268,0.33999999999999997,0.49666666666666665,5,0.12999999999999998,0.14112248423109464,0.0033333333333333335,0.39999999999999997,5,0.77,0.14112248423109464,0.5,0.8966666666666667,5,0.43512280701754386,0.06356597210847498,0.31578947368421045,0.496842105263158,5,100.0,0.0,100.0,100.0,5,2.0254272031784057,0.9885971385247316,1.1783296704292296,3.554218875169754,5,4.13507378927624,1.6120849744739651,2.869358892592266,6.767546948507759,5,70.69405728149414,4.433378754419207,67.33007118225098,79.44482772827149,5,82.16766313094868,26.015917919187597,30.13597644216508,95.28674956224444,5,123.41254272460938,88.63372562223726,33.866676330566406,253.58358764648438,5,-1.4651312877295815,1.078948821222941,-3.0431806140914563,-0.346697740329057,5,-122.11977089416504,89.9366818579794,-253.58339414672847,-28.882110583496086,5,0.5292560363830159,0.089918121874369,0.4760270199880236,0.7074783148718682,5,44.107627951223364,7.489478653923355,39.69900963452934,58.953041347033626,5,0.084,0.10011992808627063,0.0,0.23,5,0.084,0.10011992808627063,0.0,0.23,5,0.16,0.1940103090044444,0.0,0.44,5,0.16,0.1940103090044444,0.0,0.44,5,1.48059731758221,1.06334869278422,0.4063956112541258,3.0431806140914563,5,123.40830617614745,88.63686511348622,33.85531994018554,253.58339414672847,5,0.5159536578139176,0.09924935013733323,0.42677255694263316,0.7074783148718682,5,42.99934439392924,8.268785408875395,35.55284783906101,58.953041347033626,5,1.603820933756167,1.013260026961137,0.5893150330731158,3.124335739960734,5,133.6766083844052,84.46291903374075,49.09366229687647,260.34592155637876,5,1.4880342026130757,1.0562127824610499,0.4198245356388391,3.0431806140914563,5,124.02800116516111,88.04222375295461,34.97403411865234,253.58339414672847,5,0.5096162460974578,0.10343118673299018,0.41592426733776594,0.7074783148718682,5,42.47126456518394,8.61766046285049,34.649116821053354,58.953041347033626,5,0.7066890310255378,2.070643566157133,-1.757006011417508,4.157644009256363,5,0.11772553258314733,0.3449949555942224,-0.2928821309991181,0.6926672856330873,5,0.5994778113970396,0.19262601296805254,0.4760469622529657,0.982253737419202,5,0.09985211933224396,0.03203564867869548,0.07930985867862275,0.16351165969130108,5,0.062,0.07756287771866126,0.0,0.18,5,0.062,0.07756287771866126,0.0,0.18,5,0.152,0.19661129163911212,0.0,0.48,5,0.152,0.19661129163911212,0.0,0.48,5,1.8168644145428328,1.265203953961943,0.41669300267210785,4.157644009256363,5,0.30269420978054407,0.2108041145223884,0.06940048488080502,0.6926672856330873,5,0.5220518025439375,0.0957975019335962,0.45787793186362935,0.7126742791823392,5,0.0869598198986086,0.015917893008057352,0.07632544385768533,0.11863589901558802,5,1.9337840250931024,1.2016371899054288,0.6322920714810483,4.184808767193024,5,0.3221664309590887,0.2002157328781465,0.10530864617446674,0.6971929591368029,5,1.8272060312423792,1.2574783481058744,0.43370901352724617,4.157644009256363,5,0.30441602410122753,0.20951697172895906,0.07223451221585274,0.6926672856330872,5,0.5106418683049794,0.07917887431134984,0.4578779318636293,0.6676181230164688,5,0.08506025240038632,0.013152325860777142,0.07632544385768533,0.11113558904641349,5,50.0,0.0,50.0,50.0,5,100.0,0.0,100.0,100.0,5,9380000.0,0.0,9380000.0,9380000.0,5,1.6515422105789184,0.08755771376307901,1.5353994369506836,1.7917909622192383,5,9380000000.0,0.0,9380000000.0,9380000000.0,5,3.915589242935181,0.03862720910091666,3.8837236309051515,3.9874767017364503,5,61.701636505126956,45.85133408897199,14.140668869018555,127.78215789794922,5,6845.05823879242,82.47070206370024,6748.502970933914,6961.196590900421,5,1000.0,0.0,1000.0,1000.0,5,124.99099044799804,87.43523874409466,36.411930084228516,253.85784912109375
fnpe,"mu,cd,m",2000,2,60000000,60000000,60000000,2,0.9933333333333334,0.0019999999999999463,0.9913333333333334,0.9953333333333333,2,-1.014530885852465,0.14739773303726872,-1.1619286188897338,-0.8671331528151963,2,-0.09296810499057176,0.0135070369757712,-0.10647514196634296,-0.07946106801480056,2,0.48869784063063726,0.003645670649005117,0.48505216998163214,0.4923435112796424,2,0.044782579977713836,0.00033406791812463227,0.044448512059589204,0.04511664789583847,2,0.0,0.0,0.0,0.0,2,0.0,0.0,0.0,0.0,2,0.005,0.005,0.0,0.01,2,0.005,0.005,0.0,0.01,2,1.014530885852465,0.14739773303726872,0.8671331528151963,1.1619286188897338,2,0.09296810499057176,0.0135070369757712,0.07946106801480056,0.10647514196634296,2,0.48869784063063726,0.003645670649005117,0.48505216998163214,0.4923435112796424,2,0.044782579977713836,0.00033406791812463227,0.044448512059589204,0.04511664789583847,2,1.128132641115215,0.13097566359844015,0.9971569775167748,1.259108304713655,2,0.10337817663063115,0.012002177334263266,0.09137599929636789,0.11538035396489442,2,1.0146956687461226,0.14723295014361104,0.8674627186025117,1.1619286188897338,2,0.09298320512101053,0.013491936845332383,0.07949126827567815,0.10647514196634292,2,0.4884988539373706,0.0034466839557384388,0.48505216998163214,0.491945537893109,2,0.044764345530195475,0.0003158334706062707,0.044448512059589204,0.045080179000801746,2,0.03333333333333333,0.006666666666666666,0.02666666666666667,0.04,2,0.4666666666666667,0.006666666666666654,0.46,0.47333333333333333,2,0.05666666666666667,0.016666666666666666,0.04,0.07333333333333333,2,0.8433333333333333,0.016666666666666663,0.8266666666666667,0.86,2,0.46903508771929825,0.007807017543859568,0.4612280701754387,0.47684210526315784,2,100.0,0.0,100.0,100.0,2,1.5677240043878555,0.6902804511785506,0.8774435532093048,2.258004455566406,2,0.2916513538281213,0.13866748445232951,0.15298386937579178,0.4303188382804508,2,75.94822078704834,11.577773399353028,64.37044738769531,87.52599418640136,2,7.727161549389999,1.9804884984204345,5.746673050969565,9.707650047810434,2,167.13516426086426,124.11953544616699,43.015628814697266,291.25469970703125,2,-1.9082998176608084,1.5869617318865061,-3.4952615495473145,-0.32133808577430245,2,-159.0266718612671,132.22790645904539,-291.2545783203125,-26.79876540222169,2,0.6228224056693281,0.03136479691762423,0.5914576087517038,0.6541872025869523,2,51.91920698248757,2.5931709074613423,49.32603607502623,54.512377889948915,2,0.06,0.06,0.0,0.12,2,0.06,0.06,0.0,0.12,2,0.11,0.11,0.0,0.22,2,0.11,0.11,0.0,0.22,2,2.0054915621030927,1.4897699874442218,0.5157215746588707,3.4952615495473145,2,167.13221225128171,124.12236606903075,43.00984618225098,291.2545783203125,2,0.5433755502344081,0.11081165235254423,0.43256389788186383,0.6541872025869523,2,45.29354458082928,9.218833309119642,36.07471127170963,54.512377889948915,2,2.1145335629310784,1.4414211887175472,0.673112374213531,3.5559547516486254,2,176.22393923360193,120.08810698753912,56.1358322460628,296.31204622114103,2,2.009558415584624,1.4857031339626907,0.5238552816219331,3.4952615495473145,2,167.47137730255125,123.78320101776123,43.68817628479003,291.2545783203125,2,0.5392671671230244,0.11492003546392782,0.42434713165909654,0.6541872025869522,2,44.95091607173344,9.561461818215491,35.38945425351795,54.51237788994893,2,0.45312974190669897,1.824627490912516,-1.371497749005817,2.277757232819215,2,0.07569033898748456,0.3039978205677122,-0.22830748158022762,0.37968815955519675,2,0.6556886068783834,0.09460323580407509,0.5610853710743082,0.7502918426824584,2,0.10921371421236163,0.015684224093334573,0.09352949011902706,0.1248979383056962,2,0.04,0.04,0.0,0.08,2,0.04,0.04,0.0,0.08,2,0.055,0.055,0.0,0.11,2,0.055,0.055,0.0,0.11,2,1.8475994334790373,0.4301577993401775,1.4174416341388598,2.277757232819215,2,0.30782186347059903,0.0718662960845977,0.23595556738600135,0.37968815955519675,2,0.6102407059033751,0.049155334829066866,0.5610853710743082,0.659396040732442,2,0.10164819283311292,0.008118702714085865,0.09352949011902706,0.10976689554719879,2,1.9545790663273868,0.39126722132528946,1.5633118450020973,2.345846287652676,2,0.3256380788193891,0.06540010861035248,0.26023797020903666,0.3910381874297416,2,1.8548696986328328,0.42288753418638203,1.4319821644464508,2.277757232819215,2,0.3090321140285581,0.07065604552663861,0.23837606850191953,0.37968815955519675,2,0.5965389350212941,0.035453563946985844,0.5610853710743082,0.6319924989682799,2,0.09936731648143135,0.005837826362404298,0.09352949011902705,0.10520514284383564,2,50.0,0.0,50.0,50.0,2,100.0,0.0,100.0,100.0,2,9380000.0,0.0,9380000.0,9380000.0,2,1.5491684079170227,0.043148934841156006,1.5060194730758667,1.5923173427581787,2,9380000000.0,0.0,9380000000.0,9380000000.0,2,8.226655617952346,3.366685787439346,4.859969830513,11.593341405391692,2,80.24269342422485,66.4872260093689,13.755467414855957,146.72991943359375,2,9775.577045321465,2520.9700416326523,7254.607003688812,12296.547086954117,2,1000.0,0.0,1000.0,1000.0,2,168.1979694366455,123.18389701843262,45.01407241821289,291.3818664550781
fnpe,"mu,cd,m",3000,2,60000000,60000000,60000000,2,1.0,0.0,1.0,1.0,2,-1.0451393087789418,2.0094348193749787,-3.0545741281539205,0.9642955105960368,2,-0.09577291534300895,0.18413763989862053,-0.2799105552416295,0.08836472455561159,2,0.5182661020191973,0.01921224733238383,0.49905385468681346,0.5374783493515811,2,0.04749211302989251,0.001760534742906418,0.04573157828698609,0.049252647772798926,2,0.02,0.02,0.0,0.04,2,0.02,0.02,0.0,0.04,2,0.04,0.04,0.0,0.08,2,0.04,0.04,0.0,0.08,2,2.029007488687337,1.0255666394665839,1.0034408492207527,3.0545741281539205,2,0.18593121179174632,0.09397934344988318,0.09195186834186314,0.2799105552416295,2,0.4761198896353628,0.061358459716218366,0.4147614299191444,0.5374783493515811,2,0.043629979500836594,0.005622668271962332,0.03800731122887426,0.049252647772798926,2,2.0936408551893995,1.0078597623196448,1.0857810928697547,3.101500617509044,2,0.19185399040584405,0.09235674522585002,0.09949724517999403,0.2842107356316941,2,2.0315152765229345,1.023058851630986,1.0084564248919488,3.0545741281539205,2,0.1861610168805346,0.0937495383610949,0.09241147851943969,0.2799105552416295,2,0.4705051758124097,0.06697317353917143,0.40353200227323827,0.5374783493515811,2,0.04311546635186189,0.006137181420937051,0.03697828493092484,0.04925264777279894,2,0.008333333333333333,0.005,0.0033333333333333335,0.013333333333333334,2,0.4916666666666667,0.004999999999999977,0.4866666666666667,0.49666666666666665,2,0.015000000000000001,0.011666666666666667,0.0033333333333333335,0.02666666666666667,2,0.885,0.011666666666666659,0.8733333333333334,0.8966666666666667,2,0.49026315789473685,0.0064035087719298825,0.48385964912280693,0.4966666666666667,2,100.0,0.0,100.0,100.0,2,6.648122117519379,0.21759786367416378,6.430524253845215,6.865719981193543,2,2.4415346408112395,0.04097755517019408,2.4005570856410454,2.4825121959814336,2,140.71801971435548,1.0400860595703136,139.67793365478516,141.7581057739258,2,22.002475396405327,1.0867245532748306,20.915750843130496,23.089199949680157,2,236.34107208251953,21.297142028808594,215.04393005371094,257.6382141113281,2,-2.8351889469798657,0.2566483166459952,-3.0918372636258606,-2.5785406303338703,2,-236.34074910583502,21.29712603149416,-257.63787513732916,-215.04362307434084,2,0.5237990811118627,0.0040593607380434715,0.5197397203738192,0.5278584418499062,2,43.66527655919632,0.3203267469127482,43.34494981228357,43.98560330610907,2,0.0,0.0,0.0,0.0,2,0.0,0.0,0.0,0.0,2,0.0,0.0,0.0,0.0,2,0.0,0.0,0.0,0.0,2,2.8351889469798657,0.2566483166459952,2.5785406303338703,3.0918372636258606,2,236.34074910583502,21.29712603149416,215.04362307434084,257.63787513732916,2,0.5237990811118627,0.0040593607380434715,0.5197397203738192,0.5278584418499062,2,43.66527655919632,0.3203267469127482,43.34494981228357,43.98560330610907,2,2.88348637540689,0.2530869458112919,2.6303994295955984,3.136573321218182,2,240.36708628977829,20.998573282171535,219.36851300760677,261.36565957194983,2,2.8351889469798657,0.2566483166459952,2.5785406303338703,3.0918372636258606,2,236.34074910583502,21.29712603149416,215.04362307434084,257.63787513732916,2,0.5237990811118627,0.004059360738043527,0.5197397203738191,0.5278584418499062,2,43.66527655919633,0.3203267469127482,43.34494981228358,43.98560330610908,2,-1.7407436668902636,0.05946238309443019,-1.8002060499846937,-1.6812812837958333,2,-0.2899795784935355,0.010103733914345492,-0.300083312407881,-0.27987584457919,2,0.4344892939546572,0.025462809397188785,0.4090264845574684,0.45995210335184594,2,0.07237425181600085,0.004192045000581547,0.0681822068154193,0.07656629681658239,2,0.005,0.005,0.0,0.01,2,0.005,0.005,0.0,0.01,2,0.005,0.005,0.0,0.01,2,0.005,0.005,0.0,0.01,2,1.7407436668902636,0.05946238309443019,1.6812812837958333,1.8002060499846937,2,0.2899795784935355,0.010103733914345492,0.27987584457919,0.300083312407881,2,0.4344892939546572,0.025462809397188785,0.4090264845574684,0.45995210335184594,2,0.07237425181600085,0.004192045000581547,0.0681822068154193,0.07656629681658239,2,1.7945751348921903,0.05151383573488477,1.7430612991573056,1.846088970627075,2,0.2989459091287795,0.008785804725848306,0.2901601044029312,0.30773171385462783,2,1.7413964132159947,0.05880963676869888,1.682586776447296,1.8002060499846937,2,0.29008823836743836,0.00999507404044267,0.28009316432699566,0.300083312407881,2,0.43218796457029307,0.023161480012824642,0.40902648455746843,0.4553494445831177,2,0.07199115941714423,0.003808952601724945,0.0681822068154193,0.07580011201886919,2,50.0,0.0,50.0,50.0,2,100.0,0.0,100.0,100.0,2,9380000.0,0.0,9380000.0,9380000.0,2,1.6558204889297485,0.056627511978149414,1.5991929769515991,1.712448000907898,2,9380000000.0,0.0,9380000000.0,9380000000.0,2,6.643077059984207,0.04333950400352471,6.599737555980682,6.6864165639877315,2,120.20139694213867,9.58646011352539,110.61493682861328,129.78785705566406,2,6923.855797529221,155.15032839775085,6768.70546913147,7079.006125926971,2,1000.0,0.0,1000.0,1000.0,2,236.51165771484375,21.1773681640625,215.33428955078125,257.68902587890625
fnpe,"mu,m",1000,5,20000000,20000000,20000000,5,0.9794333333333334,0.014998740687878459,0.9623333333333334,0.9994999999999999,,,,,,,,,,,,,,,,,,,,,,,,,,,,,,,,,,,,,,,,,,,,,,,,,,,,,,,,,,,,,,,,,,,,,,,,,,,,,,,,,,,,,,,,,,,5,0.036,0.032465366161495854,0.0,0.085,5,0.4640000000000001,0.032465366161495854,0.415,0.5,5,0.11099999999999999,0.09275774900244184,0.0,0.21,5,0.7889999999999999,0.09275774900244182,0.6900000000000001,0.9,5,0.45136842105263153,0.041276850574526576,0.39894736842105266,0.4999999999999999,5,100.0,0.0,100.0,100.0,5,1.4977256956100464,1.1941030621453972,0.7904349350929261,3.8820083749294283,5,1.5723571652234782,2.7970125856870536,0.05902760296312174,7.159630837438598,5,58.702571929931636,6.595309185684546,53.96724403381348,71.72003753662109,5,9.413278490434003,11.316657359019327,2.0655262453817826,31.61412708690319,5,156.6866928100586,49.95724406690563,81.1662368774414,211.8331298828125,5,-1.8818873811578847,0.5999062549245571,-2.541671058367193,-0.9755629174526989,5,-156.68648856811527,49.95701406460938,-211.83290137329104,-81.16628101806643,5,0.4464240301614577,0.018104907821877108,0.4307739037745748,0.47926788665075015,5,37.16883662925113,1.5354358764904066,35.83071534940933,39.9440777305214,5,0.0,0.0,0.0,0.0,5,0.0,0.0,0.0,0.0,5,0.0,0.0,0.0,0.0,5,0.0,0.0,0.0,0.0,5,1.8818873811578847,0.5999062549245571,0.9755629174526989,2.541671058367193,5,156.68648856811527,49.95701406460938,81.16628101806643,211.83290137329104,5,0.4464240301614577,0.018104907821877108,0.4307739037745748,0.47926788665075015,5,37.16883662925113,1.5354358764904066,35.83071534940933,39.9440777305214,5,1.9397826760403944,0.5815952219415943,1.0669292060289859,2.5864627343373967,5,161.50650855954603,48.43435378598288,88.7679042316203,215.56601645428339,5,1.8818927692771055,0.5998981147204988,0.9755898580488026,2.541671058367193,5,156.68693685668947,49.956336388521294,81.1685224609375,211.83290137329104,5,0.4464168748755073,0.01811061728567557,0.4307739037745748,0.47926788665075015,5,37.16824131334763,1.5359122096442097,35.83071534940933,39.94407773052139,5,0.25218554227024315,1.6771999608089982,-1.7499054741859437,3.32907343095541,5,0.04190747202277184,0.279296359888981,-0.2916399329900742,0.5542130489259959,5,0.45270948637007047,0.013422781921619938,0.4353233782506235,0.4711753738699654,5,0.0754130765642903,0.0022169021850210672,0.07252528478508113,0.07846108410541186,5,0.072,0.06493073232299171,0.0,0.17,5,0.072,0.06493073232299171,0.0,0.17,5,0.22199999999999998,0.18551549800488368,0.0,0.42,5,0.22199999999999998,0.18551549800488368,0.0,0.42,5,1.2763728131774068,1.147614469303708,0.3703225501678885,3.32907343095541,5,0.2125808832120896,0.1910558554621938,0.06171584731638432,0.5542130489259959,5,0.3604925307323624,0.07497941920519759,0.27345815548173796,0.4597457977419061,5,0.06004993680818371,0.012480901669128387,0.04557297719792241,0.07653694949613318,5,1.351300376898462,1.120584935551913,0.46034568963152306,3.360668996975835,5,0.22506279510318078,0.18655154218367567,0.07671859005913506,0.559472973643966,5,1.2870634878984095,1.1398220208031518,0.38386740352734927,3.32907343095541,5,0.21436177368342882,0.18975736197488943,0.06397315510809422,0.554213048925996,5,0.34924078689208177,0.08365509128560984,0.26013236855016886,0.4597457977419061,5,0.058175531095206054,0.013926930630909799,0.04335217776439418,0.07653694949613318,5,50.0,0.0,50.0,50.0,5,100.0,0.0,100.0,100.0,5,3130000.0,0.0,3130000.0,3130000.0,5,1.6053784370422364,0.08767713844447202,1.5080382823944092,1.7379999160766602,5,3130000000.0,0.0,3130000000.0,3130000000.0,5,6.2903723492622365,2.4927364340958396,3.26946489572525,9.091017479896545,5,100.07418670654297,31.36732582341898,51.31017303466797,134.48471069335938,5,3086.2558460712435,759.7618543831074,2149.3273890018463,3843.9561517238617,5,1000.0,0.0,1000.0,1000.0,5,157.42762908935546,49.55735037375177,82.28992462158203,212.20736694335938
fnpe,"mu,m",2000,2,20000000,20000000,20000000,2,0.9853333333333333,0.012666666666666604,0.9726666666666667,0.9979999999999999,,,,,,,,,,,,,,,,,,,,,,,,,,,,,,,,,,,,,,,,,,,,,,,,,,,,,,,,,,,,,,,,,,,,,,,,,,,,,,,,,,,,,,,,,,,2,0.04,0.04,0.0,0.08,2,0.45999999999999996,0.04000000000000001,0.42,0.5,2,0.085,0.085,0.0,0.17,2,0.815,0.08500000000000002,0.73,0.9,2,0.4585526315789473,0.041447368421052594,0.4171052631578947,0.4999999999999999,2,100.0,0.0,100.0,100.0,2,1.2954104721546174,0.132224143743515,1.1631863284111024,1.4276346158981323,2,0.227363734256953,0.018856263009592686,0.20850747124736033,0.2462199972665457,2,67.52879661560058,1.2400517272949259,66.28874488830566,68.76884834289551,2,7.740293254475299,0.8429516432132971,6.897341611262002,8.583244897688596,2,175.12185668945312,28.193511962890625,146.9283447265625,203.31536865234375,2,-2.1037975852691764,0.34054843716014105,-2.4443460224293174,-1.7632491481090353,2,-175.12149155578612,28.19320617370603,-203.31469772949214,-146.92828538208008,2,0.49930641481832094,0.025309539502976958,0.473996875315344,0.5246159543212979,2,41.570585563568585,2.1446901213627356,39.42589544220585,43.71527568493132,2,0.0,0.0,0.0,0.0,2,0.0,0.0,0.0,0.0,2,0.0,0.0,0.0,0.0,2,0.0,0.0,0.0,0.0,2,2.1037975852691764,0.34054843716014105,1.7632491481090353,2.4443460224293174,2,175.12149155578612,28.19320617370603,146.92828538208008,203.31469772949214,2,0.49930641481832094,0.025309539502976958,0.473996875315344,0.5246159543212979,2,41.570585563568585,2.1446901213627356,39.42589544220585,43.71527568493132,2,2.164759011354996,0.3251206072560592,1.839638404098937,2.4898796186110554,2,180.1978654654079,26.90420488700198,153.2936605784059,207.10207035240987,2,2.1037975852691764,0.34054843716014105,1.7632491481090353,2.4443460224293174,2,175.12149155578612,28.19320617370603,146.92828538208008,203.31469772949214,2,0.49930641481832094,0.025309539502976985,0.47399687531534396,0.5246159543212979,2,41.57058556356858,2.1446901213627356,39.42589544220584,43.71527568493131,2,1.203854771820567,1.5146068308093765,-0.3107520589888096,2.7184616026299437,2,0.2003944199934602,0.2521660064578056,-0.05177158646434545,0.4525604264512658,2,0.9865032732081851,0.47029825435886236,0.5162050188493227,1.4568015275670474,2,0.1642618526778116,0.0782616107284631,0.08600024194934851,0.2425234634062747,2,0.08,0.08,0.0,0.16,2,0.08,0.08,0.0,0.16,2,0.17,0.17,0.0,0.34,2,0.17,0.17,0.0,0.34,2,1.6999942424723127,1.1981906718143445,0.5018035706579684,2.898184914286657,2,0.28304055582582954,0.1994396085456014,0.08360094728022816,0.48248016437143093,2,0.6942074456465217,0.36069936459611096,0.33350808105041074,1.0549068102426327,2,0.1155900657634456,0.06002730490484359,0.05556276085860201,0.1756173706682892,2,1.8433628849199093,1.240839471556566,0.6025234133633431,3.0842023564764753,2,0.3069143483543788,0.206533380136386,0.10038096821799279,0.5134477284907648,2,1.7108795380541304,1.1873053762325267,0.5235741618216037,2.898184914286657,2,0.28485405646264556,0.19762610790878535,0.08722794855386021,0.4824801643714309,2,0.6818972706804078,0.373009539562225,0.3088877311181829,1.0549068102426329,2,0.11353917881620273,0.06207819185208646,0.05146098696411627,0.1756173706682892,2,50.0,0.0,50.0,50.0,2,100.0,0.0,100.0,100.0,2,3130000.0,0.0,3130000.0,3130000.0,2,1.5273447632789612,0.06708735227584839,1.4602574110031128,1.5944321155548096,2,3130000000.0,0.0,3130000000.0,3130000000.0,2,4.323141661882401,0.0028864729404447505,4.320255188941956,4.326028134822845,2,112.38850784301758,16.167278289794922,96.22122955322266,128.5557861328125,2,2147.4556908607483,4.971409320831299,2142.484281539917,2152.4271001815796,2,1000.0,0.0,1000.0,1000.0,2,175.60834503173828,27.79084014892578,147.8175048828125,203.39918518066406
fnpe,"mu,m",3000,2,20000000,20000000,20000000,2,0.9851666666666667,0.01200000000000001,0.9731666666666667,0.9971666666666668,,,,,,,,,,,,,,,,,,,,,,,,,,,,,,,,,,,,,,,,,,,,,,,,,,,,,,,,,,,,,,,,,,,,,,,,,,,,,,,,,,,,,,,,,,,2,0.04,0.04,0.0,0.08,2,0.45999999999999996,0.04000000000000001,0.42,0.5,2,0.08,0.075,0.005,0.155,2,0.8200000000000001,0.07500000000000001,0.745,0.895,2,0.4610526315789473,0.0368421052631579,0.4242105263157894,0.4978947368421052,2,100.0,0.0,100.0,100.0,2,2.314317061901092,0.15461310625076297,2.1597039556503295,2.4689301681518554,2,0.7704279385898708,0.2807002558445407,0.4897276827453301,1.0511281944344115,2,84.1228855895996,7.4816586303710935,76.64122695922852,91.6045442199707,2,21.4519982325969,4.441242551837016,17.010755680759882,25.893240784433914,2,175.59706115722656,30.886001586914062,144.7110595703125,206.48306274414062,2,-2.10953539287516,0.37289486334702804,-2.4824302562221883,-1.7366405295281322,2,-175.5967446182251,30.885706138610843,-206.48245075683593,-144.71103847961425,2,0.47592046076401007,0.018577213364745132,0.4573432473992649,0.49449767412875517,2,39.62313138066351,1.582443751219433,38.04068762944407,41.20557513188294,2,0.0,0.0,0.0,0.0,2,0.0,0.0,0.0,0.0,2,0.0,0.0,0.0,0.0,2,0.0,0.0,0.0,0.0,2,2.10953539287516,0.37289486334702804,1.7366405295281322,2.4824302562221883,2,175.5967446182251,30.885706138610843,144.71103847961425,206.48245075683593,2,0.47592046076401007,0.018577213364745132,0.4573432473992649,0.49449767412875517,2,39.62313138066351,1.582443751219433,38.04068762944407,41.20557513188294,2,2.164939254398421,0.35926811088460275,1.8056711435138184,2.524207365283024,2,180.21029983703522,29.747068182927606,150.46323165410763,209.95736801996284,2,2.10953539287516,0.37289486334702804,1.7366405295281322,2.4824302562221883,2,175.5967446182251,30.885706138610843,144.71103847961425,206.48245075683593,2,0.47592046076401007,0.018577213364745132,0.4573432473992649,0.49449767412875517,2,39.62313138066351,1.582443751219433,38.04068762944407,41.20557513188294,2,1.2978135246633404,1.6451635075478666,-0.34734998288452623,2.942977032211207,2,0.21603408586159342,0.27390292100235814,-0.05786883514076473,0.4899370068639516,2,0.909716802698424,0.3817457810869086,0.5279710216115154,1.2914625837853326,2,0.1514794279794545,0.06351895907665317,0.08796046890280132,0.21499838705610766,2,0.08,0.08,0.0,0.16,2,0.08,0.08,0.0,0.16,2,0.16,0.15,0.01,0.31,2,0.16,0.15,0.01,0.31,2,1.787466471108686,1.2485615171342008,0.5389049539744853,3.036027988242887,2,0.29760494637861845,0.20782287352308626,0.08978207285553218,0.5054278199017047,2,0.6922098581656099,0.3620782770450729,0.3301315811205369,1.0542881352106828,2,0.11525730394051716,0.06025707154179365,0.05500023239872351,0.1755143754823108,2,1.9229299053818054,1.2909446126167063,0.6319852927650991,3.2138745179985118,2,0.3201622313300738,0.21487288633187526,0.10528934499819856,0.5350351176619491,2,1.7973626106499545,1.2387913643418662,0.5585712463080883,3.0361539749918207,2,0.2992536447502672,0.20619514901265495,0.09305849573761225,0.5054487937629222,2,0.6800145576473272,0.37391615618863916,0.30609840145868805,1.0539307138359664,2,0.113225577579452,0.06222929556344029,0.0509962820160117,0.1754548731428923,2,50.0,0.0,50.0,50.0,2,100.0,0.0,100.0,100.0,2,3130000.0,0.0,3130000.0,3130000.0,2,1.5149850249290466,0.04964476823806763,1.465340256690979,1.5646297931671143,2,3130000000.0,0.0,3130000000.0,3130000000.0,2,6.445223100185395,0.01239231586456313,6.432830784320831,6.457615416049958,2,112.66341400146484,17.895423889160156,94.76799011230469,130.558837890625,2,2154.732484102249,53.11289954185486,2101.6195845603943,2207.845383644104,2,1000.0,0.0,1000.0,1000.0,2,176.1001434326172,30.459075927734375,145.6410675048828,206.55921936035156
fnpe,"mu,m",1000,5,40000000,40000000,40000000,5,0.9902,0.008691247193457256,0.9768333333333331,1.0,,,,,,,,,,,,,,,,,,,,,,,,,,,,,,,,,,,,,,,,,,,,,,,,,,,,,,,,,,,,,,,,,,,,,,,,,,,,,,,,,,,,,,,,,,,5,0.054000000000000006,0.03839270764090493,0.0,0.11,5,0.446,0.03839270764090493,0.39,0.5,5,0.125,0.09528903399657276,0.0,0.25,5,0.775,0.09528903399657276,0.65,0.9,5,0.4399473684210526,0.04466849267914848,0.3776315789473685,0.4999999999999999,5,100.0,0.0,100.0,100.0,5,2.0398293864727024,1.4207600541560756,0.7647623002529145,3.7797007822990416,5,2.9958097940605923,3.5731378201901767,0.03487984183531172,7.477030834553546,5,61.036430267333984,7.232127955139772,54.17344177246094,69.84548225402833,5,14.171907990063616,14.278612420959174,2.2526172748486637,31.934027294705167,5,117.22456169128418,73.0773112959348,29.008745193481445,242.27130126953125,5,-1.0737073794793932,1.2498574675781557,-2.912099131193757,0.6758445780515672,5,-89.33939969055176,104.02095527688714,-242.27135315551757,56.33252635498047,5,0.4413001252119755,0.010563327993696326,0.43395574384967717,0.4619081663822343,5,36.746826749966495,0.8843547125730136,36.17077703189298,38.479792457670406,5,0.033999999999999996,0.047159304490206375,0.0,0.12,5,0.033999999999999996,0.047159304490206375,0.0,0.12,5,0.074,0.12026637102698326,0.0,0.31,5,0.074,0.12026637102698326,0.0,0.31,5,1.4082486678236574,0.8787052426130534,0.34806867206320163,2.912099131193757,5,117.22151737976074,73.08068843825212,28.996262026977536,242.27135315551757,5,0.3886806448741903,0.05906566597615784,0.3161888873973143,0.44058883505012497,5,32.36223681831573,4.900336919726787,26.354755961458174,36.65467744725059,5,1.4767276854099893,0.8538875532313664,0.4705031250502942,2.9452402060732266,5,122.92464766718292,71.0107726273483,39.1958053908177,245.02851658239192,5,1.4105336210697739,0.8762019610234811,0.3566700467847288,2.912099131193757,5,117.41189356750488,72.87205204686494,29.712809542846674,242.27135315551755,5,0.38593608355098696,0.062426204612378536,0.3089196317890747,0.44058883505012497,5,32.133543158923075,5.180408484504217,25.73490614208202,36.654677447250585,5,-0.12638686963196372,1.6172595301699062,-1.7508094953536986,2.6470740547031166,5,-0.020983790942728498,0.26961335848833423,-0.2916151314646005,0.4414627851784229,5,0.45362726818450677,0.026674892030550325,0.43841630955225247,0.5068245119056349,5,0.07559457581525093,0.004432313360044392,0.07304639850567371,0.08442981245274567,5,0.074,0.0932952303175248,0.0,0.22,5,0.074,0.0932952303175248,0.0,0.22,5,0.176,0.21886982432487126,0.0,0.5,5,0.176,0.21886982432487126,0.0,0.5,5,1.3817374735571117,0.8806096913451725,0.351301408727467,2.6470740547031166,5,0.23030930876702066,0.14685029864271532,0.05853181562572717,0.4414627851784229,5,0.38562996508607517,0.06788912100487711,0.2969556896185569,0.4441602447428286,5,0.06426638279410032,0.011327487738290435,0.04947704602365702,0.07407432245463594,5,1.4531803424308105,0.8522078205571721,0.4599949579840366,2.6840788688286352,5,0.2422136160679993,0.14212118787626407,0.07664170877316864,0.4476342211500409,5,1.3922287371874276,0.8688679521824014,0.3670031956389546,2.6470740547031166,5,0.23205709435909988,0.14489470464992985,0.06114795686155557,0.4414627851784229,5,0.3762922305849596,0.07926080333183863,0.27564206827711024,0.44416024474282867,5,0.06271076835483647,0.013222093568693952,0.04591807928470084,0.07407432245463592,5,50.0,0.0,50.0,50.0,5,100.0,0.0,100.0,100.0,5,6255000.0,0.0,6255000.0,6255000.0,5,1.6578635215759276,0.055264984335232054,1.575873851776123,1.7257214784622192,5,6255000000.0,0.0,6255000000.0,6255000000.0,5,7.655993040084839,2.2402673170394065,3.3153937697410583,9.420425779819489,5,72.80015449523925,48.128001218284005,11.119619369506836,153.17335510253906,5,8874.03073964119,3280.028396156689,4481.951243162155,14664.348151922226,5,1000.0,0.0,1000.0,1000.0,5,118.06079940795898,72.52937444664389,30.984241485595703,242.4292755126953
fnpe,"mu,m",2000,2,40000000,40000000,40000000,2,0.9991666666666666,0.0003333333333332966,0.9988333333333334,0.9994999999999999,,,,,,,,,,,,,,,,,,,,,,,,,,,,,,,,,,,,,,,,,,,,,,,,,,,,,,,,,,,,,,,,,,,,,,,,,,,,,,,,,,,,,,,,,,,2,0.0175,0.0175,0.0,0.035,2,0.4825,0.017500000000000016,0.46499999999999997,0.5,2,0.025,0.025,0.0,0.05,2,0.875,0.025000000000000022,0.85,0.9,2,0.48342105263157886,0.016578947368421026,0.46684210526315784,0.4999999999999999,2,100.0,0.0,100.0,100.0,2,1.6723537999391556,0.3324043029546737,1.3399494969844818,2.0047581028938293,2,3.1336619018432,0.2192192846822134,2.914442617160987,3.352881186525414,2,76.6989765548706,2.856481285095221,73.84249526977538,79.55545783996583,2,27.882215823146183,1.6603139689078716,26.22190185423831,29.542529792054054,2,131.63148498535156,68.94117736816406,62.6903076171875,200.57266235351562,2,-0.8583003455043421,1.5525785211578593,-2.4108788666622014,0.6942781756535173,2,-71.35173447875978,129.22072526550295,-200.57245974426272,57.868990786743154,2,0.5431080826591338,0.05488947836390193,0.48821860429523184,0.5979975610230357,2,45.22195630464162,4.528299976272091,40.693656328369535,49.75025628091372,2,0.035,0.035,0.0,0.07,2,0.035,0.035,0.0,0.07,2,0.05,0.05,0.0,0.1,2,0.05,0.05,0.0,0.1,2,1.5814797253087745,0.829399141353427,0.7520805839553475,2.4108788666622014,2,131.6296781829834,68.94278156127932,62.68689662170408,200.57245974426272,2,0.4956929504849462,0.10230461053808945,0.3933883399468568,0.5979975610230357,2,41.26984338643932,8.480412894474401,32.789430491964914,49.75025628091372,2,1.6663438860008637,0.8175921020447059,0.8487517839561578,2.4839359880455696,2,138.6974977605672,67.95293076035426,70.74456700021291,206.65042852092145,2,1.58431107085502,0.8265677958071813,0.7577432750478388,2.4108788666622014,2,131.86567451477055,68.70678522949221,63.158889285278335,200.57245974426274,2,0.49068932640967505,0.10730823461336064,0.3833810917963144,0.5979975610230357,2,40.85278481380621,8.897471467107515,31.955313346698695,49.750256280913725,2,-1.6799093723952774,0.021405475097894477,-1.7013148474931719,-1.658503897297383,2,-0.27980005965530874,0.00351672196537256,-0.2833167816206813,-0.2762833376899362,2,0.5050480803305095,0.00892549171853202,0.49612258861197744,0.5139735720490415,2,0.0841195577036849,0.0015011880123151841,0.08261836969136972,0.08562074571600009,2,0.0,0.0,0.0,0.0,2,0.0,0.0,0.0,0.0,2,0.0,0.0,0.0,0.0,2,0.0,0.0,0.0,0.0,2,1.6799093723952774,0.021405475097894477,1.658503897297383,1.7013148474931719,2,0.27980005965530874,0.00351672196537256,0.2762833376899362,0.2833167816206813,2,0.5050480803305095,0.00892549171853202,0.49612258861197744,0.5139735720490415,2,0.0841195577036849,0.0015011880123151841,0.08261836969136972,0.08562074571600009,2,1.754247839362257,0.017928741351912136,1.7363190980103447,1.772176580714169,2,0.29218175354701365,0.002935500706885641,0.289246252840128,0.2951172542538993,2,1.6799093723952772,0.021405475097894366,1.658503897297383,1.7013148474931716,2,0.27980005965530874,0.00351672196537256,0.2762833376899362,0.2833167816206813,2,0.5050480803305095,0.00892549171853202,0.49612258861197744,0.5139735720490415,2,0.0841195577036849,0.001501188012315191,0.08261836969136971,0.08562074571600009,2,50.0,0.0,50.0,50.0,2,100.0,0.0,100.0,100.0,2,6255000.0,0.0,6255000.0,6255000.0,2,1.6647035479545593,0.004097998142242432,1.660605549812317,1.6688015460968018,2,6255000000.0,0.0,6255000000.0,6255000000.0,2,4.209680823087693,0.029516676664352648,4.18016414642334,4.239197499752045,2,82.43500709533691,44.379384994506836,38.05562210083008,126.81439208984375,2,4429.144381761551,8.699796915054321,4420.444584846497,4437.844178676605,2,1000.0,0.0,1000.0,1000.0,2,132.51621627807617,68.45503616333008,64.0611801147461,200.97125244140625
fnpe,"mu,m",3000,2,40000000,40000000,40000000,2,0.9898333333333335,0.006666666666666599,0.9831666666666669,0.9965,,,,,,,,,,,,,,,,,,,,,,,,,,,,,,,,,,,,,,,,,,,,,,,,,,,,,,,,,,,,,,,,,,,,,,,,,,,,,,,,,,,,,,,,,,,2,0.075,0.075,0.0,0.15,2,0.425,0.07500000000000001,0.35,0.5,2,0.1525,0.1425,0.01,0.295,2,0.7475,0.14250000000000002,0.605,0.89,2,0.42210526315789465,0.07605263157894734,0.34605263157894733,0.498157894736842,2,100.0,0.0,100.0,100.0,2,3.5417217248678208,2.3715172916650773,1.1702044332027435,5.913239016532898,2,1.512855593054631,0.961069727310415,0.5517858657442161,2.473925320365046,2,102.02252361297607,30.503260688781744,71.51926292419434,132.52578430175782,2,20.094604478969615,4.912719292873822,15.18188518609579,25.007323771843435,2,117.74752616882324,76.46858406066895,41.2789421081543,194.2161102294922,2,-0.9980184875208885,1.3364547901976853,-2.334473277718574,0.3384363026767969,2,-83.00340454864502,111.21251150054931,-194.21591604919433,28.209106951904296,2,0.46883619294030143,0.0026813749466025882,0.46615481799369884,0.471517567886904,2,39.041617910363385,0.2599852310596411,38.78163267930374,39.30160314142302,2,0.075,0.075,0.0,0.15,2,0.075,0.075,0.0,0.15,2,0.11,0.11,0.0,0.22,2,0.11,0.11,0.0,0.22,2,1.4148522006649524,0.9196210770536215,0.4952311236113309,2.334473277718574,2,117.74703767547607,76.46887837371827,41.2781593017578,194.21591604919433,2,0.38441650011525497,0.08173831787844388,0.3026781822368111,0.46615481799369884,2,32.005126558294364,6.77650612100938,25.22862043728498,38.78163267930374,2,1.4804816194763932,0.9000783563950063,0.5804032630813869,2.3805599758713996,2,123.21372759852898,74.83635970289117,48.3773678956378,198.05008730142015,2,1.4212559626597911,0.9132173150587828,0.5080386476010084,2.334473277718574,2,118.2807995956421,75.93511645355224,42.34568314208985,194.21591604919433,2,0.37535835977612386,0.09079645821757498,0.2845619015585489,0.46615481799369884,2,31.25011871948078,7.53151395982295,23.718604759657833,38.78163267930373,2,-0.5881685539494472,1.0252803720195574,-1.6134489259690046,0.4371118180701102,2,-0.09799320309460166,0.17078461970537903,-0.2687778227999807,0.07279141661077736,2,0.5359873274585811,0.027548988244672612,0.5084383392139086,0.5635363157032538,2,0.08927165391492697,0.004572998514132433,0.08469865540079453,0.0938446524290594,2,0.075,0.075,0.0,0.15,2,0.075,0.075,0.0,0.15,2,0.195,0.175,0.02,0.37,2,0.195,0.175,0.02,0.37,2,1.0946905173065868,0.5223826046076807,0.5723079126989061,1.6170731219142676,2,0.18234346637874843,0.08703809649050236,0.09530536988824607,0.2693815628692508,2,0.4611769294526958,0.035614274047906236,0.42556265540478955,0.496791203500602,2,0.0768132814387532,0.005945125034065177,0.07086815640468802,0.08275840647281837,2,1.2024269646773265,0.4892370035779331,0.7131899610993935,1.6916639682552597,2,0.20028677059550412,0.08152057539781866,0.11876619519768546,0.2818073459933228,2,1.1068127007593196,0.5105266740481572,0.5962860267111624,1.6173393748074767,2,0.18436215866655117,0.08506375816464427,0.0992984005019069,0.26942591683119543,2,0.4481997463175167,0.04778649282840833,0.4004132534891084,0.49598623914592505,2,0.07465219212373456,0.007972118687332976,0.06668007343640157,0.08262431081106753,2,50.0,0.0,50.0,50.0,2,100.0,0.0,100.0,100.0,2,6255000.0,0.0,6255000.0,6255000.0,2,1.5818466544151306,0.10754293203353882,1.4743037223815918,1.6893895864486694,2,6255000000.0,0.0,6255000000.0,6255000000.0,2,20.11526171565056,0.013132406473159719,20.1021293091774,20.12839412212372,2,72.21771335601807,50.55783748626709,21.659875869750977,122.77555084228516,2,14642.26877272129,30.072389960289,14612.196382761002,14672.34116268158,2,1000.0,0.0,1000.0,1000.0,2,119.26204490661621,75.21944618225098,44.042598724365234,194.4814910888672
fnpe,"mu,m",1000,5,60000000,60000000,60000000,5,0.9844333333333333,0.02642212877284665,0.9316666666666666,0.9993333333333334,,,,,,,,,,,,,,,,,,,,,,,,,,,,,,,,,,,,,,,,,,,,,,,,,,,,,,,,,,,,,,,,,,,,,,,,,,,,,,,,,,,,,,,,,,,5,0.028000000000000004,0.0535350352572967,0.0,0.135,5,0.472,0.0535350352572967,0.365,0.5,5,0.076,0.13036103712382777,0.0,0.335,5,0.8240000000000001,0.13036103712382777,0.565,0.9,5,0.4645263157894736,0.06489527041228546,0.335,0.4999999999999999,5,100.0,0.0,100.0,100.0,5,2.858988065958023,1.0811661912428592,0.8505501186847687,3.846106320619583,5,5.514171349507498,2.7317678383097137,0.08412464457122809,7.198828092651284,5,64.54592483520507,5.898085942729038,54.32698257446289,71.02561431884766,5,23.340418133008434,10.858483066110951,2.3189720946268433,31.81584563251161,5,129.3705207824707,45.051807143481994,50.44218826293945,189.12574768066406,5,-1.5532118743872032,0.5407812207957954,-2.270427625180781,-0.6056354644276203,5,-129.3702221722412,45.05199843683793,-189.12555466918946,-50.44146108703613,5,0.4528243193494956,0.02787495025677966,0.4331305462029884,0.507375590171901,5,37.71602101060996,2.3260443435602207,36.07318323855097,42.26414892527309,5,0.0,0.0,0.0,0.0,5,0.0,0.0,0.0,0.0,5,0.01,0.02,0.0,0.05,5,0.01,0.02,0.0,0.05,5,1.5532118743872032,0.5407812207957954,0.6056354644276203,2.270427625180781,5,129.3702221722412,45.05199843683793,50.44146108703613,189.12555466918946,5,0.4528243193494956,0.02787495025677966,0.4331305462029884,0.507375590171901,5,37.71602101060996,2.3260443435602207,36.07318323855097,42.26414892527309,5,1.6278809728261874,0.510628897399489,0.7482795603688622,2.3264289352323497,5,135.58934881856604,42.54144048061964,62.32183635692879,193.79043762091624,5,1.5532822388064251,0.5406579299728124,0.6059872865237296,2.270427625180781,5,129.37608260192872,45.0417316232632,50.47076323547364,189.12555466918946,5,0.4527397243497794,0.027915981611713596,0.4331305462029884,0.507375590171901,5,37.708975360855,2.329460411415549,36.07318323855096,42.2641489252731,5,-1.1082520780978538,0.7262630764651214,-1.7499046218395233,0.2401155063639395,5,-0.18470208588659762,0.12104141429002002,-0.2916399329900742,0.040012440627813325,5,0.4419190556992204,0.0021070052128797354,0.4392932539262055,0.44528108251345877,5,0.07364752841686943,0.000346220951205513,0.07321281963478639,0.07420088362230566,5,0.05600000000000001,0.1070700705145934,0.0,0.27,5,0.05600000000000001,0.1070700705145934,0.0,0.27,5,0.14200000000000002,0.26422717498395204,0.0,0.67,5,0.14200000000000002,0.26422717498395204,0.0,0.67,5,1.236048645588886,0.5046292228729874,0.37729882471924653,1.7499046218395233,5,0.2059979337179661,0.08411049201159826,0.06287243551611901,0.2916399329900742,5,0.4087609035791616,0.03775225783293642,0.3370108243161397,0.44008251995561487,5,0.06812199892103651,0.006295436088677406,0.056158911916068095,0.07335171374678559,5,1.312347994035445,0.47824717318244125,0.5058959367703685,1.80420196998019,5,0.21871325745619244,0.07971495360313688,0.08430164016984033,0.3006891542329565,5,1.2474284444906376,0.4856560985546315,0.43332274798853326,1.7499046218395233,5,0.2078942467445135,0.08094904348023742,0.07220816678702831,0.2916399329900742,5,0.40042321660816854,0.052906509704826986,0.29751212047263753,0.44008251995561487,5,0.06673261431397556,0.00882045199117436,0.049576915098987054,0.07335171374678558,5,50.0,0.0,50.0,50.0,5,100.0,0.0,100.0,100.0,5,9380000.0,0.0,9380000.0,9380000.0,5,1.5915502548217773,0.07356064940580467,1.5092239379882812,1.6886051893234253,5,9380000000.0,0.0,9380000000.0,9380000000.0,5,7.462456512451172,2.0319526058562234,3.485378315448761,9.249868824481965,5,82.65852279663086,28.703919709853736,32.43708419799805,120.07051849365234,5,13846.369880533219,4633.152358276021,7523.100877523422,21979.30854034424,5,1000.0,0.0,1000.0,1000.0,5,129.82856674194335,45.03541579186586,50.88454055786133,189.44418334960938
fnpe,"mu,m",2000,2,60000000,60000000,60000000,2,0.9790833333333333,0.0042500000000000315,0.9748333333333333,0.9833333333333334,,,,,,,,,,,,,,,,,,,,,,,,,,,,,,,,,,,,,,,,,,,,,,,,,,,,,,,,,,,,,,,,,,,,,,,,,,,,,,,,,,,,,,,,,,,2,0.09,0.045000000000000005,0.045,0.135,2,0.41000000000000003,0.04500000000000001,0.365,0.455,2,0.19,0.03,0.16,0.22,2,0.71,0.02999999999999997,0.68,0.74,2,0.4057894736842105,0.031052631578947387,0.3747368421052631,0.43684210526315786,2,100.0,0.0,100.0,100.0,2,1.429774661064148,0.2759495949745179,1.15382506608963,1.7057242560386658,2,0.27688363661371995,0.06687806019460965,0.21000557641911033,0.34376169680832963,2,68.99924209594727,3.7089604187011673,65.2902816772461,72.70820251464843,2,8.834239886702257,2.7932676464823887,6.040972240219867,11.627507533184644,2,200.367431640625,56.62347412109375,143.74395751953125,256.99090576171875,2,-2.406014952323063,0.681049176755326,-3.0870641290783887,-1.7249657755677368,2,-200.36740074615477,56.623552061462405,-256.9909528076172,-143.74384868469238,2,0.5464897389836694,0.04675308246922216,0.4997366565144472,0.5932428214528915,2,45.5149292288653,3.871163923995063,41.643765304870236,49.38609315286036,2,0.0,0.0,0.0,0.0,2,0.0,0.0,0.0,0.0,2,0.0,0.0,0.0,0.0,2,0.0,0.0,0.0,0.0,2,2.406014952323063,0.681049176755326,1.7249657755677368,3.0870641290783887,2,200.36740074615477,56.623552061462405,143.74384868469238,256.9909528076172,2,0.5464897389836694,0.04675308246922216,0.4997366565144472,0.5932428214528915,2,45.5149292288653,3.871163923995063,41.643765304870236,49.38609315286036,2,2.4697228009904997,0.6738264641313136,1.7958963368591863,3.1435492651218135,2,205.6739013971084,56.019308338776696,149.6545930583317,261.6932097358851,2,2.406014952323063,0.681049176755326,1.7249657755677368,3.0870641290783887,2,200.36740074615477,56.62355206146237,143.74384868469238,256.99095280761713,2,0.5464897389836694,0.04675308246922216,0.4997366565144472,0.5932428214528915,2,45.5149292288653,3.871163923995063,41.643765304870236,49.38609315286036,2,0.28151702333344153,0.09094835019363097,0.19056867313981055,0.3724653735270725,2,0.046911277147382496,0.015155719987303026,0.031755557160079474,0.062066997134685525,2,0.4989852852650041,0.003108803926882703,0.4958764813381214,0.5020940891918868,2,0.08314942429992732,0.0005174102895997568,0.08263201401032756,0.08366683458952708,2,0.18,0.09000000000000001,0.09,0.27,2,0.18,0.09000000000000001,0.09,0.27,2,0.38,0.06,0.32,0.44,2,0.38,0.06,0.32,0.44,2,0.4388930143863895,0.02577062772521757,0.4131223866611719,0.46466364211160704,2,0.0731358630038798,0.004294896831363429,0.06884096617251637,0.07743075983524322,2,0.37694241348342705,0.033802810372571435,0.3431396031108556,0.4107452238559985,2,0.06281260893008958,0.0056332770241218424,0.05717933190596773,0.06844588595421142,2,0.5786116498035552,0.04156892004762758,0.5370427297559276,0.6201805698511828,2,0.09641818218431221,0.006927654077822865,0.08949052810648934,0.10334583626213507,2,0.46020253144456075,0.036500764739047786,0.42370176670551296,0.49670329618360853,2,0.07668683118596673,0.006082962086051698,0.07060386909991503,0.08276979327201843,2,0.357857868514605,0.024364858737791182,0.3334930097768138,0.38222272725239614,2,0.059632405140040506,0.004060540464057277,0.05557186467598323,0.06369294560409779,2,50.0,0.0,50.0,50.0,2,100.0,0.0,100.0,100.0,2,9380000.0,0.0,9380000.0,9380000.0,2,1.4152170419692993,0.016017794609069824,1.3991992473602295,1.4312348365783691,2,9380000000.0,0.0,9380000000.0,9380000000.0,2,9.262031444311143,4.946666058301926,4.3153653860092165,14.208697502613068,2,128.29896545410156,34.18614196777344,94.11282348632812,162.485107421875,2,14534.48321568966,7451.695513367653,7082.787702322006,21986.178729057312,2,1000.0,0.0,1000.0,1000.0,2,200.91320037841797,56.633705139160156,144.2794952392578,257.5469055175781
fnpe,"mu,m",3000,2,60000000,60000000,60000000,2,0.9789166666666667,0.008916666666666795,0.9699999999999999,0.9878333333333335,,,,,,,,,,,,,,,,,,,,,,,,,,,,,,,,,,,,,,,,,,,,,,,,,,,,,,,,,,,,,,,,,,,,,,,,,,,,,,,,,,,,,,,,,,,2,0.07,0.07,0.0,0.14,2,0.43,0.07,0.36,0.5,2,0.11,0.11,0.0,0.22,2,0.79,0.10999999999999999,0.68,0.9,2,0.43499999999999994,0.06499999999999997,0.36999999999999994,0.4999999999999999,2,100.0,0.0,100.0,100.0,2,2.0662142139673234,0.7828297370672226,1.2833844769001006,2.8490439510345458,2,0.5653158357191284,0.012790439584284108,0.5525253961348442,0.5781062753034124,2,74.74350509643554,4.095839004516598,70.64766609191895,78.83934410095215,2,14.112232073581499,0.5989473031243362,13.513284770457163,14.711179376705836,2,179.04297256469727,96.23455429077148,82.80841827392578,275.27752685546875,2,-2.1502211555521935,1.1565077486548574,-3.3067289042070507,-0.9937134068973359,2,-179.04254364624023,96.23499388427734,-275.2775375305176,-82.80754976196289,2,0.5043150079867267,0.057682353775232065,0.44663265421149456,0.5619973617619587,2,42.001757031465296,4.783223734358842,37.218533297106454,46.78498076582414,2,0.0,0.0,0.0,0.0,2,0.0,0.0,0.0,0.0,2,0.0,0.0,0.0,0.0,2,0.0,0.0,0.0,0.0,2,2.1502211555521935,1.1565077486548574,0.9937134068973359,3.3067289042070507,2,179.04254364624023,96.23499388427734,82.80754976196289,275.2775375305176,2,0.5043150079867267,0.057682353775232065,0.44663265421149456,0.5619973617619587,2,42.001757031465296,4.783223734358842,37.218533297106454,46.78498076582414,2,2.2218086267469026,1.1323376253634265,1.0894710013834763,3.354146252110329,2,185.00604404744894,94.21887800308018,90.78716604436876,279.22492205052913,2,2.1502242316465825,1.1565046725604686,0.9937195590861139,3.306728904207051,2,179.04279998168943,96.2347375488281,82.80806243286133,275.2775375305175,2,0.5043111617982337,0.05768619996372498,0.4466249618345087,0.5619973617619587,2,42.00143652293987,4.783544242884265,37.21789228005561,46.78498076582414,2,1.1694177821052938,0.7586839625617235,0.41073381954357024,1.9281017446670174,2,0.19486734924167395,0.12642336333990098,0.06844398590177297,0.32129071258157493,2,0.49733054699116697,0.0007292461632400493,0.4966013008279269,0.498059793154407,2,0.08287368648465653,0.00012088989739994505,0.08275279658725658,0.08299457638205647,2,0.14,0.14,0.0,0.28,2,0.14,0.14,0.0,0.28,2,0.22,0.22,0.0,0.44,2,0.22,0.22,0.0,0.44,2,1.2021670760253191,0.7259346686416983,0.4762324073836207,1.9281017446670174,2,0.20032463577538728,0.12096607680618765,0.07935855896919965,0.32129071258157493,2,0.46612308892696397,0.03193670422744305,0.4341863846995209,0.498059793154407,2,0.07767332883765657,0.005321247544399901,0.07235208129325667,0.08299457638205647,2,1.3179204597295064,0.6734709873107299,0.6444494724187765,1.9913914470402363,2,0.21961350286187048,0.11222353801815725,0.10738996484371323,0.33183704088002774,2,1.2182404962239533,0.7098612484430642,0.5083792477808892,1.9281017446670174,2,0.203003083281219,0.11828762930035588,0.0847154539808631,0.3212907125815749,2,0.4520061092284121,0.046053683925994876,0.40595242530241726,0.498059793154407,2,0.07532089922210902,0.007673677159947469,0.06764722206216155,0.08299457638205648,2,50.0,0.0,50.0,50.0,2,100.0,0.0,100.0,100.0,2,9380000.0,0.0,9380000.0,9380000.0,2,1.428666353225708,0.0019663572311401367,1.4266999959945679,1.4306327104568481,2,9380000000.0,0.0,9380000000.0,9380000000.0,2,6.489238085746765,0.001727075576782422,6.487511010169983,6.4909651613235475,2,114.14183235168457,59.904218673706055,54.237613677978516,174.04605102539062,2,6885.43814098835,223.9412168264389,6661.496924161911,7109.379357814789,2,1000.0,0.0,1000.0,1000.0,2,179.69533920288086,96.01834487915039,83.67699432373047,275.71368408203125
npe,mu,1000,5,20000000,20000000,20000000,5,0.9265000000000001,0.007503332592921638,0.9123333333333333,0.9338333333333333,,,,,,,,,,,,,,,,,,,,,,,,,,,,,,,,,,,,,,,,,,,,,,,,,,,,,,,,,,,,,,,,,,,,,,,,,,,,,,,,,,,,,,,,,,,5,0.35,0.14546477236774547,0.15,0.55,5,0.17,0.12149074038789952,0.050000000000000044,0.35,5,0.678,0.19041008376659047,0.36,0.9,5,0.22200000000000003,0.19041008376659047,0.0,0.54,5,0.15652631578947368,0.11540155114009587,0.035263157894736864,0.3405263157894736,5,300.0,0.0,300.0,300.0,5,1.2869584074020386,0.016764857432811114,1.2756494915485381,1.320058242082596,5,3.7184998439227153,0.007089545452874855,3.706759372600117,3.726929795189369,5,62.64897717285156,1.2637758177487846,60.93971504211426,64.31800621032716,5,92.02167422409698,8.898751838155015,81.80987056775969,102.29922623180406,5,0.019359815493226053,0.004995353879463639,0.01200779713690281,0.02621963433921337,,,,,,,,,,,,,,,,,,,,,,,,,,,,,,,,,,,,,,,,,,,,,,,,,,,,,,,,,,,,,,,,,,,,,,,,,,,,,,,,,,,,,,,,,,,5,0.07610441096420632,0.0733043761109865,0.009350394579768167,0.1765194340525195,5,0.010799633224010466,0.010383527176622338,0.0013406614303588837,0.024978703503310683,5,0.2030091781389248,0.0216915417127612,0.17391303277320017,0.23251926525594382,5,0.0289040858084142,0.003063029065429906,0.02483888631096737,0.033051644362303956,5,0.35,0.14546477236774547,0.15,0.55,5,0.35,0.14546477236774547,0.15,0.55,5,0.678,0.19041008376659047,0.36,0.9,5,0.678,0.19041008376659047,0.36,0.9,5,0.13606684550221312,0.035535512222265045,0.08407432686984538,0.18528887099009006,5,0.01935981723666191,0.0049953541814099865,0.012007799363136286,0.02621963790804148,5,0.1807263592587177,0.020240709251777053,0.15391986278614492,0.20681408098423,5,0.025724166337298092,0.002790916926922563,0.021983389290457716,0.02926560269136523,5,0.2274267583248241,0.033551928612376304,0.1753847672938653,0.2776761239396248,5,0.03236669228532109,0.004655670562226376,0.02504908481843493,0.03929306443785786,5,0.1600425905692135,0.02637594163546712,0.1194699334979057,0.195382309490256,5,0.022778023286461828,0.003686095326831887,0.01706312705874443,0.02764792842715978,5,0.1718636907404701,0.02163819301195398,0.14517451646641183,0.20146714504459332,5,0.024460832752083182,0.002988287946220946,0.020734347530969695,0.028508974785250763,,,,,,,,,,,,,,,,5,1.4500575065612793,0.012899415837029107,1.4320056438446045,1.4697604179382324,,,,,,5,0.0029204492568969723,2.4317864254242012e-05,0.0028794264793395997,0.002954249382019043,5,0.013527215644717216,0.008411345456852156,0.005146997515112162,0.025229820981621742,5,489.8846069335938,1.3561758539921018,488.4256751537323,492.1639220714569,,,,,,5,0.025929779186844824,0.0035464082898756344,0.020176954567432404,0.030191754922270775
npe,mu,2000,5,20000000,20000000,20000000,5,0.7754333333333333,0.02551417906446011,0.7493333333333333,0.8213333333333334,,,,,,,,,,,,,,,,,,,,,,,,,,,,,,,,,,,,,,,,,,,,,,,,,,,,,,,,,,,,,,,,,,,,,,,,,,,,,,,,,,,,,,,,,,,5,0.264,0.10229369482035539,0.13,0.39,5,0.23600000000000004,0.10229369482035539,0.10999999999999999,0.37,5,0.656,0.08685620300243385,0.57,0.82,5,0.24400000000000005,0.08685620300243385,0.08000000000000007,0.33000000000000007,5,0.1909473684210526,0.08130405297690219,0.07473684210526313,0.2926315789473684,5,300.0,0.0,300.0,300.0,5,0.8647488224506379,0.004004814354640087,0.8597418618202209,0.8713469421863556,5,0.36899564836264204,0.02349512022858872,0.3415116653110237,0.4105784651502676,5,58.28099337768555,0.15258538785513448,58.11122695922852,58.56098243713379,5,7.055234327307237,0.5897820071203975,6.310960929818306,8.077849421658165,5,0.04907907918095589,0.01592631190154663,0.03364845737814903,0.07921258360147476,,,,,,,,,,,,,,,,,,,,,,,,,,,,,,,,,,,,,,,,,,,,,,,,,,,,,,,,,,,,,,,,,,,,,,,,,,,,,,,,,,,,,,,,,,,5,0.3234429589034259,0.140839738628588,0.17940703333450364,0.5783264583362004,5,0.04447627238184213,0.018952996875445632,0.024966139933466906,0.07863623599708079,5,0.40106113012706335,0.1175321099010319,0.2690800838468264,0.589703591625181,5,0.05521759658016241,0.01575339802365624,0.037444970116941534,0.08018320727823355,5,0.264,0.10229369482035539,0.13,0.39,5,0.264,0.10229369482035539,0.13,0.39,5,0.656,0.08685620300243385,0.57,0.82,5,0.656,0.08685620300243385,0.57,0.82,5,0.3566974953074395,0.11923973361526952,0.24179829649163292,0.5825651944769284,5,0.04907907785743475,0.01592631256600509,0.03364845848381519,0.07921258549690245,5,0.3765909783049706,0.12586907652724513,0.21476628912994514,0.5855165348402979,5,0.05182891056501904,0.016907635295415776,0.029886705604650718,0.07961388471936708,5,0.5210159217031689,0.16630518912395661,0.3234052800015838,0.8259611482311571,5,0.07169834811023554,0.022222832744482574,0.0450048211888026,0.11230763260443499,5,0.4070956518353164,0.10659440018533532,0.32271834271384287,0.6135139002037904,5,0.05604668374627829,0.014133646872137426,0.044909227806329735,0.08342074449658393,5,0.3598186308842064,0.1273944828160057,0.18847137210211773,0.5688945442964449,5,0.04951384250007125,0.0171420385457716,0.026227525546699937,0.07735375857643968,,,,,,,,,,,,,,,,5,1.4084389448165893,0.010778509410869505,1.3936665058135986,1.4225783348083496,,,,,,5,0.004378272533416749,2.4487065927169775e-05,0.0043595218658447265,0.0044255232810974125,5,0.044566238299012184,0.018890487229525577,0.02496614120900631,0.07864431291818619,5,433.54017543792725,1.0120233276865696,432.38636112213135,435.38135051727295,,,,,,5,0.06368003487586975,0.01512857415334976,0.05205362290143967,0.09288576245307922
npe,mu,3000,5,19998000,20000000,19998000,5,0.8907333333333334,0.012849816254630922,0.8685,0.906,,,,,,,,,,,,,,,,,,,,,,,,,,,,,,,,,,,,,,,,,,,,,,,,,,,,,,,,,,,,,,,,,,,,,,,,,,,,,,,,,,,,,,,,,,,5,0.14200000000000002,0.055281099844341014,0.04,0.2,5,0.358,0.05528109984434102,0.3,0.46,5,0.378,0.1502531197679436,0.08,0.48,5,0.522,0.15025311976794362,0.42000000000000004,0.8200000000000001,5,0.33199999999999996,0.06502026106553607,0.2863157894736842,0.46105263157894727,5,300.0,0.0,300.0,300.0,5,1.6978483633995058,0.18169116811192784,1.47402130484581,2.001727238893509,5,1.412418482694166,0.11105596290397766,1.2385734010380085,1.5152846074342659,5,74.75178741455079,4.211354492776274,69.84040100097656,82.2230443572998,5,34.074790836054476,5.9091024908531855,27.865420392416976,43.98936023964315,5,0.042954372614622115,0.014368516754688329,0.03282501548528671,0.07076331973075867,,,,,,,,,,,,,,,,,,,,,,,,,,,,,,,,,,,,,,,,,,,,,,,,,,,,,,,,,,,,,,,,,,,,,,,,,,,,,,,,,,,,,,,,,,,5,-0.21970803710192438,0.16232934804849067,-0.5114150271326303,-0.025159469376504415,5,-0.028778736053109166,0.021050075157771197,-0.06637438797950744,-0.003319166341423988,5,0.3006487366259581,0.02087519241062822,0.27388542642207553,0.3218616207310818,5,0.03951794002302984,0.002874236668969565,0.03591004761772418,0.04214323173570085,5,0.14200000000000002,0.055281099844341014,0.04,0.2,5,0.14200000000000002,0.055281099844341014,0.04,0.2,5,0.378,0.1502531197679436,0.08,0.48,5,0.378,0.1502531197679436,0.08,0.48,5,0.32739742180615666,0.11194724357309684,0.2516836765289306,0.5452317399173975,5,0.042954370247721675,0.01436851661664578,0.032825017215311524,0.07076331569552421,5,0.2131683732978332,0.016907476885004723,0.18918219274170162,0.23806129811890397,5,0.028013349844199526,0.002229387902694034,0.024957891069481597,0.0310483631055795,5,0.3951653447992979,0.09639619062829241,0.31519232844488376,0.5814646113204953,5,0.05186591916468745,0.012295387844939335,0.04158179952528657,0.07546582603775963,5,0.34232469583898784,0.10719600492470771,0.266010840934515,0.5499013544529676,5,0.044921456174254415,0.013749178874829118,0.03469359036535025,0.07136936512291431,5,0.20016430221688072,0.0172747189308538,0.1741156572260106,0.2270044822182172,5,0.026301148002871783,0.002237520753128234,0.0229702355498934,0.02960631440633723,,,,,,,,,,,,,,,,5,1.3806378841400146,0.006681860844346554,1.3712255954742432,1.3890517950057983,,,,,,5,0.005789766788482666,0.00011899725010359829,0.005586228370666504,0.005934700965881347,5,0.03428527694195509,0.019175103504632078,0.012596788816154003,0.06960621476173401,5,431.40310311317444,1.1511424268953647,429.91951870918274,433.24033641815186,,,,,,5,0.048486050218343735,0.013787665720559509,0.03723251447081566,0.07460039108991623
npe,mu,1000,5,40000000,40000000,40000000,5,0.9347666666666667,0.004770977072070509,0.93,0.9438333333333334,,,,,,,,,,,,,,,,,,,,,,,,,,,,,,,,,,,,,,,,,,,,,,,,,,,,,,,,,,,,,,,,,,,,,,,,,,,,,,,,,,,,,,,,,,,5,0.372,0.18583863968507733,0.04,0.58,5,0.164,0.15499677415998053,0.010000000000000009,0.46,5,0.68,0.27327641683833603,0.16,0.93,5,0.23200000000000004,0.2631653472628948,0.030000000000000027,0.74,5,0.15305263157894736,0.1480699093703438,0.03736842105263157,0.4378947368421053,5,300.0,0.0,300.0,300.0,5,1.2702403376102445,0.01983814777308543,1.2309071218967438,1.285110387802124,5,3.6587355648676514,0.13594206109180523,3.3868611297802924,3.7286591272149634,5,61.94777700805664,4.16955171025793,53.61806976318359,64.40103111267089,5,87.90082789358266,29.339867881183014,29.223982523612246,103.07950319775988,5,0.016759760677814484,0.006878852999848775,0.009065249003469944,0.029536040499806404,,,,,,,,,,,,,,,,,,,,,,,,,,,,,,,,,,,,,,,,,,,,,,,,,,,,,,,,,,,,,,,,,,,,,,,,,,,,,,,,,,,,,,,,,,,5,0.07849870354088342,0.06948060938719851,0.009294625580310833,0.2020213059335947,5,0.011362389847934248,0.010087935199667022,0.0013363775402307544,0.029314040160179137,5,0.20659652781123894,0.07777975943221688,0.1278484026425622,0.35060959172987943,5,0.02977091213031338,0.011092864761362023,0.018381998109608784,0.0502525559099514,5,0.372,0.18583863968507733,0.04,0.58,5,0.372,0.18583863968507733,0.04,0.58,5,0.68,0.27327641683833603,0.16,0.93,5,0.68,0.27327641683833603,0.16,0.93,5,0.11602665401609932,0.04714282713402383,0.06304960409104823,0.20355122087001803,5,0.016759762008488176,0.00687885098633062,0.009065250277519228,0.029536035874485965,5,0.19498673079205808,0.07756907916222101,0.11160802635516386,0.33847413790479736,5,0.02809815084574051,0.011068645034986632,0.016046962230828354,0.048513192487340664,5,0.23361330787982215,0.07173729992728288,0.12818581872786425,0.3509716292433598,5,0.0336869814827556,0.01026725259815447,0.018430511643242414,0.05030444637055773,5,0.13487920372994938,0.03818388976614945,0.09277882272005082,0.2059090607494116,5,0.019474868354499342,0.005593051971711315,0.013339706686139107,0.029878167590498918,5,0.19004854100392682,0.07797849221484725,0.10631579985045443,0.3349419633594073,5,0.02738586550434057,0.011128619104729337,0.015286047775632977,0.04800692905465731,,,,,,,,,,,,,,,,5,1.4428192138671876,0.008350480313273071,1.4333875179290771,1.4548498392105103,,,,,,5,0.002907224178314209,1.4712878197560935e-05,0.0028875374794006346,0.0029227018356323244,5,0.012574148643761874,0.009055516011628444,0.004014601930975914,0.029314588755369186,5,973.6016548156738,3.3159933900459575,969.7097125053406,979.1269674301147,,,,,,5,0.021802568063139915,0.005245010241475147,0.01604255475103855,0.03150223195552826
npe,mu,2000,5,40000000,40000000,40000000,5,0.8093999999999999,0.012916225798927814,0.7921666666666667,0.8266666666666667,,,,,,,,,,,,,,,,,,,,,,,,,,,,,,,,,,,,,,,,,,,,,,,,,,,,,,,,,,,,,,,,,,,,,,,,,,,,,,,,,,,,,,,,,,,5,0.25399999999999995,0.12515590277729613,0.15,0.48,5,0.246,0.1251559027772961,0.020000000000000018,0.35,5,0.598,0.20624257562394824,0.27,0.86,5,0.30200000000000005,0.20624257562394824,0.040000000000000036,0.63,5,0.21831578947368419,0.10957657108500851,0.03368421052631577,0.36157894736842106,5,300.0,0.0,300.0,300.0,5,0.8617915930747987,0.0031483974995912376,0.8566183698177338,0.8651516497135162,5,0.35355232784328317,0.015194025782094576,0.33030801077475413,0.3706817672165735,5,58.29765898132324,0.12903139361943325,58.12988967895508,58.523182525634766,5,6.85949683268868,0.22048783276025294,6.558596815577251,7.04798697838805,5,0.034228351712226865,0.008540883900345636,0.018380194902420044,0.04075612500309944,,,,,,,,,,,,,,,,,,,,,,,,,,,,,,,,,,,,,,,,,,,,,,,,,,,,,,,,,,,,,,,,,,,,,,,,,,,,,,,,,,,,,,,,,,,5,0.16674519108853564,0.14658625196434183,-0.08429368266260717,0.30093382770154276,5,0.022357595391869545,0.019593080419932643,-0.011140215925872323,0.0403206316664815,5,0.2671019371470424,0.06698902380933391,0.17753026733530367,0.3689817299804231,5,0.03563445532100333,0.008814757410481787,0.023723778985499697,0.04876446348771866,5,0.25399999999999995,0.12515590277729613,0.15,0.48,5,0.25399999999999995,0.12515590277729613,0.15,0.48,5,0.598,0.20624257562394824,0.27,0.86,5,0.598,0.20624257562394824,0.27,0.86,5,0.25642193970761523,0.06405681079150903,0.1375430297857616,0.30418419342372216,5,0.0342283535194397,0.008540886027488545,0.018380191747844225,0.040756131978333006,5,0.22916439566966346,0.05244669427045704,0.1436298396916242,0.3041317542019789,5,0.030605421156766333,0.00707435532818302,0.019193587512191797,0.04082569622901087,5,0.3445038231296408,0.08024698127529206,0.19886582384232987,0.4260707376916776,5,0.04599610539843775,0.010752837507119995,0.026574898876114007,0.057194404385065074,5,0.2905951058300517,0.04776848271757063,0.20319972048164342,0.33305813082659147,5,0.03878869507431983,0.006341334987691827,0.027154046829044817,0.04401681601554155,5,0.21726625926091464,0.05387944527322287,0.1291387632261062,0.2926654386283582,5,0.02901812610634198,0.007266264874168595,0.01725711135480798,0.039286493912381704,,,,,,,,,,,,,,,,5,1.398218035697937,0.009790934302829736,1.3819115161895752,1.4121640920639038,,,,,,5,0.010974279403686522,0.012910967063019106,0.004325888156890869,0.03679023504257202,5,0.02939301114529371,0.010421932575186222,0.012406299822032452,0.04032063111662865,5,891.7610161781311,8.1823359380764,885.9313747882843,907.7709233760834,,,,,,5,0.044165145605802536,0.006338323438549624,0.03247878700494766,0.05012563243508339
npe,mu,3000,5,39999000,40000000,39999000,5,0.9131333333333334,0.010979981785048653,0.8953333333333333,0.9263333333333333,,,,,,,,,,,,,,,,,,,,,,,,,,,,,,,,,,,,,,,,,,,,,,,,,,,,,,,,,,,,,,,,,,,,,,,,,,,,,,,,,,,,,,,,,,,5,0.15000000000000002,0.10751744044572491,0.02,0.32,5,0.35,0.10751744044572491,0.18,0.48,5,0.394,0.20214846029589242,0.07,0.62,5,0.506,0.20214846029589242,0.28,0.8300000000000001,5,0.31968421052631574,0.10376918772607616,0.18052631578947365,0.46842105263157885,5,300.0,0.0,300.0,300.0,5,1.5949557099342349,0.09543778105274979,1.4869786250591277,1.724470958709717,5,1.4291426517247303,0.07438739868766192,1.2857304382984354,1.503150729358023,5,73.25825769042969,1.866710154734184,70.47108436584473,75.7640746307373,5,36.9013158367015,6.316536682523672,28.761852425686495,44.91049627745669,5,0.035404829680919646,0.009093490484994818,0.025261282920837402,0.04811243712902069,,,,,,,,,,,,,,,,,,,,,,,,,,,,,,,,,,,,,,,,,,,,,,,,,,,,,,,,,,,,,,,,,,,,,,,,,,,,,,,,,,,,,,,,,,,5,-0.18233011512428518,0.1386708064963481,-0.3384049015641212,0.045133454547822485,5,-0.023635520085394383,0.017967715176251994,-0.04424471081644297,0.005901959100365641,5,0.28213711474361647,0.02094684463001699,0.2521778606575534,0.30632681232217257,5,0.03667706608530372,0.002540516686662671,0.03301195537303169,0.0398028702215657,5,0.15000000000000002,0.10751744044572491,0.02,0.32,5,0.15000000000000002,0.10751744044572491,0.02,0.32,5,0.394,0.20214846029589242,0.07,0.62,5,0.394,0.20214846029589242,0.07,0.62,5,0.27254217867106195,0.07097879117407059,0.19317810404151675,0.36798712943792333,5,0.0354048309096694,0.009093489625485448,0.025261287894845004,0.04811243730038405,5,0.2278437873337027,0.035832469821691804,0.18388425037501918,0.261648857137878,5,0.029606522751070445,0.004516437235498798,0.024071814204446804,0.03399759692324769,5,0.3564437475741428,0.07390426298049471,0.26710904483999826,0.4452605201744564,5,0.04630968679860585,0.009410149235691022,0.03492900325405677,0.05821553742309265,5,0.2867295324549079,0.06411790049931043,0.21760281199663878,0.37083326693773266,5,0.03725238330572843,0.008181979396533279,0.028455229133367538,0.048484555007517346,5,0.2179958382028196,0.03977338921897212,0.167657540216565,0.25377459679978115,5,0.028324903408745366,0.005048566546721333,0.021924046200868654,0.03297444760017125,,,,,,,,,,,,,,,,5,1.3809288263320922,0.011615498079198577,1.364330768585205,1.397266149520874,,,,,,5,0.005864166259765625,0.00013049805011265992,0.0057111382484436035,0.006028079986572265,5,0.028826484084129335,0.014378976890579664,0.00779951736330986,0.04681043326854706,5,861.7566952228547,1.7214940336585147,858.7951474189758,864.0670092105865,,,,,,5,0.04037228748202324,0.008020489105133859,0.031858399510383606,0.05074923858046532
npe,mu,1000,5,60000000,60000000,60000000,5,0.9389666666666667,0.006431174076325414,0.9273333333333333,0.9463333333333334,,,,,,,,,,,,,,,,,,,,,,,,,,,,,,,,,,,,,,,,,,,,,,,,,,,,,,,,,,,,,,,,,,,,,,,,,,,,,,,,,,,,,,,,,,,5,0.43,0.09570788891204318,0.31,0.58,5,0.10200000000000001,0.06046486583132389,0.010000000000000009,0.19,5,0.8480000000000001,0.05741080037762931,0.74,0.9,5,0.052000000000000025,0.05741080037762931,0.0,0.16000000000000003,5,0.07126315789473683,0.03863975246962806,0.03368421052631579,0.14157894736842105,5,300.0,0.0,300.0,300.0,5,1.2795845887660982,0.0021102640586849256,1.2780784523487092,1.2836487650871278,5,3.7262327338813357,0.0010214775698216309,3.725345783269911,3.727791516940513,5,64.02066413879393,0.1965839523506265,63.85787864685059,64.37185630798339,5,102.37870746080264,0.13239173463261764,102.21575354924433,102.55553369516583,5,0.011154953204095364,0.0015249699539073487,0.009234661236405373,0.013682747259736061,,,,,,,,,,,,,,,,,,,,,,,,,,,,,,,,,,,,,,,,,,,,,,,,,,,,,,,,,,,,,,,,,,,,,,,,,,,,,,,,,,,,,,,,,,,5,0.004006899253129949,0.02999572818518824,-0.04768074760884047,0.0462136803343892,5,0.0005868713033199309,0.00433792310086643,-0.00687429223954678,0.006710134474933148,5,0.18033299243247575,0.019935848124788474,0.15344436731955552,0.20038392047453693,5,0.026020236924199514,0.0028148620782737954,0.02227981922793171,0.028890018479455642,5,0.43,0.09570788891204318,0.31,0.58,5,0.43,0.09570788891204318,0.31,0.58,5,0.8480000000000001,0.05741080037762931,0.74,0.9,5,0.8480000000000001,0.05741080037762931,0.74,0.9,5,0.07729323456645011,0.01061135163972112,0.06401243065893648,0.09490482221394775,5,0.011154952238202096,0.0015249720588358846,0.009234655633568765,0.013682745108008387,5,0.16560925900521917,0.01788724655911497,0.14309021147508533,0.18571221564945636,5,0.023895912302765894,0.002522904847312353,0.02077641620794139,0.02669762151205769,5,0.18290434999293437,0.019473672092150326,0.15970477204477487,0.20597856509181597,5,0.026392350249551045,0.0027535470164668416,0.023039559029897905,0.029696617004938145,5,0.09855328515410425,0.007279935638479488,0.09188616094589235,0.1110074854031205,5,0.014223194183111193,0.0010373034723140469,0.013255814120173454,0.01600432001054287,5,0.1609159010328271,0.01831762560244287,0.13858007632752323,0.18165883949434378,5,0.023218485584006472,0.002587509964415163,0.020121553504246034,0.026114916151023373,,,,,,,,,,,,,,,,5,1.4442325830459595,0.00763160234670261,1.4301880598068237,1.4511818885803223,,,,,,5,0.002925551414489746,7.315427438782969e-06,0.0029168629646301267,0.0029376721382141113,5,0.00536910598166287,0.00160343361013341,0.0037567538674920797,0.00773664703592658,5,1461.1572351455688,3.0691785456731147,1456.1400337219238,1464.997879743576,,,,,,5,0.016565312072634696,0.0010233801655202643,0.015632541850209236,0.018268750980496407
npe,mu,2000,5,60000000,60000000,60000000,5,0.8215666666666668,0.010794340080698666,0.8088333333333333,0.8344999999999999,,,,,,,,,,,,,,,,,,,,,,,,,,,,,,,,,,,,,,,,,,,,,,,,,,,,,,,,,,,,,,,,,,,,,,,,,,,,,,,,,,,,,,,,,,,5,0.16999999999999998,0.13667479650615907,0.03,0.42,5,0.33,0.13667479650615907,0.08000000000000002,0.47,5,0.4720000000000001,0.17982213434391217,0.2,0.75,5,0.42799999999999994,0.17982213434391214,0.15000000000000002,0.7,5,0.2918947368421052,0.11567151886704137,0.09263157894736838,0.4373684210526315,5,300.0,0.0,300.0,300.0,5,0.8634240803718567,0.0020359692091853504,0.8596043014526367,0.8655015456676484,5,0.3598117215775478,0.009583573885121481,0.34719524847984956,0.37010924054674693,5,58.23832138061524,0.0538061174441875,58.1710181427002,58.29475425720215,5,6.849829412947551,0.23217200878800656,6.512404227578981,7.175029281299345,5,0.03887938782572746,0.007917708203269574,0.032310232520103455,0.04949777573347092,,,,,,,,,,,,,,,,,,,,,,,,,,,,,,,,,,,,,,,,,,,,,,,,,,,,,,,,,,,,,,,,,,,,,,,,,,,,,,,,,,,,,,,,,,,5,0.28755016658669486,0.06473006276119349,0.22747491343525475,0.37161747425416025,5,0.03797615204304457,0.008579642107079406,0.030039684730768207,0.04929684224128723,5,0.2558865418636621,0.04784046905542172,0.19221580796170157,0.30569648612618455,5,0.03379158344640156,0.006323671076602548,0.025297955719282225,0.04024118135637537,5,0.16999999999999998,0.13667479650615907,0.03,0.42,5,0.16999999999999998,0.13667479650615907,0.03,0.42,5,0.4720000000000001,0.17982213434391217,0.2,0.75,5,0.4720000000000001,0.17982213434391217,0.2,0.75,5,0.29438940988546375,0.059692888768518367,0.24466859852579653,0.37313216631033924,5,0.03887938552469015,0.007917705158203732,0.032310233756899835,0.04949777356088161,5,0.24880593517224742,0.0500894511480369,0.18456032712234952,0.3056198543107138,5,0.032856480906040084,0.006619161510605327,0.02429040093855689,0.04023109369981601,5,0.38661402962212177,0.07191178077919932,0.3075325024289573,0.47343957249422647,5,0.05105753642599061,0.009528183693172055,0.04047504603473788,0.06232249402311493,5,0.3138309328532792,0.0514694909662422,0.2666545436924323,0.3785254531047634,5,0.04144537540107966,0.006829150410158023,0.03511831438690424,0.05021321892738343,5,0.23799001789526714,0.051032675179704855,0.17698035543333288,0.298309750252241,5,0.03142837007264084,0.006745615634793232,0.02338833431560316,0.03926880831117473,,,,,,,,,,,,,,,,5,1.3993644952774047,0.014113741648708546,1.3866606950759888,1.4174277782440186,,,,,,5,0.004359256267547608,1.833092793267478e-05,0.00432368278503418,0.004376685619354248,5,0.038088110834360124,0.008478402202867079,0.030599474906921387,0.049296844750642776,5,1326.288692855835,5.549185049728133,1321.683571100235,1336.8210411071777,,,,,,5,0.0460074357688427,0.006875455220387531,0.039441537111997604,0.05447709560394287
npe,mu,3000,5,60000000,60000000,60000000,5,0.9103,0.007279652006334742,0.8961666666666667,0.9166666666666666,,,,,,,,,,,,,,,,,,,,,,,,,,,,,,,,,,,,,,,,,,,,,,,,,,,,,,,,,,,,,,,,,,,,,,,,,,,,,,,,,,,,,,,,,,,5,0.236,0.13395521639712282,0.05,0.4,5,0.264,0.13395521639712282,0.09999999999999998,0.45,5,0.538,0.16375591592366978,0.32,0.78,5,0.362,0.1637559159236698,0.12,0.5800000000000001,5,0.24631578947368418,0.1096769368231723,0.10736842105263156,0.40263157894736834,5,300.0,0.0,300.0,300.0,5,1.5170315139293669,0.041244602871863316,1.462826520204544,1.5778748440742492,5,1.2693946078040674,0.10294357388844835,1.1114056501205456,1.3850723738615769,5,70.70685591125489,0.45337397675259045,70.1213996887207,71.42348526000977,5,26.6148002281471,2.1245256454922705,22.893115274596866,29.456678770608647,5,0.029942984879016876,0.0050014082981902335,0.020661091431975365,0.034947484731674194,,,,,,,,,,,,,,,,,,,,,,,,,,,,,,,,,,,,,,,,,,,,,,,,,,,,,,,,,,,,,,,,,,,,,,,,,,,,,,,,,,,,,,,,,,,5,-0.15075425758719446,0.06198073624258555,-0.22782632824778556,-0.03810367786586286,5,-0.019190922204256056,0.007916861278194506,-0.02913832006901502,-0.004880442264676088,5,0.2923443880418127,0.0518536422969739,0.24661272360376243,0.37273172042175,5,0.037202539728646136,0.006453734773723678,0.03158695621567314,0.04747642732494723,5,0.236,0.13395521639712282,0.05,0.4,5,0.236,0.13395521639712282,0.05,0.4,5,0.538,0.16375591592366978,0.32,0.78,5,0.538,0.16375591592366978,0.32,0.78,5,0.2352059685373306,0.03954096047135999,0.16130980339944365,0.2732469718039036,5,0.02994298385560512,0.005001412134638246,0.020661081457138058,0.034947487805783745,5,0.2356406121585673,0.04806938730416544,0.19039136807482634,0.3107433259676338,5,0.029983622050408016,0.006002819800710226,0.02438594334224523,0.03958070185994799,5,0.33447044613531124,0.05340430644516865,0.24953902642707246,0.4071847833150659,5,0.04257002902421393,0.006666368667920512,0.03196176652924066,0.05186486096221116,5,0.25370397978782655,0.03384491971131987,0.18996340085566046,0.2801805015981197,5,0.03229575584411621,0.004231926133145066,0.024331127530336373,0.03583426584750413,5,0.2248131133498906,0.0473306346554173,0.17857511915701013,0.30284474906038045,5,0.028607593965624244,0.005928955619306852,0.022872479799161693,0.038574626304976406,,,,,,,,,,,,,,,,5,1.3782981157302856,0.01048394494180581,1.366360068321228,1.3946458101272583,,,,,,5,0.005816800594329834,0.00020269803136559162,0.005609707832336426,0.0061764359474182125,5,0.02337039280682802,0.007161712162077957,0.009992172010242939,0.031575050204992294,5,1290.9249196052551,1.545168002395034,1288.5952978134155,1293.2020919322968,,,,,,5,0.03543553315103054,0.004002560454881916,0.027887852862477303,0.038635797798633575
npe,"mu,cd",1000,5,20000000,20000000,20000000,5,0.9624333333333335,0.002327612033346142,0.9583333333333334,0.9655,5,-1.4950132716057565,0.06741422439593148,-1.5915664123336697,-1.3899612213262342,5,-0.13408860398098826,0.006095903747702239,-0.14298101833686233,-0.12485625519379973,5,0.45808185200797047,0.004922012652847403,0.4525288099735306,0.46548357480463687,5,0.04108578535639318,0.0005073611656669329,0.04044883727214384,0.04181306324020075,5,0.006,0.012,0.0,0.03,5,0.006,0.012,0.0,0.03,5,0.284,0.05986651818838306,0.21,0.37,5,0.284,0.05986651818838306,0.21,0.37,5,1.4950132716057565,0.06741422439593148,1.3899612213262342,1.5915664123336697,5,0.13408860398098826,0.006095903747702239,0.12485625519379973,0.14298101833686233,5,0.45808185200797047,0.004922012652847403,0.4525288099735306,0.46548357480463687,5,0.04108578535639318,0.0005073611656669329,0.04044883727214384,0.04181306324020075,5,1.5637734023756513,0.06391647126006864,1.4658332630976898,1.6573091450073152,5,0.1402557997939425,0.0057899531895431134,0.13167162457624754,0.14888712611313795,5,1.5270004327879219,0.05730998706117868,1.4374617574849153,1.6118373746941712,5,0.13695706936582924,0.005186603174309282,0.1291230929709971,0.14480209395661947,5,0.4307044661222273,0.008794913664484242,0.4217917053199439,0.44576912680490227,5,0.03863023861360557,0.0008213285084173785,0.03774986595171025,0.04004641142529086,5,0.153,0.06652818951391959,0.035,0.23,5,0.347,0.06652818951391958,0.27,0.46499999999999997,5,0.45,0.10242070103255495,0.26,0.5650000000000001,5,0.45,0.10242070103255495,0.33499999999999996,0.64,5,0.31052631578947365,0.05904855037965841,0.24026315789473682,0.41684210526315785,5,300.0,0.0,300.0,300.0,5,0.77402375292778,0.001576831739550706,0.7714985811710358,0.7760843431949616,5,0.048700958192685814,0.0006561412198489729,0.04769778856610909,0.049669198377382574,5,49.83653544616699,0.11228788636625503,49.66017219543457,49.98611068725586,5,2.0440782109154343,0.32783215532838117,1.711195819891543,2.608005239652611,5,0.13705350756645202,0.003939604296629549,0.13295838236808777,0.14401164650917053,,,,,,,,,,,,,,,,,,,,,,,,,,,,,,,,,,,,,,,,,,,,,,,,,,,,,,,,,,,,,,,,,,,,,,,,,,,,,,,,,,,,,,,,,,,5,0.04035723003386243,0.11298652283501792,-0.07244604259319604,0.23750553918614528,5,0.0066145898917317385,0.01846135624619062,-0.011792578931152821,0.038823225642740725,5,0.10543306405958723,0.024792299928036603,0.07454384512464927,0.14861865190900075,5,0.017215744683160582,0.004036435049797493,0.012070229485447066,0.02419175706069032,5,0.3,0.14380542409798042,0.04,0.46,5,0.3,0.14380542409798042,0.04,0.46,5,0.616,0.26012304780622575,0.15,0.92,5,0.616,0.26012304780622575,0.15,0.92,5,0.12488034600942119,0.06130814876676214,0.062941214492172,0.23750553918614528,5,0.020398238259255883,0.010025246175585013,0.010191517463326458,0.038823225642740725,5,0.07871343004593784,0.02399698932849535,0.04723880079703761,0.11298191960563211,5,0.012855491765721084,0.003923237603127254,0.007648963390908604,0.018468296548152605,5,0.1481936055397846,0.06452987500520659,0.078696256470634,0.2630091163854879,5,0.024205361900936556,0.010552232087869165,0.012742592717369104,0.04299210191067269,5,0.1406899763095258,0.054238370800665056,0.0861644627638161,0.2404345960153594,5,0.02297852295905352,0.008873211192526568,0.013951853576302528,0.039302016554772855,5,0.06692192873474048,0.026557276819147286,0.03425030399185923,0.10826461261150663,5,0.01093035234300489,0.004340705389257434,0.0055458505939225975,0.01769719377578764,,,,,,,,,,,,,,,,5,1.4462357759475708,0.018143952630242533,1.4287470579147339,1.4813685417175293,,,,,,5,0.005195151329040528,0.0006518031340476281,0.004270763397216797,0.006220347881317138,5,0.08710943460464478,0.003813582297457966,0.08351711928844452,0.09386581182479858,5,488.2550384044647,1.6999974583622113,485.8496472835541,489.9405860900879,,,,,,5,0.1571391701698303,0.003641455595318129,0.15213777124881744,0.16297203302383423
npe,"mu,cd",2000,2,20000000,20000000,20000000,2,0.8406666666666667,0.004166666666666652,0.8365,0.8448333333333333,2,-1.5532918498395611,0.00822269922227925,-1.5615145490618405,-1.545069150617282,2,-0.13807631142903118,0.0012319219162687522,-0.13930823334529993,-0.13684438951276243,2,0.4899004015593399,0.014117744390615167,0.47578265716872475,0.5040181459499551,2,0.04354318061680952,0.0010969275873540796,0.04244625302945544,0.0446401082041636,2,0.005,0.005,0.0,0.01,2,0.005,0.005,0.0,0.01,2,0.41500000000000004,0.014999999999999986,0.4,0.43,2,0.41500000000000004,0.014999999999999986,0.4,0.43,2,1.5532918498395611,0.00822269922227925,1.545069150617282,1.5615145490618405,2,0.13807631142903118,0.0012319219162687522,0.13684438951276243,0.13930823334529993,2,0.4899004015593399,0.014117744390615167,0.47578265716872475,0.5040181459499551,2,0.04354318061680952,0.0010969275873540796,0.04244625302945544,0.0446401082041636,2,1.6287946376753366,0.0035952740168222475,1.6251993636585145,1.632389911692159,2,0.14478633677637048,0.0008449382782313858,0.14394139849813908,0.14563127505460186,2,1.6004381646438173,0.0059226297449942455,1.5945155348988231,1.6063607943888116,2,0.14226263187620788,1.026392001657328e-05,0.1422523679561913,0.14227289579622446,2,0.4508735643106538,0.0007971904024396959,0.4500763739082141,0.4516707547130935,2,0.04007834252516826,7.456207857335986e-05,0.040003780446594896,0.040152904603741615,2,0.135,0.06999999999999999,0.065,0.205,2,0.365,0.06999999999999998,0.29500000000000004,0.435,2,0.5725,0.05249999999999999,0.52,0.625,2,0.3275,0.05249999999999999,0.275,0.38,2,0.29236842105263156,0.047368421052631546,0.24500000000000002,0.3397368421052631,2,300.0,0.0,300.0,300.0,2,0.8498510831594468,0.0014049297571182007,0.8484461534023285,0.8512560129165649,2,0.10512319278863805,0.0019394373468719292,0.10318375544176613,0.10706263013550998,2,58.096928138732906,0.02861042022705007,58.06831771850586,58.12553855895996,2,4.412594334449809,0.004642527901502103,4.407951806548307,4.417236862351311,2,0.14651881158351898,0.004309326410293579,0.1422094851732254,0.15082813799381256,,,,,,,,,,,,,,,,,,,,,,,,,,,,,,,,,,,,,,,,,,,,,,,,,,,,,,,,,,,,,,,,,,,,,,,,,,,,,,,,,,,,,,,,,,,2,0.15537211843148832,0.13122485964859223,0.024147258782896093,0.28659697808008056,2,0.02545481792315841,0.02151541350856423,0.003939404414594176,0.04697023143172264,2,0.2103098884798375,0.0425559060928597,0.1677539823869778,0.2528657945726972,2,0.034404785361212754,0.007037258467772964,0.02736752689343979,0.04144204382898572,2,0.265,0.145,0.12,0.41,2,0.265,0.145,0.12,0.41,2,0.73,0.12,0.61,0.85,2,0.73,0.12,0.61,0.85,2,0.20885716237565066,0.07798834568401654,0.1308688166916341,0.2868455080596672,2,0.034180506151169535,0.01283045690730214,0.021350049243867394,0.047010963058471675,2,0.18013855384358995,0.07244527860715716,0.10769327523643281,0.2525838324507471,2,0.029482502897486457,0.011913330102806808,0.01756917279467965,0.041395833000293265,2,0.27584287435516774,0.1063598701529215,0.1694830042022462,0.3822027445080892,2,0.04514430575371563,0.01749470475469804,0.027649600999017584,0.06263901050841367,2,0.25052192421422365,0.06024537245745158,0.19027655175677208,0.31076729667167524,2,0.04098668502792717,0.009944807264953861,0.031041877762973305,0.05093149229288103,2,0.17664172002815298,0.07253570384249018,0.1041060161856628,0.24917742387064318,2,0.028910751513673734,0.011926807164973465,0.016983944348700267,0.0408375586786472,,,,,,,,,,,,,,,,2,1.3886930346488953,0.017280161380767822,1.3714128732681274,1.405973196029663,,,,,,2,0.007368766069412232,0.0002693068981170655,0.007099459171295166,0.007638072967529297,2,0.09344815462827682,0.0014786943793296814,0.09196946024894714,0.0949268490076065,2,433.1247626543045,1.3732441663742065,431.7515184879303,434.4980068206787,,,,,,2,0.17078035324811935,0.006131015717983246,0.1646493375301361,0.1769113689661026
npe,"mu,cd",3000,2,19998000,20000000,19998000,2,0.9615833333333333,0.0034166666666666234,0.9581666666666667,0.965,2,-1.657701860452673,0.1377771913339232,-1.7954790517865962,-1.5199246691187498,2,-0.1479387157201767,0.012525890781730414,-0.1604646065019071,-0.13541282493844628,2,0.4637114538031045,0.00046436950140046895,0.463247084301704,0.46417582330450496,2,0.04137779670356291,0.00010628013119141563,0.0412715165723715,0.04148407683475433,2,0.0,0.0,0.0,0.0,2,0.0,0.0,0.0,0.0,2,0.185,0.185,0.0,0.37,2,0.185,0.185,0.0,0.37,2,1.657701860452673,0.1377771913339232,1.5199246691187498,1.7954790517865962,2,0.1479387157201767,0.012525890781730414,0.13541282493844628,0.1604646065019071,2,0.4637114538031045,0.00046436950140046895,0.463247084301704,0.46417582330450496,2,0.04137779670356291,0.00010628013119141563,0.0412715165723715,0.04148407683475433,2,1.721730642781187,0.1327785160921009,1.588952126689086,1.8545091588732878,2,0.1536514097340726,0.012088804368129188,0.14156260536594342,0.1657402141022018,2,1.672346754075071,0.12525557751253613,1.5470911765625348,1.797602331587607,2,0.14924375256150962,0.011410614585131415,0.1378331379763782,0.16065436714664103,2,0.4514938357492848,0.010747190024806313,0.44074664572447847,0.4622410257740911,2,0.04028903657118842,0.0010221245578874993,0.039266912013300924,0.04131116112907592,2,0.0225,0.0075,0.015,0.03,2,0.4775,0.007500000000000007,0.47,0.485,2,0.135,0.09,0.045,0.225,2,0.765,0.08999999999999997,0.675,0.855,2,0.4576315789473684,0.021578947368421086,0.4360526315789473,0.4792105263157895,2,300.0,0.0,300.0,300.0,2,1.7829937809705734,0.0026990193128585416,1.780294761657715,1.785692800283432,2,1.515087315072697,0.09574931627711925,1.4193379987955776,1.6108366313498161,2,80.05795867919922,1.7833006286621043,78.27465805053711,81.84125930786132,2,43.944070062208795,0.895113288832821,43.04895677337597,44.83918335104161,2,0.162026546895504,0.007849164307117462,0.15417738258838654,0.16987571120262146,,,,,,,,,,,,,,,,,,,,,,,,,,,,,,,,,,,,,,,,,,,,,,,,,,,,,,,,,,,,,,,,,,,,,,,,,,,,,,,,,,,,,,,,,,,2,-0.3452684710234403,0.05828402394205329,-0.4035524949654936,-0.28698444708138704,2,-0.0564949775479734,0.009473124150186786,-0.06596810169816018,-0.04702185339778661,2,0.17400533033851112,0.004137328022210868,0.16986800231630025,0.178142658360722,2,0.028476625775873295,0.0006440790648721325,0.027832546711001164,0.02912070484074543,2,0.045,0.015,0.03,0.06,2,0.045,0.015,0.03,0.06,2,0.08499999999999999,0.0049999999999999975,0.08,0.09,2,0.08499999999999999,0.0049999999999999975,0.08,0.09,2,0.35700794422328463,0.0595406398370861,0.29746730438619856,0.41654858406037076,2,0.058416000873595476,0.009676551454514272,0.048739449419081204,0.06809255232810975,2,0.1479688118061902,0.002790645272789563,0.14517816653340063,0.15075945707897975,2,0.024216849228902652,0.0004847989693011045,0.02373205025960155,0.02470164819820376,2,0.3873061790395316,0.05381673231364184,0.3334894467258897,0.4411229113531734,2,0.06337564393088614,0.008734035669571219,0.05464160826131492,0.07210967960045736,2,0.3614228098839521,0.06083547736853351,0.3005873325154186,0.4222582872524856,2,0.05913828428015114,0.009887624404579413,0.04925065987557172,0.06902590868473055,2,0.13922150786451087,0.007582687829534293,0.1316388200349766,0.14680419569404518,2,0.022786190286982193,0.0012673961701949923,0.021518794116787202,0.024053586457177187,,,,,,,,,,,,,,,,2,1.391771674156189,0.025411248207092285,1.3663604259490967,1.4171829223632812,,,,,,2,0.009842889308929443,0.0014147996902465817,0.008428089618682862,0.011257688999176025,2,0.10253746807575226,0.006612755358219147,0.09592471271753311,0.1091502234339714,2,430.8065040111542,0.7702929973602295,430.03621101379395,431.5767970085144,,,,,,2,0.17828722298145294,0.0034826695919036865,0.17480455338954926,0.18176989257335663
npe,"mu,cd",1000,5,40000000,40000000,40000000,5,0.9725999999999999,0.002459900630332676,0.9685,0.9756666666666667,5,-1.6161747626403975,0.13376977513545943,-1.8499562835545171,-1.4405392288816177,5,-0.14481542376331985,0.011531873668541994,-0.16496544246412811,-0.12961128158979116,5,0.45592948293700486,0.013763817963858718,0.43215203669238555,0.4742563752742963,5,0.04086291854745945,0.0012315434347226482,0.0388140950269794,0.04257933144709656,5,0.002,0.004,0.0,0.01,5,0.002,0.004,0.0,0.01,5,0.174,0.11586198686368192,0.02,0.34,5,0.174,0.11586198686368192,0.02,0.34,5,1.6161747626403975,0.13376977513545943,1.4405392288816177,1.8499562835545171,5,0.14481542376331985,0.011531873668541994,0.12961128158979116,0.16496544246412811,5,0.45592948293700486,0.013763817963858718,0.43215203669238555,0.4742563752742963,5,0.04086291854745945,0.0012315434347226482,0.0388140950269794,0.04257933144709656,5,1.6796349050324006,0.12962614716361023,1.5121075725773936,1.906451461401278,5,0.1505043717514268,0.011145401079070258,0.13605058211266977,0.17000326539121435,5,1.6356998178062845,0.12487729148500333,1.4727916579884495,1.8563135897428626,5,0.14656792803905905,0.010731666111782919,0.13251316632293164,0.16553234009481968,5,0.43935111036661895,0.018888156785635025,0.407995326514916,0.46139453500154387,5,0.0393747562802531,0.001637235178532618,0.03664444003346951,0.04142457932564949,5,0.22600000000000003,0.009695359714832659,0.21,0.24,5,0.274,0.009695359714832668,0.26,0.29000000000000004,5,0.516,0.05435071296680477,0.455,0.605,5,0.38400000000000006,0.05435071296680477,0.29500000000000004,0.445,5,0.25189473684210517,0.009384669528580379,0.23578947368421047,0.2644736842105263,5,300.0,0.0,300.0,300.0,5,0.7760604736804961,0.0034457183259475983,0.7721883714199066,0.7824061393737793,5,0.05051318492804998,0.0016629961292959363,0.04892865936200989,0.05359062949254567,5,49.788508148193365,0.07144733983452083,49.70365684509277,49.919634628295896,5,1.7071364381090806,0.023463783339511938,1.6852207308936453,1.7425601086086955,5,0.14535413384437562,0.01142370324525937,0.13042297959327698,0.1653856635093689,,,,,,,,,,,,,,,,,,,,,,,,,,,,,,,,,,,,,,,,,,,,,,,,,,,,,,,,,,,,,,,,,,,,,,,,,,,,,,,,,,,,,,,,,,,5,-0.031132888273671267,0.010081119358595006,-0.04127345004752277,-0.014035277243331068,5,-0.00508764567941427,0.0016432695301082988,-0.006746820552647113,-0.002298175504803649,5,0.06386021082849128,0.011106916004431349,0.04975964095422773,0.07943130886873451,5,0.010441922696978646,0.0018291301004382079,0.00813402684770681,0.013007576569792753,5,0.45,0.022803508501982764,0.41,0.48,5,0.45,0.022803508501982764,0.41,0.48,5,0.858,0.02135415650406264,0.83,0.89,5,0.858,0.02135415650406264,0.83,0.89,5,0.05787795303367079,0.005957171087735799,0.05236482387408614,0.06926034506335856,5,0.009462820096313954,0.0009843676849484568,0.008559887127578256,0.011341992489993574,5,0.04327388665860691,0.003794892448234999,0.03791364882670823,0.04847434814271063,5,0.007075005034204799,0.0006279328733667984,0.006197605399826349,0.007937323338776907,5,0.07231609771235048,0.006538946522931857,0.06464920375935822,0.08344449826822499,5,0.011823346849192276,0.001082778428648736,0.010567969546172845,0.013664771947468624,5,0.07803672549061477,0.006135460114773428,0.07261052733585238,0.0894869146309793,5,0.01275826108843088,0.0010150988009232677,0.011869377966225147,0.014654271088540553,5,0.03211139387739889,0.0043222283208880895,0.02622095762904567,0.038817301060377694,5,0.0052501508711035065,0.0007115934826498159,0.004286244362745396,0.006356051669777605,,,,,,,,,,,,,,,,5,1.4377936363220214,0.01110543780509432,1.4273717403411865,1.4570568799972534,,,,,,5,0.0054231610298156735,0.001095295599767438,0.004203505516052246,0.007487857341766357,5,0.09268437772989273,0.006729304010092036,0.08504251390695572,0.10481372475624084,5,980.4970228195191,17.808630598144404,968.7454624176025,1015.7221431732178,,,,,,5,0.16280872225761414,0.009476299654587964,0.15103232860565186,0.18001247942447662
npe,"mu,cd",2000,2,40000000,40000000,40000000,2,0.8478333333333332,0.0005000000000000004,0.8473333333333333,0.8483333333333333,2,-1.6215128380867272,0.013957311218584567,-1.6354701493053116,-1.6075555268681425,2,-0.14506111678760497,0.0012076855579391116,-0.1462688023455441,-0.14385343122966587,2,0.47873230763139873,0.002790964048087013,0.4759413435833117,0.4815232716794857,2,0.04282759646910783,0.00023759268576701784,0.04259000378334082,0.04306518915487485,2,0.0,0.0,0.0,0.0,2,0.0,0.0,0.0,0.0,2,0.28,0.0,0.28,0.28,2,0.28,0.0,0.28,0.28,2,1.6215128380867272,0.013957311218584567,1.6075555268681425,1.6354701493053116,2,0.14506111678760497,0.0012076855579391116,0.14385343122966587,0.1462688023455441,2,0.47873230763139873,0.002790964048087013,0.4759413435833117,0.4815232716794857,2,0.04282759646910783,0.00023759268576701784,0.04259000378334082,0.04306518915487485,2,1.6907069920793147,0.014176367695674097,1.6765306243836406,1.7048833597749888,2,0.15125125996570277,0.0012255351755415672,0.1500257247901612,0.15247679514124435,2,1.6471614583688408,0.014155945093537237,1.6330055132753034,1.6613174034623779,2,0.14735565207730977,0.0012248078191652995,0.1461308442581445,0.1485804598964751,2,0.455506737345741,0.004063830932190621,0.45144290641355034,0.4595705682779316,2,0.0407497914700755,0.00035205054411245953,0.040397740925963044,0.04110184201418796,2,0.225,0.03,0.195,0.255,2,0.275,0.03,0.245,0.305,2,0.58,0.015000000000000013,0.565,0.595,2,0.32000000000000006,0.015000000000000013,0.30500000000000005,0.3350000000000001,2,0.24105263157894738,0.023157894736842127,0.21789473684210525,0.2642105263157895,2,300.0,0.0,300.0,300.0,2,0.8528029614686966,0.0008822935819625677,0.851920667886734,0.8536852550506592,2,0.10852870687180743,0.0005941344269654383,0.107934572444842,0.10912284129877288,2,58.26691940307617,0.031217117309569886,58.2357022857666,58.29813652038574,2,4.7086715094781795,0.06882573875304887,4.63984577072513,4.777497248231228,2,0.14740443974733353,0.000871516764163971,0.14653292298316956,0.1482759565114975,,,,,,,,,,,,,,,,,,,,,,,,,,,,,,,,,,,,,,,,,,,,,,,,,,,,,,,,,,,,,,,,,,,,,,,,,,,,,,,,,,,,,,,,,,,2,-0.039177878786483045,0.024666047297065227,-0.06384392608354827,-0.014511831489417822,2,-0.006383359064161782,0.0040076376155018835,-0.010390996679663665,-0.0023757214486598978,2,0.1490430058943437,0.008325892522246386,0.1407171133720973,0.15736889841659008,2,0.024324731551443282,0.0012880380756512162,0.023036693475792066,0.0256127696270945,2,0.45,0.06,0.39,0.51,2,0.45,0.06,0.39,0.51,2,0.88,0.030000000000000027,0.85,0.91,2,0.88,0.030000000000000027,0.85,0.91,2,0.11134751268379989,0.014648988102371363,0.09669852458142852,0.12599650078617125,2,0.018168579600751397,0.0023381369575858173,0.01583044264316558,0.020506716558337214,2,0.10856072308702946,0.005307177904659066,0.1032535451823704,0.11386790099168853,2,0.017718135863104792,0.0008145745690854699,0.016903561294019324,0.018532710432190264,2,0.15564492620876483,0.014181506029013274,0.14146342017975155,0.1698264322377781,2,0.02539959081081554,0.0022407199683236022,0.02315887084249194,0.027640310779139143,2,0.1576055179314229,0.013055370183641933,0.144550147747781,0.17066088811506486,2,0.025720160077512263,0.002055963523685929,0.023664196553826334,0.02777612360119819,2,0.10762345442057004,0.006230578480902443,0.1013928759396676,0.11385403290147249,2,0.017564702948984712,0.0009657507045521142,0.016598952244432596,0.018530453653536824,,,,,,,,,,,,,,,,2,1.400132179260254,0.0034160614013671875,1.3967161178588867,1.403548240661621,,,,,,2,0.007126878499984741,6.456255912780763e-05,0.007062315940856934,0.007191441059112549,2,0.09427324682474136,0.0020365118980407715,0.09223673492670059,0.09630975872278214,2,888.5878956317902,1.2054517269134521,887.3824439048767,889.7933473587036,,,,,,2,0.16749397665262222,0.0011592879891395569,0.16633468866348267,0.16865326464176178
npe,"mu,cd",3000,2,39999000,40000000,39999000,2,0.9592499999999999,0.003750000000000031,0.9554999999999999,0.963,2,-1.5452896196104424,0.03872328272805614,-1.5840129023384986,-1.5065663368823863,2,-0.13779678571783005,0.003355385858193047,-0.1411521715760231,-0.13444139985963702,2,0.48000025571869553,0.011050941552462031,0.46894931416623353,0.4910511972711576,2,0.04280271240410759,0.0009551017189662475,0.04184761068514134,0.043757814123073835,2,0.02,0.02,0.0,0.04,2,0.02,0.02,0.0,0.04,2,0.45499999999999996,0.014999999999999986,0.44,0.47,2,0.45499999999999996,0.014999999999999986,0.44,0.47,2,1.5452896196104424,0.03872328272805614,1.5065663368823863,1.5840129023384986,2,0.13779678571783005,0.003355385858193047,0.13444139985963702,0.1411521715760231,2,0.48000025571869553,0.011050941552462031,0.46894931416623353,0.4910511972711576,2,0.04280271240410759,0.0009551017189662475,0.04184761068514134,0.043757814123073835,2,1.6181227165002785,0.040258468003535164,1.5778642484967433,1.6583811845038137,2,0.1442914871880254,0.003487678587995119,0.14080380860003028,0.14777916577602052,2,1.5963405497230427,0.04263994370148583,1.5537006060215568,1.6389804934245285,2,0.14234893969334664,0.003701420990750187,0.13864751870259645,0.14605036068409682,2,0.4375315158292278,0.004082518355730647,0.43344899747349713,0.4416140341849584,2,0.03901605726475693,0.00033638693591972815,0.0386796703288372,0.039352444200676656,2,0.15,0.0050000000000000044,0.145,0.155,2,0.35,0.0050000000000000044,0.345,0.355,2,0.525,0.015000000000000013,0.51,0.54,2,0.375,0.015000000000000013,0.36,0.39,2,0.2951315789473684,0.007499999999999979,0.2876315789473684,0.30263157894736836,2,300.0,0.0,300.0,300.0,2,1.313975573182106,0.011139456629753018,1.302836116552353,1.325115029811859,2,0.8651439828786835,0.04291283754364361,0.8222311453350399,0.9080568204223272,2,67.87825908660889,0.015748176574710726,67.86251091003417,67.8940072631836,2,17.538141624555095,0.013979149854209894,17.524162474700887,17.552120774409307,2,0.14019101113080978,0.0032060369849205017,0.13698497414588928,0.14339704811573029,,,,,,,,,,,,,,,,,,,,,,,,,,,,,,,,,,,,,,,,,,,,,,,,,,,,,,,,,,,,,,,,,,,,,,,,,,,,,,,,,,,,,,,,,,,2,-0.07421551127880813,0.01593833696693183,-0.09015384824573996,-0.058277174311876304,2,-0.012120268113911155,0.0025550533294677706,-0.014675321443378925,-0.009565214784443384,2,0.12608313447814942,0.013215635702844251,0.11286749877530518,0.13929877018099368,2,0.020618106412909003,0.0022454343033055796,0.018372672109603423,0.022863540716214582,2,0.28,0.03,0.25,0.31,2,0.28,0.03,0.25,0.31,2,0.595,0.015000000000000013,0.58,0.61,2,0.595,0.015000000000000013,0.58,0.61,2,0.11352534181624652,0.0011559788301587354,0.11236936298608778,0.11468132064640525,2,0.018555729986727238,0.00011219642162323129,0.018443533565104007,0.01866792640835047,2,0.09434938031117998,0.00651440249422023,0.08783497781695976,0.10086378280540022,2,0.015426470982937354,0.0011286157757425322,0.014297855207194822,0.016555086758679886,2,0.1477256742586316,0.003272260891866788,0.1444534133667648,0.15099793515049836,2,0.024149007674693086,0.0006347537015495477,0.02351425397314354,0.024783761376242636,2,0.12849504274427892,4.9134293198596635e-05,0.1284459084510803,0.1285441770374775,2,0.021003380696475504,7.884636819362537e-05,0.02092453432828188,0.02108222706466913,2,0.08344073433914408,0.006139045925491013,0.07730168841365306,0.08957978026463509,2,0.013643122813526821,0.0010598855750511404,0.01258323723847568,0.014703008388577962,,,,,,,,,,,,,,,,2,1.3703534603118896,0.006284236907958984,1.3640692234039307,1.3766376972198486,,,,,,2,0.011307930946350098,0.0005626749992370603,0.010745255947113038,0.011870605945587158,2,0.08916410431265831,0.0007294304668903351,0.08843467384576797,0.08989353477954865,2,862.3532160520554,0.1730431318283081,862.180172920227,862.5262591838837,,,,,,2,0.1651524379849434,0.004022620618343353,0.16112981736660004,0.16917505860328674
npe,"mu,cd",1000,5,60000000,60000000,60000000,5,0.9736,0.004859812524962058,0.9648333333333333,0.9795000000000001,5,-1.5982624509821324,0.09261542200851498,-1.7243613174258985,-1.4633143863657225,5,-0.14314729158297182,0.008098435978280074,-0.15377879934646188,-0.1314721595451236,5,0.46494026961567003,0.014039763680584792,0.4474075371241838,0.48763961424443486,5,0.04164781479305882,0.0013381271265175178,0.03999480402431062,0.043812206746421264,5,0.002,0.004,0.0,0.01,5,0.002,0.004,0.0,0.01,5,0.23199999999999998,0.0354400902933387,0.17,0.27,5,0.23199999999999998,0.0354400902933387,0.17,0.27,5,1.5982624509821324,0.09261542200851498,1.4633143863657225,1.7243613174258985,5,0.14314729158297182,0.008098435978280074,0.1314721595451236,0.15377879934646188,5,0.46494026961567003,0.014039763680584792,0.4474075371241838,0.48763961424443486,5,0.04164781479305882,0.0013381271265175178,0.03999480402431062,0.043812206746421264,5,1.6648370528096232,0.0877760529979193,1.5424271090477346,1.7854075991199057,5,0.1491116460604039,0.007666800064899712,0.13858007863848826,0.1592229158221985,5,1.62299999370853,0.08640383788005195,1.5027291470596307,1.7390531028836296,5,0.14536492035135626,0.007559417024993996,0.13501339697390793,0.15508901496119795,5,0.44345922772009727,0.007618614007562958,0.43406688441087643,0.45101329293495535,5,0.039721694489542735,0.0007069282411412462,0.03883713894025861,0.04051066125501847,5,0.146,0.07378346698278686,0.045,0.245,5,0.354,0.07378346698278686,0.255,0.455,5,0.46499999999999997,0.07463243262818116,0.36,0.575,5,0.43500000000000005,0.07463243262818116,0.32500000000000007,0.54,5,0.30805263157894736,0.05636534956494945,0.22842105263157894,0.37894736842105264,5,300.0,0.0,300.0,300.0,5,0.7754906649589539,0.0023649197650734226,0.7728122925758362,0.7784412622451782,5,0.05063948624081288,0.0017755807381073605,0.048349926483477045,0.05359712979242117,5,49.771867355346686,0.05662410560465785,49.68623374938965,49.83958679199219,5,1.7091742162649541,0.01901419665324746,1.6883930658880406,1.741948479499931,5,0.14407887160778046,0.007470923076203026,0.13384956121444702,0.15416193008422852,,,,,,,,,,,,,,,,,,,,,,,,,,,,,,,,,,,,,,,,,,,,,,,,,,,,,,,,,,,,,,,,,,,,,,,,,,,,,,,,,,,,,,,,,,,5,-0.012158949945792554,0.07321247797135332,-0.07714224962443113,0.12347030051760374,5,-0.001975152622163298,0.011977484306838303,-0.012610206948220735,0.020218403534591197,5,0.05356573544489781,0.00899221659447883,0.040481076859789515,0.06649084796636275,5,0.008763940219509095,0.0014832729221298446,0.006617317912163,0.010887951771733774,5,0.29,0.15033296378372907,0.08,0.49,5,0.29,0.15033296378372907,0.08,0.49,5,0.698,0.16017490440140741,0.45,0.89,5,0.698,0.16017490440140741,0.45,0.89,5,0.07468861961163581,0.027187607003769418,0.046311647195368996,0.12364513519518078,5,0.012216854558289051,0.0044520696278995756,0.007604388102889061,0.02024703281670809,5,0.044999871874233564,0.010747586926585452,0.03796545301746267,0.06616516089120328,5,0.007361406260357167,0.0017621984944862438,0.00621786576137243,0.010834620315927836,5,0.08744741100554598,0.02847815436351351,0.059884424425467216,0.14023533068807356,5,0.014304271178597663,0.004664325351343897,0.009833043015844986,0.022963696028104243,5,0.08779362600423397,0.023126336206983754,0.0647569983996451,0.13029623491875827,5,0.014360671393573285,0.0037872013861580634,0.010633121192455292,0.021336157877743248,5,0.03626223642915577,0.011686400428797565,0.02823051804504992,0.05942992038751229,5,0.005932464446357746,0.0019159920084883045,0.004608206858271764,0.009731716911760148,,,,,,,,,,,,,,,,5,1.4362333059310912,0.005591176836425385,1.4280915260314941,1.442850947380066,,,,,,5,0.005112332344055176,0.00030841300607831694,0.004755058288574219,0.005579278469085693,5,0.09190702438354492,0.003909180175219921,0.087211012840271,0.09769800305366516,5,1467.8922724723816,21.79682672762654,1454.878586769104,1511.2228016853333,,,,,,5,0.16289272904396057,0.006837134501041982,0.1541547030210495,0.1711285412311554
npe,"mu,cd",2000,2,60000000,60000000,60000000,2,0.8816666666666667,0.016999999999999904,0.8646666666666668,0.8986666666666666,2,-1.635049492214579,0.022974420354760605,-1.6580239125693397,-1.6120750718598185,2,-0.1461861243551597,0.002423671289347104,-0.14860979564450683,-0.14376245306581262,2,0.4838940120940457,0.003698050341649689,0.48019596175239604,0.4875920624356954,2,0.04326150935062255,0.00022122384967160694,0.043040285500950945,0.04348273320029416,2,0.0,0.0,0.0,0.0,2,0.0,0.0,0.0,0.0,2,0.16,0.07,0.09,0.23,2,0.16,0.07,0.09,0.23,2,1.635049492214579,0.022974420354760605,1.6120750718598185,1.6580239125693397,2,0.1461861243551597,0.002423671289347104,0.14376245306581262,0.14860979564450683,2,0.4838940120940457,0.003698050341649689,0.48019596175239604,0.4875920624356954,2,0.04326150935062255,0.00022122384967160694,0.043040285500950945,0.04348273320029416,2,1.705180809253536,0.02098009180263427,1.684200717450902,1.7261609010561705,2,0.15245573499148063,0.0022612244457621694,0.15019451054571847,0.1547169594372428,2,1.6527099658965654,0.015255935385323438,1.637454030511242,1.6679659012818888,2,0.14776330674197524,0.0017375960161909315,0.14602571072578432,0.1495009027581662,2,0.4659718424133966,0.004636191155266006,0.4613356512581306,0.4706080335686626,2,0.04166106934811997,0.0005198437081641201,0.04114122563995585,0.04218091305628409,2,0.22,0.010000000000000009,0.21,0.23,2,0.28,0.010000000000000009,0.27,0.29000000000000004,2,0.4975,0.02250000000000002,0.475,0.52,2,0.4025,0.02250000000000002,0.38,0.42500000000000004,2,0.2601315789473684,0.011447368421052637,0.24868421052631576,0.27157894736842103,2,300.0,0.0,300.0,300.0,2,0.8499820548295975,0.0006992942094802834,0.8492827606201172,0.8506813490390778,2,0.10581362027386751,0.0001921673134986368,0.10562145296036887,0.10600578758736615,2,58.20075225830078,0.01468772888183878,58.18606452941894,58.21543998718262,2,4.713722410246554,0.0010117954441750676,4.712710614802378,4.714734205690728,2,0.14829044789075851,0.0023085251450538635,0.14598192274570465,0.15059897303581238,,,,,,,,,,,,,,,,,,,,,,,,,,,,,,,,,,,,,,,,,,,,,,,,,,,,,,,,,,,,,,,,,,,,,,,,,,,,,,,,,,,,,,,,,,,2,-0.04245799540032013,0.03640637198304913,-0.07886436738336926,-0.006051623417271002,2,-0.0069076737374067325,0.00592773857563734,-0.012835412313044072,-0.0009799351617693919,2,0.13476121840416358,0.01671549468424683,0.11804572371991674,0.1514767130884104,2,0.02187039977015158,0.0026581054739651996,0.01921229429618638,0.024528505244116778,2,0.44,0.020000000000000018,0.42,0.46,2,0.44,0.020000000000000018,0.42,0.46,2,0.835,0.024999999999999967,0.81,0.86,2,0.835,0.024999999999999967,0.81,0.86,2,0.10181078447683405,0.000883010764092515,0.10092777371274153,0.10269379524092656,2,0.0165284390181303,0.00018528374880552242,0.016343155269324776,0.01671372276693582,2,0.10556951553139596,0.007547243825662672,0.09802227170573329,0.11311675935705863,2,0.017135162786926228,0.0011817452019969622,0.015953417584929266,0.01831690798892319,2,0.1467818380248527,0.004815710616453084,0.14196612740839962,0.15159754864130578,2,0.02382674201068548,0.000721330060903691,0.02310541194978179,0.024548072071589173,2,0.13830646841030259,0.0029172957724907106,0.13538917263781186,0.14122376418279328,2,0.02245162317603826,0.0004166305094957315,0.02203499266654253,0.022868253685533992,2,0.10154018303401814,0.006396307296403961,0.09514387573761418,0.1079364903304221,2,0.016481510621621287,0.0009965605970142484,0.015484950024607038,0.017478071218635535,,,,,,,,,,,,,,,,2,1.3854591250419617,0.0031706690788269043,1.3822884559631348,1.3886297941207886,,,,,,2,0.006085577011108399,3.286123275756834e-05,0.00605271577835083,0.006118438243865967,2,0.09491059929132462,0.003000222146511078,0.09191037714481354,0.0979108214378357,2,1318.6297587156296,0.0023213624954223633,1318.6274373531342,1318.632080078125,,,,,,2,0.16521575301885605,0.0009509846568107605,0.1642647683620453,0.1661667376756668
npe,"mu,cd",3000,2,60000000,60000000,60000000,2,0.9620833333333332,0.005416666666666681,0.9566666666666666,0.9674999999999999,2,-1.5315542674256999,0.04087303581713386,-1.5724273032428338,-1.490681231608566,2,-0.13655752298440782,0.0036109516041353124,-0.14016847458854315,-0.13294657138027252,2,0.46020955742027886,0.004828415896028337,0.4553811415242505,0.4650379733163072,2,0.04103369196479981,0.0004204746417277201,0.04061321732307209,0.04145416660652753,2,0.0,0.0,0.0,0.0,2,0.0,0.0,0.0,0.0,2,0.39,0.1,0.29,0.49,2,0.39,0.1,0.29,0.49,2,1.5315542674256999,0.04087303581713386,1.490681231608566,1.5724273032428338,2,0.13655752298440782,0.0036109516041353124,0.13294657138027252,0.14016847458854315,2,0.46020955742027886,0.004828415896028337,0.4553811415242505,0.4650379733163072,2,0.04103369196479981,0.0004204746417277201,0.04061321732307209,0.04145416660652753,2,1.5992192767750457,0.04053312545209209,1.5586861513229537,1.639752402227138,2,0.14259076509454824,0.0035791675096669417,0.1390115975848813,0.14616993260421518,2,1.5629980608312923,0.03031517167715958,1.5326828891541329,1.593313232508452,2,0.13936138539444654,0.0026688915455713724,0.13669249384887516,0.1420302769400179,2,0.434832510915447,0.011675385464688492,0.4231571254507585,0.4465078963801355,2,0.038770841639777884,0.0010315267428391735,0.037739314896938714,0.03980236838261706,2,0.060000000000000005,0.025,0.035,0.085,2,0.43999999999999995,0.024999999999999994,0.415,0.46499999999999997,2,0.4175,0.1725,0.245,0.59,2,0.48250000000000004,0.1725,0.31000000000000005,0.655,2,0.3821052631578947,0.047631578947368414,0.3344736842105263,0.42973684210526314,2,300.0,0.0,300.0,300.0,2,1.4650316452980041,0.029078065156936672,1.4359535801410674,1.4941097104549408,2,1.525220036771303,0.047661866058466784,1.477558170712836,1.5728819028297696,2,72.17370899200439,0.520546226501466,71.65316276550293,72.69425521850586,2,38.61714147100159,2.319098476218244,36.298042994783344,40.93623994721983,2,0.14008954912424088,0.004611007869243622,0.13547854125499725,0.1447005569934845,,,,,,,,,,,,,,,,,,,,,,,,,,,,,,,,,,,,,,,,,,,,,,,,,,,,,,,,,,,,,,,,,,,,,,,,,,,,,,,,,,,,,,,,,,,2,-0.1571288133531809,0.032541881479322916,-0.18967069483250382,-0.12458693187385798,2,-0.025538995414227248,0.005192419584840534,-0.030731414999067782,-0.020346575829386714,2,0.09396194857348425,0.004786154769655986,0.08917579380382827,0.09874810334314024,2,0.015281587413197953,0.0007180841558989629,0.01456350325729899,0.015999671569096915,2,0.12000000000000001,0.05,0.07,0.17,2,0.12000000000000001,0.05,0.07,0.17,2,0.44499999999999995,0.24499999999999997,0.2,0.69,2,0.44499999999999995,0.24499999999999997,0.2,0.69,2,0.1614639798402786,0.031292418508231626,0.130171561332047,0.19275639834851024,2,0.026244995474070314,0.004986380901187654,0.02125861457288266,0.03123137637525797,2,0.08669314275659067,0.005887261691773657,0.08080588106481701,0.09258040444836432,2,0.014098471575055694,0.0009018780165663248,0.013196593558489369,0.015000349591622018,2,0.18352488450079568,0.030311876586049016,0.15321300791474665,0.21383676108684468,2,0.029834245211911394,0.004812679011804294,0.0250215662001071,0.03464692422371569,2,0.17061258579939603,0.025893003875017195,0.14471958192437884,0.19650558967441323,2,0.027736662448197606,0.004102177057415246,0.023634485390782358,0.03183883950561285,2,0.07958987556436409,0.007991904876139384,0.07159797068822471,0.08758178044050348,2,0.012941637640635491,0.0012488092742286286,0.011692828366406862,0.01419044691486412,,,,,,,,,,,,,,,,2,1.3642916679382324,0.009303689002990723,1.3549879789352417,1.3735953569412231,,,,,,2,0.009687016010284424,0.0009257984161376957,0.008761217594146728,0.01061281442642212,2,0.08947247639298439,0.0013908930122852325,0.08808158338069916,0.09086336940526962,2,1289.4856247901917,0.7313551902770996,1288.7542695999146,1290.2169799804688,,,,,,2,0.16147032380104065,0.0014393031597137451,0.1600310206413269,0.1629096269607544
npe,"mu,cd,m",1000,5,20000000,20000000,20000000,5,0.9609333333333334,0.010051865498503223,0.9478333333333334,0.9754999999999999,5,-1.3550636980053923,0.09613627427115416,-1.507168910770674,-1.2223441080164523,5,-0.12359742289297285,0.008355303999290095,-0.13718550531715154,-0.11248240558356049,5,0.4923956536947817,0.005992669850003441,0.486274195101247,0.5001955490553296,5,0.044921970481156745,0.0004467170818839315,0.04426839863762475,0.04552879137624274,5,0.05,0.0363318042491699,0.01,0.11,5,0.05,0.0363318042491699,0.01,0.11,5,0.7459999999999999,0.05351635264103862,0.69,0.84,5,0.7459999999999999,0.05351635264103862,0.69,0.84,5,1.3550636980053923,0.09613627427115416,1.2223441080164523,1.507168910770674,5,0.12359742289297285,0.008355303999290095,0.11248240558356049,0.13718550531715154,5,0.4923956536947817,0.005992669850003441,0.486274195101247,0.5001955490553296,5,0.044921970481156745,0.0004467170818839315,0.04426839863762475,0.04552879137624274,5,1.4420591245316459,0.091622497822603,1.3163225047472518,1.5880030582112938,5,0.13153584112657174,0.007914514381272043,0.12113047465484511,0.1445431897852806,5,1.467297883810117,0.0833563585084083,1.3660036228012655,1.6074926335593656,5,0.13384354256145653,0.007189882420652763,0.1257022246837616,0.14631716974973677,5,0.41882500084403684,0.01148212397911283,0.40094594635465897,0.4347302801320012,5,0.038206852571229626,0.0008886796760547155,0.03689580088087637,0.03957001261214667,5,0.176,0.11565081543642963,0.04666666666666667,0.3133333333333333,5,0.324,0.11565081543642962,0.1866666666666667,0.4533333333333333,5,0.636,0.17890282899446344,0.4133333333333333,0.84,5,0.264,0.17890282899446344,0.06000000000000005,0.48666666666666675,5,0.2482456140350877,0.10621093781616016,0.12596491228070175,0.3691228070175438,5,300.0,0.0,300.0,300.0,5,1.086132682800293,0.11527726649140675,1.011589516401291,1.3113993394374848,5,1.7771029857817517,0.6387776101842736,1.045528527541503,2.8980011729768775,5,58.368376327514646,5.25086295286906,55.420707321166994,68.86066467285156,5,24.69599249608208,34.575149702521216,4.183775942183009,93.69312874803266,5,66.34960021972657,31.58255984402378,32.395694732666016,109.61902618408203,5,-0.6595374706806767,0.5406542786656285,-1.3120218776452808,0.18488225928365934,5,-54.661052630004875,44.83288257920207,-108.79964857177734,15.407665161132824,5,0.4731725796482384,0.11856460030789516,0.2950222980553786,0.6275863997428051,5,39.27577629566091,9.83822778113257,24.44763641360792,52.04271444456713,5,0.274,0.2084802148886076,0.04,0.53,5,0.274,0.2084802148886076,0.04,0.53,5,0.6020000000000001,0.31983745871926883,0.15,0.96,5,0.6020000000000001,0.31983745871926883,0.15,0.96,5,0.7998833633910258,0.3816170347006804,0.38872052186383743,1.3219013891810072,5,66.34897189758301,31.58289008663698,32.39507982177737,109.61890873413086,5,0.40379939160234574,0.1294128045695246,0.24608283715870238,0.6065004648335459,5,33.50652632222959,10.716484507888554,20.507981622958642,50.29415974086154,5,0.9022760104297202,0.3887731727517759,0.4600656549473895,1.4543954402300578,5,74.84786175037979,32.17130640612795,38.340820373421025,120.60600174162565,5,0.9223946815760957,0.32351976537946786,0.5695054685676458,1.370442526246932,5,76.53065897155761,26.75902875069454,47.19325563354492,113.64419122924802,5,0.3219575722182258,0.13450894204704203,0.15245234132797214,0.5499550149694664,5,26.70916269845324,11.1370339347468,12.705029975203944,45.605118177085885,5,0.26037261554432295,0.11677650160475667,0.12583942660426256,0.46774752054042923,5,0.0431700251597166,0.019207239506128543,0.021029768583178513,0.07718141122758387,5,0.22202376027151086,0.1236825473807535,0.14824281169732154,0.4679070059900378,5,0.03679466249633877,0.020322135236643148,0.024773730392639387,0.07720772731422673,5,0.20400000000000001,0.13893883546366725,0.02,0.35,5,0.20400000000000001,0.13893883546366725,0.02,0.35,5,0.5599999999999999,0.2345207879911715,0.23,0.86,5,0.5599999999999999,0.2345207879911715,0.23,0.86,5,0.2675587986621001,0.11106651880731536,0.14505809103434442,0.46774752054042923,5,0.044366872494816786,0.01825349267180123,0.02424151276946068,0.07718141122758387,5,0.2136605218522804,0.12825081662297697,0.12949765532043028,0.4679070059900378,5,0.035402411160987586,0.0210823481811157,0.02164111695077917,0.07720772731422673,5,0.3449293481228389,0.16445764715477545,0.1944517742475422,0.6616076701688702,5,0.05718013178768936,0.027015514418102772,0.032495982585994024,0.1091696083903822,5,0.290938714864377,0.10068385643808084,0.18088205026125073,0.4751204653394948,5,0.04825347715854644,0.016516102979802917,0.030228265851736068,0.07839799545407296,5,0.19863746024902795,0.1341441831930339,0.1119892445273971,0.4640698476510317,5,0.03290538621987603,0.022066144222283545,0.018669790431175507,0.07657457104594481,,,,,,,,,,,,,,,,5,1.4388972043991088,0.012131598683196123,1.421671986579895,1.454447627067566,,,,,,5,0.008072997093200685,0.000755543252473969,0.007402691841125488,0.009061591625213623,5,31.593071365356444,15.938860910373464,14.16812515258789,53.26101303100586,5,488.8378473758697,2.098802286169474,486.31828331947327,491.45479941368103,,,,,,5,86.7332160949707,27.155345351342884,54.246395111083984,124.9240951538086
npe,"mu,cd,m",2000,2,20000000,20000000,20000000,2,0.839,0.024833333333333374,0.8141666666666666,0.8638333333333333,2,-1.3503541722541015,0.04386677745988321,-1.3942209497139848,-1.3064873947942184,2,-0.12342954790443181,0.003631639537587765,-0.12706118744201958,-0.11979790836684405,2,0.491911920853879,0.001450237942348942,0.4904616829115301,0.49336215879622797,2,0.044968248594515495,0.0002704235154491891,0.044697825079066306,0.045238672109964684,2,0.03,0.03,0.0,0.06,2,0.03,0.03,0.0,0.06,2,0.71,0.04999999999999999,0.66,0.76,2,0.71,0.04999999999999999,0.66,0.76,2,1.3503541722541015,0.04386677745988321,1.3064873947942184,1.3942209497139848,2,0.12342954790443181,0.003631639537587765,0.11979790836684405,0.12706118744201958,2,0.491911920853879,0.001450237942348942,0.4904616829115301,0.49336215879622797,2,0.044968248594515495,0.0002704235154491891,0.044697825079066306,0.045238672109964684,2,1.4372550789805003,0.04071810041951063,1.3965369785609898,1.477973179400011,2,0.13137442615636064,0.003319452401556164,0.12805497375480449,0.1346938785579168,2,1.445437137553589,0.020524708093308974,1.42491242946028,1.465961845646898,2,0.13212804310917856,0.001471192267909649,0.1306568508412689,0.1335992353770882,2,0.43128746840360543,0.011269217803796583,0.42001825059980885,0.442556686207402,2,0.039422735113165894,0.0009093072462478431,0.038513427866918054,0.04033204235941374,2,0.05666666666666667,0.02333333333333333,0.03333333333333333,0.08,2,0.44333333333333336,0.023333333333333345,0.42,0.4666666666666667,2,0.5933333333333334,0.046666666666666634,0.5466666666666667,0.64,2,0.30666666666666664,0.046666666666666634,0.26,0.3533333333333333,2,0.32894736842105265,0.03456140350877196,0.2943859649122807,0.3635087719298246,2,300.0,0.0,300.0,300.0,2,1.1203912585973739,0.05408517062664031,1.0663060879707336,1.1744764292240142,2,0.18887990530489746,0.019232723755286354,0.16964718154961111,0.20811262906018382,2,66.78645141601562,0.545352249145509,66.24109916687011,67.33180366516113,2,7.284259879629321,0.543469710411145,6.740790169218176,7.827729590040466,2,100.50384140014648,16.226360321044922,84.27748107910156,116.7302017211914,2,-1.206359248651188,0.19196402761898257,-1.3983232762701707,-1.0143952210322056,2,-100.50362417144775,16.22644419708253,-116.73006836853028,-84.27717997436523,2,0.4865667973170784,0.005253655021151493,0.4813131422959269,0.4918204523382299,2,40.52227975043627,0.534202481155372,39.98807726928089,41.05648223159164,2,0.11499999999999999,0.065,0.05,0.18,2,0.11499999999999999,0.065,0.05,0.18,2,0.71,0.10000000000000003,0.61,0.81,2,0.71,0.10000000000000003,0.61,0.81,2,1.206359248651188,0.19196402761898257,1.0143952210322056,1.3983232762701707,2,100.50362417144775,16.22644419708253,84.27717997436523,116.73006836853028,2,0.4865667973170784,0.005253655021151493,0.4813131422959269,0.4918204523382299,2,40.52227975043627,0.534202481155372,39.98807726928089,41.05648223159164,2,1.302542556648694,0.17975138933406076,1.1227911673146331,1.4822939459827547,2,108.51133417397534,15.228488011749313,93.28284616222602,123.73982218572465,2,1.3302314382832465,0.14996053630075679,1.1802709019824897,1.4801919745840033,2,110.81134223175049,12.753010469055184,98.0583317626953,123.56435270080567,2,0.39870615611214055,0.029574157570926934,0.3691319985412136,0.42828031368306746,2,33.210086415469924,2.5421539656863104,30.667932449783613,35.752240381156234,2,0.596461411303056,0.06901426436422209,0.5274471469388339,0.665475675667278,2,0.09915134591534734,0.011067611712962402,0.08808373420238494,0.11021895762830974,2,0.32154690779757833,0.08871590698601031,0.23283100081156805,0.41026281478358867,2,0.05341615170707323,0.014533347532592732,0.0388828041744805,0.06794949923966596,2,0.025,0.025,0.0,0.05,2,0.025,0.025,0.0,0.05,2,0.36,0.010000000000000009,0.35,0.37,2,0.36,0.010000000000000009,0.35,0.37,2,0.596461411303056,0.06901426436422209,0.5274471469388339,0.665475675667278,2,0.09915134591534734,0.011067611712962402,0.08808373420238494,0.11021895762830974,2,0.32154690779757833,0.08871590698601031,0.23283100081156805,0.41026281478358867,2,0.05341615170707323,0.014533347532592732,0.0388828041744805,0.06794949923966596,2,0.6791632913770387,0.10261254100649914,0.5765507503705395,0.7817758323835378,2,0.11288256663639513,0.016598524908248938,0.0962840417281462,0.12948109154464407,2,0.6134058897835737,0.06442341745165925,0.5489824723319144,0.6778293072352329,2,0.10197257765904069,0.01029244163706898,0.09168013602197171,0.11226501929610967,2,0.3110847663575077,0.09178068787548714,0.21930407848202058,0.40286545423299486,2,0.05167406153905314,0.015050255017249988,0.03662380652180316,0.06672431655630313,,,,,,,,,,,,,,,,2,1.3920875191688538,0.005861461162567139,1.3862260580062866,1.397948980331421,,,,,,2,0.009311752319335937,0.0006909894943237307,0.008620762825012207,0.010002741813659668,2,51.056257247924805,7.731645584106445,43.32461166381836,58.78790283203125,2,433.7952822446823,0.2849045991897583,433.51037764549255,434.08018684387207,,,,,,2,127.95515060424805,12.499225616455078,115.45592498779297,140.45437622070312
npe,"mu,cd,m",3000,2,19998000,20000000,19998000,2,0.9232499999999999,0.002916666666666623,0.9203333333333333,0.9261666666666666,2,-1.3853000808064497,0.020977300027516188,-1.406277380833966,-1.3643227807789335,2,-0.12695669676680116,0.0020536887438967685,-0.12901038551069793,-0.1249030080229044,2,0.4920990066901876,0.0033918031072991406,0.48870720358288844,0.4954908097974867,2,0.04509833809360615,0.0003574595732615711,0.04474087852034458,0.04545579766686772,2,0.0,0.0,0.0,0.0,2,0.0,0.0,0.0,0.0,2,0.72,0.03999999999999998,0.68,0.76,2,0.72,0.03999999999999998,0.68,0.76,2,1.3853000808064497,0.020977300027516188,1.3643227807789335,1.406277380833966,2,0.12695669676680116,0.0020536887438967685,0.1249030080229044,0.12901038551069793,2,0.4920990066901876,0.0033918031072991406,0.48870720358288844,0.4954908097974867,2,0.04509833809360615,0.0003574595732615711,0.04474087852034458,0.04545579766686772,2,1.4701130519360985,0.020902445783159807,1.4492106061529388,1.4910154977192585,2,0.13472930602645067,0.002054863785520361,0.1326744422409303,0.13678416981197103,2,1.4736316248555337,0.012969564714041204,1.4606620601414926,1.486601189569575,2,0.135051011271216,0.0013281945446506488,0.13372281672656533,0.13637920581586663,2,0.43803852685172356,0.007958484007814126,0.43008004284390944,0.4459970108595377,2,0.04014444165063523,0.0007708478390089472,0.03937359381162628,0.04091528948964417,2,0.16333333333333333,0.0,0.16333333333333333,0.16333333333333333,2,0.33666666666666667,0.0,0.33666666666666667,0.33666666666666667,2,0.7566666666666667,0.05666666666666664,0.7000000000000001,0.8133333333333334,2,0.1433333333333333,0.05666666666666664,0.08666666666666667,0.19999999999999996,2,0.2207894736842105,0.014999999999999986,0.20578947368421052,0.2357894736842105,2,300.0,0.0,300.0,300.0,2,1.7878955525159834,0.1033954101800919,1.6845001423358916,1.8912909626960754,2,0.6806530470428871,0.03169735532325979,0.6489556917196273,0.7123504023661469,2,70.92952491760255,0.38670753479004105,70.5428173828125,71.31623245239258,2,11.565680122143974,1.6565162539782357,9.909163868165738,13.22219637612221,2,113.97590637207031,12.134376525878906,101.8415298461914,126.11028289794922,2,-1.3641055397194406,0.14454466669485277,-1.5086502064142935,-1.219560873024588,2,-113.97582026519775,12.134374076843258,-126.11019434204101,-101.8414461883545,2,0.5127270417497581,0.024506943741261417,0.4882200980084967,0.5372339854910195,2,42.83888534281862,2.069259581759603,40.76962576105902,44.908144924578224,2,0.06,0.02,0.04,0.08,2,0.06,0.02,0.04,0.08,2,0.7,0.13,0.57,0.83,2,0.7,0.13,0.57,0.83,2,1.3641055397194406,0.14454466669485277,1.219560873024588,1.5086502064142935,2,113.97582026519775,12.134374076843258,101.8414461883545,126.11019434204101,2,0.5127270417497581,0.024506943741261417,0.4882200980084967,0.5372339854910195,2,42.83888534281862,2.069259581759603,40.76962576105902,44.908144924578224,2,1.457552721044596,0.1438984335275486,1.3136542875170474,1.6014511545721446,2,121.78321415453573,12.08434202527311,109.69887212926263,133.86755617980884,2,1.474434443765559,0.10808286202326745,1.3663515817422915,1.5825173057888264,2,123.19214806671141,9.092701115417462,114.09944695129396,132.28484918212888,2,0.43739119187209097,0.04179551622725938,0.3955956756448316,0.4791867080993504,2,36.545380723392455,3.510510539107603,33.034870184284856,40.05589126250006,2,0.11970541847995006,0.018894678105498726,0.10081074037445133,0.13860009658544878,2,0.02002128182798624,0.003265115931630133,0.016756165896356107,0.023286397759616374,2,0.1654259631044105,0.01316008847352558,0.15226587463088492,0.17858605157793608,2,0.02763296182347772,0.0020505579161927707,0.02558240390728495,0.02968351973967049,2,0.43,0.020000000000000018,0.41,0.45,2,0.43,0.020000000000000018,0.41,0.45,2,0.85,0.0,0.85,0.85,2,0.85,0.0,0.85,0.85,2,0.15812237645699165,0.004346670158664745,0.1537757062983269,0.1624690466156564,2,0.02642817202210427,0.0008684819623827906,0.025559690059721477,0.02729665398448706,2,0.1310825132507193,0.004596576315407178,0.12648593693531213,0.13567908956612648,2,0.02190142880668689,0.0006503490330442927,0.021251079773642597,0.022551777839731182,2,0.20548762266818127,0.0004125554536554693,0.20507506721452579,0.20590017812183672,2,0.03433997319549609,0.0002536058372454436,0.034086367358250644,0.03459357903274153,2,0.20853797177872144,0.00023762811413866047,0.20830034366458278,0.2087755998928601,2,0.034849141013622284,0.00014769353121519418,0.03470144748240709,0.03499683454483748,2,0.101120540009806,0.003250528203988211,0.09787001180581778,0.1043710682137942,2,0.016895610945738784,0.00045233265869393073,0.016443278287044852,0.017347943604432713,,,,,,,,,,,,,,,,2,1.3811691403388977,0.0006666779518127441,1.380502462387085,1.3818358182907104,,,,,,2,0.012547012567520142,9.113907814025865e-05,0.012455873489379883,0.0126381516456604,2,58.06717872619629,6.781599044799805,51.285579681396484,64.8487777709961,2,430.5438929796219,0.6262699365615845,429.9176230430603,431.1701629161835,,,,,,2,141.46990203857422,8.373420715332031,133.0964813232422,149.84332275390625
npe,"mu,cd,m",1000,5,40000000,40000000,40000000,5,0.9854,0.002040152499746531,0.9816666666666668,0.9873333333333333,5,-1.4912961955933253,0.08843932300733034,-1.6113163303009346,-1.4039230205990902,5,-0.13604873612098395,0.00798254103227158,-0.14667441898845138,-0.1280888256765902,5,0.48841704722917967,0.00777658707418772,0.4764447771253713,0.4999804100194868,5,0.04455766371271663,0.0006087641313150791,0.04376130236334408,0.04558130228175174,5,0.006,0.008,0.0,0.02,5,0.006,0.008,0.0,0.02,5,0.594,0.11324310133513653,0.41,0.72,5,0.594,0.11324310133513653,0.41,0.72,5,1.4912961955933253,0.08843932300733034,1.4039230205990902,1.6113163303009346,5,0.13604873612098395,0.00798254103227158,0.1280888256765902,0.14667441898845138,5,0.48841704722917967,0.00777658707418772,0.4764447771253713,0.4999804100194868,5,0.04455766371271663,0.0006087641313150791,0.04376130236334408,0.04558130228175174,5,1.5694697104757076,0.08463079861972536,1.4825651666682707,1.6848068431911183,5,0.1431804038395957,0.007622828023930765,0.13554640940709653,0.15336409154039318,5,1.5660987130074184,0.0697863625144602,1.4872736509390703,1.6574561536929684,5,0.14287278345637025,0.006249359619166323,0.13660561560429632,0.15087442092709244,5,0.43735518756314445,0.013307698170283032,0.42231405997413224,0.4572254813199548,5,0.03989975780102095,0.0011815520567378395,0.038449399627669564,0.04162018463985517,5,0.276,0.058666666666666686,0.22,0.3866666666666667,5,0.22399999999999998,0.05866666666666669,0.11333333333333329,0.28,5,0.7446666666666667,0.0659494756107532,0.6633333333333334,0.8166666666666668,5,0.1553333333333333,0.0659494756107532,0.08333333333333326,0.23666666666666658,5,0.16687719298245612,0.0462835347549442,0.08701754385964908,0.22087719298245612,5,300.0,0.0,300.0,300.0,5,0.9433815119266511,0.12924922948788362,0.8106807708740235,1.1567725396156312,5,1.1274670354192833,0.8266583364674783,0.2735127571851876,2.385593843284019,5,55.57576731872558,1.1832964911468002,54.36005027770996,57.625860137939455,5,7.543308010133113,6.174712823147389,2.8947448782234146,18.734720181619775,5,27.575407028198242,7.803817760599697,18.384340286254883,39.903839111328125,5,0.07694112010342116,0.22199620715739654,-0.24616946262579847,0.39621051676498437,5,6.388206570434568,18.42280327311398,-20.429836279296868,32.859702993774405,5,0.34479261298376374,0.0876944701713213,0.25169143523486526,0.49465329957220916,5,28.62846448505551,7.250783614019568,20.888110092542473,41.01873370274069,5,0.41200000000000003,0.13075167302944923,0.2,0.56,5,0.41200000000000003,0.13075167302944923,0.2,0.56,5,0.818,0.11855800268223148,0.6,0.93,5,0.818,0.11855800268223148,0.6,0.93,5,0.3321096650479438,0.09438573602171275,0.22120078472955831,0.48112041306335784,5,27.57290926696777,7.804383691492272,18.380805957031242,39.90170229797363,5,0.24510899857476426,0.04990591204353784,0.19943282999813314,0.3269545702351101,5,20.35219929602912,4.121402550354179,16.551118735226126,27.11244961015,5,0.4140277275600723,0.1017622662546468,0.3002966133455166,0.5560320421963679,5,34.37542075102783,8.408457266682563,24.95331955344636,46.11449510139244,5,0.4326727714874125,0.0763580969778484,0.3234880249853861,0.54477695955111,5,35.926950036010744,6.302343160933532,26.880423022460935,45.18105520935059,5,0.19802821410121382,0.04750500420266193,0.15464312860174617,0.27349747132315916,5,16.44139594857788,3.9234163355051233,12.882391328803754,22.67956183775095,5,0.05458618080237212,0.07030549954561503,-0.034749850393249654,0.14135956658008658,5,0.00907069052487612,0.011690178939968644,-0.005782481025159358,0.02346489751636982,5,0.1436057396921712,0.04922904280600394,0.09490046799123356,0.22745554195964665,5,0.02385925668030897,0.008172471946051666,0.01572603114298829,0.037756347292630416,5,0.41,0.11541230437002807,0.28,0.61,5,0.41,0.11541230437002807,0.28,0.61,5,0.8220000000000001,0.0708237248385031,0.71,0.92,5,0.8220000000000001,0.0708237248385031,0.71,0.92,5,0.11586272767742427,0.027678554083891267,0.07136544311633335,0.15087661350793352,5,0.019254900923073297,0.004611093180811614,0.011826023252308375,0.025044673502445224,5,0.11695871669207154,0.05566871740748662,0.06993845276374755,0.22125731203339732,5,0.019432051945841716,0.009239756738521126,0.011589556326582212,0.036727476165554544,5,0.16677411601847583,0.05616952692817256,0.09992203784039612,0.2678031938417959,5,0.027712294286784907,0.009328444814386928,0.016558159372682707,0.04445383196458388,5,0.14862007540324035,0.026983873008036143,0.10628676526388153,0.18770621463540155,5,0.02469683671861887,0.004496877997594347,0.01761286279410124,0.03115818172991276,5,0.10336416186126687,0.05715902249384173,0.05805725538057899,0.2102193523786027,5,0.017172775562269565,0.009487215188059372,0.009620713741427556,0.03489523627920527,,,,,,,,,,,,,,,,5,1.4346344232559205,0.006373170684747622,1.4241162538528442,1.4428623914718628,,,,,,5,0.007575501918792725,0.00024985444178388837,0.007186546325683594,0.007968502044677734,5,11.766406440734864,4.0944503782559565,6.128828048706055,18.530866622924805,5,977.7105286121368,4.517437312218984,971.8645479679108,985.6463997364044,,,,,,5,42.47174987792969,6.570061864073778,32.37285232543945,51.63321304321289
npe,"mu,cd,m",2000,2,40000000,40000000,40000000,2,0.87225,0.015916666666666746,0.8563333333333333,0.8881666666666668,2,-1.3250334923463831,0.021164016118562223,-1.3461975084649453,-1.303869476227821,2,-0.12119277607649565,0.0025718396686017497,-0.1237646157450974,-0.1186209364078939,2,0.5024622032990992,0.010539810262391924,0.49192239303670726,0.5130020135614911,2,0.045948255372518586,0.000722658432637982,0.045225596939880604,0.04667091380515657,2,0.05,0.020000000000000004,0.03,0.07,2,0.05,0.020000000000000004,0.03,0.07,2,0.81,0.009999999999999953,0.8,0.82,2,0.81,0.009999999999999953,0.8,0.82,2,1.3250334923463831,0.021164016118562223,1.303869476227821,1.3461975084649453,2,0.12119277607649565,0.0025718396686017497,0.1186209364078939,0.1237646157450974,2,0.5024622032990992,0.010539810262391924,0.49192239303670726,0.5130020135614911,2,0.045948255372518586,0.000722658432637982,0.045225596939880604,0.04667091380515657,2,1.4172097235648686,0.016050675863018338,1.4011590477018503,1.433260399427887,2,0.12962041461482815,0.00214845397369752,0.12747196064113064,0.13176886858852568,2,1.4585589633437759,0.01830522942981705,1.4402537339139587,1.4768641927735928,2,0.1334031440958381,0.002374502297490852,0.13102864179834722,0.13577764639332893,2,0.42404050040573327,0.006209141588502248,0.417831358817231,0.4302496419942355,2,0.03877817882725165,0.0003642483963532811,0.03841393043089837,0.039142427223604934,2,0.18166666666666667,0.08499999999999999,0.09666666666666668,0.26666666666666666,2,0.31833333333333336,0.08499999999999999,0.23333333333333334,0.4033333333333333,2,0.7050000000000001,0.08166666666666661,0.6233333333333334,0.7866666666666666,2,0.195,0.08166666666666661,0.1133333333333334,0.2766666666666666,2,0.22035087719298246,0.07245614035087722,0.14789473684210525,0.2928070175438597,2,300.0,0.0,300.0,300.0,2,1.0439203321933745,0.013264275789260815,1.0306560564041138,1.0571846079826355,2,0.15185565171966575,0.016760636474156973,0.13509501524550876,0.1686162881938227,2,65.30586250305176,0.07601608276367244,65.22984642028808,65.38187858581543,2,5.942163504530582,0.48257262168665305,5.459590882843929,6.424736126217235,2,82.98707580566406,9.199729919433594,73.78734588623047,92.18680572509766,2,-0.9799147287175185,0.12755479974222855,-1.107469528459747,-0.85235992897529,2,-81.45392648468018,10.732620207214367,-92.18654669189455,-70.72130627746581,2,0.6218243873265864,0.029171119078290064,0.5926532682482963,0.6509955064048765,2,51.67336985817285,2.3404928302252053,49.332877027947646,54.013862688398056,2,0.21,0.07999999999999999,0.13,0.29,2,0.21,0.07999999999999999,0.13,0.29,2,0.585,0.065,0.52,0.65,2,0.585,0.065,0.52,0.65,2,0.9983875785470717,0.10908194991267539,0.8893056286343963,1.107469528459747,2,82.98664060516359,9.199906086730962,73.78673451843262,92.18654669189455,2,0.5960965862379668,0.0034433179896704025,0.5926532682482963,0.5995399042276371,2,49.538703857216035,0.20582682926838913,49.332877027947646,49.744530686484424,2,1.1643010818111668,0.09177481272396937,1.0725262690871973,1.256075894535136,2,96.77270595864178,7.783939678216008,88.98876628042578,104.5566456368578,2,1.1013546218931802,0.08345971737129154,1.0178949045218886,1.1848143392644717,2,91.54036065826418,7.084422843933119,84.45593781433107,98.6247835021973,2,0.5031532458732301,0.01669349174008275,0.4864597541331473,0.5198467376133128,2,41.817273726720224,1.4551360730406202,40.3621376536796,43.272409799760844,2,0.3041071798715618,0.11223058899805152,0.19187659087351022,0.41633776886961327,2,0.05058948573172093,0.018768013508617877,0.03182147222310305,0.06935749924033881,2,0.2680553219682096,0.024614130530908968,0.24344119143730064,0.2926694524991186,2,0.04456438987113291,0.00419126832086094,0.04037312155027197,0.04875565819199385,2,0.285,0.19499999999999998,0.09,0.48,2,0.285,0.19499999999999998,0.09,0.48,2,0.72,0.19,0.53,0.91,2,0.72,0.19,0.53,0.91,2,0.3184882273862947,0.09839706156799777,0.22009116581829688,0.41688528895429244,2,0.052974692253768454,0.016474018216133122,0.03650067403763533,0.06944871046990157,2,0.2550775939967638,0.03681142954978453,0.21826616444697927,0.29188902354654833,2,0.04241182771279943,0.006213819025068439,0.03619800868773099,0.048625646737867866,2,0.40944061495245365,0.0994724878592751,0.30996812709317856,0.5089131028117287,2,0.06809287770055603,0.016686700657726313,0.051406177042829716,0.08477957835828234,2,0.37186157326734326,0.06625263493821235,0.30560893832913094,0.43811420820555563,2,0.06183422987014055,0.011150995695590967,0.050683234174549584,0.07298522556573152,2,0.23800862002147152,0.04296612988928841,0.1950424901321831,0.28097474991075994,2,0.03957697915642816,0.0072304642351284296,0.03234651492129973,0.04680744339155659,,,,,,,,,,,,,,,,2,1.3806558847427368,0.006250858306884766,1.374405026435852,1.3869067430496216,,,,,,2,0.009915438890457155,4.570841789245609e-05,0.009869730472564698,0.00996114730834961,2,41.38481903076172,5.035270690917969,36.34954833984375,46.42008972167969,2,887.4352543354034,0.14034605026245117,887.294908285141,887.5756003856659,,,,,,2,103.71509170532227,7.243549346923828,96.47154235839844,110.9586410522461
npe,"mu,cd,m",3000,2,39999000,40000000,39999000,2,0.9610833333333333,0.010583333333333389,0.9504999999999999,0.9716666666666667,2,-1.454683119459041,0.05678004578261486,-1.511463165241656,-1.3979030736764262,2,-0.13333730855546894,0.004593483993783579,-0.1379307925492525,-0.12874382456168534,2,0.488177773997712,0.002339944717928061,0.4858378292797839,0.49051771871564004,2,0.04475376039261669,9.155139136362428e-06,0.044744605253480334,0.04476291553175306,2,0.0,0.0,0.0,0.0,2,0.0,0.0,0.0,0.0,2,0.5900000000000001,0.04999999999999999,0.54,0.64,2,0.5900000000000001,0.04999999999999999,0.54,0.64,2,1.454683119459041,0.05678004578261486,1.3979030736764262,1.511463165241656,2,0.13333730855546894,0.004593483993783579,0.12874382456168534,0.1379307925492525,2,0.488177773997712,0.002339944717928061,0.4858378292797839,0.49051771871564004,2,0.04475376039261669,9.155139136362428e-06,0.044744605253480334,0.04476291553175306,2,1.5344940348083749,0.05457126663657208,1.4799227681718028,1.589065301444947,2,0.1406550746913246,0.0043574149092880515,0.13629765978203656,0.14501248960061267,2,1.5232398648749668,0.057695270436097124,1.4655445944388696,1.5809351353110639,2,0.13962201017402115,0.004648549080267558,0.13497346109375358,0.1442705592542887,2,0.4434301422400604,0.002597966727855977,0.4408321755122044,0.44602810896791634,2,0.04065131673969784,5.163406098404946e-05,0.040599682678713785,0.040702950800681884,2,0.2533333333333333,0.04333333333333332,0.21,0.29666666666666663,2,0.2466666666666667,0.043333333333333335,0.20333333333333337,0.29000000000000004,2,0.7633333333333334,0.026666666666666672,0.7366666666666667,0.79,2,0.13666666666666666,0.026666666666666672,0.10999999999999999,0.16333333333333333,2,0.17640350877192978,0.020964912280701783,0.15543859649122801,0.19736842105263158,2,300.0,0.0,300.0,300.0,2,1.4295409548282623,0.23906900525093078,1.1904719495773315,1.668609960079193,2,0.44340888866561445,0.008877937859819857,0.43453095080579457,0.4522868265254343,2,68.11482524871826,1.8078992843627901,66.30692596435547,69.92272453308105,2,8.523951957238065,0.36028640499486553,8.1636655522432,8.884238362232932,2,72.48497009277344,29.634735107421875,42.85023498535156,102.11970520019531,2,-0.7673940184083636,0.46357585399443685,-1.2309698724028004,-0.3038181644139268,2,-63.76312255401612,38.356456037902845,-102.11957859191897,-25.406666516113273,2,0.54869464319792,0.03805858525287392,0.5106360579450461,0.5867532284507939,2,45.71433094762172,3.3526608842227255,42.361670063398996,49.06699183184445,2,0.265,0.215,0.05,0.48,2,0.265,0.215,0.05,0.48,2,0.81,0.0,0.81,0.81,2,0.81,0.0,0.81,0.81,2,0.8716865276871889,0.3592833447156115,0.5124031829715774,1.2309698724028004,2,72.48453970184327,29.635038890075695,42.84950081176758,102.11957859191897,2,0.4639012295220122,0.04673482842303392,0.41716640109897823,0.5106360579450461,2,38.62351738755872,3.7381526758402757,34.885364711718445,42.361670063398996,2,0.9967128356062642,0.3359671749127737,0.6607456606934905,1.332680010519038,2,82.90594542409056,27.651367415682223,55.25457800840833,110.55731283977278,2,1.0250219098267013,0.3347147270559745,0.6903071827707268,1.3597366368826758,2,85.26427077178955,27.537622615051287,57.72664815673827,112.80189338684085,2,0.36472812488198825,0.06123572172731365,0.3034924031546746,0.42596384660930187,2,30.35840170712183,4.978977435999196,25.379424271122634,35.33737914312103,2,-0.010308202275088841,0.03420127606744426,-0.044509478342533104,0.02389307379235542,2,-0.0017264484092593185,0.005693788287043571,-0.00742023669630289,0.003967339877784253,2,0.13247497866868777,0.033874926559071816,0.09860005210961595,0.16634990522775958,2,0.022029711530231956,0.005591960310707456,0.0164377512195245,0.027621671840939412,2,0.495,0.08499999999999999,0.41,0.58,2,0.495,0.08499999999999999,0.41,0.58,2,0.89,0.030000000000000027,0.86,0.92,2,0.89,0.030000000000000027,0.86,0.92,2,0.10180840351226289,0.015735328603708326,0.08607307490855456,0.11754373211597122,2,0.016933490911126142,0.002584129710495476,0.014349361200630666,0.019517620621621618,2,0.09282165452379446,0.027289298285598965,0.06553235623819549,0.12011095280939342,2,0.015434443585028598,0.004509453382837367,0.01092499020219123,0.019943896967865964,2,0.13811887205933332,0.02993817166252779,0.10818070039680554,0.16805704372186112,2,0.022970044501761995,0.00493509016901862,0.018034954332743377,0.027905134670780617,2,0.13839145625437158,0.025560739903696957,0.11283071635067461,0.16395219615806852,2,0.023016853295266627,0.004206688985228541,0.018810164310038086,0.02722354228049517,2,0.07486707203345196,0.022137213898398966,0.052729858135052994,0.09700428593185093,2,0.012448902337046264,0.0036582339719900096,0.008790668365056254,0.016107136309036273,,,,,,,,,,,,,,,,2,1.3696045875549316,0.007289528846740723,1.362315058708191,1.3768941164016724,,,,,,2,0.012038867473602295,0.00022613048553466776,0.011812736988067627,0.012264997959136962,2,33.103740215301514,19.401386737823486,13.702353477478027,52.505126953125,2,860.4628649950027,1.2515445947647095,859.211320400238,861.7144095897675,,,,,,2,99.65690231323242,31.719303131103516,67.9375991821289,131.37620544433594
npe,"mu,cd,m",1000,5,60000000,60000000,60000000,5,0.9893333333333333,0.002467567403109605,0.9856666666666666,0.9918333333333335,5,-1.4642838373496434,0.0719497499766109,-1.5515840202801547,-1.3669353784154545,5,-0.13361518148981036,0.006374237601024267,-0.14113495507128537,-0.12480125520266594,5,0.48889600227761953,0.009154218381962998,0.4793238143441545,0.5057866750571077,5,0.044614712479307844,0.0008403476406777185,0.04394532276563968,0.04624196176462271,5,0.01,0.01549193338482967,0.0,0.04,5,0.01,0.01549193338482967,0.0,0.04,5,0.594,0.10248902380255168,0.47,0.7,5,0.594,0.10248902380255168,0.47,0.7,5,1.4642838373496434,0.0719497499766109,1.3669353784154545,1.5515840202801547,5,0.13361518148981036,0.006374237601024267,0.12480125520266594,0.14113495507128537,5,0.48889600227761953,0.009154218381962998,0.4793238143441545,0.5057866750571077,5,0.044614712479307844,0.0008403476406777185,0.04394532276563968,0.04624196176462271,5,1.5438629122901355,0.06995950012213031,1.4500753440641216,1.6256166484257972,5,0.14087773321978292,0.006187945230319899,0.13239193755758144,0.14786909992277122,5,1.5391816075905465,0.0548586699292066,1.4649755798976316,1.6037773375623547,5,0.140451184084937,0.004771354697305807,0.13375232962109151,0.1458825558055192,5,0.43648363265349177,0.01587508777095649,0.4181025437267667,0.4621125171849256,5,0.03983115802553017,0.0014355546340206905,0.03817277953158679,0.04224901605060954,5,0.3226666666666667,0.03322649545167232,0.27666666666666667,0.37000000000000005,5,0.1773333333333333,0.03322649545167232,0.12999999999999995,0.22333333333333333,5,0.7939999999999999,0.041009483997945906,0.7433333333333333,0.8566666666666668,5,0.10600000000000002,0.041009483997945906,0.043333333333333224,0.15666666666666673,5,0.12515789473684208,0.032155860809904895,0.0726315789473684,0.1626315789473684,5,300.0,0.0,300.0,300.0,5,0.9361155478954316,0.0831027579607046,0.8107263827323914,1.066038476228714,5,1.1431557233361775,0.554283969125221,0.30413894814489917,1.9935300244190184,5,55.245518524169924,0.5812737711475292,54.449655838012696,56.246083984375,5,5.9940404832571685,3.1583945958814725,2.696073884343276,11.83389155981208,5,17.07678356170654,3.674389942033324,12.289466857910156,23.469188690185547,5,0.037557216559689736,0.11238943114046722,-0.14663455766643346,0.2063601950743734,5,3.121368026733398,9.311871864369149,-12.133012649536136,17.116367050170904,5,0.24055860616915323,0.04245963973280973,0.18037283795236123,0.30015575481806483,5,19.956730803455113,3.5478937793755896,14.930104804424046,24.896157624791275,5,0.526,0.10131140113531154,0.36,0.65,5,0.526,0.10131140113531154,0.36,0.65,5,0.906,0.04758150901348128,0.82,0.95,5,0.906,0.04758150901348128,0.82,0.95,5,0.2058321913099063,0.04416329667898348,0.14844607286920655,0.2829317493023783,5,17.074473644409185,3.674569502597197,12.287412026977528,23.467527914428725,5,0.16779659325664525,0.035216591182923626,0.12026905153920793,0.22940713262283674,5,13.918168802747903,2.925237857546508,9.955099668537692,19.027974644195258,5,0.2656241761607709,0.056187096338810166,0.19105203822108374,0.36424992417505825,5,22.03370968398825,4.672064658132612,15.814060317680314,30.21239291209203,5,0.2953238346927946,0.04244714812830306,0.2210091710457753,0.3526572947493256,5,24.49633291564941,3.534054035344138,18.29371919250488,29.2508524017334,5,0.13555404760584996,0.030119327509764916,0.09709969753459514,0.18852907731210056,5,11.243162998667737,2.4988669643187618,8.037289282873866,15.637380149318911,5,0.059199327325522896,0.029226321194909873,0.02787388853470329,0.09956256536074214,5,0.009813402765095233,0.0048306087090021,0.0046373666837811415,0.01650035258680581,5,0.11587010415029102,0.017462186098036445,0.09994118724476773,0.1487902854598693,5,0.019220451940795597,0.0028760379294842874,0.016622063617203846,0.024658787428649326,5,0.43200000000000005,0.08182909018191516,0.3,0.55,5,0.43200000000000005,0.08182909018191516,0.3,0.55,5,0.882,0.07082372483850308,0.75,0.94,5,0.882,0.07082372483850308,0.75,0.94,5,0.09063532445520163,0.01143517820106967,0.07998681669635699,0.10726980502732332,5,0.015034135639965534,0.001873619242188621,0.013303284624218939,0.017777661739289755,5,0.09490845499785287,0.02713682029705824,0.06617728213117267,0.14333332619402056,5,0.01573933217128774,0.0044802634527465615,0.011009886265386423,0.02375441382193248,5,0.13179501584000503,0.026825752277187045,0.10688868176304649,0.17902863868231098,5,0.021858968954197866,0.004418200716258249,0.017783024087377454,0.029670143797093797,5,0.12209812688559296,0.01006089343530133,0.11015526366783307,0.14038734609313544,5,0.0202554888471961,0.0016526103204099606,0.018320854008197784,0.02326618126183748,5,0.08296284286531555,0.02877893554881249,0.050671746110043096,0.13324185847414619,5,0.013756778946233294,0.004754919530041445,0.008430237061739563,0.02208197035873864,,,,,,,,,,,,,,,,5,1.4322513818740845,0.009721590458335266,1.4243868589401245,1.4506051540374756,,,,,,5,0.007713397979736328,0.0009163492249914691,0.006489534378051758,0.008852009773254394,5,6.784182929992676,2.058146004844888,4.671661853790283,10.732438087463379,5,1486.2225469589234,24.799594638150012,1457.5089657306671,1517.822345495224,,,,,,5,29.551892852783205,4.084144521178087,22.11362075805664,34.60017776489258
npe,"mu,cd,m",2000,2,60000000,60000000,60000000,2,0.9060833333333334,0.01424999999999993,0.8918333333333335,0.9203333333333333,2,-1.3860094283093807,0.029155654163560918,-1.4151650824729416,-1.3568537741458198,2,-0.12665027450323105,0.0019075874015688984,-0.12855786190479995,-0.12474268710166216,2,0.49109269150434187,0.007566794045004599,0.4835258974593373,0.49865948554934647,2,0.04487640211139171,0.0004233296723882181,0.04445307243900349,0.045299731783779926,2,0.0,0.0,0.0,0.0,2,0.0,0.0,0.0,0.0,2,0.675,0.04499999999999999,0.63,0.72,2,0.675,0.04499999999999999,0.63,0.72,2,1.3860094283093807,0.029155654163560918,1.3568537741458198,1.4151650824729416,2,0.12665027450323105,0.0019075874015688984,0.12474268710166216,0.12855786190479995,2,0.49109269150434187,0.007566794045004599,0.4835258974593373,0.49865948554934647,2,0.04487640211139171,0.0004233296723882181,0.04445307243900349,0.045299731783779926,2,1.470442435394232,0.030008661169393713,1.4404337742248383,1.5004510965636257,2,0.13436606787321506,0.0019394329593485915,0.13242663491386647,0.13630550083256365,2,1.4651945622404214,0.018874778257212954,1.4463197839832085,1.4840693404976344,2,0.13389254963323471,0.0009247828476131176,0.1329677667856216,0.13481733248084785,2,0.44097059274996686,0.013209921846566525,0.42776067090340036,0.4541805145965334,2,0.040292705291333254,0.000966422710613403,0.03932628258071985,0.04125912800194666,2,0.23666666666666666,0.01999999999999999,0.21666666666666667,0.25666666666666665,2,0.2633333333333333,0.01999999999999999,0.24333333333333335,0.2833333333333333,2,0.7416666666666666,0.0016666666666667052,0.7399999999999999,0.7433333333333333,2,0.15833333333333344,0.0016666666666667052,0.15666666666666673,0.16000000000000014,2,0.1957894736842105,0.01736842105263159,0.17842105263157892,0.2131578947368421,2,300.0,0.0,300.0,300.0,2,0.9144127923250198,0.048165475726127616,0.8662473165988922,0.9625782680511474,2,0.11378460119294763,0.022689106974766823,0.0910954942181808,0.13647370816771445,2,64.43456356048584,0.004426841735835296,64.43013671875,64.43899040222168,2,4.914043478592385,0.15510195632462853,4.758941522267756,5.069145434917013,2,42.70096492767334,14.800225257873535,27.900739669799805,57.501190185546875,2,-0.336223997463325,0.3342373571648042,-0.6704613546281292,-0.0019866402985207875,2,-27.863870300292966,27.698485818481437,-55.5623561187744,-0.1653844818115317,2,0.48684147760648333,0.06924373899502123,0.4175977386114621,0.5560852166015046,2,40.42409036277153,5.65970611456455,34.76438424820698,46.08379647733608,2,0.44000000000000006,0.12000000000000002,0.32,0.56,2,0.44000000000000006,0.12000000000000002,0.32,0.56,2,0.83,0.12,0.71,0.95,2,0.83,0.12,0.71,0.95,2,0.5144946451695502,0.17935768208640632,0.33513696308314395,0.6938523272559566,2,42.700228671264654,14.80057984619141,27.899648825073246,57.500808517456065,2,0.3878793338600675,0.13873071554463295,0.24914861831543458,0.5266100494047005,2,32.19119179844701,11.449944014830074,20.741247783616934,43.64113581327708,2,0.6443322861078099,0.22672982199500957,0.41760246411280033,0.8710621081028195,2,53.475642049900884,18.710864412415486,34.7647776374854,72.18650646231637,2,0.6612266663581523,0.1257451764075796,0.5354814899505727,0.7869718427657318,2,54.89791113281251,10.319881802368176,44.57802933044433,65.21779293518068,2,0.3204878506292459,0.1427367317237804,0.1777511189054655,0.4632245823530263,2,26.59288991716485,11.795376505700203,14.797513411464648,38.38826642286505,2,0.26950935780461605,0.03427698304034546,0.23523237476427056,0.3037863408449615,2,0.044790733490884305,0.005813626405596729,0.03897710708528757,0.05060435989648103,2,0.27173372772477644,0.019977236095564205,0.25175649162921226,0.2917109638203407,2,0.045153974746010794,0.0034388830229390675,0.04171509172307172,0.04859285776894986,2,0.27,0.06000000000000001,0.21,0.33,2,0.27,0.06000000000000001,0.21,0.33,2,0.72,0.08000000000000002,0.64,0.8,2,0.72,0.08000000000000002,0.64,0.8,2,0.28063516524396565,0.028393321663846838,0.2522418435801188,0.3090284869078125,2,0.04663655112683774,0.00484103930741548,0.04179551181942226,0.05147759043425322,2,0.26043179895686247,0.02571994675934186,0.2347118521975206,0.28615174571620433,2,0.04327883457161948,0.004387975157680114,0.03889085941393937,0.0476668097292996,2,0.3828590247123886,0.03830772052868958,0.344551304183699,0.42116674524107817,2,0.06362414129226296,0.006533303549221735,0.05709083774304123,0.0701574448414847,2,0.31367935170735883,0.02219334037728385,0.291486011330075,0.3358726920846427,2,0.052123693360388273,0.0038255721181631105,0.04829812124222516,0.055949265478551384,2,0.24561675607511985,0.027868202930952782,0.21774855314416705,0.2734849590060726,2,0.04081844835158312,0.004738343337880556,0.03608010501370256,0.04555679168946367,,,,,,,,,,,,,,,,2,1.3715370893478394,0.0014022588729858398,1.3701348304748535,1.3729393482208252,,,,,,2,0.008263792991638184,0.00034282684326171833,0.007920966148376465,0.008606619834899902,2,19.035679817199707,9.513766288757324,9.521913528442383,28.54944610595703,2,1320.9816244840622,3.1944268941879272,1317.7871975898743,1324.1760513782501,,,,,,2,64.65736389160156,10.213005065917969,54.444358825683594,74.87036895751953
npe,"mu,cd,m",3000,2,60000000,60000000,60000000,2,0.969,0.005833333333333357,0.9631666666666666,0.9748333333333333,2,-1.44145565512242,0.01661551228267788,-1.458071167405098,-1.4248401428397421,2,-0.1317244604296982,0.0007689354654401431,-0.13249339589513837,-0.13095552496425808,2,0.49463235288741225,0.002124645700079003,0.4925077071873333,0.4967569985874913,2,0.04520282012266036,6.303384353327501e-05,0.045139786279127084,0.045265853966193634,2,0.0,0.0,0.0,0.0,2,0.0,0.0,0.0,0.0,2,0.66,0.010000000000000009,0.65,0.67,2,0.66,0.010000000000000009,0.65,0.67,2,1.44145565512242,0.01661551228267788,1.4248401428397421,1.458071167405098,2,0.1317244604296982,0.0007689354654401431,0.13095552496425808,0.13249339589513837,2,0.49463235288741225,0.002124645700079003,0.4925077071873333,0.4967569985874913,2,0.04520282012266036,6.303384353327501e-05,0.045139786279127084,0.045265853966193634,2,1.5239642443731825,0.016405530993666706,1.5075587133795159,1.5403697753668493,2,0.13926494186270577,0.0007068419408563925,0.13855809992184936,0.13997178380356215,2,1.5271918441793528,0.018841991593965157,1.5083498525853878,1.546033835773318,2,0.1395586418442428,0.0009278292682022016,0.1386308125760406,0.140486471112445,2,0.43943114150484996,0.0009319834761795376,0.43849915802867045,0.44036312498102953,2,0.04015866029518858,0.000143325983810786,0.0400153343113778,0.04030198627899937,2,0.22333333333333333,0.09333333333333332,0.13,0.31666666666666665,2,0.27666666666666667,0.09333333333333332,0.18333333333333335,0.37,2,0.7616666666666667,0.048333333333333284,0.7133333333333334,0.8099999999999999,2,0.13833333333333336,0.048333333333333284,0.09000000000000008,0.18666666666666665,2,0.1902631578947368,0.07114035087719299,0.11912280701754382,0.2614035087719298,2,300.0,0.0,300.0,300.0,2,1.3166437488794327,0.16674689948558807,1.1498968493938446,1.4833906483650208,2,0.4521240285685389,0.047619685127869904,0.404504343440669,0.4997437136964088,2,67.5702144241333,0.7073304367065418,66.86288398742676,68.27754486083984,2,10.170696213817354,1.0041167510025408,9.166579462814813,11.174812964819894,2,57.080254554748535,25.87834072113037,31.201913833618164,82.9585952758789,2,-0.6107397502282024,0.38945597775366997,-1.0001957279818723,-0.22128377247453238,2,-50.68452703857422,32.27382253723147,-82.95834957580568,-18.410704501342757,2,0.43826859693460896,0.025446310294368307,0.4128222866402407,0.4637149072289773,2,36.40405683440215,2.0574388730839033,34.346617961318245,38.46149570748605,2,0.355,0.235,0.12,0.59,2,0.355,0.235,0.12,0.59,2,0.815,0.125,0.69,0.94,2,0.815,0.125,0.69,0.94,2,0.6876013233731413,0.31259440460873095,0.3750069187644104,1.0001957279818723,2,57.079373236083995,25.878976339721692,31.200396896362303,82.95834957580568,2,0.37217723054049834,0.09153767668847898,0.28063955385201933,0.4637149072289773,2,30.90528680744455,7.556208900041501,23.34907790740305,38.46149570748605,2,0.785425887399434,0.3170363611422411,0.4683895262571929,1.102462248541675,2,65.20516853659856,26.2353827325104,38.96978580408817,91.44055126910897,2,0.8619590567359088,0.24641650380578722,0.6155425529301216,1.108375560541696,2,71.57193060607909,20.359083215332024,51.212847390747065,91.93101382141111,2,0.26367747262735663,0.10352254213176718,0.16015493049558943,0.3672000147591238,2,21.89058049664404,8.565765944223413,13.32481455242063,30.456346440867456,2,0.04058951252235493,0.08382497608831545,-0.043235463565960516,0.12441448861067038,2,0.006702042155712844,0.01391478367969394,-0.007212741523981096,0.020616825835406784,2,0.1142606433777762,0.0048593734202916905,0.1094012699574845,0.11912001679806788,2,0.01900056375292395,0.0008715914428504088,0.01812897231007354,0.019872155195774358,2,0.315,0.044999999999999984,0.27,0.36,2,0.315,0.044999999999999984,0.27,0.36,2,0.81,0.02999999999999997,0.78,0.84,2,0.81,0.02999999999999997,0.78,0.84,2,0.12375784738121948,0.016260187774360398,0.10749765960685907,0.14001803515557987,2,0.020567880908399817,0.002634621227532623,0.017933259680867196,0.023202502135932442,2,0.07783180216681733,0.010726385911619743,0.06710541625519759,0.08855818807843707,2,0.012934942908230378,0.0017401052749600283,0.01119483763327035,0.014675048183190407,2,0.14619841589056837,0.019474764934105326,0.12672365095646304,0.1656731808246737,2,0.024297232779617317,0.0031566038292595907,0.021140628950357725,0.027453836608876906,2,0.1497311746580752,0.012790019889384718,0.13694115476869048,0.16252119454745992,2,0.024888339646905656,0.002043179037421938,0.02284516060948372,0.026931518684327596,2,0.05935780132172064,0.012833975022896155,0.04652382629882448,0.07219177634461679,2,0.009862138969531897,0.0021008177516862927,0.007761321217845604,0.01196295672121819,,,,,,,,,,,,,,,,2,1.3693643808364868,0.0036988258361816406,1.3656655550003052,1.3730632066726685,,,,,,2,0.01157954454421997,0.0004253387451171875,0.011154205799102783,0.012004883289337158,2,26.506482124328613,16.138510704040527,10.367971420288086,42.64499282836914,2,1286.8934980630875,1.6994441747665405,1285.194053888321,1288.592942237854,,,,,,2,84.010986328125,21.675010681152344,62.335975646972656,105.68599700927734
npe,"mu,m",1000,5,20000000,20000000,20000000,5,0.9550666666666666,0.011991478455784977,0.9418333333333333,0.9754999999999999,,,,,,,,,,,,,,,,,,,,,,,,,,,,,,,,,,,,,,,,,,,,,,,,,,,,,,,,,,,,,,,,,,,,,,,,,,,,,,,,,,,,,,,,,,,5,0.22999999999999998,0.08068457101577724,0.12,0.32999999999999996,5,0.27,0.08068457101577724,0.17000000000000004,0.38,5,0.6059999999999999,0.11244554237496479,0.415,0.755,5,0.29400000000000004,0.1124455423749648,0.14500000000000002,0.48500000000000004,5,0.22673684210526318,0.06926675722530755,0.12736842105263158,0.3128947368421053,5,300.0,0.0,300.0,300.0,5,0.7773967070579528,0.012725925456166643,0.7661658942699432,0.8010606896877289,5,0.05554184803725961,0.003542904625205484,0.05126522929873086,0.06012107018036928,5,53.86360810852051,0.06114368940848813,53.787554550170896,53.96086364746094,5,2.0623398468078116,0.12547996895745608,1.9918129597537009,2.312935676697978,5,51.27977828979492,17.046538275386073,37.51044845581055,84.03881072998047,5,-0.5762007125748366,0.25008142001142486,-1.029009284505141,-0.2863629312799852,5,-47.023225433349594,20.482217763676818,-84.03887232666013,-23.241906610107417,5,0.4121685960083347,0.073950082995105,0.330174356011898,0.5396369223294426,5,33.60143304020572,5.982025279574431,26.829366391701008,43.79823529939284,5,0.252,0.15380507143784303,0.0,0.45,5,0.252,0.15380507143784303,0.0,0.45,5,0.65,0.1366747965061591,0.45,0.84,5,0.65,0.1366747965061591,0.45,0.84,5,0.6285937112315754,0.20796151991157158,0.4616202203655654,1.029009284505141,5,51.27974695312499,17.046581214616126,37.51041826171875,84.03887232666013,5,0.36107246404158166,0.03388469070641512,0.31473099841532826,0.4096496744982235,5,29.448548302928536,2.851408010481969,25.574467254523494,33.562431710084375,5,0.7309259630141339,0.18880355057309156,0.558702809384258,1.0864834201301934,5,59.62455215128117,15.506730288308505,45.39917238807088,88.73276720775722,5,0.7245556762112351,0.1885541094239623,0.517247924220007,1.071745544204009,5,59.106619613037104,15.486227206262907,42.030624194335935,87.52912950439453,5,0.287856892891201,0.02139215953908492,0.2652516089268293,0.3154471511292995,5,23.475931464040425,1.8155071612455378,21.528460755315194,25.84445744306758,5,0.2076815496028232,0.10676718554029388,0.01636876213736833,0.3438877848904762,5,0.03398088389009237,0.017497736477934813,0.0026504502013325725,0.05632488377988338,5,0.11951916695998943,0.015110193041290755,0.10670457633365468,0.1475579443469138,5,0.019522903867545134,0.002543351821853431,0.01727773325535943,0.024263516775786927,5,0.20800000000000002,0.1482430436816514,0.04,0.47,5,0.20800000000000002,0.1482430436816514,0.04,0.47,5,0.5619999999999999,0.2215761720041214,0.24,0.9,5,0.5619999999999999,0.2215761720041214,0.24,0.9,5,0.22241770369989972,0.08268485257488421,0.08621485173813997,0.3438877848904762,5,0.036368303091228,0.013600198956167773,0.013960012544691557,0.05632488377988338,5,0.10984316680734767,0.02592423768304154,0.06496770216211298,0.14494430824042895,5,0.01795391967375062,0.004303667352394082,0.01051964840026279,0.02383374626565954,5,0.24977990749906792,0.08157208448934863,0.10795278127243632,0.3602603997387248,5,0.04083919551715542,0.013440378537298585,0.017479844184462776,0.05900653075536562,5,0.24358769565411084,0.07439994637479727,0.122154994924739,0.35316711742395496,5,0.03982187171489,0.012273940955944623,0.019779483748972416,0.057844732326269147,5,0.09435398262955198,0.025893432574885137,0.04740448913637536,0.12630924865882454,5,0.015425094245909866,0.004284012986580045,0.007675791772252906,0.02076951239767304,,,,,,,,,,,,,,,,5,1.4350371599197387,0.022678455420943686,1.4156239032745361,1.4793368577957153,,,,,,5,0.004014693260192871,0.0001642411398509258,0.003789377212524414,0.004198741912841797,5,30.643840789794922,13.127007934291507,16.85304832458496,55.045196533203125,5,490.4522818088532,1.2517745225730204,489.0462255477905,492.7939736843109,,,,,,5,68.3260124206543,17.227363934145675,47.88950729370117,99.43013000488281
npe,"mu,m",2000,2,20000000,20000000,20000000,2,0.8433333333333333,0.0076666666666667105,0.8356666666666666,0.851,,,,,,,,,,,,,,,,,,,,,,,,,,,,,,,,,,,,,,,,,,,,,,,,,,,,,,,,,,,,,,,,,,,,,,,,,,,,,,,,,,,,,,,,,,,2,0.07,0.025,0.045,0.095,2,0.43000000000000005,0.024999999999999994,0.405,0.455,2,0.47500000000000003,0.09500000000000003,0.38,0.5700000000000001,2,0.425,0.09500000000000003,0.32999999999999996,0.52,2,0.35697368421052633,0.03776315789473686,0.31921052631578944,0.39473684210526316,2,300.0,0.0,300.0,300.0,2,1.0766574728488922,0.020724065303802552,1.0559334075450897,1.0973815381526948,2,0.1631406840126583,0.0001312667773303161,0.16300941723532797,0.1632719507899886,2,65.3474418258667,0.08878269195556499,65.25865913391114,65.43622451782227,2,5.810242506889529,0.018823044547818135,5.791419462341711,5.829065551437347,2,111.87578201293945,7.556613922119141,104.31916809082031,119.4323959350586,2,-1.3841087359006345,0.08848937555380187,-1.4725981114544364,-1.2956193603468327,2,-111.87576493835451,7.556669467163083,-119.43243440551758,-104.31909547119142,2,0.47450246910617444,0.011035831300204274,0.46346663780597014,0.4855383004063787,2,38.3413058535461,0.7526736063634729,37.58863224718263,39.093979459909576,2,0.034999999999999996,0.024999999999999998,0.01,0.06,2,0.034999999999999996,0.024999999999999998,0.01,0.06,2,0.415,0.05499999999999999,0.36,0.47,2,0.415,0.05499999999999999,0.36,0.47,2,1.3841087359006345,0.08848937555380187,1.2956193603468327,1.4725981114544364,2,111.87576493835451,7.556669467163083,104.31909547119142,119.43243440551758,2,0.47450246910617444,0.011035831300204274,0.46346663780597014,0.4855383004063787,2,38.3413058535461,0.7526736063634729,37.58863224718263,39.093979459909576,2,1.4637096082717742,0.08009948686218782,1.3836101214095864,1.543809095133962,2,118.30585093934175,6.902022863555317,111.40382807578644,125.20787380289707,2,1.4352699314231814,0.07421552087791272,1.3610544105452687,1.509485452301094,2,116.00591551818849,6.418200692749011,109.58771482543948,122.4241162109375,2,0.42648298637450155,0.005697076338201212,0.42078591003630034,0.43218006271270276,2,34.465758076508706,0.5854324107209834,33.88032566578772,35.05119048722969,2,0.44798156663078026,0.04105784709741983,0.40692371953336043,0.4890394137282001,2,0.07323641181737184,0.006545893079042429,0.06669051873832942,0.07978230489641427,2,0.2692561647812981,0.022355703469264826,0.2469004613120333,0.29161186825056296,2,0.044035834064449476,0.0037562830416703955,0.04027955102277908,0.04779211710611987,2,0.10500000000000001,0.025,0.08,0.13,2,0.10500000000000001,0.025,0.08,0.13,2,0.535,0.135,0.4,0.67,2,0.535,0.135,0.4,0.67,2,0.44798156663078026,0.04105784709741983,0.40692371953336043,0.4890394137282001,2,0.07323641181737184,0.006545893079042429,0.06669051873832942,0.07978230489641427,2,0.2692561647812981,0.022355703469264826,0.2469004613120333,0.29161186825056296,2,0.044035834064449476,0.0037562830416703955,0.04027955102277908,0.04779211710611987,2,0.5242277682457165,0.023603762405556394,0.5006240058401601,0.5478315306512729,2,0.08571035511591099,0.003663345742792805,0.0820470093731182,0.0893737008587038,2,0.47612605116862017,0.03941371995201026,0.4367123312166099,0.5155397711206304,2,0.07783907714933157,0.006266518557071679,0.07157255859225989,0.08410559570640325,2,0.2553554580734075,0.02289399781905488,0.2324614602543526,0.27824945589246236,2,0.041763059213690584,0.0038390991929253514,0.03792396002076523,0.04560215840661593,,,,,,,,,,,,,,,,2,1.3847286701202393,0.00390779972076416,1.380820870399475,1.3886364698410034,,,,,,2,0.00597124695777893,0.000543445348739624,0.005427801609039306,0.006514692306518554,2,72.10361862182617,6.121616363525391,65.98200225830078,78.22523498535156,2,433.777556180954,0.7220087051391602,433.0555474758148,434.49956488609314,,,,,,2,130.74381637573242,6.738574981689453,124.00524139404297,137.48239135742188
npe,"mu,m",3000,2,19998000,20000000,19998000,2,0.9057499999999999,0.0007500000000000284,0.9049999999999999,0.9065,,,,,,,,,,,,,,,,,,,,,,,,,,,,,,,,,,,,,,,,,,,,,,,,,,,,,,,,,,,,,,,,,,,,,,,,,,,,,,,,,,,,,,,,,,,2,0.09,0.045000000000000005,0.045,0.135,2,0.41000000000000003,0.04500000000000001,0.365,0.455,2,0.33999999999999997,0.095,0.245,0.435,2,0.56,0.095,0.465,0.655,2,0.3777631578947368,0.045394736842105265,0.33236842105263154,0.42315789473684207,2,300.0,0.0,300.0,300.0,2,1.8968677842617034,0.059437080621719374,1.8374307036399842,1.956304864883423,2,0.6563268530255544,0.09313002655475494,0.5631968264707994,0.7494568795803093,2,71.89569423675536,1.2619603347778323,70.63373390197754,73.1576545715332,2,13.29702204656384,1.6323848453390077,11.664637201224831,14.929406891902847,2,143.1644287109375,0.05633544921875,143.10809326171875,143.22076416015625,2,-1.764858359405552,0.0020724873232902397,-1.7669308467288423,-1.7627858720822618,2,-143.16445195159912,0.05623798675539149,-143.22068993835452,-143.10821396484374,2,0.46955129697015136,0.0055503073202162745,0.4640009896499351,0.47510160429036763,2,38.090548326506365,0.5099312122359585,37.58061711427041,38.60047953874233,2,0.0,0.0,0.0,0.0,2,0.0,0.0,0.0,0.0,2,0.105,0.045,0.06,0.15,2,0.105,0.045,0.06,0.15,2,1.764858359405552,0.0020724873232902397,1.7627858720822618,1.7669308467288423,2,143.16445195159912,0.05623798675539149,143.10821396484374,143.22068993835452,2,0.46955129697015136,0.0055503073202162745,0.4640009896499351,0.47510160429036763,2,38.090548326506365,0.5099312122359585,37.58061711427041,38.60047953874233,2,1.8262634582292643,0.0005757617126608272,1.8256876965166033,1.826839219941925,2,148.14580308688792,0.18545810588670975,147.9603449810012,148.33126119277463,2,1.7747335700260147,0.006123922697013895,1.768609647329001,1.7808574927230287,2,143.96501067962646,0.2711577102661096,143.69385296936036,144.23616838989258,2,0.4601565722500026,0.008867321615454754,0.45128925063454783,0.46902389386545734,2,37.32887308997587,0.7778120100394936,36.55106107993638,38.10668510001537,2,0.21897245764834958,0.0577560302625891,0.16121642738576047,0.2767284879109387,2,0.03584761580079794,0.009493817019462586,0.026353798781335355,0.04534143282026053,2,0.1778965881913145,0.007726612143404213,0.1701699760479103,0.1856232003347187,2,0.02911571517125118,0.001298292379493764,0.027817422791757414,0.030414007550744943,2,0.18,0.09000000000000001,0.09,0.27,2,0.18,0.09000000000000001,0.09,0.27,2,0.575,0.145,0.43,0.72,2,0.575,0.145,0.43,0.72,2,0.24367005428401906,0.04697542272093856,0.1966946315630805,0.29064547700495763,2,0.0398875358402729,0.007734169940650466,0.032153365899622435,0.04762170578092337,2,0.1452428618478458,0.01772902290697409,0.1275138389408717,0.16297188475481988,2,0.023773560930260527,0.002929070475766458,0.02084449045449407,0.026702631406026987,2,0.28381483781705336,0.049403751886428995,0.23441108593062435,0.33321858970348234,2,0.04645802276746597,0.008139205967067523,0.03831881680039844,0.05459722873453349,2,0.2649341128627785,0.03812153176176515,0.22681258110101335,0.30305564462454365,2,0.04336589435786009,0.006289193511009213,0.03707670084685088,0.0496550878688693,2,0.12834916316478925,0.022583753515749976,0.10576540964903929,0.15093291668053924,2,0.021009688865180738,0.0037203808631936317,0.017289308001987108,0.02473006972837437,,,,,,,,,,,,,,,,2,1.3847309350967407,0.01042485237121582,1.374306082725525,1.3951557874679565,,,,,,2,0.009972288608551025,0.000920398235321045,0.00905189037322998,0.01089268684387207,2,92.1417007446289,1.6497344970703125,90.4919662475586,93.79143524169922,2,430.8426764011383,1.6065452098846436,429.23613119125366,432.44922161102295,,,,,,2,158.09917449951172,1.6543350219726562,156.44483947753906,159.75350952148438
npe,"mu,m",1000,5,40000000,40000000,40000000,5,0.9808,0.0061104646122678435,0.9701666666666667,0.988,,,,,,,,,,,,,,,,,,,,,,,,,,,,,,,,,,,,,,,,,,,,,,,,,,,,,,,,,,,,,,,,,,,,,,,,,,,,,,,,,,,,,,,,,,,5,0.386,0.08725823743349394,0.275,0.53,5,0.12600000000000003,0.06880406964707829,0.030000000000000027,0.22499999999999998,5,0.796,0.09753973549277241,0.6699999999999999,0.935,5,0.11800000000000006,0.08003749121505499,0.020000000000000018,0.2300000000000001,5,0.09410526315789472,0.047503491634315914,0.03789473684210524,0.15026315789473682,5,300.0,0.0,300.0,300.0,5,0.7588335666656494,0.0057492198804684844,0.752574758529663,0.7665765964984894,5,0.06285427256819846,0.02902590776159946,0.036169750602662684,0.10176746654715955,5,54.28620184326172,0.33246879580734434,53.907554397583006,54.73911872863769,5,2.7917106523048245,1.1323703808339374,1.8450540508871915,4.2608256227702,5,19.606831359863282,3.2948784448604855,16.865596771240234,25.913349151611328,5,0.006009220282288441,0.1643206933135844,-0.17719441522111784,0.25085752938804223,5,0.5077936834716759,13.394179020166709,-14.364444256591788,20.518808898925776,5,0.2595568420761512,0.01904336370430425,0.22895705628141125,0.2826808441839368,5,21.150798791062886,1.587127064630349,18.605398580566646,23.121785830160604,5,0.434,0.07391887445030532,0.34,0.51,5,0.434,0.07391887445030532,0.34,0.51,5,0.86,0.024494897427831803,0.83,0.9,5,0.86,0.024494897427831803,0.83,0.9,5,0.24059036986469554,0.04003109348447509,0.20663314983189443,0.3168106218960602,5,19.606736713256833,3.2949648340659756,16.8652565246582,25.91341985473631,5,0.1871412071743097,0.016178968116815327,0.16415730640223314,0.20608005622341818,5,15.248282088051809,1.3214096378680673,13.33967268472063,16.856250177266865,5,0.30522982598039466,0.04005693799024854,0.2726113151782113,0.37793909525109415,5,24.87292668284514,3.297675863144741,22.152809941220465,30.913403219420076,5,0.32986553054585854,0.04629597466534029,0.27881486783071446,0.4068508948493283,5,26.880219644165045,3.8019941094676604,22.65692001953125,33.27823446044922,5,0.1391070402445697,0.007402351792478856,0.13147125020412992,0.14976092165207175,5,11.334281741785764,0.6058813797191681,10.730593552675026,12.24964511049018,5,0.04680276474204788,0.10110224377633364,-0.11057792351692913,0.15547045021557718,5,0.007657507867217065,0.016529976866899394,-0.018075769785046582,0.02545715860426426,5,0.08968945591564195,0.014259968499317266,0.06734365881787512,0.11079079177263673,5,0.0146641458445689,0.002343866547131774,0.011008422483476039,0.018141189466286553,5,0.33799999999999997,0.17520273970460623,0.18,0.59,5,0.33799999999999997,0.17520273970460623,0.18,0.59,5,0.732,0.17668050260286222,0.51,0.97,5,0.732,0.17668050260286222,0.51,0.97,5,0.11554049667891986,0.03662922284123807,0.06684004817535168,0.15947857744300273,5,0.018890878417491912,0.005994028656497564,0.010904556915163996,0.02611346062123775,5,0.07480335725689272,0.0193095596140146,0.05132409562684027,0.10493923846015935,5,0.012230915285657545,0.0031653578082049207,0.008373221782753983,0.017183039714713955,5,0.13785518405613328,0.040689751989950736,0.0842719101005571,0.19090746562626099,5,0.022539623261125477,0.006661368398820347,0.013748461897217332,0.031259713361679625,5,0.14131259294238813,0.027340385300925557,0.1051035311170388,0.17440807864570523,5,0.023103683204650883,0.004478266733375703,0.017147017350792885,0.02855805830657483,5,0.06100416721986092,0.01995235991336071,0.03896054690090165,0.09284395866308885,5,0.009975008935809798,0.0032691164364293435,0.006356182166141071,0.015202525393834505,,,,,,,,,,,,,,,,5,1.4291312217712402,0.011542575533764364,1.4208396673202515,1.4516370296478271,,,,,,5,0.0039593448638916015,9.583915334544081e-05,0.0038200330734252928,0.004115815162658691,5,9.136269187927246,3.5642950281143415,5.488555431365967,15.545330047607422,5,984.2151174068451,13.672273651634194,975.8813238143921,1011.4326269626617,,,,,,5,32.19667510986328,4.589237660902252,26.95807456970215,39.78081130981445
npe,"mu,m",2000,2,40000000,40000000,40000000,2,0.8484166666666666,0.001583333333333381,0.8468333333333332,0.85,,,,,,,,,,,,,,,,,,,,,,,,,,,,,,,,,,,,,,,,,,,,,,,,,,,,,,,,,,,,,,,,,,,,,,,,,,,,,,,,,,,,,,,,,,,2,0.1525,0.037500000000000006,0.11499999999999999,0.19,2,0.34750000000000003,0.037500000000000006,0.31,0.385,2,0.5974999999999999,0.09249999999999997,0.505,0.69,2,0.30250000000000005,0.09249999999999997,0.21000000000000008,0.395,2,0.2813157894736842,0.04105263157894738,0.24026315789473682,0.3223684210526316,2,300.0,0.0,300.0,300.0,2,0.955914204120636,0.01933872342109677,0.9365754806995392,0.9752529275417328,2,0.14867162441620663,0.00082633489162863,0.147845289524578,0.14949795930783527,2,63.83494892120361,0.09501010894775419,63.73993881225586,63.929959030151366,2,4.631430783340496,0.13280082336330423,4.498629959977192,4.764231606703801,2,73.50372695922852,6.352764129638672,67.15096282958984,79.85649108886719,2,-0.8732491851486117,0.09780452717226734,-0.971053712320879,-0.7754446579763443,2,-70.94501888580322,8.006348585510253,-78.95136747131347,-62.93867030029297,2,0.5631681981764639,0.02424130280565895,0.538926895370805,0.5874095009821229,2,45.7471168981744,1.9297518082020595,43.81736508997234,47.67686870637646,2,0.135,0.025,0.11,0.16,2,0.135,0.025,0.11,0.16,2,0.5800000000000001,0.08000000000000002,0.5,0.66,2,0.5800000000000001,0.08000000000000002,0.5,0.66,2,0.9047647466056365,0.07742148611746541,0.8273432604881712,0.982186232723102,2,73.50374790191651,6.352747407531744,67.15100049438476,79.85649530944825,2,0.5150452409809105,0.0033153622822770235,0.5117298786986335,0.5183606032631876,2,41.83979355527937,0.30543234173503464,41.53436121354434,42.145225897014406,2,1.0416962002570886,0.06888360811607597,0.9728125921410127,1.1105798083731646,2,84.62673900850825,5.668775326470217,78.95796368203804,90.29551433497848,2,0.9702133045203835,0.06838584033530937,0.9018274641850741,1.0385991448556928,2,78.81981036529541,5.6233276138305754,73.19648275146484,84.44313797912599,2,0.4598686516777284,0.004999414729861595,0.4548692369478668,0.46486806640759,2,37.35765623256883,0.43836758099701,36.91928865157182,37.79602381356584,2,0.28971152730140837,0.037350776054641543,0.2523607512467668,0.3270623033560499,2,0.04726778385192156,0.006275341208279141,0.04099244264364242,0.0535431250602007,2,0.18179085610172235,0.002724740704216397,0.17906611539750594,0.18451559680593874,2,0.029643367653619863,0.0003285872565924157,0.029314780397027448,0.02997195491021228,2,0.16999999999999998,0.05,0.12,0.22,2,0.16999999999999998,0.05,0.12,0.22,2,0.615,0.10499999999999998,0.51,0.72,2,0.615,0.10499999999999998,0.51,0.72,2,0.2957033766110801,0.04061876966066319,0.2550846069504169,0.3363221462717433,2,0.0482469708621502,0.0068120761901140255,0.04143489467203617,0.05505904705226422,2,0.17086694376928702,0.009864341655886691,0.1610026021134003,0.1807312854251737,2,0.02785743146089067,0.0014998153199193565,0.026357616140971315,0.029357246780810028,2,0.34274715211195617,0.030126048802399885,0.3126211033095563,0.37287320091435605,2,0.055911839812528195,0.005130953299666764,0.05078088651286143,0.06104279311219496,2,0.32806292586330327,0.03850493345030248,0.2895579924130008,0.36656785931360575,2,0.05352258002609015,0.006487970207631581,0.04703460981845857,0.06001055023372173,2,0.15966290741980016,0.006057450799210051,0.1536054566205901,0.1657203582190102,2,0.026032784129561178,0.0008861492948741261,0.02514663483468705,0.026918933424435302,,,,,,,,,,,,,,,,2,1.3942770957946777,0.0008982419967651367,1.3933788537979126,1.3951753377914429,,,,,,2,0.005405706167221069,0.00013695359230041487,0.005268752574920654,0.005542659759521484,2,45.77484703063965,5.951436996459961,39.82341003417969,51.72628402709961,2,887.2514073848724,0.6079943180084229,886.643413066864,887.8594017028809,,,,,,2,89.96131896972656,6.079963684082031,83.88135528564453,96.0412826538086
npe,"mu,m",3000,2,39999000,40000000,39999000,2,0.9357500000000001,0.0035833333333333273,0.9321666666666667,0.9393333333333334,,,,,,,,,,,,,,,,,,,,,,,,,,,,,,,,,,,,,,,,,,,,,,,,,,,,,,,,,,,,,,,,,,,,,,,,,,,,,,,,,,,,,,,,,,,2,0.25,0.03499999999999999,0.215,0.285,2,0.25,0.035,0.21500000000000002,0.28500000000000003,2,0.585,0.06,0.525,0.645,2,0.315,0.06,0.255,0.375,2,0.21934210526315787,0.02723684210526317,0.1921052631578947,0.24657894736842104,2,300.0,0.0,300.0,300.0,2,1.9022517490386963,0.10677294969558715,1.7954787993431092,2.0090246987342835,2,0.8457187405398949,0.3199333971058497,0.5257853434340453,1.1656521376457447,2,73.06632411956787,1.880951957702635,71.18537216186523,74.9472760772705,2,15.669451982784292,3.9924955962843294,11.676956386499961,19.66194757906862,2,132.50888061523438,0.0982513427734375,132.41062927246094,132.6071319580078,2,-1.634561405198663,0.002370661475423086,-1.636932066674086,-1.63219074372324,2,-132.50888650360108,0.0982217971801731,-132.60710830078125,-132.4106647064209,2,0.49380084127793655,0.0196878432559576,0.474112998021979,0.5134886845338942,2,40.03209449388807,1.6244209566187813,38.40767353726928,41.656515450506845,2,0.005,0.005,0.0,0.01,2,0.005,0.005,0.0,0.01,2,0.29500000000000004,0.04500000000000001,0.25,0.34,2,0.29500000000000004,0.04500000000000001,0.25,0.34,2,1.634561405198663,0.002370661475423086,1.63219074372324,1.636932066674086,2,132.50888650360108,0.0982217971801731,132.4106647064209,132.60710830078125,2,0.49380084127793655,0.0196878432559576,0.474112998021979,0.5134886845338942,2,40.03209449388807,1.6244209566187813,38.40767353726928,41.656515450506845,2,1.7076333815734106,0.0034239678571021948,1.7042094137163084,1.7110573494305128,2,138.4329469753867,0.3757321749983049,138.0572148003884,138.80867915038502,2,1.659952292509764,0.0025777053139240946,1.65737458719584,1.6625299978236883,2,134.5672381881714,0.11354665679931486,134.45369153137207,134.6807848449707,2,0.4706257119767432,0.01885625469912619,0.45176945727761697,0.48948196667586935,2,38.15330797755543,1.5556743951869088,36.597633582368516,39.708982372742334,2,0.06453766752998599,0.028212606686933206,0.03632506084305279,0.0927502742169192,2,0.010568208966404204,0.004655182167142628,0.005913026799261576,0.015223391133546831,2,0.13204450275507448,0.008993777889960981,0.1230507248651135,0.14103828064503546,2,0.021589679335998473,0.0015593741054543853,0.02003030523054409,0.02314905344145286,2,0.495,0.07499999999999998,0.42,0.57,2,0.495,0.07499999999999998,0.42,0.57,2,0.875,0.07499999999999996,0.8,0.95,2,0.875,0.07499999999999996,0.8,0.95,2,0.11628955660942264,0.01816808199232653,0.09812147461709611,0.13445763860174917,2,0.019020625799149274,0.00304832595661283,0.015972299842536442,0.022068951755762102,2,0.09235979593842014,0.009696822642948182,0.08266297329547195,0.10205661858136832,2,0.015103411660981059,0.0016474593982217364,0.013455952262759323,0.016750871059202796,2,0.14855163323912748,0.02025123988399649,0.128300393355131,0.16880287312312398,2,0.024295496721858864,0.003410645428216681,0.020884851293642183,0.027706142150075545,2,0.16283809916745196,0.013101003598256292,0.14973709556919565,0.17593910276570823,2,0.02662588494494557,0.0022515486888587486,0.024374336256086822,0.02887743363380432,2,0.06703184046159986,0.008727001892714584,0.05830483856888528,0.07575884235431445,2,0.010962724344743206,0.0014718107033147498,0.009490913641428456,0.012434535048057955,,,,,,,,,,,,,,,,2,1.3722747564315796,0.0034464597702026367,1.368828296661377,1.3757212162017822,,,,,,2,0.009999810457229615,0.00014012694358825697,0.009859683513641358,0.010139937400817872,2,85.28640365600586,1.4313850402832031,83.85501861572266,86.71778869628906,2,861.7691161632538,0.7968096733093262,860.9723064899445,862.5659258365631,,,,,,2,150.6397247314453,0.009033203125,150.6306915283203,150.6487579345703
npe,"mu,m",1000,5,60000000,60000000,60000000,5,0.9837666666666667,0.0032017356404162025,0.9778333333333332,0.9873333333333333,,,,,,,,,,,,,,,,,,,,,,,,,,,,,,,,,,,,,,,,,,,,,,,,,,,,,,,,,,,,,,,,,,,,,,,,,,,,,,,,,,,,,,,,,,,5,0.454,0.19525368114327574,0.21000000000000002,0.735,5,0.19,0.06434283176858165,0.125,0.29,5,0.8220000000000001,0.13006152390311287,0.625,0.965,5,0.126,0.0844037913840368,0.05500000000000005,0.275,5,0.1392631578947368,0.06008037091703983,0.07342105263157897,0.2444736842105263,5,300.0,0.0,300.0,300.0,5,0.7584931941032409,0.008175561854786252,0.7514497745037079,0.7737015736103058,5,0.06556851935843429,0.035406709719923636,0.03822218728791858,0.1309191518746476,5,54.289271926879884,0.4956589810599324,53.78328842163086,55.10935081481934,5,2.896734901174069,1.1589742082829135,1.8412126421336859,4.616401482362668,5,18.159961128234862,4.760702425236338,12.07652473449707,25.636301040649414,5,-0.0357644680638524,0.18094679453753798,-0.23089328986573385,0.2630872291143867,5,-2.9335635784912073,14.705175652463291,-18.763717422485353,21.329234448242186,5,0.21990504708334613,0.04218354281299801,0.16997262329910096,0.2942314382809548,5,17.90328666751177,3.404834209507471,13.812953285645866,23.85418438826563,5,0.488,0.1876592656918384,0.27,0.75,5,0.488,0.1876592656918384,0.27,0.75,5,0.866,0.09436100889668357,0.76,0.98,5,0.866,0.09436100889668357,0.76,0.98,5,0.22312433083926622,0.05897948661449668,0.14821241884873598,0.31621371327677045,5,18.1598979876709,4.7606997758520375,12.076586026000971,25.63635057373046,5,0.17152046869920728,0.038421382194155515,0.12204317690879411,0.2362115935589987,5,13.961537390293145,3.098043278138886,9.944273613629017,19.150349454729188,5,0.28156841811715194,0.06984086601188241,0.1919933804353274,0.39469865644053714,5,22.917622070219494,5.634816268413245,15.64392878231425,31.99934928990677,5,0.3079664333183976,0.0418604262490654,0.2551195923180261,0.3779857290420797,5,25.074067020874026,3.3726256636524665,20.787553921508792,30.64438440551758,5,0.1334165385979433,0.03930370393469667,0.08160517768809901,0.1930957985160204,5,10.858373225451968,3.1767773282453935,6.64932080852607,15.654828841731774,5,0.03897644346042697,0.08518418947088062,-0.06362818556427956,0.16411528908992407,5,0.006397789661586285,0.013957016912797552,-0.01038634395003319,0.02694778580516577,5,0.09396702667670546,0.030689302019798432,0.05277149369616379,0.14466461351690793,5,0.015380336233923899,0.005050203503713892,0.00862639483628195,0.023753977782980943,5,0.42000000000000004,0.20871032557111302,0.15,0.72,5,0.42000000000000004,0.20871032557111302,0.15,0.72,5,0.778,0.19229144546755064,0.48,0.96,5,0.778,0.19229144546755064,0.48,0.96,5,0.10306958108752196,0.0383170746836622,0.06364855027142913,0.17291514095748062,5,0.016871956959068776,0.006308930648892837,0.010422522507607944,0.02839272439032793,5,0.07425896701760143,0.030679206332074552,0.051372838278444126,0.13402250760495527,5,0.012157175287734506,0.005052413603178439,0.008412361335415893,0.02200654043711377,5,0.1276123764401676,0.04756286388403031,0.08179429359336636,0.2187731211028121,5,0.020890170777115562,0.007835183256213008,0.01339390901339838,0.03592261989771133,5,0.13223341185077256,0.029550404056644348,0.11161558475494385,0.1905863970884144,5,0.021642631960809226,0.004885983811482558,0.018219563767313957,0.03129435025602579,5,0.060258588702184736,0.03092409514113869,0.036613330802024925,0.12116944703070001,5,0.009866860777019445,0.005089589748931038,0.005995474922027383,0.019896064011354832,,,,,,,,,,,,,,,,5,1.4284461259841919,0.007164462814139764,1.4191893339157104,1.4411402940750122,,,,,,5,0.0038738255500793462,0.00010794548829773327,0.0037840676307678224,0.004085052013397217,5,9.573840427398682,3.955388860409248,4.151321887969971,14.53872299194336,5,1471.7796423435211,19.92383210749022,1457.5350415706635,1511.194186449051,,,,,,5,29.90519790649414,3.807650964948018,25.47991943359375,35.816314697265625
npe,"mu,m",2000,2,60000000,60000000,60000000,2,0.8649166666666667,0.004750000000000032,0.8601666666666666,0.8696666666666667,,,,,,,,,,,,,,,,,,,,,,,,,,,,,,,,,,,,,,,,,,,,,,,,,,,,,,,,,,,,,,,,,,,,,,,,,,,,,,,,,,,,,,,,,,,2,0.26749999999999996,0.07249999999999998,0.195,0.33999999999999997,2,0.2325,0.07249999999999998,0.16000000000000003,0.305,2,0.675,0.08500000000000002,0.59,0.76,2,0.22500000000000003,0.08500000000000002,0.14,0.31000000000000005,2,0.19,0.06105263157894736,0.12894736842105264,0.25105263157894736,2,300.0,0.0,300.0,300.0,2,0.9387301188707351,0.0034822744131088323,0.9352478444576263,0.942212393283844,2,0.14201465411146497,0.004696359945457834,0.13731829416600713,0.1467110140569228,2,63.650400390624995,0.019726333618162784,63.630674057006836,63.67012672424316,2,4.450553837444457,0.009973559416189381,4.440580278028268,4.4605273968606465,2,70.09017944335938,6.1613616943359375,63.92881774902344,76.25154113769531,2,-0.8558418921154708,0.08295508234736293,-0.9387969744628337,-0.7728868097681079,2,-69.6140647781372,6.637375505065922,-76.25144028320312,-62.97668927307128,2,0.4816630391671277,0.05836503596412834,0.4232980032029994,0.5400280751312561,2,39.192059350899825,4.810736187194983,34.38132316370484,44.00279553809481,2,0.11,0.09,0.02,0.2,2,0.11,0.09,0.02,0.2,2,0.485,0.145,0.34,0.63,2,0.485,0.145,0.34,0.63,2,0.8616849267689091,0.0771120476939246,0.7845728790749845,0.9387969744628337,2,70.09016938018799,6.16127090301514,63.928898477172844,76.25144028320312,2,0.47310154990782355,0.049803546704824175,0.4232980032029994,0.5229050966126477,2,38.49444848969861,4.113125325993771,34.38132316370484,42.60757381569238,2,0.9863378225944668,0.043478160373469465,0.9428596622209974,1.0298159829679363,2,80.23536042624886,3.408871459458581,76.82648896679028,83.64423188570744,2,0.9063011925604911,0.05003445567575071,0.8562667368847404,0.9563356482362418,2,73.72333147735594,3.9526437911987315,69.77068768615722,77.67597526855468,2,0.4377493795794426,0.029114669732214687,0.40863470984722794,0.4668640493116573,2,35.61577362004883,2.4254398052072794,33.190333814841544,38.0412134252561,2,0.19122917073818285,0.05534935113234575,0.13587981960583712,0.24657852187052862,2,0.031054788964241742,0.00893994362428784,0.022114845339953903,0.039994732588529584,2,0.24108302065224507,0.02344848196414269,0.21763453868810237,0.26453150261638775,2,0.03916367692227472,0.0037430066688442926,0.03542067025343043,0.042906683591119016,2,0.425,0.05499999999999999,0.37,0.48,2,0.425,0.05499999999999999,0.37,0.48,2,0.865,0.025000000000000022,0.84,0.89,2,0.865,0.025000000000000022,0.84,0.89,2,0.22695551458066227,0.04196261610000991,0.18499289848065234,0.26891813068067216,2,0.03686316735371947,0.006755021987110383,0.030108145366609093,0.04361818934082986,2,0.20978349168211738,0.03200344410133568,0.1777800475807817,0.24178693578345306,2,0.03407588814882575,0.005141654995077445,0.028934233153748306,0.039217543143903195,2,0.3091010784789765,0.052531170254925486,0.256569908224051,0.361632248733902,2,0.05020691130260568,0.008449393828355228,0.04175751747425045,0.05865630513096091,2,0.28272360059025126,0.040004189230931325,0.24271941135931996,0.3227277898211826,2,0.045924678886681794,0.006421370746940377,0.03950330813974142,0.052346049633622174,2,0.1928858734769771,0.03006372253750604,0.16282215093947106,0.22294959601448314,2,0.03133097030171654,0.004831179372479115,0.026499790929237425,0.036162149674195655,,,,,,,,,,,,,,,,2,1.3850345611572266,0.003222346305847168,1.3818122148513794,1.3882569074630737,,,,,,2,0.005136382579803467,0.00011622905731201172,0.005020153522491455,0.005252611637115478,2,44.74524116516113,3.4805126190185547,41.26472854614258,48.22575378417969,2,1317.883646607399,0.17667782306671143,1317.7069687843323,1318.0603244304657,,,,,,2,83.03862762451172,2.798736572265625,80.2398910522461,85.83736419677734
npe,"mu,m",3000,2,60000000,60000000,60000000,2,0.9559166666666665,0.007249999999999923,0.9486666666666667,0.9631666666666665,,,,,,,,,,,,,,,,,,,,,,,,,,,,,,,,,,,,,,,,,,,,,,,,,,,,,,,,,,,,,,,,,,,,,,,,,,,,,,,,,,,,,,,,,,,2,0.32,0.034999999999999976,0.28500000000000003,0.355,2,0.18,0.034999999999999976,0.14500000000000002,0.21499999999999997,2,0.7250000000000001,0.03999999999999998,0.685,0.765,2,0.175,0.03999999999999998,0.135,0.21499999999999997,2,0.13539473684210526,0.0361842105263158,0.09921052631578946,0.17157894736842105,2,300.0,0.0,300.0,300.0,2,1.3077610450983048,0.05983092010021207,1.2479301249980927,1.367591965198517,2,0.535603582613823,0.0591588757765322,0.47644470683729084,0.5947624583903552,2,68.2317985534668,0.08035598754882756,68.15144256591798,68.31215454101563,2,12.141204337615093,0.9373906375200685,11.203813700095024,13.078594975135161,2,61.03019332885742,14.655101776123047,46.375091552734375,75.68529510498047,2,-0.7171012006278591,0.21329190464134196,-0.930393105269201,-0.5038092959865171,2,-58.1306817428589,17.30313707427978,-75.43381881713867,-40.827544668579115,2,0.4955579114908778,0.024219168915911582,0.4713387425749662,0.5197770804067894,2,40.16821949293232,1.9533179134418255,38.214901579490494,42.121537406374145,2,0.24000000000000002,0.1,0.14,0.34,2,0.24000000000000002,0.1,0.14,0.34,2,0.68,0.13,0.55,0.81,2,0.68,0.13,0.55,0.81,2,0.7528807229479699,0.18061473774810993,0.57226598519986,0.9334954606960799,2,61.03023331146241,14.655116285705564,46.37511702575684,75.68534959716797,2,0.45422578543733716,0.010938449478063966,0.4432873359592732,0.46516423491540115,2,36.81863681214182,0.8956519975588684,35.922984814582954,37.71428880970069,2,0.8834226926197504,0.15954976175506053,0.7238729308646898,1.042972454374811,2,71.61122508125939,12.95023022827894,58.66099485298045,84.56145530953833,2,0.85778376572537,0.1562049536165116,0.7015788121088583,1.0139887193418815,2,69.53293077850341,12.678599867248536,56.85433091125488,82.21153064575195,2,0.3739511654208899,0.011525585755663564,0.36242557966522637,0.3854767511765535,2,30.311785953842026,0.9416518264928477,29.37013412734918,31.253437780334874,2,0.08870985337253659,0.0017460109407082189,0.08696384243182838,0.09045586431324482,2,0.014429193021357058,0.00022692823410034018,0.014202264787256717,0.014656121255457398,2,0.10607335595459623,0.0037557116163963317,0.1023176443381999,0.10982906757099256,2,0.017257231579388688,0.0006792033966762766,0.016578028182712413,0.017936434976064966,2,0.4,0.03,0.37,0.43,2,0.4,0.03,0.37,0.43,2,0.77,0.04999999999999999,0.72,0.82,2,0.77,0.04999999999999999,0.72,0.82,2,0.1082529928771779,0.0033839268816634946,0.1048690659955144,0.1116369197588414,2,0.017611551478505134,0.0006201295778155338,0.0169914219006896,0.018231681056320666,2,0.08605783130401257,0.0014272687348110338,0.08463056256920154,0.08748510003882361,2,0.013997996530354754,0.00017678708260537336,0.01382120944774938,0.014174783612960127,2,0.13832949946460957,0.0017602359695810532,0.13656926349502851,0.14008973543419062,2,0.022503012464340583,0.00037536214440202394,0.02212765031993856,0.02287837460874261,2,0.1362979348083958,0.007198238815926017,0.1290996959924698,0.14349617362432182,2,0.022176040397584442,0.001258647763729099,0.020917392633855343,0.02343468816131354,2,0.0678853692200618,0.002532568811605476,0.06535280040845633,0.07041793803166728,2,0.01104119444783171,0.0003682800414758136,0.010672914406355895,0.011409474489307523,,,,,,,,,,,,,,,,2,1.3648905754089355,8.571147918701172e-05,1.3648048639297485,1.3649762868881226,,,,,,2,0.006391243934631348,3.0624866485595877e-05,0.006360619068145752,0.0064218688011169435,2,37.64779758453369,11.796294212341309,25.851503372192383,49.444091796875,2,1292.5602902173996,1.0830124616622925,1291.4772777557373,1293.643302679062,,,,,,2,81.58259201049805,13.834545135498047,67.748046875,95.4171371459961
npse,mu,1000,5,20000000,20000000,20000000,5,0.8821333333333332,0.022509602889038822,0.8501666666666665,0.9193333333333333,,,,,,,,,,,,,,,,,,,,,,,,,,,,,,,,,,,,,,,,,,,,,,,,,,,,,,,,,,,,,,,,,,,,,,,,,,,,,,,,,,,,,,,,,,,5,0.154,0.06437390775772432,0.05,0.22,5,0.346,0.06437390775772432,0.28,0.45,5,0.394,0.11306635220082056,0.21,0.5,5,0.506,0.11306635220082058,0.4,0.6900000000000001,5,0.31252631578947365,0.06516325120402776,0.22947368421052627,0.3952631578947368,5,300.0,0.0,300.0,300.0,5,1.2886966948509215,0.02162233796629901,1.271473559141159,1.331406019926071,5,3.712355172549045,0.035320687382610454,3.642088467407044,3.736932573580483,5,62.958270309448245,2.7124293159244326,57.56564109802246,64.86587120056153,5,93.23436956995201,19.21476770850296,54.8057288347878,103.03230448978182,5,0.053643999993801116,0.013229987018211086,0.03764234855771065,0.07740142941474915,,,,,,,,,,,,,,,,,,,,,,,,,,,,,,,,,,,,,,,,,,,,,,,,,,,,,,,,,,,,,,,,,,,,,,,,,,,,,,,,,,,,,,,,,,,5,0.14747310420488588,0.18803423395309676,-0.1451327890984947,0.4057994405682024,5,0.020941597142517566,0.026788327975450225,-0.020809156015515334,0.05768269764333964,5,0.46520951705679464,0.08983232648207588,0.33710856858622557,0.6152799479918896,5,0.06625172980214236,0.012799283165869488,0.04770316259447076,0.08745947854866368,5,0.154,0.06437390775772432,0.05,0.22,5,0.154,0.06437390775772432,0.05,0.22,5,0.394,0.11306635220082056,0.21,0.5,5,0.394,0.11306635220082056,0.21,0.5,5,0.37668939557968983,0.09297549355676608,0.26601083290725946,0.5445212582018167,5,0.05364400142222643,0.013229985214626467,0.037642347677052025,0.07740142590850592,5,0.3487577292173948,0.0970754057955024,0.21209147210680238,0.49672849700080496,5,0.04966303384818723,0.013789489822423454,0.030012390568680707,0.07060788385688366,5,0.5145281443169509,0.1298295804094984,0.3402125155905415,0.7370499307145808,5,0.07327096693491653,0.01845653711719363,0.04814239219531055,0.1047685735104621,5,0.39987617528890845,0.08794479903704093,0.2934323493555188,0.5608118087763723,5,0.05694674105614424,0.012520793631018805,0.04152267932742834,0.0797170595690608,5,0.33317625072238266,0.10047476163613524,0.19186973646257122,0.4852742281771641,5,0.04744361645536156,0.014270110043479976,0.027150876991876335,0.06897970742253337,,,,,,,,,,,,,,,,5,1.4928987979888917,0.01609850117576284,1.4698740243911743,1.5133769512176514,,,,,,5,1.0639415946006774,0.013309261915188188,1.04960223197937,1.0811580777168275,5,0.03488100208342075,0.012289146666884356,0.024480480700731277,0.057686999440193176,5,1326.8216063499451,1.554017323216912,1324.0594708919525,1328.4714286327362,,,,,,5,0.062029413878917694,0.013302630746641583,0.046429067850112915,0.08675981312990189
npse,mu,2000,5,20000000,20000000,20000000,5,0.6925000000000001,0.026424105156718846,0.6465,0.7280000000000001,,,,,,,,,,,,,,,,,,,,,,,,,,,,,,,,,,,,,,,,,,,,,,,,,,,,,,,,,,,,,,,,,,,,,,,,,,,,,,,,,,,,,,,,,,,5,0.004,0.008,0.0,0.02,5,0.496,0.008000000000000007,0.48,0.5,5,0.016,0.032,0.0,0.08,5,0.884,0.03199999999999998,0.8200000000000001,0.9,5,0.49547368421052623,0.009052631578947312,0.4773684210526316,0.4999999999999999,5,300.0,0.0,300.0,300.0,5,0.881733789205551,0.0005619385417807042,0.8809750652313233,0.8826548528671264,5,0.43176716216586053,0.0008857503128007836,0.4300939781193739,0.4326104811238017,5,59.14854551696777,0.08569132040395834,59.074072189331055,59.315373001098635,5,8.647834430994756,0.07200997006264911,8.52250594544652,8.744324247402357,5,0.21947138905525207,0.042727049581469195,0.16934870183467865,0.26787689328193665,,,,,,,,,,,,,,,,,,,,,,,,,,,,,,,,,,,,,,,,,,,,,,,,,,,,,,,,,,,,,,,,,,,,,,,,,,,,,,,,,,,,,,,,,,,5,1.5913767507697485,0.3128660494375486,1.229242498882371,1.97008792850047,5,0.2194713842391968,0.042727053970013855,0.16934868752807378,0.26787690016180277,5,0.7392274706566424,0.041574466952598345,0.687147302159237,0.7826296665587903,5,0.10199781828939847,0.006092089957473305,0.09425452076257225,0.10871736856114854,5,0.004,0.008,0.0,0.02,5,0.004,0.008,0.0,0.02,5,0.016,0.032,0.0,0.08,5,0.016,0.032,0.0,0.08,5,1.5913767507697485,0.3128660494375486,1.229242498882371,1.97008792850047,5,0.2194713842391968,0.042727053970013855,0.16934868752807378,0.26787690016180277,5,0.7392274706566424,0.041574466952598345,0.687147302159237,0.7826296665587903,5,0.10199781828939847,0.006092089957473305,0.09425452076257225,0.10871736856114854,5,1.7624476644374858,0.2689406023191784,1.4409819630006588,2.0884825473855626,5,0.24308246132855055,0.03667253919660379,0.198519335287015,0.28397526005706664,5,1.5921445675684356,0.3120650810902125,1.232738318337756,1.9701236561265552,5,0.21957720485150817,0.042615386655009004,0.16983029505461453,0.26788175811916587,5,0.7384688542113185,0.04138670313473078,0.6870438596803353,0.7825341446392762,5,0.10189327754564896,0.006069977070158785,0.09424873704199858,0.10870921107541338,,,,,,,,,,,,,,,,5,1.4626698732376098,0.0102562200892108,1.4457412958145142,1.4746050834655762,,,,,,5,2.0722091207504274,0.22214410629502218,1.8212029147148132,2.3713608098030092,5,0.2194713830947876,0.04272705267131677,0.16934868693351746,0.26787689328193665,5,1253.3990156650543,0.4315856078445799,1253.0076034069061,1254.0053205490112,,,,,,5,0.23435423374176026,0.04524394290458533,0.1811145544052124,0.28390711545944214
npse,mu,3000,5,19998000,20000000,19998000,5,0.7914666666666668,0.03892591253479708,0.7234999999999999,0.8255000000000002,,,,,,,,,,,,,,,,,,,,,,,,,,,,,,,,,,,,,,,,,,,,,,,,,,,,,,,,,,,,,,,,,,,,,,,,,,,,,,,,,,,,,,,,,,,5,0.094,0.07709734106958553,0.0,0.19,5,0.406,0.07709734106958553,0.31,0.5,5,0.22399999999999998,0.16019987515600628,0.03,0.38,5,0.6759999999999999,0.16019987515600626,0.52,0.87,5,0.39221052631578945,0.08254564757464807,0.3063157894736842,0.4936842105263157,5,300.0,0.0,300.0,300.0,5,1.7425552372932434,0.14268758268996073,1.5609861779212952,1.8992220151424408,5,1.5750826326975518,0.19210445168043644,1.3338603081746943,1.8040440184933533,5,78.10232827758789,3.203250223694555,74.2329557800293,81.45733177185059,5,36.824230410883125,2.7088698494552497,32.170463891280924,39.6922780168455,5,0.16880163550376892,0.09463227211388653,0.07725198566913605,0.28654900193214417,,,,,,,,,,,,,,,,,,,,,,,,,,,,,,,,,,,,,,,,,,,,,,,,,,,,,,,,,,,,,,,,,,,,,,,,,,,,,,,,,,,,,,,,,,,5,1.2022887529110668,0.7844886429900657,0.4411836731073963,2.1734297322196707,5,0.15820506346940993,0.10367069255710877,0.058722547933459296,0.28654900322705507,5,0.9546986953196812,0.4083797036060495,0.5929042977936267,1.6665629317607191,5,0.12559590245036703,0.05405936494729232,0.07695053517641563,0.21972274384130708,5,0.094,0.07709734106958553,0.0,0.19,5,0.094,0.07709734106958553,0.0,0.19,5,0.22399999999999998,0.16019987515600628,0.03,0.38,5,0.22399999999999998,0.16019987515600628,0.03,0.38,5,1.2830263191880047,0.7156240335731365,0.5803957424459565,2.1734297322196707,5,0.16880162909269333,0.09463226571140486,0.07725198927819729,0.28654900322705507,5,0.87275185583164,0.4681604025386308,0.5030633848843407,1.6665629317607191,5,0.11485239227626409,0.06191019741411956,0.06529046553157809,0.21972274384130708,5,1.5565754316488019,0.8462961556728567,0.7685336354117213,2.73883712666806,5,0.20480947884901785,0.11192085429914732,0.10229357016698815,0.36109336107379686,5,1.3039278928649187,0.7005477254829401,0.598463125085603,2.1742985907776102,5,0.17153097588837146,0.0926471422629056,0.07965679914653301,0.28666355520933867,5,0.8502553003785831,0.4849884869258024,0.4392652174892324,1.6655037666741677,5,0.11191736581995589,0.06411926973401565,0.05701037138882263,0.21958310147313853,,,,,,,,,,,,,,,,5,1.4294310092926026,0.02322245611314178,1.4078660011291504,1.4685723781585693,,,,,,5,2.559099477291107,0.10669496187159908,2.4393019676208496,2.7026736974716186,5,0.15820635482668877,0.10366993530828329,0.05872255191206932,0.28654900193214417,5,1272.5105889320373,3.562530039341909,1270.040308713913,1279.5629298686981,,,,,,5,0.17683448046445846,0.09200141976723576,0.08337153494358063,0.28898459672927856
npse,mu,1000,5,40000000,40000000,40000000,5,0.9003,0.010858381299459185,0.8908333333333333,0.9138333333333334,,,,,,,,,,,,,,,,,,,,,,,,,,,,,,,,,,,,,,,,,,,,,,,,,,,,,,,,,,,,,,,,,,,,,,,,,,,,,,,,,,,,,,,,,,,5,0.22599999999999998,0.0798999374217527,0.12,0.36,5,0.274,0.0798999374217527,0.14,0.38,5,0.5660000000000001,0.09134549797335388,0.46,0.73,5,0.33399999999999996,0.09134549797335388,0.17000000000000004,0.44,5,0.23968421052631578,0.05586548942403762,0.14263157894736836,0.3157894736842105,5,300.0,0.0,300.0,300.0,5,1.2441063849925995,0.04041232562300066,1.1673506665229798,1.2799351871013642,5,3.4513370714882066,0.32343387452936817,2.83118029936067,3.719520644679149,5,56.9203345336914,3.841382941582873,52.30275398254395,62.68615859985351,5,51.364564027315325,27.754237484327156,16.758183334645594,91.57675976597943,5,0.03381008990108967,0.004166211208746738,0.028369324281811714,0.0385877899825573,,,,,,,,,,,,,,,,,,,,,,,,,,,,,,,,,,,,,,,,,,,,,,,,,,,,,,,,,,,,,,,,,,,,,,,,,,,,,,,,,,,,,,,,,,,5,0.06450621580139734,0.14380776478574975,-0.15792316658198835,0.22387832798752935,5,0.00935861204534769,0.020742471971355637,-0.022706138174235807,0.03235613267719745,5,0.2846117442087831,0.03305739156255624,0.22499928986232895,0.31509881419233865,5,0.0410487567596466,0.004738968810147869,0.03251814203782491,0.04572200559587172,5,0.22599999999999998,0.0798999374217527,0.12,0.36,5,0.22599999999999998,0.0798999374217527,0.12,0.36,5,0.5660000000000001,0.09134549797335388,0.46,0.73,5,0.5660000000000001,0.09134549797335388,0.46,0.73,5,0.23439238532916642,0.0288831791514284,0.19793137628287077,0.2675381864398718,5,0.03381008682757616,0.004166211392625851,0.028369324524700642,0.0385877905651927,5,0.22569202077799258,0.015081266098446938,0.207292672569694,0.24701497427886138,5,0.03255653680310245,0.0022101227400169077,0.029804467821039078,0.0358427884105097,5,0.3267770524019574,0.012454685530527487,0.310914052434327,0.34375548192591643,5,0.04713697383147468,0.0018432899405301996,0.04456302985996722,0.04966564912306912,5,0.25969751242415046,0.02549169241776511,0.2298205365918577,0.29115125082433224,5,0.037457343361079684,0.003655384664173478,0.03334781094491482,0.041861624868214126,5,0.2114814763457485,0.016711431142991128,0.1889779338136555,0.23625551246017804,5,0.030508069400833636,0.0024571211029661023,0.027171181379484027,0.03428155084357034,,,,,,,,,,,,,,,,5,1.4853923797607422,0.011181105690460021,1.4690148830413818,1.499103307723999,,,,,,5,1.0650551404953004,0.004627499822343375,1.059196162223816,1.0701012754440307,5,0.025986485928297044,0.005819622092475984,0.017717964947223663,0.03237093612551689,5,2650.8990772247316,4.437780958913343,2643.4936010837555,2654.6177439689636,,,,,,5,0.0417922630906105,0.003506462597903961,0.03725777193903923,0.045993998646736145
npse,mu,2000,5,40000000,40000000,40000000,5,0.7637000000000002,0.010801954555645128,0.7456666666666667,0.7758333333333335,,,,,,,,,,,,,,,,,,,,,,,,,,,,,,,,,,,,,,,,,,,,,,,,,,,,,,,,,,,,,,,,,,,,,,,,,,,,,,,,,,,,,,,,,,,5,0.008,0.016,0.0,0.04,5,0.492,0.01599999999999999,0.46,0.5,5,0.028000000000000004,0.041665333311999314,0.0,0.11,5,0.8720000000000001,0.04166533331199931,0.79,0.9,5,0.4907368421052631,0.016711997448712147,0.45736842105263154,0.4999999999999999,5,300.0,0.0,300.0,300.0,5,0.8787644510269164,0.0012367827611105874,0.877068600654602,0.8800907158851623,5,0.4261647695405718,0.007540191371250533,0.4145693235846178,0.4329935815526654,5,58.80455691528321,0.10096783476460693,58.61561508178711,58.914607467651365,5,8.353695898371658,0.19129377506822376,8.11481840862763,8.568572080933603,5,0.13706207573413848,0.030480591031016455,0.09931786358356476,0.19216419756412506,,,,,,,,,,,,,,,,,,,,,,,,,,,,,,,,,,,,,,,,,,,,,,,,,,,,,,,,,,,,,,,,,,,,,,,,,,,,,,,,,,,,,,,,,,,5,1.027716028019511,0.23431948485353696,0.7411513335296783,1.454031784504649,5,0.13705914656460286,0.03048422621818035,0.09930319291800259,0.19216420235037807,5,0.5379247142525083,0.09392136085526412,0.4130607535043494,0.6712919493177062,5,0.07184999471746438,0.012739426649785262,0.05514231457858538,0.08970628890245308,5,0.008,0.016,0.0,0.04,5,0.008,0.016,0.0,0.04,5,0.028000000000000004,0.041665333311999314,0.0,0.11,5,0.028000000000000004,0.041665333311999314,0.0,0.11,5,1.0277379380670422,0.23429269218239315,0.741260883767334,1.454031784504649,5,0.13706208216130733,0.030480590710908258,0.09931787090152502,0.19216420235037807,5,0.5378951618069924,0.09391770552475849,0.4130607535043494,0.6712919493177062,5,0.07184603516133967,0.012738873282989848,0.05514231457858538,0.08970628890245308,5,1.1695212584361052,0.20374027958360047,0.9226950836177129,1.523787934424028,5,0.15601840095411507,0.02640967627829592,0.12362733929891212,0.20138314442213837,5,1.0292151354304186,0.2326025579260215,0.748090389878479,1.454031784504649,5,0.13725996957421302,0.03025136990304408,0.10023292261809111,0.19216420235037807,5,0.5363755387459239,0.09384818387948422,0.4127016934126168,0.6712004192149323,5,0.07164246773401318,0.012726237297200422,0.05509438119248863,0.08969405751895146,,,,,,,,,,,,,,,,5,1.4149800062179565,0.005686601989030222,1.4062614440917969,1.421264410018921,,,,,,5,1.790545515537262,0.05680504450654992,1.7421669888496398,1.9006424379348754,5,0.13705914318561555,0.030484225775123556,0.09930318593978882,0.19216419756412506,5,2569.3009557724,2.7290380647573302,2565.235500097275,2573.096979379654,,,,,,5,0.14327392727136612,0.03122642053929883,0.10442433506250381,0.19956550002098083
npse,mu,3000,5,39999000,40000000,39999000,5,0.8260333333333334,0.012245361933764444,0.8130000000000001,0.8431666666666665,,,,,,,,,,,,,,,,,,,,,,,,,,,,,,,,,,,,,,,,,,,,,,,,,,,,,,,,,,,,,,,,,,,,,,,,,,,,,,,,,,,,,,,,,,,5,0.06200000000000001,0.05268775948927796,0.0,0.13,5,0.438,0.05268775948927796,0.37,0.5,5,0.194,0.11740528097151337,0.04,0.33,5,0.7060000000000001,0.11740528097151334,0.5700000000000001,0.86,5,0.42399999999999993,0.050247696712692656,0.3578947368421053,0.4878947368421052,5,300.0,0.0,300.0,300.0,5,1.7857431199550629,0.0754883313990364,1.6862385487556457,1.874324120283127,5,1.6735973323049014,0.10931407686633389,1.552308569923365,1.8056205822245082,5,77.69842565917969,2.1478738553839176,75.14967147827149,80.36940864562989,5,38.22777502089921,1.220113912305189,36.876991870519156,39.70276444659257,5,0.106425541639328,0.023452231042308796,0.08233055472373962,0.1397210657596588,,,,,,,,,,,,,,,,,,,,,,,,,,,,,,,,,,,,,,,,,,,,,,,,,,,,,,,,,,,,,,,,,,,,,,,,,,,,,,,,,,,,,,,,,,,5,0.7975319114190325,0.2034179157388392,0.534818594918734,1.0684747614690009,5,0.10369702489227058,0.026505922518499734,0.07001172755211592,0.1397210515767336,5,0.6228597575251046,0.10953279131928215,0.48950819579115035,0.7941333609935826,5,0.0810286821447401,0.014449109958757443,0.06400069590563792,0.10384629841901402,5,0.06200000000000001,0.05268775948927796,0.0,0.13,5,0.06200000000000001,0.05268775948927796,0.0,0.13,5,0.194,0.11740528097151337,0.04,0.33,5,0.194,0.11740528097151337,0.04,0.33,5,0.8183842871680375,0.17962404867015927,0.6297037226470354,1.0684747614690009,5,0.10642553939014673,0.023452232752005735,0.08233054410517215,0.1397210515767336,5,0.5991896345424117,0.12783524399158916,0.46137336144851254,0.7941333609935826,5,0.07793178055710134,0.01674204086843538,0.06039720081474343,0.10384629841901402,5,1.0143957601649023,0.21997488459622902,0.786015715463225,1.3312723654230945,5,0.13192211645782628,0.028750933864245203,0.10289529812466867,0.17408626008114242,5,0.8314853409022076,0.16947820202614933,0.6512948513897302,1.0704309431024732,5,0.1081332743784785,0.022144424074628587,0.08515347362756728,0.1399768550902605,5,0.5872207857443723,0.1366289854843483,0.4359314775335033,0.7918435537916051,5,0.07637187070209837,0.01787399331704211,0.057066669344325506,0.1035468677912291,,,,,,,,,,,,,,,,5,1.4144893169403077,0.00954002791776427,1.406663179397583,1.4325602054595947,,,,,,5,2.435298092365265,0.04720080892483899,2.385191104412079,2.5141908383369445,5,0.10369702726602555,0.026505923083856478,0.07001173496246338,0.13972105085849762,5,2540.7448386192323,2.574833284870101,2538.396677494049,2544.225836753845,,,,,,5,0.11235734075307846,0.021421556137620316,0.09014572948217392,0.1438925862312317
npse,mu,1000,5,60000000,60000000,60000000,5,0.9069333333333335,0.008286937512334305,0.894,0.9165000000000001,,,,,,,,,,,,,,,,,,,,,,,,,,,,,,,,,,,,,,,,,,,,,,,,,,,,,,,,,,,,,,,,,,,,,,,,,,,,,,,,,,,,,,,,,,,5,0.35,0.053291650377896904,0.27,0.43,5,0.15,0.0532916503778969,0.07,0.22999999999999998,5,0.7759999999999999,0.11943198901466895,0.57,0.9,5,0.12400000000000003,0.11943198901466895,0.0,0.33000000000000007,5,0.11494736842105262,0.05662492623808127,0.02736842105263157,0.20421052631578948,5,300.0,0.0,300.0,300.0,5,1.2688372752666475,0.06532492331832619,1.1686718547344208,1.3706073927879334,5,3.5012744673958687,0.3081907265354569,2.957480802842697,3.7381035336855764,5,58.8926321105957,5.123983614506943,51.857124404907225,64.3409009552002,5,64.70326425319858,35.88021209137717,18.06632704582237,102.92506534511195,5,0.02074333019554615,0.0031061014873454062,0.016324205324053764,0.0258878655731678,,,,,,,,,,,,,,,,,,,,,,,,,,,,,,,,,,,,,,,,,,,,,,,,,,,,,,,,,,,,,,,,,,,,,,,,,,,,,,,,,,,,,,,,,,,5,0.0457879764052562,0.06414934879894808,-0.02012175407218746,0.16693916322073782,5,0.006584477035999297,0.0092265690517499,-0.0029216390967369077,0.023998846535384654,5,0.24708613167327376,0.0529170991711399,0.15468963988615744,0.3145204620888689,5,0.035654279294884975,0.007589822379145809,0.02231547677132821,0.04521484087198608,5,0.35,0.053291650377896904,0.27,0.43,5,0.35,0.053291650377896904,0.27,0.43,5,0.7759999999999999,0.11943198901466895,0.57,0.9,5,0.7759999999999999,0.11943198901466895,0.57,0.9,5,0.14374140681483666,0.021702438281199322,0.11315847085267304,0.1800793613561138,5,0.02074332766354084,0.0031060985290413874,0.01632420410960913,0.025887855134904384,5,0.21109748767068073,0.06609626633356212,0.10638125374790121,0.30718598422292953,5,0.030454816887121892,0.009480959225294664,0.01534652457064348,0.04416045093318423,5,0.2566419258499182,0.06479487233271723,0.15531197852931564,0.35607836958938655,5,0.03702876768956581,0.009283766125938507,0.022405255102532166,0.051189124529610455,5,0.17705471093141356,0.022092904725501263,0.1384349249795079,0.20237470547637781,5,0.0255550974136591,0.0031935586295703824,0.019970577217638497,0.029092989315092566,5,0.2007717298402424,0.06719235563134066,0.09460773100792412,0.2993162834822009,5,0.028964173521346587,0.009640281731459775,0.01364808000079705,0.04302911847986019,,,,,,,,,,,,,,,,5,1.474833607673645,0.006481099073511935,1.4654031991958618,1.4836678504943848,,,,,,5,1.0766017112731934,0.021546396053627966,1.0594821739196778,1.119107599258423,5,0.014249602518975734,0.005262151685730706,0.008608832024037838,0.024155952036380768,5,3976.357426023483,5.142401848247529,3967.906612634659,3983.7724974155426,,,,,,5,0.029863942041993143,0.0036870550041161773,0.02330181561410427,0.03366043418645859
npse,mu,2000,5,60000000,60000000,60000000,5,0.7819666666666667,0.019593196097965657,0.7479999999999999,0.8090000000000002,,,,,,,,,,,,,,,,,,,,,,,,,,,,,,,,,,,,,,,,,,,,,,,,,,,,,,,,,,,,,,,,,,,,,,,,,,,,,,,,,,,,,,,,,,,5,0.0,0.0,0.0,0.0,5,0.5,0.0,0.5,0.5,5,0.0,0.0,0.0,0.0,5,0.9,0.0,0.9,0.9,5,0.49957894736842096,0.0008421052631578663,0.4978947368421052,0.4999999999999999,5,300.0,0.0,300.0,300.0,5,0.8770775299072266,0.0022081153308051915,0.8747305262088776,0.8807841598987579,5,0.41677641065067483,0.0101470682428115,0.40401825477901526,0.43295339051701287,5,58.73862634277344,0.1347358049155746,58.580523834228515,58.97395469665528,5,8.077115070633184,0.31277534790142797,7.694195587014152,8.596967710061332,5,0.13056678026914598,0.02418494028751787,0.0988416001200676,0.15502826869487762,,,,,,,,,,,,,,,,,,,,,,,,,,,,,,,,,,,,,,,,,,,,,,,,,,,,,,,,,,,,,,,,,,,,,,,,,,,,,,,,,,,,,,,,,,,5,0.9887277628919888,0.18286230382720334,0.7472388670760672,1.1739484443198709,5,0.13056678348273038,0.024184942007722053,0.0988416003704071,0.1550282631754875,5,0.47695701188861434,0.14319873005697167,0.30161821750333684,0.6513245326525344,5,0.06302380837313185,0.019048391314328145,0.03969665403969342,0.08601204985826244,5,0.0,0.0,0.0,0.0,5,0.0,0.0,0.0,0.0,5,0.0,0.0,0.0,0.0,5,0.0,0.0,0.0,0.0,5,0.9887277628919888,0.18286230382720334,0.7472388670760672,1.1739484443198709,5,0.13056678348273038,0.024184942007722053,0.0988416003704071,0.1550282631754875,5,0.47695701188861434,0.14319873005697167,0.30161821750333684,0.6513245326525344,5,0.06302380837313185,0.019048391314328145,0.03969665403969342,0.08601204985826244,5,1.1025130076336978,0.2085189361965297,0.8431947370310572,1.3425269445177208,5,0.14560899556241466,0.027666919123111595,0.11097476146620344,0.17729025665283596,5,0.9888269364878941,0.18274606369771937,0.747674861754803,1.1739507473598985,5,0.13057989445537327,0.02416964560769613,0.09889927191436293,0.15502856730818748,5,0.47691300973281264,0.1432159741674141,0.30159666921835476,0.6513221506132025,5,0.06301799244188855,0.019050644607221265,0.03969381802202042,0.08601173529314003,,,,,,,,,,,,,,,,5,1.4187327384948731,0.01865909816877995,1.3946452140808105,1.4390559196472168,,,,,,5,1.7945483355522156,0.03649988303237011,1.7660253715515137,1.8661388993263244,5,0.13056678473949432,0.024184945625601105,0.0988416001200676,0.15502826869487762,5,3822.090877008438,2.316991925875062,3819.5383081436157,3826.420339345932,,,,,,5,0.1355186104774475,0.02502352371914416,0.1040370762348175,0.16112376749515533
npse,mu,3000,5,60000000,60000000,60000000,5,0.8685333333333334,0.022582047933898477,0.847,0.9006666666666666,,,,,,,,,,,,,,,,,,,,,,,,,,,,,,,,,,,,,,,,,,,,,,,,,,,,,,,,,,,,,,,,,,,,,,,,,,,,,,,,,,,,,,,,,,,5,0.154,0.1070700705145934,0.01,0.28,5,0.346,0.1070700705145934,0.21999999999999997,0.49,5,0.35,0.23099783548769454,0.1,0.72,5,0.55,0.23099783548769456,0.18000000000000005,0.8,5,0.32926315789473687,0.11572754324674824,0.15210526315789472,0.4715789473684211,5,300.0,0.0,300.0,300.0,5,1.7697858564853668,0.1636615830114918,1.5652987086772918,2.0143732345104217,5,1.5196428953811398,0.16183087556536793,1.3589792452976925,1.8285717706199143,5,77.64441233825684,4.8850946887793745,72.2201114654541,85.34403007507325,5,34.2224503444487,3.5390707138395165,29.93202236380622,40.053750251510124,5,0.07137801237404347,0.03213570746210687,0.030828936025500298,0.12431585043668747,,,,,,,,,,,,,,,,,,,,,,,,,,,,,,,,,,,,,,,,,,,,,,,,,,,,,,,,,,,,,,,,,,,,,,,,,,,,,,,,,,,,,,,,,,,5,0.2555096492716461,0.4289538928320862,-0.31649339525499376,0.9877530572815448,5,0.032267438749969,0.05407776611214066,-0.040313112922012805,0.12417630595713854,5,0.5353036664529637,0.1413080176448912,0.3142587463884598,0.6969465979865493,5,0.06810150486483131,0.017769432121077084,0.040251278837935486,0.08877305862181402,5,0.154,0.1070700705145934,0.01,0.28,5,0.154,0.1070700705145934,0.01,0.28,5,0.35,0.23099783548769454,0.1,0.72,5,0.35,0.23099783548769454,0.1,0.72,5,0.56210144147421,0.25713276900947724,0.2406945397604257,0.9888630345268757,5,0.07137801251024009,0.03213570672562511,0.03082893711626529,0.12431584766656162,5,0.3924898984165651,0.1402889249032995,0.21687768750263528,0.6444483162450626,5,0.049873271260797304,0.01744398380537411,0.027778397077069635,0.08101742790794453,5,0.6896742004218852,0.28311497927144114,0.3239904208568115,1.180323571468772,5,0.0875990216948441,0.03529265464694928,0.041497743407202164,0.14838548987645234,5,0.5864308644005447,0.24359491811091663,0.28979495316930115,0.994487793020776,5,0.07448601144224405,0.030391930108675323,0.0371178774625063,0.12502296954542397,5,0.37431178352845207,0.1458379318976303,0.19402722067196945,0.6379050795935691,5,0.04755353253983739,0.018156323759990847,0.024851635152328615,0.08019483864674712,,,,,,,,,,,,,,,,5,1.4054998874664306,0.011647095930674745,1.3912127017974854,1.4238885641098022,,,,,,5,2.6075870280265807,0.18473718188758573,2.3927651119232176,2.907217860221863,5,0.051763244159519675,0.039669614125171546,0.011208276264369488,0.12417630106210709,5,3811.908970928192,1.7397229033323989,3810.775370836258,3815.348437309265,,,,,,5,0.07894541546702386,0.02934285835175243,0.04318736121058464,0.12699547410011292
npse,"mu,cd",1000,5,20000000,20000000,20000000,5,0.9512333333333333,0.006482112138630306,0.9424999999999999,0.9593333333333334,5,-1.4444749306463291,0.07846941786189138,-1.5301454882160834,-1.313383625920369,5,-0.12955511300489306,0.007064282859146279,-0.136770531257987,-0.11799000468850135,5,0.451092304184725,0.005139214829844949,0.44505143811385967,0.4589834454645247,5,0.040456931189192746,0.00033835974089843266,0.03998193661766273,0.04097742669536205,5,0.0,0.0,0.0,0.0,5,0.0,0.0,0.0,0.0,5,0.43600000000000005,0.11943198901466894,0.26,0.63,5,0.43600000000000005,0.11943198901466894,0.26,0.63,5,1.4444749306463291,0.07846941786189138,1.313383625920369,1.5301454882160834,5,0.12955511300489306,0.007064282859146279,0.11799000468850135,0.136770531257987,5,0.451092304184725,0.005139214829844949,0.44505143811385967,0.4589834454645247,5,0.040456931189192746,0.00033835974089843266,0.03998193661766273,0.04097742669536205,5,1.513446329010698,0.0752074626157208,1.3867398210922444,1.5963337601545047,5,0.13574069849039905,0.006765496280729229,0.124580080518883,0.14268670408949566,5,1.4931969898634248,0.060990980637878806,1.391977952490999,1.5557163658783841,5,0.13392553168430923,0.005519440234602293,0.12505065672844645,0.1399130653299391,5,0.41913197562260285,0.013759489785803344,0.3956619220091092,0.4380155745944852,5,0.03759028114718562,0.0011917702660177703,0.035544947309294195,0.0391515862231087,5,0.05900000000000001,0.035972211497209895,0.015,0.09,5,0.441,0.03597221149720988,0.41000000000000003,0.485,5,0.384,0.12519584657647392,0.20500000000000002,0.56,5,0.5160000000000001,0.12519584657647395,0.33999999999999997,0.6950000000000001,5,0.37973684210526304,0.05037532263116442,0.31368421052631573,0.45105263157894737,5,300.0,0.0,300.0,300.0,5,0.8067325923442841,0.06927416750019438,0.769784744977951,0.9452542102336884,5,0.20670122245421751,0.3187477946631014,0.04606831789813364,0.8441950918528611,5,50.24603240966797,0.9990340017031109,49.69933235168457,52.24254898071289,5,3.2855446056015607,3.1078923632639124,1.71067303000771,9.501288378022583,5,0.13936640769243241,0.01011598947608144,0.12349630147218704,0.1553051471710205,,,,,,,,,,,,,,,,,,,,,,,,,,,,,,,,,,,,,,,,,,,,,,,,,,,,,,,,,,,,,,,,,,,,,,,,,,,,,,,,,,,,,,,,,,,5,-0.007002616024008024,0.24726254315961302,-0.4130049909383059,0.313325534940185,5,-0.0010354156905412622,0.04016404889113729,-0.06687426449805497,0.051002313181757936,5,0.19334684505378083,0.03874512610043973,0.14192374319135068,0.2607384651093689,5,0.03157761669636729,0.006369219411378238,0.023101976151138265,0.04262093498907319,5,0.11800000000000002,0.07194442299441979,0.03,0.18,5,0.11800000000000002,0.07194442299441979,0.03,0.18,5,0.332,0.16773789077009404,0.12,0.52,5,0.332,0.16773789077009404,0.12,0.52,5,0.26205973920420744,0.09349273150369086,0.16746983611211178,0.41642823756635194,5,0.04271038783252239,0.015004101385638307,0.027429642927646644,0.06742856115549803,5,0.14873470271181105,0.02310367120523555,0.11929378274233239,0.18059167837019868,5,0.024271196883782965,0.003680279303057128,0.019538956638823896,0.029241620827735786,5,0.3030924476592623,0.09059225872913329,0.2056140866000975,0.4539006844444975,5,0.04941321779288531,0.014500677517541674,0.033677234709400296,0.07349614444400336,5,0.2718530610609148,0.08897880425930821,0.18110667799785735,0.4206531174391508,5,0.04431332029044628,0.014260134382147982,0.02966320133805275,0.06811265862435102,5,0.1392620266434576,0.023876294756207117,0.1078344115511681,0.17475793637182271,5,0.02272208896981725,0.0037985639585523213,0.017662043163073748,0.028297014589591194,,,,,,,,,,,,,,,,5,1.4871586561203003,0.01497580962715743,1.4577621221542358,1.498927116394043,,,,,,5,1.6522978878021237,0.07574503046957845,1.561142816543579,1.7708447432518006,5,0.08783731162548065,0.00655882399778866,0.07889861613512039,0.09935688227415085,5,1326.549448108673,1.3433303771375047,1324.469791173935,1327.9327635765076,,,,,,5,0.16227103471755983,0.007921016815839307,0.15039125084877014,0.1752205342054367
npse,"mu,cd",2000,2,20000000,20000000,20000000,2,0.7901666666666667,0.03150000000000003,0.7586666666666666,0.8216666666666667,2,-1.3550061164564329,0.01178642320651202,-1.366792539662945,-1.343219693249921,2,-0.12045164455603807,0.0014847499625757557,-0.12193639451861384,-0.11896689459346232,2,0.46785679766418925,0.004756861928748912,0.46309993573544034,0.47261365959293816,2,0.041589790426341006,0.0005737450673649926,0.04101604535897602,0.042163535493706,2,0.02,0.01,0.01,0.03,2,0.02,0.01,0.01,0.03,2,0.675,0.024999999999999967,0.65,0.7,2,0.675,0.024999999999999967,0.65,0.7,2,1.3550061164564329,0.01178642320651202,1.343219693249921,1.366792539662945,2,0.12045164455603807,0.0014847499625757557,0.11896689459346232,0.12193639451861384,2,0.46785679766418925,0.004756861928748912,0.46309993573544034,0.47261365959293816,2,0.041589790426341006,0.0005737450673649926,0.04101604535897602,0.042163535493706,2,1.4335033940601098,0.01269352120147127,1.4208098728586385,1.446196915261581,2,0.1274296381485477,0.0015907014631896255,0.1258389366853581,0.12902033961173734,2,1.4525126892990308,0.01563816339689883,1.436874525902132,1.4681508526959297,2,0.12912034325208516,0.0018585846850648208,0.12726175856702032,0.13097892793714996,2,0.39869724059208667,0.0027756384548073,0.39592160213727934,0.40147287904689394,2,0.03544148945638359,0.0003753255259228462,0.03506616393046074,0.03581681498230643,2,0.0125,0.0024999999999999996,0.01,0.015,2,0.4875,0.0025000000000000022,0.485,0.49,2,0.3675,0.012500000000000011,0.355,0.38,2,0.5325,0.012500000000000011,0.52,0.545,2,0.40039473684210525,0.0038157894736842446,0.396578947368421,0.40421052631578946,2,300.0,0.0,300.0,300.0,2,0.8455213493108749,0.0015428549051284546,0.8439784944057465,0.8470642042160034,2,0.11179041833961093,0.0018535004372976713,0.10993691790231326,0.1136439187769086,2,58.039603309631346,0.11487270355224766,57.9247306060791,58.1544760131836,2,4.511785626494788,0.12924187939176202,4.382543747103027,4.641027505886551,2,0.20011121034622192,0.02422519028186798,0.17588602006435394,0.2243364006280899,,,,,,,,,,,,,,,,,,,,,,,,,,,,,,,,,,,,,,,,,,,,,,,,,,,,,,,,,,,,,,,,,,,,,,,,,,,,,,,,,,,,,,,,,,,2,0.9390501143211492,0.18980803350002473,0.7492420808211244,1.1288581478211739,2,0.1534778869226575,0.030684988999366766,0.12279289792329073,0.18416287592202427,2,0.248301321622838,0.016932595396704414,0.23136872622613358,0.2652339170195424,2,0.040607369993560356,0.0028616791082700446,0.03774569088529031,0.0434690491018304,2,0.005,0.005,0.0,0.01,2,0.005,0.005,0.0,0.01,2,0.06,0.05,0.01,0.11,2,0.06,0.05,0.01,0.11,2,0.9392620455100193,0.19001996468889493,0.7492420808211244,1.1292820101989143,2,0.15351246154755355,0.030719563624262813,0.12279289792329073,0.18423202517181636,2,0.2472624412149938,0.01797147580454861,0.2292909654104452,0.2652339170195424,2,0.04043788620978561,0.0030311628920447926,0.037406723317740816,0.0434690491018304,2,0.9735641367048709,0.1787605594540524,0.7948035772508185,1.1523246961589233,2,0.15912558824155415,0.028865640405632442,0.1302599478359217,0.1879912286471866,2,0.9447266648704178,0.18726647042424394,0.7574601944461739,1.1319931352946617,2,0.15440704039335254,0.030267280034720928,0.12413976035863161,0.18467432042807347,2,0.24178803888382533,0.023893448761963754,0.21789459012186158,0.2656814876457891,2,0.03954495504516272,0.0039974460633889555,0.035547508981773765,0.043542401108551676,,,,,,,,,,,,,,,,2,1.4371290802955627,0.005185067653656006,1.4319440126419067,1.4423141479492188,,,,,,2,2.7313013088703153,0.0844965589046478,2.6468047499656677,2.8157978677749633,2,0.12691422924399376,0.014670301228761673,0.11224392801523209,0.14158453047275543,2,1252.8844219446182,0.13339436054229736,1252.751027584076,1253.0178163051605,,,,,,2,0.22341226786375046,0.01955895870923996,0.2038533091545105,0.24297122657299042
npse,"mu,cd",3000,2,19998000,20000000,19998000,2,0.9468333333333333,0.006166666666666654,0.9406666666666667,0.953,2,-1.6104428627276883,0.015033218406510174,-1.6254760811341986,-1.5954096443211783,2,-0.14370455397050827,0.001566636717133224,-0.1452711906876415,-0.14213791725337505,2,0.4735137681077072,0.005808579799056607,0.4677051883086506,0.4793223479067638,2,0.04225159611800237,0.0004520946613132751,0.04179950145668909,0.04270369077931564,2,0.005,0.005,0.0,0.01,2,0.005,0.005,0.0,0.01,2,0.23500000000000001,0.04500000000000001,0.19,0.28,2,0.23500000000000001,0.04500000000000001,0.19,0.28,2,1.6104428627276883,0.015033218406510174,1.5954096443211783,1.6254760811341986,2,0.14370455397050827,0.001566636717133224,0.14213791725337505,0.1452711906876415,2,0.4735137681077072,0.005808579799056607,0.4677051883086506,0.4793223479067638,2,0.04225159611800237,0.0004520946613132751,0.04179950145668909,0.04270369077931564,2,1.6786416562753455,0.01278396535577564,1.6658576909195697,1.691425621631121,2,0.14978972939410437,0.0013754688686996863,0.14841426052540468,0.15116519826280406,2,1.6399900347719059,0.012633396891128858,1.6273566378807771,1.6526234316630348,2,0.14634076090361925,0.001356628488563008,0.14498413241505623,0.14769738939218224,2,0.4477065756026208,0.003800578294388568,0.4439059973082322,0.45150715389700935,2,0.039949058886611,0.0002765261868438798,0.03967253269976712,0.04022558507345488,2,0.052500000000000005,0.037500000000000006,0.015,0.09000000000000001,2,0.4475,0.037500000000000006,0.41,0.485,2,0.265,0.05499999999999999,0.21000000000000002,0.32,2,0.635,0.05499999999999994,0.5800000000000001,0.69,2,0.40881578947368413,0.03802631578947366,0.3707894736842105,0.4468421052631578,2,300.0,0.0,300.0,300.0,2,1.8638004088401794,0.1823908495903015,1.681409559249878,2.046191258430481,2,1.2041212637725272,0.26639753421250784,0.9377237295600193,1.470518797985035,2,80.78901378631592,2.4979371261596697,78.29107666015625,83.28695091247559,2,31.132661744758366,7.806039235074245,23.32662250968412,38.93870097983261,2,0.16313070058822632,0.004693478345870972,0.15843722224235535,0.1678241789340973,,,,,,,,,,,,,,,,,,,,,,,,,,,,,,,,,,,,,,,,,,,,,,,,,,,,,,,,,,,,,,,,,,,,,,,,,,,,,,,,,,,,,,,,,,,2,-0.3371431475414851,0.1045293151917911,-0.4416724627332762,-0.23261383234969402,2,-0.05519610615223647,0.01717108269780875,-0.07236718885004521,-0.038025023454427716,2,0.31521360281957167,0.04439052317348652,0.27082307964608515,0.3596041259930582,2,0.05157888656317844,0.0072050429535615475,0.044373843609616895,0.05878392951673999,2,0.1,0.07,0.03,0.17,2,0.1,0.07,0.03,0.17,2,0.29500000000000004,0.155,0.14,0.45,2,0.29500000000000004,0.155,0.14,0.45,2,0.40082949958434766,0.059169557600743466,0.34165994198360417,0.4599990571850911,2,0.06561029417514802,0.009759671938419347,0.05585062223672867,0.07536996611356736,2,0.24831008283144101,0.009939421476704804,0.2383706613547362,0.2582495043081458,2,0.04063611166668844,0.0015795344128051447,0.0390565772538833,0.04221564607949359,2,0.4731865147022638,0.04490585621808377,0.42828065848418,0.5180923709203475,2,0.07744941038568853,0.007439034168024682,0.07001037621766386,0.08488844455371322,2,0.4157796582103751,0.050124207134261106,0.36565545107611397,0.4659038653446362,2,0.06805529416054487,0.008282163481414313,0.059773130679130565,0.07633745764195919,2,0.23473446959002225,0.0022065435072990552,0.23252792608272319,0.2369410130973213,2,0.038415818235583515,0.0003165620446564134,0.038099256190927105,0.03873238028023993,,,,,,,,,,,,,,,,2,1.415909767150879,0.017767906188964844,1.398141860961914,1.4336776733398438,,,,,,2,3.9046701419353487,0.060006371736526454,3.844663770198822,3.964676513671875,2,0.10058104991912842,0.0051972270011901855,0.09538382291793823,0.1057782769203186,2,1271.7530385255814,1.28793203830719,1270.4651064872742,1273.0409705638885,,,,,,2,0.18266292661428452,0.004526518285274506,0.17813640832901,0.18718944489955902
npse,"mu,cd",1000,5,40000000,40000000,40000000,5,0.9577,0.005818934610390412,0.9491666666666667,0.9664999999999999,5,-1.4876777438020201,0.034457483145391175,-1.5285616801851956,-1.436595475002207,5,-0.13332778521053493,0.002790063476119655,-0.1363058447185904,-0.12897934347055853,5,0.4563239735948004,0.005912065166790637,0.45042604144161796,0.4671407020400616,5,0.04089942322772326,0.0006038638265991655,0.040363862359149905,0.0419566313275898,5,0.0,0.0,0.0,0.0,5,0.0,0.0,0.0,0.0,5,0.344,0.12674383614203888,0.21,0.58,5,0.344,0.12674383614203888,0.21,0.58,5,1.4876777438020201,0.034457483145391175,1.436595475002207,1.5285616801851956,5,0.13332778521053493,0.002790063476119655,0.12897934347055853,0.1363058447185904,5,0.4563239735948004,0.005912065166790637,0.45042604144161796,0.4671407020400616,5,0.04089942322772326,0.0006038638265991655,0.040363862359149905,0.0419566313275898,5,1.5561407206656803,0.03263382335192689,1.5055531135119686,1.5941742647507446,5,0.13946441694798772,0.002624240954381083,0.13517044655531277,0.14215669062339933,5,1.5327485881685703,0.020676223122193957,1.5075814434757604,1.561735592027899,5,0.13736992394290864,0.0015345712137807286,0.13535255276672545,0.13926404924727975,5,0.42534743584265844,0.0086407049535233,0.40910508837946336,0.433133851142246,5,0.038121198287482144,0.0007289873543430283,0.03672996733652175,0.03871682898606555,5,0.16,0.0834865258589672,0.045,0.29,5,0.34,0.08348652585896721,0.21000000000000002,0.455,5,0.5109999999999999,0.1656019323558756,0.25,0.76,5,0.38900000000000007,0.1656019323558756,0.14,0.65,5,0.29010526315789475,0.0884277253121334,0.15684210526315787,0.4223684210526316,5,300.0,0.0,300.0,300.0,5,0.8021787030696869,0.03554020074045784,0.7722807669639588,0.8620334649085999,5,0.22465168769652016,0.2262684598445968,0.04802533210456991,0.6145102705630806,5,50.175186950683596,0.41205054737137586,49.684229049682614,50.69546104431152,5,3.9133878914005296,2.02288953536965,1.7031523342223136,6.550510588615557,5,0.13565407395362855,0.003213758779297384,0.13014686107635498,0.13955339789390564,,,,,,,,,,,,,,,,,,,,,,,,,,,,,,,,,,,,,,,,,,,,,,,,,,,,,,,,,,,,,,,,,,,,,,,,,,,,,,,,,,,,,,,,,,,5,-0.022942370173826353,0.10505768106520284,-0.16995914288451897,0.1421171812672168,5,-0.0037561621555686022,0.017157639004551608,-0.02778260093480349,0.02318557527065277,5,0.10154430388479556,0.004703901049427039,0.09558740610163868,0.10994400420562753,5,0.016600018723877192,0.0007598946915836096,0.015607972896777043,0.017936711453865488,5,0.32,0.1669730517179344,0.09,0.58,5,0.32,0.1669730517179344,0.09,0.58,5,0.678,0.2316376480626584,0.29,0.94,5,0.678,0.2316376480626584,0.29,0.94,5,0.11968688097293723,0.03958192068623584,0.07830201767763356,0.17993154912600295,5,0.019560453143417835,0.006455025503993931,0.012821387998759754,0.029412753583490842,5,0.0765324260491234,0.012163505963134747,0.06253230792367845,0.09697126629706976,5,0.012508776347951205,0.0019705899544771558,0.01024021625060445,0.015820286720198244,5,0.14276598632313459,0.03891932920418609,0.10251489371450932,0.19725151011699535,5,0.02333293291633831,0.006340791231893904,0.01678607164528407,0.03224398460136224,5,0.14403721845339285,0.029067434486329875,0.10640706247985361,0.18757718351194635,5,0.02354281334370375,0.004732643170170479,0.017425094224512577,0.030662557621300223,5,0.06110223151410425,0.014242451622806266,0.04650501769159784,0.08365755143685707,5,0.00998614572180229,0.0023152411294564174,0.007614860680387969,0.013648233082704818,,,,,,,,,,,,,,,,5,1.471160101890564,0.007473189879198393,1.4597762823104858,1.481716275215149,,,,,,5,1.6754743156433105,0.03858015759120586,1.6259797859191893,1.729760582447052,5,0.08641552925109863,0.0028422016102922494,0.0817403495311737,0.08999890089035034,5,2651.370136976242,2.4600913374170568,2648.6928312778473,2655.852236509323,,,,,,5,0.15776456594467164,0.0010232751551955042,0.15648558735847473,0.15895283222198486
npse,"mu,cd",2000,2,40000000,40000000,40000000,2,0.87225,0.057583333333333375,0.8146666666666667,0.9298333333333334,2,-1.5384388234133612,0.01687184236894701,-1.5553106657823081,-1.5215669810444141,2,-0.13762919414583594,0.0014705187959596633,-0.1390997129417956,-0.13615867534987627,2,0.4618657243035174,0.0023083238686141816,0.45955740043490323,0.4641740481721316,2,0.041318714368047973,0.00019484137803148227,0.04112387299001649,0.041513555746079456,2,0.0,0.0,0.0,0.0,2,0.0,0.0,0.0,0.0,2,0.305,0.11499999999999999,0.19,0.42,2,0.305,0.11499999999999999,0.19,0.42,2,1.5384388234133612,0.01687184236894701,1.5215669810444141,1.5553106657823081,2,0.13762919414583594,0.0014705187959596633,0.13615867534987627,0.1390997129417956,2,0.4618657243035174,0.0023083238686141816,0.45955740043490323,0.4641740481721316,2,0.041318714368047973,0.00019484137803148227,0.04112387299001649,0.041513555746079456,2,1.6062754849337997,0.016823037674335684,1.589452447259464,1.6230985226081354,2,0.14369790201435004,0.001464439697172304,0.14223346231717773,0.14516234171152234,2,1.5779272455657614,0.0005944536333217787,1.5773327919324396,1.5785216991990831,2,0.1411622920738533,9.302315805106987e-05,0.14106926891580224,0.14125531523190438,2,0.43205018022952657,0.012877679759984884,0.4191725004695417,0.44492785998951145,2,0.03865113180746467,0.001141134881858217,0.03750999692560645,0.03979226668932288,2,0.0975,0.0025000000000000022,0.095,0.1,2,0.4025,0.0025000000000000022,0.4,0.405,2,0.41000000000000003,0.11000000000000001,0.3,0.52,2,0.49000000000000005,0.11000000000000004,0.38,0.6000000000000001,2,0.35013157894736846,0.023552631578947353,0.3265789473684211,0.3736842105263158,2,300.0,0.0,300.0,300.0,2,0.8498047071695327,0.0005641204118728704,0.8492405867576599,0.8503688275814056,2,0.10990744607981942,0.0017225941526933797,0.10818485192712604,0.1116300402325128,2,58.21664783477783,0.08976406097411882,58.12688377380371,58.30641189575195,2,4.416280260375979,0.10373541023263444,4.312544850143345,4.520015670608614,2,0.15025808662176132,0.004332341253757477,0.14592574536800385,0.1545904278755188,,,,,,,,,,,,,,,,,,,,,,,,,,,,,,,,,,,,,,,,,,,,,,,,,,,,,,,,,,,,,,,,,,,,,,,,,,,,,,,,,,,,,,,,,,,2,0.06425015881995097,0.20388756410854295,-0.13963740528859198,0.2681377229284939,2,0.010390575359761714,0.03325051103532314,-0.02285993567556142,0.04364108639508485,2,0.2813711190414492,0.11557088843294652,0.16580023060850269,0.39694200747439573,2,0.04598405007779147,0.01899902885921379,0.026985021218577685,0.06498307893700526,2,0.195,0.0050000000000000044,0.19,0.2,2,0.195,0.0050000000000000044,0.19,0.2,2,0.515,0.10500000000000001,0.41,0.62,2,0.515,0.10500000000000001,0.41,0.62,2,0.3033530945445633,0.02288835340000331,0.28046474114455994,0.32624144794456655,2,0.04952806454598903,0.00388067902773619,0.04564738551825284,0.05340874357372522,2,0.20486423894914482,0.06089520095199277,0.14396903799715205,0.2657594399011376,2,0.03346956864021024,0.010037710257692891,0.023431858382517348,0.04350727889790313,2,0.3680223775881575,0.05276445948440797,0.31525791810374953,0.4207868370725655,2,0.06009844511210077,0.008788253220914592,0.05131019189118618,0.06888669833301536,2,0.33734658546636237,0.010209874544270525,0.32713671092209184,0.3475564600106329,2,0.05507087372541428,0.0018273344591259906,0.05324353926628828,0.056898208184540264,2,0.18605852573511392,0.06216022566611676,0.12389830006899716,0.24821875140123068,2,0.030400463482361428,0.010235242507273059,0.02016522097508837,0.04063570598963449,,,,,,,,,,,,,,,,2,1.401049792766571,0.014616549015045166,1.3864332437515259,1.4156663417816162,,,,,,2,2.692921531200409,0.04964477062225359,2.6432767605781553,2.7425663018226625,2,0.09265219792723656,0.00024939700961112976,0.09240280091762543,0.09290159493684769,2,2569.537590265274,2.7319483757019043,2566.805641889572,2572.269538640976,,,,,,2,0.1736096441745758,0.0008133947849273682,0.17279624938964844,0.17442303895950317
npse,"mu,cd",3000,2,39999000,40000000,39999000,2,0.9173333333333333,0.004333333333333411,0.9129999999999999,0.9216666666666667,2,-1.4912029109586136,0.08864389495612057,-1.5798468059147341,-1.402559016002493,2,-0.13297051570769397,0.007810412979312245,-0.14078092868700623,-0.12516010272838174,2,0.4794478721397146,0.0053109743182473135,0.4741368978214673,0.4847588464579619,2,0.04275381746974491,0.00044328242721692473,0.042310535042527984,0.043197099896961834,2,0.005,0.005,0.0,0.01,2,0.005,0.005,0.0,0.01,2,0.47500000000000003,0.08500000000000002,0.39,0.56,2,0.47500000000000003,0.08500000000000002,0.39,0.56,2,1.4912029109586136,0.08864389495612057,1.402559016002493,1.5798468059147341,2,0.13297051570769397,0.007810412979312245,0.12516010272838174,0.14078092868700623,2,0.4794478721397146,0.0053109743182473135,0.4741368978214673,0.4847588464579619,2,0.04275381746974491,0.00044328242721692473,0.042310535042527984,0.043197099896961834,2,1.5665392535773006,0.08600637949255241,1.4805328740847483,1.6525456330698531,2,0.1396887048406899,0.007570452163158381,0.13211825267753152,0.14725915700384828,2,1.5579270219091432,0.07825763644487538,1.4796693854642677,1.6361846583540185,2,0.13892121008988467,0.006880012437887481,0.1320411976519972,0.14580122252777217,2,0.4278000210128242,0.010912618027775545,0.41688740298504867,0.43871263904059976,2,0.03814783185690866,0.0009460677477033073,0.03720176410920536,0.03909389960461197,2,0.0975,0.0025000000000000022,0.095,0.1,2,0.4025,0.0025000000000000022,0.4,0.405,2,0.4325,0.04250000000000001,0.39,0.47500000000000003,2,0.4675,0.04250000000000001,0.425,0.51,2,0.34092105263157896,0.006710526315789445,0.3342105263157895,0.3476315789473684,2,300.0,0.0,300.0,300.0,2,1.518870575428009,0.01725049138069157,1.5016200840473175,1.5361210668087006,2,1.3839721426207463,0.00847577578521308,1.3754963668355331,1.3924479184059593,2,71.84968147277831,0.16676208496093636,71.68291938781738,72.01644355773925,2,30.41220452399575,1.9576377063550119,28.45456681764074,32.36984223035076,2,0.14909982681274414,0.0033436715602874756,0.14575615525245667,0.15244349837303162,,,,,,,,,,,,,,,,,,,,,,,,,,,,,,,,,,,,,,,,,,,,,,,,,,,,,,,,,,,,,,,,,,,,,,,,,,,,,,,,,,,,,,,,,,,2,0.2971055969644039,0.0441338180545186,0.2529717789098853,0.3412394150189225,2,0.04859382930770516,0.007414858882874253,0.04117897042483091,0.056008688190579414,2,0.25928419023823013,0.02753901327725651,0.2317451769609736,0.2868232035154866,2,0.04240043514398409,0.004676751660571413,0.03772368348341268,0.047077186804555506,2,0.19,0.010000000000000009,0.18,0.2,2,0.19,0.010000000000000009,0.18,0.2,2,0.39,0.0,0.39,0.39,2,0.39,0.0,0.39,0.39,2,0.3246618902247101,0.04552242593722694,0.27913946428748315,0.37018431616193703,2,0.0530990369580686,0.007660467994958165,0.04543856896311044,0.06075950495302677,2,0.22389948396660664,0.02444596194505448,0.19945352202155214,0.2483454459116611,2,0.03661446620793826,0.004147246564266006,0.03246721964367225,0.040761712772204264,2,0.3944231256156163,0.05134799103208973,0.34307513458352656,0.445771116647706,2,0.064505937940589,0.008659864660493451,0.05584607328009555,0.07316580260108245,2,0.34397983358387646,0.047181308091006235,0.2967985254928702,0.3911611416748827,2,0.05625781162902713,0.007944685394316905,0.04831312623471022,0.06420249702334403,2,0.20345121949035364,0.022169334903160226,0.1812818845871934,0.22562055439351386,2,0.03327051490633956,0.003761290225206994,0.029509224681132564,0.03703180513154655,,,,,,,,,,,,,,,,2,1.387836754322052,0.00022643804550170898,1.3876103162765503,1.3880631923675537,,,,,,2,3.792447123527527,0.15512470483779905,3.637322418689728,3.947571828365326,2,0.09459283575415611,0.0012508369982242584,0.09334199875593185,0.09584367275238037,2,2539.748514652252,2.174126148223877,2537.5743885040283,2541.922640800476,,,,,,2,0.17252850532531738,0.00241832435131073,0.17011018097400665,0.1749468296766281
npse,"mu,cd",1000,5,60000000,60000000,60000000,5,0.9590333333333334,0.004235301379804981,0.9514999999999999,0.9621666666666667,5,-1.5154224211520138,0.04656027283037101,-1.5591016070870465,-1.4440601479744388,5,-0.13574841043293479,0.0044778225711853,-0.14004074486456813,-0.12908790700361134,5,0.4519308546034475,0.005843841823394847,0.4413938742989734,0.458429853402751,5,0.040480046370680485,0.0005220860736090243,0.03964663122371778,0.04118784232202819,5,0.0,0.0,0.0,0.0,5,0.0,0.0,0.0,0.0,5,0.278,0.09195651146058119,0.17,0.43,5,0.278,0.09195651146058119,0.17,0.43,5,1.5154224211520138,0.04656027283037101,1.4440601479744388,1.5591016070870465,5,0.13574841043293479,0.0044778225711853,0.12908790700361134,0.14004074486456813,5,0.4519308546034475,0.005843841823394847,0.4413938742989734,0.458429853402751,5,0.040480046370680485,0.0005220860736090243,0.03964663122371778,0.04118784232202819,5,1.5814579219007032,0.04403933041769489,1.5142419456706249,1.6236018446423917,5,0.1416628792980284,0.004268159683102731,0.13536162169960894,0.14554472023956258,5,1.5537440365171613,0.03652253136333343,1.4921788925086927,1.5915349183736152,5,0.1391783464038372,0.0035670806451726382,0.13338935393020512,0.14295395139418543,5,0.42542785893245405,0.008681060337622636,0.41334382548483495,0.4372500799832007,5,0.038107592096928336,0.0008436835768650371,0.036862063867166346,0.039186105437167364,5,0.156,0.035128336140500586,0.13,0.225,5,0.344,0.03512833614050058,0.275,0.37,5,0.48599999999999993,0.04820788317277582,0.425,0.55,5,0.41400000000000003,0.04820788317277582,0.35,0.47500000000000003,5,0.29826315789473684,0.031890394006924686,0.2452631578947368,0.3421052631578947,5,300.0,0.0,300.0,300.0,5,0.7931114673614502,0.010245053898161252,0.7797136664390564,0.8074069535732269,5,0.14134393384447622,0.06879564712560593,0.058292484541366096,0.24819720707916318,5,50.3675015411377,0.11011070012612327,50.18154113769531,50.48182373046875,5,4.685297238852812,0.6926970809100776,3.5718205464538335,5.517467693952344,5,0.13863407969474792,0.004327206156175537,0.13092106580734253,0.1427268534898758,,,,,,,,,,,,,,,,,,,,,,,,,,,,,,,,,,,,,,,,,,,,,,,,,,,,,,,,,,,,,,,,,,,,,,,,,,,,,,,,,,,,,,,,,,,5,-0.058866519118189464,0.031517241843073446,-0.08942655768021941,-0.0016581432021019339,5,-0.009635756600499153,0.005162962652965126,-0.014618285037577151,-0.00027063905596733107,5,0.14450871162861156,0.05083629084352944,0.09465568075415176,0.22892819135680234,5,0.023628061879974765,0.008278147841600195,0.015499976239076183,0.0373690804689572,5,0.312,0.07025667228100117,0.26,0.45,5,0.312,0.07025667228100117,0.26,0.45,5,0.6940000000000001,0.12403225386970922,0.5,0.85,5,0.6940000000000001,0.12403225386970922,0.5,0.85,5,0.1300131447138492,0.03451266593293891,0.08607074902132153,0.18925656943784566,5,0.021262530056238176,0.005624404020040487,0.014094183200597764,0.030893285529315473,5,0.09514671048759527,0.0278973365213038,0.06917398790854362,0.14211205811697497,5,0.015556812560445905,0.00453580274012833,0.011327319458765467,0.023197654033109895,5,0.16143136434916106,0.0431927588160849,0.11042288911390909,0.23667252932612298,5,0.02639865444223972,0.0070305100917714,0.018081873968506114,0.03863322719416115,5,0.15294678319788016,0.03261990045520143,0.11394193741157652,0.21018431664423554,5,0.025013522681593892,0.005308787928688457,0.018658122125267983,0.03430942559689283,5,0.0785013033402748,0.02661150239994911,0.053640292048834415,0.12292643271714175,5,0.01283426337843691,0.004329501712089999,0.008783659003501112,0.020065889064371473,,,,,,,,,,,,,,,,5,1.4618805646896362,0.0034724561061165145,1.455258846282959,1.4654573202133179,,,,,,5,1.6396613507270814,0.0831968566425906,1.4868921899795533,1.716047375202179,5,0.08775654286146164,0.002533546807223624,0.08406364917755127,0.09081873297691345,5,3977.877231025696,4.680621253852891,3971.219885110855,3984.090767621994,,,,,,5,0.15998207926750183,0.0035218573581827636,0.15332920849323273,0.1636306643486023
npse,"mu,cd",2000,2,60000000,60000000,60000000,2,0.8247500000000001,0.011416666666666686,0.8133333333333334,0.8361666666666667,2,-1.5362461499957356,0.01256583614354001,-1.5488119861392755,-1.5236803138521955,2,-0.13734461704604328,0.0007761282764375127,-0.13812074532248078,-0.13656848876960576,2,0.49422271896225456,0.0032442857831946337,0.4909784331790599,0.4974670047454492,2,0.044185045828114486,0.00017832012546083534,0.04400672570265365,0.04436336595357532,2,0.0,0.0,0.0,0.0,2,0.0,0.0,0.0,0.0,2,0.385,0.0050000000000000044,0.38,0.39,2,0.385,0.0050000000000000044,0.38,0.39,2,1.5362461499957356,0.01256583614354001,1.5236803138521955,1.5488119861392755,2,0.13734461704604328,0.0007761282764375127,0.13656848876960576,0.13812074532248078,2,0.49422271896225456,0.0032442857831946337,0.4909784331790599,0.4974670047454492,2,0.044185045828114486,0.00017832012546083534,0.04400672570265365,0.04436336595357532,2,1.6137871318066739,0.012955622662850885,1.600831509143823,1.6267427544695248,2,0.1442770484939508,0.0007934465323240908,0.1434836019616267,0.1450704950262749,2,1.5969560568941743,0.016751416911231276,1.580204639982943,1.6137074738054056,2,0.14277141506560148,0.001136613067984571,0.1416348019976169,0.14390802813358605,2,0.4427245437962653,0.001234052569901667,0.44149049122636363,0.44395859636616697,2,0.03958188508416764,0.00021042109882235538,0.03937146398534529,0.03979230618299,2,0.02,0.005000000000000001,0.015,0.025,2,0.48,0.0050000000000000044,0.475,0.485,2,0.32999999999999996,0.03,0.3,0.36,2,0.5700000000000001,0.030000000000000027,0.54,0.6000000000000001,2,0.40421052631578946,0.006578947368421045,0.3976315789473684,0.4107894736842105,2,300.0,0.0,300.0,300.0,2,0.8508703780174256,0.00017236590385433237,0.8506980121135712,0.8510427439212799,2,0.10542420150637653,0.0011435209191043155,0.10428068058727222,0.10656772242548085,2,58.07269603729248,0.038328666687014845,58.034367370605466,58.111024703979496,2,4.536531083692561,0.10296486659063753,4.433566217101924,4.639495950283199,2,0.1702275276184082,0.013403356075286865,0.15682417154312134,0.18363088369369507,,,,,,,,,,,,,,,,,,,,,,,,,,,,,,,,,,,,,,,,,,,,,,,,,,,,,,,,,,,,,,,,,,,,,,,,,,,,,,,,,,,,,,,,,,,2,0.499623203680279,0.11006282514498236,0.3895603785352966,0.6096860288252614,2,0.08106404815763235,0.017661934380233286,0.06340211377739906,0.09872598253786563,2,0.3830590550119315,0.12265249887046328,0.2604065561414682,0.5057115538823947,2,0.06213571068503418,0.019753765938073622,0.04238194474696056,0.0818894766231078,2,0.04,0.010000000000000002,0.03,0.05,2,0.04,0.010000000000000002,0.03,0.05,2,0.275,0.06500000000000002,0.21,0.34,2,0.275,0.06500000000000002,0.21,0.34,2,0.499623203680279,0.11006282514498236,0.3895603785352966,0.6096860288252614,2,0.08106404815763235,0.017661934380233286,0.06340211377739906,0.09872598253786563,2,0.3830590550119315,0.12265249887046328,0.2604065561414682,0.5057115538823947,2,0.06213571068503418,0.019753765938073622,0.04238194474696056,0.0818894766231078,2,0.6303531303924674,0.16177137337879188,0.46858175701367555,0.7921245037712593,2,0.10226559071212021,0.026002511361908585,0.07626307935021163,0.1282681020740288,2,0.5132819895524404,0.10684910231248135,0.4064328872399591,0.6201310918649218,2,0.0832827542707324,0.017134589175879962,0.06614816509485244,0.10041734344661236,2,0.38136374624399594,0.11990759052231845,0.2614561557216775,0.5012713367663144,2,0.06186162299229856,0.019308852784260803,0.04255277020803776,0.08117047577655936,,,,,,,,,,,,,,,,2,1.4396085143089294,0.0038074851036071777,1.4358010292053223,1.4434159994125366,,,,,,2,2.77293918967247,0.049798816442489624,2.7231403732299806,2.82273800611496,2,0.10832967609167099,0.006877824664115906,0.10145185142755508,0.1152075007557869,2,3824.1740597486496,2.58104932308197,3821.5930104255676,3826.7551090717316,,,,,,2,0.19471703469753265,0.012181118130683899,0.18253591656684875,0.20689815282821655
npse,"mu,cd",3000,2,60000000,60000000,60000000,2,0.9414166666666666,0.004083333333333383,0.9373333333333332,0.9455,2,-1.5315580548949184,0.017901126712000948,-1.5494591816069192,-1.5136569281829173,2,-0.13655836200211197,0.001562700562365349,-0.13812106256447731,-0.13499566143974662,2,0.470783334692703,0.000542947303454222,0.4702403873892488,0.4713262819961572,2,0.041976602014721004,5.8684495034617284e-05,0.04191791751968638,0.04203528650975562,2,0.0,0.0,0.0,0.0,2,0.0,0.0,0.0,0.0,2,0.26,0.0,0.26,0.26,2,0.26,0.0,0.26,0.26,2,1.5315580548949184,0.017901126712000948,1.5136569281829173,1.5494591816069192,2,0.13655836200211197,0.001562700562365349,0.13499566143974662,0.13812106256447731,2,0.470783334692703,0.000542947303454222,0.4702403873892488,0.4713262819961572,2,0.041976602014721004,5.8684495034617284e-05,0.04191791751968638,0.04203528650975562,2,1.6022922395307366,0.01695134233024298,1.5853408972004936,1.6192435818609796,2,0.14286527520479186,0.0014764711235919353,0.14138880408119991,0.14434174632838379,2,1.5671728742904607,0.016817996963298998,1.5503548773271616,1.5839908712537596,2,0.13973392006326468,0.0014653479496017086,0.13826857211366297,0.1411992680128664,2,0.44328459196009545,0.0009693545371928791,0.4423152374229026,0.44425394649728833,2,0.03952473297941446,9.610426792153529e-05,0.03942862871149292,0.03962083724733599,2,0.11499999999999999,0.06999999999999999,0.045,0.185,2,0.385,0.07,0.315,0.455,2,0.41,0.07,0.33999999999999997,0.48,2,0.49000000000000005,0.07,0.42000000000000004,0.56,2,0.33710526315789474,0.05657894736842112,0.2805263157894736,0.39368421052631586,2,300.0,0.0,300.0,300.0,2,1.4986674529314041,0.03892975628376005,1.459737696647644,1.5375972092151642,2,1.1437729903901144,0.0025439900705648277,1.1412290003195495,1.1463169804606792,2,70.52587577819824,2.068769989013674,68.45710578918457,72.59464576721192,2,20.81775173074422,0.7651875860074426,20.052564144736778,21.582939316751663,2,0.14128201454877853,0.0014533475041389465,0.1398286670446396,0.14273536205291748,,,,,,,,,,,,,,,,,,,,,,,,,,,,,,,,,,,,,,,,,,,,,,,,,,,,,,,,,,,,,,,,,,,,,,,,,,,,,,,,,,,,,,,,,,,2,0.03134598179385068,0.08611129407435655,-0.05476531228050588,0.11745727586820724,2,0.005043590242415667,0.01398743766769767,-0.008943847425282004,0.019031027910113338,2,0.201138833878989,0.013236830903308378,0.18790200297568063,0.2143756647822974,2,0.03272751133731011,0.0022826695840777473,0.030444841753232362,0.03501018092138786,2,0.22999999999999998,0.13999999999999999,0.09,0.37,2,0.22999999999999998,0.13999999999999999,0.09,0.37,2,0.5599999999999999,0.13999999999999999,0.42,0.7,2,0.5599999999999999,0.13999999999999999,0.42,0.7,2,0.17082972045913336,0.010494913616776458,0.1603348068423569,0.18132463407590982,2,0.027781893771141767,0.0015972499646246426,0.026184643806517124,0.02937914373576641,2,0.13992618232320383,0.012549765927191925,0.1273764163960119,0.15247594825039576,2,0.02276968662701951,0.0021315102044755264,0.020638176422543984,0.024901196831495036,2,0.2214266065857226,0.00016620551939243444,0.22126040106633016,0.22159281210511503,2,0.03601907078264463,0.00011547190043125974,0.035903598882213374,0.03613454268307589,2,0.19001523567065595,0.0022335542365908845,0.18778168143406507,0.19224878990724684,2,0.030908093487471346,0.0002410375632345696,0.030667055924236776,0.031149131050705915,2,0.12778302810067724,0.008586877640552028,0.1191961504601252,0.13636990574122926,2,0.02079182505361015,0.001479056863520017,0.019312768190090132,0.022270881917130166,,,,,,,,,,,,,,,,2,1.3949136137962341,0.011337816715240479,1.3835757970809937,1.4062514305114746,,,,,,2,3.5443036484718324,0.13116669654846191,3.4131369519233705,3.6754703450202943,2,0.08911176025867462,0.00015673786401748657,0.08895502239465714,0.08926849812269211,2,3813.5385843515396,1.7772496938705444,3811.761334657669,3815.31583404541,,,,,,2,0.16218651831150055,0.0006891191005706787,0.16149739921092987,0.16287563741207123
npse,"mu,cd,m",1000,5,20000000,20000000,20000000,5,0.9322333333333332,0.016604082496649873,0.9081666666666667,0.9573333333333333,5,-1.3640986422173398,0.01164495172132981,-1.380041973438282,-1.345277445960749,5,-0.12445052860349418,0.000911756567381652,-0.12563333521820602,-0.12318146331533791,5,0.4868166093561281,0.006052209382510418,0.48022368269345167,0.4947144829217082,5,0.044412986356562385,0.0004560569543984002,0.04387712553566282,0.04503676756890365,5,0.018000000000000002,0.017204650534085254,0.0,0.05,5,0.018000000000000002,0.017204650534085254,0.0,0.05,5,0.7620000000000001,0.00748331477354789,0.75,0.77,5,0.7620000000000001,0.00748331477354789,0.75,0.77,5,1.3640986422173398,0.01164495172132981,1.345277445960749,1.380041973438282,5,0.12445052860349418,0.000911756567381652,0.12318146331533791,0.12563333521820602,5,0.4868166093561281,0.006052209382510418,0.48022368269345167,0.4947144829217082,5,0.044412986356562385,0.0004560569543984002,0.04387712553566282,0.04503676756890365,5,1.4483751523932797,0.011711913290840094,1.4295658179901503,1.466034879552298,5,0.1321390892276108,0.0008647617467518777,0.13105329749725042,0.13346177486870758,5,1.468604617594303,0.010979597812898931,1.4508510355419992,1.4836000897699784,5,0.13398529864817857,0.0008743768536151459,0.13274618762806056,0.13506083953268827,5,0.4193195240806931,0.0059682864975438565,0.4137296798112545,0.4273243392685883,5,0.03825484295304407,0.0004499486904659408,0.03771465633567158,0.03890184648403862,5,0.08266666666666667,0.04090096440047458,0.0033333333333333335,0.11666666666666665,5,0.4173333333333334,0.04090096440047456,0.38333333333333336,0.49666666666666665,5,0.6520000000000001,0.07718952145351224,0.5266666666666667,0.7600000000000001,5,0.24799999999999994,0.07718952145351224,0.1399999999999999,0.3733333333333333,5,0.30364912280701756,0.03913569137221531,0.25771929824561396,0.3750877192982456,5,300.0,0.0,300.0,300.0,5,1.2047231352329253,0.15125230178589427,0.9850982522964478,1.3505424213409425,5,1.938858052669816,1.028025196022661,0.44435409664297637,2.8557365992996444,5,60.14011480712891,3.5679010268928177,56.28808181762695,65.93670455932617,5,29.255732538154213,23.612841616489757,4.188784506621963,67.38234444357174,5,124.29414520263671,6.332696130522097,117.22747039794922,134.8169403076172,5,-1.4973744676712704,0.07416330773110388,-1.617716575018061,-1.4136521510320106,5,-124.29400567749026,6.3327034824987125,-134.81680300903324,-117.22735712585451,5,0.4695921720251094,0.00266715072115881,0.46540442971793156,0.4731460791919702,5,38.97780809142556,0.2988321688974573,38.5469323692733,39.430912941293,5,0.0,0.0,0.0,0.0,5,0.0,0.0,0.0,0.0,5,0.682,0.0396988664825584,0.63,0.74,5,0.682,0.0396988664825584,0.63,0.74,5,1.4973744676712704,0.07416330773110388,1.4136521510320106,1.617716575018061,5,124.29400567749026,6.3327034824987125,117.22735712585451,134.81680300903324,5,0.4695921720251094,0.00266715072115881,0.46540442971793156,0.4731460791919702,5,38.97780809142556,0.2988321688974573,38.5469323692733,39.430912941293,5,1.5694311092258795,0.07099582918519452,1.4900560657053978,1.685489284849625,5,130.2746744433121,6.080378583561555,123.56316545693844,140.464825735699,5,1.5704621306345417,0.0628370788054359,1.4985301291453044,1.6714362608556876,5,130.35918880737304,5.397903335808171,124.26587858581543,139.29367890625,5,0.427265733297698,0.00681280344001826,0.42258478625494267,0.4406297727475476,5,35.465310785645215,0.6387959750709338,35.00464461780632,36.721078212528475,5,0.15632392416518087,0.23501142690688928,-0.05820299417497592,0.552028935111708,5,0.02592856647700071,0.03901031027088172,-0.009726645652949813,0.09168717582076785,5,0.2791853582033329,0.07336564323368416,0.2146889110225341,0.42049843971598544,5,0.04639640874633444,0.012390927297947545,0.03565794929528345,0.07027197433631807,5,0.23000000000000004,0.11627553482998906,0.0,0.31,5,0.23000000000000004,0.11627553482998906,0.0,0.31,5,0.512,0.24595934623429136,0.07,0.81,5,0.512,0.24595934623429136,0.07,0.81,5,0.3102905734399323,0.12429048539395832,0.21195553490826857,0.552028935111708,5,0.05152445106834173,0.020647218830919297,0.034974054558575156,0.09168717582076785,5,0.2150106213649255,0.07096893588429863,0.1416795698157579,0.34039809139051386,5,0.035734497967416436,0.01192583927921076,0.023378059186645955,0.056885932941597626,5,0.38528487524944943,0.12062374057143581,0.25494754221492016,0.5923067395502164,5,0.06400016956425511,0.02010559590236657,0.04206801806123641,0.09837696660262202,5,0.34176749502818937,0.10936713939343698,0.26024962638327853,0.5539017341714567,5,0.056746850123703486,0.018163466134443744,0.042942896674573426,0.09199823133796453,5,0.19180354332544697,0.0785995299042679,0.10602187232701155,0.32490479697727315,5,0.031885369029618006,0.01318118664312907,0.017494304942941973,0.05429675716712767,,,,,,,,,,,,,,,,5,1.4828305006027223,0.02111704265633775,1.459734320640564,1.510312557220459,,,,,,5,1.9915211701393125,0.037802380421439054,1.9301540207862855,2.037370436191559,5,62.29678039550781,3.5402476929776205,57.387027740478516,67.93489074707031,5,1326.6408472537994,1.3456962863856003,1325.209132194519,1328.5377588272095,,,,,,5,149.18085327148438,5.281997755768507,143.13136291503906,157.7631378173828
npse,"mu,cd,m",2000,2,20000000,20000000,20000000,2,0.8481666666666667,0.007000000000000006,0.8411666666666667,0.8551666666666667,2,-1.3096405287328277,0.006067834475639078,-1.3157083632084667,-1.3035726942571886,2,-0.11971832647137345,0.00018768056184052112,-0.11990600703321397,-0.11953064590953293,2,0.48738245635462074,0.0029628644167705165,0.4844195919378502,0.49034532077139126,2,0.0445529535916795,0.00013426689796714256,0.044418686693712364,0.04468722048964665,2,0.035,0.015000000000000001,0.02,0.05,2,0.035,0.015000000000000001,0.02,0.05,2,0.81,0.0,0.81,0.81,2,0.81,0.0,0.81,0.81,2,1.3096405287328277,0.006067834475639078,1.3035726942571886,1.3157083632084667,2,0.11971832647137345,0.00018768056184052112,0.11953064590953293,0.11990600703321397,2,0.48738245635462074,0.0029628644167705165,0.4844195919378502,0.49034532077139126,2,0.0445529535916795,0.00013426689796714256,0.044418686693712364,0.04468722048964665,2,1.3973905715617059,0.006720189959301015,1.3906703816024049,1.404110761521007,2,0.1277397628469195,0.0002227246161626284,0.12751703823075689,0.12796248746308214,2,1.4252640047359382,0.005730148334803897,1.4195338564011342,1.430994153070742,2,0.13028807387538255,0.00012440940812229184,0.13016366446726027,0.13041248328350485,2,0.417385004334098,0.003338816650606563,0.41404618768349144,0.42072382098470457,2,0.038154071908105464,0.00018825011073900916,0.037965821797366454,0.03834232201884447,2,0.11500000000000002,0.07833333333333335,0.03666666666666667,0.19333333333333336,2,0.385,0.07833333333333334,0.30666666666666664,0.4633333333333333,2,0.5516666666666666,0.018333333333333313,0.5333333333333333,0.57,2,0.3483333333333334,0.018333333333333313,0.33000000000000007,0.3666666666666667,2,0.3040350877192982,0.04807017543859651,0.25596491228070173,0.35210526315789475,2,300.0,0.0,300.0,300.0,2,1.0848893082141875,0.05980007410049437,1.0250892341136932,1.144689382314682,2,0.2228112810664674,0.024096906089664805,0.19871437497680258,0.2469081871561322,2,66.99300521850586,0.5563915252685518,66.4366136932373,67.54939674377441,2,7.975173379748416,0.6354680435936984,7.339705336154718,8.610641423342114,2,80.03736114501953,21.938743591308594,58.09861755371094,101.97610473632812,2,-0.939213660013179,0.2823632310471672,-1.2215768910603462,-0.6568504289660118,2,-78.27372732086184,23.701800337219243,-101.97552765808108,-54.57192698364259,2,0.521939491914414,0.0392354540479504,0.4827040378664636,0.5611749459623644,2,43.45927453270146,3.163817756405244,40.29545677629621,46.6230922891067,2,0.31,0.22,0.09,0.53,2,0.31,0.22,0.09,0.53,2,0.845,0.05499999999999999,0.79,0.9,2,0.845,0.05499999999999999,0.79,0.9,2,0.9603977363883716,0.2611791546719746,0.699218581716397,1.2215768910603462,2,80.03372597503665,21.94180168304444,58.0919242919922,101.97552765808108,2,0.49505616798838936,0.012352130121925736,0.4827040378664636,0.5074082981103151,2,41.22577550689244,0.9303187305962268,40.29545677629621,42.15609423748867,2,1.0887079717768664,0.2247810037936367,0.8639269679832297,1.313488975570503,2,90.71215781082994,18.936061864431608,71.77609594639833,109.64821967526154,2,1.1702300349126262,0.1701776213175793,1.0000524135950468,1.3404076562302054,2,97.49045782318116,14.4048957321167,83.08556209106446,111.89535355529786,2,0.3668258850341779,0.038452617778249376,0.3283732672559285,0.4052785028124273,2,30.556864796937713,3.2752168492075917,27.28164794773012,33.832081646145305,2,2.1761300146964038,0.6884748034872166,1.4876552112091872,2.8646048181836203,2,0.3614434094265104,0.11300481812059882,0.24843859130591156,0.4744482275471092,2,0.5250036753441162,0.03428057151820049,0.4907231038259157,0.5592842468623167,2,0.08733810718613055,0.006062426566930602,0.08127568061919996,0.09340053375306116,2,0.0,0.0,0.0,0.0,2,0.0,0.0,0.0,0.0,2,0.0,0.0,0.0,0.0,2,0.0,0.0,0.0,0.0,2,2.1761300146964038,0.6884748034872166,1.4876552112091872,2.8646048181836203,2,0.3614434094265104,0.11300481812059882,0.24843859130591156,0.4744482275471092,2,0.5250036753441162,0.03428057151820049,0.4907231038259157,0.5592842468623167,2,0.08733810718613055,0.006062426566930602,0.08127568061919996,0.09340053375306116,2,2.2478230348249326,0.6585096937162009,1.5893133411087317,2.9063327285411336,2,0.3733874475483099,0.10797193678184688,0.265415510766463,0.4813593843301568,2,2.17633130291669,0.6883901494808544,1.4879411534358358,2.8647214523975446,2,0.3614769443526864,0.11299060065448287,0.24848634369820352,0.47446754500716926,2,0.5248414241590704,0.03435664693340132,0.49048477722566913,0.5591980710924718,2,0.08731117515864131,0.006074967215623409,0.0812362079430179,0.09338614237426472,,,,,,,,,,,,,,,,2,1.4495439529418945,0.008923768997192383,1.4406201839447021,1.458467721939087,,,,,,2,3.3528472340106967,0.06297145247459413,3.2898757815361024,3.4158186864852906,2,39.73534870147705,11.61862850189209,28.11672019958496,51.35397720336914,2,1251.7658684253693,0.49634623527526855,1251.269522190094,1252.2622146606445,,,,,,2,115.40132141113281,15.157669067382812,100.24365234375,130.55899047851562
npse,"mu,cd,m",3000,2,19998000,20000000,19998000,2,0.91475,0.04508333333333325,0.8696666666666667,0.9598333333333332,2,-1.322253125028972,0.006724175735145832,-1.328977300764118,-1.3155289492938262,2,-0.12117618495598435,0.0004909636195749023,-0.12166714857555926,-0.12068522133640945,2,0.48586837088283785,0.000724937859992586,0.4851434330228453,0.48659330874283047,2,0.04452694653886699,2.040600663818365e-05,0.04450654053222881,0.044547352545505174,2,0.005,0.005,0.0,0.01,2,0.005,0.005,0.0,0.01,2,0.785,0.0050000000000000044,0.78,0.79,2,0.785,0.0050000000000000044,0.78,0.79,2,1.322253125028972,0.006724175735145832,1.3155289492938262,1.328977300764118,2,0.12117618495598435,0.0004909636195749023,0.12068522133640945,0.12166714857555926,2,0.48586837088283785,0.000724937859992586,0.4851434330228453,0.48659330874283047,2,0.04452694653886699,2.040600663818365e-05,0.04450654053222881,0.044547352545505174,2,1.4086958813264019,0.006561591382920229,1.4021342899434817,1.4152574727093221,2,0.1290981770743067,0.00046787427140936033,0.12863030280289736,0.12956605134571608,2,1.4328583899668499,0.004301548023849633,1.4285568419430004,1.4371599379906996,2,0.1313127447910607,0.0002584654565900707,0.1310542793344706,0.13157121024765076,2,0.4189715796101112,0.003733398227769913,0.4152381813823413,0.42270497783788114,2,0.038395959038466,0.0003024515658643402,0.038093507472601665,0.038698410604330345,2,0.028333333333333335,0.008333333333333333,0.02,0.03666666666666667,2,0.4716666666666667,0.008333333333333331,0.4633333333333333,0.48,2,0.5566666666666666,0.00666666666666671,0.5499999999999999,0.5633333333333334,2,0.3433333333333334,0.00666666666666671,0.33666666666666667,0.3500000000000001,2,0.35008771929824567,0.008508771929824605,0.34157894736842104,0.35859649122807025,2,300.0,0.0,300.0,300.0,2,2.142275637388229,0.32651214003562923,1.8157634973526,2.4687877774238585,2,0.6728623135344218,0.09907486442543917,0.5737874491089826,0.7719371779598609,2,81.29041400909423,9.932423744201657,71.35799026489258,91.22283775329589,2,17.69299940740065,4.916447368718746,12.776552038681903,22.609446776119395,2,127.81227111816406,0.05907440185546875,127.7531967163086,127.87134552001953,2,-1.5297855301562877,6.90906895287613e-05,-1.5298546208458166,-1.529716439466759,2,-127.81209444122315,0.05905596160890525,-127.87115040283206,-127.75303847961425,2,0.4896954995063413,0.012209539950828519,0.47748595955551276,0.5019050394571698,2,40.91306645358042,0.9993429714648272,39.91372348211559,41.91240942504525,2,0.0,0.0,0.0,0.0,2,0.0,0.0,0.0,0.0,2,0.66,0.010000000000000009,0.65,0.67,2,0.66,0.010000000000000009,0.65,0.67,2,1.5297855301562877,6.90906895287613e-05,1.529716439466759,1.5298546208458166,2,127.81209444122315,0.05905596160890525,127.75303847961425,127.87115040283206,2,0.4896954995063413,0.012209539950828519,0.47748595955551276,0.5019050394571698,2,40.91306645358042,0.9993429714648272,39.91372348211559,41.91240942504525,2,1.606293926765508,0.0037880057943850964,1.602505920971123,1.6100819325598932,2,134.20413911949174,0.24841349512551858,133.9557256243662,134.45255261461725,2,1.5931691524971456,0.001970317441035374,1.5911988350561104,1.5951394699381811,2,133.10765407562258,0.09710365447998015,133.0105504211426,133.20475773010256,2,0.4507685004947123,0.012426250556127364,0.4383422499385849,0.4631947510508396,2,37.66074424436799,1.0190985067202547,36.641645737647735,38.679842751088245,2,0.004607407773545735,0.5344363638905429,-0.5298289561169972,0.5390437716640887,2,0.00028968036472799136,0.08930699155479671,-0.08901731119006871,0.0895966719195247,2,0.3527258743857421,0.09060923768210163,0.2621166367036405,0.44333511206784376,2,0.05902641925905301,0.015458938854236368,0.043567480404816644,0.07448535811328938,2,0.08,0.03,0.05,0.11,2,0.08,0.03,0.05,0.11,2,0.22499999999999998,0.015,0.21,0.24,2,0.22499999999999998,0.015,0.21,0.24,2,0.557107753275222,0.006816875744462714,0.5502908775307593,0.5639246290196848,2,0.09310593642890455,0.0016398364171385724,0.09146610001176597,0.09474577284604312,2,0.31833253659306127,0.08073356960645732,0.23759896698660396,0.3990661061995186,2,0.05326997876557525,0.013777681839254916,0.039492296926320336,0.06704766060483017,2,0.6451188143294326,0.04572468772601451,0.5993941266034181,0.6908435020554471,2,0.10784867216567419,0.008220920169159568,0.09962775199651462,0.11606959233483376,2,0.5730107249806438,0.008118999347314915,0.5648917256333289,0.5811297243279587,2,0.09576469602435829,0.0018717294126749107,0.09389296661168338,0.0976364254370332,2,0.29913481539838827,0.08076828796767152,0.21836652743071677,0.3799031033660598,2,0.05006182590203844,0.013766231225100185,0.036295594676938256,0.06382805712713863,,,,,,,,,,,,,,,,2,1.4315900802612305,0.006355166435241699,1.4252349138259888,1.4379452466964722,,,,,,2,4.592122720479965,0.0277653682231902,4.564357352256775,4.6198880887031555,2,65.04721069335938,0.7074813842773438,64.33972930908203,65.75469207763672,2,1270.4712934494019,0.023183345794677734,1270.4481101036072,1270.4944767951965,,,,,,2,151.7627410888672,0.3248443603515625,151.43789672851562,152.08758544921875
npse,"mu,cd,m",1000,5,40000000,40000000,40000000,5,0.9258333333333333,0.0069657894184523535,0.9165,0.9368333333333334,5,-1.35615700063423,0.037978318866234394,-1.3933922139211898,-1.2948733398824372,5,-0.12372375517793,0.0034293478622253607,-0.12649687473475935,-0.11804865025468173,5,0.48634183173104467,0.004506281432072999,0.4794308579538249,0.49284959832350766,5,0.044368784242426476,0.0002730582831698758,0.044035572937838614,0.044742558383940145,5,0.024,0.013564659966250536,0.01,0.04,5,0.024,0.013564659966250536,0.01,0.04,5,0.752,0.04707440918375932,0.69,0.8,5,0.752,0.04707440918375932,0.69,0.8,5,1.35615700063423,0.037978318866234394,1.2948733398824372,1.3933922139211898,5,0.12372375517793,0.0034293478622253607,0.11804865025468173,0.12649687473475935,5,0.48634183173104467,0.004506281432072999,0.4794308579538249,0.49284959832350766,5,0.044368784242426476,0.0002730582831698758,0.044035572937838614,0.044742558383940145,5,1.4407789812584926,0.03617698302414901,1.3822917540349786,1.4779859905911956,5,0.13144367062374332,0.00324854598588199,0.12601825284926604,0.13417658457570636,5,1.4612868374343289,0.02991118619264764,1.4132056212067048,1.492480511324049,5,0.1333147214422375,0.0026700528669669904,0.12883655189163984,0.1354924468114972,5,0.41780853378837185,0.005612720706732604,0.4105592071231098,0.4265900004970731,5,0.03811659656715045,0.00044417145408411714,0.03742911314606263,0.03872728710792175,5,0.14200000000000002,0.07428473747831531,0.03666666666666667,0.23,5,0.358,0.07428473747831531,0.27,0.4633333333333333,5,0.6726666666666667,0.0943138967019766,0.5466666666666667,0.79,5,0.22733333333333333,0.0943138967019766,0.10999999999999999,0.3533333333333333,5,0.26568421052631574,0.05928813367534908,0.19982456140350877,0.3522807017543859,5,300.0,0.0,300.0,300.0,5,1.1598418300151825,0.13916958150945777,1.026229864358902,1.3741952180862427,5,1.6020608042605347,0.8209850904882775,0.806326049415116,2.8643740061904133,5,58.95315803527832,4.138622339360977,55.660209274291994,67.00599540710449,5,20.373405892077404,25.95129258673595,4.357910671955342,71.49829716440595,5,122.24679565429688,21.516748825976972,80.28681945800781,139.47471618652344,5,-1.4719786772218388,0.2589762557240744,-1.6742848288758176,-0.9661952838520419,5,-122.24670351196286,21.516835562549687,-139.47462510986327,-80.28655106506346,5,0.4724315517947882,0.015110939211716079,0.4603950129909348,0.5005534357957178,5,39.235319065574416,1.25449273379309,38.29287720264901,41.5937749335125,5,0.054000000000000006,0.10800000000000001,0.0,0.27,5,0.054000000000000006,0.10800000000000001,0.0,0.27,5,0.6060000000000001,0.1284678948220138,0.47,0.83,5,0.6060000000000001,0.1284678948220138,0.47,0.83,5,1.4719786772218388,0.2589762557240744,0.9661952838520419,1.6742848288758176,5,122.24670351196286,21.516835562549687,80.28655106506346,139.47462510986327,5,0.4724315517947882,0.015110939211716079,0.4603950129909348,0.5005534357957178,5,39.235319065574416,1.25449273379309,38.29287720264901,41.5937749335125,5,1.549538204636177,0.23694132440880808,1.0881576487921343,1.7364311838338566,5,128.68822832044995,19.686407445439837,90.42108379765605,144.6516651923778,5,1.5513395039489903,0.2091597355826669,1.1445069104025973,1.7198319205714838,5,128.83818583129886,17.380166940652213,95.10345801086424,143.26888006591798,5,0.42215032075373937,0.019987050754707972,0.3853302240012345,0.4452033066730075,5,35.05909385050414,1.6514196893830007,32.01923600716411,36.91813217059116,5,0.2895173465778357,0.249870251523562,0.044609091355053164,0.7403225791245136,5,0.04806613341569901,0.041406411914631645,0.007409783455729484,0.12267942996919157,5,0.22167929366142564,0.05779836699823626,0.1657521153302407,0.33236842481708545,5,0.03682997737939382,0.009593841590149492,0.027513924179039986,0.055207985148105654,5,0.34800000000000003,0.27476535443901945,0.0,0.68,5,0.34800000000000003,0.27476535443901945,0.0,0.68,5,0.6599999999999999,0.3713219627223793,0.01,0.97,5,0.6599999999999999,0.3713219627223793,0.01,0.97,5,0.32320476970124223,0.2232328719864293,0.14321004290330566,0.7403225791245136,5,0.05366469515025616,0.03697321556800044,0.023787871816754336,0.12267942996919157,5,0.20288787304811068,0.057271892834804564,0.14666694906215108,0.30323196477045,5,0.03370625708922328,0.009502800504635322,0.024345893169072295,0.050368280389585685,5,0.3989771682684098,0.19888442933606226,0.22226173011413108,0.7714325104271326,5,0.06625503609559254,0.03291813104316827,0.03698502319219531,0.1278346808435167,5,0.36982714953262863,0.19472503775006952,0.2249548095242655,0.7405762931316527,5,0.06141445331513882,0.032231651707635534,0.037366068798303606,0.12272147311866284,5,0.18502298946139506,0.06334492738929291,0.11875825528266507,0.28788128307937955,5,0.030736060543373023,0.010507812338495721,0.01976173220918164,0.04781845864653067,,,,,,,,,,,,,,,,5,1.467498540878296,0.007857358316675738,1.457688808441162,1.480853796005249,,,,,,5,2.0062971954345707,0.07449012973216841,1.8678471279144286,2.072956099510193,5,61.27192764282226,10.965591443844453,40.4048957824707,70.28378295898438,5,2653.9172973632812,2.3043230514539754,2649.7018866539,2656.374464035034,,,,,,5,146.5927734375,17.60209834808974,112.28616333007812,160.9951629638672
npse,"mu,cd,m",2000,2,40000000,40000000,40000000,2,0.8059166666666666,0.007083333333333441,0.7988333333333332,0.8130000000000001,2,-1.3394294156653865,0.011567581545443573,-1.3509969972108302,-1.327861834119943,2,-0.1224936563000083,0.00041475730538369227,-0.122908413605392,-0.12207889899462461,2,0.48932035562122345,0.0054200687613351894,0.48390028685988823,0.4947404243825586,2,0.04474880945533172,0.00026073647270585115,0.044488072982625866,0.04500954592803757,2,0.01,0.01,0.0,0.02,2,0.01,0.01,0.0,0.02,2,0.77,0.020000000000000018,0.75,0.79,2,0.77,0.020000000000000018,0.75,0.79,2,1.3394294156653865,0.011567581545443573,1.327861834119943,1.3509969972108302,2,0.1224936563000083,0.00041475730538369227,0.12207889899462461,0.122908413605392,2,0.48932035562122345,0.0054200687613351894,0.48390028685988823,0.4947404243825586,2,0.04474880945533172,0.00026073647270585115,0.044488072982625866,0.04500954592803757,2,1.4260108093108137,0.012725085143382109,1.4132857241674315,1.4387358944541957,2,0.13041151140094753,0.00047904348993151047,0.12993246791101604,0.13089055489087906,2,1.4476552545649992,0.009472473340363496,1.4381827812246357,1.4571277279053627,2,0.13239259325265884,0.0001711783707141895,0.13222141488194467,0.13256377162337304,2,0.4221547338571975,0.006815253271272359,0.4153394805859251,0.42896998712846984,2,0.038605422628337896,0.0004205866440045239,0.03818483598433337,0.03902600927234242,2,0.115,0.0050000000000000044,0.11,0.12000000000000001,2,0.385,0.0050000000000000044,0.38,0.39,2,0.7033333333333334,0.023333333333333317,0.68,0.7266666666666667,2,0.19666666666666666,0.023333333333333317,0.17333333333333334,0.21999999999999997,2,0.2714035087719298,0.00807017543859645,0.26333333333333336,0.27947368421052626,2,300.0,0.0,300.0,300.0,2,1.2295831817388534,0.037068313956260646,1.1925148677825927,1.266651495695114,2,0.2396580903273374,0.007616009882498442,0.23204208044483896,0.24727410020983584,2,68.30801425933838,0.41051021575927393,67.8975040435791,68.71852447509765,2,8.838665157808709,0.2742046058261307,8.564460551982577,9.112869763634839,2,129.57645797729492,9.326343536376953,120.25011444091797,138.90280151367188,2,-1.5593570219106856,0.1147513852065426,-1.6741084071172283,-1.444605636704143,2,-129.57636941375733,9.326374565124532,-138.90274397888186,-120.2499948486328,2,0.4959326241973855,0.0006716618236060068,0.4952609623737795,0.4966042860209915,2,41.21485699236251,0.011014859069963023,41.203842133292554,41.22587185143248,2,0.0,0.0,0.0,0.0,2,0.0,0.0,0.0,0.0,2,0.6000000000000001,0.06,0.54,0.66,2,0.6000000000000001,0.06,0.54,0.66,2,1.5593570219106856,0.1147513852065426,1.444605636704143,1.6741084071172283,2,129.57636941375733,9.326374565124532,120.2499948486328,138.90274397888186,2,0.4959326241973855,0.0006716618236060068,0.4952609623737795,0.4966042860209915,2,41.21485699236251,0.011014859069963023,41.203842133292554,41.22587185143248,2,1.6366777861719892,0.10953376334742759,1.5271440228245616,1.7462115495194168,2,136.0028874005202,8.882339214922176,127.12054818559803,144.88522661544238,2,1.6213106754086797,0.10239677211549147,1.5189139032931882,1.7237074475241712,2,134.72675108184816,8.291283583068868,126.43546749877929,143.01803466491702,2,0.4557876568685322,0.009157675763606737,0.4466299811049254,0.4649453326321389,2,37.87742808454971,0.6996334989899538,37.17779458555976,38.57706158353967,2,0.13818122415212925,0.18175048467144875,-0.0435692605193195,0.319931708823578,2,0.02303579369336366,0.03026146839857101,-0.007225674705207347,0.053297262091934666,2,0.4322960040666515,0.04793825077187891,0.38435775329477256,0.4802342548385304,2,0.0718725961859335,0.008129388255302149,0.06374320793063136,0.08000198444123566,2,0.335,0.0050000000000000044,0.33,0.34,2,0.335,0.0050000000000000044,0.33,0.34,2,0.74,0.010000000000000009,0.73,0.75,2,0.74,0.010000000000000009,0.73,0.75,2,0.3549705023059556,0.040986059156500415,0.3139844431494552,0.395956561462456,2,0.05901723093241452,0.0069449737399816455,0.05207225719243287,0.06596220467239616,2,0.32284411869197793,0.09691728885512091,0.22592682983685702,0.41976140754709884,2,0.053698161258448285,0.01622968166401718,0.03746847959443111,0.06992784292246547,2,0.48193227739998423,0.09511298757590425,0.38681928982408,0.5770452649758885,2,0.08014055948470153,0.015989121993144263,0.06415143749155726,0.09612968147784579,2,0.4231646714490468,0.029139550153171156,0.39402512129587564,0.45230422160221795,2,0.07034780508428812,0.005001328167319297,0.06534647691696882,0.07534913325160741,2,0.30640704230370164,0.08803015450643892,0.21837688779726272,0.39443719681014056,2,0.05096273360713828,0.014746361672627939,0.03621637193451034,0.06570909527976622,,,,,,,,,,,,,,,,2,1.4401121735572815,0.006418883800506592,1.433693289756775,1.446531057357788,,,,,,2,3.3010459768772122,0.024512552022933898,3.2765334248542786,3.3255585289001464,2,65.99617195129395,5.435064315795898,60.56110763549805,71.43123626708984,2,2574.2873493433,0.7663685083389282,2573.520980834961,2575.053717851639,,,,,,2,152.85369110107422,7.996910095214844,144.85678100585938,160.85060119628906
npse,"mu,cd,m",3000,2,39999000,40000000,39999000,2,0.8815,0.009333333333333249,0.8721666666666668,0.8908333333333333,2,-1.3042517993823681,0.01718980662162617,-1.3214416060039944,-1.287061992760742,2,-0.11956284935437143,0.0010272465575486417,-0.12059009591192008,-0.11853560279682279,2,0.4841199661350504,0.004723697144767058,0.4793962689902833,0.48884366327981743,2,0.04438074933449375,0.0002293977776435252,0.044151351556850224,0.044610147112137274,2,0.015,0.005,0.01,0.02,2,0.015,0.005,0.01,0.02,2,0.8,0.019999999999999962,0.78,0.82,2,0.8,0.019999999999999962,0.78,0.82,2,1.3042517993823681,0.01718980662162617,1.287061992760742,1.3214416060039944,2,0.11956284935437143,0.0010272465575486417,0.11853560279682279,0.12059009591192008,2,0.4841199661350504,0.004723697144767058,0.4793962689902833,0.48884366327981743,2,0.04438074933449375,0.0002293977776435252,0.044151351556850224,0.044610147112137274,2,1.391203547696091,0.017759207385549924,1.373444340310541,1.4089627550816408,2,0.12753409795065013,0.0010428691057111361,0.126491228844939,0.12857696705636126,2,1.419229659128288,0.014270044548168825,1.404959614580119,1.4334997036764567,2,0.13010491940416394,0.000711202846094966,0.12939371655806897,0.1308161222502589,2,0.41350737021732453,0.005487974195105716,0.4080193960222188,0.41899534441243025,2,0.037906866694794566,0.00032916942986205636,0.037577697264932514,0.038236036124656626,2,0.008333333333333333,0.0016666666666666666,0.006666666666666667,0.01,2,0.4916666666666667,0.0016666666666666774,0.49,0.49333333333333335,2,0.515,0.018333333333333285,0.49666666666666676,0.5333333333333333,2,0.385,0.018333333333333285,0.3666666666666667,0.40333333333333327,2,0.3675438596491228,0.00736842105263158,0.3601754385964912,0.37491228070175436,2,300.0,0.0,300.0,300.0,2,1.7324919974803925,0.025308927297592154,1.7071830701828004,1.7578009247779847,2,0.5737195286486672,0.030487223027134136,0.543232305621533,0.6042067516758013,2,70.60729564666748,0.2989189529418894,70.30837669372559,70.90621459960937,2,12.22651558466666,0.45575279287430615,11.770762791792356,12.682268377540968,2,117.96649551391602,5.030437469482422,112.9360580444336,122.99693298339844,2,-1.4165677854413237,0.06605925776420352,-1.482627043205527,-1.35050852767712,2,-117.96621125793456,5.03050231933593,-122.9967135772705,-112.93570893859864,2,0.46633766599839066,0.01047998568979619,0.45585768030859447,0.47681765168818685,2,38.83852423352771,0.7176171370052451,38.12090709652246,39.55614137053295,2,0.0,0.0,0.0,0.0,2,0.0,0.0,0.0,0.0,2,0.71,0.02999999999999997,0.68,0.74,2,0.71,0.02999999999999997,0.68,0.74,2,1.4165677854413237,0.06605925776420352,1.35050852767712,1.482627043205527,2,117.96621125793456,5.03050231933593,112.93570893859864,122.9967135772705,2,0.46633766599839066,0.01047998568979619,0.45585768030859447,0.47681765168818685,2,38.83852423352771,0.7176171370052451,38.12090709652246,39.55614137053295,2,1.491391921985414,0.06602196719299014,1.4253699547924237,1.557413889178404,2,124.19844630729183,5.002481982464289,119.19596432482754,129.20092828975612,2,1.501252685146972,0.057126388934834016,1.4441262962121382,1.5583790740818062,2,125.02272704467775,4.258271505737312,120.76445553894044,129.28099855041506,2,0.4140271713617848,0.01689748663335494,0.39712968472842985,0.43092465799513974,2,34.47936216809073,1.2695591115443534,33.20980305654638,35.748921279635084,2,1.0943701287324736,0.10281294017316955,0.9915571885593042,1.1971830689056433,2,0.18211387485414743,0.017470160499215112,0.1646437143549323,0.19958403535336253,2,0.3669645551883758,0.04800050247587692,0.3189640527124989,0.41496505766425273,2,0.061070987924314785,0.008108407158562217,0.05296258076575257,0.069179395082877,2,0.01,0.0,0.01,0.01,2,0.01,0.0,0.01,0.01,2,0.035,0.005000000000000001,0.03,0.04,2,0.035,0.005000000000000001,0.03,0.04,2,1.1019929226006577,0.10566204840721743,0.9963308741934404,1.2076549710078752,2,0.18338309254944324,0.017946728397905815,0.16543636415153742,0.20132982094734905,2,0.3435734245310532,0.03984901946068656,0.3037244050703667,0.3834224439917398,2,0.05717649236674819,0.006744388957537574,0.050432103409210616,0.06392088132428576,2,1.1543288046341864,0.11273208559825665,1.0415967190359297,1.267060890232443,2,0.1920930109389229,0.01914045201608587,0.172952558922837,0.21123346295500875,2,1.1038986885155748,0.10582796650709769,0.998070722008477,1.2097266550226724,2,0.18370022619962695,0.01797496787756682,0.16572525832206011,0.20167519407719375,2,0.3380468513287231,0.0394777082583363,0.2985691430703868,0.3775245595870594,2,0.05625686594654532,0.006680771430252749,0.04957609451629257,0.06293763737679807,,,,,,,,,,,,,,,,2,1.3921934962272644,0.011862099170684814,1.3803313970565796,1.4040555953979492,,,,,,2,4.521120232343674,0.027934423685073817,4.4931858086586,4.549054656028748,2,60.062089920043945,3.1851558685302734,56.87693405151367,63.24724578857422,2,2542.913142323494,2.862474799156189,2540.0506675243378,2545.77561712265,,,,,,2,143.86080932617188,4.07330322265625,139.78750610351562,147.93411254882812
npse,"mu,cd,m",1000,5,60000000,60000000,60000000,5,0.9169666666666666,0.023371254899032603,0.8753333333333333,0.9375,5,-1.360561438919077,0.03367838198414169,-1.4133063271026314,-1.3112340290763254,5,-0.12416424725599588,0.0032656183609941695,-0.12921269151382148,-0.11920719095692038,5,0.49109481796167154,0.006365531666793241,0.4838002277713949,0.5017460517617927,5,0.044814418505890116,0.000507026395218056,0.044242056304691836,0.04561484615310033,5,0.026000000000000002,0.011999999999999999,0.01,0.04,5,0.026000000000000002,0.011999999999999999,0.01,0.04,5,0.77,0.048989794855663585,0.69,0.83,5,0.77,0.048989794855663585,0.69,0.83,5,1.360561438919077,0.03367838198414169,1.3112340290763254,1.4133063271026314,5,0.12416424725599588,0.0032656183609941695,0.11920719095692038,0.12921269151382148,5,0.49109481796167154,0.006365531666793241,0.4838002277713949,0.5017460517617927,5,0.044814418505890116,0.000507026395218056,0.044242056304691836,0.04561484615310033,5,1.4465701171802583,0.03018606946791616,1.403952912125717,1.495591906078206,5,0.1320124381869781,0.002954641373083458,0.12763647035785144,0.13673571806275697,5,1.4653288848987913,0.025223990250780925,1.4280088738837122,1.5054668241541092,5,0.13372386453993618,0.002518538754872735,0.1298234508045018,0.13763854064457118,5,0.4231773683891702,0.0033230125338065135,0.4173780228635447,0.42679335626912146,5,0.03861710981320584,0.00025908161298237946,0.03826601411744714,0.03901993278690423,5,0.138,0.1057166022912201,0.016666666666666666,0.27,5,0.362,0.1057166022912201,0.22999999999999998,0.48333333333333334,5,0.6973333333333334,0.11507292373872223,0.53,0.8566666666666668,5,0.20266666666666672,0.11507292373872223,0.043333333333333224,0.37,5,0.2594385964912281,0.09072339488692635,0.13842105263157892,0.3726315789473684,5,300.0,0.0,300.0,300.0,5,1.140496626138687,0.13333518115667048,0.9696808588504792,1.3800438237190247,5,1.3937876781431366,0.8500806911492764,0.19873688245273097,2.8246819775113954,5,58.23138819885254,2.902022486023592,56.12965255737305,63.9840389251709,5,15.516448988714723,17.754124600671016,5.5670908955298195,50.97002647109677,5,124.49906158447266,18.41555758335585,88.2907943725586,138.16390991210938,5,-1.5007805753464605,0.22021380916701241,-1.6597323227228715,-1.0670446171517538,5,-124.49892853881836,18.4155436896849,-138.1637636352539,-88.2906883392334,5,0.4597663965816433,0.01018957248668643,0.4416195977034433,0.4715895496702861,5,38.133080324279256,0.8731316679580983,36.54101997080819,39.136686602899395,5,0.02,0.04,0.0,0.1,5,0.02,0.04,0.0,0.1,5,0.592,0.10740577265678042,0.51,0.8,5,0.592,0.10740577265678042,0.51,0.8,5,1.5007805753464605,0.22021380916701241,1.0670446171517538,1.6597323227228715,5,124.49892853881836,18.4155436896849,88.2906883392334,138.1637636352539,5,0.4597663965816433,0.01018957248668643,0.4416195977034433,0.4715895496702861,5,38.133080324279256,0.8731316679580983,36.54101997080819,39.136686602899395,5,1.5709136525791423,0.2110822589387523,1.1548212346801923,1.7221340269509362,5,130.314554758371,17.667100745610135,95.55360688075906,143.35836891622728,5,1.5683806009126808,0.18699068806805696,1.2005614588226248,1.706046919620235,5,130.10203501831054,15.675546709151822,99.33829940490723,142.0192039489746,5,0.4163216477268163,0.030058667695518584,0.3563097722730368,0.43455604724697555,5,34.53214363817598,2.529517505900669,29.482211964237933,36.063317811401255,5,0.24820249855274015,0.21613498604196327,0.00990436460140536,0.5797601505251884,5,0.04120959771573544,0.03591084974794871,0.0016414516791701307,0.09642481605112554,5,0.21390718077345502,0.08358991596846188,0.12578723101338196,0.35022876109226037,5,0.035492571594120725,0.013894090597695306,0.02084673091746426,0.05824950642270095,5,0.368,0.29130053209700807,0.03,0.76,5,0.368,0.29130053209700807,0.03,0.76,5,0.73,0.25814724480420087,0.33,0.98,5,0.73,0.25814724480420087,0.33,0.98,5,0.2868734757603003,0.1778555595944384,0.09307840524954862,0.5797601505251884,5,0.04761847069621086,0.029569641447787048,0.015425894258916375,0.09642481605112554,5,0.19368608628657308,0.09807689494875131,0.08518764229847128,0.35022876109226037,5,0.03214132599736476,0.016298502438806827,0.014118156390724022,0.05824950642270095,5,0.3473561651222544,0.20101259430395355,0.12617655853672463,0.6773344943476662,5,0.05765299872171016,0.03341736380697514,0.020911254232116514,0.11265322964292533,5,0.3425106582754259,0.1440937545858003,0.19985487369063687,0.593291372689819,5,0.056845657271146766,0.023981812078007866,0.03312196918874979,0.09867530787587166,5,0.17281303460312697,0.10379826368460826,0.061850240421572895,0.3400178656000798,5,0.028678981895106627,0.017247866080042785,0.010250446213377862,0.05655124624567775,,,,,,,,,,,,,,,,5,1.4599820137023927,0.008155395152691607,1.4448047876358032,1.4686744213104248,,,,,,5,1.9761046528816224,0.05013500501517329,1.9133606839179993,2.027217991352081,5,62.48425064086914,9.754401812544243,43.22147750854492,69.62163543701172,5,3990.9515743732454,18.459004133298354,3977.6023664474487,4027.543612241745,,,,,,5,147.6866195678711,15.890571867946644,116.52144622802734,159.61474609375
npse,"mu,cd,m",2000,2,60000000,60000000,60000000,2,0.89475,0.004583333333333384,0.8901666666666667,0.8993333333333334,2,-1.3282983941633173,0.050801908222198655,-1.379100302385516,-1.2774964859411186,2,-0.12137871840316802,0.005409208752773696,-0.12678792715594173,-0.11596950965039433,2,0.4862768714074801,0.012547396379108011,0.4737294750283721,0.4988242677865881,2,0.04441753454765755,0.0008650986669349846,0.043552435880722565,0.045282633214592534,2,0.025,0.025,0.0,0.05,2,0.025,0.025,0.0,0.05,2,0.77,0.020000000000000018,0.75,0.79,2,0.77,0.020000000000000018,0.75,0.79,2,1.3282983941633173,0.050801908222198655,1.2774964859411186,1.379100302385516,2,0.12137871840316802,0.005409208752773696,0.11596950965039433,0.12678792715594173,2,0.4862768714074801,0.012547396379108011,0.4737294750283721,0.4988242677865881,2,0.04441753454765755,0.0008650986669349846,0.043552435880722565,0.045282633214592534,2,1.4148137768695057,0.043382800945185984,1.3714309759243197,1.4581965778146917,2,0.1292782128976453,0.004781449729279269,0.12449676316836603,0.13405966262692456,2,1.437684781919784,0.03868798762297643,1.3989967942968076,1.4763727695427604,2,0.13136492438409478,0.004365771053545187,0.1269991533305496,0.13573069543763996,2,0.42101522328950836,0.004240421313036452,0.4167748019764719,0.4252556446025448,2,0.03846023051180225,0.00014393652699263085,0.03831629398480962,0.03860416703879488,2,0.09,0.006666666666666668,0.08333333333333333,0.09666666666666666,2,0.41000000000000003,0.006666666666666682,0.4033333333333333,0.4166666666666667,2,0.6100000000000001,0.06666666666666671,0.5433333333333333,0.6766666666666667,2,0.29,0.06666666666666671,0.22333333333333327,0.3566666666666667,2,0.3053508771929824,0.00517543859649125,0.30017543859649115,0.31052631578947365,2,300.0,0.0,300.0,300.0,2,1.1593603843450546,0.0798635333776474,1.0794968509674072,1.239223917722702,2,0.22979381724999537,0.0002530805387116891,0.2295407367112837,0.23004689778870707,2,67.60845993041993,0.59626655578613,67.0121933746338,68.20472648620606,2,8.184384426332372,0.43328447197113196,7.751099954361239,8.617668898303503,2,106.12322998046875,24.888595581054688,81.23463439941406,131.01182556152344,2,-1.2779535602316403,0.3029429107286806,-1.5808964709603208,-0.9750106495029596,2,-106.08166112823486,24.930115721130363,-131.01177684936522,-81.15154540710449,2,0.5158600747188015,0.04013784501445131,0.47572222970435013,0.5559979197332527,2,42.85023999024189,3.4262705740634836,39.4239694161784,46.27651056430537,2,0.12,0.12,0.0,0.24,2,0.12,0.12,0.0,0.24,2,0.7,0.13999999999999996,0.56,0.84,2,0.7,0.13999999999999996,0.56,0.84,2,1.2784311991926656,0.3024652717676552,0.9759659274250104,1.5808964709603208,2,106.12141570892334,24.890361140441883,81.23105456848145,131.01177684936522,2,0.5150207989231662,0.03929856921881611,0.47572222970435013,0.5543193681419823,2,42.78038585371478,3.3564164375363816,39.4239694161784,46.136802291251165,2,1.3866607651141525,0.264261792648529,1.1223989724656234,1.6509225577626814,2,115.11692752488953,21.698038899678366,93.41888862521117,136.8149664245679,2,1.4017588837206503,0.23761203679375575,1.1641468469268945,1.639370920514406,2,116.37564292755127,19.482018382263192,96.89362454528808,135.85766130981446,2,0.422663504377774,0.014881728812489087,0.4077817755652849,0.43754523319026306,2,35.10021932432335,1.1599527001756478,33.9402666241477,36.26017202449899,2,1.0485300656274374,0.8236455530471688,0.2248845125802687,1.8721756186746064,2,0.1744914657920599,0.13722896002531051,0.03726250576674938,0.3117204258173704,2,0.5162617654332526,0.1852500937064672,0.3310116717267854,0.7015118591397198,2,0.08582514561694725,0.03097777302375546,0.054847372593191786,0.1168029186407027,2,0.125,0.125,0.0,0.25,2,0.125,0.125,0.0,0.25,2,0.36,0.36,0.0,0.72,2,0.36,0.36,0.0,0.72,2,1.1080676788079094,0.764107939866697,0.34395973894121235,1.8721756186746064,2,0.18435662152469157,0.12736380429267882,0.056992817232012744,0.3117204258173704,2,0.4530220882017837,0.2484897709379361,0.2045323172638476,0.7015118591397198,2,0.07534657218772278,0.04145634645297993,0.03389022573474285,0.1168029186407027,2,1.1997335785855634,0.7995564043016893,0.40017717428387417,1.9992899828872528,2,0.1995965080810701,0.13328867584087817,0.06630783224019193,0.33288518392194827,2,1.1407182408318337,0.7314842798240071,0.40923396100782666,1.8722025206558408,2,0.18976670612096788,0.12195819892287255,0.06780850719809532,0.31172490504384043,2,0.4329804109263135,0.268546690573404,0.16443372035290948,0.7015271014997175,2,0.07202574888613081,0.044779707632340265,0.027246041253790546,0.11680545651847107,,,,,,,,,,,,,,,,2,1.4174931049346924,0.013125300407409668,1.4043678045272827,1.430618405342102,,,,,,2,3.2677321064472196,0.0024061238765715753,3.265325982570648,3.2701382303237914,2,54.117462158203125,13.2545166015625,40.862945556640625,67.37197875976562,2,3818.5572562217712,1.3155615329742432,3817.241694688797,3819.8728177547455,,,,,,2,133.77865600585938,20.241363525390625,113.53729248046875,154.02001953125
npse,"mu,cd,m",3000,2,60000000,60000000,60000000,2,0.8956666666666668,0.011166666666666714,0.8845000000000001,0.9068333333333335,2,-1.3661572858834985,0.004434134666815193,-1.3705914205503138,-1.3617231512166834,2,-0.1249112141430378,0.00024329602234064024,-0.12515451016537843,-0.12466791812069715,2,0.4859084246237287,0.0030010985499958065,0.4829073260737329,0.4889095231737245,2,0.04442715999619696,4.36666858675272e-05,0.04438349331032943,0.044470826682064486,2,0.005,0.005,0.0,0.01,2,0.005,0.005,0.0,0.01,2,0.785,0.015000000000000013,0.77,0.8,2,0.785,0.015000000000000013,0.77,0.8,2,1.3661572858834985,0.004434134666815193,1.3617231512166834,1.3705914205503138,2,0.1249112141430378,0.00024329602234064024,0.12466791812069715,0.12515451016537843,2,0.4859084246237287,0.0030010985499958065,0.4829073260737329,0.4889095231737245,2,0.04442715999619696,4.36666858675272e-05,0.04438349331032943,0.044470826682064486,2,1.4499981127369912,0.005183444298448414,1.4448146684385428,1.4551815570354396,2,0.13257676648794983,0.00021459578070029406,0.13236217070724954,0.13279136226865013,2,1.4669652203852657,0.004346598909989341,1.4626186214752763,1.471311819295255,2,0.13412853537350894,0.00029916894994677645,0.13382936642356216,0.13442770432345572,2,0.424390909990754,0.0031859878310805667,0.4212049221596735,0.4275768978218346,2,0.03880227549336558,8.978379345288626e-05,0.0387124916999127,0.03889205928681847,2,0.11166666666666668,0.0050000000000000044,0.10666666666666667,0.11666666666666668,2,0.3883333333333333,0.0050000000000000044,0.3833333333333333,0.3933333333333333,2,0.645,0.0016666666666665941,0.6433333333333334,0.6466666666666666,2,0.255,0.0016666666666665941,0.2533333333333334,0.2566666666666666,2,0.2940350877192982,0.0010526315789473606,0.29298245614035084,0.29508771929824557,2,300.0,0.0,300.0,300.0,2,1.9176310050487517,0.01998349547386169,1.8976475095748901,1.9376145005226135,2,0.6627377522137499,0.001974359064181752,0.6607633931495681,0.6647121112779316,2,71.85003242492675,0.3726651763915996,71.47736724853516,72.22269760131836,2,12.07809345446352,0.20612316764027838,11.871970286823242,12.284216622103798,2,131.33199310302734,2.8764572143554688,128.45553588867188,134.2084503173828,2,-1.5810764182084407,0.037019253439040334,-1.618095671647481,-1.5440571647694004,2,-131.33187283172606,2.8764054153442373,-134.2082782470703,-128.45546741638182,2,0.4928625388075116,0.00454663553386303,0.48831590327364854,0.4974091743413746,2,40.94043096999494,0.31573816638799457,40.62469280360695,41.25616913638294,2,0.0,0.0,0.0,0.0,2,0.0,0.0,0.0,0.0,2,0.585,0.015000000000000013,0.57,0.6,2,0.585,0.015000000000000013,0.57,0.6,2,1.5810764182084407,0.037019253439040334,1.5440571647694004,1.618095671647481,2,131.33187283172606,2.8764054153442373,128.45546741638182,134.2082782470703,2,0.4928625388075116,0.00454663553386303,0.48831590327364854,0.4974091743413746,2,40.94043096999494,0.31573816638799457,40.62469280360695,41.25616913638294,2,1.6561282311779368,0.03669470384015883,1.619433527337778,1.6928229350180957,2,137.5663019457115,2.8400135883587154,134.7262883573528,140.40631553407022,2,1.641102969651779,0.034392356145711456,1.6067106135060676,1.6754953257974905,2,136.318476020813,2.650651036071764,133.66782498474123,138.96912705688476,2,0.45449929845047776,0.005589310114204132,0.44890998833627366,0.4600886085646819,2,37.75355028657678,0.40717207996037175,37.34637820661641,38.16072236653715,2,0.320935771424032,0.05428699377384211,0.2666487776501899,0.3752227651978741,2,0.05328631064146758,0.008892157047986984,0.04439415359348059,0.06217846768945456,2,0.4796614651085135,0.14328732007390532,0.33637414503460816,0.6229487851824188,2,0.07961601130104909,0.023613334303803107,0.05600267699724598,0.1032293456048522,2,0.33,0.010000000000000009,0.32,0.34,2,0.33,0.010000000000000009,0.32,0.34,2,0.565,0.034999999999999976,0.53,0.6,2,0.565,0.034999999999999976,0.53,0.6,2,0.37948481665597034,0.06669423810895703,0.3127905785470133,0.44617905476492736,2,0.06300647922605276,0.010930212587118158,0.0520762666389346,0.07393669181317092,2,0.43411195592033824,0.14015415275408663,0.2939578031662516,0.5742661086744248,2,0.07205145630722042,0.023110643511660974,0.048940812795559445,0.0951620998188814,2,0.5782341393687973,0.14899162508333644,0.42924251428546084,0.7272257644521337,2,0.09598671500059577,0.02452245327391584,0.07146426172667994,0.12050916827451162,2,0.408755241705931,0.06991255263444204,0.33884268907148896,0.47866779434037304,2,0.06786704486459494,0.011453381872177128,0.05641366299241782,0.07932042673677207,2,0.41306255289719307,0.1406728346439449,0.27238971825324815,0.5537353875411379,2,0.06855494808889702,0.023204989585023122,0.0453499585038739,0.09175993767392014,,,,,,,,,,,,,,,,2,1.3764585256576538,0.0060269832611083984,1.3704315423965454,1.3824855089187622,,,,,,2,4.59098952293396,0.05364666938781726,4.537342853546143,4.644636192321777,2,66.85526275634766,2.15972900390625,64.6955337524414,69.0149917602539,2,3807.816009283066,1.5766205787658691,3806.2393887043,3809.3926298618317,,,,,,2,154.6742401123047,2.5447998046875,152.1294403076172,157.2190399169922
npse,"mu,m",1000,5,20000000,20000000,20000000,5,0.9333,0.012638741146877625,0.9086666666666666,0.9433333333333332,,,,,,,,,,,,,,,,,,,,,,,,,,,,,,,,,,,,,,,,,,,,,,,,,,,,,,,,,,,,,,,,,,,,,,,,,,,,,,,,,,,,,,,,,,,5,0.131,0.0757231800705702,0.0,0.225,5,0.36899999999999994,0.0757231800705702,0.275,0.5,5,0.4370000000000001,0.11007270324653612,0.245,0.5700000000000001,5,0.46299999999999997,0.11007270324653613,0.32999999999999996,0.655,5,0.3233684210526316,0.06775943270292044,0.2678947368421052,0.44578947368421046,5,300.0,0.0,300.0,300.0,5,0.87274045586586,0.008660059047308552,0.8578946971893311,0.8848324978351593,5,0.08254249963369006,0.003924140501495286,0.07545098709315073,0.08745891102130081,5,54.893047286987304,0.28880579723649186,54.516048736572266,55.40519226074219,5,2.6963252824559265,0.6428030102483494,2.246038296113947,3.952412701482758,5,133.30519104003906,7.562146517655094,121.33892822265625,143.4665069580078,5,-1.6347244450178526,0.08911006850094151,-1.7510929659439922,-1.4950124440761352,5,-133.30512941467288,7.562129469727437,-143.46633908081054,-121.33881942138673,5,0.44355702150928406,0.0032464557074519504,0.4375142067140009,0.4471887831939685,5,36.16608892928101,0.3095432624727505,35.55160780782019,36.36540168168932,5,0.0,0.0,0.0,0.0,5,0.0,0.0,0.0,0.0,5,0.27799999999999997,0.1057166022912201,0.16,0.45,5,0.27799999999999997,0.1057166022912201,0.16,0.45,5,1.6347244450178526,0.08911006850094151,1.4950124440761352,1.7510929659439922,5,133.30512941467288,7.562129469727437,121.33881942138673,143.46633908081054,5,0.44355702150928406,0.0032464557074519504,0.4375142067140009,0.4471887831939685,5,36.16608892928101,0.3095432624727505,35.55160780782019,36.36540168168932,5,1.694023004205014,0.08546372023400223,1.560461475255638,1.8064716148491795,5,138.13956623348412,7.279105486009655,126.65082064343699,148.0034894477854,5,1.662584476091542,0.07850995493942893,1.540300981790021,1.7667075785680413,5,135.5750291925049,6.709450987572234,125.01454649047854,144.74563798217775,5,0.42500086136462134,0.005008920084899962,0.41622573374374655,0.43165778437532865,5,34.65412171716747,0.5122149387049054,33.78188487009475,35.36554801772921,5,0.1670195474217,0.2204056376686354,-0.15468925201753156,0.5224071672202198,5,0.02719367392539978,0.035969448986303235,-0.025436145357787612,0.08503607639968395,5,0.18256996642222417,0.01657687687971916,0.16019786839331193,0.2035677269409335,5,0.02980984690684596,0.0027130469141671857,0.026238577692148417,0.03313622372104408,5,0.262,0.1514463601411404,0.0,0.45,5,0.262,0.1514463601411404,0.0,0.45,5,0.596,0.28639832401744253,0.04,0.81,5,0.596,0.28639832401744253,0.04,0.81,5,0.2659376680641535,0.13172711190291025,0.14990241745549718,0.5224071672202198,5,0.04340603567063809,0.021410140790832855,0.024272380049526684,0.08503607639968395,5,0.14458611597055732,0.03317739571502807,0.10054491466813863,0.2035677269409335,5,0.023611944294816688,0.005411356891001344,0.01628035410081585,0.03313622372104408,5,0.3042662039906153,0.13229828771645533,0.18049934798947456,0.5606684116435964,5,0.049668015049245916,0.02150286118578608,0.029226672114981082,0.09126414198327823,5,0.3035870534173313,0.11409226955955103,0.19614376108066645,0.5233149225951285,5,0.04955765408694744,0.01853915537530633,0.031759833864867686,0.08518383847177029,5,0.11760575372798779,0.04489419644485521,0.07069441784084016,0.20223492609436114,5,0.019203538268253783,0.007305570764795784,0.011446926242898092,0.03291927384223291,,,,,,,,,,,,,,,,5,1.4767334461212158,0.013981191820301534,1.4558013677597046,1.492850661277771,,,,,,5,1.7674876375198365,0.1276504100978104,1.6374586939811706,1.9761945772171021,5,85.21753387451172,4.601463988668232,77.0466537475586,90.68232727050781,5,1327.599394464493,2.5972943878019144,1323.2444038391113,1331.3681252002716,,,,,,5,152.45848083496094,6.407692355128327,142.5548858642578,161.51373291015625
npse,"mu,m",2000,2,20000000,20000000,20000000,2,0.7600833333333334,0.012916666666666632,0.7471666666666668,0.773,,,,,,,,,,,,,,,,,,,,,,,,,,,,,,,,,,,,,,,,,,,,,,,,,,,,,,,,,,,,,,,,,,,,,,,,,,,,,,,,,,,,,,,,,,,2,0.0325,0.0275,0.005,0.06,2,0.4675,0.027499999999999997,0.44,0.495,2,0.3075,0.012499999999999983,0.29500000000000004,0.32,2,0.5925,0.012499999999999956,0.5800000000000001,0.605,2,0.4085526315789473,0.018026315789473696,0.3905263157894736,0.426578947368421,2,300.0,0.0,300.0,300.0,2,1.1241457664966583,0.018171470165252668,1.1059742963314056,1.142317236661911,2,0.18319421092233534,1.8467945735872737e-06,0.18319236412776174,0.18319605771690892,2,65.81918373107911,0.23851142883300724,65.5806723022461,66.05769515991211,2,6.331745815794567,0.12915500100358557,6.202590814790981,6.460900816798152,2,117.43011474609375,8.758018493652344,108.6720962524414,126.1881332397461,2,-1.4521247351325635,0.11510172019912934,-1.5672264553316928,-1.3370230149334341,2,-117.31244109954835,8.875582264709479,-126.18802336425783,-108.43685883483887,2,0.5202993998003292,0.04826250629111872,0.4720368935092105,0.568561906091448,2,42.05954278222805,4.052653069086428,38.00688971314162,46.112195851314475,2,0.04,0.04,0.0,0.08,2,0.04,0.04,0.0,0.08,2,0.52,0.06999999999999998,0.45,0.59,2,0.52,0.06999999999999998,0.45,0.59,2,1.453569919515581,0.1136565358161119,1.339913383699469,1.5672264553316928,2,117.42965021514894,8.758373149108898,108.67127706604003,126.18802336425783,2,0.5168766439391764,0.04483975042996591,0.4720368935092105,0.5617163943691423,2,41.781946239633285,3.7750565264916673,38.00688971314162,45.55700276612495,2,1.5448308972784273,0.09193957872771363,1.4528913185507135,1.6367704760061408,2,124.81081705228256,6.9766668232561955,117.83415022902636,131.78748387553875,2,1.5299822290651086,0.0910240547107074,1.4389581743544013,1.6210062837758161,2,123.61116470794677,6.907037110900873,116.7041275970459,130.51820181884764,2,0.44670981792881437,0.018282419418482798,0.42842739851033157,0.46499223734729717,2,36.1039783768605,1.6083846666907533,34.49559371016975,37.71236304355126,2,1.3448315320337785,0.3126880974214651,1.0321434346123133,1.6575196294552434,2,0.21978330647051336,0.05062585204541685,0.16915745442509653,0.2704091585159302,2,0.5636224080094099,0.23107597330007307,0.33254643470933676,0.7946983813094829,2,0.09207431545399049,0.037573453289630555,0.05450086216435993,0.12964776874362105,2,0.025,0.015000000000000001,0.01,0.04,2,0.025,0.015000000000000001,0.01,0.04,2,0.095,0.045000000000000005,0.05,0.14,2,0.095,0.045000000000000005,0.05,0.14,2,1.3681152760990556,0.3359718414867424,1.0321434346123133,1.7040871175857981,2,0.22358183625191452,0.05442438182681798,0.16915745442509653,0.2780062180787325,2,0.510875863515245,0.1783294288059083,0.33254643470933676,0.6892052923211534,2,0.08346919943193379,0.028968337267573852,0.05450086216435993,0.11243753669950764,2,1.4612877879215982,0.3768952386797685,1.0843925492418296,1.8381830266013666,2,0.23880163655638145,0.06108110210907239,0.17772053444730906,0.29988273866545384,2,1.3814329472551714,0.3302772902395704,1.051155657015601,1.711710237494742,2,0.2257616090208292,0.0534882513731718,0.17227335764765742,0.279249860394001,2,0.49919701848983566,0.17415310158891814,0.32504391690091755,0.6733501200787538,2,0.08156109437767112,0.028289815929007985,0.053271278448663126,0.1098509103066791,,,,,,,,,,,,,,,,2,1.409192144870758,0.023727715015411377,1.3854644298553467,1.4329198598861694,,,,,,2,2.8244770860671995,0.11760105848312397,2.7068760275840758,2.9420781445503237,2,75.44510650634766,4.376686096191406,71.06842041015625,79.82179260253906,2,1252.879153728485,1.4876065254211426,1251.391547203064,1254.3667602539062,,,,,,2,140.72251892089844,6.7407684326171875,133.98175048828125,147.46328735351562
npse,"mu,m",3000,2,19998000,20000000,19998000,2,0.8839166666666667,0.01974999999999999,0.8641666666666666,0.9036666666666666,,,,,,,,,,,,,,,,,,,,,,,,,,,,,,,,,,,,,,,,,,,,,,,,,,,,,,,,,,,,,,,,,,,,,,,,,,,,,,,,,,,,,,,,,,,2,0.05,0.020000000000000004,0.03,0.07,2,0.44999999999999996,0.01999999999999999,0.43,0.47,2,0.2125,0.017499999999999988,0.195,0.22999999999999998,2,0.6875,0.017500000000000016,0.67,0.7050000000000001,2,0.42486842105263156,0.013815789473684281,0.4110526315789473,0.43868421052631584,2,300.0,0.0,300.0,300.0,2,1.8590305936336518,0.0003766787052155163,1.8586539149284362,1.8594072723388673,2,0.6005405588240447,0.04471399442087032,0.5558265644031744,0.645254553244915,2,70.9161228942871,0.25512397766113537,70.66099891662597,71.17124687194824,2,9.727247264275587,0.7307599476203981,8.99648731665519,10.458007211895985,2,142.42282104492188,2.560333251953125,139.86248779296875,144.983154296875,2,-1.7556664192061262,0.028811964903664222,-1.7844783841097904,-1.726854454302462,2,-142.42273103027344,2.5604058074951013,-144.98313683776854,-139.86232522277834,2,0.47016888722338884,7.716114509503935e-06,0.47016117110887934,0.47017660333789835,2,38.13994252849365,0.06039654263788563,38.079545985855766,38.20033907113154,2,0.0,0.0,0.0,0.0,2,0.0,0.0,0.0,0.0,2,0.18,0.03,0.15,0.21,2,0.18,0.03,0.15,0.21,2,1.7556664192061262,0.028811964903664222,1.726854454302462,1.7844783841097904,2,142.42273103027344,2.5604058074951013,139.86232522277834,144.98313683776854,2,0.47016888722338884,7.716114509503935e-06,0.47016117110887934,0.47017660333789835,2,38.13994252849365,0.06039654263788563,38.079545985855766,38.20033907113154,2,1.8175474713647874,0.027833015602995448,1.789714455761792,1.8453804869677828,2,147.44237663987676,2.4888605072519283,144.95351613262483,149.93123714712868,2,1.7757827215890722,0.03374685149629042,1.7420358700927818,1.8095295730853627,2,144.05518607177734,2.963279428100577,141.09190664367677,147.01846549987792,2,0.4502245594406324,0.0037471414034643824,0.446477418037168,0.45397170084409677,2,36.52158801740155,0.24673163648721186,36.274856380914336,36.76831965388876,2,0.4777458445830144,0.15020601905193712,0.32753982553107724,0.6279518636349515,2,0.07821556899398566,0.02467314207702876,0.0535424269169569,0.10288871107101442,2,0.36089691465740276,0.008713209451819692,0.35218370520558306,0.36961012410922245,2,0.05906211114468556,0.0013574830031612,0.05770462814152436,0.06041959414784676,2,0.1,0.04000000000000001,0.06,0.14,2,0.1,0.04000000000000001,0.06,0.14,2,0.245,0.065,0.18,0.31,2,0.245,0.065,0.18,0.31,2,0.5499205306298904,0.11227333793901445,0.43764719269087593,0.6621938685689048,2,0.09002035327553749,0.018478845688700687,0.0715415075868368,0.10849919896423818,2,0.2557045373852569,0.026883830536513414,0.22882070684874345,0.2825883679217703,2,0.04185326515851935,0.004448298518369007,0.03740496664015034,0.046301563676888355,2,0.6069131538900514,0.1130569185816741,0.4938562353083773,0.7199700724717255,2,0.09934781619597685,0.01861790329407792,0.08072991290189893,0.11796571949005477,2,0.565655152772168,0.10697917793896577,0.4586759748332023,0.6726343307111339,2,0.09259444944858553,0.017615399280190465,0.07497905016839505,0.11020984872877598,2,0.2333889699919409,0.03129047042161978,0.2020984995703211,0.2646794404135607,2,0.03820197436628502,0.005165245708613091,0.03303672865767193,0.043367220074898113,,,,,,,,,,,,,,,,2,1.4148009419441223,0.009766042232513428,1.4050348997116089,1.4245669841766357,,,,,,2,4.12930477142334,0.11608961343765234,4.013215157985687,4.245394384860992,2,91.6973991394043,3.2564964294433594,88.44090270996094,94.95389556884766,2,1270.61785197258,0.12949538230895996,1270.488356590271,1270.747347354889,,,,,,2,159.43502044677734,3.3292312622070312,156.1057891845703,162.76425170898438
npse,"mu,m",1000,5,40000000,40000000,40000000,5,0.9152000000000001,0.013037296925019023,0.8986666666666667,0.9328333333333333,,,,,,,,,,,,,,,,,,,,,,,,,,,,,,,,,,,,,,,,,,,,,,,,,,,,,,,,,,,,,,,,,,,,,,,,,,,,,,,,,,,,,,,,,,,5,0.023,0.03385262175962152,0.0,0.09,5,0.477,0.0338526217596215,0.41000000000000003,0.5,5,0.284,0.13803622712896788,0.12,0.535,5,0.6160000000000001,0.13803622712896788,0.365,0.78,5,0.4211052631578947,0.05716293473950792,0.3094736842105263,0.4705263157894737,5,300.0,0.0,300.0,300.0,5,0.8675981938838959,0.02267680755446622,0.831178548336029,0.8962583899497986,5,0.0782222408606563,0.0072353180650267,0.06842898769857085,0.08810913783575779,5,54.624402984619145,0.29410551798538676,54.19251884460449,55.06887748718262,5,2.3196497763501975,0.17335861945540576,2.1562866211472813,2.646440709836709,5,128.24064178466796,18.278547810033576,98.33385467529297,149.0404052734375,5,-1.5743783180467283,0.22738080161328275,-1.8340837378578352,-1.2047865468715413,5,-128.2406419934082,18.278537828498454,-149.04043316345215,-98.33385391845702,5,0.44726778207538853,0.023588951832923567,0.43034445202676763,0.4936233928567395,5,36.44507028661443,1.9719314103605243,34.88630714412409,40.28920391511766,5,0.01,0.02,0.0,0.05,5,0.01,0.02,0.0,0.05,5,0.31799999999999995,0.18345571672749805,0.12,0.55,5,0.31799999999999995,0.18345571672749805,0.12,0.55,5,1.5743783180467283,0.22738080161328275,1.2047865468715413,1.8340837378578352,5,128.2406419934082,18.278537828498454,98.33385391845702,149.04043316345215,5,0.44726778207538853,0.023588951832923567,0.43034445202676763,0.4936233928567395,5,36.44507028661443,1.9719314103605243,34.88630714412409,40.28920391511766,5,1.639036088365793,0.21103252318947832,1.3019887393898808,1.8853817478771315,5,133.51106997575408,16.93201286445476,106.26743046940759,153.2089874750955,5,1.6151796496216453,0.20027471559066776,1.2891891590659599,1.8494670498745607,5,131.56983393798828,16.06533611075359,105.22273744506836,150.29050449523925,5,0.41233940119638496,0.00857338442621185,0.39640115214920024,0.4223767490456924,5,33.59533253797564,0.6365689583579177,32.423500910553315,34.32297689960571,5,0.46447057381918827,0.11408323381138752,0.2906952274871397,0.5605671144090721,5,0.0759251714375615,0.01863558361746308,0.047599235658347616,0.09179780527055265,5,0.19720557882298892,0.052288765999773695,0.15217322019833832,0.2816508355243237,5,0.03223080376005462,0.008509549870516435,0.02484757869818033,0.04594966270693527,5,0.036,0.047999999999999994,0.0,0.13,5,0.036,0.047999999999999994,0.0,0.13,5,0.25,0.1725108692227826,0.04,0.54,5,0.25,0.1725108692227826,0.04,0.54,5,0.4648148653655704,0.1139624256750213,0.29153571430587805,0.5605671144090721,5,0.07598149799078703,0.01861587010099134,0.04773685926049948,0.09179780527055265,5,0.19648055329610722,0.05222214276900665,0.15217322019833832,0.2816508355243237,5,0.0321122006418381,0.008498335013512872,0.02484757869818033,0.04594966270693527,5,0.5061389585880519,0.11914448434099337,0.33104151388771064,0.6220683836198783,5,0.08273460943235542,0.019445775548435417,0.05420564777701742,0.10148676629777129,5,0.4734966667889635,0.106904651853164,0.3167897192580033,0.5616143324129412,5,0.0774014896544814,0.01746045501767163,0.05187201978713274,0.09196929645538329,5,0.18879296206283533,0.055039061973865454,0.13486728998299818,0.27662337936193415,5,0.030854822541351468,0.008960186739510226,0.02208354092790952,0.045129463160023975,,,,,,,,,,,,,,,,5,1.4490373611450196,0.011579406597852393,1.4386204481124878,1.471619963645935,,,,,,5,1.690233798503876,0.1727759773909056,1.3741792035102844,1.8472564029693603,5,82.0009666442871,11.666637530051155,62.17807388305664,95.80116271972656,5,2657.4370143413544,1.7181217545575485,2654.9311063289642,2659.3106865882874,,,,,,5,147.3164535522461,15.937752819273957,120.04271697998047,165.21022033691406
npse,"mu,m",2000,2,40000000,40000000,40000000,2,0.8589166666666667,0.053583333333333316,0.8053333333333333,0.9125,,,,,,,,,,,,,,,,,,,,,,,,,,,,,,,,,,,,,,,,,,,,,,,,,,,,,,,,,,,,,,,,,,,,,,,,,,,,,,,,,,,,,,,,,,,2,0.065,0.035,0.03,0.1,2,0.435,0.034999999999999976,0.4,0.47,2,0.24750000000000003,0.037500000000000006,0.21000000000000002,0.28500000000000003,2,0.6525,0.03749999999999998,0.615,0.69,2,0.4076315789473684,0.033684210526315816,0.3739473684210526,0.4413157894736842,2,300.0,0.0,300.0,300.0,2,1.1853295248746871,0.027137652039527893,1.1581918728351592,1.212467176914215,2,0.20050092577360043,0.002637144235141664,0.19786378153845877,0.2031380700087421,2,66.57152050018311,0.21289577484130717,66.3586247253418,66.78441627502441,2,6.788710453471293,0.020521393360481532,6.768189060110812,6.809231846831775,2,141.4360580444336,8.438591003417969,132.99746704101562,149.87464904785156,2,-1.7409890899647622,0.10237758297243005,-1.8433666729371923,-1.6386115069923322,2,-141.43595617828367,8.438677073669439,-149.87463325195313,-132.99727910461425,2,0.5016983218194865,0.03307580414305791,0.46862251767642854,0.5347741259625444,2,40.75300881364813,2.6517299167118367,38.10127889693629,43.404738730359966,2,0.02,0.02,0.0,0.04,2,0.02,0.02,0.0,0.04,2,0.135,0.125,0.01,0.26,2,0.135,0.125,0.01,0.26,2,1.7409890899647622,0.10237758297243005,1.6386115069923322,1.8433666729371923,2,141.43595617828367,8.438677073669439,132.99727910461425,149.87463325195313,2,0.5016983218194865,0.03307580414305791,0.46862251767642854,0.5347741259625444,2,40.75300881364813,2.6517299167118367,38.10127889693629,43.404738730359966,2,1.8128344445931415,0.08916654251725598,1.7236679020758856,1.9020009871103976,2,147.27136796461826,7.370518812508124,139.90084915211014,154.6418867771264,2,1.7638216516141443,0.08331608710058802,1.6805055645135563,1.8471377387147323,2,143.2894167678833,6.891822380065918,136.39759438781738,150.1812391479492,2,0.47058694635835774,0.005002621286949366,0.46558432507140834,0.4755895676453071,2,38.22765284826101,0.3733937138372312,37.85425913442378,38.60104656209824,2,0.3724790782732692,0.5053555641820457,-0.13287648590877651,0.877834642455315,2,0.06041936987936496,0.08217248048335313,-0.02175311060398817,0.1425918503627181,2,0.4600504162123411,0.007932119464207493,0.4521182967481336,0.46798253567654857,2,0.07502665404277128,0.0015864165801435723,0.0734402374626277,0.07661307062291485,2,0.11,0.09,0.02,0.2,2,0.11,0.09,0.02,0.2,2,0.36000000000000004,0.2,0.16,0.56,2,0.36000000000000004,0.2,0.16,0.56,2,0.6355677857125446,0.24226685674277032,0.3933009289697743,0.877834642455315,2,0.1034894257903099,0.0391024245724082,0.0643870012179017,0.1425918503627181,2,0.36921831982077313,0.08289997692736048,0.2863183428934126,0.4521182967481336,2,0.06015659929787398,0.013283638164753721,0.04687296113312026,0.0734402374626277,2,0.7369521357120659,0.2504710834544087,0.4864810522576571,0.9874232191664746,2,0.12001720867076454,0.040375759592906346,0.0796414490778582,0.1603929682636709,2,0.6590821464253391,0.22594622692370675,0.43313591950163244,0.8850283733490459,2,0.10733436407744885,0.03642600650936366,0.0709083575680852,0.1437603705868125,2,0.3515971682086193,0.096467867406512,0.2551293008021073,0.4480650356151313,2,0.05727443440005567,0.015507407786483973,0.0417670266135717,0.07278184218653964,,,,,,,,,,,,,,,,2,1.4076548218727112,0.001019895076751709,1.4066349267959595,1.408674716949463,,,,,,2,2.848602992296219,0.1629172408580779,2.685685751438141,3.0115202331542967,2,91.13314056396484,7.018646240234375,84.11449432373047,98.15178680419922,2,2571.1462881565094,1.3616230487823486,2569.784665107727,2572.5079112052917,,,,,,2,157.69683074951172,6.432548522949219,151.2642822265625,164.12937927246094
npse,"mu,m",3000,2,39999000,40000000,39999000,2,0.8424166666666667,0.00708333333333333,0.8353333333333334,0.8495,,,,,,,,,,,,,,,,,,,,,,,,,,,,,,,,,,,,,,,,,,,,,,,,,,,,,,,,,,,,,,,,,,,,,,,,,,,,,,,,,,,,,,,,,,,2,0.01,0.0,0.01,0.01,2,0.49,0.0,0.49,0.49,2,0.26,0.07,0.19,0.33,2,0.64,0.06999999999999995,0.5700000000000001,0.71,2,0.42802631578947364,0.0161842105263158,0.41184210526315784,0.44421052631578944,2,300.0,0.0,300.0,300.0,2,1.6272944009304047,0.040663357973098835,1.5866310429573058,1.6679577589035035,2,0.41844654123511227,0.001098779721535742,0.41734776151357655,0.41954532095664804,2,68.03257431030273,0.1362718963623024,67.89630241394043,68.16884620666504,2,6.659070347280471,0.2967333725996224,6.362336974680849,6.955803719880094,2,125.19120407104492,9.384540557861328,115.8066635131836,134.57574462890625,2,-1.544374136812673,0.11685803598962552,-1.6612321728022987,-1.4275161008230477,2,-125.19109221954344,9.384556407165519,-134.57564862670895,-115.80653581237792,2,0.4739737433028083,0.003372172579239968,0.47060157072356834,0.4773459158820483,2,38.4234451668368,0.2461254712073675,38.177319695629436,38.66957063804417,2,0.0,0.0,0.0,0.0,2,0.0,0.0,0.0,0.0,2,0.47,0.13999999999999999,0.33,0.61,2,0.47,0.13999999999999999,0.33,0.61,2,1.544374136812673,0.11685803598962552,1.4275161008230477,1.6612321728022987,2,125.19109221954344,9.384556407165519,115.80653581237792,134.57564862670895,2,0.4739737433028083,0.003372172579239968,0.47060157072356834,0.4773459158820483,2,38.4234451668368,0.2461254712073675,38.177319695629436,38.66957063804417,2,1.6157698319676674,0.11268365463899277,1.5030861773286746,1.72845348660666,2,130.97916843659402,9.04204744382222,121.9371209927718,140.02121588041624,2,1.6058332211997972,0.09907440660945899,1.5067588145903383,1.7049076278092563,2,130.17441933746338,7.939357646179218,122.23506169128416,138.1137769836426,2,0.42514897704328936,0.013088831546453378,0.41206014549683595,0.4382378085897427,2,34.464808281193356,1.036632647315983,33.42817563387737,35.50144092850934,2,0.9588186826555518,0.04411124519535231,0.9147074374601994,1.002929927850904,2,0.15675544910430905,0.007858565227687339,0.14889688387662173,0.1646140143319964,2,0.365441994451962,0.048186226070433935,0.3172557683815281,0.41362822052239595,2,0.05976663110077862,0.008123459286594942,0.05164317181418368,0.06789009038737356,2,0.02,0.0,0.02,0.02,2,0.02,0.0,0.02,0.02,2,0.05,0.0,0.05,0.05,2,0.05,0.0,0.05,0.05,2,0.9705511098413255,0.05135682883092091,0.9191942810104047,1.0219079386722465,2,0.15867809556424617,0.009050839467346666,0.1496272560968995,0.16772893503159284,2,0.3341188128662776,0.03010764123910914,0.30401117162716845,0.36422645410538673,2,0.05463441395320944,0.0051472089794961165,0.049487204973713325,0.05978162293270556,2,1.02652002849116,0.058356344646140534,0.9681636838450195,1.0848763731373006,2,0.16783133925617816,0.010232801118296095,0.15759853813788208,0.17806414037447427,2,0.9744871740831522,0.05114967422463823,0.923337499858514,1.0256368483077904,2,0.1593213327348232,0.009019639827311049,0.15030169290751216,0.16834097256213426,2,0.32436819051964433,0.03097233353791823,0.2933958569817261,0.35534052405756256,2,0.053041191108322214,0.005281956494014226,0.04775923461430799,0.05832314760233644,,,,,,,,,,,,,,,,2,1.4231067299842834,0.011098921298980713,1.4120078086853027,1.4342056512832642,,,,,,2,3.8953500747680665,0.023827419281005735,3.8715226554870608,3.9191774940490722,2,80.48929595947266,4.61737060546875,75.8719253540039,85.1066665649414,2,2541.694649219513,2.1446192264556885,2539.5500299930573,2543.8392684459686,,,,,,2,147.6377410888672,7.2574462890625,140.3802947998047,154.8951873779297
npse,"mu,m",1000,5,60000000,60000000,60000000,5,0.9337,0.007823326942193136,0.9189999999999999,0.9420000000000001,,,,,,,,,,,,,,,,,,,,,,,,,,,,,,,,,,,,,,,,,,,,,,,,,,,,,,,,,,,,,,,,,,,,,,,,,,,,,,,,,,,,,,,,,,,5,0.16499999999999998,0.12637246535539298,0.005,0.34500000000000003,5,0.335,0.12637246535539298,0.15499999999999997,0.495,5,0.4699999999999999,0.22598672527385322,0.15000000000000002,0.8,5,0.43000000000000005,0.22598672527385322,0.09999999999999998,0.75,5,0.2934210526315789,0.13013576971592697,0.10368421052631578,0.4639473684210525,5,300.0,0.0,300.0,300.0,5,0.8409787900447846,0.044078939170078206,0.786776818037033,0.8943575644493102,5,0.08613695725058948,0.021109576999753195,0.0599105813284292,0.11840469816046241,5,54.669416015625,0.47466864608353926,53.98633964538574,55.2642293548584,5,3.351387384712946,0.8132395108847342,2.124747215992408,4.251323023844216,5,100.39539031982422,37.359481314616495,50.166404724121094,146.77955627441406,5,-1.2281561366722131,0.46718495289789336,-1.8013820592783367,-0.5918277024636945,5,-99.9811223840332,37.921321902206145,-146.77950237731932,-48.09532487182618,5,0.45752301544157287,0.021124623030087747,0.430745988854987,0.4865651866171465,5,37.260641507329524,1.8123288046459725,34.92180991065576,39.74152049455113,5,0.118,0.13452137376640189,0.0,0.36,5,0.118,0.13452137376640189,0.0,0.36,5,0.41,0.2353720459187964,0.15,0.69,5,0.41,0.2353720459187964,0.15,0.69,5,1.233252986648565,0.4603033245624423,0.6173119523454543,1.8013820592783367,5,100.39532177490234,37.359480294882225,50.16632182617188,146.77950237731932,5,0.45044149599171923,0.026706078421115286,0.41742904713402873,0.4865651866171465,5,36.68515644041829,2.2670077123388763,33.922686392610615,39.74152049455113,5,1.323820235657328,0.4288389199698565,0.745198668745308,1.8545212875214832,5,107.7731004830232,34.797273477843376,60.55913223997234,151.1093719541753,5,1.3079746496924904,0.4072129035725394,0.7799238612334212,1.8189152593277373,5,106.4810437841797,33.03128888651925,63.38110122070312,148.20813565979003,5,0.3896032934439179,0.04947673684107566,0.2965300581011483,0.42834423771510666,5,31.728948718862455,4.050809613435356,24.0977388479789,34.98616814600288,5,0.2879348074855279,0.14927061563648739,0.12544201992079088,0.5481832539871075,5,0.04708672684162855,0.024376484317466755,0.02059762203991412,0.08955698296874762,5,0.1813548675424241,0.04538900431829535,0.11979693143785446,0.25382516257880006,5,0.029666332997907274,0.007401563297803545,0.019582837373911775,0.041467548440535344,5,0.21200000000000002,0.20291870293297265,0.01,0.53,5,0.21200000000000002,0.20291870293297265,0.01,0.53,5,0.53,0.30996774025694995,0.14,0.93,5,0.53,0.30996774025694995,0.14,0.93,5,0.2998182142913337,0.13941118657513438,0.15394658044520237,0.5481832539871075,5,0.04903209099501371,0.022759791846703386,0.025278081116080275,0.08955698296874762,5,0.1695190367209276,0.04554970224532927,0.1167647096057927,0.25382516257880006,5,0.027729598960553083,0.007427149814719127,0.01908716930823133,0.041467548440535344,5,0.34752048443013456,0.13916692369239544,0.21938902718232106,0.6040960959235276,5,0.05683748768268604,0.022710069992240716,0.03602375227552158,0.09869149290659604,5,0.3286565872599553,0.12071168008646156,0.221322499220813,0.5527363863810636,5,0.05375450030952692,0.01969537539831474,0.03634122896492481,0.09030083058923483,5,0.15207473362340052,0.05234829645648504,0.09304291150160486,0.2497084710135064,5,0.024874810106317487,0.008539878408705022,0.015209439551133288,0.040795002332578136,,,,,,,,,,,,,,,,5,1.4418526411056518,0.005861022430638548,1.4339420795440674,1.4506744146347046,,,,,,5,1.5208330626487732,0.30736763924223054,1.2066038703918458,1.9004693412780762,5,63.8265884399414,23.79890947113254,31.012832641601562,92.80654907226562,5,3976.7857537269592,4.851881586003092,3971.9633235931396,3983.6026940345764,,,,,,5,120.25846862792969,34.531251754864535,74.93745422363281,163.84242248535156
npse,"mu,m",2000,2,60000000,60000000,60000000,2,0.8016666666666665,0.023166666666666724,0.7784999999999999,0.8248333333333333,,,,,,,,,,,,,,,,,,,,,,,,,,,,,,,,,,,,,,,,,,,,,,,,,,,,,,,,,,,,,,,,,,,,,,,,,,,,,,,,,,,,,,,,,,,2,0.0825,0.022499999999999996,0.060000000000000005,0.105,2,0.4175,0.022499999999999996,0.395,0.44,2,0.3075,0.007500000000000007,0.3,0.315,2,0.5925,0.007500000000000062,0.585,0.6000000000000001,2,0.3828947368421053,0.02157894736842106,0.3613157894736842,0.4044736842105263,2,300.0,0.0,300.0,300.0,2,1.0896798449754714,0.029046720862388575,1.0606331241130829,1.11872656583786,2,0.18797327259453406,0.011230164469051382,0.17674310812548266,0.19920343706358543,2,65.55996063232422,0.003089981079099857,65.55687065124512,65.56305061340332,2,6.2652463374009,0.16263507131342614,6.102611266087474,6.427881408714327,2,104.69825744628906,13.737358093261719,90.96089935302734,118.43561553955078,2,-1.2813722109423116,0.17213546942063584,-1.4535076803629474,-1.1092367415216757,2,-104.26515555114746,14.170170632934571,-118.43532618408203,-90.09498491821289,2,0.5848930651211169,0.06741600441201967,0.5174770607090973,0.6523090695331366,2,47.57373011658122,5.408445978469043,42.16528413811218,52.982176095050264,2,0.14,0.06999999999999999,0.07,0.21,2,0.14,0.06999999999999999,0.07,0.21,2,0.51,0.07999999999999999,0.43,0.59,2,0.51,0.07999999999999999,0.43,0.59,2,1.2866923077962777,0.16681537256666956,1.1198769352296083,1.4535076803629474,2,104.69726711425781,13.738059069824217,90.9592080444336,118.43532618408203,2,0.575672640572095,0.058195579862997726,0.5174770607090973,0.6338682204350927,2,46.8248241983423,4.659540060230125,42.16528413811218,51.48436425857243,2,1.4148495873616924,0.12802665045979988,1.2868229369018924,1.5428762378214922,2,115.11813659738084,10.599156066666133,104.51898053071471,125.71729266404698,2,1.3909806063667967,0.1310157837200998,1.2599648226466968,1.5219963900868965,2,113.17672465820313,10.83922746582033,102.3374971923828,124.01595212402346,2,0.4761338572518593,0.02791062355723853,0.44822323369462075,0.5040444808090978,2,38.731034709384716,2.208720186299555,36.522314523085164,40.939754895684274,2,1.2415021523197467,0.28740617005594254,0.9540959822638041,1.5289083223756892,2,0.2016345070801675,0.04635253812596203,0.15528196895420548,0.24798704520612955,2,0.4815715399649123,0.05488941074143505,0.42668212922347726,0.5364609507063474,2,0.07822854797786757,0.008784756968813798,0.06944379100905378,0.08701330494668137,2,0.025,0.025,0.0,0.05,2,0.025,0.025,0.0,0.05,2,0.10500000000000001,0.065,0.04,0.17,2,0.10500000000000001,0.065,0.04,0.17,2,1.2462608755747606,0.28264744680092857,0.963613428773832,1.5289083223756892,2,0.20240900350138544,0.04557804170474411,0.15683096179664133,0.24798704520612955,2,0.47059520959394496,0.06586574111240237,0.4047294684815426,0.5364609507063474,2,0.07644211745390686,0.010571187492774504,0.06587092996113236,0.08701330494668137,2,1.3327261153287067,0.28756737964755963,1.045158735681147,1.6202934949762662,2,0.21645615590517053,0.04635345165857725,0.17010270424659327,0.26280960756374777,2,1.254999331044155,0.27744707524843715,0.9775522557957177,1.532446406292592,2,0.20383023287430405,0.044730685148388155,0.1590995477259159,0.2485609180226922,2,0.45788633461188954,0.07606880327555879,0.38181753133633073,0.5339551378874483,2,0.07437440428595747,0.012232460933950796,0.06214194335200667,0.08660686521990826,,,,,,,,,,,,,,,,2,1.4200060963630676,0.0060065388679504395,1.4139995574951172,1.426012635231018,,,,,,2,2.7602149724960325,0.007597784996032697,2.7526171875,2.7678127574920652,2,67.34182548522949,10.248834609985352,57.09299087524414,77.59066009521484,2,3820.058616757393,0.46670782566070557,3819.591908931732,3820.5253245830536,,,,,,2,129.25601196289062,11.3687744140625,117.88723754882812,140.62478637695312
npse,"mu,m",3000,2,60000000,60000000,60000000,2,0.8986666666666666,0.013666666666666716,0.8849999999999999,0.9123333333333333,,,,,,,,,,,,,,,,,,,,,,,,,,,,,,,,,,,,,,,,,,,,,,,,,,,,,,,,,,,,,,,,,,,,,,,,,,,,,,,,,,,,,,,,,,,2,0.09,0.04,0.05,0.13,2,0.41000000000000003,0.04000000000000001,0.37,0.45,2,0.305,0.075,0.23,0.38,2,0.595,0.07500000000000001,0.52,0.67,2,0.38302631578947366,0.042763157894736836,0.3402631578947368,0.4257894736842105,2,300.0,0.0,300.0,300.0,2,1.9592756068706514,0.025801268815994205,1.933474338054657,1.9850768756866455,2,0.781320467271305,0.06147206619697715,0.7198484010743278,0.8427925334682821,2,71.96990604400635,0.10673549652099723,71.86317054748535,72.07664154052735,2,13.978198536940383,1.0173422644836139,12.960856272456768,14.995540801423996,2,146.69558715820312,0.5343475341796875,146.16123962402344,147.2299346923828,2,-1.809769431961357,0.006149702664703938,-1.815919134626061,-1.8036197292966532,2,-146.69556091308596,0.5343723846435608,-147.2299332977295,-146.16118852844238,2,0.47072220557934047,0.004581672221038224,0.46614053335830224,0.4753038778003787,2,38.155669465384584,0.38071454826127393,37.77495491712331,38.53638401364586,2,0.0,0.0,0.0,0.0,2,0.0,0.0,0.0,0.0,2,0.105,0.015,0.09,0.12,2,0.105,0.015,0.09,0.12,2,1.809769431961357,0.006149702664703938,1.8036197292966532,1.815919134626061,2,146.69556091308596,0.5343723846435608,146.16118852844238,147.2299332977295,2,0.47072220557934047,0.004581672221038224,0.46614053335830224,0.4753038778003787,2,38.155669465384584,0.38071454826127393,37.77495491712331,38.53638401364586,2,1.869987465571374,0.0071049881327952535,1.8628824774385786,1.877092453704169,2,151.57670478253647,0.6129997040058157,150.96370507853064,152.18970448654227,2,1.8225012435861225,0.00721678051897956,1.815284463067143,1.829718024105102,2,147.72759126281738,0.6211195800781155,147.10647168273925,148.34871084289549,2,0.45928330682278135,0.004988597549789919,0.4542947092729914,0.46427190437257126,2,37.22846866515178,0.41347204534825366,36.81499661980352,37.64194071050003,2,0.29315783209656315,0.07798932173269763,0.21516851036386553,0.3711471538292608,2,0.04773779616504908,0.012875094838440411,0.03486270132660867,0.06061289100348949,2,0.27678746118061637,0.008563439031548992,0.2682240221490674,0.28535090021216536,2,0.045030166891838974,0.0015711399509293622,0.04345902694090961,0.046601306842768336,2,0.18,0.08,0.1,0.26,2,0.18,0.08,0.1,0.26,2,0.505,0.165,0.34,0.67,2,0.505,0.165,0.34,0.67,2,0.3332251575246914,0.07236244377213491,0.2608627137525565,0.4055876012968263,2,0.05425187427401543,0.011985563984513281,0.042266310289502146,0.06623743825852871,2,0.22893055124453043,0.004894262925695642,0.2240362883188348,0.23382481417022608,2,0.03724298455765561,0.0009434806912037401,0.036299503866451865,0.038186465248859346,2,0.4060122250604625,0.062149441511517856,0.3438627835489446,0.46816166657198033,2,0.0660854787258577,0.010371073349518718,0.055714405376338975,0.07645655207537641,2,0.35411476701949673,0.06400551700013657,0.29010925001936017,0.4181202840196333,2,0.05764458131492138,0.01063959810137749,0.04700498321354389,0.06828417941629887,2,0.21317840575144253,0.00836485743596814,0.20481354831547438,0.22154326318741066,2,0.03468283727712927,0.0014978997358679645,0.03318493754126131,0.03618073701299724,,,,,,,,,,,,,,,,2,1.3836000561714172,0.008027493953704834,1.3755725622177124,1.391627550125122,,,,,,2,4.153305788040161,0.10656573534011882,4.046740052700042,4.25987152338028,2,94.4225082397461,1.9992141723632812,92.42329406738281,96.42172241210938,2,3811.3481879234314,1.6994285583496094,3809.648759365082,3813.047616481781,,,,,,2,162.74072265625,1.07073974609375,161.66998291015625,163.81146240234375
simformer,mu,1000,5,20000000,20000000,20000000,5,0.5927666666666667,0.037856982329698564,0.5311666666666667,0.6323333333333333,,,,,,,,,,,,,,,,,,,,,,,,,,,,,,,,,,,,,,,,,,,,,,,,,,,,,,,,,,,,,,,,,,,,,,,,,,,,,,,,,,,,,,,,,,,5,0.26,0.3773062416658383,0.0,0.97,5,0.42799999999999994,0.12952219886953742,0.16999999999999998,0.5,5,0.8099999999999999,0.3189984325980302,0.18,1.0,5,0.20999999999999996,0.2564371267971937,0.030000000000000027,0.72,5,0.3069473684210526,0.08735535729852785,0.1894736842105263,0.4605263157894737,,,,,,5,1.506781178474426,0.19454678879360146,1.3006727826595306,1.8231618332862853,5,3.4546070420373653,0.2170291289552784,3.1079500229227324,3.6993626646776474,5,59.39604342651368,1.8818237010936918,57.45624267578125,62.50878273010254,5,42.354443145338244,20.54837376477912,19.935124121459598,77.89275685165047,5,0.25917128324508665,0.07658489811224588,0.11576023697853088,0.3414037227630615,,,,,,,,,,,,,,,,,,,,,,,,,,,,,,,,,,,,,,,,,,,,,,,,,,,,,,,,,,,,,,,,,,,,,,,,,,,,,,,,,,,,,,,,,,,5,1.8212863781036774,0.5410409403279507,0.8105118587988123,2.4017853298470793,5,0.25917129467159505,0.0765849106257398,0.11576023229658604,0.34140376521795984,5,0.54788369104636,0.009132671155435255,0.534895222965373,0.5601850921931498,5,0.07802051766259425,0.0016403734399684292,0.07569132334079158,0.08031940568181546,5,0.26,0.3773062416658383,0.0,0.97,5,0.26,0.3773062416658383,0.0,0.97,5,0.8099999999999999,0.3189984325980302,0.18,1.0,5,0.8099999999999999,0.3189984325980302,0.18,1.0,5,1.8212863781036774,0.5410409403279507,0.8105118587988123,2.4017853298470793,5,0.25917129467159505,0.0765849106257398,0.11576023229658604,0.34140376521795984,5,0.54788369104636,0.009132671155435255,0.534895222965373,0.5601850921931498,5,0.07802051766259425,0.0016403734399684292,0.07569132334079158,0.08031940568181546,5,1.9128760534404319,0.5009735711074389,0.9820909163301201,2.461908216260738,5,0.2722249984398739,0.07084102443553268,0.14026577076919267,0.3499499828715459,5,2.3490122436036507,0.22034446538733768,2.0538587625103695,2.6166882440931767,5,0.33449223097890624,0.0315757549969219,0.29333951394557956,0.3751810775473715,5,0.3708321318257911,0.1180661786049181,0.17547621000338484,0.5169814672100059,5,0.05275825151224417,0.016689558112180983,0.025062145200826506,0.07348675957521034,,,,,,,,,,,5,60000.0,0.0,60000.0,60000.0,5,1.4791112184524535,0.020668609843962776,1.4455598592758179,1.5065500736236572,5,1920000.0,0.0,1920000.0,1920000.0,5,71.76217873382568,54.83099897734179,44.20185710430145,181.4239949297905,5,0.29658463299274446,0.04205868296186113,0.2249368578195572,0.342770516872406,5,1965.54879155159,1593.0127002393913,1168.3626296520233,5151.574006557465,5,32.0,0.0,32.0,32.0,5,0.38882991671562195,0.03296408109391971,0.34951838850975037,0.43411120772361755
simformer,mu,2000,5,20000000,20000000,20000000,5,0.6567999999999999,0.09653700499463058,0.5418333333333333,0.816,,,,,,,,,,,,,,,,,,,,,,,,,,,,,,,,,,,,,,,,,,,,,,,,,,,,,,,,,,,,,,,,,,,,,,,,,,,,,,,,,,,,,,,,,,,5,0.002,0.004,0.0,0.01,5,0.49800000000000005,0.0040000000000000036,0.49,0.5,5,0.6100000000000001,0.2197271034715563,0.2,0.8,5,0.29000000000000004,0.21972710347155625,0.09999999999999998,0.7,5,0.3764210526315789,0.046082426451965745,0.31789473684210523,0.4505263157894737,,,,,,5,0.9280008845329284,0.019469910419497312,0.907131552696228,0.9633727931976318,5,0.43723828308009116,0.01658666019172997,0.406414610820472,0.45368878365472703,5,61.31081184387208,0.6459788340186804,60.74282859802246,62.53895385742187,5,10.609603942728816,0.49508891273272565,9.722228824568077,11.086343574188843,5,0.4088480770587921,0.13076160214797586,0.2245449423789978,0.5607125163078308,,,,,,,,,,,,,,,,,,,,,,,,,,,,,,,,,,,,,,,,,,,,,,,,,,,,,,,,,,,,,,,,,,,,,,,,,,,,,,,,,,,,,,,,,,,5,2.9637506023692213,0.9460928554485167,1.6298927397552199,4.065170414199675,5,0.4088480837675929,0.13076160240978862,0.2245449506163597,0.5607125457927585,5,0.7233218262619282,0.07750116462395727,0.6556856595466677,0.8732715442957139,5,0.09982176965952802,0.01110178651467752,0.09033165301125366,0.12133979782925222,5,0.002,0.004,0.0,0.01,5,0.002,0.004,0.0,0.01,5,0.6100000000000001,0.2197271034715563,0.2,0.8,5,0.6100000000000001,0.2197271034715563,0.2,0.8,5,2.9637506023692213,0.9460928554485167,1.6298927397552199,4.065170414199675,5,0.4088480837675929,0.13076160240978862,0.2245449506163597,0.5607125457927585,5,0.7233218262619282,0.07750116462395727,0.6556856595466677,0.8732715442957139,5,0.09982176965952802,0.01110178651467752,0.09033165301125366,0.12133979782925222,5,3.05728710572395,0.9279578504510219,1.7568363689433135,4.127939920114343,5,0.4217612222940744,0.12829832031633914,0.24203355631616238,0.5693703992884203,5,3.154831292915257,0.9785305501415389,1.7982119907680223,4.421878527119006,5,0.43522138621240847,0.13524442165237074,0.24773373984992506,0.6099136125817894,5,0.6360480749349418,0.09094095029056304,0.5560761219697207,0.8103171373846803,5,0.0877757265449147,0.012837900469177465,0.07670007074959995,0.11259237532264557,,,,,,,,,,,5,30000.0,0.0,30000.0,30000.0,5,1.4859148263931274,0.07624692575835372,1.3880006074905396,1.610451340675354,5,960000.0,0.0,960000.0,960000.0,5,62.52324679756165,36.61376521717479,44.12359863042831,135.75052124738693,5,0.41201154291629793,0.1333398785815022,0.2250482589006424,0.5732656121253967,5,828.2277453899384,457.03505889033084,598.9998652935028,1742.2966661453247,5,32.0,0.0,32.0,32.0,5,0.478309690952301,0.13091268701644362,0.2839028239250183,0.6418964862823486
simformer,mu,3000,5,19998000,20000000,19998000,5,0.7295999999999999,0.09609865301403095,0.5844999999999999,0.8716666666666667,,,,,,,,,,,,,,,,,,,,,,,,,,,,,,,,,,,,,,,,,,,,,,,,,,,,,,,,,,,,,,,,,,,,,,,,,,,,,,,,,,,,,,,,,,,5,0.02,0.04,0.0,0.1,5,0.48,0.039999999999999994,0.4,0.5,5,0.6799999999999999,0.3512833614050059,0.0,0.98,5,0.252,0.3290835760107149,0.010000000000000009,0.9,5,0.36073684210526313,0.09315617007026783,0.19999999999999998,0.4921052631578947,,,,,,5,2.221500133037567,0.22817747098098215,1.9636497151851655,2.6434052276611326,5,1.653418014696232,0.10787331715951146,1.451694816073285,1.7734236989897314,5,88.62933282470703,3.380484556636633,84.9220043182373,94.76120223999024,5,38.1006103882923,0.9244564575774228,36.54651084830507,39.342258577982854,5,0.45937344431877136,0.12614318752107015,0.295185923576355,0.6467065215110779,,,,,,,,,,,,,,,,,,,,,,,,,,,,,,,,,,,,,,,,,,,,,,,,,,,,,,,,,,,,,,,,,,,,,,,,,,,,,,,,,,,,,,,,,,,5,3.502843422330379,0.9899936539054469,2.2389392677771727,4.982877295762063,5,0.45937344100922345,0.12614321321036642,0.2951859016612172,0.6467065330386161,5,0.7689914901685228,0.08801231098165149,0.7108756015896374,0.9395449762448492,5,0.10103024042761588,0.011292613406559012,0.09270384581700293,0.12253706679885941,5,0.02,0.04,0.0,0.1,5,0.02,0.04,0.0,0.1,5,0.6799999999999999,0.3512833614050059,0.0,0.98,5,0.6799999999999999,0.3512833614050059,0.0,0.98,5,3.502843422330379,0.9899936539054469,2.2389392677771727,4.982877295762063,5,0.45937344100922345,0.12614321321036642,0.2951859016612172,0.6467065330386161,5,0.7689914901685228,0.08801231098165149,0.7108756015896374,0.9395449762448492,5,0.10103024042761588,0.011292613406559012,0.09270384581700293,0.12253706679885941,5,3.5913848514763216,0.9752171058582755,2.3493612894237397,5.033812398794998,5,0.4710224807786208,0.12413107484935498,0.3097441449087037,0.6533171839957138,5,3.833292503032445,0.9110305352326372,2.467073768089978,5.040545610928298,5,0.5029161391827464,0.1158592801837222,0.3252635755583643,0.6541910590916872,5,0.6363122801766448,0.12003841561050888,0.4198958862274218,0.7790675204496166,5,0.08356357388853713,0.015489292653217558,0.05539483351354523,0.10160732188864648,,,,,,,,,,,5,19998.0,0.0,19998.0,19998.0,5,1.498998999595642,0.0801881729738869,1.4109407663345337,1.6421751976013184,5,639936.0,0.0,639936.0,639936.0,5,63.50893069553374,38.812122716639855,43.954019532203674,141.1328080701828,5,0.47244511246681214,0.1217389731583405,0.2989487946033478,0.6467065215110779,5,577.2968665122986,336.02543285865386,407.991060256958,1249.3438875675201,5,32.0,0.0,32.0,32.0,5,0.5371250927448272,0.10732017246894393,0.3663666844367981,0.6672054529190063
simformer,mu,1000,5,40000000,40000000,40000000,5,0.5422,0.016110176218085845,0.5195,0.5691666666666667,,,,,,,,,,,,,,,,,,,,,,,,,,,,,,,,,,,,,,,,,,,,,,,,,,,,,,,,,,,,,,,,,,,,,,,,,,,,,,,,,,,,,,,,,,,5,0.006,0.004898979485566357,0.0,0.01,5,0.49399999999999994,0.004898979485566361,0.49,0.5,5,0.9,0.10353743284435828,0.73,0.99,5,0.096,0.03878143885933066,0.05999999999999994,0.17000000000000004,5,0.2656842105263157,0.04367393664855815,0.22842105263157894,0.34894736842105256,,,,,,5,1.3878783686161043,0.052865208161757375,1.3203896582126617,1.4742152512073516,5,3.5435535945557186,0.10135065238351194,3.355491594089291,3.6344913071837177,5,59.42802519226075,1.2169949052331748,57.70020088195801,60.67184036254883,5,43.90506860914678,8.580731054904039,29.790970051668317,55.16623105587236,5,0.25159281492233276,0.022905552753254007,0.2117312103509903,0.2780821919441223,,,,,,,,,,,,,,,,,,,,,,,,,,,,,,,,,,,,,,,,,,,,,,,,,,,,,,,,,,,,,,,,,,,,,,,,,,,,,,,,,,,,,,,,,,,5,1.744412733357759,0.16078236120232806,1.4654747733064837,1.9401656737425808,5,0.2515928092187643,0.022905558844257178,0.21173118911236521,0.27808219782561067,5,0.552687410315247,0.011059808544258238,0.538482925937483,0.564645192251215,5,0.07971753243407435,0.0014236396770126091,0.07813586868737399,0.08146117687010775,5,0.006,0.004898979485566357,0.0,0.01,5,0.006,0.004898979485566357,0.0,0.01,5,0.9,0.10353743284435828,0.73,0.99,5,0.9,0.10353743284435828,0.73,0.99,5,1.744412733357759,0.16078236120232806,1.4654747733064837,1.9401656737425808,5,0.2515928092187643,0.022905558844257178,0.21173118911236521,0.27808219782561067,5,0.552687410315247,0.011059808544258238,0.538482925937483,0.564645192251215,5,0.07971753243407435,0.0014236396770126091,0.07813586868737399,0.08146117687010775,5,1.8304902744396063,0.15400584418296473,1.562129708380177,2.01818085796593,5,0.2640089698367826,0.021903923155127788,0.22569585416721685,0.2892640435197986,5,2.0321550803526356,0.17152139724925342,1.763147020936841,2.2912801942983156,5,0.2930493906998634,0.023808550099688297,0.25473875399380924,0.32840712625831364,5,0.43627640085752456,0.02373425097943994,0.4135448977837298,0.4703335339137574,5,0.06294275309017479,0.0036637052267251033,0.05927301645580422,0.06824713921826457,,,,,,,,,,,5,100000.0,0.0,100000.0,100000.0,5,1.4777504444122314,0.014092790381744795,1.4635900259017944,1.5000754594802856,5,3200000.0,0.0,3200000.0,3200000.0,5,63.768648126125335,38.95696844167926,44.21162576436996,141.68238533258437,5,0.2617512851953506,0.02241352096968095,0.22170449793338776,0.2908094823360443,5,2696.522142648697,1543.6322740548812,1920.562736272812,5783.783136129379,5,32.0,0.0,32.0,32.0,5,0.3441214919090271,0.028857327345240665,0.2978735566139221,0.3870379626750946
simformer,mu,2000,5,40000000,40000000,40000000,5,0.6531333333333332,0.11555303736572414,0.5366666666666666,0.8734999999999999,,,,,,,,,,,,,,,,,,,,,,,,,,,,,,,,,,,,,,,,,,,,,,,,,,,,,,,,,,,,,,,,,,,,,,,,,,,,,,,,,,,,,,,,,,,5,0.006,0.012,0.0,0.03,5,0.49399999999999994,0.01200000000000001,0.47,0.5,5,0.7919999999999999,0.23583044756773877,0.34,0.98,5,0.17200000000000001,0.19415457759218555,0.06000000000000005,0.56,5,0.3134736842105263,0.06652315115724144,0.2331578947368421,0.43263157894736837,,,,,,5,0.9525753705501557,0.03959201809948885,0.9124541962146759,1.0029995501041413,5,0.49267857039056107,0.05982213493665653,0.4426356931763272,0.5919115618665236,5,61.66395336914063,0.761985320684301,60.85288177490234,62.67695907592773,5,11.258115788319552,0.5163344542618942,10.703056114307692,12.033325823196563,5,0.36401682794094087,0.14532276633073046,0.22408391535282135,0.6306366920471191,,,,,,,,,,,,,,,,,,,,,,,,,,,,,,,,,,,,,,,,,,,,,,,,,,,,,,,,,,,,,,,,,,,,,,,,,,,,,,,,,,,,,,,,,,,5,2.7283243262063683,1.0919163059614831,1.6768693115110873,4.723981632803548,5,0.364016834564209,0.14532278562168216,0.22408390586972232,0.6306367277741434,5,0.7099769660255637,0.012390957278878725,0.6893393629973623,0.7272515081416229,5,0.09478723052375239,0.001931620638959152,0.09202464237253098,0.09762396811098907,5,0.006,0.012,0.0,0.03,5,0.006,0.012,0.0,0.03,5,0.7919999999999999,0.23583044756773877,0.34,0.98,5,0.7919999999999999,0.23583044756773877,0.34,0.98,5,2.7283243262063683,1.0919163059614831,1.6768693115110873,4.723981632803548,5,0.364016834564209,0.14532278562168216,0.22408390586972232,0.6306367277741434,5,0.7099769660255637,0.012390957278878725,0.6893393629973623,0.7272515081416229,5,0.09478723052375239,0.001931620638959152,0.09202464237253098,0.09762396811098907,5,2.8316788303534177,1.0591745267100483,1.8208535552795564,4.774012067898749,5,0.3778246889196179,0.1409390738526469,0.24332485217701955,0.6373156339063644,5,3.027084043054503,1.0117575137045134,2.0951672649038438,4.865594703464378,5,0.403949003084898,0.1346687460155304,0.28072107530683277,0.6495416296929122,5,0.5904563667920586,0.03839719047033044,0.5411828134203394,0.6343063330373041,5,0.07882055199488924,0.005054688416094203,0.07264668834496693,0.08467790527782448,,,,,,,,,,,5,60000.0,0.0,60000.0,60000.0,5,1.474345588684082,0.09542175649540399,1.4060317277908325,1.6589547395706177,5,1920000.0,0.0,1920000.0,1920000.0,5,62.5232368812561,36.34481362764968,44.073941221237185,135.21085267782212,5,0.37105047404766084,0.14164899354080113,0.2389483004808426,0.6313655972480774,5,1633.313405752182,874.586967678915,1166.022208929062,3380.603060722351,5,32.0,0.0,32.0,32.0,5,0.44877299666404724,0.13102844291091653,0.3140500783920288,0.6707544922828674
simformer,mu,3000,5,39999000,40000000,39999000,5,0.6043999999999999,0.05046204294098465,0.5498333333333333,0.6948333333333333,,,,,,,,,,,,,,,,,,,,,,,,,,,,,,,,,,,,,,,,,,,,,,,,,,,,,,,,,,,,,,,,,,,,,,,,,,,,,,,,,,,,,,,,,,,5,0.27599999999999997,0.3640659280954481,0.0,0.98,5,0.41600000000000004,0.09830564581955606,0.26,0.5,5,0.85,0.22217110523198105,0.41,0.98,5,0.146,0.17476841819962785,0.0,0.49000000000000005,5,0.2730526315789473,0.1037557327455323,0.1610526315789474,0.43,,,,,,5,2.4264485847949984,0.4225237210228997,1.9564227223396302,3.1712535333633425,5,1.597042039819136,0.10521364489534454,1.4536066820078164,1.7561260325238226,5,90.5866039276123,5.720888841303697,83.42621154785157,100.23171844482422,5,37.43376980760904,0.8906293016805087,36.398841778323074,38.757578015943366,5,0.26526024341583254,0.0602336380923709,0.19592241942882538,0.35304439067840576,,,,,,,,,,,,,,,,,,,,,,,,,,,,,,,,,,,,,,,,,,,,,,,,,,,,,,,,,,,,,,,,,,,,,,,,,,,,,,,,,,,,,,,,,,,5,2.039409023260222,0.4611016456990605,1.4966486411604194,2.7170643550034193,5,0.2652602446755767,0.06023364084031268,0.19592242877036334,0.35304437885284423,5,0.7075210903211622,0.03259458689654458,0.6433894945883708,0.7336924115939554,5,0.09201566724141225,0.0043684882170846,0.08359943501686252,0.09594262766392793,5,0.27599999999999997,0.3640659280954481,0.0,0.98,5,0.27599999999999997,0.3640659280954481,0.0,0.98,5,0.85,0.22217110523198105,0.41,0.98,5,0.85,0.22217110523198105,0.41,0.98,5,2.039409023260222,0.4611016456990605,1.4966486411604194,2.7170643550034193,5,0.2652602446755767,0.06023364084031268,0.19592242877036334,0.35304437885284423,5,0.7075210903211622,0.03259458689654458,0.6433894945883708,0.7336924115939554,5,0.09201566724141225,0.0043684882170846,0.08359943501686252,0.09594262766392793,5,2.165353999845605,0.4297609190217723,1.6588672659596766,2.7922014166203746,5,0.2816392306806428,0.056181841755387575,0.21715805173322353,0.36280738550190683,5,2.6297951558152306,0.24830198670301057,2.288223678834985,2.9740845165904197,5,0.3420260382810235,0.032706274688970687,0.2992237428605556,0.3864405416876078,5,0.49887434704352873,0.13989287109503176,0.2619661955163659,0.6805513782826575,5,0.06488492467844224,0.01831717339686393,0.034293320888946946,0.08897861665774075,,,,,,,,,,,5,39999.0,0.0,39999.0,39999.0,5,1.4114423751831056,0.02187279096006366,1.378308653831482,1.4466052055358887,5,1279968.0,0.0,1279968.0,1279968.0,5,44.46744836187362,0.4643289403262735,44.10806363344192,45.370092062950135,5,0.29783530831336974,0.04011900670626255,0.24541983008384705,0.3593890964984894,5,805.9407607555389,28.04426627131015,787.6840379238129,861.6964621543884,5,32.0,0.0,32.0,32.0,5,0.3883617639541626,0.038194795357229576,0.3492121994495392,0.43641966581344604
simformer,mu,1000,5,60000000,60000000,60000000,5,0.5599,0.029481180437696177,0.5299999999999999,0.6028333333333332,,,,,,,,,,,,,,,,,,,,,,,,,,,,,,,,,,,,,,,,,,,,,,,,,,,,,,,,,,,,,,,,,,,,,,,,,,,,,,,,,,,,,,,,,,,5,0.364,0.367782544447123,0.0,0.97,5,0.352,0.17278888853164143,0.06999999999999995,0.5,5,0.968,0.04354308211415448,0.89,1.0,5,0.07199999999999998,0.03655133376499412,0.010000000000000009,0.09999999999999998,5,0.22536842105263158,0.09352523471815438,0.11000000000000004,0.38105263157894737,,,,,,5,1.485864258289337,0.15372479003866804,1.3802266335487365,1.7894668865203858,5,3.4256178561967587,0.1350375657517472,3.2507638566579122,3.6120353710746795,5,58.50246586608887,1.0372272528225435,57.4244856262207,60.39415580749512,5,34.36432790663149,9.895670633795826,21.88052977319968,50.50403993276564,5,0.20309195816516876,0.06325741387994743,0.143706277012825,0.2906847894191742,,,,,,,,,,,,,,,,,,,,,,,,,,,,,,,,,,,,,,,,,,,,,,,,,,,,,,,,,,,,,,,,,,,,,,,,,,,,,,,,,,,,,,,,,,,5,1.4071265953314664,0.43928721965122025,0.9897262401165347,2.0150109781048493,5,0.2030919594925642,0.06325741915620631,0.14370628746896982,0.2906848317280411,5,0.5302481196075215,0.007970221076968535,0.5182178825309613,0.5423371837032746,5,0.07654939627186351,0.0010169212911794233,0.07524420769126001,0.07823738527052504,5,0.364,0.367782544447123,0.0,0.97,5,0.364,0.367782544447123,0.0,0.97,5,0.968,0.04354308211415448,0.89,1.0,5,0.968,0.04354308211415448,0.89,1.0,5,1.4071265953314664,0.43928721965122025,0.9897262401165347,2.0150109781048493,5,0.2030919594925642,0.06325741915620631,0.14370628746896982,0.2906848317280411,5,0.5302481196075215,0.007970221076968535,0.5182178825309613,0.5423371837032746,5,0.07654939627186351,0.0010169212911794233,0.07524420769126001,0.07823738527052504,5,1.5108025381557328,0.4143438187200916,1.1171874525566807,2.0867196416170195,5,0.218062702304677,0.05964350049179171,0.1622134021873645,0.3010294999675749,5,1.9219772215330964,0.31907645819052505,1.5294162689985615,2.230444878186961,5,0.277420990908742,0.04576830412794801,0.22107406393140555,0.321763256727159,5,0.3408907751058963,0.10452499471821886,0.1688828369138167,0.47373685967133916,5,0.049206561612914014,0.015053544202255267,0.024348402069695164,0.06834112489992326,,,,,,,,,,,5,100000.0,0.0,100000.0,100000.0,5,1.4640691995620727,0.01594357591672476,1.4393447637557983,1.4852077960968018,5,3200000.0,0.0,3200000.0,3200000.0,5,44.28825605487823,0.11322680260522537,44.178143599033355,44.45546439647674,5,0.23279320299625397,0.05363983961910113,0.16485147178173065,0.30016645789146423,5,1930.4223242282867,0.6611145015405665,1929.6986408233643,1931.541202545166,5,32.0,0.0,32.0,32.0,5,0.32683706283569336,0.048140344374759336,0.2650204598903656,0.37136292457580566
simformer,mu,2000,5,60000000,60000000,60000000,5,0.6573666666666667,0.12559234760835467,0.5636666666666666,0.9041666666666668,,,,,,,,,,,,,,,,,,,,,,,,,,,,,,,,,,,,,,,,,,,,,,,,,,,,,,,,,,,,,,,,,,,,,,,,,,,,,,,,,,,,,,,,,,,5,0.0,0.0,0.0,0.0,5,0.5,0.0,0.5,0.5,5,0.362,0.41734398282471974,0.0,0.94,5,0.554,0.3958585605996162,0.039999999999999925,0.9,5,0.4152631578947368,0.08237136366023405,0.3073684210526316,0.49526315789473674,,,,,,5,0.9183919551372528,0.023387485790139263,0.8929416120052338,0.9621900165081024,5,0.45240856825750314,0.023859211301814582,0.4303414687836313,0.4956427225386865,5,60.98489372253418,0.48052259336078923,60.27793312072754,61.75460662841797,5,10.772652840697097,0.598674815434046,9.785935938772653,11.52393183741904,5,0.3916163891553879,0.12605936300575268,0.2308083325624466,0.6169413328170776,,,,,,,,,,,,,,,,,,,,,,,,,,,,,,,,,,,,,,,,,,,,,,,,,,,,,,,,,,,,,,,,,,,,,,,,,,,,,,,,,,,,,,,,,,,5,2.9631744438444954,0.944943085101467,1.753360509341402,4.650727583316342,5,0.3916163899925351,0.12605936792101988,0.23080833244174723,0.6169413446709514,5,0.7163818275434161,0.009633267402380009,0.7054804319823913,0.7298132514141269,5,0.09459711834215746,0.0013529377197907418,0.09331796961079854,0.09681323230952223,5,0.0,0.0,0.0,0.0,5,0.0,0.0,0.0,0.0,5,0.362,0.41734398282471974,0.0,0.94,5,0.362,0.41734398282471974,0.0,0.94,5,2.9631744438444954,0.944943085101467,1.753360509341402,4.650727583316342,5,0.3916163899925351,0.12605936792101988,0.23080833244174723,0.6169413446709514,5,0.7163818275434161,0.009633267402380009,0.7054804319823913,0.7298132514141269,5,0.09459711834215746,0.0013529377197907418,0.09331796961079854,0.09681323230952223,5,3.0562077500720006,0.9198968038912546,1.8923712202316267,4.707642131275393,5,0.4038919757302285,0.12278468280399922,0.24910738176113598,0.624491332777821,5,3.104084361675916,0.8745883096927847,2.06694824172203,4.719828800109402,5,0.41019076248794795,0.11681971915037369,0.27208829692751174,0.6261079523608089,5,0.6568490143912677,0.042046964678894794,0.5917049560919505,0.7062777885829657,5,0.08675066371458803,0.005790848480756183,0.07789067566606014,0.09369114018331501,,,,,,,,,,,5,90000.0,0.0,90000.0,90000.0,5,1.5035348653793335,0.09512874133119638,1.3933521509170532,1.676524043083191,5,2880000.0,0.0,2880000.0,2880000.0,5,64.08280511665343,39.79909610224658,44.035061926841735,143.68063307523727,5,0.39315028190612794,0.12413628100490895,0.2384093999862671,0.6169413328170776,5,2473.208004951477,1457.3632547046489,1738.281305551529,5387.922812700272,5,32.0,0.0,32.0,32.0,5,0.44510254859924314,0.10833586406722992,0.30213895440101624,0.6371832489967346
simformer,mu,3000,5,60000000,60000000,60000000,5,0.6186666666666667,0.06927649914172432,0.5529999999999999,0.7474999999999999,,,,,,,,,,,,,,,,,,,,,,,,,,,,,,,,,,,,,,,,,,,,,,,,,,,,,,,,,,,,,,,,,,,,,,,,,,,,,,,,,,,,,,,,,,,5,0.012,0.024,0.0,0.06,5,0.488,0.023999999999999997,0.44,0.5,5,0.5900000000000001,0.30205959676858474,0.08,0.98,5,0.34199999999999997,0.2652847526715398,0.07999999999999996,0.8200000000000001,5,0.3744210526315789,0.08958667787782733,0.20105263157894734,0.45947368421052626,,,,,,5,2.072768776416779,0.10366693977639023,1.9906014811992645,2.267140283584595,5,1.696022884821895,0.061389499161847015,1.5806696693293072,1.7436539022556763,5,85.9765932159424,1.5242846474192018,84.57645439147949,88.83709579467774,5,37.621837025519035,1.1996474415879719,35.29595350477599,38.58929923202101,5,0.36048977077007294,0.10982994529675669,0.21203018724918365,0.5540148019790649,,,,,,,,,,,,,,,,,,,,,,,,,,,,,,,,,,,,,,,,,,,,,,,,,,,,,,,,,,,,,,,,,,,,,,,,,,,,,,,,,,,,,,,,,,,5,2.8315662732632414,0.8647559161848247,1.6578189196464057,4.349502907381878,5,0.36048974571973086,0.10982992045363033,0.21203018086105588,0.554014722803235,5,0.7444677322756883,0.019067114586954637,0.7130663333882794,0.7730405151388644,5,0.0948191024692485,0.0024636832726006087,0.09110368732004669,0.09846546443632016,5,0.012,0.024,0.0,0.06,5,0.012,0.024,0.0,0.06,5,0.5900000000000001,0.30205959676858474,0.08,0.98,5,0.5900000000000001,0.30205959676858474,0.08,0.98,5,2.8315662732632414,0.8647559161848247,1.6578189196464057,4.349502907381878,5,0.36048974571973086,0.10982992045363033,0.21203018086105588,0.554014722803235,5,0.7444677322756883,0.019067114586954637,0.7130663333882794,0.7730405151388644,5,0.0948191024692485,0.0024636832726006087,0.09110368732004669,0.09846546443632016,5,2.935773655659891,0.8374957650342346,1.8176776993683932,4.417665353936349,5,0.3737698699882482,0.10634041759009875,0.23247565054114883,0.5626968640124144,5,3.0483085108979004,0.7547167010880383,2.1566160948869224,4.44820685164176,5,0.3881499125960469,0.09586287718144333,0.2758248760804534,0.5665870654612779,5,0.6568945391492477,0.061247547672976015,0.5454961858581335,0.7320316658964888,5,0.0836481370087295,0.0076416264139158975,0.06976736433408391,0.09324199251475039,,,,,,,,,,,5,60000.0,0.0,60000.0,60000.0,5,1.4593997240066527,0.07158517484495772,1.412511944770813,1.601934552192688,5,1920000.0,0.0,1920000.0,1920000.0,5,44.1589600405693,0.12209161118683452,43.97542321681976,44.35239098072052,5,0.3638817876577377,0.10614384257453373,0.2253386527299881,0.5540147423744202,5,1168.842851448059,1.0298672986614132,1167.1907095909119,1169.7950794696808,5,32.0,0.0,32.0,32.0,5,0.4274884402751923,0.09394447212458143,0.3160812258720398,0.6017120480537415
simformer,"mu,cd",1000,5,20000000,20000000,20000000,5,0.7163,0.0953240321803012,0.5786666666666668,0.8373333333333332,5,-1.1115983818405977,0.5184915798234794,-1.8568439251961748,-0.4525980341567234,5,-0.09973863412655892,0.0465461432751592,-0.1668126663748175,-0.04040734550729394,5,0.4537746268013939,0.009199929836074396,0.44442193393830737,0.47044578872871523,5,0.040700146114689056,0.0008937974466451536,0.039921156275832356,0.04226328048513033,5,0.45199999999999996,0.4246127647633782,0.0,0.95,5,0.45199999999999996,0.4246127647633782,0.0,0.95,5,0.986,0.014966629547095779,0.96,1.0,5,0.986,0.014966629547095779,0.96,1.0,5,1.1152924492698877,0.5138281030111105,0.47106837130317414,1.8568439251961748,5,0.1000684355746955,0.04612855341282159,0.04205635274797679,0.1668126663748175,5,0.44988940185264586,0.013545875920833424,0.4293974175809591,0.47044578872871523,5,0.04035327837632614,0.0013103605656886068,0.03833602555432083,0.04226328048513033,5,1.219003158224588,0.4738267950788513,0.6374068972543533,1.9155126213811595,5,0.10936584216589636,0.04255293087673443,0.05690683317286065,0.17208326629989612,5,1.7014726947170609,0.27364412308105784,1.435867098177834,2.1948757688822793,5,0.1526154545149952,0.02463466199855162,0.1281922923706472,0.19718032026626173,5,0.2643229223357929,0.09434695739292469,0.14539684340190354,0.35600138401508274,5,0.023715191408722268,0.008475763144063462,0.012980835178406654,0.03198197687309197,5,0.32099999999999995,0.19553516307815327,0.0,0.475,5,0.179,0.19553516307815327,0.025000000000000022,0.5,5,0.958,0.053347914673396564,0.855,1.0,5,0.07599999999999998,0.020832666655999643,0.04500000000000004,0.09999999999999998,5,0.1353157894736842,0.08318327394201258,0.03973684210526317,0.2721052631578947,,,,,,5,1.0604289364814758,0.22016273377481474,0.8504063844680786,1.4612422180175781,5,0.7120567994241604,0.5650352292552763,0.16435898155346165,1.7478099030089074,5,54.865600128173824,1.0525844625894547,53.53613121032715,56.444587326049806,5,11.552712398107797,2.0741486955947757,8.709846147245734,14.956833898863536,5,0.3501241892576218,0.12935651496779224,0.16641826927661896,0.5064948797225952,,,,,,,,,,,,,,,,,,,,,,,,,,,,,,,,,,,,,,,,,,,,,,,,,,,,,,,,,,,,,,,,,,,,,,,,,,,,,,,,,,,,,,,,,,,5,1.9402805491628818,0.9555056494047781,0.4804626719470299,3.0918101120953816,5,0.3170950757944584,0.15595481443612053,0.07779709538072348,0.5032767879620195,5,0.4603578907384712,0.006735158505651609,0.45075027420066344,0.4707672170044328,5,0.0751669788571466,0.0012499659881311637,0.07382773699957175,0.07695273880108136,5,0.19,0.38000000000000006,0.0,0.95,5,0.19,0.38000000000000006,0.0,0.95,5,0.93,0.11242775458044159,0.71,1.0,5,0.93,0.11242775458044159,0.71,1.0,5,1.944577875616898,0.9489564195153772,0.5019493042171121,3.0918101120953816,5,0.31779090404927735,0.15488970353596668,0.08127623665481805,0.5032767879620195,5,0.4556177989206584,0.012861813948745249,0.43347289247262877,0.4707672170044328,5,0.07439945749596297,0.0023812036389370206,0.07018845290051669,0.07695273880108136,5,2.0172661015801614,0.9056996637103863,0.6632132782993946,3.125692758590685,5,0.32963299659358325,0.1478679002390817,0.10738829342781286,0.508792116660613,5,2.3238588622226883,0.7550538859339103,1.4426916061665098,3.3394396174406067,5,0.3795532377994061,0.12338315871401523,0.23360235989838837,0.5435852744951845,5,0.33034361741537765,0.09280966837222997,0.1506423025956287,0.4161949095600994,5,0.05399151575697316,0.015255510039028974,0.024392183391357094,0.06803221848779652,,,,,,,,,,,5,60000.0,0.0,60000.0,60000.0,5,1.517579483985901,0.057681452631272986,1.4518722295761108,1.605256199836731,5,1920000.0,0.0,1920000.0,1920000.0,5,46.39262639951706,0.15538558286351942,46.217808620929716,46.670687005519866,5,0.2454083204269409,0.07685975744940628,0.1495082974433899,0.3397407531738281,5,1215.8140669822692,5.188861000591615,1209.6677606105804,1224.4147794246674,5,32.0,0.0,32.0,32.0,5,0.46586299538612364,0.11556540733185196,0.32008713483810425,0.6051300168037415
simformer,"mu,cd",2000,2,20000000,20000000,20000000,2,0.7940833333333333,0.12341666666666667,0.6706666666666666,0.9175,2,-0.8034394173876214,0.5181671613660548,-1.3216065787536762,-0.28527225602156653,2,-0.07158566031642258,0.04631953480578958,-0.11790519512221216,-0.02526612551063299,2,0.52139987629235,0.04382446697237685,0.4775754093199731,0.5652243432647268,2,0.04633361856587011,0.0037274278892945704,0.042606190676575534,0.050061046455164675,2,0.575,0.425,0.15,1.0,2,0.575,0.425,0.15,1.0,2,1.0,0.0,1.0,1.0,2,1.0,0.0,1.0,1.0,2,0.9058087447161013,0.41579783403757486,0.4900109106785265,1.3216065787536762,2,0.0806523526161909,0.037252842506021254,0.043399510110169646,0.11790519512221216,2,0.43925473791650294,0.03832067140347015,0.4009340665130328,0.4775754093199731,2,0.03905815090496016,0.003548039771615375,0.035510111133344784,0.042606190676575534,2,1.0191911113752066,0.3860569879268838,0.6331341234483228,1.4052480993020904,2,0.09072143141614239,0.03464571946787361,0.05607571194826878,0.125367150884016,2,1.9204837919906546,0.08581677151053202,1.8346670204801225,2.0063005635011866,2,0.17068603549189862,0.007008904803916777,0.16367713068798184,0.1776949402958154,2,0.21268451518986467,0.083269816580302,0.12941469860956267,0.29595433177016667,2,0.01893259615969288,0.007470536106170207,0.011462060053522674,0.026403132265863088,2,0.5075,0.2225,0.285,0.73,2,0.2225,0.007499999999999979,0.21500000000000002,0.22999999999999998,2,0.9975,0.0025000000000000022,0.995,1.0,2,0.09749999999999998,0.0025000000000000022,0.09499999999999997,0.09999999999999998,2,0.16236842105263155,0.009210526315789488,0.15315789473684208,0.17157894736842105,,,,,,2,1.0485746693611144,0.08839787006378169,0.9601767992973328,1.1369725394248962,2,0.6746181230284407,0.2728661396069518,0.401751983421489,0.9474842626353925,2,62.59795009613037,1.5318202590942391,61.06612983703613,64.12977035522461,2,10.418884363074476,0.8307263434691361,9.58815801960534,11.249610706543612,2,0.31016065925359726,0.07077322155237198,0.23938743770122528,0.38093388080596924,,,,,,,,,,,,,,,,,,,,,,,,,,,,,,,,,,,,,,,,,,,,,,,,,,,,,,,,,,,,,,,,,,,,,,,,,,,,,,,,,,,,,,,,,,,2,1.7652157198107743,0.5334063797231472,1.231809340087627,2.2986220995339215,2,0.2888392002955079,0.08788077861666681,0.20095842167884112,0.37671997891217474,2,0.5157690491562485,0.004502942343045768,0.5112661068132028,0.5202719914992944,2,0.08433437582615394,0.0005432378899554793,0.08379113793619845,0.08487761371610941,2,0.44,0.020000000000000018,0.42,0.46,2,0.44,0.020000000000000018,0.42,0.46,2,0.995,0.0050000000000000044,0.99,1.0,2,0.995,0.0050000000000000044,0.99,1.0,2,1.7652157198107743,0.5334063797231472,1.231809340087627,2.2986220995339215,2,0.2888392002955079,0.08788077861666681,0.20095842167884112,0.37671997891217474,2,0.5157690491562485,0.004502942343045768,0.5112661068132028,0.5202719914992944,2,0.08433437582615394,0.0005432378899554793,0.08379113793619845,0.08487761371610941,2,1.8459847319040126,0.5088096515701928,1.3371750803338198,2.3547943834742053,2,0.3020369517072321,0.0838890739871131,0.218147877720119,0.3859260256943452,2,2.3285148893526695,0.6889589006971275,1.639555988655542,3.017473790049797,2,0.3810053828582168,0.11352682879269127,0.2674785540655255,0.49453221165090805,2,0.3156357938208749,0.03391017033487337,0.28172562348600155,0.3495459641557483,2,0.05159854580072408,0.00542667928486049,0.046171866515863594,0.05702522508558457,,,,,,,,,,,2,30000.0,0.0,30000.0,30000.0,2,1.4100569486618042,0.03305470943450928,1.377002239227295,1.4431116580963135,2,960000.0,0.0,960000.0,960000.0,2,46.65662083148956,0.3023349785804754,46.354285852909086,46.95895581007004,2,0.23950111120939255,0.06462083011865616,0.1748802810907364,0.3041219413280487,2,633.4172381162643,5.747654557228088,627.6695835590363,639.1648926734924,2,32.0,0.0,32.0,32.0,2,0.4892372786998749,0.10019358992576599,0.3890436887741089,0.5894308686256409
simformer,"mu,cd",3000,2,19998000,20000000,19998000,2,0.9193333333333333,0.015833333333333255,0.9035000000000001,0.9351666666666666,2,-0.9925805800174465,0.1698349899038354,-1.162415569921282,-0.8227455901136111,2,-0.08854584016483277,0.015015856518782685,-0.10356169668361545,-0.07352998364605008,2,0.5278177942134565,0.013090418526230108,0.5147273756872264,0.5409082127396866,2,0.04709621500373794,0.0010942714054827697,0.04600194359825517,0.04819048640922071,2,0.995,0.0050000000000000044,0.99,1.0,2,0.995,0.0050000000000000044,0.99,1.0,2,1.0,0.0,1.0,1.0,2,1.0,0.0,1.0,1.0,2,0.9937817508574794,0.17008442982924465,0.8236973210282348,1.163866180686724,2,0.08865298772696406,0.015037946444563577,0.07361504128240048,0.10369093417152764,2,0.525491415125793,0.012288433193533843,0.5132029819322591,0.5377798483193268,2,0.04688874054246217,0.0010230343253339255,0.045865706217128245,0.047911774867796096,2,1.1262981547820328,0.15580622934769217,0.9704919254343405,1.2821043841297248,2,0.10047963997034906,0.01374534854068759,0.08673429142966146,0.11422498851103664,2,2.45918544413793,0.0112809268518963,2.447904517286034,2.4704663709898265,2,0.21943556657787414,0.0006627291338518193,0.21877283744402232,0.22009829571172596,2,0.18192243150624432,0.03786179620024317,0.14406063530600113,0.21978422770648748,2,0.016227942310097755,0.003353030266887323,0.012874912043210434,0.01958097257698508,2,0.8799999999999999,0.03999999999999998,0.84,0.9199999999999999,2,0.37999999999999995,0.03999999999999998,0.33999999999999997,0.41999999999999993,2,1.0,0.0,1.0,1.0,2,0.09999999999999998,0.0,0.09999999999999998,0.09999999999999998,2,0.23921052631578948,0.0026315789473684154,0.23657894736842106,0.24184210526315789,,,,,,2,2.9081664860248564,0.009808443784713683,2.898358042240143,2.9179749298095703,2,1.416526361280642,0.09038511368112102,1.3261412475995211,1.5069114749617631,2,95.02009887695311,0.5224485778808585,94.49765029907226,95.54254745483398,2,31.535136382786547,0.47498555384443897,31.06015082894211,32.01012193663099,2,0.3145965188741684,0.03251071274280548,0.2820858061313629,0.3471072316169739,,,,,,,,,,,,,,,,,,,,,,,,,,,,,,,,,,,,,,,,,,,,,,,,,,,,,,,,,,,,,,,,,,,,,,,,,,,,,,,,,,,,,,,,,,,2,1.80734157849325,0.24219065367089265,1.5651509248223574,2.0495322321641427,2,0.2958323661960662,0.039979568047076475,0.2558527981489897,0.33581193424314265,2,0.5496477454085535,0.011686620884428067,0.5379611245241255,0.5613343662929816,2,0.08995217939133847,0.0018082792401886288,0.08814390015114984,0.0917604586315271,2,0.7649999999999999,0.07500000000000001,0.69,0.84,2,0.7649999999999999,0.07500000000000001,0.69,0.84,2,1.0,0.0,1.0,1.0,2,1.0,0.0,1.0,1.0,2,1.80734157849325,0.24219065367089265,1.5651509248223574,2.0495322321641427,2,0.2958323661960662,0.039979568047076475,0.2558527981489897,0.33581193424314265,2,0.5496477454085535,0.011686620884428067,0.5379611245241255,0.5613343662929816,2,0.08995217939133847,0.0018082792401886288,0.08814390015114984,0.0917604586315271,2,1.8908626199212715,0.22809574261891685,1.6627668773023545,2.118958362540188,2,0.30949859954157377,0.03768867314274657,0.2718099263988272,0.3471872726843203,2,2.712397473607195,0.2532234166841363,2.4591740569230587,2.9656208902913312,2,0.4439543417550623,0.04195697315111757,0.40199736860394475,0.4859113149061799,2,0.23226005294465907,0.000977125845370061,0.23128292709928902,0.23323717879002914,2,0.038011463653793216,0.00020400155509650575,0.03780746209869671,0.03821546520888972,,,,,,,,,,,2,19998.0,0.0,19998.0,19998.0,2,1.4040158987045288,0.014957427978515625,1.3890584707260132,1.4189733266830444,2,639936.0,0.0,639936.0,639936.0,2,137.17354948997496,3.3264722156524584,133.84707727432252,140.50002170562743,2,0.28100326657295227,0.020039469003677368,0.2609637975692749,0.30104273557662964,2,1158.7586543560028,38.198723554611206,1120.5599308013916,1196.957377910614,2,32.0,0.0,32.0,32.0,2,0.5644826889038086,0.03093087673187256,0.533551812171936,0.5954135656356812
simformer,"mu,cd",1000,5,40000000,40000000,40000000,5,0.7537333333333333,0.12792582920496465,0.5968333333333332,0.898,5,-0.8232486828360092,0.5950261883488587,-1.374081118385642,0.15230079792012358,5,-0.07386449370250106,0.05333643685931438,-0.12341423945277931,0.013581060121580954,5,0.4627753966916133,0.013749284029085528,0.4436163985108493,0.4786963773516855,5,0.04147593812417494,0.0012099375239571157,0.03984377645733897,0.04304867554667122,5,0.64,0.28078461496314217,0.31,1.0,5,0.64,0.28078461496314217,0.31,1.0,5,0.99,0.020000000000000018,0.95,1.0,5,0.99,0.020000000000000018,0.95,1.0,5,0.9459769807134322,0.41831459295209444,0.41265102746607746,1.374081118385642,5,0.08481630212396384,0.037561403819404184,0.036797171538695696,0.12341423945277931,5,0.41482019124045283,0.06487936058134647,0.2864696917091304,0.4573833773696743,5,0.03719202467292547,0.005877538322066032,0.025545252298550914,0.04106445273760084,5,1.044189730585332,0.3947308902869386,0.5023402778363821,1.4439163510853643,5,0.09362327118003047,0.035456161839900094,0.0447949969108696,0.1296865491178262,5,1.638915195521427,0.15300520073972926,1.4573383477312627,1.9217236424969126,5,0.14689264262005686,0.013783753336014126,0.1311227670524269,0.1726012101590633,5,0.22154016596592477,0.096091117147993,0.0724811458393098,0.32322799105530897,5,0.019865587447130614,0.008619715275876455,0.006463333392669893,0.029019813844093943,5,0.42299999999999993,0.18996315432209476,0.165,0.715,5,0.16299999999999998,0.12428193754524426,0.010000000000000009,0.33499999999999996,5,0.984,0.019595917942265444,0.96,1.0,5,0.08399999999999996,0.019595917942265444,0.05999999999999994,0.09999999999999998,5,0.15205263157894736,0.032170942309572965,0.10052631578947369,0.19236842105263158,,,,,,5,1.0585682406425476,0.07978497373699386,0.9348628103733063,1.1283093094825745,5,0.6974815079686025,0.2057763168094816,0.3716690743209539,0.9001254229247063,5,55.109927886962886,0.4118424805525203,54.52531852722168,55.63710189819336,5,12.210757559572059,0.8042247231569946,10.944413625146852,12.997425235436602,5,0.3695730149745941,0.13697055711991962,0.2319081425666809,0.5702345371246338,,,,,,,,,,,,,,,,,,,,,,,,,,,,,,,,,,,,,,,,,,,,,,,,,,,,,,,,,,,,,,,,,,,,,,,,,,,,,,,,,,,,,,,,,,,5,2.1532214397430316,0.8888118094773207,1.233997114365825,3.4641715870569527,5,0.35200213882297277,0.14538485418114,0.20171700401008136,0.5672886346682905,5,0.45786360006364824,0.0075690960425510165,0.4432239758569516,0.4644535885188077,5,0.07485023231644508,0.0011808840689408245,0.07257471407338704,0.07592253172443965,5,0.20600000000000002,0.24880514464134376,0.0,0.58,5,0.20600000000000002,0.24880514464134376,0.0,0.58,5,0.978,0.031240998703626604,0.92,1.0,5,0.978,0.031240998703626604,0.92,1.0,5,2.1532214397430316,0.8888118094773207,1.233997114365825,3.4641715870569527,5,0.35200213882297277,0.14538485418114,0.20171700401008136,0.5672886346682905,5,0.45786360006364824,0.0075690960425510165,0.4432239758569516,0.4644535885188077,5,0.07485023231644508,0.0011808840689408245,0.07257471407338704,0.07592253172443965,5,2.20926027606994,0.8690307251719702,1.3185090117823166,3.4945997053360522,5,0.36116388565585156,0.14215083898519837,0.21553185502438313,0.5722715071587137,5,2.536192415558089,0.8336792025327311,1.6023357789926316,3.680240303973394,5,0.414587435540855,0.13629403357328737,0.26237086824923755,0.6026717929854989,5,0.31965098101094463,0.04352365472548857,0.26614569249095094,0.3846445163821851,5,0.05226183220721751,0.007159604942179366,0.04350586413806869,0.06298892941822884,,,,,,,,,,,5,100000.0,0.0,100000.0,100000.0,5,1.5064486265182495,0.05423156830066494,1.4534215927124023,1.5884085893630981,5,3200000.0,0.0,3200000.0,3200000.0,5,46.36785651254654,0.1706282799020638,46.13700318336487,46.65027354478836,5,0.2607874691486359,0.08349319947663496,0.17725032567977905,0.37041833996772766,5,2000.5870957374573,14.957274108118776,1977.6951925754547,2021.902429819107,5,32.0,0.0,32.0,32.0,5,0.5018298089504242,0.11958627373452965,0.35572096705436707,0.6526015400886536
simformer,"mu,cd",2000,2,40000000,40000000,40000000,2,0.7065833333333333,0.011249999999999871,0.6953333333333335,0.7178333333333332,2,-1.6042560536824357,0.12138513986626887,-1.7256411935487046,-1.4828709138161669,2,-0.14336280391830952,0.010970473508723086,-0.1543332774270326,-0.13239233040958642,2,0.47515495900258403,0.005986079558260915,0.4691688794443231,0.48114103856084495,2,0.04245945635278659,0.0005715476232357741,0.04188790872955082,0.043031003976022365,2,0.165,0.10500000000000001,0.06,0.27,2,0.165,0.10500000000000001,0.06,0.27,2,1.0,0.0,1.0,1.0,2,1.0,0.0,1.0,1.0,2,1.6042560536824357,0.12138513986626887,1.4828709138161669,1.7256411935487046,2,0.14336280391830952,0.010970473508723086,0.13239233040958642,0.1543332774270326,2,0.47515495900258403,0.005986079558260915,0.4691688794443231,0.48114103856084495,2,0.04245945635278659,0.0005715476232357741,0.04188790872955082,0.043031003976022365,2,1.6733915881319026,0.11806989006393231,1.5553216980679703,1.791461478195835,2,0.1495403755868358,0.01067956020317086,0.13886081538366496,0.16021993579000668,2,2.0386211430199634,0.1254711425096754,1.913150000510288,2.1640922855296387,2,0.18217720528785136,0.011369087851978849,0.17080811743587251,0.1935462931398302,2,0.31621202537683124,0.008225223455178038,0.3079868019216532,0.32443724883200925,2,0.028256773512852898,0.0007593763529536741,0.027497397159899226,0.029016149865806574,2,0.305,0.065,0.24,0.37,2,0.195,0.065,0.13,0.26,2,1.0,0.0,1.0,1.0,2,0.09999999999999998,0.0,0.09999999999999998,0.09999999999999998,2,0.1675,0.015394736842105239,0.15210526315789477,0.18289473684210525,,,,,,2,1.0486352461576463,0.035749471783637965,1.0128857743740083,1.0843847179412842,2,0.5921604484405866,0.11506587312293029,0.47709457531765626,0.7072263215635168,2,62.60123695373535,0.49556625366211193,62.10567070007324,63.096803207397464,2,10.19965895779674,0.4125749648829613,9.787083992913779,10.612233922679701,2,0.28790639340877533,0.007515892386436462,0.28039050102233887,0.2954222857952118,,,,,,,,,,,,,,,,,,,,,,,,,,,,,,,,,,,,,,,,,,,,,,,,,,,,,,,,,,,,,,,,,,,,,,,,,,,,,,,,,,,,,,,,,,,2,1.4942901012631107,0.007907732766063158,1.4863823684970476,1.502197834029174,2,0.2436827624335885,0.002240922206640253,0.24144184022694823,0.24592368464022873,2,0.5222974683290116,0.011407583198837667,0.5108898851301739,0.5337050515278492,2,0.08516512831462533,0.0015277268426699894,0.08363740147195534,0.08669285515729531,2,0.44499999999999995,0.024999999999999994,0.42,0.47,2,0.44499999999999995,0.024999999999999994,0.42,0.47,2,1.0,0.0,1.0,1.0,2,1.0,0.0,1.0,1.0,2,1.4942901012631107,0.007907732766063158,1.4863823684970476,1.502197834029174,2,0.2436827624335885,0.002240922206640253,0.24144184022694823,0.24592368464022873,2,0.5222974683290116,0.011407583198837667,0.5108898851301739,0.5337050515278492,2,0.08516512831462533,0.0015277268426699894,0.08363740147195534,0.08669285515729531,2,1.5829960586473004,0.0037007640917708917,1.5792952945555294,1.5866968227390712,2,0.25814559262935266,0.0016113583690906819,0.256534234260262,0.25975695099844337,2,2.0764099584745215,0.04169069150754945,2.034719266966972,2.118100649982071,2,0.3386320551946759,0.008120622709393455,0.3305114324852824,0.34675267790406933,2,0.30991786568265506,0.01762907245880585,0.2922887932238492,0.3275469381414609,2,0.050527879356344174,0.0026774993868885003,0.047850379969455674,0.053205378743232674,,,,,,,,,,,2,60000.0,0.0,60000.0,60000.0,2,1.3864719867706299,0.009989142417907715,1.3764828443527222,1.3964611291885376,2,1920000.0,0.0,1920000.0,1920000.0,2,46.332649749517444,0.06660213828086725,46.26604761123657,46.39925188779831,2,0.218940831720829,0.006112448871135712,0.2128283828496933,0.22505328059196472,2,1228.871295452118,1.34014892578125,1227.5311465263367,1230.2114443778992,2,32.0,0.0,32.0,32.0,2,0.45546047389507294,0.011225476861000061,0.4442349970340729,0.466685950756073
simformer,"mu,cd",3000,2,39999000,40000000,39999000,2,0.8690833333333334,0.056916666666666726,0.8121666666666667,0.9260000000000002,2,-0.8620430207773178,1.0036900902765833,-1.865733111053901,0.14164706949926553,2,-0.07680812097135932,0.08944827686902136,-0.16625639784038068,0.012640155897662042,2,0.47817672251922694,0.0018554970985118768,0.4763212254207151,0.48003221961773884,2,0.04264091746275356,0.00019569829682283477,0.04244521916593073,0.042836615759576396,2,0.555,0.445,0.11,1.0,2,0.555,0.445,0.11,1.0,2,1.0,0.0,1.0,1.0,2,1.0,0.0,1.0,1.0,2,1.1409160018390965,0.7248171092148046,0.416098892624292,1.865733111053901,2,0.10169389924015851,0.06456249860022217,0.03713140063993633,0.16625639784038068,2,0.37722582738111976,0.09909539803959533,0.27813042934152443,0.4763212254207151,2,0.03363236660483454,0.008812852561096186,0.024819514043738354,0.04244521916593073,2,1.213035162505459,0.7125405829455372,0.5004945795599217,1.925575745450996,2,0.1081258098002963,0.0634631946635761,0.044662615136720214,0.1715890044638724,2,1.9814946500822037,0.26227884929059375,1.7192158007916098,2.2437734993727974,2,0.1766806786270812,0.023263085254840526,0.15341759337224067,0.19994376388192173,2,0.23039320091847673,0.10810488727070519,0.12228831364777154,0.3384980881891819,2,0.020538184435715978,0.00962554704800418,0.0109126373877118,0.03016373148372016,2,0.5275000000000001,0.027500000000000024,0.5,0.555,2,0.027500000000000024,0.027500000000000024,0.0,0.05500000000000005,2,0.995,0.0050000000000000044,0.99,1.0,2,0.09499999999999997,0.0050000000000000044,0.08999999999999997,0.09999999999999998,2,0.09065789473684213,0.007499999999999986,0.08315789473684214,0.09815789473684211,,,,,,2,3.074051090478897,0.9144686257839203,2.1595824646949766,3.988519716262817,2,1.6046578373061742,0.06128823523409377,1.5433696020720804,1.665946072540268,2,97.4712686920166,10.945237045288088,86.52603164672851,108.41650573730469,2,31.18138057298756,5.199596605476838,25.981783967510722,36.3809771784644,2,0.36439280211925507,0.17237509787082672,0.19201770424842834,0.5367678999900818,,,,,,,,,,,,,,,,,,,,,,,,,,,,,,,,,,,,,,,,,,,,,,,,,,,,,,,,,,,,,,,,,,,,,,,,,,,,,,,,,,,,,,,,,,,2,1.4962729275735076,1.7624062399439064,-0.2661333123703989,3.258679167517414,2,0.2457678775474429,0.28908929935842753,-0.04332142181098462,0.5348571769058704,2,0.5214387848828008,0.011879013599692734,0.509559771283108,0.5333177984824935,2,0.08522478741135597,0.0015891552835576653,0.0836356321277983,0.08681394269491363,2,0.5,0.5,0.0,1.0,2,0.5,0.5,0.0,1.0,2,0.99,0.010000000000000009,0.98,1.0,2,0.99,0.010000000000000009,0.98,1.0,2,1.8856613928564594,1.3730177746609549,0.5126436181955046,3.258679167517414,2,0.30915288030952215,0.22570429659634828,0.08344858371317386,0.5348571769058704,2,0.40680894113332133,0.10275083014978667,0.3040581109835347,0.509559771283108,2,0.0665652407290356,0.017070391398762708,0.049494849330272886,0.0836356321277983,2,1.9471555316936333,1.351122970392278,0.5960325613013553,3.2982785020859113,2,0.3191897243461629,0.2221670144584206,0.09702270988774227,0.5413567388045835,2,2.5842270695509373,0.9098499550632684,1.674377114487669,3.4940770246142057,2,0.4230251746580005,0.15046858599930998,0.27255658865869054,0.5734937606573105,2,0.27433037887666395,0.14752254249578364,0.1268078363808803,0.42185292137244756,2,0.0449409625302709,0.024299071086997415,0.020641891443273483,0.06924003361726831,,,,,,,,,,,2,39999.0,0.0,39999.0,39999.0,2,1.4910836219787598,0.028746843338012695,1.462336778640747,1.5198304653167725,2,1279968.0,0.0,1279968.0,1279968.0,2,90.72970517873763,44.207638907432546,46.522066271305086,134.93734408617019,2,0.27016259729862213,0.08294050395488739,0.18722209334373474,0.3531031012535095,2,1507.6534835100174,679.1291464567184,828.524337053299,2186.782629966736,2,32.0,0.0,32.0,32.0,2,0.516958087682724,0.12056031823158264,0.39639776945114136,0.6375184059143066
simformer,"mu,cd",1000,5,60000000,60000000,60000000,5,0.7287333333333333,0.07229012534379935,0.6596666666666666,0.8598333333333333,5,-0.9147401544806602,0.318120227737272,-1.2986011326133886,-0.48879333239876666,5,-0.08196192527174949,0.028577039401758195,-0.1166422186333686,-0.04369437717422844,5,0.45150290467369364,0.006388311981707713,0.44526428455522876,0.4634597909962603,5,0.040440768211578576,0.0004967066168716417,0.03990433395996895,0.041331413130093406,5,0.736,0.26597744265256784,0.36,0.99,5,0.736,0.26597744265256784,0.36,0.99,5,0.998,0.0040000000000000036,0.99,1.0,5,0.998,0.0040000000000000036,0.99,1.0,5,0.9165254300368323,0.3157863280243566,0.49691247610966605,1.2986011326133886,5,0.08212155187562108,0.028368386842869017,0.044420166258513936,0.1166422186333686,5,0.4494933967408435,0.007844130847055396,0.4409230206861213,0.4634597909962603,5,0.040261085302120275,0.0006611973954607167,0.039415138094433054,0.041331413130093406,5,1.0313724941496138,0.2794932759214053,0.6643305796698006,1.3734077000717,5,0.09240529588694946,0.025127039584333846,0.05938606133965484,0.12336145184911353,5,1.7103276954362037,0.16690695226416138,1.4938346766606072,1.9517299862809652,5,0.1531772464200854,0.014739555300575052,0.13421426997259256,0.17405557155385615,5,0.2128183888539647,0.06711817298055983,0.12474928508075968,0.3033993115770067,5,0.019072544802658097,0.006052858825217087,0.011179960422321408,0.027259051421916747,5,0.535,0.2563396184751784,0.18,0.855,5,0.229,0.12039102956615994,0.025000000000000022,0.355,5,0.9730000000000001,0.051536394906900505,0.87,1.0,5,0.08499999999999999,0.027568097504180423,0.030000000000000027,0.09999999999999998,5,0.1708947368421053,0.05864764024554775,0.06210526315789475,0.23263157894736847,,,,,,5,1.3130759019851683,0.5608569681351704,0.9035772001743316,2.420823870897293,5,1.3251885112072554,1.3613740305019761,0.3334840302357433,4.015212427177248,5,55.816633758544924,1.9289874100148539,54.056215057373045,59.52349006652832,5,13.552872968259653,3.6112277245840128,10.041243483839972,20.459851520671815,5,0.2700208365917206,0.08328782051921757,0.1384064257144928,0.39961230754852295,,,,,,,,,,,,,,,,,,,,,,,,,,,,,,,,,,,,,,,,,,,,,,,,,,,,,,,,,,,,,,,,,,,,,,,,,,,,,,,,,,,,,,,,,,,5,1.326962077592286,0.919156936095313,-0.40717750099983285,2.34996427600356,5,0.2172241752272844,0.15041598520839833,-0.06646560777574777,0.38480932685136787,5,0.45613117604037046,0.009800609710750943,0.44608293072947486,0.4729390102986404,5,0.07461399318549941,0.0017330250942063658,0.07291980712923464,0.07765674504036507,5,0.334,0.30702442899547916,0.0,0.81,5,0.334,0.30702442899547916,0.0,0.81,5,0.9480000000000001,0.09907572861200668,0.75,1.0,5,0.9480000000000001,0.09907572861200668,0.75,1.0,5,1.5127768326279434,0.5818079785809944,0.5218962741784552,2.34996427600356,5,0.2475556405353546,0.09537036297682266,0.08519171876460313,0.38480932685136787,5,0.42893383008342817,0.05339504078524303,0.323891210351203,0.4729390102986404,5,0.0701744358966173,0.008820970232401323,0.05287036641951023,0.07765674504036507,5,1.5789396188752445,0.5663737372026797,0.6142322338856211,2.3935296635092826,5,0.2583761672353152,0.09286182460644642,0.10026417401744507,0.3919432088590935,5,2.0436143510582774,0.27370185636008576,1.6762006000212188,2.5078858445760814,5,0.33432679521381853,0.045096367922391606,0.2736145291879773,0.4106691643297672,5,0.28790299073267117,0.07655956382003294,0.17653849686294712,0.40010213649672455,5,0.047110081405281896,0.012578006492189917,0.02881725301237351,0.06551718153359401,,,,,,,,,,,5,100000.0,0.0,100000.0,100000.0,5,1.4786169052124023,0.01503984150243219,1.4593393802642822,1.5042352676391602,5,3200000.0,0.0,3200000.0,3200000.0,5,47.03146394062042,1.1023797935215256,46.19116756439209,49.126413474082945,5,0.2130714625120163,0.028021541270451807,0.17995978891849518,0.26115554571151733,5,2027.4830507278443,61.289647571215625,1966.1175191402435,2145.468587398529,5,32.0,0.0,32.0,32.0,5,0.43771369457244874,0.04031778125416251,0.38131389021873474,0.4952445328235626
simformer,"mu,cd",2000,2,60000000,60000000,60000000,2,0.64425,0.010249999999999981,0.634,0.6545,2,-1.2825910565036125,0.31280237993206644,-1.595393436435679,-0.9697886765715461,2,-0.11459880930352957,0.027676000213064253,-0.14227480951659383,-0.08692280909046532,2,0.4753525870081492,0.0029559607701713786,0.47239662623797785,0.4783085477783206,2,0.04249937118125296,0.000371744166861164,0.042127627014391794,0.04287111534811412,2,0.22499999999999998,0.18499999999999997,0.04,0.41,2,0.22499999999999998,0.18499999999999997,0.04,0.41,2,0.87,0.13,0.74,1.0,2,0.87,0.13,0.74,1.0,2,1.2825910565036125,0.31280237993206644,0.9697886765715461,1.595393436435679,2,0.11459880930352957,0.027676000213064253,0.08692280909046532,0.14227480951659383,2,0.4753525870081492,0.0029559607701713786,0.47239662623797785,0.4783085477783206,2,0.04249937118125296,0.000371744166861164,0.042127627014391794,0.04287111534811412,2,1.3725950514818779,0.29126755988453745,1.0813274915973405,1.6638626113664154,2,0.12265044806122727,0.025730340388109285,0.09692010767311798,0.14838078844933655,2,1.656860286125798,0.12284918228741559,1.5340111038383824,1.7797094684132135,2,0.1481031416343525,0.010608696825243527,0.13749444480910897,0.15871183845959602,2,0.334794852314256,0.05618208020138135,0.2786127721128746,0.3909769325156373,2,0.029919494551111193,0.00494724541303199,0.024972249138079203,0.03486673996414318,2,0.35,0.14500000000000002,0.205,0.495,2,0.15000000000000002,0.14500000000000002,0.0050000000000000044,0.29500000000000004,2,0.895,0.024999999999999967,0.87,0.9199999999999999,2,0.024999999999999967,0.00500000000000006,0.019999999999999907,0.030000000000000027,2,0.09447368421052632,0.07552631578947369,0.01894736842105262,0.17,,,,,,2,1.0273924684524536,0.12553213834762572,0.9018603301048279,1.1529246068000794,2,0.6319465629821804,0.36817604222176914,0.26377052076041135,1.0001226052039496,2,62.19132446289063,2.036234283447264,60.15509017944336,64.22755874633789,2,10.128356072288977,1.1000633132087207,9.028292759080255,11.228419385497697,2,0.2570345550775528,0.059155985713005066,0.19787856936454773,0.31619054079055786,,,,,,,,,,,,,,,,,,,,,,,,,,,,,,,,,,,,,,,,,,,,,,,,,,,,,,,,,,,,,,,,,,,,,,,,,,,,,,,,,,,,,,,,,,,2,1.2981040352245317,0.5492668122038279,0.7488372230207038,1.8473708474283597,2,0.2109618753559887,0.08970324745997782,0.12125862789601088,0.3006651228159665,2,0.5149886135957346,0.0013645443974321658,0.5136240691983024,0.5163531579931667,2,0.08360325716624173,9.406870327965944e-06,0.08359385029591376,0.0836126640365697,2,0.475,0.475,0.0,0.95,2,0.475,0.475,0.0,0.95,2,0.9199999999999999,0.08000000000000002,0.84,1.0,2,0.9199999999999999,0.08000000000000002,0.84,1.0,2,1.299867857029032,0.5475029903993277,0.7523648666297043,1.8473708474283597,2,0.21124748962745066,0.08941763318851587,0.12182985643893479,0.3006651228159665,2,0.5124117596636273,0.00121230953467516,0.5111994501289521,0.5136240691983024,2,0.08318598924278765,0.0004078610531261101,0.08277812818966154,0.08359385029591376,2,1.413523182028717,0.5039200980679844,0.9096030839607325,1.9174432800967014,2,0.22968046924279972,0.082389151010816,0.14729131823198374,0.31206962025361573,2,1.8640242758741123,0.1650611029550466,1.6989631729190657,2.029085378829159,2,0.30267574225291605,0.027563962969928996,0.2751117792829871,0.33023970522284507,2,0.30297506899858595,0.1281128663045078,0.17486220269407812,0.43108793530309375,2,0.04923807405185083,0.02092277416647564,0.02831529988537519,0.07016084821832647,,,,,,,,,,,2,90000.0,0.0,90000.0,90000.0,2,1.39341801404953,0.027584850788116455,1.3658331632614136,1.4210028648376465,2,2880000.0,0.0,2880000.0,2880000.0,2,90.4730790388584,43.95168846964835,46.521390569210055,134.42476750850676,2,0.18981823325157166,0.01935078203678131,0.17046745121479034,0.20916901528835297,2,3328.2259488105774,1544.217601299286,1784.0083475112915,4872.443550109863,2,32.0,0.0,32.0,32.0,2,0.39988498389720917,0.02239994704723358,0.3774850368499756,0.42228493094444275
simformer,"mu,cd",3000,2,60000000,60000000,60000000,2,0.6390833333333332,0.023916666666666645,0.6151666666666666,0.6629999999999999,2,-1.4800691440527425,0.11766746664615968,-1.5977366106989022,-1.3624016774065828,2,-0.13197040005233138,0.010523917517252263,-0.14249431756958364,-0.12144648253507911,2,0.4701625313269834,0.0001511875418326314,0.47001134378515075,0.470313718868816,2,0.04192124050494424,2.3740378397318213e-05,0.04189750012654692,0.04194498088334156,2,0.055,0.055,0.0,0.11,2,0.055,0.055,0.0,0.11,2,0.925,0.024999999999999967,0.9,0.95,2,0.925,0.024999999999999967,0.9,0.95,2,1.4800691440527425,0.11766746664615968,1.3624016774065828,1.5977366106989022,2,0.13197040005233138,0.010523917517252263,0.12144648253507911,0.14249431756958364,2,0.4701625313269834,0.0001511875418326314,0.47001134378515075,0.470313718868816,2,0.04192124050494424,2.3740378397318213e-05,0.04189750012654692,0.04194498088334156,2,1.5533585950603546,0.11216152529959744,1.4411970697607572,1.6655201203599521,2,0.1385050082950386,0.010034588987723803,0.1284704193073148,0.1485395972827624,2,1.7129580963392832,0.14984657954695324,1.56311151679233,1.8628046758862364,2,0.15273624702375385,0.013398195142485192,0.13933805188126866,0.16613444216623904,2,0.3662961458906675,0.01823069370311367,0.3480654521875538,0.38452683959378114,2,0.03265977090458107,0.0016175151966545745,0.031042255707926493,0.03427728610123564,2,0.035,0.030000000000000002,0.005,0.065,2,0.46499999999999997,0.03,0.435,0.495,2,0.9524999999999999,0.02250000000000002,0.9299999999999999,0.975,2,0.052499999999999936,0.02250000000000002,0.029999999999999916,0.07499999999999996,2,0.24421052631578943,0.02789473684210525,0.21631578947368418,0.2721052631578947,,,,,,2,2.2100423991680147,0.1323579037189484,2.0776844954490663,2.342400302886963,2,1.4872906891678395,0.009128898845333855,1.4781617903225057,1.4964195880131734,2,86.70717430114746,1.7051965332031216,85.00197776794434,88.41237083435058,2,35.413983108519616,0.975956302412218,34.4380268061074,36.38993941093184,2,0.32464177906513214,0.027420952916145325,0.2972208261489868,0.35206273198127747,,,,,,,,,,,,,,,,,,,,,,,,,,,,,,,,,,,,,,,,,,,,,,,,,,,,,,,,,,,,,,,,,,,,,,,,,,,,,,,,,,,,,,,,,,,2,1.7911705092994172,0.2273078426507491,1.5638626666486681,2.0184783519501663,2,0.29122108254730705,0.0358230924293399,0.25539799011796716,0.32704417497664695,2,0.5217655350386334,0.0018032059232819253,0.5199623291153515,0.5235687409619153,2,0.08487608089863916,0.000629128960830852,0.0842469519378083,0.08550520985947001,2,0.015,0.005,0.01,0.02,2,0.015,0.005,0.01,0.02,2,0.98,0.020000000000000018,0.96,1.0,2,0.98,0.020000000000000018,0.96,1.0,2,1.7911705092994172,0.2273078426507491,1.5638626666486681,2.0184783519501663,2,0.29122108254730705,0.0358230924293399,0.25539799011796716,0.32704417497664695,2,0.5217655350386334,0.0018032059232819253,0.5199623291153515,0.5235687409619153,2,0.08487608089863916,0.000629128960830852,0.0842469519378083,0.08550520985947001,2,1.866776477817425,0.2175976922850834,1.6491787855323417,2.0843741701025085,2,0.3035260563940463,0.0341948954241183,0.269331160969928,0.3377209518181646,2,2.1319163941604695,0.14421812028709813,1.9876982738733713,2.2761345144475675,2,0.346703245741129,0.022087697179615534,0.3246155485615134,0.3687909429207445,2,0.3924440340429712,0.00942661127934813,0.38301742276362305,0.4018706453223193,2,0.06383229327119304,0.0012808408112672254,0.06255145245992581,0.06511313408246026,,,,,,,,,,,2,60000.0,0.0,60000.0,60000.0,2,1.395337700843811,0.0065822601318359375,1.388755440711975,1.401919960975647,2,1920000.0,0.0,1920000.0,1920000.0,2,92.71850225090981,46.40371052622795,46.314791724681854,139.12221277713775,2,0.22317137569189072,0.013051874935626984,0.21011950075626373,0.2362232506275177,2,2360.8178411722183,1134.7254472970963,1226.092393875122,3495.5432884693146,2,32.0,0.0,32.0,32.0,2,0.4396185576915741,0.022523730993270874,0.4170948266983032,0.46214228868484497
simformer,"mu,cd,m",1000,5,20000000,20000000,20000000,5,0.7883,0.07199516959105273,0.697,0.8916666666666666,5,-1.126439076334361,0.23615459311259895,-1.4394816859366757,-0.7394745067652231,5,-0.10274713752396405,0.021400008308412127,-0.1310444816518575,-0.06730843701660633,5,0.4955566740618476,0.014167724594163352,0.478247537752449,0.5159375159615824,5,0.04521559331587213,0.0014341183817992364,0.04373101564852709,0.04747754171926108,5,0.632,0.2556090765211596,0.34,0.93,5,0.632,0.2556090765211596,0.34,0.93,5,0.99,0.0,0.99,0.99,5,0.99,0.0,0.99,0.99,5,1.1272850137256711,0.23477043828266753,0.7437041937217731,1.4394816859366757,5,0.10282413643322885,0.021272672337028155,0.06769343156293034,0.1310444816518575,5,0.4942757119341475,0.014628256856901722,0.478247537752449,0.5159375159615824,5,0.0450989975872428,0.0014805385627835127,0.04373101564852709,0.04747754171926108,5,1.2349390097884376,0.21292432522226243,0.8887151301291654,1.5262225657670467,5,0.11264897186273293,0.019278234817457995,0.08089261476748469,0.1389410137192878,5,1.8537417360819617,0.19833798540084283,1.6627582818712954,2.1755033102067576,5,0.169152262898162,0.018343665977233425,0.15134756019711493,0.1980488559458405,5,0.24242117787588263,0.05488302065671974,0.1659438328081344,0.2997815206814671,5,0.02210715075260742,0.004961825118553438,0.015104536621082729,0.027176521060394306,5,0.5573333333333333,0.23783654517803235,0.11333333333333334,0.8266666666666667,5,0.21200000000000002,0.12210378099523919,0.08999999999999997,0.38666666666666666,5,0.9813333333333333,0.011850925889754086,0.96,0.9899999999999999,5,0.08133333333333322,0.011850925889754086,0.05999999999999994,0.08999999999999986,5,0.14112280701754384,0.0555534674892301,0.05771929824561404,0.22192982456140348,,,,,,5,1.6658451006412505,0.1629335720026439,1.4533591151237488,1.9020423412322998,5,2.7604178545018607,0.10872871781291618,2.6301454794198356,2.9445870458514296,5,65.11747467041016,1.2121324625005747,63.605500106811526,66.98937004089356,5,32.3549219745198,10.97897503533175,22.05471461878242,47.65874083165222,5,90.94403839111328,34.673887158038255,33.42047882080078,139.7117156982422,5,-1.0762625367872984,0.45114719159629973,-1.684789716566101,-0.3059993442925175,5,-89.33092514770507,37.392622220371166,-139.71148739624022,-25.35727302246094,5,0.48320345153996014,0.006816811903541792,0.4733862681838339,0.4945805972682068,5,40.10813776089087,0.638517326284289,39.228138075403855,41.217216635076724,5,0.634,0.3423799059524376,0.0,0.99,5,0.634,0.3423799059524376,0.0,0.99,5,0.99,0.0,0.99,0.99,5,0.99,0.0,0.99,0.99,5,1.0957037871544102,0.41844459394387185,0.40320559612807577,1.684789716566101,5,90.94196474853516,34.67653121248108,33.412471026611335,139.71148739624022,5,0.467305739629068,0.03700755876951844,0.39389770862937307,0.4945805972682068,5,38.79074081543088,3.1094148997725024,32.64115334810388,41.217216635076724,5,1.2022487605426146,0.3873045298669575,0.5636755783360384,1.7523954490931837,5,99.78591990793467,32.09459442663356,46.710149989039586,145.3177049195076,5,1.8232612847947152,0.13899834100832,1.612896956187721,2.027590234536424,5,151.33070371093748,11.466209723474288,133.65606148071288,168.13828263549806,5,0.2521291969893018,0.08805232198845693,0.10702432303365039,0.38302342008558976,5,20.92789563631113,7.300538032094585,8.868793005684383,31.76228562610995,5,1.4315617981276083,0.4066028790233048,0.8580816825212384,2.082931757186783,5,0.23760354009836915,0.06717021166076377,0.14291451127678156,0.3445801589891314,5,0.5013835787061808,0.017823904972077583,0.4749239097089562,0.5277418203556085,5,0.08325181554039945,0.0030464741564363886,0.07836556252106584,0.0876532989926765,5,0.406,0.36729279873147525,0.0,0.85,5,0.406,0.36729279873147525,0.0,0.85,5,0.9640000000000001,0.03555277766926235,0.9,0.99,5,0.9640000000000001,0.03555277766926235,0.9,0.99,5,1.4315617981276083,0.4066028790233048,0.8580816825212384,2.082931757186783,5,0.23760354009836915,0.06717021166076377,0.14291451127678156,0.3445801589891314,5,0.5013835787061808,0.017823904972077583,0.4749239097089562,0.5277418203556085,5,0.08325181554039945,0.0030464741564363886,0.07836556252106584,0.0876532989926765,5,1.5234326792696475,0.3815116504202273,0.9947087498140167,2.144527097088231,5,0.2528646959727442,0.06298310033651315,0.16566990949402552,0.354769898691505,5,1.953879942860322,0.4106674750543743,1.579533485308423,2.6934873450536863,5,0.32433626777917146,0.06762002498638742,0.2630731511697173,0.44558459721356636,5,0.32312236522797405,0.06524923734585061,0.2560814324393843,0.40350501864952626,5,0.05364798962529066,0.01083387856823145,0.04265066272505404,0.06743210320525554,,,,,,,,,,,5,60000.0,0.0,60000.0,60000.0,5,1.4716415882110596,0.020399166808815226,1.4482136964797974,1.502375602722168,5,1920000.0,0.0,1920000.0,1920000.0,5,44.64661791563034,0.12694835469471724,44.48001670598984,44.804816539287565,5,61.207559204101564,6.958481097001778,51.56673812866211,72.6055679321289,5,1173.318539905548,3.2570422050523065,1168.3646984100342,1178.3591437339783,5,32.0,0.0,32.0,32.0,5,179.70087585449218,13.536659717014855,155.277587890625,196.31207275390625
simformer,"mu,cd,m",2000,2,20000000,20000000,20000000,2,0.8543333333333332,0.012833333333333306,0.8414999999999999,0.8671666666666665,2,-1.4400547675177902,0.9410405159046568,-2.381095283422447,-0.4990142516131335,2,-0.1313780554421246,0.08562111597396434,-0.21699917141608893,-0.04575693946816026,2,0.530681992989918,0.05221551927164425,0.4784664737182738,0.5828975122615623,2,0.04849735298864189,0.00462453559483729,0.0438728173938046,0.05312188858347918,2,0.46,0.46,0.0,0.92,2,0.46,0.46,0.0,0.92,2,0.985,0.0050000000000000044,0.98,0.99,2,0.985,0.0050000000000000044,0.98,0.99,2,1.4523445296651607,0.9287507537572863,0.5235937759078745,2.381095283422447,2,0.1325049607593566,0.08449421065673232,0.04801075010262429,0.21699917141608893,2,0.5171670250059155,0.06573048725564679,0.4514365377502687,0.5828975122615623,2,0.04725810285364349,0.005863785729835688,0.041394317123807804,0.05312188858347918,2,1.5713702468979895,0.8800343012207702,0.6913359456772195,2.45140454811876,2,0.14339927959610332,0.0800074692767647,0.06339181031933863,0.22340674887286804,2,2.0766870972127167,0.6552119159733569,1.42147518123936,2.731899013186074,2,0.18965552779808642,0.059313855408504604,0.1303416723895818,0.248969383206591,2,0.3224032852738995,0.13512554389712036,0.18727774137677916,0.4575288291710199,2,0.029434441788319145,0.012262074193976688,0.017172367594342455,0.04169651598229583,2,0.33666666666666667,0.2966666666666667,0.04,0.6333333333333333,2,0.29666666666666663,0.16333333333333336,0.1333333333333333,0.46,2,0.9816666666666667,0.011666666666666603,0.9700000000000001,0.9933333333333333,2,0.08166666666666667,0.011666666666666603,0.07000000000000006,0.09333333333333327,2,0.16885964912280702,0.07640350877192982,0.0924561403508772,0.24526315789473685,,,,,,2,1.3312160116434097,0.11921942651271822,1.2119965851306915,1.450435438156128,2,0.3728013718009199,0.03953692179019022,0.3332644500107297,0.4123382935911101,2,71.1978207397461,1.2423715209960946,69.95544921875,72.4401922607422,2,11.029595512300371,0.968443096895256,10.061152415405116,11.998038609195628,2,86.94351959228516,38.864662170410156,48.078857421875,125.80818176269531,2,-1.03852974961588,0.4685329413283094,-1.5070626909441895,-0.5699968082875707,2,-86.58175213165282,39.22572991790772,-125.80748204956055,-47.356022213745106,2,0.5366122830258064,0.028315868799321853,0.5082964142264846,0.5649281518251283,2,44.69464542370247,2.464765201248621,42.22988022245384,47.159410624951086,2,0.55,0.43,0.12,0.98,2,0.55,0.43,0.12,0.98,2,0.98,0.010000000000000009,0.97,0.99,2,0.98,0.010000000000000009,0.97,0.99,2,1.042843614957682,0.4642190759865074,0.5786245389711747,1.5070626909441895,2,86.94015337371826,38.867328675842295,48.072824697875966,125.80748204956055,2,0.5316905036213423,0.03323764820378608,0.4984528554175562,0.5649281518251283,2,44.285737942356654,2.8736726825944316,41.41206525976222,47.159410624951086,2,1.1865909790174385,0.42287532108346654,0.763715657933972,1.609466300100905,2,98.9032052445202,35.4527866209089,63.45041862361129,134.3559918654291,2,1.7482537619624456,0.16153516419263914,1.5867185977698066,1.9097889261550849,2,145.62650018463137,13.800003770446793,131.82649641418456,159.42650395507815,2,0.28913071391494954,0.11894454369319744,0.17018617022175211,0.408075257608147,2,24.10241174285423,9.963138955477016,14.139272787377214,34.06555069833124,2,1.9908263071015049,0.13081022402262865,1.8600160830788763,2.1216365311241336,2,0.3310087545603514,0.020385854578018225,0.31062289998233317,0.3513946091383696,2,0.45731467346420007,0.013044253362133384,0.4442704201020667,0.47035892682633346,2,0.07606599050881363,0.002484003713354402,0.07358198679545923,0.07854999422216803,2,0.0,0.0,0.0,0.0,2,0.0,0.0,0.0,0.0,2,0.98,0.020000000000000018,0.96,1.0,2,0.98,0.020000000000000018,0.96,1.0,2,1.9908263071015049,0.13081022402262865,1.8600160830788763,2.1216365311241336,2,0.3310087545603514,0.020385854578018225,0.31062289998233317,0.3513946091383696,2,0.45731467346420007,0.013044253362133384,0.4442704201020667,0.47035892682633346,2,0.07606599050881363,0.002484003713354402,0.07358198679545923,0.07854999422216803,2,2.0431095393910765,0.12454305647803832,1.9185664829130382,2.167652595869115,2,0.33970840599038576,0.019307582667883683,0.3204008233225021,0.35901598865826945,2,2.298881777897434,0.2025732787049428,2.0963084991924914,2.501455056602377,2,0.38219277792871,0.032109018889069585,0.3500837590396404,0.41430179681777957,2,0.37098862751365974,0.0439179776300091,0.32707064988365064,0.41490660514366884,2,0.06173015209210403,0.007559297889687667,0.05417085420241636,0.06928944998179169,,,,,,,,,,,2,30000.0,0.0,30000.0,30000.0,2,1.4235196709632874,0.0026221871376037598,1.4208974838256836,1.4261418581008911,2,960000.0,0.0,960000.0,960000.0,2,113.40804195046425,68.67735796809197,44.730683982372284,182.08539991855622,2,58.83303260803223,8.685529708862305,50.14750289916992,67.51856231689453,2,1617.191489458084,1006.1862962245941,611.00519323349,2623.377785682678,2,32.0,0.0,32.0,32.0,2,172.8989715576172,12.103485107421875,160.7954864501953,185.00245666503906
simformer,"mu,cd,m",3000,2,19998000,20000000,19998000,2,0.9308333333333333,0.04683333333333328,0.884,0.9776666666666666,2,-1.219089172414406,0.06985709706674026,-1.2889462694811462,-1.1492320753476657,2,-0.1117158267924562,0.006286502103321247,-0.11800232889577746,-0.10542932468913496,2,0.6262147581275225,0.05483436711330203,0.5713803910142204,0.6810491252408245,2,0.05739414145790052,0.005084577482224444,0.05230956397567608,0.062478718940124967,2,0.76,0.19999999999999996,0.56,0.96,2,0.76,0.19999999999999996,0.56,0.96,2,0.99,0.0,0.99,0.99,2,0.99,0.0,0.99,0.99,2,1.2208425977481363,0.06810367173300991,1.1527389260151264,1.2889462694811462,2,0.1118766841461882,0.006125644749589258,0.10575103939659894,0.11800232889577746,2,0.6232384300043031,0.05185803899008268,0.5713803910142204,0.6750964689943858,2,0.05712109631221782,0.004811532336541739,0.05230956397567608,0.061932628648759556,2,1.372894645778945,0.037019549072971336,1.3358750967059736,1.4099141948519163,2,0.12581431621774297,0.0032625605191559034,0.12255175569858708,0.12907687673689888,2,2.2879490553994613,0.23949018719812187,2.0484588682013394,2.527439242597583,2,0.2096999354133382,0.02216463928688317,0.18753529612645503,0.23186457470022137,2,0.2468406313045588,0.07197693712075032,0.17486369418380848,0.3188175684253091,2,0.022614691994898562,0.006572882675423226,0.016041809319475336,0.02918757467032179,2,0.675,0.30833333333333335,0.3666666666666667,0.9833333333333334,2,0.30833333333333335,0.17500000000000004,0.1333333333333333,0.4833333333333334,2,0.9933333333333333,0.0,0.9933333333333333,0.9933333333333333,2,0.09333333333333327,0.0,0.09333333333333327,0.09333333333333327,2,0.2050877192982456,0.07473684210526316,0.13035087719298244,0.27982456140350875,,,,,,2,3.055002670288086,0.2067577600479127,2.8482449102401732,3.2617604303359986,2,0.7599109406527268,0.08717144944729205,0.6727394912054347,0.8470823901000188,2,91.19981620788573,5.250498275756833,85.9493179321289,96.45031448364257,2,14.10005613546246,0.18045665733065697,13.919599478131802,14.280512792793116,2,104.0657844543457,48.04629135131836,56.019493103027344,152.11207580566406,2,-1.2365945056679484,0.5849567761802863,-1.8215512818482347,-0.6516377294876621,2,-103.29148315429687,48.820165216064446,-152.1116483703613,-54.471317938232424,2,0.6211111976148262,0.034695112593861877,0.5864160850209644,0.6558063102086882,2,51.89176764747987,2.8724217910225107,49.019345856457356,54.76418943850238,2,0.715,0.275,0.44,0.99,2,0.715,0.275,0.44,0.99,2,0.99,0.0,0.99,0.99,2,0.99,0.0,0.99,0.99,2,1.245832443677826,0.5757188381704086,0.6701136055074174,1.8215512818482347,2,104.06369518432616,48.047953186035144,56.01574199829101,152.1116483703613,2,0.6105085827667476,0.045297727441940605,0.565210855324807,0.6558063102086882,2,51.00548034929944,3.758709089202938,47.2467712600965,54.76418943850238,2,1.406329613082027,0.5296794232895703,0.8766501897924568,1.9360090363715974,2,117.4750288581692,44.194603462822435,73.28042539534677,161.66963232099164,2,2.481078354569042,0.011948006958682589,2.469130347610359,2.493026361527724,2,207.29118256835937,0.8931035644530994,206.39807900390628,208.18428613281247,2,0.24627261627279826,0.12328597954736478,0.12298663672543346,0.36955859582016304,2,20.57061362576537,10.289987133479418,10.28062649228595,30.860600759244786,2,1.7584342844174463,0.09476623224712366,1.6636680521703227,1.85320051666457,2,0.2937716361746192,0.014256418015062805,0.2795152181595564,0.308028054189682,2,0.4886812636810819,0.0020773532498275793,0.4866039104312543,0.49075861693090944,2,0.08166300407929672,9.200525459326231e-05,0.08157099882470346,0.08175500933388999,2,0.55,0.45,0.1,1.0,2,0.55,0.45,0.1,1.0,2,1.0,0.0,1.0,1.0,2,1.0,0.0,1.0,1.0,2,1.7584342844174463,0.09476623224712366,1.6636680521703227,1.85320051666457,2,0.2937716361746192,0.014256418015062805,0.2795152181595564,0.308028054189682,2,0.4886812636810819,0.0020773532498275793,0.4866039104312543,0.49075861693090944,2,0.08166300407929672,9.200525459326231e-05,0.08157099882470346,0.08175500933388999,2,1.8252255195402738,0.09185459747564462,1.7333709220646292,1.9170801170159184,2,0.30493591965962014,0.013709824101600432,0.2912260955580197,0.31864574376122057,2,2.5756142838732554,0.43999377644456383,2.135620507428692,3.0156080603178195,2,0.4300225907623768,0.07121397720575331,0.35880861355662347,0.5012365679681301,2,0.28533162298815884,0.05440044173650342,0.23093118125165543,0.3397320647246623,2,0.04773144062015411,0.009347422705295833,0.03838401791485828,0.057078863325449945,,,,,,,,,,,2,19998.0,0.0,19998.0,19998.0,2,1.4029431343078613,0.0005818605422973633,1.402361273765564,1.4035249948501587,2,639936.0,0.0,639936.0,639936.0,2,44.57486068606377,0.037183259725569684,44.5376774263382,44.61204394578934,2,90.69966125488281,0.8347549438476562,89.86490631103516,91.53441619873047,2,411.6618525981903,3.833264112472534,407.8285884857178,415.49511671066284,2,32.0,0.0,32.0,32.0,2,235.34703063964844,0.0768890380859375,235.2701416015625,235.42391967773438
simformer,"mu,cd,m",1000,5,40000000,40000000,40000000,5,0.748,0.025968570747476008,0.7233333333333333,0.7848333333333333,5,-1.2918644519947906,0.6323085989047365,-2.07421827066406,-0.345356275454103,5,-0.11764638607375325,0.057316436657902106,-0.18830457494556907,-0.031720864426344635,5,0.48565279200311656,0.004741640793348157,0.4788732469175205,0.4927488487791307,5,0.044306096874083926,0.00042364177270707426,0.04373819825033197,0.04484276505489115,5,0.39,0.3699189100329963,0.0,0.99,5,0.39,0.3699189100329963,0.0,0.99,5,0.984,0.01200000000000001,0.96,0.99,5,0.984,0.01200000000000001,0.96,0.99,5,1.312085551940021,0.6026365927383076,0.44646177518025487,2.07421827066406,5,0.1195036877668649,0.05458747984475724,0.041007372891902934,0.18830457494556907,5,0.4675830179936612,0.035154045022731784,0.3978701744976677,0.4927488487791307,5,0.0426463938033552,0.0030686332182637286,0.0365442497012475,0.04473341192276268,5,1.4077034860599007,0.5683132406070702,0.5980207291155626,2.1319434472634966,5,0.12823852357468662,0.051419226280893626,0.05492801487149069,0.19354506216300893,5,1.88199661818613,0.3526737989398024,1.541978330273811,2.342096394260142,5,0.17161164401762186,0.03168134057186424,0.14083758826591072,0.21317627483196552,5,0.2855515468412309,0.1105266186129135,0.08809175312872566,0.41887744913232994,5,0.02601365066660811,0.010015271153511002,0.00809119961128367,0.03802711555858181,5,0.32333333333333336,0.16877335229367357,0.02666666666666667,0.5366666666666667,5,0.1913333333333333,0.1519444342880354,0.036666666666666736,0.47333333333333333,5,0.9799999999999999,0.012292725943057142,0.9633333333333333,0.9899999999999999,5,0.07999999999999989,0.012292725943057142,0.06333333333333324,0.08999999999999986,5,0.1336140350877193,0.049961832154223826,0.06473684210526313,0.21824561403508771,,,,,,5,1.6799286572933199,0.17049462127037993,1.414521005153656,1.8686736130714416,5,2.6022837716286817,0.13598610623071838,2.4130042904901354,2.7737344096172127,5,64.46857661437988,1.740189018901215,61.981152572631835,66.78280860900878,5,24.322330523927782,5.909581483736499,17.047098306361374,32.41752162634334,5,129.6254898071289,34.48918232248903,84.21753692626953,172.12725830078125,5,-1.5610515997822396,0.4149023855772536,-2.074047792624773,-1.0134946972249295,5,-129.62517882995604,34.489321973332814,-172.12718445434567,-84.21692317199708,5,0.48505806555232533,0.009410147513504807,0.47794346939692617,0.5035898801258505,5,40.27463116682502,0.7573628610762015,39.714986389983736,41.765206779225835,5,0.10800000000000001,0.1244829305567635,0.0,0.34,5,0.10800000000000001,0.1244829305567635,0.0,0.34,5,0.974,0.02059126028197402,0.94,0.99,5,0.974,0.02059126028197402,0.94,0.99,5,1.5610515997822396,0.4149023855772536,1.0134946972249295,2.074047792624773,5,129.62517882995604,34.489321973332814,84.21692317199708,172.12718445434567,5,0.48505806555232533,0.009410147513504807,0.47794346939692617,0.5035898801258505,5,40.27463116682502,0.7573628610762015,39.714986389983736,41.765206779225835,5,1.6397342581182364,0.3945472434670044,1.1205362382548019,2.128755361249563,5,136.15786599382545,32.80023413045873,93.11160127779272,176.66741730971117,5,1.8893862228335254,0.37400960976784575,1.4502188179827449,2.289105775144042,5,156.89216683776857,31.13034985922102,120.25824908142089,190.1609645111084,5,0.3631667401141182,0.026735025602522892,0.3189442105983951,0.40033951714573157,5,30.152875159729412,2.2013737741271995,26.502851859618993,33.22455485789098,5,1.152708828741536,0.3971797753806922,0.4477735834085662,1.50961097680037,5,0.1915255694812536,0.06599099460322914,0.07432791265696287,0.2513550915122032,5,0.4950471696746372,0.009313212555751835,0.47802698458954973,0.5060883873875773,5,0.08224965494049487,0.0016019616322884872,0.07940256619572125,0.0842146369991579,5,0.472,0.37477459892580767,0.01,0.86,5,0.472,0.37477459892580767,0.01,0.86,5,0.982,0.016000000000000014,0.95,0.99,5,0.982,0.016000000000000014,0.95,0.99,5,1.1578082220512105,0.38815757763098585,0.4732705499569386,1.50961097680037,5,0.19237203999757768,0.06449239254280609,0.07856026523858309,0.2513550915122032,5,0.49021592553775434,0.012248109590526279,0.4740043726090034,0.5060883873875773,5,0.08144769564968177,0.0021046513667399144,0.07868207451934724,0.0842146369991579,5,1.2702304930655803,0.3437475068236727,0.6698247223781743,1.5897933219139797,5,0.21104879983395816,0.05712119782873594,0.11118715809402017,0.26470571032537993,5,1.7330112609650943,0.24522092648348612,1.3235126737528762,2.032536421170953,5,0.2879293428307772,0.04071209032893247,0.21969569845050574,0.33681319051831965,5,0.2834548240572135,0.07064610769707735,0.1739250269082752,0.3720751589690175,5,0.047100214376017024,0.011760978322970869,0.028870581114947304,0.06180346178280586,,,,,,,,,,,5,100000.0,0.0,100000.0,100000.0,5,1.4586700201034546,0.004872755050368381,1.4540400505065918,1.465747594833374,5,3200000.0,0.0,3200000.0,3200000.0,5,44.659105296134946,0.14457347088315514,44.50837479829788,44.83692450523377,5,67.55811233520508,16.058905601230837,47.384971618652344,85.4149398803711,5,1938.2432601451874,3.354382906665099,1932.8633847236633,1942.9186391830444,5,32.0,0.0,32.0,32.0,5,183.87842712402343,34.01569526987688,141.39398193359375,220.18113708496094
simformer,"mu,cd,m",2000,2,40000000,40000000,40000000,2,0.83975,0.021916666666666695,0.8178333333333333,0.8616666666666667,2,-0.9644058805187807,0.268938072521495,-1.2333439530402757,-0.6954678079972857,2,-0.08807181983292103,0.024132981111481787,-0.11220480094440281,-0.06393883872143924,2,0.49609059568478764,0.018572987707004135,0.4775176079777835,0.5146635833917917,2,0.0453795113520238,0.0019368297887782382,0.043442681563245565,0.04731634114080204,2,0.5,0.47,0.03,0.97,2,0.5,0.47,0.03,0.97,2,0.95,0.03999999999999998,0.91,0.99,2,0.95,0.03999999999999998,0.91,0.99,2,0.9701256390407513,0.2632183139995244,0.7069073250412269,1.2333439530402757,2,0.08859767411835492,0.023607126826047896,0.06499054729230702,0.11220480094440281,2,0.48817618000411955,0.010658572026336105,0.4775176079777835,0.4988347520304557,2,0.0446518880856307,0.0012092065223851325,0.043442681563245565,0.04586109460801583,2,1.0938742322571635,0.22868403580887442,0.8651901964482891,1.322558268066038,2,0.09993184103649708,0.020389328906196776,0.07954251213030031,0.12032116994269386,2,1.5939811023687591,0.13405730995584786,1.4599237924129111,1.7280384123246069,2,0.14584392871335147,0.013025781689956772,0.1328181470233947,0.15886971040330825,2,0.27025702222191494,0.11130229542459757,0.15895472679731737,0.3815593176465125,2,0.024663252310421067,0.010049519914478883,0.014613732395942183,0.03471277222489995,2,0.4916666666666667,0.17166666666666666,0.32,0.6633333333333333,2,0.17166666666666666,0.008333333333333331,0.16333333333333333,0.18,2,0.8966666666666667,0.09666666666666657,0.8000000000000002,0.9933333333333333,2,0.09666666666666657,0.0033333333333332993,0.09333333333333327,0.09999999999999987,2,0.16280701754385962,0.031403508771929864,0.13140350877192977,0.1942105263157895,,,,,,2,1.2686555474996566,0.062396755814552285,1.2062587916851044,1.331052303314209,2,0.3419836923689803,0.13452523780705078,0.2074584545619295,0.4765089301760311,2,71.17030376434326,0.6787006759643575,70.49160308837891,71.84900444030762,2,9.715762373138316,0.5494603259539677,9.166302047184349,10.265222699092284,2,52.72730827331543,0.2485027313232422,52.47880554199219,52.97581100463867,2,-0.6266292217845804,0.005271443997505898,-0.6319006657820863,-0.6213577777870745,2,-52.077321946716296,0.522534211730953,-52.59985615844725,-51.55478773498535,2,0.520309611915455,0.009544379715948792,0.5107652321995062,0.5298539916314038,2,43.23953384955321,0.7230755069414627,42.51645834261175,43.962609356494674,2,0.95,0.019999999999999962,0.93,0.97,2,0.95,0.019999999999999962,0.93,0.97,2,0.99,0.0,0.99,0.99,2,0.99,0.0,0.99,0.99,2,0.6344119502746632,0.001960684862577,0.6324512654120862,0.6363726351372402,2,52.72366670379638,0.2484394363403304,52.47522726745605,52.97210614013671,2,0.5108722133105479,0.0056896293984098345,0.5051825839121381,0.5165618427089578,2,42.455749483270424,0.40399483537882475,42.0517546478916,42.85974431864925,2,0.8145557010114526,0.002041348006129262,0.8125143530053234,0.8165970490175819,2,67.694143348631,0.05987616188327394,67.63426718674773,67.75401951051428,2,1.70409308409642,0.15895806548428182,1.5451350186121382,1.8630511495807018,2,141.59883874359133,12.980706278991718,128.6181324645996,154.57954502258303,2,0.15780113673782517,0.03224634958023914,0.12555478715758603,0.1900474863180643,2,13.118557633560997,2.7011286828304604,10.417428950730537,15.819686316391458,2,2.221683622054486,0.17697908713454646,2.0447045349199398,2.3986627091890327,2,0.3693464128680527,0.0302456034384668,0.3391008094295859,0.3995920163065195,2,0.42147130520097176,0.007140782494890557,0.41433052270608123,0.42861208769586234,2,0.07005280579880602,0.0010296930868108414,0.06902311271199517,0.07108249888561685,2,0.025,0.025,0.0,0.05,2,0.025,0.025,0.0,0.05,2,0.75,0.25,0.5,1.0,2,0.75,0.25,0.5,1.0,2,2.221683622054486,0.17697908713454646,2.0447045349199398,2.3986627091890327,2,0.3693464128680527,0.0302456034384668,0.3391008094295859,0.3995920163065195,2,0.42147130520097176,0.007140782494890557,0.41433052270608123,0.42861208769586234,2,0.07005280579880602,0.0010296930868108414,0.06902311271199517,0.07108249888561685,2,2.2616643608284575,0.17251980938134093,2.0891445514471165,2.4341841702097984,2,0.37599020639874514,0.029519312089246103,0.34647089430949907,0.40550951848799127,2,2.526429113121061,0.012105803995675402,2.514323309125386,2.5385349171167366,2,0.4199386261247098,0.002954630146175613,0.4169839959785342,0.4228932562708854,2,0.32746859651072624,0.045074684472358545,0.28239391203836767,0.37254328098308476,2,0.05444748622830303,0.007614310971598714,0.046833175256704315,0.06206179719990174,,,,,,,,,,,2,60000.0,0.0,60000.0,60000.0,2,1.470715880393982,0.03322148323059082,1.4374943971633911,1.5039373636245728,2,1920000.0,0.0,1920000.0,1920000.0,2,44.6556304204464,0.09105042815208364,44.56457999229431,44.74668084859848,2,54.312889099121094,7.8626251220703125,46.45026397705078,62.175514221191406,2,1193.407785654068,1.0834689140319824,1192.324316740036,1194.4912545681,2,32.0,0.0,32.0,32.0,2,177.78298950195312,8.76031494140625,169.02267456054688,186.54330444335938
simformer,"mu,cd,m",3000,2,39999000,40000000,39999000,2,0.8687499999999999,0.012416666666666687,0.8563333333333333,0.8811666666666667,2,-1.2497122384997863,0.7972169533381872,-2.0469291918379735,-0.45249528516159904,2,-0.11490541767608375,0.0736122965125367,-0.18851771418862046,-0.04129312116354705,2,0.5553489522607415,0.027721844756974034,0.5276271075037675,0.5830707970177156,2,0.05090114482226857,0.0023078382137261856,0.04859330660854238,0.05320898303599475,2,0.565,0.415,0.15,0.98,2,0.565,0.415,0.15,0.98,2,0.975,0.015000000000000013,0.96,0.99,2,0.975,0.015000000000000013,0.96,0.99,2,1.2958253768676389,0.7511038149703346,0.5447215618973044,2.0469291918379735,2,0.11911354017872364,0.06940417400989682,0.049709366168826825,0.18851771418862046,2,0.5128125283644874,0.01481457913928011,0.4979979492252073,0.5276271075037675,2,0.047019420775717365,0.0015738858328250144,0.04544553494289235,0.04859330660854238,2,1.425945752263732,0.68789186708437,0.738053885179362,2.113837619348102,2,0.1310160131792394,0.06366382144688258,0.0673521917323568,0.19467983462612196,2,2.056270367215838,0.297573836248618,1.75869653096722,2.353844203464456,2,0.18863817814793438,0.028145738842152046,0.16049243930578233,0.21678391699008642,2,0.27524213315094637,0.10805699318705188,0.16718513996389447,0.38329912633799823,2,0.025278870043302856,0.010022144325520248,0.015256725717782606,0.0353010143688231,2,0.6516666666666666,0.06500000000000006,0.5866666666666666,0.7166666666666667,2,0.15166666666666662,0.06500000000000006,0.08666666666666656,0.21666666666666667,2,0.9883333333333333,0.004999999999999949,0.9833333333333334,0.9933333333333333,2,0.08833333333333332,0.004999999999999949,0.08333333333333337,0.09333333333333327,2,0.14456140350877195,0.03298245614035085,0.11157894736842108,0.17754385964912278,,,,,,2,2.6804214239120485,0.5424707126617432,2.1379507112503053,3.2228921365737917,2,0.5563384687201737,0.31198987532313,0.2443485933970437,0.8683283440433037,2,87.95794227600098,5.287117843627925,82.67082443237305,93.2450601196289,2,12.359977926516605,2.252744674802555,10.10723325171405,14.61272260131916,2,87.2087631225586,45.69799041748047,41.510772705078125,132.90675354003906,2,-0.9040318614526033,0.6980485426075174,-1.6020804040601206,-0.20598331884508586,2,-75.06583422088622,57.840566264343266,-132.90640048522948,-17.225267956542957,2,0.5715079873428175,0.04065159417307712,0.5308563931697403,0.6121595815158946,2,47.61535446754605,3.576232977361137,44.03912149018491,51.191587444907185,2,0.795,0.135,0.66,0.93,2,0.795,0.135,0.66,0.93,2,0.99,0.0,0.99,0.99,2,0.99,0.0,0.99,0.99,2,1.0492132110403858,0.552867193019735,0.49634601802065076,1.6020804040601206,2,87.20656374053954,45.69983674468994,41.506726995849604,132.90640048522948,2,0.47207349128039144,0.0587829018893489,0.4132905893910425,0.5308563931697403,2,39.30018642384245,4.738935066342464,34.561251357499984,44.03912149018491,2,1.1668134718976138,0.5209276608720489,0.6458858110255647,1.6877411327696625,2,97.01231337230169,43.000384307471165,54.011929064830525,140.01269767977286,2,1.9728119304804441,0.18484456742325572,1.7879673630571884,2.1576564979037,2,164.25712648162843,14.739107090759262,149.51801939086917,178.9962335723877,2,0.2412434120806301,0.07448288593082443,0.16676052614980566,0.3157262980114545,2,20.068750881587434,6.123471824870672,13.945279056716764,26.192222706458107,2,1.0942697224149733,0.007127464506718528,1.0871422579082548,1.1013971869216919,2,0.18206531586274505,0.0015501230590045656,0.18051519280374048,0.1836154389217496,2,0.42609119914622984,0.0047245033156208815,0.421366695830609,0.43081570246185075,2,0.07089398263659769,0.0009278957662065337,0.06996608687039116,0.07182187840280423,2,0.595,0.355,0.24,0.95,2,0.595,0.355,0.24,0.95,2,1.0,0.0,1.0,1.0,2,1.0,0.0,1.0,1.0,2,1.0942697224149733,0.007127464506718528,1.0871422579082548,1.1013971869216919,2,0.18206531586274505,0.0015501230590045656,0.18051519280374048,0.1836154389217496,2,0.42609119914622984,0.0047245033156208815,0.421366695830609,0.43081570246185075,2,0.07089398263659769,0.0009278957662065337,0.06996608687039116,0.07182187840280423,2,1.1743011686328946,0.008355980690912701,1.1659451879419818,1.1826571493238072,2,0.19538123590540746,0.0017811632170772612,0.19360007268833018,0.1971623991224847,2,1.812402366819444,0.24514250922581238,1.5672598575936316,2.0575448760452564,2,0.3014631659112871,0.040183119822293556,0.2612800460889935,0.34164628573358063,2,0.21410875505468985,0.05587139524243649,0.15823735981225337,0.26998015029712635,2,0.035641689916029826,0.00936707230573449,0.026274617610295335,0.045008762221764316,,,,,,,,,,,2,39999.0,0.0,39999.0,39999.0,2,1.386415719985962,0.004875540733337402,1.3815401792526245,1.3912912607192993,2,1279968.0,0.0,1279968.0,1279968.0,2,113.45795824289323,68.65129987239837,44.806658370494844,182.1092581152916,2,68.0372371673584,7.503419876098633,60.533817291259766,75.54065704345703,2,2148.184686422348,1339.0704090595245,809.1142773628235,3487.2550954818726,2,32.0,0.0,32.0,32.0,2,200.11090087890625,17.702835083007812,182.40806579589844,217.81373596191406
simformer,"mu,cd,m",1000,5,60000000,60000000,60000000,5,0.8246666666666668,0.04579289124841203,0.7646666666666667,0.8930000000000001,5,-1.1156421734718809,0.7008226022680034,-2.1122338186372733,0.020689318074317623,5,-0.10179622865915298,0.06386626064722042,-0.19217973825111986,0.0018889388963580105,5,0.49373822471447826,0.008039597989692995,0.48429341463870174,0.5055113555185776,5,0.04505851038300503,0.000719338184311044,0.044063010500025646,0.04615320775799817,5,0.5519999999999999,0.40931161723068643,0.0,0.99,5,0.5519999999999999,0.40931161723068643,0.0,0.99,5,0.9740000000000002,0.02727636339397169,0.92,0.99,5,0.9740000000000002,0.02727636339397169,0.92,0.99,5,1.1953802860331817,0.5791089098514435,0.37800124473218716,2.1122338186372733,5,0.10907632239013909,0.05273730019020909,0.03451152975857258,0.19217973825111986,5,0.45989213174230004,0.06204770917788062,0.33628089065768696,0.4993245145231479,5,0.04196836063656327,0.005652255444830242,0.030702459025789386,0.04539469864715234,5,1.2946095701658664,0.551033492261359,0.5059345594448061,2.1670421814208902,5,0.11813050357613122,0.05017312376655144,0.046191846428857083,0.19716642890866162,5,1.8753047918091545,0.2884969941560871,1.4782115640476032,2.332593685968659,5,0.1711012145781517,0.026044281977759823,0.13496077840030193,0.21222898639962076,5,0.2541477375189183,0.11001728332211597,0.09304059687140877,0.3915195862305674,5,0.023198843532618918,0.010047581050221686,0.00849461035696007,0.03562206537467557,5,0.4786666666666667,0.19682592421844347,0.10666666666666667,0.6866666666666666,5,0.14,0.1399841260841941,0.009999999999999953,0.3933333333333333,5,0.9719999999999999,0.020827332469084355,0.9433333333333334,0.9899999999999999,5,0.07199999999999995,0.020827332469084355,0.043333333333333335,0.08999999999999986,5,0.1327719298245614,0.06612405215903241,0.03228070175438597,0.2356140350877193,,,,,,5,1.6119185869693755,0.1655308724014833,1.348246614933014,1.7643896186351775,5,2.5905465496692095,0.10242717640320555,2.450729022850402,2.730972371944022,5,64.35337333679199,1.394252463062273,62.53643531799317,66.62584594726563,5,25.33700100305554,7.999817325739829,19.227403371254645,41.073415268460145,5,93.57051239013671,50.65911241786635,38.96588134765625,184.92137145996094,5,-0.852313399207943,0.939090730044313,-2.222639171047811,0.6255138864446377,5,-70.81922405883788,78.03245676751052,-184.9211470703125,51.776022854614254,5,0.4832101823586698,0.008115590218104953,0.4738946739032869,0.4943514669445511,5,40.07284794356367,0.6980492857793514,39.2115634341786,40.91923786400834,5,0.516,0.39772352206023726,0.0,0.99,5,0.516,0.39772352206023726,0.0,0.99,5,0.9800000000000001,0.020000000000000018,0.94,0.99,5,0.9800000000000001,0.020000000000000018,0.94,0.99,5,1.1271431252854955,0.6079141584831286,0.4708578903213151,2.222639171047811,5,93.56774578857423,50.66114808096882,38.96029100646973,184.9211470703125,5,0.44494283834998904,0.062466747175577556,0.3222851759979087,0.4913485202520987,5,36.905440439690395,5.221178956710723,26.676696926293136,40.879658973294454,5,1.228528618387039,0.5767190881774931,0.6545153602809818,2.2763014415999536,5,101.97113526472535,48.089861648851944,54.15669851363103,189.38578920175874,5,1.8400414773652485,0.3072478437119894,1.6348466357431086,2.4479845945704026,5,152.63896428100585,25.804975947373038,135.27244395446778,203.6696401550293,5,0.2504302611416436,0.10192882064216463,0.1320887738416575,0.4095842230151665,5,20.78320714285906,8.496877832843916,10.929448704857782,34.07695888352824,5,1.823066896086258,0.5274353112014384,1.1627974256756206,2.6530485354897757,5,0.302261752063036,0.0868026416335728,0.1933829311698675,0.4387774639412762,5,0.4915629413474907,0.0063492546981731846,0.4826384041172177,0.4980364984203915,5,0.08155144756115766,0.0009849141330844674,0.08029634437022747,0.082489008554585,5,0.36800000000000005,0.30714166112723945,0.0,0.76,5,0.36800000000000005,0.30714166112723945,0.0,0.76,5,0.9620000000000001,0.05600000000000001,0.85,0.99,5,0.9620000000000001,0.05600000000000001,0.85,0.99,5,1.823066896086258,0.5274353112014384,1.1627974256756206,2.6530485354897757,5,0.302261752063036,0.0868026416335728,0.1933829311698675,0.4387774639412762,5,0.4915629413474907,0.0063492546981731846,0.4826384041172177,0.4980364984203915,5,0.08155144756115766,0.0009849141330844674,0.08029634437022747,0.082489008554585,5,1.8933245179484157,0.5086822418608306,1.2641654277748668,2.6993900950813474,5,0.3139247329896709,0.0836644251000168,0.21024127710839305,0.4464417154807065,5,2.3094505565308756,0.4439217943598768,1.6292592219682833,2.821853506964185,5,0.3829981409543753,0.07289416479510791,0.2709594276726246,0.46669546602517364,5,0.3170840859718694,0.06459476508614671,0.2407761114051231,0.42558955068294124,5,0.05258936904449764,0.010624675751926365,0.040057818302936164,0.07038661314333061,,,,,,,,,,,5,100000.0,0.0,100000.0,100000.0,5,1.4781916379928588,0.04033211365082288,1.4511572122573853,1.5583527088165283,5,3200000.0,0.0,3200000.0,3200000.0,5,63.003149915218344,36.37346964037393,44.62444214582443,135.74923620223998,5,63.879479217529294,15.658125345070275,50.63929748535156,94.59423065185547,5,2707.491586780548,1513.9389872870806,1935.8186221122742,5735.28386425972,5,32.0,0.0,32.0,32.0,5,178.341357421875,27.349362271664088,153.97467041015625,231.05650329589844
simformer,"mu,cd,m",2000,2,60000000,60000000,60000000,2,0.7755833333333333,0.004583333333333328,0.771,0.7801666666666667,2,-1.2378843564830229,0.6476436658710341,-1.885528022354057,-0.5902406906119888,2,-0.11346389291174708,0.0598825901661068,-0.17334648307785389,-0.053581302745640276,2,0.5090903984692413,0.014116565414788451,0.49497383305445286,0.5232069638840298,2,0.04650080225122821,0.0009952610299951183,0.0455055412212331,0.047496063281223334,2,0.52,0.41000000000000003,0.11,0.93,2,0.52,0.41000000000000003,0.11,0.93,2,0.95,0.03999999999999998,0.91,0.99,2,0.95,0.03999999999999998,0.91,0.99,2,1.2458074979068103,0.6397205244472466,0.6060869734595637,1.885528022354057,2,0.11418314539678392,0.059163337681069954,0.05501980771571398,0.17334648307785389,2,0.4998696519279903,0.004895818873537461,0.49497383305445286,0.5047654708015278,2,0.0456637548215785,0.00015821360034540266,0.0455055412212331,0.0458219684219239,2,1.3690829723585602,0.5803310469023608,0.7887519254561994,1.949414019260921,2,0.1254108787829622,0.053808979149405474,0.07160189963355672,0.17921985793236767,2,1.8613167475975558,0.2764141543403369,1.584902593257219,2.1377309019378927,2,0.17020413051880895,0.026328686717525127,0.14387544380128384,0.1965328172363341,2,0.28386916124365347,0.09512543700849967,0.18874372423515381,0.37899459825215315,2,0.025988438660210993,0.008854522985288016,0.017133915674922975,0.03484296164549901,2,0.6016666666666667,0.018333333333333313,0.5833333333333334,0.62,2,0.10166666666666668,0.018333333333333313,0.08333333333333337,0.12,2,0.8683333333333334,0.09499999999999997,0.7733333333333334,0.9633333333333334,2,0.09499999999999997,0.03166666666666662,0.06333333333333335,0.1266666666666666,2,0.0930701754385965,0.004298245614035079,0.08877192982456142,0.09736842105263158,,,,,,2,1.3424743288755416,0.1532112938165665,1.1892630350589752,1.4956856226921083,2,0.4661977221996518,0.28508300550212534,0.18111471669752643,0.7512807277017771,2,71.80027412414552,2.3728410339355506,69.42743309020996,74.17311515808106,2,10.284440617071123,1.7801968643187136,8.50424375275241,12.064637481389838,2,81.23179626464844,24.941513061523438,56.290283203125,106.17330932617188,2,-0.9773109867940344,0.30386038745706845,-1.2811713742511028,-0.6734505993369659,2,-81.11263736267088,25.06037176513672,-106.1730091278076,-56.052265597534166,2,0.5174255015438893,0.01504300095676847,0.5023825005871209,0.5324685025006578,2,42.97032929965209,1.1563074238349422,41.81402187581715,44.12663672348703,2,0.835,0.09500000000000003,0.74,0.93,2,0.835,0.09500000000000003,0.74,0.93,2,0.985,0.0050000000000000044,0.98,0.99,2,0.985,0.0050000000000000044,0.98,0.99,2,0.9787192751811389,0.302452099069964,0.6762671761111748,1.2811713742511028,2,81.22985125732421,24.943157870483393,56.28669338684082,106.1730091278076,2,0.5155265461363243,0.016941956364333433,0.49858458977199094,0.5324685025006578,2,42.81227647789719,1.3143602455898389,41.497916232307354,44.12663672348703,2,1.113804318780074,0.27361155122997916,0.8401927675500946,1.387415870010053,2,92.45407107003615,22.52361344213392,69.93045762790223,114.97768451217007,2,1.7032352600375806,0.09686306118434251,1.6063721988532382,1.8000983212219233,2,141.4390575805664,7.738375747680692,133.70068183288572,149.1774333282471,2,0.2495957023324918,0.0663674779803559,0.1832282243521359,0.3159631803128477,2,20.717397706563137,5.4670476469729055,15.25035005959023,26.18444535353604,2,1.4946325233822486,0.6205216188423713,0.8741109045398773,2.11515414222462,2,0.2485068034864962,0.1036699615769088,0.1448368419095874,0.352176765063405,2,0.42555710428357085,0.01165098478701923,0.41390611949655165,0.4372080890705901,2,0.07067989392987953,0.0017638209893912557,0.06891607294048828,0.07244371491927079,2,0.45,0.45,0.0,0.9,2,0.45,0.45,0.0,0.9,2,0.67,0.33,0.34,1.0,2,0.67,0.33,0.34,1.0,2,1.4946325233822486,0.6205216188423713,0.8741109045398773,2.11515414222462,2,0.2485068034864962,0.1036699615769088,0.1448368419095874,0.352176765063405,2,0.42555710428357085,0.01165098478701923,0.41390611949655165,0.4372080890705901,2,0.07067989392987953,0.0017638209893912557,0.06891607294048828,0.07244371491927079,2,1.5663127455596588,0.588958773559606,0.9773539720000528,2.155271519119265,2,0.2604001009853174,0.09845627552214209,0.16194382546317532,0.3588563765074595,2,2.0312823203762793,0.2227850479282817,1.8084972724479977,2.254067368304561,2,0.3374835812933743,0.03782247300669553,0.2996611082866788,0.37530605430006986,2,0.27575859454556256,0.10167467096440058,0.17408392358116198,0.37743326550996315,2,0.04584416178985757,0.01699911896464474,0.028845042825212826,0.06284328075450231,,,,,,,,,,,2,90000.0,0.0,90000.0,90000.0,2,1.418998658657074,0.04219704866409302,1.376801609992981,1.461195707321167,2,2880000.0,0.0,2880000.0,2880000.0,2,44.567906478643415,0.030434466600418375,44.537472012043,44.598340945243834,2,54.47040939331055,4.720157623291016,49.75025177001953,59.19056701660156,2,1778.8319218158722,0.024741172790527344,1778.8071806430817,1778.8566629886627,2,32.0,0.0,32.0,32.0,2,176.94239807128906,14.379669189453125,162.56272888183594,191.3220672607422
simformer,"mu,cd,m",3000,2,60000000,60000000,60000000,2,0.8604166666666667,0.029249999999999998,0.8311666666666667,0.8896666666666667,2,-1.3626504316081014,1.128726341374769,-2.4913767729828704,-0.23392409023333258,2,-0.12407531039826572,0.10253836438991129,-0.226613674788177,-0.021536946008354426,2,0.5190758176957341,0.022253204173482394,0.4968226135222517,0.5413290218692165,2,0.047514866723607926,0.0023242714566466018,0.04519059526696132,0.049839138180254525,2,0.495,0.495,0.0,0.99,2,0.495,0.495,0.0,0.99,2,0.895,0.09499999999999997,0.8,0.99,2,0.895,0.09499999999999997,0.8,0.99,2,1.457242227879108,1.0341345451037627,0.42310768277534533,2.4913767729828704,2,0.13278419880606235,0.09382947598211468,0.03895472282394767,0.226613674788177,2,0.4537996454550819,0.04302296806716979,0.4107766773879121,0.4968226135222517,2,0.04150501277958141,0.0036855824873799105,0.0378194302922015,0.04519059526696132,2,1.5650705001132559,0.9753607495500021,0.5897097505632539,2.540431249663258,2,0.14268454550058077,0.08839108606100113,0.054293459439579625,0.2310756315615819,2,2.147635230893335,0.5066329187577511,1.6410023121355837,2.654268149651086,2,0.19625706193484366,0.04517308476381003,0.15108397717103364,0.2414301466986537,2,0.27087150106964136,0.16774706999826805,0.10312443107137331,0.4386185710679094,2,0.02469543621417137,0.015200964995213,0.00949447121895837,0.03989640120938437,2,0.3433333333333333,0.31666666666666665,0.02666666666666667,0.66,2,0.31666666666666665,0.15666666666666665,0.16000000000000003,0.47333333333333333,2,0.9583333333333333,0.034999999999999976,0.9233333333333333,0.9933333333333333,2,0.05833333333333329,0.034999999999999976,0.023333333333333317,0.09333333333333327,2,0.2318421052631579,0.044999999999999984,0.18684210526315792,0.2768421052631579,,,,,,2,2.4658700156211855,0.527133948802948,1.9387360668182374,2.9930039644241333,2,0.3503337816124965,0.0756870468932857,0.2746467347192108,0.4260208285057822,2,83.10987144470215,3.0320803070068365,80.07779113769531,86.14195175170899,2,11.638712596917998,0.5351995398103666,11.103513057107632,12.173912136728365,2,113.33804512023926,74.28108024597168,39.05696487426758,187.61912536621094,2,-1.3481060011157464,0.9071042354339103,-2.2552102365496567,-0.44100176568183613,2,-112.14268002624513,75.47607629699706,-187.6187563232422,-36.66660372924805,2,0.540586030933717,0.024059495356517302,0.5165265355771997,0.5646455262902343,2,44.96042394264066,2.01439466558492,42.946029277055736,46.974818608225576,2,0.535,0.45499999999999996,0.08,0.99,2,0.535,0.45499999999999996,0.08,0.99,2,0.98,0.010000000000000009,0.97,0.99,2,0.98,0.010000000000000009,0.97,0.99,2,1.3623965334565833,0.8928137030930734,0.4695828303635099,2.2552102365496567,2,113.33085099792481,74.28790532531738,39.04294567260742,187.6187563232422,2,0.5276664938158214,0.03697903247441295,0.49068746134140845,0.5646455262902343,2,43.88624292830109,3.088575679924489,40.7976672483766,46.974818608225576,2,1.501999850917588,0.8228222458024891,0.679177605115099,2.324822096720077,2,124.93974010950944,68.47026818260512,56.46947192690432,193.41000829211458,2,2.137950475203402,0.415400680560742,1.72254979464266,2.553351155764144,2,177.8208188537598,34.60131323242189,143.2195056213379,212.42213208618168,2,0.25682786244229017,0.1554514064594064,0.10137645598288379,0.4122792689016966,2,21.36388749362373,12.935054235642918,8.42883325798081,34.298941729266645,2,1.82010703008639,0.28870498291157454,1.5314020471748153,2.1088120129979644,2,0.3019889972254634,0.04702702842950823,0.2549619687959552,0.34901602565497164,2,0.44232341249392165,0.005265877669742902,0.43705753482417875,0.44758929016366455,2,0.07342670382139532,0.0010920985647060663,0.07233460525668926,0.0745188023861014,2,0.0,0.0,0.0,0.0,2,0.0,0.0,0.0,0.0,2,1.0,0.0,1.0,1.0,2,1.0,0.0,1.0,1.0,2,1.82010703008639,0.28870498291157454,1.5314020471748153,2.1088120129979644,2,0.3019889972254634,0.04702702842950823,0.2549619687959552,0.34901602565497164,2,0.44232341249392165,0.005265877669742902,0.43705753482417875,0.44758929016366455,2,0.07342670382139532,0.0010920985647060663,0.07233460525668926,0.0745188023861014,2,1.8745488923224631,0.27907767579725484,1.5954712165252083,2.153626568119718,2,0.31103089661831285,0.0454021002852186,0.2656287963330942,0.3564329969035314,2,2.1959458662198696,0.24599327729545772,1.9499525889244118,2.4419391435153273,2,0.36439795280098913,0.03975181920975446,0.3246461335912347,0.4041497720107436,2,0.33599704551697473,0.0010032307530890572,0.3349938147638857,0.3370002762700638,2,0.05577480560146822,0.00033211573781830733,0.05544268986364991,0.056106921339286527,,,,,,,,,,,2,60000.0,0.0,60000.0,60000.0,2,1.4183671474456787,0.01339423656463623,1.4049729108810425,1.431761384010315,2,1920000.0,0.0,1920000.0,1920000.0,2,44.70216018795967,0.054676598310472,44.6474835896492,44.75683678627014,2,76.12748527526855,19.733232498168945,56.39425277709961,95.8607177734375,2,1201.5316478013992,4.597725033760071,1196.9339227676392,1206.1293728351593,2,32.0,0.0,32.0,32.0,2,207.93402862548828,39.17896270751953,168.75506591796875,247.1129913330078
simformer,"mu,m",1000,5,20000000,20000000,20000000,5,0.6572666666666667,0.07744450342736477,0.5785,0.7953333333333333,,,,,,,,,,,,,,,,,,,,,,,,,,,,,,,,,,,,,,,,,,,,,,,,,,,,,,,,,,,,,,,,,,,,,,,,,,,,,,,,,,,,,,,,,,,5,0.356,0.09525754563287887,0.22999999999999998,0.465,5,0.14400000000000002,0.09525754563287887,0.034999999999999976,0.27,5,0.942,0.0608769250208977,0.865,0.995,5,0.06799999999999999,0.029086079144497946,0.030000000000000027,0.09499999999999997,5,0.11315789473684208,0.042032173404524704,0.07105263157894734,0.17394736842105263,,,,,,5,1.0285480620861054,0.16285166688883573,0.8497125840187073,1.327399355173111,5,0.46595104111973074,0.30586202944601754,0.14828498963770265,1.0266210384878836,5,58.61669982910156,1.263861960974209,56.66117889404297,60.54944496154785,5,8.945647082508499,1.770124962054136,6.083368836846893,11.248149189973999,5,65.55170364379883,34.382341946041144,36.45234298706055,127.08551025390625,5,-0.7963401599805913,0.4293718259034768,-1.5639696565873706,-0.42120589346117543,5,-64.90582476440429,34.89302208509389,-127.08532495422365,-34.3997559387207,5,0.4542189232336106,0.002093638584808154,0.4511622718785432,0.4576714601839933,5,37.03557566949908,0.2604364008820126,36.66062473605722,37.37392809265784,5,0.6040000000000001,0.3388569019512514,0.04,0.93,5,0.6040000000000001,0.3388569019512514,0.04,0.93,5,0.9960000000000001,0.00489897948556636,0.99,1.0,5,0.9960000000000001,0.00489897948556636,0.99,1.0,5,0.8042048378216915,0.42316129156163984,0.44624091991211073,1.5639696565873706,5,65.54742750122071,34.38532061074821,36.4443588684082,127.08532495422365,5,0.4460444758807693,0.008393718362286967,0.4301311963733809,0.4539959837171718,5,36.36877648398419,0.6980991296180532,35.128681919834435,37.19570774554971,5,0.9382820021350418,0.3800840871347829,0.6197933564484236,1.6277433711407414,5,76.48040464376597,30.866461999949493,50.61833251653225,132.26746094470334,5,1.4178540414785705,0.29207995757534294,1.0541118342488252,1.9381137927390417,5,115.57900882324218,23.642390563305902,86.07987016601561,157.48759604797362,5,0.24154329512894188,0.0597508241853237,0.15856702025913044,0.3252270695307863,5,19.694471808375592,4.8688731986630165,12.950119430263099,26.427359542507446,5,1.7872769496886498,0.5940103133796488,1.1257458556897877,2.764300743376759,5,0.2919276248779893,0.09704654270574713,0.1822821245223284,0.44996566787064074,5,0.45891467772262085,0.0071237129571095825,0.4524765051750381,0.46993004762397256,5,0.07492950885832336,0.0011922266092624834,0.07335185771743244,0.07649398719425901,5,0.10800000000000001,0.16277591959500642,0.0,0.42,5,0.10800000000000001,0.16277591959500642,0.0,0.42,5,0.8879999999999999,0.1212270596855339,0.73,1.0,5,0.8879999999999999,0.1212270596855339,0.73,1.0,5,1.7872769496886498,0.5940103133796488,1.1257458556897877,2.764300743376759,5,0.2919276248779893,0.09704654270574713,0.1822821245223284,0.44996566787064074,5,0.45891467772262085,0.0071237129571095825,0.4524765051750381,0.46993004762397256,5,0.07492950885832336,0.0011922266092624834,0.07335185771743244,0.07649398719425901,5,1.8508185125459011,0.5764819248013611,1.2134749341810875,2.8039602082578083,5,0.30229619327246715,0.09419465936588438,0.19648732262151694,0.45642133203778634,5,2.0553232518248326,0.5437648852582175,1.5895765575857816,3.0359763611312185,5,0.33557495025724177,0.08858013918435927,0.2603544499620795,0.4941883179813625,5,0.3561409519440147,0.04628306375802864,0.27042634947158567,0.396273276933095,5,0.058179804347088894,0.007757799458981503,0.04378776038936391,0.06516072962011367,,,,,,,,,,,5,60000.0,0.0,60000.0,60000.0,5,1.5019433736801147,0.043922889163422,1.4521353244781494,1.5811527967453003,5,1920000.0,0.0,1920000.0,1920000.0,5,46.261868209838866,0.12741803948099448,46.13440296411514,46.44176595687866,5,56.20627212524414,17.333127429173963,35.288700103759766,87.1446304321289,5,1212.3943472385406,10.163568330516313,1196.051661491394,1226.2846579551697,5,32.0,0.0,32.0,32.0,5,138.68524475097655,27.057882408144756,105.0576171875,187.8363800048828
simformer,"mu,m",2000,2,20000000,20000000,20000000,2,0.8305,0.030666666666666675,0.7998333333333333,0.8611666666666666,,,,,,,,,,,,,,,,,,,,,,,,,,,,,,,,,,,,,,,,,,,,,,,,,,,,,,,,,,,,,,,,,,,,,,,,,,,,,,,,,,,,,,,,,,,2,0.41000000000000003,0.09,0.32,0.5,2,0.09,0.09,0.0,0.18,2,0.67,0.015000000000000013,0.655,0.685,2,0.22999999999999998,0.015000000000000013,0.21499999999999997,0.245,2,0.15171052631578946,0.004868421052631591,0.14684210526315786,0.15657894736842104,,,,,,2,1.1428280752897262,0.098699272274971,1.0441288030147553,1.2415273475646973,2,0.1793114732318363,0.03808637090733685,0.14122510232449945,0.21739784413917315,2,68.68008964538575,1.3559954071044942,67.32409423828125,70.03608505249024,2,7.970653647443472,0.4236824017501508,7.546971245693321,8.394336049193623,2,45.394649505615234,0.3990325927734375,44.9956169128418,45.79368209838867,2,-0.5318098690983972,0.0023044172638302385,-0.5341142863622275,-0.529505451834567,2,-42.97622804718017,0.3421550765991306,-43.318383123779306,-42.634072970581045,2,0.49000334826351444,0.018716113972078258,0.4712872342914362,0.5087194622355927,2,39.59167995067921,1.36877215322437,38.22290779745484,40.96045210390358,2,0.8200000000000001,0.18,0.64,1.0,2,0.8200000000000001,0.18,0.64,1.0,2,1.0,0.0,1.0,1.0,2,1.0,0.0,1.0,1.0,2,0.56160632540385,0.006962206831754636,0.5546441185720954,0.5685685322356047,2,45.381362474060055,0.3979439010620034,44.983418572998055,45.77930637512206,2,0.4557983098512085,0.00885353716034687,0.44694477269086164,0.4646518470115554,2,36.83046276039447,0.5818069172088478,36.248655843185624,37.41226967760332,2,0.7232979680978142,0.01098502556321257,0.7123129425346016,0.7342829936610268,2,58.446483615972056,0.6756172822285187,57.770866333743534,59.12210089820057,2,1.5246063703474722,0.34631751045051773,1.1782888598969545,1.87092388079799,2,123.1018859664917,27.538876225280774,95.56300974121092,150.64076219177247,2,0.2274815009479228,0.003452203597083328,0.22402929735083946,0.2309337045450061,2,18.38379099079883,0.3456736997578549,18.038117291040972,18.729464690556682,2,3.0618982791354594,0.0782580916752913,2.983640187460168,3.1401563708107507,2,0.500696094943583,0.01394250302314759,0.48675359192043544,0.5146385979667306,2,0.5231088249667395,0.006609297485482946,0.5164995274812566,0.5297181224522225,2,0.08553870037091421,0.0012765291420645114,0.0842621712288497,0.08681522951297872,2,0.0,0.0,0.0,0.0,2,0.0,0.0,0.0,0.0,2,0.33999999999999997,0.03,0.31,0.37,2,0.33999999999999997,0.03,0.31,0.37,2,3.0618982791354594,0.0782580916752913,2.983640187460168,3.1401563708107507,2,0.500696094943583,0.01394250302314759,0.48675359192043544,0.5146385979667306,2,0.5231088249667395,0.006609297485482946,0.5164995274812566,0.5297181224522225,2,0.08553870037091421,0.0012765291420645114,0.0842621712288497,0.08681522951297872,2,3.106269201666751,0.07825326212552941,3.0280159395412216,3.1845224637922804,2,0.5079514119597928,0.013958322182571509,0.4939930897772213,0.5219097341423643,2,3.166879093069369,0.06530012724454215,3.1015789658248267,3.232179220313911,2,0.5178571993038058,0.011862975919246677,0.5059942233845591,0.5297201752230525,2,0.4865233603419449,0.003225677771936858,0.48329768257000805,0.48974903811388176,2,0.07955515547944497,0.0007095614765817784,0.07884559400286319,0.08026471695602674,,,,,,,,,,,2,30000.0,0.0,30000.0,30000.0,2,1.5269960165023804,0.021457314491271973,1.5055387020111084,1.5484533309936523,2,960000.0,0.0,960000.0,960000.0,2,46.27991962313652,0.036184824705124186,46.2437347984314,46.316104447841646,2,58.84145736694336,15.840145111083984,43.001312255859375,74.68160247802734,2,620.2691556215286,4.395045161247253,615.8741104602814,624.6642007827759,2,32.0,0.0,32.0,32.0,2,150.94548797607422,30.237632751464844,120.70785522460938,181.18312072753906
simformer,"mu,m",3000,2,19998000,20000000,19998000,2,0.9184166666666667,0.0434166666666666,0.875,0.9618333333333332,,,,,,,,,,,,,,,,,,,,,,,,,,,,,,,,,,,,,,,,,,,,,,,,,,,,,,,,,,,,,,,,,,,,,,,,,,,,,,,,,,,,,,,,,,,2,0.7475,0.1175,0.63,0.865,2,0.2475,0.1175,0.13,0.365,2,1.0,0.0,1.0,1.0,2,0.09999999999999998,0.0,0.09999999999999998,0.09999999999999998,2,0.19355263157894737,0.0519736842105263,0.14157894736842108,0.24552631578947368,,,,,,2,3.5543458890914916,0.9452876615524293,2.6090582275390624,4.499633550643921,2,0.8938671577927692,0.23827015645443061,0.6555970013383385,1.1321373142471998,2,97.30454475402831,7.71253776550293,89.59200698852538,105.01708251953124,2,14.515691397766265,0.8042162416178575,13.711475156148408,15.319907639384123,2,137.1763801574707,49.874691009521484,87.30168914794922,187.0510711669922,2,-1.6900688643102963,0.612187768055911,-2.3022566323662073,-1.0778810962543852,2,-137.17564040832522,49.875315701293964,-187.0509561096192,-87.30032470703127,2,0.4867426909480345,0.02897261048760208,0.45777008046043244,0.5157153014356366,2,39.48071970920854,2.288370890721943,37.1923488184866,41.769090599930486,2,0.8049999999999999,0.07500000000000001,0.73,0.88,2,0.8049999999999999,0.07500000000000001,0.73,0.88,2,1.0,0.0,1.0,1.0,2,1.0,0.0,1.0,1.0,2,1.6900688643102963,0.612187768055911,1.0778810962543852,2.3022566323662073,2,137.17564040832522,49.875315701293964,87.30032470703127,187.0509561096192,2,0.4867426909480345,0.02897261048760208,0.45777008046043244,0.5157153014356366,2,39.48071970920854,2.288370890721943,37.1923488184866,41.769090599930486,2,1.7711137878985561,0.576212147679829,1.1949016402187271,2.347325935578385,2,143.7454038421316,46.96728842599893,96.77811541613266,190.71269226813052,2,2.555314731203528,0.6023366088603088,1.952978122343219,3.1576513400638366,2,207.3628430206299,49.18618550109865,158.17665751953123,256.54902852172853,2,0.21958297483821337,0.0004076231681844483,0.21917535167002894,0.21999059800639784,2,17.812444929799792,0.005151487277331057,17.80729344252246,17.817596417077123,2,1.6958123728876653,0.5779776965081903,1.117834676379475,2.2737900693958557,2,0.277424004779011,0.09426893557980653,0.1831550691992045,0.37169294035881756,2,0.54332741629661,0.0098319792284714,0.5334954370681386,0.5531593955250814,2,0.08892188988124619,0.0017122177924361187,0.08720967208881007,0.09063410767368231,2,0.69,0.31,0.38,1.0,2,0.69,0.31,0.38,1.0,2,1.0,0.0,1.0,1.0,2,1.0,0.0,1.0,1.0,2,1.6958123728876653,0.5779776965081903,1.117834676379475,2.2737900693958557,2,0.277424004779011,0.09426893557980653,0.1831550691992045,0.37169294035881756,2,0.54332741629661,0.0098319792284714,0.5334954370681386,0.5531593955250814,2,0.08892188988124619,0.0017122177924361187,0.08720967208881007,0.09063410767368231,2,1.7913754799592387,0.5441627152017257,1.247212764757513,2.3355381951609644,2,0.293070116057392,0.08871669463467641,0.20435342142271562,0.38178681069206843,2,2.813359885284836,0.16099659180643244,2.652363293478403,2.974356477091268,2,0.46039904967024925,0.025814390931278436,0.43458465873897084,0.4862134406015277,2,0.2183860626920384,0.08288043293341471,0.13550562975862368,0.3012664956254531,2,0.03572495274974147,0.013522614543383459,0.02220233820635801,0.049247567293124926,,,,,,,,,,,2,19998.0,0.0,19998.0,19998.0,2,1.4080083966255188,0.02505439519882202,1.3829540014266968,1.4330627918243408,2,639936.0,0.0,639936.0,639936.0,2,46.49463330745697,0.09170904874801522,46.40292425870896,46.58634235620499,2,115.58119583129883,34.84382247924805,80.73737335205078,150.42501831054688,2,425.0264610052109,1.440055012702942,423.58640599250793,426.4665160179138,2,32.0,0.0,32.0,32.0,2,237.7829818725586,44.70874786376953,193.07423400878906,282.4917297363281
simformer,"mu,m",1000,5,40000000,40000000,40000000,5,0.6980000000000002,0.09652996080664974,0.5775,0.8463333333333334,,,,,,,,,,,,,,,,,,,,,,,,,,,,,,,,,,,,,,,,,,,,,,,,,,,,,,,,,,,,,,,,,,,,,,,,,,,,,,,,,,,,,,,,,,,5,0.376,0.2855065673500349,0.02,0.73,5,0.246,0.19071968959706284,0.025000000000000022,0.48,5,0.9710000000000001,0.034698703145794964,0.9099999999999999,1.0,5,0.07099999999999998,0.034698703145794964,0.009999999999999898,0.09999999999999998,5,0.15589473684210525,0.07729204966766148,0.04710526315789476,0.26236842105263153,,,,,,5,1.2031366596221922,0.19134758150207112,0.9608694422245025,1.4651263070106506,5,0.7948130668938307,0.4185044057020891,0.25246394335209266,1.4709269485446703,5,59.909356033325196,1.0379996193465912,58.67960601806641,61.34437431335449,5,10.328149359189016,1.3676251505751686,8.187043909067535,12.422034230634393,5,91.05588188171387,46.32200687903687,30.706193923950195,156.7515411376953,5,-1.094665443597632,0.5971684246591872,-1.91977357310993,-0.26503456203269204,5,-89.21435943481444,48.7814070482357,-156.75094866333006,-21.678414175415035,5,0.4552827255094651,0.011874246889951975,0.44249959222499957,0.4759171815046368,5,37.093372376815864,0.8800459830759788,36.11651444140509,38.67375383011301,5,0.496,0.4347689041318388,0.0,1.0,5,0.496,0.4347689041318388,0.0,1.0,5,0.966,0.05851495535331118,0.85,1.0,5,0.966,0.05851495535331118,0.85,1.0,5,1.117167887225577,0.566999486415642,0.3753507153069922,1.91977357310993,5,91.05461942138672,46.323164700312844,30.701687869262695,156.75094866333006,5,0.4372058315329033,0.040304760676960226,0.3596946054472161,0.4759171815046368,5,35.615192236096746,3.209226440650483,29.421100798359195,38.67375383011301,5,1.2185323086142035,0.5267873684577161,0.5198734160055687,1.971882436051726,5,99.30966613706507,43.047770789345776,42.52287396459515,161.00567642580685,5,1.7662912293489743,0.272097900224022,1.594615275382023,2.3092058244828633,5,143.9414655126953,22.378932175209382,129.26909821166993,188.5483833679199,5,0.24599338355446992,0.11303432919739391,0.07565917784431193,0.38352575787682247,5,20.044164789668272,9.22805862737242,6.188517193392975,31.303110430689465,5,1.4683690029527552,0.5591776746198271,0.8616961257346135,2.475671403434822,5,0.2399815261465311,0.09112591255623055,0.14085832071602347,0.4038910961955785,5,0.46021856158258173,0.01565070397178762,0.4413499679992057,0.4858590069246522,5,0.0752364838559775,0.0025712493133672122,0.07226785883551229,0.07956369453905375,5,0.25600000000000006,0.33302252176091635,0.04,0.92,5,0.25600000000000006,0.33302252176091635,0.04,0.92,5,0.976,0.03498571136907179,0.91,1.0,5,0.976,0.03498571136907179,0.91,1.0,5,1.4683690029527552,0.5591776746198271,0.8616961257346135,2.475671403434822,5,0.2399815261465311,0.09112591255623055,0.14085832071602347,0.4038910961955785,5,0.46021856158258173,0.01565070397178762,0.4413499679992057,0.4858590069246522,5,0.0752364838559775,0.0025712493133672122,0.07226785883551229,0.07956369453905375,5,1.5462241058225252,0.5385390275170332,0.9742365033647543,2.519725659135301,5,0.2527112635279691,0.08774521037050163,0.1592548848930771,0.41107828666839796,5,1.9197122212882647,0.5850799214229274,1.437452247230454,3.022619222986648,5,0.3137556824344397,0.0952622055618058,0.23537238511890174,0.4931223853856326,5,0.30147014217027274,0.06950734123623295,0.16885690693186134,0.3646436287018458,5,0.049287365719679205,0.011379037613751324,0.027602421851897832,0.05971360798306543,,,,,,,,,,,5,100000.0,0.0,100000.0,100000.0,5,1.476979398727417,0.029734222190924267,1.4439536333084106,1.5321955680847168,5,3200000.0,0.0,3200000.0,3200000.0,5,63.81994878816605,35.01079136684431,46.22375571966171,133.84142002344132,5,76.56805877685547,15.083278493419481,62.83228302001953,105.23897552490234,5,2655.139727497101,1325.4016285362877,1960.6135578155518,5305.712486982346,5,32.0,0.0,32.0,32.0,5,170.82159729003905,25.36978278525848,151.459716796875,220.6623992919922
simformer,"mu,m",2000,2,40000000,40000000,40000000,2,0.78775,0.13641666666666674,0.6513333333333332,0.9241666666666667,,,,,,,,,,,,,,,,,,,,,,,,,,,,,,,,,,,,,,,,,,,,,,,,,,,,,,,,,,,,,,,,,,,,,,,,,,,,,,,,,,,,,,,,,,,2,0.2625,0.1775,0.085,0.44,2,0.2375,0.1775,0.06,0.415,2,0.9375,0.012499999999999956,0.925,0.95,2,0.03749999999999998,0.012499999999999956,0.025000000000000022,0.04999999999999993,2,0.1661842105263158,0.06539473684210528,0.1007894736842105,0.23157894736842108,,,,,,2,1.2541022950410843,0.07321982085704803,1.1808824741840362,1.3273221158981323,2,0.24715384990621334,0.0013637817253778217,0.2457900681808355,0.24851763163159116,2,69.23621627807617,1.4984758758544956,67.73774040222168,70.73469215393067,2,8.89812282630978,0.14457540869746932,8.75354741761231,9.042698235007249,2,97.89113998413086,6.191211700439453,91.6999282836914,104.08235168457031,2,-1.2058402073971406,0.07606648572095587,-1.2819066931180965,-1.1297737216761847,2,-97.8898646270752,6.1922120239257765,-104.08207665100097,-91.69765260314942,2,0.48825422066772456,0.01171528224302909,0.47653893842469547,0.49996950291075365,2,39.63577253763211,0.944061998667884,38.69171053896422,40.57983453629999,2,0.445,0.435,0.01,0.88,2,0.445,0.435,0.01,0.88,2,0.995,0.0050000000000000044,0.99,1.0,2,0.995,0.0050000000000000044,0.99,1.0,2,1.2058402073971406,0.07606648572095587,1.1297737216761847,1.2819066931180965,2,97.8898646270752,6.1922120239257765,91.69765260314942,104.08207665100097,2,0.48825422066772456,0.01171528224302909,0.47653893842469547,0.49996950291075365,2,39.63577253763211,0.944061998667884,38.69171053896422,40.57983453629999,2,1.3015374540670304,0.06607876757408104,1.2354586864929493,1.3676162216411114,2,105.65831919008636,5.38278646190107,100.2755327281853,111.04110565198744,2,1.8186383833981528,0.1316390371068482,1.6869993462913047,1.950277420505001,2,147.63318023986815,10.66034528808592,136.97283495178223,158.29352552795407,2,0.2845169021279943,0.0722115565802784,0.21230534554771588,0.3567284587082727,2,23.097799698080586,5.866117231219116,17.23168246686147,28.963916929299703,2,2.430179832378664,1.1278647160207913,1.3023151163578728,3.5580445483994554,2,0.39562051388248803,0.18233360825404527,0.21328690562844277,0.5779541221365333,2,0.5201880913815943,0.015975178404116108,0.5042129129774782,0.5361632697857104,2,0.0848348619606866,0.002257296351129208,0.0825775656095574,0.08709215831181581,2,0.08,0.08,0.0,0.16,2,0.08,0.08,0.0,0.16,2,0.88,0.020000000000000018,0.86,0.9,2,0.88,0.020000000000000018,0.86,0.9,2,2.430179832378664,1.1278647160207913,1.3023151163578728,3.5580445483994554,2,0.39562051388248803,0.18233360825404527,0.21328690562844277,0.5779541221365333,2,0.5201880913815943,0.015975178404116108,0.5042129129774782,0.5361632697857104,2,0.0848348619606866,0.002257296351129208,0.0825775656095574,0.08709215831181581,2,2.4973652717313777,1.1008498497229227,1.396515422008455,3.5982151214543006,2,0.40659692184042096,0.17788234326144836,0.22871457857897257,0.5844792651018693,2,2.6437475199452427,1.1382640182485866,1.505483501696656,3.7820115381938293,2,0.43044762284234167,0.1838867767073214,0.2465608461350203,0.6143343995496631,2,0.426124695243796,0.022076926222624582,0.4040477690211714,0.44820162146642056,2,0.06948851487867751,0.0033155147652117745,0.06617300011346573,0.07280402964388928,,,,,,,,,,,2,60000.0,0.0,60000.0,60000.0,2,1.4993442296981812,0.11515402793884277,1.3841902017593384,1.614498257637024,2,1920000.0,0.0,1920000.0,1920000.0,2,46.37198266386986,0.19403744339943074,46.17794522047043,46.56602010726929,2,79.12684631347656,1.3556747436523438,77.77117156982422,80.4825210571289,2,1223.2166525125504,4.071973204612732,1219.1446793079376,1227.288625717163,2,32.0,0.0,32.0,32.0,2,172.45824432373047,19.65326690673828,152.8049774169922,192.11151123046875
simformer,"mu,m",3000,2,39999000,40000000,39999000,2,0.7701666666666667,0.00716666666666671,0.7629999999999999,0.7773333333333333,,,,,,,,,,,,,,,,,,,,,,,,,,,,,,,,,,,,,,,,,,,,,,,,,,,,,,,,,,,,,,,,,,,,,,,,,,,,,,,,,,,,,,,,,,,2,0.5525,0.12250000000000003,0.43,0.675,2,0.12250000000000003,0.05250000000000002,0.07,0.17500000000000004,2,1.0,0.0,1.0,1.0,2,0.09999999999999998,0.0,0.09999999999999998,0.09999999999999998,2,0.1181578947368421,0.03368421052631581,0.0844736842105263,0.15184210526315792,,,,,,2,2.5886838042736056,0.5226302254199984,2.066053578853607,3.1113140296936037,2,0.6972147727491549,0.16718394883185694,0.5300308239172979,0.8643987215810118,2,89.2239680480957,5.283749999999998,83.9402180480957,94.5077180480957,2,15.091943816305012,0.5065330872012295,14.585410729103783,15.598476903506242,2,89.37414741516113,28.509336471557617,60.864810943603516,117.88348388671875,2,-1.1021393633670602,0.3509770248137677,-1.4531163881808278,-0.7511623385532924,2,-89.36732949981689,28.516016322326664,-117.88334582214355,-60.851313177490226,2,0.49047731175495135,0.029402741740297916,0.4610745700146534,0.5198800534952492,2,39.76322426114598,2.4117878353823947,37.35143642576359,42.17501209652838,2,0.63,0.22999999999999998,0.4,0.86,2,0.63,0.22999999999999998,0.4,0.86,2,1.0,0.0,1.0,1.0,2,1.0,0.0,1.0,1.0,2,1.1021943068617917,0.3509220813190361,0.7512722255427555,1.4531163881808278,2,89.37178045806884,28.511565364074713,60.86021509399413,117.88334582214355,2,0.49038777630437536,0.029492277190873883,0.4608954991135015,0.5198800534952492,2,39.75597101733452,2.419041079193864,37.33692993814065,42.17501209652838,2,1.2123488236346263,0.3309666034968198,0.8813822201378064,1.543315427131446,2,98.30053166272833,26.90016668822099,71.40036497450734,125.20069835094932,2,1.8589378048277887,0.27714084582554954,1.5817969590022392,2.1360786506533382,2,150.71448065948488,22.573841004943844,128.14063965454102,173.2883216644287,2,0.2303690720144423,0.04360670678819638,0.18676236522624592,0.2739757788026387,2,18.67784088819704,3.548308781694205,15.129532106502836,22.226149669891246,2,1.5561433519223788,0.871441743431104,0.6847016084912749,2.427585095353483,2,0.25377332347854975,0.14139111286774278,0.11238221061080694,0.3951644363462925,2,0.5884239186360483,0.05347534817944016,0.5349485704566082,0.6418992668154885,2,0.09621816352259857,0.00913876244268054,0.08707940107991803,0.10535692596527911,2,0.475,0.475,0.0,0.95,2,0.475,0.475,0.0,0.95,2,1.0,0.0,1.0,1.0,2,1.0,0.0,1.0,1.0,2,1.5733208216527503,0.8542642737007327,0.7190565479520177,2.427585095353483,2,0.2565927149526775,0.138571721393615,0.11802099355906251,0.3951644363462925,2,0.5690570442912719,0.03410847383466381,0.5349485704566082,0.6031655181259358,2,0.09303941819055982,0.005960017110641785,0.08707940107991803,0.0989994353012016,2,1.7121821545825562,0.7736455482592859,0.9385366063232703,2.485827702841842,2,0.2793450791657081,0.12530014055808925,0.15404493860761886,0.40464521972379736,2,2.3047184345403773,0.5219964980936177,1.7827219364467595,2.826714932633995,2,0.376369426741451,0.08376571863070129,0.2926037081107497,0.4601351453721523,2,0.34254779548734143,0.0498395660802714,0.29270822940707003,0.39238736156761284,2,0.05595813767613937,0.007915023851420091,0.048043113824719284,0.06387316152755947,,,,,,,,,,,2,39999.0,0.0,39999.0,39999.0,2,1.4061356782913208,0.04287075996398926,1.3632649183273315,1.44900643825531,2,1279968.0,0.0,1279968.0,1279968.0,2,112.87431339740753,66.57140202760696,46.30291136980057,179.4457154250145,2,79.2757453918457,17.426555633544922,61.84918975830078,96.70230102539062,2,2128.773407936096,1305.7924110889435,822.9809968471527,3434.5658190250397,2,32.0,0.0,32.0,32.0,2,181.90607452392578,21.77899932861328,160.1270751953125,203.68507385253906
simformer,"mu,m",1000,5,60000000,60000000,60000000,5,0.6626666666666667,0.07318143358955345,0.556,0.7798333333333334,,,,,,,,,,,,,,,,,,,,,,,,,,,,,,,,,,,,,,,,,,,,,,,,,,,,,,,,,,,,,,,,,,,,,,,,,,,,,,,,,,,,,,,,,,,5,0.475,0.28880789462893847,0.085,0.9550000000000001,5,0.24100000000000002,0.16110245187457578,0.08499999999999996,0.45500000000000007,5,0.97,0.027018512172212586,0.935,1.0,5,0.06999999999999998,0.027018512172212586,0.03500000000000003,0.09999999999999998,5,0.18336842105263157,0.07655830794391591,0.09552631578947367,0.31973684210526315,,,,,,5,1.3730891149044038,0.3496763850559055,1.0086768817901612,1.946733944416046,5,1.179699329976342,0.8839983656272795,0.30249373319852135,2.7008890202288787,5,60.49323574829102,1.375339142324771,58.55826515197754,62.26843727111817,5,11.071463510119523,2.3621940207447647,8.352152410456315,14.906226445765215,5,107.13777770996094,35.642613900301725,57.79508972167969,166.8763885498047,5,-1.3153693558549322,0.4360015018018554,-2.043654290946543,-0.7093017341122022,5,-107.13760773498537,35.64261407367658,-166.87631808471684,-57.79504485473633,5,0.45625582034578793,0.012888547611865307,0.4449372318049048,0.48035894988640526,5,37.15132794214067,0.9816971899777155,36.249691547267176,38.944074606295636,5,0.48600000000000004,0.35188634528779317,0.0,0.91,5,0.48600000000000004,0.35188634528779317,0.0,0.91,5,0.978,0.027129319932501096,0.94,1.0,5,0.978,0.027129319932501096,0.94,1.0,5,1.3153693558549322,0.4360015018018554,0.7093017341122022,2.043654290946543,5,107.13760773498537,35.64261407367658,57.79504485473633,166.87631808471684,5,0.45625582034578793,0.012888547611865307,0.4449372318049048,0.48035894988640526,5,37.15132794214067,0.9816971899777155,36.249691547267176,38.944074606295636,5,1.3998246761319006,0.41124228411833136,0.8412340624866093,2.0942654922700488,5,114.01358756418009,33.62959525719831,68.54510258751218,171.00901845624054,5,1.8604739910309944,0.27942135765801557,1.5712553613458033,2.2939646755657783,5,151.49068156799316,22.73247439267362,128.33650650024413,187.31562489013672,5,0.27679424486603244,0.07048617064222339,0.1735712981077085,0.36973219523597733,5,22.547442597535735,5.779557103775021,14.142867930306346,30.190794651488414,5,0.9157054626592241,0.43316912247597,0.15731365724962745,1.3800605771221286,5,0.14979855953484772,0.07075041450321118,0.02570040829628707,0.22527411717921492,5,0.4568940511141702,0.006256585275864159,0.4461367745806477,0.4647435638314568,5,0.07474967406435076,0.0010083100379794973,0.07305540581335433,0.07597020343455972,5,0.46399999999999997,0.4044057368534724,0.0,1.0,5,0.46399999999999997,0.4044057368534724,0.0,1.0,5,0.962,0.05153639490690051,0.87,1.0,5,0.962,0.05153639490690051,0.87,1.0,5,0.9590720324808555,0.3596949037949841,0.37414650635778457,1.3800605771221286,5,0.15688337951153514,0.0587194493064658,0.06112450817972422,0.22527411717921492,5,0.4270161821272337,0.05831719053432563,0.311002250940643,0.4647435638314568,5,0.06986851074399933,0.00958033222553106,0.050808597599642694,0.07597020343455972,5,1.0571139364310322,0.34271478990067655,0.4865264723628946,1.453090989877589,5,0.17292800709714412,0.05594340367157641,0.07948408073479613,0.23719523297976625,5,1.5562591628887497,0.06480168945363861,1.4483630639103122,1.632941762158955,5,0.2545986208382249,0.010306182522250063,0.2371711039558053,0.26693197820633646,5,0.25293664824200457,0.10996795332826355,0.06752538395659331,0.3759368440560222,5,0.04137777592078253,0.01796233161520411,0.011031656838612852,0.06136603168531306,,,,,,,,,,,5,100000.0,0.0,100000.0,100000.0,5,1.4618052005767823,0.007432130663907519,1.45289945602417,1.4703649282455444,5,3200000.0,0.0,3200000.0,3200000.0,5,64.55158742666245,34.878110211561236,46.17928565979004,134.2713597846031,5,81.22186050415038,15.732374136871925,63.612857818603516,107.84703826904297,5,2700.125369358063,1332.9628797702685,2005.6236584186554,5365.012246847153,5,32.0,0.0,32.0,32.0,5,181.3084930419922,23.88121074823875,155.94480895996094,218.31983947753906
simformer,"mu,m",2000,2,60000000,60000000,60000000,2,0.7955833333333333,0.07791666666666658,0.7176666666666668,0.8734999999999999,,,,,,,,,,,,,,,,,,,,,,,,,,,,,,,,,,,,,,,,,,,,,,,,,,,,,,,,,,,,,,,,,,,,,,,,,,,,,,,,,,,,,,,,,,,2,0.1125,0.012499999999999997,0.1,0.125,2,0.3875,0.012500000000000011,0.375,0.4,2,0.825,0.16999999999999998,0.655,0.995,2,0.16999999999999998,0.07500000000000001,0.09499999999999997,0.245,2,0.24815789473684208,0.018947368421052616,0.22921052631578945,0.2671052631578947,,,,,,2,1.2218389064073563,0.13256122529506675,1.0892776811122895,1.354400131702423,2,0.33550150229790104,0.18173784284107694,0.1537636594568241,0.517239345138978,2,68.51666511535645,1.4684156036376947,67.04824951171875,69.98508071899414,2,8.82103837754937,1.4626735486701516,7.358364828879218,10.283711926219521,2,108.86924743652344,28.785781860351562,80.08346557617188,137.655029296875,2,-1.3376613884820916,0.35172017541495476,-1.6893815638970464,-0.9859412130671369,2,-108.86775746917723,28.787144093322745,-137.6549015625,-80.0806133758545,2,0.4625197016566923,0.004100430997560356,0.45841927065913196,0.4666201326542527,2,37.62658382047996,0.27347145450605836,37.3531123659739,37.900055274986016,2,0.125,0.125,0.0,0.25,2,0.125,0.125,0.0,0.25,2,0.995,0.0050000000000000044,0.99,1.0,2,0.995,0.0050000000000000044,0.99,1.0,2,1.3376613884820916,0.35172017541495476,0.9859412130671369,1.6893815638970464,2,108.86775746917723,28.787144093322745,80.0806133758545,137.6549015625,2,0.4625197016566923,0.004100430997560356,0.45841927065913196,0.4666201326542527,2,37.62658382047996,0.27347145450605836,37.3531123659739,37.900055274986016,2,1.4206299421117399,0.32984379266604313,1.0907861494456967,1.750473734777783,2,115.61461058006445,27.018229003274982,88.59638157678947,142.63283958333943,2,1.6998970970555523,0.2769559508707873,1.422941146184765,1.9768530479263395,2,138.32680864105222,22.751966316223154,115.57484232482908,161.07877495727539,2,0.33595279667087197,0.035987713139237376,0.2999650835316346,0.37194050981010934,2,27.33526423788078,2.9713492525307945,24.363914985349982,30.30661349041157,2,2.4289592857409534,1.24038645638904,1.188572829351913,3.6693457421299933,2,0.3943035708814859,0.20085979225784537,0.1934437786236405,0.5951633631393313,2,0.520553541652959,0.005644246067532722,0.5149092955854263,0.5261977877204917,2,0.08457895674799218,0.001061303975388013,0.08351765277260416,0.08564026072338018,2,0.1,0.1,0.0,0.2,2,0.1,0.1,0.0,0.2,2,0.655,0.345,0.31,1.0,2,0.655,0.345,0.31,1.0,2,2.4289592857409534,1.24038645638904,1.188572829351913,3.6693457421299933,2,0.3943035708814859,0.20085979225784537,0.1934437786236405,0.5951633631393313,2,0.520553541652959,0.005644246067532722,0.5149092955854263,0.5261977877204917,2,0.08457895674799218,0.001061303975388013,0.08351765277260416,0.08564026072338018,2,2.502569812647977,1.2027277135930377,1.2998420990549395,3.705297526241015,2,0.4062739411512857,0.19472075695175495,0.21155318419953073,0.6009946981030406,2,2.758599302998584,1.0092553005837503,1.7493440024148332,3.767854603582334,2,0.44792616971731186,0.163215209467709,0.28471096024960285,0.6111413791850209,2,0.4039137306220602,0.06783689433059858,0.3360768362914616,0.4717506249526588,2,0.06560743910535248,0.010909930524981137,0.05469750858037135,0.07651736963033362,,,,,,,,,,,2,90000.0,0.0,90000.0,90000.0,2,1.4863848686218262,0.10878205299377441,1.3776028156280518,1.5951669216156006,2,2880000.0,0.0,2880000.0,2880000.0,2,46.36886668562889,0.10354675412178338,46.26531993150711,46.472413439750675,2,77.28733253479004,18.42237663269043,58.86495590209961,95.70970916748047,2,1820.4928741455078,3.7265093326568604,1816.766364812851,1824.2193834781647,2,32.0,0.0,32.0,32.0,2,158.5646209716797,23.635208129882812,134.92941284179688,182.1998291015625
simformer,"mu,m",3000,2,60000000,60000000,60000000,2,0.7720833333333333,0.02991666666666659,0.7421666666666668,0.8019999999999999,,,,,,,,,,,,,,,,,,,,,,,,,,,,,,,,,,,,,,,,,,,,,,,,,,,,,,,,,,,,,,,,,,,,,,,,,,,,,,,,,,,,,,,,,,,2,0.2425,0.2375,0.005,0.48,2,0.2575,0.2375,0.020000000000000018,0.495,2,0.8625,0.08749999999999997,0.775,0.95,2,0.08749999999999997,0.03750000000000003,0.04999999999999993,0.125,2,0.18013157894736842,0.07039473684210525,0.10973684210526316,0.25052631578947365,,,,,,2,3.046918003559113,0.42222585916519173,2.624692144393921,3.4691438627243043,2,0.6521449063713156,0.1264042409785523,0.5257406653927633,0.7785491473498679,2,90.70449264526368,4.477480316162108,86.22701232910157,95.18197296142579,2,13.7002679223777,0.5987931893020271,13.101474733075673,14.299061111679727,2,178.86312103271484,15.352073669433594,163.51104736328125,194.21519470214844,2,-2.206570525057878,0.18885979481143433,-2.3954303198693125,-2.017710730246444,2,-178.86290139770512,15.35227077941893,-194.21517217712403,-163.51063061828617,2,0.4823533288171954,0.0027145472900343415,0.47963878152716105,0.48506787610722973,2,39.09831508243984,0.2104684848907965,38.88784659754904,39.308783567330636,2,0.0,0.0,0.0,0.0,2,0.0,0.0,0.0,0.0,2,0.7250000000000001,0.175,0.55,0.9,2,0.7250000000000001,0.175,0.55,0.9,2,2.206570525057878,0.18885979481143433,2.017710730246444,2.3954303198693125,2,178.86290139770512,15.35227077941893,163.51063061828617,194.21517217712403,2,0.4823533288171954,0.0027145472900343415,0.47963878152716105,0.48506787610722973,2,39.09831508243984,0.2104684848907965,38.88784659754904,39.308783567330636,2,2.259087906791017,0.18388973905309802,2.075198167737919,2.442977645844115,2,183.1197319896334,14.950451826064707,168.1692801635687,198.0701838156981,2,2.3817265517118233,0.15551908011687465,2.2262074715949485,2.537245631828698,2,193.05995513305663,12.653228305053702,180.40672682800295,205.71318343811035,2,0.4103078332169516,0.017349274828108385,0.3929585583888432,0.42765710804505996,2,33.25888314245966,1.4144265433043817,31.844456599155276,34.67330968576404,2,1.3729183394517501,1.0673107066875562,0.3056076327641939,2.4402290461393066,2,0.22264393134489655,0.17273444554284215,0.049909485802054405,0.3953783768877387,2,0.5244180886967287,0.000581733408682894,0.5238363552880458,0.5249998221054116,2,0.08530603327276812,0.0002428810859070249,0.0850631521868611,0.08554891435867515,2,0.485,0.475,0.01,0.96,2,0.485,0.475,0.01,0.96,2,1.0,0.0,1.0,1.0,2,1.0,0.0,1.0,1.0,2,1.437930673478658,1.0022983726606487,0.43563230081800947,2.4402290461393066,2,0.23326124275699256,0.1621171341307461,0.07114410862624646,0.3953783768877387,2,0.47346498565582906,0.05153483644958254,0.42193014920624655,0.5249998221054116,2,0.07698476654348267,0.008078385643378427,0.06890638090010424,0.0850631521868611,2,1.5512655246792049,0.9447999013128032,0.6064656233664016,2.496065425992008,2,0.2517342816582057,0.15269099051249813,0.0990432911457076,0.40442527217070384,2,2.1301742333631717,0.7907080644211043,1.3394661689420675,2.920882297784276,2,0.346003776306659,0.12725249704793098,0.21875127925872803,0.47325627335459,2,0.25893283284915897,0.10205687755496871,0.15687595529419027,0.3609897104041277,2,0.042054584003771836,0.01643481220520533,0.025619771798566508,0.05848939620897716,,,,,,,,,,,2,60000.0,0.0,60000.0,60000.0,2,1.4168380498886108,0.007431626319885254,1.4094064235687256,1.424269676208496,2,1920000.0,0.0,1920000.0,1920000.0,2,46.428632341623306,0.14144838690757666,46.28718395471573,46.57008072853088,2,117.17786026000977,11.906978607177734,105.27088165283203,129.0848388671875,2,1218.773400902748,9.630692839622498,1209.1427080631256,1228.4040937423706,2,32.0,0.0,32.0,32.0,2,219.84029388427734,10.140922546386719,209.69937133789062,229.98121643066406
